# Blender 5.0.1
# www.blender.org
o carpet_hair2
v -0.307550 0.010697 4.532608
v -0.943392 0.025655 3.896766
v -0.839719 0.025655 3.770440
v -0.092048 0.010697 4.270017
v -3.232415 0.010697 2.969236
v -2.350477 0.025655 3.144664
v -2.366495 0.025655 3.307298
v -3.265711 0.010697 3.307298
v -0.762683 0.025655 3.626315
v 0.068085 0.010697 3.970430
v -2.350477 0.025655 3.469932
v -3.232415 0.010697 3.645360
v -0.715244 0.025655 3.469931
v 0.166694 0.010697 3.645359
v -2.303039 0.025655 3.626316
v -3.133806 0.010697 3.970431
v -0.699226 0.025655 3.307297
v 0.199990 0.010697 3.307297
v -2.226003 0.025655 3.770440
v -2.973673 0.010697 4.270018
v -0.715245 0.025655 3.144663
v 0.166693 0.010697 2.969234
v -2.122329 0.025655 3.896766
v -2.758171 0.010697 4.532609
v -0.762684 0.025655 2.988279
v 0.068083 0.010697 2.644163
v -1.996003 0.025655 4.000440
v -2.495581 0.010697 4.748111
v -0.839720 0.025655 2.844155
v -0.092049 0.010697 2.344576
v -1.851879 0.025655 4.077476
v -2.195994 0.010697 4.908243
v -1.532861 0.010697 1.574448
v -1.532861 0.025655 2.473664
v -1.695495 0.025655 2.489681
v -1.870923 0.010697 1.607744
v -0.943393 0.025655 2.717829
v -0.307552 0.010697 2.081986
v -1.695495 0.025655 4.124914
v -1.870923 0.010697 5.006852
v -1.851879 0.025655 2.537120
v -2.195994 0.010697 1.706353
v -1.069719 0.025655 2.614156
v -0.570143 0.010697 1.866485
v -1.532861 0.025655 4.140932
v -1.532860 0.010697 5.040148
v -1.996003 0.025655 2.614156
v -2.495581 0.010697 1.866486
v -1.213844 0.025655 2.537120
v -0.869730 0.010697 1.706352
v -1.370227 0.025655 4.124914
v -1.194798 0.010697 5.006852
v -2.122329 0.025655 2.717829
v -2.758171 0.010697 2.081988
v -1.370228 0.025655 2.489681
v -1.194801 0.010697 1.607744
v -1.213842 0.025655 4.077476
v -0.869727 0.010697 4.908243
v -2.226003 0.025655 2.844155
v -2.973673 0.010697 2.344578
v -1.069718 0.025655 4.000439
v -0.570140 0.010697 4.748110
v -2.303039 0.025655 2.988280
v -3.133806 0.010697 2.644165
v -0.725630 0.025621 4.114527
v -0.500981 0.019848 4.339177
v -0.319499 0.019848 4.118040
v -0.583659 0.025621 3.941534
v -2.652521 0.025621 3.084584
v -2.964118 0.019848 3.022603
v -2.992158 0.019848 3.307298
v -2.674456 0.025621 3.307298
v -0.184645 0.019848 3.865746
v -0.478164 0.025621 3.744167
v -2.964118 0.019848 3.591993
v -2.652521 0.025621 3.530012
v -0.101603 0.019848 3.591992
v -0.413201 0.025621 3.530011
v -2.881076 0.019848 3.865747
v -2.587558 0.025621 3.744167
v -0.073563 0.019848 3.307297
v -0.391266 0.025621 3.307297
v -2.746222 0.019848 4.118040
v -2.482063 0.025621 3.941534
v -0.101604 0.019848 3.022602
v -0.413201 0.025621 3.084583
v -2.564740 0.019848 4.339177
v -2.340091 0.025621 4.114528
v -0.184646 0.019848 2.748847
v -0.478165 0.025621 2.870427
v -2.343603 0.019848 4.520660
v -2.167097 0.025621 4.256500
v -0.319500 0.019848 2.496554
v -0.583660 0.025621 2.673060
v -2.091310 0.019848 4.655513
v -1.969730 0.025621 4.361995
v -1.532861 0.025621 2.165703
v -1.532861 0.019848 1.848000
v -1.817556 0.019848 1.876040
v -1.755575 0.025621 2.187638
v -0.500983 0.019848 2.275417
v -0.725632 0.025621 2.500067
v -1.817555 0.019848 4.738556
v -1.755575 0.025621 4.426958
v -2.091310 0.019848 1.959083
v -1.969730 0.025621 2.252602
v -0.722120 0.019848 2.093935
v -0.898626 0.025621 2.358095
v -1.532860 0.019848 4.766596
v -1.532861 0.025621 4.448893
v -2.343603 0.019848 2.093936
v -2.167097 0.025621 2.358096
v -0.974414 0.019848 1.959082
v -1.095993 0.025621 2.252601
v -1.248165 0.019848 4.738555
v -1.310146 0.025621 4.426958
v -2.564740 0.019848 2.275419
v -2.340091 0.025621 2.500068
v -1.248168 0.019848 1.876040
v -1.310148 0.025621 2.187638
v -0.974411 0.019848 4.655513
v -1.095991 0.025621 4.361994
v -2.746222 0.019848 2.496556
v -2.482063 0.025621 2.673062
v -0.722118 0.019848 4.520659
v -0.898624 0.025621 4.256499
v -2.881076 0.019848 2.748849
v -2.587557 0.025621 2.870428
v -3.164412 0.010697 2.723519
v -3.191089 0.010697 2.804280
v -3.213776 0.010697 2.886251
v -2.317763 0.025655 3.026455
v -2.330596 0.025655 3.065307
v -2.341511 0.025655 3.104742
v -0.500605 0.010697 4.699133
v -0.433556 0.010697 4.646804
v -0.369151 0.010697 4.591251
v -1.036266 0.025655 3.976878
v -1.004010 0.025655 3.951703
v -0.973027 0.025655 3.924978
v -3.019173 0.010697 2.416437
v -3.061092 0.010697 2.490441
v -3.099336 0.010697 2.566411
v -2.247891 0.025655 2.878725
v -2.268058 0.025655 2.914327
v -2.286456 0.025655 2.950874
v -0.791973 0.010697 4.873773
v -0.716003 0.010697 4.835529
v -0.641999 0.010697 4.793610
v -1.176437 0.025655 4.060893
v -1.139889 0.025655 4.042495
v -1.104288 0.025655 4.022328
v -1.278601 0.010697 1.593207
v -1.363014 0.010697 1.582799
v -1.447835 0.010697 1.576539
v -1.410542 0.025655 2.482688
v -1.451151 0.025655 2.477681
v -1.491957 0.025655 2.474669
v -2.816815 0.010697 2.143589
v -2.872367 0.010697 2.207994
v -2.924696 0.010697 2.275043
v -2.150542 0.025655 2.747464
v -2.177267 0.025655 2.778448
v -2.202441 0.025655 2.810704
v -1.111813 0.010697 4.988214
v -1.029842 0.010697 4.965526
v -0.949081 0.010697 4.938849
v -1.330305 0.025655 4.115947
v -1.290870 0.025655 4.105033
v -1.252018 0.025655 4.092199
v -0.949085 0.010697 1.675746
v -1.029845 0.010697 1.649070
v -1.111816 0.010697 1.626382
v -1.252020 0.025655 2.522396
v -1.290872 0.025655 2.509562
v -1.330306 0.025655 2.498648
v -2.565116 0.010697 1.915463
v -2.632165 0.010697 1.967792
v -2.696569 0.010697 2.023344
v -2.029455 0.025655 2.637718
v -2.061711 0.025655 2.662892
v -2.092694 0.025655 2.689617
v -1.447834 0.010697 5.038057
v -1.363012 0.010697 5.031797
v -1.278598 0.010697 5.021389
v -1.491956 0.025655 4.139926
v -1.451150 0.025655 4.136915
v -1.410541 0.025655 4.131907
v -0.642001 0.010697 1.820985
v -0.716006 0.010697 1.779065
v -0.791976 0.010697 1.740822
v -1.104289 0.025655 2.592267
v -1.139891 0.025655 2.572100
v -1.176438 0.025655 2.553702
v -2.273748 0.010697 1.740823
v -2.349718 0.010697 1.779067
v -2.423722 0.010697 1.820987
v -1.889285 0.025655 2.553703
v -1.925832 0.025655 2.572101
v -1.961434 0.025655 2.592268
v -1.787122 0.010697 5.021389
v -1.702709 0.010697 5.031797
v -1.617887 0.010697 5.038057
v -1.655180 0.025655 4.131907
v -1.614571 0.025655 4.136915
v -1.573765 0.025655 4.139926
v -0.369154 0.010697 2.023343
v -0.433558 0.010697 1.967791
v -0.500608 0.010697 1.915461
v -0.973028 0.025655 2.689616
v -1.004012 0.025655 2.662892
v -1.036268 0.025655 2.637717
v -1.953908 0.010697 1.626383
v -2.035879 0.010697 1.649070
v -2.116640 0.010697 1.675747
v -1.735417 0.025655 2.498648
v -1.774851 0.025655 2.509562
v -1.813703 0.025655 2.522396
v -2.116639 0.010697 4.938849
v -2.035878 0.010697 4.965526
v -1.953907 0.010697 4.988214
v -1.813703 0.025655 4.092200
v -1.774851 0.025655 4.105033
v -1.735417 0.025655 4.115948
v -0.141026 0.010697 2.275041
v -0.193356 0.010697 2.207992
v -0.248908 0.010697 2.143588
v -0.863281 0.025655 2.810703
v -0.888456 0.025655 2.778447
v -0.915181 0.025655 2.747464
v -1.617887 0.010697 1.576539
v -1.702709 0.010697 1.582799
v -1.787123 0.010697 1.593207
v -1.573765 0.025655 2.474669
v -1.614571 0.025655 2.477681
v -1.655180 0.025655 2.482688
v -2.423722 0.010697 4.793610
v -2.349717 0.010697 4.835530
v -2.273747 0.010697 4.873773
v -1.961434 0.025655 4.022328
v -1.925832 0.025655 4.042495
v -1.889284 0.025655 4.060893
v 0.033613 0.010697 2.566409
v -0.004630 0.010697 2.490439
v -0.046550 0.010697 2.416435
v -0.779266 0.025655 2.950873
v -0.797664 0.025655 2.914326
v -0.817831 0.025655 2.878724
v -2.696569 0.010697 4.591252
v -2.632165 0.010697 4.646804
v -2.565116 0.010697 4.699134
v -2.092694 0.025655 3.924979
v -2.061711 0.025655 3.951704
v -2.029455 0.025655 3.976878
v 0.148054 0.010697 2.886250
v 0.125367 0.010697 2.804278
v 0.098690 0.010697 2.723517
v -0.724211 0.025655 3.104741
v -0.735126 0.025655 3.065307
v -0.747959 0.025655 3.026454
v -2.924696 0.010697 4.339553
v -2.872367 0.010697 4.406602
v -2.816815 0.010697 4.471007
v -2.202441 0.025655 3.803892
v -2.177266 0.025655 3.836148
v -2.150542 0.025655 3.867131
v 0.197898 0.010697 3.222270
v 0.191638 0.010697 3.137448
v 0.181230 0.010697 3.053035
v -0.700233 0.025655 3.266393
v -0.703244 0.025655 3.225587
v -0.708251 0.025655 3.184978
v -3.099336 0.010697 4.048185
v -3.061092 0.010697 4.124155
v -3.019173 0.010697 4.198159
v -2.286456 0.025655 3.663721
v -2.268058 0.025655 3.700269
v -2.247891 0.025655 3.735871
v 0.181230 0.010697 3.561558
v 0.191639 0.010697 3.477145
v 0.197898 0.010697 3.392323
v -0.708251 0.025655 3.429616
v -0.703244 0.025655 3.389007
v -0.700232 0.025655 3.348201
v -3.213776 0.010697 3.728345
v -3.191089 0.010697 3.810316
v -3.164412 0.010697 3.891077
v -2.341511 0.025655 3.509854
v -2.330596 0.025655 3.549288
v -2.317763 0.025655 3.588140
v 0.098691 0.010697 3.891076
v 0.125368 0.010697 3.810315
v 0.148055 0.010697 3.728343
v -0.747959 0.025655 3.588140
v -0.735125 0.025655 3.549288
v -0.724211 0.025655 3.509853
v -3.263620 0.010697 3.392324
v -3.257360 0.010697 3.477146
v -3.246952 0.010697 3.561560
v -2.365489 0.025655 3.348202
v -2.362478 0.025655 3.389008
v -2.357471 0.025655 3.429617
v -0.046548 0.010697 4.198158
v -0.004629 0.010697 4.124154
v 0.033615 0.010697 4.048184
v -0.817830 0.025655 3.735870
v -0.797663 0.025655 3.700268
v -0.779266 0.025655 3.663721
v -3.246952 0.010697 3.053036
v -3.257360 0.010697 3.137450
v -3.263620 0.010697 3.222272
v -2.357471 0.025655 3.184978
v -2.362478 0.025655 3.225588
v -2.365489 0.025655 3.266394
v -0.248906 0.010697 4.471006
v -0.193354 0.010697 4.406601
v -0.141025 0.010697 4.339552
v -0.915180 0.025655 3.867131
v -0.888455 0.025655 3.836147
v -0.863281 0.025655 3.803892
v -2.607720 0.025621 2.922707
v -2.625295 0.025621 2.975912
v -2.640242 0.025621 3.029914
v -2.948422 0.019848 2.952719
v -2.929316 0.019848 2.883688
v -2.906851 0.019848 2.815676
v -0.852814 0.025621 4.224234
v -0.808643 0.025621 4.189759
v -0.766213 0.025621 4.153162
v -0.552858 0.019848 4.388563
v -0.607095 0.019848 4.435346
v -0.663560 0.019848 4.479414
v -2.512037 0.025621 2.720402
v -2.539654 0.025621 2.769156
v -2.564848 0.025621 2.819204
v -2.852047 0.019848 2.683370
v -2.819841 0.019848 2.619393
v -2.784539 0.019848 2.557070
v -1.044767 0.025621 4.339285
v -0.994718 0.025621 4.314091
v -0.945964 0.025621 4.286474
v -0.782633 0.019848 4.558976
v -0.844955 0.019848 4.594278
v -0.908932 0.019848 4.626484
v -1.365355 0.025621 2.178061
v -1.420966 0.025621 2.171204
v -1.476846 0.025621 2.167080
v -1.461258 0.019848 1.849761
v -1.389826 0.019848 1.855033
v -1.318739 0.019848 1.863798
v -2.378725 0.025621 2.540651
v -2.415322 0.025621 2.583081
v -2.449797 0.025621 2.627252
v -2.704977 0.019848 2.437998
v -2.660909 0.019848 2.381533
v -2.614126 0.019848 2.327296
v -1.255476 0.025621 4.414679
v -1.201474 0.025621 4.399732
v -1.148269 0.025621 4.382157
v -1.041238 0.019848 4.681288
v -1.109250 0.019848 4.703753
v -1.178281 0.019848 4.722859
v -1.148271 0.025621 2.232438
v -1.201476 0.025621 2.214863
v -1.255478 0.025621 2.199917
v -1.178284 0.019848 1.891736
v -1.109253 0.019848 1.910842
v -1.041241 0.019848 1.933307
v -2.212907 0.025621 2.390362
v -2.257078 0.025621 2.424836
v -2.299508 0.025621 2.461434
v -2.512863 0.019848 2.226032
v -2.458626 0.019848 2.179250
v -2.402161 0.019848 2.135181
v -1.476845 0.025621 4.447515
v -1.420965 0.025621 4.443392
v -1.365354 0.025621 4.436534
v -1.318737 0.019848 4.750797
v -1.389825 0.019848 4.759563
v -1.461257 0.019848 4.764834
v -0.945966 0.025621 2.328121
v -0.994720 0.025621 2.300504
v -1.044769 0.025621 2.275310
v -0.908934 0.019848 1.988111
v -0.844957 0.019848 2.020317
v -0.782635 0.019848 2.055619
v -2.020954 0.025621 2.275310
v -2.071003 0.025621 2.300505
v -2.119757 0.025621 2.328121
v -2.283088 0.019848 2.055620
v -2.220766 0.019848 2.020317
v -2.156789 0.019848 1.988111
v -1.700367 0.025621 4.436535
v -1.644756 0.025621 4.443392
v -1.588876 0.025621 4.447515
v -1.604464 0.019848 4.764834
v -1.675896 0.019848 4.759563
v -1.746984 0.019848 4.750798
v -0.766215 0.025621 2.461433
v -0.808645 0.025621 2.424835
v -0.852816 0.025621 2.390361
v -0.663562 0.019848 2.135180
v -0.607097 0.019848 2.179249
v -0.552860 0.019848 2.226031
v -1.810245 0.025621 2.199917
v -1.864247 0.025621 2.214864
v -1.917452 0.025621 2.232438
v -2.024483 0.019848 1.933308
v -1.956471 0.019848 1.910843
v -1.887440 0.019848 1.891737
v -1.917452 0.025621 4.382158
v -1.864247 0.025621 4.399733
v -1.810245 0.025621 4.414679
v -1.887440 0.019848 4.722859
v -1.956470 0.019848 4.703753
v -2.024482 0.019848 4.681288
v -0.615926 0.025621 2.627251
v -0.650400 0.025621 2.583079
v -0.686998 0.025621 2.540650
v -0.451596 0.019848 2.327294
v -0.404814 0.019848 2.381532
v -0.360745 0.019848 2.437996
v -1.588876 0.025621 2.167080
v -1.644756 0.025621 2.171204
v -1.700368 0.025621 2.178061
v -1.746984 0.019848 1.863798
v -1.675897 0.019848 1.855033
v -1.604465 0.019848 1.849762
v -2.119757 0.025621 4.286475
v -2.071003 0.025621 4.314091
v -2.020954 0.025621 4.339286
v -2.156789 0.019848 4.626485
v -2.220766 0.019848 4.594279
v -2.283088 0.019848 4.558977
v -0.500874 0.025621 2.819203
v -0.526068 0.025621 2.769155
v -0.553685 0.025621 2.720401
v -0.281183 0.019848 2.557069
v -0.245881 0.019848 2.619391
v -0.213675 0.019848 2.683368
v -2.299508 0.025621 4.153162
v -2.257078 0.025621 4.189760
v -2.212907 0.025621 4.224234
v -2.402161 0.019848 4.479414
v -2.458626 0.019848 4.435346
v -2.512863 0.019848 4.388564
v -0.425481 0.025621 3.029912
v -0.440427 0.025621 2.975910
v -0.458002 0.025621 2.922705
v -0.158871 0.019848 2.815675
v -0.136406 0.019848 2.883687
v -0.117300 0.019848 2.952717
v -2.449797 0.025621 3.987344
v -2.415323 0.025621 4.031516
v -2.378725 0.025621 4.073945
v -2.614126 0.019848 4.287301
v -2.660909 0.019848 4.233063
v -2.704977 0.019848 4.176599
v -0.392643 0.025621 3.251282
v -0.396767 0.025621 3.195401
v -0.403624 0.025621 3.139790
v -0.089361 0.019848 3.093173
v -0.080596 0.019848 3.164261
v -0.075324 0.019848 3.235693
v -2.564849 0.025621 3.795391
v -2.539654 0.025621 3.845440
v -2.512038 0.025621 3.894194
v -2.784539 0.019848 4.057526
v -2.819841 0.019848 3.995203
v -2.852047 0.019848 3.931226
v -0.403624 0.025621 3.474804
v -0.396767 0.025621 3.419192
v -0.392643 0.025621 3.363312
v -0.075324 0.019848 3.378901
v -0.080595 0.019848 3.450332
v -0.089361 0.019848 3.521420
v -2.640242 0.025621 3.584682
v -2.625295 0.025621 3.638684
v -2.607721 0.025621 3.691889
v -2.906851 0.019848 3.798920
v -2.929316 0.019848 3.730908
v -2.948422 0.019848 3.661877
v -0.458001 0.025621 3.691888
v -0.440426 0.025621 3.638683
v -0.425480 0.025621 3.584681
v -0.117299 0.019848 3.661876
v -0.136405 0.019848 3.730907
v -0.158871 0.019848 3.798919
v -2.673079 0.025621 3.363313
v -2.668955 0.025621 3.419193
v -2.662097 0.025621 3.474804
v -2.976360 0.019848 3.521421
v -2.985126 0.019848 3.450334
v -2.990397 0.019848 3.378902
v -0.553684 0.025621 3.894193
v -0.526067 0.025621 3.845439
v -0.500873 0.025621 3.795391
v -0.213674 0.019848 3.931225
v -0.245880 0.019848 3.995203
v -0.281182 0.019848 4.057525
v -2.662097 0.025621 3.139791
v -2.668955 0.025621 3.195402
v -2.673079 0.025621 3.251283
v -2.990397 0.019848 3.235694
v -2.985126 0.019848 3.164262
v -2.976360 0.019848 3.093175
v -0.686996 0.025621 4.073945
v -0.650399 0.025621 4.031515
v -0.615924 0.025621 3.987343
v -0.360744 0.019848 4.176598
v -0.404812 0.019848 4.233062
v -0.451595 0.019848 4.287300
v -0.262636 0.017560 4.156034
v -0.205773 0.015272 4.194028
v -0.148910 0.012985 4.232023
v -0.355908 0.012985 4.484250
v -0.404265 0.015272 4.435892
v -0.452623 0.017560 4.387534
v -0.608134 0.012985 4.691247
v -0.646129 0.015272 4.634385
v -0.684123 0.017560 4.577522
v -0.775704 0.025646 3.813213
v -0.711689 0.025638 3.855987
v -0.647674 0.025629 3.898760
v -0.780071 0.025629 4.060087
v -0.834511 0.025638 4.005647
v -0.888952 0.025646 3.951206
v -0.941397 0.025629 4.192484
v -0.984171 0.025638 4.128469
v -1.026944 0.025646 4.064454
v -0.691553 0.025646 3.655778
v -0.620423 0.025638 3.685241
v -0.549294 0.025629 3.714704
v -0.121463 0.017560 3.891917
v -0.058280 0.015272 3.918088
v 0.004902 0.012985 3.944259
v -3.060546 0.017560 3.307298
v -3.128935 0.015272 3.307298
v -3.197323 0.012985 3.307298
v -3.165340 0.012985 2.982578
v -3.098267 0.015272 2.995919
v -3.031193 0.017560 3.009261
v -3.070623 0.012985 2.670336
v -3.007441 0.015272 2.696507
v -2.944259 0.017560 2.722678
v -2.443485 0.025646 3.307298
v -2.520476 0.025638 3.307298
v -2.597466 0.025629 3.307298
v -2.577010 0.025629 3.099604
v -2.501499 0.025638 3.114624
v -2.425988 0.025646 3.129644
v -2.516428 0.025629 2.899891
v -2.445298 0.025638 2.929354
v -2.374168 0.025646 2.958817
v -2.425988 0.025646 3.484952
v -2.501499 0.025638 3.499972
v -2.577010 0.025629 3.514992
v -3.031193 0.017560 3.605335
v -3.098267 0.015272 3.618676
v -3.165341 0.012985 3.632018
v -0.639733 0.025646 3.484951
v -0.564223 0.025638 3.499971
v -0.488712 0.025629 3.514991
v -0.034529 0.017560 3.605333
v 0.032545 0.015272 3.618675
v 0.099619 0.012985 3.632017
v -2.374168 0.025646 3.655779
v -2.445298 0.025638 3.685242
v -2.516428 0.025629 3.714705
v -2.944259 0.017560 3.891918
v -3.007441 0.015272 3.918089
v -3.070623 0.012985 3.944260
v -0.622236 0.025646 3.307297
v -0.545246 0.025638 3.307297
v -0.468256 0.025629 3.307297
v -0.005175 0.017560 3.307297
v 0.063213 0.015272 3.307297
v 0.131601 0.012985 3.307297
v -2.290018 0.025646 3.813214
v -2.354033 0.025638 3.855987
v -2.418047 0.025629 3.898761
v -2.803085 0.017560 4.156035
v -2.859948 0.015272 4.194029
v -2.916811 0.012985 4.232024
v -0.639734 0.025646 3.129643
v -0.564223 0.025638 3.114623
v -0.488712 0.025629 3.099603
v -0.034529 0.017560 3.009260
v 0.032545 0.015272 2.995918
v 0.099619 0.012985 2.982576
v -2.176770 0.025646 3.951207
v -2.231210 0.025638 4.005647
v -2.285650 0.025629 4.060087
v -2.613098 0.017560 4.387535
v -2.661456 0.015272 4.435893
v -2.709813 0.012985 4.484251
v -0.691554 0.025646 2.958816
v -0.620424 0.025638 2.929353
v -0.549295 0.025629 2.899890
v -0.121464 0.017560 2.722676
v -0.058281 0.015272 2.696505
v 0.004901 0.012985 2.670334
v -2.038777 0.025646 4.064455
v -2.081550 0.025638 4.128470
v -2.124324 0.025629 4.192485
v -2.381598 0.017560 4.577522
v -2.419592 0.015272 4.634385
v -2.457586 0.012985 4.691248
v -0.775705 0.025646 2.801381
v -0.711690 0.025638 2.758607
v -0.647675 0.025629 2.715834
v -0.262637 0.017560 2.458560
v -0.205775 0.015272 2.420565
v -0.148912 0.012985 2.382571
v -1.881342 0.025646 4.148605
v -1.910805 0.025638 4.219735
v -1.940267 0.025629 4.290865
v -2.117481 0.017560 4.718696
v -2.143651 0.015272 4.781878
v -2.169822 0.012985 4.845061
v -0.888953 0.025646 2.663388
v -0.834513 0.025638 2.608948
v -0.780072 0.025629 2.554508
v -0.452625 0.017560 2.227060
v -0.404267 0.015272 2.178702
v -0.355910 0.012985 2.130344
v -1.710515 0.025646 4.200425
v -1.725535 0.025638 4.275936
v -1.740555 0.025629 4.351447
v -1.830897 0.017560 4.805630
v -1.844239 0.015272 4.872704
v -1.857581 0.012985 4.939778
v -1.830898 0.017560 1.808966
v -1.844239 0.015272 1.741892
v -1.857581 0.012985 1.674818
v -1.532861 0.012985 1.642836
v -1.532861 0.015272 1.711224
v -1.532861 0.017560 1.779612
v -1.208142 0.012985 1.674818
v -1.221484 0.015272 1.741892
v -1.234826 0.017560 1.808966
v -1.710515 0.025646 2.414171
v -1.725535 0.025638 2.338660
v -1.740555 0.025629 2.263149
v -1.532861 0.025629 2.242693
v -1.532861 0.025638 2.319683
v -1.532861 0.025646 2.396673
v -1.325168 0.025629 2.263149
v -1.340188 0.025638 2.338660
v -1.355208 0.025646 2.414171
v -1.881342 0.025646 2.465990
v -1.910805 0.025638 2.394861
v -1.940268 0.025629 2.323731
v -2.117481 0.017560 1.895900
v -2.143652 0.015272 1.832718
v -2.169823 0.012985 1.769536
v -1.026946 0.025646 2.550140
v -0.984173 0.025638 2.486125
v -0.941399 0.025629 2.422111
v -0.684126 0.017560 2.037073
v -0.646131 0.015272 1.980210
v -0.608137 0.012985 1.923347
v -1.532861 0.025646 4.217923
v -1.532861 0.025638 4.294913
v -1.532861 0.025629 4.371903
v -1.532860 0.017560 4.834984
v -1.532860 0.015272 4.903372
v -1.532860 0.012985 4.971760
v -2.038777 0.025646 2.550141
v -2.081550 0.025638 2.486126
v -2.124324 0.025629 2.422111
v -2.381598 0.017560 2.037074
v -2.419592 0.015272 1.980211
v -2.457586 0.012985 1.923349
v -1.184381 0.025646 2.465990
v -1.154918 0.025638 2.394860
v -1.125456 0.025629 2.323731
v -0.948243 0.017560 1.895900
v -0.922072 0.015272 1.832717
v -0.895901 0.012985 1.769535
v -1.355206 0.025646 4.200425
v -1.340186 0.025638 4.275936
v -1.325166 0.025629 4.351447
v -1.234823 0.017560 4.805630
v -1.221482 0.015272 4.872704
v -1.208140 0.012985 4.939778
v -2.176770 0.025646 2.663389
v -2.231210 0.025638 2.608949
v -2.285650 0.025629 2.554509
v -2.613098 0.017560 2.227061
v -2.661456 0.015272 2.178703
v -2.709813 0.012985 2.130346
v -1.184379 0.025646 4.148605
v -1.154917 0.025638 4.219735
v -1.125454 0.025629 4.290864
v -0.948240 0.017560 4.718696
v -0.922069 0.015272 4.781878
v -0.895898 0.012985 4.845060
v -2.290018 0.025646 2.801382
v -2.354033 0.025638 2.758609
v -2.418047 0.025629 2.715835
v -2.803085 0.017560 2.458561
v -2.859948 0.015272 2.420567
v -2.916811 0.012985 2.382573
v -2.596181 0.025629 3.255060
v -2.519284 0.025638 3.258838
v -2.442387 0.025646 3.262616
v -2.592335 0.025629 3.202949
v -2.515716 0.025638 3.210495
v -2.439097 0.025646 3.218041
v -2.585941 0.025629 3.151088
v -2.509784 0.025638 3.162385
v -2.433627 0.025646 3.173681
v -2.585941 0.025629 3.463508
v -2.509784 0.025638 3.452211
v -2.433627 0.025646 3.440914
v -2.592335 0.025629 3.411647
v -2.515716 0.025638 3.404101
v -2.439097 0.025646 3.396554
v -2.596181 0.025629 3.359535
v -2.519284 0.025638 3.355757
v -2.442387 0.025646 3.351980
v -0.677763 0.025629 3.941480
v -0.739602 0.025638 3.895617
v -0.801441 0.025646 3.849754
v -0.709913 0.025629 3.982673
v -0.769427 0.025638 3.933831
v -0.828941 0.025646 3.884989
v -0.744042 0.025629 4.022241
v -0.801088 0.025638 3.970538
v -0.858134 0.025646 3.918834
v -0.570471 0.025629 3.762473
v -0.640069 0.025638 3.729556
v -0.709667 0.025646 3.696638
v -0.593966 0.025629 3.809147
v -0.661865 0.025638 3.772854
v -0.729764 0.025646 3.736561
v -0.619720 0.025629 3.854613
v -0.685757 0.025638 3.815032
v -0.751794 0.025646 3.775451
v -3.037513 0.012985 2.595651
v -2.975692 0.015272 2.624890
v -2.913869 0.017560 2.654130
v -3.000780 0.012985 2.522679
v -2.940467 0.015272 2.554917
v -2.880154 0.017560 2.587155
v -2.960514 0.012985 2.451595
v -2.901856 0.015272 2.486754
v -2.843198 0.017560 2.521912
v -2.495250 0.025629 2.852122
v -2.425652 0.025638 2.885039
v -2.356054 0.025646 2.917957
v -2.471755 0.025629 2.805449
v -2.403856 0.025638 2.841741
v -2.335957 0.025646 2.878034
v -2.446001 0.025629 2.759983
v -2.379964 0.025638 2.799563
v -2.313928 0.025646 2.839144
v -0.677157 0.012985 4.734951
v -0.712315 0.015272 4.676292
v -0.747474 0.017560 4.617634
v -0.748241 0.012985 4.775217
v -0.780479 0.015272 4.714904
v -0.812717 0.017560 4.654591
v -0.821213 0.012985 4.811951
v -0.850452 0.015272 4.750129
v -0.879692 0.017560 4.688306
v -1.689071 0.025629 2.254218
v -1.677774 0.025638 2.330375
v -1.666477 0.025646 2.406532
v -1.637210 0.025629 2.247823
v -1.629664 0.025638 2.324443
v -1.622117 0.025646 2.401062
v -1.585098 0.025629 2.243978
v -1.581321 0.025638 2.320875
v -1.577543 0.025646 2.397772
v -1.891515 0.025629 2.304928
v -1.865578 0.025638 2.377417
v -1.839641 0.025646 2.449907
v -1.841898 0.025629 2.288538
v -1.819549 0.025638 2.362213
v -1.797200 0.025646 2.435888
v -1.791538 0.025629 2.274600
v -1.772831 0.025638 2.349283
v -1.754124 0.025646 2.423965
v -0.985545 0.025629 4.220438
v -1.025126 0.025638 4.154401
v -1.064707 0.025646 4.088365
v -1.031011 0.025629 4.246192
v -1.067304 0.025638 4.178293
v -1.103597 0.025646 4.110394
v -1.077684 0.025629 4.269687
v -1.110602 0.025638 4.200089
v -1.143519 0.025646 4.130491
v -2.869766 0.012985 2.315782
v -2.814837 0.015272 2.356520
v -2.759907 0.017560 2.397259
v -2.819502 0.012985 2.251379
v -2.766638 0.015272 2.294764
v -2.713773 0.017560 2.338148
v -2.766143 0.012985 2.189516
v -2.715471 0.015272 2.235442
v -2.664799 0.017560 2.281369
v -2.387958 0.025629 2.673115
v -2.326119 0.025638 2.718978
v -2.264280 0.025646 2.764841
v -2.355808 0.025629 2.631922
v -2.296294 0.025638 2.680764
v -2.236780 0.025646 2.729606
v -2.321679 0.025629 2.592354
v -2.264633 0.025638 2.644058
v -2.207588 0.025646 2.695761
v -0.972121 0.012985 4.874459
v -0.995160 0.015272 4.810069
v -1.018199 0.017560 4.745678
v -1.049694 0.012985 4.900083
v -1.069546 0.015272 4.834640
v -1.089398 0.017560 4.769197
v -1.128430 0.012985 4.921875
v -1.145047 0.015272 4.855536
v -1.161664 0.017560 4.789198
v -1.174206 0.025629 4.309668
v -1.200144 0.025638 4.237178
v -1.226081 0.025646 4.164689
v -1.223823 0.025629 4.326057
v -1.246172 0.025638 4.252383
v -1.268521 0.025646 4.178708
v -1.274183 0.025629 4.339996
v -1.292890 0.025638 4.265313
v -1.311597 0.025646 4.190630
v -1.128433 0.012985 1.692721
v -1.145050 0.015272 1.759059
v -1.161667 0.017560 1.825398
v -1.049697 0.012985 1.714513
v -1.069549 0.015272 1.779956
v -1.089401 0.017560 1.845399
v -0.972124 0.012985 1.740137
v -0.995163 0.015272 1.804527
v -1.018202 0.017560 1.868917
v -1.274185 0.025629 2.274600
v -1.292892 0.025638 2.349283
v -1.311599 0.025646 2.423965
v -1.223825 0.025629 2.288538
v -1.246174 0.025638 2.362213
v -1.268523 0.025646 2.435888
v -1.174208 0.025629 2.304927
v -1.200145 0.025638 2.377417
v -1.226082 0.025646 2.449906
v -2.650643 0.012985 2.074016
v -2.604717 0.015272 2.124688
v -2.558790 0.017560 2.175360
v -2.588780 0.012985 2.020657
v -2.545395 0.015272 2.073521
v -2.502011 0.017560 2.126386
v -2.524377 0.012985 1.970392
v -2.483639 0.015272 2.025322
v -2.442900 0.017560 2.080252
v -2.247804 0.025629 2.518480
v -2.196101 0.025638 2.575526
v -2.144398 0.025646 2.632571
v -2.208236 0.025629 2.484350
v -2.159395 0.025638 2.543864
v -2.110553 0.025646 2.603378
v -2.167044 0.025629 2.452201
v -2.121181 0.025638 2.514040
v -2.075318 0.025646 2.575879
v -1.288633 0.012985 4.953741
v -1.298668 0.015272 4.886093
v -1.308702 0.017560 4.818445
v -1.369715 0.012985 4.963739
v -1.376418 0.015272 4.895680
v -1.383121 0.017560 4.827621
v -1.451190 0.012985 4.969751
v -1.454545 0.015272 4.901446
v -1.457901 0.017560 4.833140
v -1.376651 0.025629 4.360378
v -1.387947 0.025638 4.284221
v -1.399244 0.025646 4.208064
v -1.428511 0.025629 4.366773
v -1.436058 0.025638 4.290153
v -1.443604 0.025646 4.213534
v -1.480623 0.025629 4.370618
v -1.484401 0.025638 4.293721
v -1.488179 0.025646 4.216824
v -0.821216 0.012985 1.802644
v -0.850455 0.015272 1.864466
v -0.879695 0.017560 1.926288
v -0.748244 0.012985 1.839378
v -0.780482 0.015272 1.899691
v -0.812719 0.017560 1.960004
v -0.677160 0.012985 1.879644
v -0.712318 0.015272 1.938302
v -0.747477 0.017560 1.996960
v -1.077686 0.025629 2.344908
v -1.110604 0.025638 2.414506
v -1.143521 0.025646 2.484104
v -1.031013 0.025629 2.368403
v -1.067306 0.025638 2.436302
v -1.103598 0.025646 2.504201
v -0.985547 0.025629 2.394157
v -1.025127 0.025638 2.460194
v -1.064708 0.025646 2.526230
v -2.388564 0.012985 1.879645
v -2.353405 0.015272 1.938303
v -2.318247 0.017560 1.996961
v -2.317480 0.012985 1.839379
v -2.285242 0.015272 1.899692
v -2.253004 0.017560 1.960005
v -2.244508 0.012985 1.802645
v -2.215269 0.015272 1.864467
v -2.186029 0.017560 1.926289
v -2.080176 0.025629 2.394158
v -2.040596 0.025638 2.460194
v -2.001015 0.025646 2.526231
v -2.034710 0.025629 2.368404
v -1.998417 0.025638 2.436303
v -1.962125 0.025646 2.504202
v -1.988037 0.025629 2.344908
v -1.955119 0.025638 2.414506
v -1.922202 0.025646 2.484105
v -1.614531 0.012985 4.969751
v -1.611175 0.015272 4.901446
v -1.607820 0.017560 4.833140
v -1.696005 0.012985 4.963739
v -1.689302 0.015272 4.895680
v -1.682599 0.017560 4.827622
v -1.777087 0.012985 4.953741
v -1.767053 0.015272 4.886094
v -1.757018 0.017560 4.818446
v -1.585098 0.025629 4.370618
v -1.581320 0.025638 4.293721
v -1.577543 0.025646 4.216824
v -1.637210 0.025629 4.366773
v -1.629663 0.025638 4.290153
v -1.622117 0.025646 4.213534
v -1.689070 0.025629 4.360378
v -1.677774 0.025638 4.284221
v -1.666477 0.025646 4.208064
v -0.541346 0.012985 1.970391
v -0.582085 0.015272 2.025321
v -0.622823 0.017560 2.080251
v -0.476943 0.012985 2.020655
v -0.520328 0.015272 2.073520
v -0.563712 0.017560 2.126384
v -0.415080 0.012985 2.074015
v -0.461007 0.015272 2.124687
v -0.506933 0.017560 2.175359
v -0.898679 0.025629 2.452200
v -0.944542 0.025638 2.514039
v -0.990405 0.025646 2.575878
v -0.857486 0.025629 2.484349
v -0.906328 0.025638 2.543864
v -0.955170 0.025646 2.603378
v -0.817918 0.025629 2.518479
v -0.869622 0.025638 2.575525
v -0.921325 0.025646 2.632571
v -2.093600 0.012985 1.740137
v -2.070561 0.015272 1.804528
v -2.047522 0.017560 1.868918
v -2.016027 0.012985 1.714514
v -1.996175 0.015272 1.779957
v -1.976323 0.017560 1.845399
v -1.937291 0.012985 1.692721
v -1.920674 0.015272 1.759060
v -1.904057 0.017560 1.825398
v -1.777088 0.012985 1.660855
v -1.767053 0.015272 1.728503
v -1.757019 0.017560 1.796151
v -1.696006 0.012985 1.650857
v -1.689303 0.015272 1.718916
v -1.682600 0.017560 1.786974
v -1.614532 0.012985 1.644845
v -1.611176 0.015272 1.713150
v -1.607820 0.017560 1.781456
v -1.937290 0.012985 4.921875
v -1.920674 0.015272 4.855536
v -1.904057 0.017560 4.789198
v -2.016026 0.012985 4.900083
v -1.996174 0.015272 4.834640
v -1.976323 0.017560 4.769197
v -2.093600 0.012985 4.874459
v -2.070561 0.015272 4.810069
v -2.047522 0.017560 4.745678
v -1.791538 0.025629 4.339996
v -1.772831 0.025638 4.265313
v -1.754124 0.025646 4.190630
v -1.841898 0.025629 4.326057
v -1.819549 0.025638 4.252383
v -1.797200 0.025646 4.178708
v -1.891515 0.025629 4.309669
v -1.865578 0.025638 4.237179
v -1.839640 0.025646 4.164689
v -0.299580 0.012985 2.189514
v -0.350252 0.015272 2.235441
v -0.400924 0.017560 2.281368
v -0.246220 0.012985 2.251377
v -0.299085 0.015272 2.294762
v -0.351949 0.017560 2.338147
v -0.195956 0.012985 2.315780
v -0.250886 0.015272 2.356519
v -0.305816 0.017560 2.397258
v -1.451191 0.012985 1.644845
v -1.454546 0.015272 1.713150
v -1.457902 0.017560 1.781456
v -1.369717 0.012985 1.650857
v -1.376420 0.015272 1.718916
v -1.383123 0.017560 1.786974
v -1.288635 0.012985 1.660855
v -1.298670 0.015272 1.728502
v -1.308704 0.017560 1.796150
v -1.480624 0.025629 2.243978
v -1.484402 0.025638 2.320875
v -1.488179 0.025646 2.397772
v -1.428513 0.025629 2.247823
v -1.436059 0.025638 2.324442
v -1.443605 0.025646 2.401062
v -1.376652 0.025629 2.254218
v -1.387949 0.025638 2.330374
v -1.399246 0.025646 2.406531
v -0.744043 0.025629 2.592353
v -0.801089 0.025638 2.644057
v -0.858135 0.025646 2.695760
v -0.709914 0.025629 2.631921
v -0.769428 0.025638 2.680763
v -0.828942 0.025646 2.729605
v -0.677765 0.025629 2.673114
v -0.739604 0.025638 2.718977
v -0.801443 0.025646 2.764840
v -2.244508 0.012985 4.811951
v -2.215268 0.015272 4.750129
v -2.186028 0.017560 4.688307
v -2.317480 0.012985 4.775217
v -2.285242 0.015272 4.714904
v -2.253004 0.017560 4.654592
v -2.388564 0.012985 4.734952
v -2.353405 0.015272 4.676293
v -2.318247 0.017560 4.617635
v -1.988037 0.025629 4.269688
v -1.955119 0.025638 4.200089
v -1.922202 0.025646 4.130491
v -2.034710 0.025629 4.246192
v -1.998417 0.025638 4.178293
v -1.962125 0.025646 4.110394
v -2.080176 0.025629 4.220438
v -2.040595 0.025638 4.154402
v -2.001015 0.025646 4.088365
v -0.105208 0.012985 2.451593
v -0.163867 0.015272 2.486752
v -0.222525 0.017560 2.521910
v -0.064943 0.012985 2.522677
v -0.125256 0.015272 2.554915
v -0.185568 0.017560 2.587153
v -0.028209 0.012985 2.595649
v -0.090031 0.015272 2.624889
v -0.151853 0.017560 2.654129
v -0.619721 0.025629 2.759981
v -0.685758 0.025638 2.799562
v -0.751794 0.025646 2.839143
v -0.593967 0.025629 2.805447
v -0.661866 0.025638 2.841740
v -0.729765 0.025646 2.878033
v -0.570472 0.025629 2.852121
v -0.640070 0.025638 2.885038
v -0.709668 0.025646 2.917956
v -2.524377 0.012985 4.644204
v -2.483639 0.015272 4.589274
v -2.442900 0.017560 4.534345
v -2.588780 0.012985 4.593940
v -2.545395 0.015272 4.541075
v -2.502011 0.017560 4.488211
v -2.650643 0.012985 4.540580
v -2.604716 0.015272 4.489908
v -2.558790 0.017560 4.439236
v -2.167044 0.025629 4.162395
v -2.121181 0.025638 4.100556
v -2.075318 0.025646 4.038717
v -2.208236 0.025629 4.130246
v -2.159395 0.025638 4.070732
v -2.110553 0.025646 4.011218
v -2.247805 0.025629 4.096117
v -2.196101 0.025638 4.039071
v -2.144398 0.025646 3.982025
v 0.034299 0.012985 2.746557
v -0.030091 0.015272 2.769596
v -0.094481 0.017560 2.792635
v 0.059923 0.012985 2.824130
v -0.005520 0.015272 2.843982
v -0.070963 0.017560 2.863834
v 0.081715 0.012985 2.902866
v 0.015377 0.015272 2.919483
v -0.050961 0.017560 2.936100
v -0.530491 0.025629 2.948643
v -0.602980 0.025638 2.974580
v -0.675470 0.025646 3.000517
v -0.514102 0.025629 2.998260
v -0.587776 0.025638 3.020608
v -0.661451 0.025646 3.042958
v -0.500163 0.025629 3.048620
v -0.574846 0.025638 3.067327
v -0.649529 0.025646 3.086034
v -2.766143 0.012985 4.425080
v -2.715471 0.015272 4.379154
v -2.664799 0.017560 4.333227
v -2.819502 0.012985 4.363217
v -2.766638 0.015272 4.319833
v -2.713773 0.017560 4.276448
v -2.869767 0.012985 4.298814
v -2.814837 0.015272 4.258076
v -2.759907 0.017560 4.217337
v -2.321679 0.025629 4.022242
v -2.264633 0.025638 3.970538
v -2.207587 0.025646 3.918835
v -2.355808 0.025629 3.982674
v -2.296294 0.025638 3.933832
v -2.236780 0.025646 3.884990
v -2.387958 0.025629 3.941481
v -2.326119 0.025638 3.895618
v -2.264280 0.025646 3.849755
v 0.113582 0.012985 3.063069
v 0.045934 0.015272 3.073104
v -0.021713 0.017560 3.083138
v 0.123580 0.012985 3.144151
v 0.055521 0.015272 3.150855
v -0.012537 0.017560 3.157558
v 0.129593 0.012985 3.225626
v 0.061287 0.015272 3.228981
v -0.007019 0.017560 3.232337
v -0.479781 0.025629 3.151087
v -0.555938 0.025638 3.162384
v -0.632095 0.025646 3.173681
v -0.473386 0.025629 3.202948
v -0.550006 0.025638 3.210494
v -0.626625 0.025646 3.218040
v -0.469540 0.025629 3.255059
v -0.546438 0.025638 3.258837
v -0.623335 0.025646 3.262615
v -2.960514 0.012985 4.163001
v -2.901856 0.015272 4.127842
v -2.843198 0.017560 4.092684
v -3.000780 0.012985 4.091917
v -2.940467 0.015272 4.059679
v -2.880154 0.017560 4.027441
v -3.037514 0.012985 4.018945
v -2.975692 0.015272 3.989706
v -2.913870 0.017560 3.960466
v -2.446001 0.025629 3.854613
v -2.379964 0.025638 3.815032
v -2.313928 0.025646 3.775452
v -2.471755 0.025629 3.809147
v -2.403856 0.025638 3.772854
v -2.335957 0.025646 3.736562
v -2.495250 0.025629 3.762474
v -2.425653 0.025638 3.729556
v -2.356054 0.025646 3.696639
v 0.129593 0.012985 3.388967
v 0.061287 0.015272 3.385612
v -0.007018 0.017560 3.382256
v 0.123580 0.012985 3.470442
v 0.055521 0.015272 3.463739
v -0.012537 0.017560 3.457036
v 0.113582 0.012985 3.551524
v 0.045935 0.015272 3.541489
v -0.021713 0.017560 3.531455
v -0.469540 0.025629 3.359534
v -0.546438 0.025638 3.355757
v -0.623335 0.025646 3.351979
v -0.473386 0.025629 3.411646
v -0.550005 0.025638 3.404100
v -0.626625 0.025646 3.396554
v -0.479781 0.025629 3.463507
v -0.555938 0.025638 3.452210
v -0.632094 0.025646 3.440913
v -3.100022 0.012985 3.868037
v -3.035631 0.015272 3.844998
v -2.971241 0.017560 3.821959
v -3.125646 0.012985 3.790464
v -3.060203 0.015272 3.770612
v -2.994760 0.017560 3.750760
v -3.147438 0.012985 3.711728
v -3.081099 0.015272 3.695111
v -3.014761 0.017560 3.678494
v -2.535231 0.025629 3.665952
v -2.462742 0.025638 3.640015
v -2.390252 0.025646 3.614078
v -2.551620 0.025629 3.616335
v -2.477946 0.025638 3.593986
v -2.404271 0.025646 3.571637
v -2.565559 0.025629 3.565975
v -2.490876 0.025638 3.547268
v -2.416193 0.025646 3.528561
v 0.081716 0.012985 3.711727
v 0.015378 0.015272 3.695110
v -0.050961 0.017560 3.678493
v 0.059924 0.012985 3.790463
v -0.005519 0.015272 3.770611
v -0.070962 0.017560 3.750759
v 0.034301 0.012985 3.868036
v -0.030090 0.015272 3.844997
v -0.094480 0.017560 3.821958
v -0.500163 0.025629 3.565974
v -0.574845 0.025638 3.547267
v -0.649528 0.025646 3.528560
v -0.514101 0.025629 3.616334
v -0.587776 0.025638 3.593985
v -0.661451 0.025646 3.571636
v -0.530490 0.025629 3.665951
v -0.602980 0.025638 3.640014
v -0.675469 0.025646 3.614077
v -3.179304 0.012985 3.551525
v -3.111656 0.015272 3.541491
v -3.044008 0.017560 3.531456
v -3.189302 0.012985 3.470443
v -3.121243 0.015272 3.463740
v -3.053185 0.017560 3.457037
v -3.195314 0.012985 3.388969
v -3.127009 0.015272 3.385613
v -3.058703 0.017560 3.382257
v -3.195314 0.012985 3.225627
v -3.127009 0.015272 3.228983
v -3.058703 0.017560 3.232338
v -3.189301 0.012985 3.144153
v -3.121243 0.015272 3.150856
v -3.053185 0.017560 3.157559
v -3.179304 0.012985 3.063071
v -3.111656 0.015272 3.073105
v -3.044008 0.017560 3.083140
v -0.028207 0.012985 4.018944
v -0.090029 0.015272 3.989705
v -0.151852 0.017560 3.960465
v -0.064942 0.012985 4.091916
v -0.125254 0.015272 4.059678
v -0.185567 0.017560 4.027440
v -0.105207 0.012985 4.163000
v -0.163865 0.015272 4.127841
v -0.222524 0.017560 4.092683
v -3.147438 0.012985 2.902868
v -3.081099 0.015272 2.919485
v -3.014760 0.017560 2.936102
v -3.125646 0.012985 2.824132
v -3.060202 0.015272 2.843984
v -2.994759 0.017560 2.863836
v -3.100022 0.012985 2.746559
v -3.035631 0.015272 2.769598
v -2.971241 0.017560 2.792637
v -2.565559 0.025629 3.048621
v -2.490876 0.025638 3.067328
v -2.416193 0.025646 3.086035
v -2.551620 0.025629 2.998260
v -2.477946 0.025638 3.020610
v -2.404271 0.025646 3.042958
v -2.535231 0.025629 2.948644
v -2.462742 0.025638 2.974581
v -2.390252 0.025646 3.000518
v -0.415078 0.012985 4.540579
v -0.461004 0.015272 4.489907
v -0.506931 0.017560 4.439235
v -0.476941 0.012985 4.593939
v -0.520325 0.015272 4.541074
v -0.563710 0.017560 4.488210
v -0.541344 0.012985 4.644203
v -0.582082 0.015272 4.589273
v -0.622821 0.017560 4.534344
v -0.817917 0.025629 4.096116
v -0.869620 0.025638 4.039070
v -0.921324 0.025646 3.982024
v -0.857485 0.025629 4.130245
v -0.906327 0.025638 4.070731
v -0.955169 0.025646 4.011217
v -0.898677 0.025629 4.162395
v -0.944540 0.025638 4.100555
v -0.990403 0.025646 4.038717
v -0.195954 0.012985 4.298814
v -0.250884 0.015272 4.258075
v -0.305814 0.017560 4.217336
v -0.246218 0.012985 4.363217
v -0.299083 0.015272 4.319832
v -0.351948 0.017560 4.276447
v -0.299578 0.012985 4.425079
v -0.350250 0.015272 4.379153
v -0.400923 0.017560 4.333226
vn 0.0236 0.9994 0.0236
vn 0.0001 1.0000 0.0001
vn 0.0278 0.9994 0.0186
vn -0.0328 0.9994 -0.0065
vn -0.0001 1.0000 -0.0000
vn -0.0334 0.9994 -0.0000
vn 0.0001 1.0000 -0.0000
vn 0.0309 0.9994 0.0128
vn -0.0328 0.9994 0.0065
vn 0.0328 0.9994 0.0065
vn -0.0309 0.9994 0.0128
vn 0.0334 0.9994 -0.0000
vn -0.0001 1.0000 0.0001
vn -0.0278 0.9994 0.0186
vn 0.0328 0.9994 -0.0065
vn -0.0236 0.9994 0.0236
vn 0.0309 0.9994 -0.0128
vn -0.0186 0.9994 0.0278
vn 0.0001 1.0000 -0.0001
vn 0.0278 0.9994 -0.0186
vn -0.0000 1.0000 0.0001
vn -0.0128 0.9994 0.0309
vn -0.0000 0.9994 -0.0334
vn -0.0000 1.0000 -0.0001
vn -0.0065 0.9994 -0.0328
vn 0.0236 0.9994 -0.0236
vn -0.0065 0.9994 0.0328
vn -0.0128 0.9994 -0.0309
vn 0.0186 0.9994 -0.0278
vn -0.0000 0.9994 0.0334
vn -0.0001 1.0000 -0.0001
vn -0.0186 0.9994 -0.0278
vn 0.0128 0.9994 -0.0309
vn 0.0065 0.9994 0.0328
vn -0.0236 0.9994 -0.0236
vn 0.0065 0.9994 -0.0328
vn 0.0128 0.9994 0.0309
vn -0.0278 0.9994 -0.0186
vn 0.0186 0.9994 0.0278
vn -0.0309 0.9994 -0.0128
vn -0.0315 0.9994 -0.0113
vn -0.0320 0.9994 -0.0097
vn -0.0324 0.9994 -0.0081
vn 0.0199 0.9994 0.0269
vn 0.0212 0.9994 0.0258
vn 0.0225 0.9994 0.0248
vn -0.0287 0.9994 -0.0172
vn -0.0295 0.9994 -0.0158
vn -0.0302 0.9994 -0.0143
vn 0.0143 0.9994 0.0302
vn 0.0158 0.9994 0.0295
vn 0.0172 0.9994 0.0287
vn 0.0049 0.9994 -0.0331
vn 0.0033 0.9994 -0.0333
vn 0.0016 0.9994 -0.0334
vn -0.0248 0.9994 -0.0225
vn -0.0258 0.9994 -0.0212
vn -0.0269 0.9994 -0.0199
vn 0.0081 0.9994 0.0324
vn 0.0097 0.9994 0.0320
vn 0.0113 0.9994 0.0315
vn 0.0113 0.9994 -0.0315
vn 0.0097 0.9994 -0.0320
vn 0.0081 0.9994 -0.0324
vn -0.0199 0.9994 -0.0269
vn -0.0212 0.9994 -0.0258
vn -0.0225 0.9994 -0.0248
vn 0.0016 0.9994 0.0334
vn 0.0033 0.9994 0.0333
vn 0.0049 0.9994 0.0331
vn 0.0172 0.9994 -0.0287
vn 0.0158 0.9994 -0.0295
vn 0.0143 0.9994 -0.0302
vn -0.0143 0.9994 -0.0302
vn -0.0158 0.9994 -0.0295
vn -0.0172 0.9994 -0.0287
vn -0.0049 0.9994 0.0331
vn -0.0033 0.9994 0.0333
vn -0.0016 0.9994 0.0334
vn 0.0225 0.9994 -0.0248
vn 0.0212 0.9994 -0.0258
vn 0.0199 0.9994 -0.0269
vn -0.0081 0.9994 -0.0324
vn -0.0097 0.9994 -0.0320
vn -0.0113 0.9994 -0.0315
vn -0.0113 0.9994 0.0315
vn -0.0097 0.9994 0.0320
vn -0.0081 0.9994 0.0324
vn 0.0269 0.9994 -0.0199
vn 0.0258 0.9994 -0.0212
vn 0.0248 0.9994 -0.0225
vn -0.0016 0.9994 -0.0334
vn -0.0033 0.9994 -0.0333
vn -0.0049 0.9994 -0.0331
vn -0.0172 0.9994 0.0287
vn -0.0158 0.9994 0.0295
vn -0.0143 0.9994 0.0302
vn 0.0302 0.9994 -0.0143
vn 0.0295 0.9994 -0.0158
vn 0.0287 0.9994 -0.0172
vn -0.0225 0.9994 0.0248
vn -0.0212 0.9994 0.0258
vn -0.0199 0.9994 0.0269
vn 0.0324 0.9994 -0.0081
vn 0.0320 0.9994 -0.0097
vn 0.0315 0.9994 -0.0113
vn -0.0269 0.9994 0.0199
vn -0.0258 0.9994 0.0212
vn -0.0248 0.9994 0.0225
vn 0.0334 0.9994 -0.0016
vn 0.0333 0.9994 -0.0033
vn 0.0331 0.9994 -0.0049
vn -0.0302 0.9994 0.0143
vn -0.0295 0.9994 0.0158
vn -0.0287 0.9994 0.0172
vn 0.0331 0.9994 0.0049
vn 0.0333 0.9994 0.0033
vn 0.0334 0.9994 0.0016
vn -0.0324 0.9994 0.0081
vn -0.0320 0.9994 0.0097
vn -0.0315 0.9994 0.0113
vn 0.0315 0.9994 0.0113
vn 0.0320 0.9994 0.0097
vn 0.0324 0.9994 0.0081
vn -0.0334 0.9994 0.0016
vn -0.0333 0.9994 0.0033
vn -0.0331 0.9994 0.0049
vn 0.0287 0.9994 0.0172
vn 0.0295 0.9994 0.0158
vn 0.0302 0.9994 0.0143
vn -0.0331 0.9994 -0.0049
vn -0.0333 0.9994 -0.0033
vn -0.0334 0.9994 -0.0016
vn 0.0248 0.9994 0.0225
vn 0.0258 0.9994 0.0212
vn 0.0269 0.9994 0.0199
vt 0.000000 0.000000
s 1
f 706/1/5 708/1/5 705/1/5
f 707/1/5 709/1/5 706/1/5
f 708/1/5 712/1/5 711/1/5
f 709/1/5 713/1/5 712/1/5
f 548/1/5 503/1/5 72/1/5
f 547/1/5 705/1/5 548/1/5
f 546/1/5 706/1/5 547/1/5
f 7/1/5 707/1/5 546/1/5
f 314/1/5 710/1/5 707/1/5
f 710/1/5 312/1/5 713/1/5
f 713/1/5 6/1/5 551/1/5
f 712/1/5 551/1/5 550/1/5
f 711/1/5 550/1/5 549/1/5
f 501/1/5 549/1/5 69/1/5
f 502/1/5 711/1/5 501/1/5
f 705/1/5 502/1/5 503/1/5
f 715/1/5 717/1/5 714/1/5
f 716/1/5 718/1/5 715/1/5
f 717/1/5 721/1/5 720/1/5
f 718/1/5 722/1/5 721/1/5
f 557/1/5 491/1/5 76/1/5
f 556/1/5 714/1/5 557/1/5
f 555/1/5 715/1/5 556/1/5
f 11/1/5 716/1/5 555/1/5
f 302/1/5 719/1/5 716/1/5
f 719/1/5 300/1/5 722/1/5
f 722/1/5 7/1/5 546/1/5
f 721/1/5 546/1/5 547/1/5
f 720/1/5 547/1/5 548/1/5
f 489/1/5 548/1/5 72/1/5
f 490/1/5 720/1/5 489/1/5
f 714/1/5 490/1/5 491/1/5
f 724/1/2 726/1/2 723/1/2
f 725/1/2 727/1/2 724/1/2
f 726/1/2 730/1/2 729/1/2
f 727/1/2 731/1/2 730/1/2
f 524/1/2 509/1/2 68/1/2
f 523/1/2 723/1/2 524/1/2
f 522/1/2 724/1/2 523/1/2
f 3/1/2 725/1/2 522/1/2
f 320/1/2 728/1/2 725/1/2
f 728/1/2 318/1/2 731/1/2
f 731/1/2 2/1/2 527/1/2
f 730/1/2 527/1/2 526/1/2
f 729/1/2 526/1/2 525/1/2
f 507/1/2 525/1/2 65/1/2
f 508/1/2 729/1/2 507/1/2
f 723/1/2 508/1/2 509/1/2
f 733/1/7 735/1/2 732/1/7
f 734/1/7 736/1/2 733/1/7
f 735/1/2 739/1/2 738/1/2
f 736/1/2 740/1/2 739/1/2
f 533/1/7 497/1/7 74/1/7
f 532/1/7 732/1/7 533/1/7
f 531/1/7 733/1/7 532/1/7
f 9/1/7 734/1/7 531/1/7
f 308/1/7 737/1/2 734/1/7
f 737/1/2 306/1/2 740/1/2
f 740/1/2 3/1/2 522/1/2
f 739/1/2 522/1/2 523/1/2
f 738/1/2 523/1/2 524/1/2
f 495/1/2 524/1/2 68/1/2
f 496/1/2 738/1/2 495/1/2
f 732/1/7 496/1/2 497/1/7
f 742/1/49 744/1/48 741/1/49
f 743/1/49 745/1/48 742/1/49
f 744/1/48 748/1/47 747/1/47
f 745/1/48 749/1/47 748/1/47
f 543/1/40 143/1/49 64/1/40
f 544/1/40 741/1/49 543/1/40
f 545/1/40 742/1/49 544/1/40
f 127/1/40 743/1/49 545/1/40
f 336/1/49 746/1/48 743/1/49
f 746/1/48 338/1/47 749/1/47
f 749/1/47 123/1/38 702/1/38
f 748/1/47 702/1/38 703/1/38
f 747/1/47 703/1/38 704/1/38
f 141/1/47 704/1/38 60/1/38
f 142/1/48 747/1/47 141/1/47
f 741/1/49 142/1/48 143/1/49
f 751/1/5 753/1/31 750/1/5
f 752/1/5 754/1/31 751/1/5
f 753/1/31 757/1/31 756/1/31
f 754/1/31 758/1/31 757/1/31
f 552/1/5 335/1/5 128/1/5
f 553/1/5 750/1/5 552/1/5
f 554/1/5 751/1/5 553/1/5
f 63/1/5 752/1/5 554/1/5
f 146/1/5 755/1/31 752/1/5
f 755/1/31 144/1/31 758/1/31
f 758/1/31 59/1/31 699/1/31
f 757/1/31 699/1/31 700/1/31
f 756/1/31 700/1/31 701/1/31
f 333/1/31 701/1/31 124/1/31
f 334/1/31 756/1/31 333/1/31
f 750/1/5 334/1/31 335/1/5
f 760/1/52 762/1/51 759/1/52
f 761/1/52 763/1/51 760/1/52
f 762/1/51 766/1/50 765/1/50
f 763/1/51 767/1/50 766/1/50
f 519/1/39 149/1/52 62/1/39
f 520/1/39 759/1/52 519/1/39
f 521/1/39 760/1/52 520/1/39
f 125/1/39 761/1/52 521/1/39
f 342/1/52 764/1/51 761/1/52
f 764/1/51 344/1/50 767/1/50
f 767/1/50 121/1/37 696/1/37
f 766/1/50 696/1/37 697/1/37
f 765/1/50 697/1/37 698/1/37
f 147/1/50 698/1/37 58/1/37
f 148/1/51 765/1/50 147/1/50
f 759/1/52 148/1/51 149/1/52
f 769/1/24 771/1/24 768/1/24
f 770/1/24 772/1/24 769/1/24
f 771/1/24 775/1/24 774/1/24
f 772/1/24 776/1/24 775/1/24
f 644/1/24 425/1/24 100/1/24
f 643/1/24 768/1/24 644/1/24
f 642/1/24 769/1/24 643/1/24
f 35/1/24 770/1/24 642/1/24
f 236/1/24 773/1/24 770/1/24
f 773/1/24 234/1/24 776/1/24
f 776/1/24 34/1/24 647/1/24
f 775/1/24 647/1/24 646/1/24
f 774/1/24 646/1/24 645/1/24
f 423/1/24 645/1/24 97/1/24
f 424/1/24 774/1/24 423/1/24
f 768/1/24 424/1/24 425/1/24
f 778/1/24 780/1/24 777/1/24
f 779/1/24 781/1/24 778/1/24
f 780/1/24 784/1/24 783/1/24
f 781/1/24 785/1/24 784/1/24
f 653/1/24 407/1/24 106/1/24
f 652/1/24 777/1/24 653/1/24
f 651/1/24 778/1/24 652/1/24
f 41/1/24 779/1/24 651/1/24
f 218/1/24 782/1/24 779/1/24
f 782/1/24 216/1/24 785/1/24
f 785/1/24 35/1/24 642/1/24
f 784/1/24 642/1/24 643/1/24
f 783/1/24 643/1/24 644/1/24
f 405/1/24 644/1/24 100/1/24
f 406/1/24 783/1/24 405/1/24
f 777/1/24 406/1/24 407/1/24
f 787/1/2 789/1/2 786/1/2
f 788/1/2 790/1/2 787/1/2
f 789/1/2 793/1/21 792/1/21
f 790/1/2 794/1/21 793/1/21
f 528/1/2 341/1/2 126/1/2
f 529/1/2 786/1/2 528/1/2
f 530/1/2 787/1/2 529/1/2
f 61/1/2 788/1/2 530/1/2
f 152/1/2 791/1/2 788/1/2
f 791/1/2 150/1/21 794/1/21
f 794/1/21 57/1/21 693/1/21
f 793/1/21 693/1/21 694/1/21
f 792/1/21 694/1/21 695/1/21
f 339/1/21 695/1/21 122/1/21
f 340/1/2 792/1/21 339/1/21
f 786/1/2 340/1/2 341/1/2
f 796/1/58 798/1/57 795/1/58
f 797/1/58 799/1/57 796/1/58
f 798/1/57 802/1/56 801/1/56
f 799/1/57 803/1/56 802/1/56
f 704/1/38 161/1/58 60/1/38
f 703/1/38 795/1/58 704/1/38
f 702/1/38 796/1/58 703/1/38
f 123/1/38 797/1/58 702/1/38
f 354/1/58 800/1/57 797/1/58
f 800/1/57 356/1/56 803/1/56
f 803/1/56 117/1/35 690/1/35
f 802/1/56 690/1/35 691/1/35
f 801/1/56 691/1/35 692/1/35
f 159/1/56 692/1/35 54/1/35
f 160/1/57 801/1/56 159/1/56
f 795/1/58 160/1/57 161/1/58
f 805/1/31 807/1/31 804/1/31
f 806/1/31 808/1/31 805/1/31
f 807/1/31 811/1/31 810/1/31
f 808/1/31 812/1/31 811/1/31
f 701/1/31 353/1/31 124/1/31
f 700/1/31 804/1/31 701/1/31
f 699/1/31 805/1/31 700/1/31
f 59/1/31 806/1/31 699/1/31
f 164/1/31 809/1/31 806/1/31
f 809/1/31 162/1/31 812/1/31
f 812/1/31 53/1/31 687/1/31
f 811/1/31 687/1/31 688/1/31
f 810/1/31 688/1/31 689/1/31
f 351/1/31 689/1/31 118/1/31
f 352/1/31 810/1/31 351/1/31
f 804/1/31 352/1/31 353/1/31
f 814/1/61 816/1/60 813/1/61
f 815/1/61 817/1/60 814/1/61
f 816/1/60 820/1/59 819/1/59
f 817/1/60 821/1/59 820/1/59
f 698/1/37 167/1/61 58/1/37
f 697/1/37 813/1/61 698/1/37
f 696/1/37 814/1/61 697/1/37
f 121/1/37 815/1/61 696/1/37
f 360/1/61 818/1/60 815/1/61
f 818/1/60 362/1/59 821/1/59
f 821/1/59 115/1/34 684/1/34
f 820/1/59 684/1/34 685/1/34
f 819/1/59 685/1/34 686/1/34
f 165/1/59 686/1/34 52/1/34
f 166/1/60 819/1/59 165/1/59
f 813/1/61 166/1/60 167/1/61
f 823/1/21 825/1/21 822/1/21
f 824/1/21 826/1/21 823/1/21
f 825/1/21 829/1/21 828/1/21
f 826/1/21 830/1/21 829/1/21
f 695/1/21 359/1/21 122/1/21
f 694/1/21 822/1/21 695/1/21
f 693/1/21 823/1/21 694/1/21
f 57/1/21 824/1/21 693/1/21
f 170/1/21 827/1/21 824/1/21
f 827/1/21 168/1/21 830/1/21
f 830/1/21 51/1/21 681/1/21
f 829/1/21 681/1/21 682/1/21
f 828/1/21 682/1/21 683/1/21
f 357/1/21 683/1/21 116/1/21
f 358/1/21 828/1/21 357/1/21
f 822/1/21 358/1/21 359/1/21
f 832/1/64 834/1/63 831/1/64
f 833/1/64 835/1/63 832/1/64
f 834/1/63 838/1/62 837/1/62
f 835/1/63 839/1/62 838/1/62
f 639/1/36 173/1/64 56/1/36
f 640/1/36 831/1/64 639/1/36
f 641/1/36 832/1/64 640/1/36
f 119/1/36 833/1/64 641/1/36
f 366/1/64 836/1/63 833/1/64
f 836/1/63 368/1/62 839/1/62
f 839/1/62 113/1/33 678/1/33
f 838/1/62 678/1/33 679/1/33
f 837/1/62 679/1/33 680/1/33
f 171/1/62 680/1/33 50/1/33
f 172/1/63 837/1/62 171/1/62
f 831/1/64 172/1/63 173/1/64
f 841/1/24 843/1/24 840/1/24
f 842/1/24 844/1/24 841/1/24
f 843/1/24 847/1/24 846/1/24
f 844/1/24 848/1/24 847/1/24
f 648/1/24 365/1/24 120/1/24
f 649/1/24 840/1/24 648/1/24
f 650/1/24 841/1/24 649/1/24
f 55/1/24 842/1/24 650/1/24
f 176/1/24 845/1/24 842/1/24
f 845/1/24 174/1/24 848/1/24
f 848/1/24 49/1/24 675/1/24
f 847/1/24 675/1/24 676/1/24
f 846/1/24 676/1/24 677/1/24
f 363/1/24 677/1/24 114/1/24
f 364/1/24 846/1/24 363/1/24
f 840/1/24 364/1/24 365/1/24
f 850/1/67 852/1/66 849/1/67
f 851/1/67 853/1/66 850/1/67
f 852/1/66 856/1/65 855/1/65
f 853/1/66 857/1/65 856/1/65
f 692/1/35 179/1/67 54/1/35
f 691/1/35 849/1/67 692/1/35
f 690/1/35 850/1/67 691/1/35
f 117/1/35 851/1/67 690/1/35
f 372/1/67 854/1/66 851/1/67
f 854/1/66 374/1/65 857/1/65
f 857/1/65 111/1/32 672/1/32
f 856/1/65 672/1/32 673/1/32
f 855/1/65 673/1/32 674/1/32
f 177/1/65 674/1/32 48/1/32
f 178/1/66 855/1/65 177/1/65
f 849/1/67 178/1/66 179/1/67
f 859/1/31 861/1/31 858/1/31
f 860/1/31 862/1/31 859/1/31
f 861/1/31 865/1/31 864/1/31
f 862/1/31 866/1/31 865/1/31
f 689/1/31 371/1/31 118/1/31
f 688/1/31 858/1/31 689/1/31
f 687/1/31 859/1/31 688/1/31
f 53/1/31 860/1/31 687/1/31
f 182/1/31 863/1/31 860/1/31
f 863/1/31 180/1/31 866/1/31
f 866/1/31 47/1/31 669/1/31
f 865/1/31 669/1/31 670/1/31
f 864/1/31 670/1/31 671/1/31
f 369/1/31 671/1/31 112/1/31
f 370/1/31 864/1/31 369/1/31
f 858/1/31 370/1/31 371/1/31
f 868/1/70 870/1/69 867/1/70
f 869/1/70 871/1/69 868/1/70
f 870/1/69 874/1/68 873/1/68
f 871/1/69 875/1/68 874/1/68
f 686/1/34 185/1/70 52/1/34
f 685/1/34 867/1/70 686/1/34
f 684/1/34 868/1/70 685/1/34
f 115/1/34 869/1/70 684/1/34
f 378/1/70 872/1/69 869/1/70
f 872/1/69 380/1/68 875/1/68
f 875/1/68 109/1/30 666/1/30
f 874/1/68 666/1/30 667/1/30
f 873/1/68 667/1/30 668/1/30
f 183/1/68 668/1/30 46/1/30
f 184/1/69 873/1/68 183/1/68
f 867/1/70 184/1/69 185/1/70
f 877/1/21 879/1/21 876/1/21
f 878/1/21 880/1/21 877/1/21
f 879/1/21 883/1/21 882/1/21
f 880/1/21 884/1/21 883/1/21
f 683/1/21 377/1/21 116/1/21
f 682/1/21 876/1/21 683/1/21
f 681/1/21 877/1/21 682/1/21
f 51/1/21 878/1/21 681/1/21
f 188/1/21 881/1/21 878/1/21
f 881/1/21 186/1/21 884/1/21
f 884/1/21 45/1/21 663/1/21
f 883/1/21 663/1/21 664/1/21
f 882/1/21 664/1/21 665/1/21
f 375/1/21 665/1/21 110/1/21
f 376/1/21 882/1/21 375/1/21
f 876/1/21 376/1/21 377/1/21
f 886/1/73 888/1/72 885/1/73
f 887/1/73 889/1/72 886/1/73
f 888/1/72 892/1/71 891/1/71
f 889/1/72 893/1/71 892/1/71
f 680/1/33 191/1/73 50/1/33
f 679/1/33 885/1/73 680/1/33
f 678/1/33 886/1/73 679/1/33
f 113/1/33 887/1/73 678/1/33
f 384/1/73 890/1/72 887/1/73
f 890/1/72 386/1/71 893/1/71
f 893/1/71 107/1/29 660/1/29
f 892/1/71 660/1/29 661/1/29
f 891/1/71 661/1/29 662/1/29
f 189/1/71 662/1/29 44/1/29
f 190/1/72 891/1/71 189/1/71
f 885/1/73 190/1/72 191/1/73
f 895/1/24 897/1/19 894/1/24
f 896/1/24 898/1/19 895/1/24
f 897/1/19 901/1/19 900/1/19
f 898/1/19 902/1/19 901/1/19
f 677/1/24 383/1/24 114/1/24
f 676/1/24 894/1/24 677/1/24
f 675/1/24 895/1/24 676/1/24
f 49/1/24 896/1/24 675/1/24
f 194/1/24 899/1/19 896/1/24
f 899/1/19 192/1/19 902/1/19
f 902/1/19 43/1/19 657/1/19
f 901/1/19 657/1/19 658/1/19
f 900/1/19 658/1/19 659/1/19
f 381/1/19 659/1/19 108/1/19
f 382/1/19 900/1/19 381/1/19
f 894/1/24 382/1/19 383/1/24
f 904/1/76 906/1/75 903/1/76
f 905/1/76 907/1/75 904/1/76
f 906/1/75 910/1/74 909/1/74
f 907/1/75 911/1/74 910/1/74
f 674/1/32 197/1/76 48/1/32
f 673/1/32 903/1/76 674/1/32
f 672/1/32 904/1/76 673/1/32
f 111/1/32 905/1/76 672/1/32
f 390/1/76 908/1/75 905/1/76
f 908/1/75 392/1/74 911/1/74
f 911/1/74 105/1/28 654/1/28
f 910/1/74 654/1/28 655/1/28
f 909/1/74 655/1/28 656/1/28
f 195/1/74 656/1/28 42/1/28
f 196/1/75 909/1/74 195/1/74
f 903/1/76 196/1/75 197/1/76
f 913/1/31 915/1/31 912/1/31
f 914/1/31 916/1/31 913/1/31
f 915/1/31 919/1/24 918/1/24
f 916/1/31 920/1/24 919/1/24
f 671/1/31 389/1/31 112/1/31
f 670/1/31 912/1/31 671/1/31
f 669/1/31 913/1/31 670/1/31
f 47/1/31 914/1/31 669/1/31
f 200/1/31 917/1/31 914/1/31
f 917/1/31 198/1/24 920/1/24
f 920/1/24 41/1/24 651/1/24
f 919/1/24 651/1/24 652/1/24
f 918/1/24 652/1/24 653/1/24
f 387/1/24 653/1/24 106/1/24
f 388/1/31 918/1/24 387/1/24
f 912/1/31 388/1/31 389/1/31
f 922/1/79 924/1/78 921/1/79
f 923/1/79 925/1/78 922/1/79
f 924/1/78 928/1/77 927/1/77
f 925/1/78 929/1/77 928/1/77
f 668/1/30 203/1/79 46/1/30
f 667/1/30 921/1/79 668/1/30
f 666/1/30 922/1/79 667/1/30
f 109/1/30 923/1/79 666/1/30
f 396/1/79 926/1/78 923/1/79
f 926/1/78 398/1/77 929/1/77
f 929/1/77 103/1/27 630/1/27
f 928/1/77 630/1/27 631/1/27
f 927/1/77 631/1/27 632/1/27
f 201/1/77 632/1/27 40/1/27
f 202/1/78 927/1/77 201/1/77
f 921/1/79 202/1/78 203/1/79
f 931/1/21 933/1/21 930/1/21
f 932/1/21 934/1/21 931/1/21
f 933/1/21 937/1/21 936/1/21
f 934/1/21 938/1/21 937/1/21
f 665/1/21 395/1/21 110/1/21
f 664/1/21 930/1/21 665/1/21
f 663/1/21 931/1/21 664/1/21
f 45/1/21 932/1/21 663/1/21
f 206/1/21 935/1/21 932/1/21
f 935/1/21 204/1/21 938/1/21
f 938/1/21 39/1/21 627/1/21
f 937/1/21 627/1/21 628/1/21
f 936/1/21 628/1/21 629/1/21
f 393/1/21 629/1/21 104/1/21
f 394/1/21 936/1/21 393/1/21
f 930/1/21 394/1/21 395/1/21
f 940/1/82 942/1/81 939/1/82
f 941/1/82 943/1/81 940/1/82
f 942/1/81 946/1/80 945/1/80
f 943/1/81 947/1/80 946/1/80
f 662/1/29 209/1/82 44/1/29
f 661/1/29 939/1/82 662/1/29
f 660/1/29 940/1/82 661/1/29
f 107/1/29 941/1/82 660/1/29
f 402/1/82 944/1/81 941/1/82
f 944/1/81 404/1/80 947/1/80
f 947/1/80 101/1/26 624/1/26
f 946/1/80 624/1/26 625/1/26
f 945/1/80 625/1/26 626/1/26
f 207/1/80 626/1/26 38/1/26
f 208/1/81 945/1/80 207/1/80
f 939/1/82 208/1/81 209/1/82
f 949/1/19 951/1/19 948/1/19
f 950/1/19 952/1/19 949/1/19
f 951/1/19 955/1/19 954/1/19
f 952/1/19 956/1/19 955/1/19
f 659/1/19 401/1/19 108/1/19
f 658/1/19 948/1/19 659/1/19
f 657/1/19 949/1/19 658/1/19
f 43/1/19 950/1/19 657/1/19
f 212/1/19 953/1/19 950/1/19
f 953/1/19 210/1/19 956/1/19
f 956/1/19 37/1/19 621/1/19
f 955/1/19 621/1/19 622/1/19
f 954/1/19 622/1/19 623/1/19
f 399/1/19 623/1/19 102/1/19
f 400/1/19 954/1/19 399/1/19
f 948/1/19 400/1/19 401/1/19
f 958/1/85 960/1/84 957/1/85
f 959/1/85 961/1/84 958/1/85
f 960/1/84 964/1/83 963/1/83
f 961/1/84 965/1/83 964/1/83
f 656/1/28 215/1/85 42/1/28
f 655/1/28 957/1/85 656/1/28
f 654/1/28 958/1/85 655/1/28
f 105/1/28 959/1/85 654/1/28
f 408/1/85 962/1/84 959/1/85
f 962/1/84 410/1/83 965/1/83
f 965/1/83 99/1/25 633/1/25
f 964/1/83 633/1/25 634/1/25
f 963/1/83 634/1/25 635/1/25
f 213/1/83 635/1/25 36/1/25
f 214/1/84 963/1/83 213/1/83
f 957/1/85 214/1/84 215/1/85
f 967/1/94 969/1/93 966/1/94
f 968/1/94 970/1/93 967/1/94
f 969/1/93 973/1/92 972/1/92
f 970/1/93 974/1/92 973/1/92
f 635/1/25 233/1/94 36/1/25
f 634/1/25 966/1/94 635/1/25
f 633/1/25 967/1/94 634/1/25
f 99/1/25 968/1/94 633/1/25
f 426/1/94 971/1/93 968/1/94
f 971/1/93 428/1/92 974/1/92
f 974/1/92 98/1/23 638/1/23
f 973/1/92 638/1/23 637/1/23
f 972/1/92 637/1/23 636/1/23
f 231/1/92 636/1/23 33/1/23
f 232/1/93 972/1/92 231/1/92
f 966/1/94 232/1/93 233/1/94
f 976/1/88 978/1/87 975/1/88
f 977/1/88 979/1/87 976/1/88
f 978/1/87 982/1/86 981/1/86
f 979/1/87 983/1/86 982/1/86
f 632/1/27 221/1/88 40/1/27
f 631/1/27 975/1/88 632/1/27
f 630/1/27 976/1/88 631/1/27
f 103/1/27 977/1/88 630/1/27
f 414/1/88 980/1/87 977/1/88
f 980/1/87 416/1/86 983/1/86
f 983/1/86 95/1/22 618/1/22
f 982/1/86 618/1/22 619/1/22
f 981/1/86 619/1/22 620/1/22
f 219/1/86 620/1/22 32/1/22
f 220/1/87 981/1/86 219/1/86
f 975/1/88 220/1/87 221/1/88
f 985/1/21 987/1/21 984/1/21
f 986/1/21 988/1/21 985/1/21
f 987/1/21 991/1/21 990/1/21
f 988/1/21 992/1/21 991/1/21
f 629/1/21 413/1/21 104/1/21
f 628/1/21 984/1/21 629/1/21
f 627/1/21 985/1/21 628/1/21
f 39/1/21 986/1/21 627/1/21
f 224/1/21 989/1/21 986/1/21
f 989/1/21 222/1/21 992/1/21
f 992/1/21 31/1/21 615/1/21
f 991/1/21 615/1/21 616/1/21
f 990/1/21 616/1/21 617/1/21
f 411/1/21 617/1/21 96/1/21
f 412/1/21 990/1/21 411/1/21
f 984/1/21 412/1/21 413/1/21
f 994/1/91 996/1/90 993/1/91
f 995/1/91 997/1/90 994/1/91
f 996/1/90 1000/1/89 999/1/89
f 997/1/90 1001/1/89 1000/1/89
f 626/1/26 227/1/91 38/1/26
f 625/1/26 993/1/91 626/1/26
f 624/1/26 994/1/91 625/1/26
f 101/1/26 995/1/91 624/1/26
f 420/1/91 998/1/90 995/1/91
f 998/1/90 422/1/89 1001/1/89
f 1001/1/89 93/1/20 612/1/20
f 1000/1/89 612/1/20 613/1/20
f 999/1/89 613/1/20 614/1/20
f 225/1/89 614/1/20 30/1/20
f 226/1/90 999/1/89 225/1/89
f 993/1/91 226/1/90 227/1/91
f 1003/1/55 1005/1/54 1002/1/55
f 1004/1/55 1006/1/54 1003/1/55
f 1005/1/54 1009/1/53 1008/1/53
f 1006/1/54 1010/1/53 1009/1/53
f 636/1/23 155/1/55 33/1/23
f 637/1/23 1002/1/55 636/1/23
f 638/1/23 1003/1/55 637/1/23
f 98/1/23 1004/1/55 638/1/23
f 348/1/55 1007/1/54 1004/1/55
f 1007/1/54 350/1/53 1010/1/53
f 1010/1/53 119/1/36 641/1/36
f 1009/1/53 641/1/36 640/1/36
f 1008/1/53 640/1/36 639/1/36
f 153/1/53 639/1/36 56/1/36
f 154/1/54 1008/1/53 153/1/53
f 1002/1/55 154/1/54 155/1/55
f 1012/1/24 1014/1/24 1011/1/24
f 1013/1/24 1015/1/24 1012/1/24
f 1014/1/24 1018/1/24 1017/1/24
f 1015/1/24 1019/1/24 1018/1/24
f 645/1/24 347/1/24 97/1/24
f 646/1/24 1011/1/24 645/1/24
f 647/1/24 1012/1/24 646/1/24
f 34/1/24 1013/1/24 647/1/24
f 158/1/24 1016/1/24 1013/1/24
f 1016/1/24 156/1/24 1019/1/24
f 1019/1/24 55/1/24 650/1/24
f 1018/1/24 650/1/24 649/1/24
f 1017/1/24 649/1/24 648/1/24
f 345/1/24 648/1/24 120/1/24
f 346/1/24 1017/1/24 345/1/24
f 1011/1/24 346/1/24 347/1/24
f 1021/1/19 1023/1/19 1020/1/19
f 1022/1/19 1024/1/19 1021/1/19
f 1023/1/19 1027/1/19 1026/1/19
f 1024/1/19 1028/1/19 1027/1/19
f 623/1/19 419/1/19 102/1/19
f 622/1/19 1020/1/19 623/1/19
f 621/1/19 1021/1/19 622/1/19
f 37/1/19 1022/1/19 621/1/19
f 230/1/19 1025/1/19 1022/1/19
f 1025/1/19 228/1/19 1028/1/19
f 1028/1/19 29/1/19 609/1/19
f 1027/1/19 609/1/19 610/1/19
f 1026/1/19 610/1/19 611/1/19
f 417/1/19 611/1/19 94/1/19
f 418/1/19 1026/1/19 417/1/19
f 1020/1/19 418/1/19 419/1/19
f 1030/1/97 1032/1/96 1029/1/97
f 1031/1/97 1033/1/96 1030/1/97
f 1032/1/96 1036/1/95 1035/1/95
f 1033/1/96 1037/1/95 1036/1/95
f 620/1/22 239/1/97 32/1/22
f 619/1/22 1029/1/97 620/1/22
f 618/1/22 1030/1/97 619/1/22
f 95/1/22 1031/1/97 618/1/22
f 432/1/97 1034/1/96 1031/1/97
f 1034/1/96 434/1/95 1037/1/95
f 1037/1/95 91/1/18 606/1/18
f 1036/1/95 606/1/18 607/1/18
f 1035/1/95 607/1/18 608/1/18
f 237/1/95 608/1/18 28/1/18
f 238/1/96 1035/1/95 237/1/95
f 1029/1/97 238/1/96 239/1/97
f 1039/1/21 1041/1/13 1038/1/21
f 1040/1/21 1042/1/13 1039/1/21
f 1041/1/13 1045/1/13 1044/1/13
f 1042/1/13 1046/1/13 1045/1/13
f 617/1/21 431/1/21 96/1/21
f 616/1/21 1038/1/21 617/1/21
f 615/1/21 1039/1/21 616/1/21
f 31/1/21 1040/1/21 615/1/21
f 242/1/21 1043/1/13 1040/1/21
f 1043/1/13 240/1/13 1046/1/13
f 1046/1/13 27/1/13 603/1/13
f 1045/1/13 603/1/13 604/1/13
f 1044/1/13 604/1/13 605/1/13
f 429/1/13 605/1/13 92/1/13
f 430/1/13 1044/1/13 429/1/13
f 1038/1/21 430/1/13 431/1/21
f 1048/1/100 1050/1/99 1047/1/100
f 1049/1/100 1051/1/99 1048/1/100
f 1050/1/99 1054/1/98 1053/1/98
f 1051/1/99 1055/1/98 1054/1/98
f 614/1/20 245/1/100 30/1/20
f 613/1/20 1047/1/100 614/1/20
f 612/1/20 1048/1/100 613/1/20
f 93/1/20 1049/1/100 612/1/20
f 438/1/100 1052/1/99 1049/1/100
f 1052/1/99 440/1/98 1055/1/98
f 1055/1/98 89/1/17 600/1/17
f 1054/1/98 600/1/17 601/1/17
f 1053/1/98 601/1/17 602/1/17
f 243/1/98 602/1/17 26/1/17
f 244/1/99 1053/1/98 243/1/98
f 1047/1/100 244/1/99 245/1/100
f 1057/1/19 1059/1/19 1056/1/19
f 1058/1/19 1060/1/19 1057/1/19
f 1059/1/19 1063/1/7 1062/1/7
f 1060/1/19 1064/1/7 1063/1/7
f 611/1/19 437/1/19 94/1/19
f 610/1/19 1056/1/19 611/1/19
f 609/1/19 1057/1/19 610/1/19
f 29/1/19 1058/1/19 609/1/19
f 248/1/19 1061/1/19 1058/1/19
f 1061/1/19 246/1/7 1064/1/7
f 1064/1/7 25/1/7 597/1/7
f 1063/1/7 597/1/7 598/1/7
f 1062/1/7 598/1/7 599/1/7
f 435/1/7 599/1/7 90/1/7
f 436/1/19 1062/1/7 435/1/7
f 1056/1/19 436/1/19 437/1/19
f 1066/1/103 1068/1/102 1065/1/103
f 1067/1/103 1069/1/102 1066/1/103
f 1068/1/102 1072/1/101 1071/1/101
f 1069/1/102 1073/1/101 1072/1/101
f 608/1/18 251/1/103 28/1/18
f 607/1/18 1065/1/103 608/1/18
f 606/1/18 1066/1/103 607/1/18
f 91/1/18 1067/1/103 606/1/18
f 444/1/103 1070/1/102 1067/1/103
f 1070/1/102 446/1/101 1073/1/101
f 1073/1/101 87/1/16 594/1/16
f 1072/1/101 594/1/16 595/1/16
f 1071/1/101 595/1/16 596/1/16
f 249/1/101 596/1/16 24/1/16
f 250/1/102 1071/1/101 249/1/101
f 1065/1/103 250/1/102 251/1/103
f 1075/1/13 1077/1/13 1074/1/13
f 1076/1/13 1078/1/13 1075/1/13
f 1077/1/13 1081/1/13 1080/1/13
f 1078/1/13 1082/1/13 1081/1/13
f 605/1/13 443/1/13 92/1/13
f 604/1/13 1074/1/13 605/1/13
f 603/1/13 1075/1/13 604/1/13
f 27/1/13 1076/1/13 603/1/13
f 254/1/13 1079/1/13 1076/1/13
f 1079/1/13 252/1/13 1082/1/13
f 1082/1/13 23/1/13 591/1/13
f 1081/1/13 591/1/13 592/1/13
f 1080/1/13 592/1/13 593/1/13
f 441/1/13 593/1/13 88/1/13
f 442/1/13 1080/1/13 441/1/13
f 1074/1/13 442/1/13 443/1/13
f 1084/1/106 1086/1/105 1083/1/106
f 1085/1/106 1087/1/105 1084/1/106
f 1086/1/105 1090/1/104 1089/1/104
f 1087/1/105 1091/1/104 1090/1/104
f 602/1/17 257/1/106 26/1/17
f 601/1/17 1083/1/106 602/1/17
f 600/1/17 1084/1/106 601/1/17
f 89/1/17 1085/1/106 600/1/17
f 450/1/106 1088/1/105 1085/1/106
f 1088/1/105 452/1/104 1091/1/104
f 1091/1/104 85/1/15 588/1/15
f 1090/1/104 588/1/15 589/1/15
f 1089/1/104 589/1/15 590/1/15
f 255/1/104 590/1/15 22/1/15
f 256/1/105 1089/1/104 255/1/104
f 1083/1/106 256/1/105 257/1/106
f 1093/1/7 1095/1/7 1092/1/7
f 1094/1/7 1096/1/7 1093/1/7
f 1095/1/7 1099/1/7 1098/1/7
f 1096/1/7 1100/1/7 1099/1/7
f 599/1/7 449/1/7 90/1/7
f 598/1/7 1092/1/7 599/1/7
f 597/1/7 1093/1/7 598/1/7
f 25/1/7 1094/1/7 597/1/7
f 260/1/7 1097/1/7 1094/1/7
f 1097/1/7 258/1/7 1100/1/7
f 1100/1/7 21/1/7 585/1/7
f 1099/1/7 585/1/7 586/1/7
f 1098/1/7 586/1/7 587/1/7
f 447/1/7 587/1/7 86/1/7
f 448/1/7 1098/1/7 447/1/7
f 1092/1/7 448/1/7 449/1/7
f 1102/1/109 1104/1/108 1101/1/109
f 1103/1/109 1105/1/108 1102/1/109
f 1104/1/108 1108/1/107 1107/1/107
f 1105/1/108 1109/1/107 1108/1/107
f 596/1/16 263/1/109 24/1/16
f 595/1/16 1101/1/109 596/1/16
f 594/1/16 1102/1/109 595/1/16
f 87/1/16 1103/1/109 594/1/16
f 456/1/109 1106/1/108 1103/1/109
f 1106/1/108 458/1/107 1109/1/107
f 1109/1/107 83/1/14 582/1/14
f 1108/1/107 582/1/14 583/1/14
f 1107/1/107 583/1/14 584/1/14
f 261/1/107 584/1/14 20/1/14
f 262/1/108 1107/1/107 261/1/107
f 1101/1/109 262/1/108 263/1/109
f 1111/1/13 1113/1/13 1110/1/13
f 1112/1/13 1114/1/13 1111/1/13
f 1113/1/13 1117/1/13 1116/1/13
f 1114/1/13 1118/1/13 1117/1/13
f 593/1/13 455/1/13 88/1/13
f 592/1/13 1110/1/13 593/1/13
f 591/1/13 1111/1/13 592/1/13
f 23/1/13 1112/1/13 591/1/13
f 266/1/13 1115/1/13 1112/1/13
f 1115/1/13 264/1/13 1118/1/13
f 1118/1/13 19/1/13 579/1/13
f 1117/1/13 579/1/13 580/1/13
f 1116/1/13 580/1/13 581/1/13
f 453/1/13 581/1/13 84/1/13
f 454/1/13 1116/1/13 453/1/13
f 1110/1/13 454/1/13 455/1/13
f 1120/1/112 1122/1/111 1119/1/112
f 1121/1/112 1123/1/111 1120/1/112
f 1122/1/111 1126/1/110 1125/1/110
f 1123/1/111 1127/1/110 1126/1/110
f 590/1/15 269/1/112 22/1/15
f 589/1/15 1119/1/112 590/1/15
f 588/1/15 1120/1/112 589/1/15
f 85/1/15 1121/1/112 588/1/15
f 462/1/112 1124/1/111 1121/1/112
f 1124/1/111 464/1/110 1127/1/110
f 1127/1/110 81/1/12 576/1/12
f 1126/1/110 576/1/12 577/1/12
f 1125/1/110 577/1/12 578/1/12
f 267/1/110 578/1/12 18/1/12
f 268/1/111 1125/1/110 267/1/110
f 1119/1/112 268/1/111 269/1/112
f 1129/1/7 1131/1/7 1128/1/7
f 1130/1/7 1132/1/7 1129/1/7
f 1131/1/7 1135/1/7 1134/1/7
f 1132/1/7 1136/1/7 1135/1/7
f 587/1/7 461/1/7 86/1/7
f 586/1/7 1128/1/7 587/1/7
f 585/1/7 1129/1/7 586/1/7
f 21/1/7 1130/1/7 585/1/7
f 272/1/7 1133/1/7 1130/1/7
f 1133/1/7 270/1/7 1136/1/7
f 1136/1/7 17/1/7 573/1/7
f 1135/1/7 573/1/7 574/1/7
f 1134/1/7 574/1/7 575/1/7
f 459/1/7 575/1/7 82/1/7
f 460/1/7 1134/1/7 459/1/7
f 1128/1/7 460/1/7 461/1/7
f 1138/1/115 1140/1/114 1137/1/115
f 1139/1/115 1141/1/114 1138/1/115
f 1140/1/114 1144/1/113 1143/1/113
f 1141/1/114 1145/1/113 1144/1/113
f 584/1/14 275/1/115 20/1/14
f 583/1/14 1137/1/115 584/1/14
f 582/1/14 1138/1/115 583/1/14
f 83/1/14 1139/1/115 582/1/14
f 468/1/115 1142/1/114 1139/1/115
f 1142/1/114 470/1/113 1145/1/113
f 1145/1/113 79/1/11 570/1/11
f 1144/1/113 570/1/11 571/1/11
f 1143/1/113 571/1/11 572/1/11
f 273/1/113 572/1/11 16/1/11
f 274/1/114 1143/1/113 273/1/113
f 1137/1/115 274/1/114 275/1/115
f 1147/1/13 1149/1/13 1146/1/13
f 1148/1/13 1150/1/13 1147/1/13
f 1149/1/13 1153/1/5 1152/1/5
f 1150/1/13 1154/1/5 1153/1/5
f 581/1/13 467/1/13 84/1/13
f 580/1/13 1146/1/13 581/1/13
f 579/1/13 1147/1/13 580/1/13
f 19/1/13 1148/1/13 579/1/13
f 278/1/13 1151/1/13 1148/1/13
f 1151/1/13 276/1/5 1154/1/5
f 1154/1/5 15/1/5 567/1/5
f 1153/1/5 567/1/5 568/1/5
f 1152/1/5 568/1/5 569/1/5
f 465/1/5 569/1/5 80/1/5
f 466/1/13 1152/1/5 465/1/5
f 1146/1/13 466/1/13 467/1/13
f 1156/1/118 1158/1/117 1155/1/118
f 1157/1/118 1159/1/117 1156/1/118
f 1158/1/117 1162/1/116 1161/1/116
f 1159/1/117 1163/1/116 1162/1/116
f 578/1/12 281/1/118 18/1/12
f 577/1/12 1155/1/118 578/1/12
f 576/1/12 1156/1/118 577/1/12
f 81/1/12 1157/1/118 576/1/12
f 474/1/118 1160/1/117 1157/1/118
f 1160/1/117 476/1/116 1163/1/116
f 1163/1/116 77/1/10 564/1/10
f 1162/1/116 564/1/10 565/1/10
f 1161/1/116 565/1/10 566/1/10
f 279/1/116 566/1/10 14/1/10
f 280/1/117 1161/1/116 279/1/116
f 1155/1/118 280/1/117 281/1/118
f 1165/1/7 1167/1/7 1164/1/7
f 1166/1/7 1168/1/7 1165/1/7
f 1167/1/7 1171/1/7 1170/1/7
f 1168/1/7 1172/1/7 1171/1/7
f 575/1/7 473/1/7 82/1/7
f 574/1/7 1164/1/7 575/1/7
f 573/1/7 1165/1/7 574/1/7
f 17/1/7 1166/1/7 573/1/7
f 284/1/7 1169/1/7 1166/1/7
f 1169/1/7 282/1/7 1172/1/7
f 1172/1/7 13/1/7 561/1/7
f 1171/1/7 561/1/7 562/1/7
f 1170/1/7 562/1/7 563/1/7
f 471/1/7 563/1/7 78/1/7
f 472/1/7 1170/1/7 471/1/7
f 1164/1/7 472/1/7 473/1/7
f 1174/1/121 1176/1/120 1173/1/121
f 1175/1/121 1177/1/120 1174/1/121
f 1176/1/120 1180/1/119 1179/1/119
f 1177/1/120 1181/1/119 1180/1/119
f 572/1/11 287/1/121 16/1/11
f 571/1/11 1173/1/121 572/1/11
f 570/1/11 1174/1/121 571/1/11
f 79/1/11 1175/1/121 570/1/11
f 480/1/121 1178/1/120 1175/1/121
f 1178/1/120 482/1/119 1181/1/119
f 1181/1/119 75/1/9 558/1/9
f 1180/1/119 558/1/9 559/1/9
f 1179/1/119 559/1/9 560/1/9
f 285/1/119 560/1/9 12/1/9
f 286/1/120 1179/1/119 285/1/119
f 1173/1/121 286/1/120 287/1/121
f 1183/1/5 1185/1/5 1182/1/5
f 1184/1/5 1186/1/5 1183/1/5
f 1185/1/5 1189/1/5 1188/1/5
f 1186/1/5 1190/1/5 1189/1/5
f 569/1/5 479/1/5 80/1/5
f 568/1/5 1182/1/5 569/1/5
f 567/1/5 1183/1/5 568/1/5
f 15/1/5 1184/1/5 567/1/5
f 290/1/5 1187/1/5 1184/1/5
f 1187/1/5 288/1/5 1190/1/5
f 1190/1/5 11/1/5 555/1/5
f 1189/1/5 555/1/5 556/1/5
f 1188/1/5 556/1/5 557/1/5
f 477/1/5 557/1/5 76/1/5
f 478/1/5 1188/1/5 477/1/5
f 1182/1/5 478/1/5 479/1/5
f 1192/1/124 1194/1/123 1191/1/124
f 1193/1/124 1195/1/123 1192/1/124
f 1194/1/123 1198/1/122 1197/1/122
f 1195/1/123 1199/1/122 1198/1/122
f 566/1/10 293/1/124 14/1/10
f 565/1/10 1191/1/124 566/1/10
f 564/1/10 1192/1/124 565/1/10
f 77/1/10 1193/1/124 564/1/10
f 486/1/124 1196/1/123 1193/1/124
f 1196/1/123 488/1/122 1199/1/122
f 1199/1/122 73/1/8 534/1/8
f 1198/1/122 534/1/8 535/1/8
f 1197/1/122 535/1/8 536/1/8
f 291/1/122 536/1/8 10/1/8
f 292/1/123 1197/1/122 291/1/122
f 1191/1/124 292/1/123 293/1/124
f 1201/1/7 1203/1/7 1200/1/7
f 1202/1/7 1204/1/7 1201/1/7
f 1203/1/7 1207/1/7 1206/1/7
f 1204/1/7 1208/1/7 1207/1/7
f 563/1/7 485/1/7 78/1/7
f 562/1/7 1200/1/7 563/1/7
f 561/1/7 1201/1/7 562/1/7
f 13/1/7 1202/1/7 561/1/7
f 296/1/7 1205/1/7 1202/1/7
f 1205/1/7 294/1/7 1208/1/7
f 1208/1/7 9/1/7 531/1/7
f 1207/1/7 531/1/7 532/1/7
f 1206/1/7 532/1/7 533/1/7
f 483/1/7 533/1/7 74/1/7
f 484/1/7 1206/1/7 483/1/7
f 1200/1/7 484/1/7 485/1/7
f 1210/1/127 1212/1/126 1209/1/127
f 1211/1/127 1213/1/126 1210/1/127
f 1212/1/126 1216/1/125 1215/1/125
f 1213/1/126 1217/1/125 1216/1/125
f 560/1/9 299/1/127 12/1/9
f 559/1/9 1209/1/127 560/1/9
f 558/1/9 1210/1/127 559/1/9
f 75/1/9 1211/1/127 558/1/9
f 492/1/127 1214/1/126 1211/1/127
f 1214/1/126 494/1/125 1217/1/125
f 1217/1/125 71/1/6 537/1/6
f 1216/1/125 537/1/6 538/1/6
f 1215/1/125 538/1/6 539/1/6
f 297/1/125 539/1/6 8/1/6
f 298/1/126 1215/1/125 297/1/125
f 1209/1/127 298/1/126 299/1/127
f 1219/1/133 1221/1/132 1218/1/133
f 1220/1/133 1222/1/132 1219/1/133
f 1221/1/132 1225/1/131 1224/1/131
f 1222/1/132 1226/1/131 1225/1/131
f 539/1/6 311/1/133 8/1/6
f 538/1/6 1218/1/133 539/1/6
f 537/1/6 1219/1/133 538/1/6
f 71/1/6 1220/1/133 537/1/6
f 504/1/133 1223/1/132 1220/1/133
f 1223/1/132 506/1/131 1226/1/131
f 1226/1/131 70/1/4 542/1/4
f 1225/1/131 542/1/4 541/1/4
f 1224/1/131 541/1/4 540/1/4
f 309/1/131 540/1/4 5/1/4
f 310/1/132 1224/1/131 309/1/131
f 1218/1/133 310/1/132 311/1/133
f 1228/1/130 1230/1/129 1227/1/130
f 1229/1/130 1231/1/129 1228/1/130
f 1230/1/129 1234/1/128 1233/1/128
f 1231/1/129 1235/1/128 1234/1/128
f 536/1/8 305/1/130 10/1/8
f 535/1/8 1227/1/130 536/1/8
f 534/1/8 1228/1/130 535/1/8
f 73/1/8 1229/1/130 534/1/8
f 498/1/130 1232/1/129 1229/1/130
f 1232/1/129 500/1/128 1235/1/128
f 1235/1/128 67/1/3 513/1/3
f 1234/1/128 513/1/3 514/1/3
f 1233/1/128 514/1/3 515/1/3
f 303/1/128 515/1/3 4/1/3
f 304/1/129 1233/1/128 303/1/128
f 1227/1/130 304/1/129 305/1/130
f 1237/1/43 1239/1/42 1236/1/43
f 1238/1/43 1240/1/42 1237/1/43
f 1239/1/42 1243/1/41 1242/1/41
f 1240/1/42 1244/1/41 1243/1/41
f 540/1/4 131/1/43 5/1/4
f 541/1/4 1236/1/43 540/1/4
f 542/1/4 1237/1/43 541/1/4
f 70/1/4 1238/1/43 542/1/4
f 324/1/43 1241/1/42 1238/1/43
f 1241/1/42 326/1/41 1244/1/41
f 1244/1/41 127/1/40 545/1/40
f 1243/1/41 545/1/40 544/1/40
f 1242/1/41 544/1/40 543/1/40
f 129/1/41 543/1/40 64/1/40
f 130/1/42 1242/1/41 129/1/41
f 1236/1/43 130/1/42 131/1/43
f 1246/1/5 1248/1/5 1245/1/5
f 1247/1/5 1249/1/5 1246/1/5
f 1248/1/5 1252/1/5 1251/1/5
f 1249/1/5 1253/1/5 1252/1/5
f 549/1/5 323/1/5 69/1/5
f 550/1/5 1245/1/5 549/1/5
f 551/1/5 1246/1/5 550/1/5
f 6/1/5 1247/1/5 551/1/5
f 134/1/5 1250/1/5 1247/1/5
f 1250/1/5 132/1/5 1253/1/5
f 1253/1/5 63/1/5 554/1/5
f 1252/1/5 554/1/5 553/1/5
f 1251/1/5 553/1/5 552/1/5
f 321/1/5 552/1/5 128/1/5
f 322/1/5 1251/1/5 321/1/5
f 1245/1/5 322/1/5 323/1/5
f 1255/1/46 1257/1/45 1254/1/46
f 1256/1/46 1258/1/45 1255/1/46
f 1257/1/45 1261/1/44 1260/1/44
f 1258/1/45 1262/1/44 1261/1/44
f 516/1/1 137/1/46 1/1/1
f 517/1/1 1254/1/46 516/1/1
f 518/1/1 1255/1/46 517/1/1
f 66/1/1 1256/1/46 518/1/1
f 330/1/46 1259/1/45 1256/1/46
f 1259/1/45 332/1/44 1262/1/44
f 1262/1/44 125/1/39 521/1/39
f 1261/1/44 521/1/39 520/1/39
f 1260/1/44 520/1/39 519/1/39
f 135/1/44 519/1/39 62/1/39
f 136/1/45 1260/1/44 135/1/44
f 1254/1/46 136/1/45 137/1/46
f 1264/1/2 1266/1/2 1263/1/2
f 1265/1/2 1267/1/2 1264/1/2
f 1266/1/2 1270/1/2 1269/1/2
f 1267/1/2 1271/1/2 1270/1/2
f 525/1/2 329/1/2 65/1/2
f 526/1/2 1263/1/2 525/1/2
f 527/1/2 1264/1/2 526/1/2
f 2/1/2 1265/1/2 527/1/2
f 140/1/2 1268/1/2 1265/1/2
f 1268/1/2 138/1/2 1271/1/2
f 1271/1/2 61/1/2 530/1/2
f 1270/1/2 530/1/2 529/1/2
f 1269/1/2 529/1/2 528/1/2
f 327/1/2 528/1/2 126/1/2
f 328/1/2 1269/1/2 327/1/2
f 1263/1/2 328/1/2 329/1/2
f 1273/1/136 1275/1/135 1272/1/136
f 1274/1/136 1276/1/135 1273/1/136
f 1275/1/135 1279/1/134 1278/1/134
f 1276/1/135 1280/1/134 1279/1/134
f 515/1/3 317/1/136 4/1/3
f 514/1/3 1272/1/136 515/1/3
f 513/1/3 1273/1/136 514/1/3
f 67/1/3 1274/1/136 513/1/3
f 510/1/136 1277/1/135 1274/1/136
f 1277/1/135 512/1/134 1280/1/134
f 1280/1/134 66/1/1 518/1/1
f 1279/1/134 518/1/1 517/1/1
f 1278/1/134 517/1/1 516/1/1
f 315/1/134 516/1/1 1/1/1
f 316/1/135 1278/1/134 315/1/134
f 1272/1/136 316/1/135 317/1/136
f 706/1/5 709/1/5 708/1/5
f 707/1/5 710/1/5 709/1/5
f 708/1/5 709/1/5 712/1/5
f 709/1/5 710/1/5 713/1/5
f 548/1/5 705/1/5 503/1/5
f 547/1/5 706/1/5 705/1/5
f 546/1/5 707/1/5 706/1/5
f 7/1/5 314/1/5 707/1/5
f 314/1/5 313/1/5 710/1/5
f 710/1/5 313/1/5 312/1/5
f 713/1/5 312/1/5 6/1/5
f 712/1/5 713/1/5 551/1/5
f 711/1/5 712/1/5 550/1/5
f 501/1/5 711/1/5 549/1/5
f 502/1/5 708/1/5 711/1/5
f 705/1/5 708/1/5 502/1/5
f 715/1/5 718/1/5 717/1/5
f 716/1/5 719/1/5 718/1/5
f 717/1/5 718/1/5 721/1/5
f 718/1/5 719/1/5 722/1/5
f 557/1/5 714/1/5 491/1/5
f 556/1/5 715/1/5 714/1/5
f 555/1/5 716/1/5 715/1/5
f 11/1/5 302/1/5 716/1/5
f 302/1/5 301/1/5 719/1/5
f 719/1/5 301/1/5 300/1/5
f 722/1/5 300/1/5 7/1/5
f 721/1/5 722/1/5 546/1/5
f 720/1/5 721/1/5 547/1/5
f 489/1/5 720/1/5 548/1/5
f 490/1/5 717/1/5 720/1/5
f 714/1/5 717/1/5 490/1/5
f 724/1/2 727/1/2 726/1/2
f 725/1/2 728/1/2 727/1/2
f 726/1/2 727/1/2 730/1/2
f 727/1/2 728/1/2 731/1/2
f 524/1/2 723/1/2 509/1/2
f 523/1/2 724/1/2 723/1/2
f 522/1/2 725/1/2 724/1/2
f 3/1/2 320/1/2 725/1/2
f 320/1/2 319/1/2 728/1/2
f 728/1/2 319/1/2 318/1/2
f 731/1/2 318/1/2 2/1/2
f 730/1/2 731/1/2 527/1/2
f 729/1/2 730/1/2 526/1/2
f 507/1/2 729/1/2 525/1/2
f 508/1/2 726/1/2 729/1/2
f 723/1/2 726/1/2 508/1/2
f 733/1/7 736/1/2 735/1/2
f 734/1/7 737/1/2 736/1/2
f 735/1/2 736/1/2 739/1/2
f 736/1/2 737/1/2 740/1/2
f 533/1/7 732/1/7 497/1/7
f 532/1/7 733/1/7 732/1/7
f 531/1/7 734/1/7 733/1/7
f 9/1/7 308/1/7 734/1/7
f 308/1/7 307/1/2 737/1/2
f 737/1/2 307/1/2 306/1/2
f 740/1/2 306/1/2 3/1/2
f 739/1/2 740/1/2 522/1/2
f 738/1/2 739/1/2 523/1/2
f 495/1/2 738/1/2 524/1/2
f 496/1/2 735/1/2 738/1/2
f 732/1/7 735/1/2 496/1/2
f 742/1/49 745/1/48 744/1/48
f 743/1/49 746/1/48 745/1/48
f 744/1/48 745/1/48 748/1/47
f 745/1/48 746/1/48 749/1/47
f 543/1/40 741/1/49 143/1/49
f 544/1/40 742/1/49 741/1/49
f 545/1/40 743/1/49 742/1/49
f 127/1/40 336/1/49 743/1/49
f 336/1/49 337/1/48 746/1/48
f 746/1/48 337/1/48 338/1/47
f 749/1/47 338/1/47 123/1/38
f 748/1/47 749/1/47 702/1/38
f 747/1/47 748/1/47 703/1/38
f 141/1/47 747/1/47 704/1/38
f 142/1/48 744/1/48 747/1/47
f 741/1/49 744/1/48 142/1/48
f 751/1/5 754/1/31 753/1/31
f 752/1/5 755/1/31 754/1/31
f 753/1/31 754/1/31 757/1/31
f 754/1/31 755/1/31 758/1/31
f 552/1/5 750/1/5 335/1/5
f 553/1/5 751/1/5 750/1/5
f 554/1/5 752/1/5 751/1/5
f 63/1/5 146/1/5 752/1/5
f 146/1/5 145/1/31 755/1/31
f 755/1/31 145/1/31 144/1/31
f 758/1/31 144/1/31 59/1/31
f 757/1/31 758/1/31 699/1/31
f 756/1/31 757/1/31 700/1/31
f 333/1/31 756/1/31 701/1/31
f 334/1/31 753/1/31 756/1/31
f 750/1/5 753/1/31 334/1/31
f 760/1/52 763/1/51 762/1/51
f 761/1/52 764/1/51 763/1/51
f 762/1/51 763/1/51 766/1/50
f 763/1/51 764/1/51 767/1/50
f 519/1/39 759/1/52 149/1/52
f 520/1/39 760/1/52 759/1/52
f 521/1/39 761/1/52 760/1/52
f 125/1/39 342/1/52 761/1/52
f 342/1/52 343/1/51 764/1/51
f 764/1/51 343/1/51 344/1/50
f 767/1/50 344/1/50 121/1/37
f 766/1/50 767/1/50 696/1/37
f 765/1/50 766/1/50 697/1/37
f 147/1/50 765/1/50 698/1/37
f 148/1/51 762/1/51 765/1/50
f 759/1/52 762/1/51 148/1/51
f 769/1/24 772/1/24 771/1/24
f 770/1/24 773/1/24 772/1/24
f 771/1/24 772/1/24 775/1/24
f 772/1/24 773/1/24 776/1/24
f 644/1/24 768/1/24 425/1/24
f 643/1/24 769/1/24 768/1/24
f 642/1/24 770/1/24 769/1/24
f 35/1/24 236/1/24 770/1/24
f 236/1/24 235/1/24 773/1/24
f 773/1/24 235/1/24 234/1/24
f 776/1/24 234/1/24 34/1/24
f 775/1/24 776/1/24 647/1/24
f 774/1/24 775/1/24 646/1/24
f 423/1/24 774/1/24 645/1/24
f 424/1/24 771/1/24 774/1/24
f 768/1/24 771/1/24 424/1/24
f 778/1/24 781/1/24 780/1/24
f 779/1/24 782/1/24 781/1/24
f 780/1/24 781/1/24 784/1/24
f 781/1/24 782/1/24 785/1/24
f 653/1/24 777/1/24 407/1/24
f 652/1/24 778/1/24 777/1/24
f 651/1/24 779/1/24 778/1/24
f 41/1/24 218/1/24 779/1/24
f 218/1/24 217/1/24 782/1/24
f 782/1/24 217/1/24 216/1/24
f 785/1/24 216/1/24 35/1/24
f 784/1/24 785/1/24 642/1/24
f 783/1/24 784/1/24 643/1/24
f 405/1/24 783/1/24 644/1/24
f 406/1/24 780/1/24 783/1/24
f 777/1/24 780/1/24 406/1/24
f 787/1/2 790/1/2 789/1/2
f 788/1/2 791/1/2 790/1/2
f 789/1/2 790/1/2 793/1/21
f 790/1/2 791/1/2 794/1/21
f 528/1/2 786/1/2 341/1/2
f 529/1/2 787/1/2 786/1/2
f 530/1/2 788/1/2 787/1/2
f 61/1/2 152/1/2 788/1/2
f 152/1/2 151/1/2 791/1/2
f 791/1/2 151/1/2 150/1/21
f 794/1/21 150/1/21 57/1/21
f 793/1/21 794/1/21 693/1/21
f 792/1/21 793/1/21 694/1/21
f 339/1/21 792/1/21 695/1/21
f 340/1/2 789/1/2 792/1/21
f 786/1/2 789/1/2 340/1/2
f 796/1/58 799/1/57 798/1/57
f 797/1/58 800/1/57 799/1/57
f 798/1/57 799/1/57 802/1/56
f 799/1/57 800/1/57 803/1/56
f 704/1/38 795/1/58 161/1/58
f 703/1/38 796/1/58 795/1/58
f 702/1/38 797/1/58 796/1/58
f 123/1/38 354/1/58 797/1/58
f 354/1/58 355/1/57 800/1/57
f 800/1/57 355/1/57 356/1/56
f 803/1/56 356/1/56 117/1/35
f 802/1/56 803/1/56 690/1/35
f 801/1/56 802/1/56 691/1/35
f 159/1/56 801/1/56 692/1/35
f 160/1/57 798/1/57 801/1/56
f 795/1/58 798/1/57 160/1/57
f 805/1/31 808/1/31 807/1/31
f 806/1/31 809/1/31 808/1/31
f 807/1/31 808/1/31 811/1/31
f 808/1/31 809/1/31 812/1/31
f 701/1/31 804/1/31 353/1/31
f 700/1/31 805/1/31 804/1/31
f 699/1/31 806/1/31 805/1/31
f 59/1/31 164/1/31 806/1/31
f 164/1/31 163/1/31 809/1/31
f 809/1/31 163/1/31 162/1/31
f 812/1/31 162/1/31 53/1/31
f 811/1/31 812/1/31 687/1/31
f 810/1/31 811/1/31 688/1/31
f 351/1/31 810/1/31 689/1/31
f 352/1/31 807/1/31 810/1/31
f 804/1/31 807/1/31 352/1/31
f 814/1/61 817/1/60 816/1/60
f 815/1/61 818/1/60 817/1/60
f 816/1/60 817/1/60 820/1/59
f 817/1/60 818/1/60 821/1/59
f 698/1/37 813/1/61 167/1/61
f 697/1/37 814/1/61 813/1/61
f 696/1/37 815/1/61 814/1/61
f 121/1/37 360/1/61 815/1/61
f 360/1/61 361/1/60 818/1/60
f 818/1/60 361/1/60 362/1/59
f 821/1/59 362/1/59 115/1/34
f 820/1/59 821/1/59 684/1/34
f 819/1/59 820/1/59 685/1/34
f 165/1/59 819/1/59 686/1/34
f 166/1/60 816/1/60 819/1/59
f 813/1/61 816/1/60 166/1/60
f 823/1/21 826/1/21 825/1/21
f 824/1/21 827/1/21 826/1/21
f 825/1/21 826/1/21 829/1/21
f 826/1/21 827/1/21 830/1/21
f 695/1/21 822/1/21 359/1/21
f 694/1/21 823/1/21 822/1/21
f 693/1/21 824/1/21 823/1/21
f 57/1/21 170/1/21 824/1/21
f 170/1/21 169/1/21 827/1/21
f 827/1/21 169/1/21 168/1/21
f 830/1/21 168/1/21 51/1/21
f 829/1/21 830/1/21 681/1/21
f 828/1/21 829/1/21 682/1/21
f 357/1/21 828/1/21 683/1/21
f 358/1/21 825/1/21 828/1/21
f 822/1/21 825/1/21 358/1/21
f 832/1/64 835/1/63 834/1/63
f 833/1/64 836/1/63 835/1/63
f 834/1/63 835/1/63 838/1/62
f 835/1/63 836/1/63 839/1/62
f 639/1/36 831/1/64 173/1/64
f 640/1/36 832/1/64 831/1/64
f 641/1/36 833/1/64 832/1/64
f 119/1/36 366/1/64 833/1/64
f 366/1/64 367/1/63 836/1/63
f 836/1/63 367/1/63 368/1/62
f 839/1/62 368/1/62 113/1/33
f 838/1/62 839/1/62 678/1/33
f 837/1/62 838/1/62 679/1/33
f 171/1/62 837/1/62 680/1/33
f 172/1/63 834/1/63 837/1/62
f 831/1/64 834/1/63 172/1/63
f 841/1/24 844/1/24 843/1/24
f 842/1/24 845/1/24 844/1/24
f 843/1/24 844/1/24 847/1/24
f 844/1/24 845/1/24 848/1/24
f 648/1/24 840/1/24 365/1/24
f 649/1/24 841/1/24 840/1/24
f 650/1/24 842/1/24 841/1/24
f 55/1/24 176/1/24 842/1/24
f 176/1/24 175/1/24 845/1/24
f 845/1/24 175/1/24 174/1/24
f 848/1/24 174/1/24 49/1/24
f 847/1/24 848/1/24 675/1/24
f 846/1/24 847/1/24 676/1/24
f 363/1/24 846/1/24 677/1/24
f 364/1/24 843/1/24 846/1/24
f 840/1/24 843/1/24 364/1/24
f 850/1/67 853/1/66 852/1/66
f 851/1/67 854/1/66 853/1/66
f 852/1/66 853/1/66 856/1/65
f 853/1/66 854/1/66 857/1/65
f 692/1/35 849/1/67 179/1/67
f 691/1/35 850/1/67 849/1/67
f 690/1/35 851/1/67 850/1/67
f 117/1/35 372/1/67 851/1/67
f 372/1/67 373/1/66 854/1/66
f 854/1/66 373/1/66 374/1/65
f 857/1/65 374/1/65 111/1/32
f 856/1/65 857/1/65 672/1/32
f 855/1/65 856/1/65 673/1/32
f 177/1/65 855/1/65 674/1/32
f 178/1/66 852/1/66 855/1/65
f 849/1/67 852/1/66 178/1/66
f 859/1/31 862/1/31 861/1/31
f 860/1/31 863/1/31 862/1/31
f 861/1/31 862/1/31 865/1/31
f 862/1/31 863/1/31 866/1/31
f 689/1/31 858/1/31 371/1/31
f 688/1/31 859/1/31 858/1/31
f 687/1/31 860/1/31 859/1/31
f 53/1/31 182/1/31 860/1/31
f 182/1/31 181/1/31 863/1/31
f 863/1/31 181/1/31 180/1/31
f 866/1/31 180/1/31 47/1/31
f 865/1/31 866/1/31 669/1/31
f 864/1/31 865/1/31 670/1/31
f 369/1/31 864/1/31 671/1/31
f 370/1/31 861/1/31 864/1/31
f 858/1/31 861/1/31 370/1/31
f 868/1/70 871/1/69 870/1/69
f 869/1/70 872/1/69 871/1/69
f 870/1/69 871/1/69 874/1/68
f 871/1/69 872/1/69 875/1/68
f 686/1/34 867/1/70 185/1/70
f 685/1/34 868/1/70 867/1/70
f 684/1/34 869/1/70 868/1/70
f 115/1/34 378/1/70 869/1/70
f 378/1/70 379/1/69 872/1/69
f 872/1/69 379/1/69 380/1/68
f 875/1/68 380/1/68 109/1/30
f 874/1/68 875/1/68 666/1/30
f 873/1/68 874/1/68 667/1/30
f 183/1/68 873/1/68 668/1/30
f 184/1/69 870/1/69 873/1/68
f 867/1/70 870/1/69 184/1/69
f 877/1/21 880/1/21 879/1/21
f 878/1/21 881/1/21 880/1/21
f 879/1/21 880/1/21 883/1/21
f 880/1/21 881/1/21 884/1/21
f 683/1/21 876/1/21 377/1/21
f 682/1/21 877/1/21 876/1/21
f 681/1/21 878/1/21 877/1/21
f 51/1/21 188/1/21 878/1/21
f 188/1/21 187/1/21 881/1/21
f 881/1/21 187/1/21 186/1/21
f 884/1/21 186/1/21 45/1/21
f 883/1/21 884/1/21 663/1/21
f 882/1/21 883/1/21 664/1/21
f 375/1/21 882/1/21 665/1/21
f 376/1/21 879/1/21 882/1/21
f 876/1/21 879/1/21 376/1/21
f 886/1/73 889/1/72 888/1/72
f 887/1/73 890/1/72 889/1/72
f 888/1/72 889/1/72 892/1/71
f 889/1/72 890/1/72 893/1/71
f 680/1/33 885/1/73 191/1/73
f 679/1/33 886/1/73 885/1/73
f 678/1/33 887/1/73 886/1/73
f 113/1/33 384/1/73 887/1/73
f 384/1/73 385/1/72 890/1/72
f 890/1/72 385/1/72 386/1/71
f 893/1/71 386/1/71 107/1/29
f 892/1/71 893/1/71 660/1/29
f 891/1/71 892/1/71 661/1/29
f 189/1/71 891/1/71 662/1/29
f 190/1/72 888/1/72 891/1/71
f 885/1/73 888/1/72 190/1/72
f 895/1/24 898/1/19 897/1/19
f 896/1/24 899/1/19 898/1/19
f 897/1/19 898/1/19 901/1/19
f 898/1/19 899/1/19 902/1/19
f 677/1/24 894/1/24 383/1/24
f 676/1/24 895/1/24 894/1/24
f 675/1/24 896/1/24 895/1/24
f 49/1/24 194/1/24 896/1/24
f 194/1/24 193/1/19 899/1/19
f 899/1/19 193/1/19 192/1/19
f 902/1/19 192/1/19 43/1/19
f 901/1/19 902/1/19 657/1/19
f 900/1/19 901/1/19 658/1/19
f 381/1/19 900/1/19 659/1/19
f 382/1/19 897/1/19 900/1/19
f 894/1/24 897/1/19 382/1/19
f 904/1/76 907/1/75 906/1/75
f 905/1/76 908/1/75 907/1/75
f 906/1/75 907/1/75 910/1/74
f 907/1/75 908/1/75 911/1/74
f 674/1/32 903/1/76 197/1/76
f 673/1/32 904/1/76 903/1/76
f 672/1/32 905/1/76 904/1/76
f 111/1/32 390/1/76 905/1/76
f 390/1/76 391/1/75 908/1/75
f 908/1/75 391/1/75 392/1/74
f 911/1/74 392/1/74 105/1/28
f 910/1/74 911/1/74 654/1/28
f 909/1/74 910/1/74 655/1/28
f 195/1/74 909/1/74 656/1/28
f 196/1/75 906/1/75 909/1/74
f 903/1/76 906/1/75 196/1/75
f 913/1/31 916/1/31 915/1/31
f 914/1/31 917/1/31 916/1/31
f 915/1/31 916/1/31 919/1/24
f 916/1/31 917/1/31 920/1/24
f 671/1/31 912/1/31 389/1/31
f 670/1/31 913/1/31 912/1/31
f 669/1/31 914/1/31 913/1/31
f 47/1/31 200/1/31 914/1/31
f 200/1/31 199/1/31 917/1/31
f 917/1/31 199/1/31 198/1/24
f 920/1/24 198/1/24 41/1/24
f 919/1/24 920/1/24 651/1/24
f 918/1/24 919/1/24 652/1/24
f 387/1/24 918/1/24 653/1/24
f 388/1/31 915/1/31 918/1/24
f 912/1/31 915/1/31 388/1/31
f 922/1/79 925/1/78 924/1/78
f 923/1/79 926/1/78 925/1/78
f 924/1/78 925/1/78 928/1/77
f 925/1/78 926/1/78 929/1/77
f 668/1/30 921/1/79 203/1/79
f 667/1/30 922/1/79 921/1/79
f 666/1/30 923/1/79 922/1/79
f 109/1/30 396/1/79 923/1/79
f 396/1/79 397/1/78 926/1/78
f 926/1/78 397/1/78 398/1/77
f 929/1/77 398/1/77 103/1/27
f 928/1/77 929/1/77 630/1/27
f 927/1/77 928/1/77 631/1/27
f 201/1/77 927/1/77 632/1/27
f 202/1/78 924/1/78 927/1/77
f 921/1/79 924/1/78 202/1/78
f 931/1/21 934/1/21 933/1/21
f 932/1/21 935/1/21 934/1/21
f 933/1/21 934/1/21 937/1/21
f 934/1/21 935/1/21 938/1/21
f 665/1/21 930/1/21 395/1/21
f 664/1/21 931/1/21 930/1/21
f 663/1/21 932/1/21 931/1/21
f 45/1/21 206/1/21 932/1/21
f 206/1/21 205/1/21 935/1/21
f 935/1/21 205/1/21 204/1/21
f 938/1/21 204/1/21 39/1/21
f 937/1/21 938/1/21 627/1/21
f 936/1/21 937/1/21 628/1/21
f 393/1/21 936/1/21 629/1/21
f 394/1/21 933/1/21 936/1/21
f 930/1/21 933/1/21 394/1/21
f 940/1/82 943/1/81 942/1/81
f 941/1/82 944/1/81 943/1/81
f 942/1/81 943/1/81 946/1/80
f 943/1/81 944/1/81 947/1/80
f 662/1/29 939/1/82 209/1/82
f 661/1/29 940/1/82 939/1/82
f 660/1/29 941/1/82 940/1/82
f 107/1/29 402/1/82 941/1/82
f 402/1/82 403/1/81 944/1/81
f 944/1/81 403/1/81 404/1/80
f 947/1/80 404/1/80 101/1/26
f 946/1/80 947/1/80 624/1/26
f 945/1/80 946/1/80 625/1/26
f 207/1/80 945/1/80 626/1/26
f 208/1/81 942/1/81 945/1/80
f 939/1/82 942/1/81 208/1/81
f 949/1/19 952/1/19 951/1/19
f 950/1/19 953/1/19 952/1/19
f 951/1/19 952/1/19 955/1/19
f 952/1/19 953/1/19 956/1/19
f 659/1/19 948/1/19 401/1/19
f 658/1/19 949/1/19 948/1/19
f 657/1/19 950/1/19 949/1/19
f 43/1/19 212/1/19 950/1/19
f 212/1/19 211/1/19 953/1/19
f 953/1/19 211/1/19 210/1/19
f 956/1/19 210/1/19 37/1/19
f 955/1/19 956/1/19 621/1/19
f 954/1/19 955/1/19 622/1/19
f 399/1/19 954/1/19 623/1/19
f 400/1/19 951/1/19 954/1/19
f 948/1/19 951/1/19 400/1/19
f 958/1/85 961/1/84 960/1/84
f 959/1/85 962/1/84 961/1/84
f 960/1/84 961/1/84 964/1/83
f 961/1/84 962/1/84 965/1/83
f 656/1/28 957/1/85 215/1/85
f 655/1/28 958/1/85 957/1/85
f 654/1/28 959/1/85 958/1/85
f 105/1/28 408/1/85 959/1/85
f 408/1/85 409/1/84 962/1/84
f 962/1/84 409/1/84 410/1/83
f 965/1/83 410/1/83 99/1/25
f 964/1/83 965/1/83 633/1/25
f 963/1/83 964/1/83 634/1/25
f 213/1/83 963/1/83 635/1/25
f 214/1/84 960/1/84 963/1/83
f 957/1/85 960/1/84 214/1/84
f 967/1/94 970/1/93 969/1/93
f 968/1/94 971/1/93 970/1/93
f 969/1/93 970/1/93 973/1/92
f 970/1/93 971/1/93 974/1/92
f 635/1/25 966/1/94 233/1/94
f 634/1/25 967/1/94 966/1/94
f 633/1/25 968/1/94 967/1/94
f 99/1/25 426/1/94 968/1/94
f 426/1/94 427/1/93 971/1/93
f 971/1/93 427/1/93 428/1/92
f 974/1/92 428/1/92 98/1/23
f 973/1/92 974/1/92 638/1/23
f 972/1/92 973/1/92 637/1/23
f 231/1/92 972/1/92 636/1/23
f 232/1/93 969/1/93 972/1/92
f 966/1/94 969/1/93 232/1/93
f 976/1/88 979/1/87 978/1/87
f 977/1/88 980/1/87 979/1/87
f 978/1/87 979/1/87 982/1/86
f 979/1/87 980/1/87 983/1/86
f 632/1/27 975/1/88 221/1/88
f 631/1/27 976/1/88 975/1/88
f 630/1/27 977/1/88 976/1/88
f 103/1/27 414/1/88 977/1/88
f 414/1/88 415/1/87 980/1/87
f 980/1/87 415/1/87 416/1/86
f 983/1/86 416/1/86 95/1/22
f 982/1/86 983/1/86 618/1/22
f 981/1/86 982/1/86 619/1/22
f 219/1/86 981/1/86 620/1/22
f 220/1/87 978/1/87 981/1/86
f 975/1/88 978/1/87 220/1/87
f 985/1/21 988/1/21 987/1/21
f 986/1/21 989/1/21 988/1/21
f 987/1/21 988/1/21 991/1/21
f 988/1/21 989/1/21 992/1/21
f 629/1/21 984/1/21 413/1/21
f 628/1/21 985/1/21 984/1/21
f 627/1/21 986/1/21 985/1/21
f 39/1/21 224/1/21 986/1/21
f 224/1/21 223/1/21 989/1/21
f 989/1/21 223/1/21 222/1/21
f 992/1/21 222/1/21 31/1/21
f 991/1/21 992/1/21 615/1/21
f 990/1/21 991/1/21 616/1/21
f 411/1/21 990/1/21 617/1/21
f 412/1/21 987/1/21 990/1/21
f 984/1/21 987/1/21 412/1/21
f 994/1/91 997/1/90 996/1/90
f 995/1/91 998/1/90 997/1/90
f 996/1/90 997/1/90 1000/1/89
f 997/1/90 998/1/90 1001/1/89
f 626/1/26 993/1/91 227/1/91
f 625/1/26 994/1/91 993/1/91
f 624/1/26 995/1/91 994/1/91
f 101/1/26 420/1/91 995/1/91
f 420/1/91 421/1/90 998/1/90
f 998/1/90 421/1/90 422/1/89
f 1001/1/89 422/1/89 93/1/20
f 1000/1/89 1001/1/89 612/1/20
f 999/1/89 1000/1/89 613/1/20
f 225/1/89 999/1/89 614/1/20
f 226/1/90 996/1/90 999/1/89
f 993/1/91 996/1/90 226/1/90
f 1003/1/55 1006/1/54 1005/1/54
f 1004/1/55 1007/1/54 1006/1/54
f 1005/1/54 1006/1/54 1009/1/53
f 1006/1/54 1007/1/54 1010/1/53
f 636/1/23 1002/1/55 155/1/55
f 637/1/23 1003/1/55 1002/1/55
f 638/1/23 1004/1/55 1003/1/55
f 98/1/23 348/1/55 1004/1/55
f 348/1/55 349/1/54 1007/1/54
f 1007/1/54 349/1/54 350/1/53
f 1010/1/53 350/1/53 119/1/36
f 1009/1/53 1010/1/53 641/1/36
f 1008/1/53 1009/1/53 640/1/36
f 153/1/53 1008/1/53 639/1/36
f 154/1/54 1005/1/54 1008/1/53
f 1002/1/55 1005/1/54 154/1/54
f 1012/1/24 1015/1/24 1014/1/24
f 1013/1/24 1016/1/24 1015/1/24
f 1014/1/24 1015/1/24 1018/1/24
f 1015/1/24 1016/1/24 1019/1/24
f 645/1/24 1011/1/24 347/1/24
f 646/1/24 1012/1/24 1011/1/24
f 647/1/24 1013/1/24 1012/1/24
f 34/1/24 158/1/24 1013/1/24
f 158/1/24 157/1/24 1016/1/24
f 1016/1/24 157/1/24 156/1/24
f 1019/1/24 156/1/24 55/1/24
f 1018/1/24 1019/1/24 650/1/24
f 1017/1/24 1018/1/24 649/1/24
f 345/1/24 1017/1/24 648/1/24
f 346/1/24 1014/1/24 1017/1/24
f 1011/1/24 1014/1/24 346/1/24
f 1021/1/19 1024/1/19 1023/1/19
f 1022/1/19 1025/1/19 1024/1/19
f 1023/1/19 1024/1/19 1027/1/19
f 1024/1/19 1025/1/19 1028/1/19
f 623/1/19 1020/1/19 419/1/19
f 622/1/19 1021/1/19 1020/1/19
f 621/1/19 1022/1/19 1021/1/19
f 37/1/19 230/1/19 1022/1/19
f 230/1/19 229/1/19 1025/1/19
f 1025/1/19 229/1/19 228/1/19
f 1028/1/19 228/1/19 29/1/19
f 1027/1/19 1028/1/19 609/1/19
f 1026/1/19 1027/1/19 610/1/19
f 417/1/19 1026/1/19 611/1/19
f 418/1/19 1023/1/19 1026/1/19
f 1020/1/19 1023/1/19 418/1/19
f 1030/1/97 1033/1/96 1032/1/96
f 1031/1/97 1034/1/96 1033/1/96
f 1032/1/96 1033/1/96 1036/1/95
f 1033/1/96 1034/1/96 1037/1/95
f 620/1/22 1029/1/97 239/1/97
f 619/1/22 1030/1/97 1029/1/97
f 618/1/22 1031/1/97 1030/1/97
f 95/1/22 432/1/97 1031/1/97
f 432/1/97 433/1/96 1034/1/96
f 1034/1/96 433/1/96 434/1/95
f 1037/1/95 434/1/95 91/1/18
f 1036/1/95 1037/1/95 606/1/18
f 1035/1/95 1036/1/95 607/1/18
f 237/1/95 1035/1/95 608/1/18
f 238/1/96 1032/1/96 1035/1/95
f 1029/1/97 1032/1/96 238/1/96
f 1039/1/21 1042/1/13 1041/1/13
f 1040/1/21 1043/1/13 1042/1/13
f 1041/1/13 1042/1/13 1045/1/13
f 1042/1/13 1043/1/13 1046/1/13
f 617/1/21 1038/1/21 431/1/21
f 616/1/21 1039/1/21 1038/1/21
f 615/1/21 1040/1/21 1039/1/21
f 31/1/21 242/1/21 1040/1/21
f 242/1/21 241/1/13 1043/1/13
f 1043/1/13 241/1/13 240/1/13
f 1046/1/13 240/1/13 27/1/13
f 1045/1/13 1046/1/13 603/1/13
f 1044/1/13 1045/1/13 604/1/13
f 429/1/13 1044/1/13 605/1/13
f 430/1/13 1041/1/13 1044/1/13
f 1038/1/21 1041/1/13 430/1/13
f 1048/1/100 1051/1/99 1050/1/99
f 1049/1/100 1052/1/99 1051/1/99
f 1050/1/99 1051/1/99 1054/1/98
f 1051/1/99 1052/1/99 1055/1/98
f 614/1/20 1047/1/100 245/1/100
f 613/1/20 1048/1/100 1047/1/100
f 612/1/20 1049/1/100 1048/1/100
f 93/1/20 438/1/100 1049/1/100
f 438/1/100 439/1/99 1052/1/99
f 1052/1/99 439/1/99 440/1/98
f 1055/1/98 440/1/98 89/1/17
f 1054/1/98 1055/1/98 600/1/17
f 1053/1/98 1054/1/98 601/1/17
f 243/1/98 1053/1/98 602/1/17
f 244/1/99 1050/1/99 1053/1/98
f 1047/1/100 1050/1/99 244/1/99
f 1057/1/19 1060/1/19 1059/1/19
f 1058/1/19 1061/1/19 1060/1/19
f 1059/1/19 1060/1/19 1063/1/7
f 1060/1/19 1061/1/19 1064/1/7
f 611/1/19 1056/1/19 437/1/19
f 610/1/19 1057/1/19 1056/1/19
f 609/1/19 1058/1/19 1057/1/19
f 29/1/19 248/1/19 1058/1/19
f 248/1/19 247/1/19 1061/1/19
f 1061/1/19 247/1/19 246/1/7
f 1064/1/7 246/1/7 25/1/7
f 1063/1/7 1064/1/7 597/1/7
f 1062/1/7 1063/1/7 598/1/7
f 435/1/7 1062/1/7 599/1/7
f 436/1/19 1059/1/19 1062/1/7
f 1056/1/19 1059/1/19 436/1/19
f 1066/1/103 1069/1/102 1068/1/102
f 1067/1/103 1070/1/102 1069/1/102
f 1068/1/102 1069/1/102 1072/1/101
f 1069/1/102 1070/1/102 1073/1/101
f 608/1/18 1065/1/103 251/1/103
f 607/1/18 1066/1/103 1065/1/103
f 606/1/18 1067/1/103 1066/1/103
f 91/1/18 444/1/103 1067/1/103
f 444/1/103 445/1/102 1070/1/102
f 1070/1/102 445/1/102 446/1/101
f 1073/1/101 446/1/101 87/1/16
f 1072/1/101 1073/1/101 594/1/16
f 1071/1/101 1072/1/101 595/1/16
f 249/1/101 1071/1/101 596/1/16
f 250/1/102 1068/1/102 1071/1/101
f 1065/1/103 1068/1/102 250/1/102
f 1075/1/13 1078/1/13 1077/1/13
f 1076/1/13 1079/1/13 1078/1/13
f 1077/1/13 1078/1/13 1081/1/13
f 1078/1/13 1079/1/13 1082/1/13
f 605/1/13 1074/1/13 443/1/13
f 604/1/13 1075/1/13 1074/1/13
f 603/1/13 1076/1/13 1075/1/13
f 27/1/13 254/1/13 1076/1/13
f 254/1/13 253/1/13 1079/1/13
f 1079/1/13 253/1/13 252/1/13
f 1082/1/13 252/1/13 23/1/13
f 1081/1/13 1082/1/13 591/1/13
f 1080/1/13 1081/1/13 592/1/13
f 441/1/13 1080/1/13 593/1/13
f 442/1/13 1077/1/13 1080/1/13
f 1074/1/13 1077/1/13 442/1/13
f 1084/1/106 1087/1/105 1086/1/105
f 1085/1/106 1088/1/105 1087/1/105
f 1086/1/105 1087/1/105 1090/1/104
f 1087/1/105 1088/1/105 1091/1/104
f 602/1/17 1083/1/106 257/1/106
f 601/1/17 1084/1/106 1083/1/106
f 600/1/17 1085/1/106 1084/1/106
f 89/1/17 450/1/106 1085/1/106
f 450/1/106 451/1/105 1088/1/105
f 1088/1/105 451/1/105 452/1/104
f 1091/1/104 452/1/104 85/1/15
f 1090/1/104 1091/1/104 588/1/15
f 1089/1/104 1090/1/104 589/1/15
f 255/1/104 1089/1/104 590/1/15
f 256/1/105 1086/1/105 1089/1/104
f 1083/1/106 1086/1/105 256/1/105
f 1093/1/7 1096/1/7 1095/1/7
f 1094/1/7 1097/1/7 1096/1/7
f 1095/1/7 1096/1/7 1099/1/7
f 1096/1/7 1097/1/7 1100/1/7
f 599/1/7 1092/1/7 449/1/7
f 598/1/7 1093/1/7 1092/1/7
f 597/1/7 1094/1/7 1093/1/7
f 25/1/7 260/1/7 1094/1/7
f 260/1/7 259/1/7 1097/1/7
f 1097/1/7 259/1/7 258/1/7
f 1100/1/7 258/1/7 21/1/7
f 1099/1/7 1100/1/7 585/1/7
f 1098/1/7 1099/1/7 586/1/7
f 447/1/7 1098/1/7 587/1/7
f 448/1/7 1095/1/7 1098/1/7
f 1092/1/7 1095/1/7 448/1/7
f 1102/1/109 1105/1/108 1104/1/108
f 1103/1/109 1106/1/108 1105/1/108
f 1104/1/108 1105/1/108 1108/1/107
f 1105/1/108 1106/1/108 1109/1/107
f 596/1/16 1101/1/109 263/1/109
f 595/1/16 1102/1/109 1101/1/109
f 594/1/16 1103/1/109 1102/1/109
f 87/1/16 456/1/109 1103/1/109
f 456/1/109 457/1/108 1106/1/108
f 1106/1/108 457/1/108 458/1/107
f 1109/1/107 458/1/107 83/1/14
f 1108/1/107 1109/1/107 582/1/14
f 1107/1/107 1108/1/107 583/1/14
f 261/1/107 1107/1/107 584/1/14
f 262/1/108 1104/1/108 1107/1/107
f 1101/1/109 1104/1/108 262/1/108
f 1111/1/13 1114/1/13 1113/1/13
f 1112/1/13 1115/1/13 1114/1/13
f 1113/1/13 1114/1/13 1117/1/13
f 1114/1/13 1115/1/13 1118/1/13
f 593/1/13 1110/1/13 455/1/13
f 592/1/13 1111/1/13 1110/1/13
f 591/1/13 1112/1/13 1111/1/13
f 23/1/13 266/1/13 1112/1/13
f 266/1/13 265/1/13 1115/1/13
f 1115/1/13 265/1/13 264/1/13
f 1118/1/13 264/1/13 19/1/13
f 1117/1/13 1118/1/13 579/1/13
f 1116/1/13 1117/1/13 580/1/13
f 453/1/13 1116/1/13 581/1/13
f 454/1/13 1113/1/13 1116/1/13
f 1110/1/13 1113/1/13 454/1/13
f 1120/1/112 1123/1/111 1122/1/111
f 1121/1/112 1124/1/111 1123/1/111
f 1122/1/111 1123/1/111 1126/1/110
f 1123/1/111 1124/1/111 1127/1/110
f 590/1/15 1119/1/112 269/1/112
f 589/1/15 1120/1/112 1119/1/112
f 588/1/15 1121/1/112 1120/1/112
f 85/1/15 462/1/112 1121/1/112
f 462/1/112 463/1/111 1124/1/111
f 1124/1/111 463/1/111 464/1/110
f 1127/1/110 464/1/110 81/1/12
f 1126/1/110 1127/1/110 576/1/12
f 1125/1/110 1126/1/110 577/1/12
f 267/1/110 1125/1/110 578/1/12
f 268/1/111 1122/1/111 1125/1/110
f 1119/1/112 1122/1/111 268/1/111
f 1129/1/7 1132/1/7 1131/1/7
f 1130/1/7 1133/1/7 1132/1/7
f 1131/1/7 1132/1/7 1135/1/7
f 1132/1/7 1133/1/7 1136/1/7
f 587/1/7 1128/1/7 461/1/7
f 586/1/7 1129/1/7 1128/1/7
f 585/1/7 1130/1/7 1129/1/7
f 21/1/7 272/1/7 1130/1/7
f 272/1/7 271/1/7 1133/1/7
f 1133/1/7 271/1/7 270/1/7
f 1136/1/7 270/1/7 17/1/7
f 1135/1/7 1136/1/7 573/1/7
f 1134/1/7 1135/1/7 574/1/7
f 459/1/7 1134/1/7 575/1/7
f 460/1/7 1131/1/7 1134/1/7
f 1128/1/7 1131/1/7 460/1/7
f 1138/1/115 1141/1/114 1140/1/114
f 1139/1/115 1142/1/114 1141/1/114
f 1140/1/114 1141/1/114 1144/1/113
f 1141/1/114 1142/1/114 1145/1/113
f 584/1/14 1137/1/115 275/1/115
f 583/1/14 1138/1/115 1137/1/115
f 582/1/14 1139/1/115 1138/1/115
f 83/1/14 468/1/115 1139/1/115
f 468/1/115 469/1/114 1142/1/114
f 1142/1/114 469/1/114 470/1/113
f 1145/1/113 470/1/113 79/1/11
f 1144/1/113 1145/1/113 570/1/11
f 1143/1/113 1144/1/113 571/1/11
f 273/1/113 1143/1/113 572/1/11
f 274/1/114 1140/1/114 1143/1/113
f 1137/1/115 1140/1/114 274/1/114
f 1147/1/13 1150/1/13 1149/1/13
f 1148/1/13 1151/1/13 1150/1/13
f 1149/1/13 1150/1/13 1153/1/5
f 1150/1/13 1151/1/13 1154/1/5
f 581/1/13 1146/1/13 467/1/13
f 580/1/13 1147/1/13 1146/1/13
f 579/1/13 1148/1/13 1147/1/13
f 19/1/13 278/1/13 1148/1/13
f 278/1/13 277/1/13 1151/1/13
f 1151/1/13 277/1/13 276/1/5
f 1154/1/5 276/1/5 15/1/5
f 1153/1/5 1154/1/5 567/1/5
f 1152/1/5 1153/1/5 568/1/5
f 465/1/5 1152/1/5 569/1/5
f 466/1/13 1149/1/13 1152/1/5
f 1146/1/13 1149/1/13 466/1/13
f 1156/1/118 1159/1/117 1158/1/117
f 1157/1/118 1160/1/117 1159/1/117
f 1158/1/117 1159/1/117 1162/1/116
f 1159/1/117 1160/1/117 1163/1/116
f 578/1/12 1155/1/118 281/1/118
f 577/1/12 1156/1/118 1155/1/118
f 576/1/12 1157/1/118 1156/1/118
f 81/1/12 474/1/118 1157/1/118
f 474/1/118 475/1/117 1160/1/117
f 1160/1/117 475/1/117 476/1/116
f 1163/1/116 476/1/116 77/1/10
f 1162/1/116 1163/1/116 564/1/10
f 1161/1/116 1162/1/116 565/1/10
f 279/1/116 1161/1/116 566/1/10
f 280/1/117 1158/1/117 1161/1/116
f 1155/1/118 1158/1/117 280/1/117
f 1165/1/7 1168/1/7 1167/1/7
f 1166/1/7 1169/1/7 1168/1/7
f 1167/1/7 1168/1/7 1171/1/7
f 1168/1/7 1169/1/7 1172/1/7
f 575/1/7 1164/1/7 473/1/7
f 574/1/7 1165/1/7 1164/1/7
f 573/1/7 1166/1/7 1165/1/7
f 17/1/7 284/1/7 1166/1/7
f 284/1/7 283/1/7 1169/1/7
f 1169/1/7 283/1/7 282/1/7
f 1172/1/7 282/1/7 13/1/7
f 1171/1/7 1172/1/7 561/1/7
f 1170/1/7 1171/1/7 562/1/7
f 471/1/7 1170/1/7 563/1/7
f 472/1/7 1167/1/7 1170/1/7
f 1164/1/7 1167/1/7 472/1/7
f 1174/1/121 1177/1/120 1176/1/120
f 1175/1/121 1178/1/120 1177/1/120
f 1176/1/120 1177/1/120 1180/1/119
f 1177/1/120 1178/1/120 1181/1/119
f 572/1/11 1173/1/121 287/1/121
f 571/1/11 1174/1/121 1173/1/121
f 570/1/11 1175/1/121 1174/1/121
f 79/1/11 480/1/121 1175/1/121
f 480/1/121 481/1/120 1178/1/120
f 1178/1/120 481/1/120 482/1/119
f 1181/1/119 482/1/119 75/1/9
f 1180/1/119 1181/1/119 558/1/9
f 1179/1/119 1180/1/119 559/1/9
f 285/1/119 1179/1/119 560/1/9
f 286/1/120 1176/1/120 1179/1/119
f 1173/1/121 1176/1/120 286/1/120
f 1183/1/5 1186/1/5 1185/1/5
f 1184/1/5 1187/1/5 1186/1/5
f 1185/1/5 1186/1/5 1189/1/5
f 1186/1/5 1187/1/5 1190/1/5
f 569/1/5 1182/1/5 479/1/5
f 568/1/5 1183/1/5 1182/1/5
f 567/1/5 1184/1/5 1183/1/5
f 15/1/5 290/1/5 1184/1/5
f 290/1/5 289/1/5 1187/1/5
f 1187/1/5 289/1/5 288/1/5
f 1190/1/5 288/1/5 11/1/5
f 1189/1/5 1190/1/5 555/1/5
f 1188/1/5 1189/1/5 556/1/5
f 477/1/5 1188/1/5 557/1/5
f 478/1/5 1185/1/5 1188/1/5
f 1182/1/5 1185/1/5 478/1/5
f 1192/1/124 1195/1/123 1194/1/123
f 1193/1/124 1196/1/123 1195/1/123
f 1194/1/123 1195/1/123 1198/1/122
f 1195/1/123 1196/1/123 1199/1/122
f 566/1/10 1191/1/124 293/1/124
f 565/1/10 1192/1/124 1191/1/124
f 564/1/10 1193/1/124 1192/1/124
f 77/1/10 486/1/124 1193/1/124
f 486/1/124 487/1/123 1196/1/123
f 1196/1/123 487/1/123 488/1/122
f 1199/1/122 488/1/122 73/1/8
f 1198/1/122 1199/1/122 534/1/8
f 1197/1/122 1198/1/122 535/1/8
f 291/1/122 1197/1/122 536/1/8
f 292/1/123 1194/1/123 1197/1/122
f 1191/1/124 1194/1/123 292/1/123
f 1201/1/7 1204/1/7 1203/1/7
f 1202/1/7 1205/1/7 1204/1/7
f 1203/1/7 1204/1/7 1207/1/7
f 1204/1/7 1205/1/7 1208/1/7
f 563/1/7 1200/1/7 485/1/7
f 562/1/7 1201/1/7 1200/1/7
f 561/1/7 1202/1/7 1201/1/7
f 13/1/7 296/1/7 1202/1/7
f 296/1/7 295/1/7 1205/1/7
f 1205/1/7 295/1/7 294/1/7
f 1208/1/7 294/1/7 9/1/7
f 1207/1/7 1208/1/7 531/1/7
f 1206/1/7 1207/1/7 532/1/7
f 483/1/7 1206/1/7 533/1/7
f 484/1/7 1203/1/7 1206/1/7
f 1200/1/7 1203/1/7 484/1/7
f 1210/1/127 1213/1/126 1212/1/126
f 1211/1/127 1214/1/126 1213/1/126
f 1212/1/126 1213/1/126 1216/1/125
f 1213/1/126 1214/1/126 1217/1/125
f 560/1/9 1209/1/127 299/1/127
f 559/1/9 1210/1/127 1209/1/127
f 558/1/9 1211/1/127 1210/1/127
f 75/1/9 492/1/127 1211/1/127
f 492/1/127 493/1/126 1214/1/126
f 1214/1/126 493/1/126 494/1/125
f 1217/1/125 494/1/125 71/1/6
f 1216/1/125 1217/1/125 537/1/6
f 1215/1/125 1216/1/125 538/1/6
f 297/1/125 1215/1/125 539/1/6
f 298/1/126 1212/1/126 1215/1/125
f 1209/1/127 1212/1/126 298/1/126
f 1219/1/133 1222/1/132 1221/1/132
f 1220/1/133 1223/1/132 1222/1/132
f 1221/1/132 1222/1/132 1225/1/131
f 1222/1/132 1223/1/132 1226/1/131
f 539/1/6 1218/1/133 311/1/133
f 538/1/6 1219/1/133 1218/1/133
f 537/1/6 1220/1/133 1219/1/133
f 71/1/6 504/1/133 1220/1/133
f 504/1/133 505/1/132 1223/1/132
f 1223/1/132 505/1/132 506/1/131
f 1226/1/131 506/1/131 70/1/4
f 1225/1/131 1226/1/131 542/1/4
f 1224/1/131 1225/1/131 541/1/4
f 309/1/131 1224/1/131 540/1/4
f 310/1/132 1221/1/132 1224/1/131
f 1218/1/133 1221/1/132 310/1/132
f 1228/1/130 1231/1/129 1230/1/129
f 1229/1/130 1232/1/129 1231/1/129
f 1230/1/129 1231/1/129 1234/1/128
f 1231/1/129 1232/1/129 1235/1/128
f 536/1/8 1227/1/130 305/1/130
f 535/1/8 1228/1/130 1227/1/130
f 534/1/8 1229/1/130 1228/1/130
f 73/1/8 498/1/130 1229/1/130
f 498/1/130 499/1/129 1232/1/129
f 1232/1/129 499/1/129 500/1/128
f 1235/1/128 500/1/128 67/1/3
f 1234/1/128 1235/1/128 513/1/3
f 1233/1/128 1234/1/128 514/1/3
f 303/1/128 1233/1/128 515/1/3
f 304/1/129 1230/1/129 1233/1/128
f 1227/1/130 1230/1/129 304/1/129
f 1237/1/43 1240/1/42 1239/1/42
f 1238/1/43 1241/1/42 1240/1/42
f 1239/1/42 1240/1/42 1243/1/41
f 1240/1/42 1241/1/42 1244/1/41
f 540/1/4 1236/1/43 131/1/43
f 541/1/4 1237/1/43 1236/1/43
f 542/1/4 1238/1/43 1237/1/43
f 70/1/4 324/1/43 1238/1/43
f 324/1/43 325/1/42 1241/1/42
f 1241/1/42 325/1/42 326/1/41
f 1244/1/41 326/1/41 127/1/40
f 1243/1/41 1244/1/41 545/1/40
f 1242/1/41 1243/1/41 544/1/40
f 129/1/41 1242/1/41 543/1/40
f 130/1/42 1239/1/42 1242/1/41
f 1236/1/43 1239/1/42 130/1/42
f 1246/1/5 1249/1/5 1248/1/5
f 1247/1/5 1250/1/5 1249/1/5
f 1248/1/5 1249/1/5 1252/1/5
f 1249/1/5 1250/1/5 1253/1/5
f 549/1/5 1245/1/5 323/1/5
f 550/1/5 1246/1/5 1245/1/5
f 551/1/5 1247/1/5 1246/1/5
f 6/1/5 134/1/5 1247/1/5
f 134/1/5 133/1/5 1250/1/5
f 1250/1/5 133/1/5 132/1/5
f 1253/1/5 132/1/5 63/1/5
f 1252/1/5 1253/1/5 554/1/5
f 1251/1/5 1252/1/5 553/1/5
f 321/1/5 1251/1/5 552/1/5
f 322/1/5 1248/1/5 1251/1/5
f 1245/1/5 1248/1/5 322/1/5
f 1255/1/46 1258/1/45 1257/1/45
f 1256/1/46 1259/1/45 1258/1/45
f 1257/1/45 1258/1/45 1261/1/44
f 1258/1/45 1259/1/45 1262/1/44
f 516/1/1 1254/1/46 137/1/46
f 517/1/1 1255/1/46 1254/1/46
f 518/1/1 1256/1/46 1255/1/46
f 66/1/1 330/1/46 1256/1/46
f 330/1/46 331/1/45 1259/1/45
f 1259/1/45 331/1/45 332/1/44
f 1262/1/44 332/1/44 125/1/39
f 1261/1/44 1262/1/44 521/1/39
f 1260/1/44 1261/1/44 520/1/39
f 135/1/44 1260/1/44 519/1/39
f 136/1/45 1257/1/45 1260/1/44
f 1254/1/46 1257/1/45 136/1/45
f 1264/1/2 1267/1/2 1266/1/2
f 1265/1/2 1268/1/2 1267/1/2
f 1266/1/2 1267/1/2 1270/1/2
f 1267/1/2 1268/1/2 1271/1/2
f 525/1/2 1263/1/2 329/1/2
f 526/1/2 1264/1/2 1263/1/2
f 527/1/2 1265/1/2 1264/1/2
f 2/1/2 140/1/2 1265/1/2
f 140/1/2 139/1/2 1268/1/2
f 1268/1/2 139/1/2 138/1/2
f 1271/1/2 138/1/2 61/1/2
f 1270/1/2 1271/1/2 530/1/2
f 1269/1/2 1270/1/2 529/1/2
f 327/1/2 1269/1/2 528/1/2
f 328/1/2 1266/1/2 1269/1/2
f 1263/1/2 1266/1/2 328/1/2
f 1273/1/136 1276/1/135 1275/1/135
f 1274/1/136 1277/1/135 1276/1/135
f 1275/1/135 1276/1/135 1279/1/134
f 1276/1/135 1277/1/135 1280/1/134
f 515/1/3 1272/1/136 317/1/136
f 514/1/3 1273/1/136 1272/1/136
f 513/1/3 1274/1/136 1273/1/136
f 67/1/3 510/1/136 1274/1/136
f 510/1/136 511/1/135 1277/1/135
f 1277/1/135 511/1/135 512/1/134
f 1280/1/134 512/1/134 66/1/1
f 1279/1/134 1280/1/134 518/1/1
f 1278/1/134 1279/1/134 517/1/1
f 315/1/134 1278/1/134 516/1/1
f 316/1/135 1275/1/135 1278/1/134
f 1272/1/136 1275/1/135 316/1/135
