# Blender 5.0.1
# www.blender.org
o carpet_hair1
v -1.532861 -0.000144 1.078269
v -1.967723 -0.000144 1.121099
v -2.385873 -0.000144 1.247944
v -2.771243 -0.000144 1.453929
v -3.109022 -0.000144 1.731137
v -3.386231 -0.000144 2.068916
v -3.592215 -0.000144 2.454286
v -3.719059 -0.000144 2.872436
v -3.761889 -0.000144 3.307298
v -3.719059 -0.000144 3.742160
v -3.592215 -0.000144 4.160310
v -3.386231 -0.000144 4.545681
v -3.109022 -0.000144 4.883460
v -2.771243 -0.000144 5.160668
v -2.385873 -0.000144 5.366652
v -1.967722 -0.000144 5.493497
v -1.532860 -0.000144 5.536327
v -1.097998 -0.000144 5.493497
v -0.679847 -0.000144 5.366652
v -0.294477 -0.000144 5.160667
v 0.043302 -0.000144 4.883459
v 0.320510 -0.000144 4.545679
v 0.526494 -0.000144 4.160309
v 0.653339 -0.000144 3.742158
v 0.696168 -0.000144 3.307296
v 0.653338 -0.000144 2.872434
v 0.526492 -0.000144 2.454283
v 0.320508 -0.000144 2.068914
v 0.043299 -0.000144 1.731135
v -0.294481 -0.000144 1.453927
v -0.679851 -0.000144 1.247943
v -1.098001 -0.000144 1.121099
v -1.532861 0.025655 2.956635
v -1.601272 0.025655 2.963373
v -1.667054 0.025655 2.983327
v -1.727679 0.025655 3.015732
v -1.780817 0.025655 3.059342
v -1.824426 0.025655 3.112480
v -1.856831 0.025655 3.173105
v -1.876786 0.025655 3.238887
v -1.883524 0.025655 3.307298
v -1.876786 0.025655 3.375709
v -1.856831 0.025655 3.441491
v -1.824426 0.025655 3.502115
v -1.780817 0.025655 3.555254
v -1.727679 0.025655 3.598863
v -1.667054 0.025655 3.631268
v -1.601272 0.025655 3.651223
v -1.532861 0.025655 3.657960
v -1.464450 0.025655 3.651223
v -1.398668 0.025655 3.631268
v -1.338043 0.025655 3.598863
v -1.284905 0.025655 3.555254
v -1.241295 0.025655 3.502115
v -1.208891 0.025655 3.441490
v -1.188936 0.025655 3.375708
v -1.182198 0.025655 3.307297
v -1.188936 0.025655 3.238886
v -1.208891 0.025655 3.173105
v -1.241296 0.025655 3.112479
v -1.284905 0.025655 3.059341
v -1.338043 0.025655 3.015732
v -1.398669 0.025655 2.983327
v -1.464450 0.025655 2.963373
v -0.307550 0.010697 4.532608
v -0.943392 0.025655 3.896766
v -0.839719 0.025655 3.770440
v -0.092048 0.010697 4.270017
v -3.232415 0.010697 2.969236
v -2.350477 0.025655 3.144664
v -2.366495 0.025655 3.307298
v -3.265711 0.010697 3.307298
v -0.762683 0.025655 3.626315
v 0.068085 0.010697 3.970430
v -2.350477 0.025655 3.469932
v -3.232415 0.010697 3.645360
v -0.715244 0.025655 3.469931
v 0.166694 0.010697 3.645359
v -2.303039 0.025655 3.626316
v -3.133806 0.010697 3.970431
v -0.699226 0.025655 3.307297
v 0.199990 0.010697 3.307297
v -2.226003 0.025655 3.770440
v -2.973673 0.010697 4.270018
v -0.715245 0.025655 3.144663
v 0.166693 0.010697 2.969234
v -2.122329 0.025655 3.896766
v -2.758171 0.010697 4.532609
v -0.762684 0.025655 2.988279
v 0.068083 0.010697 2.644163
v -1.996003 0.025655 4.000440
v -2.495581 0.010697 4.748111
v -0.839720 0.025655 2.844155
v -0.092049 0.010697 2.344576
v -1.851879 0.025655 4.077476
v -2.195994 0.010697 4.908243
v -1.532861 0.010697 1.574448
v -1.532861 0.025655 2.473664
v -1.695495 0.025655 2.489681
v -1.870923 0.010697 1.607744
v -0.943393 0.025655 2.717829
v -0.307552 0.010697 2.081986
v -1.695495 0.025655 4.124914
v -1.870923 0.010697 5.006852
v -1.851879 0.025655 2.537120
v -2.195994 0.010697 1.706353
v -1.069719 0.025655 2.614156
v -0.570143 0.010697 1.866485
v -1.532861 0.025655 4.140932
v -1.532860 0.010697 5.040148
v -1.996003 0.025655 2.614156
v -2.495581 0.010697 1.866486
v -1.213844 0.025655 2.537120
v -0.869730 0.010697 1.706352
v -1.370227 0.025655 4.124914
v -1.194798 0.010697 5.006852
v -2.122329 0.025655 2.717829
v -2.758171 0.010697 2.081988
v -1.370228 0.025655 2.489681
v -1.194801 0.010697 1.607744
v -1.213842 0.025655 4.077476
v -0.869727 0.010697 4.908243
v -2.226003 0.025655 2.844155
v -2.973673 0.010697 2.344578
v -1.069718 0.025655 4.000439
v -0.570140 0.010697 4.748110
v -2.303039 0.025655 2.988280
v -3.133806 0.010697 2.644165
v -0.725631 0.025621 4.114527
v -0.500981 0.019848 4.339177
v -0.319499 0.019848 4.118040
v -0.583659 0.025621 3.941534
v -2.652521 0.025621 3.084584
v -2.964118 0.019848 3.022603
v -2.992158 0.019848 3.307298
v -2.674456 0.025621 3.307298
v -0.184645 0.019848 3.865746
v -0.478164 0.025621 3.744167
v -2.964118 0.019848 3.591993
v -2.652521 0.025621 3.530012
v -0.101603 0.019848 3.591992
v -0.413201 0.025621 3.530011
v -2.881076 0.019848 3.865747
v -2.587558 0.025621 3.744167
v -0.073563 0.019848 3.307297
v -0.391266 0.025621 3.307297
v -2.746222 0.019848 4.118040
v -2.482063 0.025621 3.941534
v -0.101603 0.019848 3.022602
v -0.413201 0.025621 3.084583
v -2.564740 0.019848 4.339177
v -2.340091 0.025621 4.114528
v -0.184646 0.019848 2.748847
v -0.478165 0.025621 2.870427
v -2.343603 0.019848 4.520660
v -2.167097 0.025621 4.256500
v -0.319500 0.019848 2.496554
v -0.583660 0.025621 2.673060
v -2.091310 0.019848 4.655513
v -1.969730 0.025621 4.361995
v -1.532861 0.025621 2.165703
v -1.532861 0.019848 1.848000
v -1.817556 0.019848 1.876040
v -1.755575 0.025621 2.187638
v -0.500983 0.019848 2.275417
v -0.725632 0.025621 2.500067
v -1.817555 0.019848 4.738556
v -1.755575 0.025621 4.426958
v -2.091310 0.019848 1.959083
v -1.969730 0.025621 2.252601
v -0.722120 0.019848 2.093935
v -0.898626 0.025621 2.358095
v -1.532860 0.019848 4.766596
v -1.532861 0.025621 4.448893
v -2.343603 0.019848 2.093936
v -2.167097 0.025621 2.358096
v -0.974414 0.019848 1.959082
v -1.095993 0.025621 2.252601
v -1.248165 0.019848 4.738556
v -1.310146 0.025621 4.426958
v -2.564740 0.019848 2.275419
v -2.340091 0.025621 2.500068
v -1.248168 0.019848 1.876040
v -1.310148 0.025621 2.187638
v -0.974411 0.019848 4.655513
v -1.095991 0.025621 4.361994
v -2.746222 0.019848 2.496556
v -2.482063 0.025621 2.673062
v -0.722118 0.019848 4.520659
v -0.898624 0.025621 4.256499
v -2.881076 0.019848 2.748849
v -2.587557 0.025621 2.870428
v -1.859927 -0.000144 1.102401
v -1.751343 -0.000144 1.089012
v -1.642233 -0.000144 1.080959
v -2.283797 -0.000144 1.208574
v -2.179911 -0.000144 1.174259
v -2.074469 -0.000144 1.145076
v -2.678808 -0.000144 1.395401
v -2.583614 -0.000144 1.341478
v -2.485891 -0.000144 1.292284
v -3.029782 -0.000144 1.655701
v -2.946936 -0.000144 1.584242
v -2.860688 -0.000144 1.516929
v -3.323230 -0.000144 1.979471
v -3.255917 -0.000144 1.893223
v -3.184458 -0.000144 1.810377
v -3.547875 -0.000144 2.354268
v -3.498681 -0.000144 2.256546
v -3.444758 -0.000144 2.161351
v -3.695084 -0.000144 2.765690
v -3.665900 -0.000144 2.660248
v -3.631585 -0.000144 2.556362
v -3.759200 -0.000144 3.197926
v -3.751147 -0.000144 3.088816
v -3.737759 -0.000144 2.980232
v -3.737759 -0.000144 3.634364
v -3.751148 -0.000144 3.525780
v -3.759200 -0.000144 3.416671
v -3.631585 -0.000144 4.058234
v -3.665900 -0.000144 3.954348
v -3.695084 -0.000144 3.848906
v -3.444758 -0.000144 4.453246
v -3.498681 -0.000144 4.358051
v -3.547874 -0.000144 4.260328
v -3.184458 -0.000144 4.804220
v -3.255917 -0.000144 4.721374
v -3.323230 -0.000144 4.635126
v -2.860688 -0.000144 5.097668
v -2.946936 -0.000144 5.030354
v -3.029782 -0.000144 4.958896
v -2.485890 -0.000144 5.322312
v -2.583613 -0.000144 5.273119
v -2.678808 -0.000144 5.219196
v -2.074468 -0.000144 5.469522
v -2.179911 -0.000144 5.440338
v -2.283796 -0.000144 5.406023
v -1.642233 -0.000144 5.533637
v -1.751342 -0.000144 5.525585
v -1.859926 -0.000144 5.512197
v -1.205794 -0.000144 5.512196
v -1.314378 -0.000144 5.525585
v -1.423487 -0.000144 5.533637
v -0.781924 -0.000144 5.406022
v -0.885809 -0.000144 5.440337
v -0.991252 -0.000144 5.469521
v -0.386912 -0.000144 5.219195
v -0.482107 -0.000144 5.273118
v -0.579830 -0.000144 5.322312
v -0.035938 -0.000144 4.958895
v -0.118784 -0.000144 5.030354
v -0.205032 -0.000144 5.097667
v 0.257509 -0.000144 4.635125
v 0.190196 -0.000144 4.721373
v 0.118738 -0.000144 4.804219
v 0.482154 -0.000144 4.260327
v 0.432961 -0.000144 4.358050
v 0.379037 -0.000144 4.453245
v 0.629363 -0.000144 3.848905
v 0.600179 -0.000144 3.954347
v 0.565864 -0.000144 4.058233
v 0.693478 -0.000144 3.416669
v 0.685426 -0.000144 3.525778
v 0.672037 -0.000144 3.634362
v 0.672037 -0.000144 2.980230
v 0.685426 -0.000144 3.088814
v 0.693478 -0.000144 3.197924
v 0.565863 -0.000144 2.556360
v 0.600178 -0.000144 2.660245
v 0.629362 -0.000144 2.765688
v 0.379035 -0.000144 2.161348
v 0.432958 -0.000144 2.256543
v 0.482152 -0.000144 2.354266
v 0.118735 -0.000144 1.810375
v 0.190193 -0.000144 1.893221
v 0.257507 -0.000144 1.979469
v -0.205035 -0.000144 1.516927
v -0.118788 -0.000144 1.584240
v -0.035941 -0.000144 1.655699
v -0.579834 -0.000144 1.292283
v -0.482111 -0.000144 1.341476
v -0.386916 -0.000144 1.395400
v -0.991256 -0.000144 1.145075
v -0.885813 -0.000144 1.174258
v -0.781928 -0.000144 1.208573
v -1.423489 -0.000144 1.080960
v -1.314380 -0.000144 1.089011
v -1.205797 -0.000144 1.102400
v -1.583103 0.025655 2.995676
v -1.561796 0.025655 3.013512
v -1.544378 0.025655 2.991862
v -1.642932 0.025655 3.011466
v -1.618555 0.025655 3.024802
v -1.605695 0.025655 3.000170
v -1.698531 0.025655 3.038624
v -1.672021 0.025655 3.046948
v -1.664214 0.025655 3.020281
v -1.747764 0.025655 3.076107
v -1.720138 0.025655 3.079099
v -1.717684 0.025655 3.051421
v -1.788738 0.025655 3.122475
v -1.761059 0.025655 3.120020
v -1.764052 0.025655 3.092395
v -1.819878 0.025655 3.175945
v -1.793211 0.025655 3.168138
v -1.801535 0.025655 3.141627
v -1.839989 0.025655 3.234463
v -1.815357 0.025655 3.221604
v -1.828693 0.025655 3.197226
v -1.848297 0.025655 3.295780
v -1.826647 0.025655 3.278362
v -1.844483 0.025655 3.257055
v -1.844482 0.025655 3.357540
v -1.826647 0.025655 3.336233
v -1.848297 0.025655 3.318815
v -1.828693 0.025655 3.417369
v -1.815357 0.025655 3.392992
v -1.839989 0.025655 3.380132
v -1.801535 0.025655 3.472968
v -1.793211 0.025655 3.446457
v -1.819878 0.025655 3.438650
v -1.764052 0.025655 3.522200
v -1.761059 0.025655 3.494575
v -1.788738 0.025655 3.492121
v -1.717684 0.025655 3.563174
v -1.720138 0.025655 3.535496
v -1.747764 0.025655 3.538488
v -1.664214 0.025655 3.594315
v -1.672021 0.025655 3.567647
v -1.698531 0.025655 3.575972
v -1.605695 0.025655 3.614425
v -1.618555 0.025655 3.589793
v -1.642932 0.025655 3.603130
v -1.544378 0.025655 3.622733
v -1.561796 0.025655 3.601084
v -1.583103 0.025655 3.618919
v -1.482618 0.025655 3.618919
v -1.503925 0.025655 3.601084
v -1.521343 0.025655 3.622734
v -1.422789 0.025655 3.603130
v -1.447167 0.025655 3.589793
v -1.460026 0.025655 3.614425
v -1.367190 0.025655 3.575971
v -1.393701 0.025655 3.567647
v -1.401508 0.025655 3.594315
v -1.317958 0.025655 3.538488
v -1.345583 0.025655 3.535496
v -1.348038 0.025655 3.563174
v -1.276984 0.025655 3.492121
v -1.304662 0.025655 3.494575
v -1.301670 0.025655 3.522200
v -1.245844 0.025655 3.438650
v -1.272511 0.025655 3.446457
v -1.264187 0.025655 3.472968
v -1.225733 0.025655 3.380132
v -1.250365 0.025655 3.392992
v -1.237029 0.025655 3.417369
v -1.217425 0.025655 3.318815
v -1.239075 0.025655 3.336233
v -1.221239 0.025655 3.357540
v -1.221239 0.025655 3.257055
v -1.239075 0.025655 3.278362
v -1.217425 0.025655 3.295780
v -1.237029 0.025655 3.197226
v -1.250365 0.025655 3.221603
v -1.225733 0.025655 3.234463
v -1.264187 0.025655 3.141627
v -1.272511 0.025655 3.168138
v -1.245844 0.025655 3.175945
v -1.301671 0.025655 3.092395
v -1.304663 0.025655 3.120020
v -1.276985 0.025655 3.122474
v -1.348038 0.025655 3.051421
v -1.345584 0.025655 3.079099
v -1.317958 0.025655 3.076107
v -1.401509 0.025655 3.020280
v -1.393702 0.025655 3.046948
v -1.367191 0.025655 3.038624
v -1.460027 0.025655 3.000170
v -1.447167 0.025655 3.024802
v -1.422790 0.025655 3.011466
v -1.521344 0.025655 2.991862
v -1.503926 0.025655 3.013512
v -1.482619 0.025655 2.995676
v -1.046492 0.025655 3.793666
v -1.143127 0.025655 3.697031
v -1.226707 0.025655 3.613451
v 0.011092 0.007987 4.338933
v 0.114231 0.005277 4.407848
v 0.217370 0.002567 4.476764
v -2.207473 0.025655 3.173109
v -2.073437 0.025655 3.199770
v -1.957509 0.025655 3.222830
v -3.389756 0.007987 3.307298
v -3.513800 0.005277 3.307298
v -3.637845 0.002567 3.307298
v 0.182687 0.007987 4.017900
v 0.297290 0.005277 4.065370
v 0.411892 0.002567 4.112839
v -3.354076 0.007987 3.669560
v -3.475737 0.005277 3.693760
v -3.597398 0.002567 3.717960
v 0.288355 0.007987 3.669559
v 0.410016 0.005277 3.693758
v 0.531677 0.002567 3.717958
v -3.248408 0.007987 4.017901
v -3.363010 0.005277 4.065371
v -3.477612 0.002567 4.112841
v 0.324034 0.007987 3.307296
v 0.448079 0.005277 3.307296
v 0.572123 0.002567 3.307296
v -3.076813 0.007987 4.338934
v -3.179952 0.005277 4.407849
v -3.283091 0.002567 4.476765
v 0.288354 0.007987 2.945034
v 0.410015 0.005277 2.920834
v 0.531676 0.002567 2.896634
v -2.845884 0.007987 4.620321
v -2.933597 0.005277 4.708034
v -3.021309 0.002567 4.795747
v 0.182686 0.007987 2.596693
v 0.297288 0.005277 2.549223
v 0.411890 0.002567 2.501754
v -2.564496 0.007987 4.851250
v -2.633412 0.005277 4.954390
v -2.702327 0.002567 5.057528
v 0.011090 0.007987 2.275661
v 0.114229 0.005277 2.206745
v 0.217368 0.002567 2.137830
v -2.243464 0.007987 5.022846
v -2.290933 0.005277 5.137448
v -2.338403 0.002567 5.252050
v -1.532861 0.025655 2.619469
v -1.532861 0.025655 2.756131
v -1.532861 0.025655 2.874331
v -1.895123 0.007987 1.486083
v -1.919323 0.005277 1.364422
v -1.943523 0.002567 1.242761
v -0.219839 0.007987 1.994274
v -0.132127 0.005277 1.906561
v -0.044414 0.002567 1.818848
v -1.895123 0.007987 5.128513
v -1.919322 0.005277 5.250175
v -1.943522 0.002567 5.371836
v -2.243464 0.007987 1.591751
v -2.290934 0.005277 1.477149
v -2.338403 0.002567 1.362547
v -0.501227 0.007987 1.763345
v -0.432312 0.005277 1.660206
v -0.363397 0.002567 1.557067
v -1.532860 0.007987 5.164193
v -1.532860 0.005277 5.288238
v -1.532860 0.002567 5.412282
v -2.564497 0.007987 1.763346
v -2.633412 0.005277 1.660207
v -2.702327 0.002567 1.557068
v -0.822260 0.007987 1.591750
v -0.774791 0.005277 1.477148
v -0.727321 0.002567 1.362545
v -1.170598 0.007987 5.128513
v -1.146398 0.005277 5.250175
v -1.122198 0.002567 5.371836
v -2.845884 0.007987 1.994275
v -2.933597 0.005277 1.906563
v -3.021309 0.002567 1.818850
v -1.170601 0.007987 1.486082
v -1.146401 0.005277 1.364421
v -1.122201 0.002567 1.242760
v -0.822257 0.007987 5.022845
v -0.774787 0.005277 5.137447
v -0.727317 0.002567 5.252049
v -3.076813 0.007987 2.275663
v -3.179952 0.005277 2.206747
v -3.283091 0.002567 2.137832
v -0.501224 0.007987 4.851249
v -0.432309 0.005277 4.954389
v -0.363393 0.002567 5.057528
v -3.248408 0.007987 2.596695
v -3.363010 0.005277 2.549225
v -3.477612 0.002567 2.501756
v -0.044411 0.002567 4.795746
v -0.132124 0.005277 4.708033
v -0.219837 0.007987 4.620320
v -1.172862 0.025655 3.547841
v -1.074582 0.025655 3.613509
v -0.960952 0.025655 3.689435
v -3.597398 0.002567 2.896636
v -3.475737 0.005277 2.920836
v -3.354076 0.007987 2.945036
v -1.965828 0.025655 3.307298
v -2.084028 0.025655 3.307298
v -2.220689 0.025655 3.307298
v -1.132851 0.025655 3.472987
v -1.023649 0.025655 3.518220
v -0.897390 0.025655 3.570518
v -1.957509 0.025655 3.391765
v -2.073437 0.025655 3.414825
v -2.207473 0.025655 3.441486
v -1.108213 0.025655 3.391765
v -0.992285 0.025655 3.414824
v -0.858249 0.025655 3.441486
v -1.932871 0.025655 3.472987
v -2.042072 0.025655 3.518220
v -2.168332 0.025655 3.570518
v -1.099894 0.025655 3.307297
v -0.981694 0.025655 3.307297
v -0.845032 0.025655 3.307297
v -1.892860 0.025655 3.547842
v -1.991139 0.025655 3.613509
v -2.104769 0.025655 3.689435
v -1.108213 0.025655 3.222830
v -0.992285 0.025655 3.199770
v -0.858249 0.025655 3.173108
v -1.839015 0.025655 3.613452
v -1.922595 0.025655 3.697031
v -2.019229 0.025655 3.793666
v -1.132852 0.025655 3.141608
v -1.023650 0.025655 3.096375
v -0.897391 0.025655 3.044076
v -1.773405 0.025655 3.667297
v -1.839073 0.025655 3.765576
v -1.914998 0.025655 3.879206
v -1.172862 0.025655 3.066754
v -1.074583 0.025655 3.001086
v -0.960953 0.025655 2.925160
v -1.698550 0.025655 3.707307
v -1.743783 0.025655 3.816509
v -1.796081 0.025655 3.942769
v -1.532861 0.002567 1.202314
v -1.532861 0.005277 1.326359
v -1.532861 0.007987 1.450403
v -1.617329 0.025655 2.882650
v -1.640388 0.025655 2.766722
v -1.667050 0.025655 2.632686
v -1.226707 0.025655 3.001143
v -1.143128 0.025655 2.917564
v -1.046493 0.025655 2.820929
v -1.617329 0.025655 3.731946
v -1.640388 0.025655 3.847874
v -1.667049 0.025655 3.981910
v -1.698550 0.025655 2.907288
v -1.743783 0.025655 2.798086
v -1.796081 0.025655 2.671827
v -1.292318 0.025655 2.947298
v -1.226650 0.025655 2.849019
v -1.150725 0.025655 2.735389
v -1.532861 0.025655 3.740265
v -1.532861 0.025655 3.858464
v -1.532861 0.025655 3.995126
v -1.773405 0.025655 2.947299
v -1.839073 0.025655 2.849020
v -1.914998 0.025655 2.735389
v -1.367172 0.025655 2.907288
v -1.321939 0.025655 2.798086
v -1.269641 0.025655 2.671827
v -1.448393 0.025655 3.731946
v -1.425333 0.025655 3.847874
v -1.398672 0.025655 3.981910
v -1.839015 0.025655 3.001144
v -1.922595 0.025655 2.917564
v -2.019229 0.025655 2.820930
v -1.448394 0.025655 2.882650
v -1.425334 0.025655 2.766722
v -1.398673 0.025655 2.632686
v -1.367171 0.025655 3.707307
v -1.321938 0.025655 3.816509
v -1.269640 0.025655 3.942768
v -1.892860 0.025655 3.066754
v -1.991139 0.025655 3.001086
v -2.104769 0.025655 2.925161
v -1.292317 0.025655 3.667297
v -1.226649 0.025655 3.765576
v -1.150724 0.025655 3.879206
v -1.932871 0.025655 3.141608
v -2.042072 0.025655 3.096375
v -2.168332 0.025655 3.044077
v -3.164412 0.010697 2.723519
v -3.191089 0.010697 2.804280
v -3.213776 0.010697 2.886251
v -2.317763 0.025655 3.026455
v -2.330596 0.025655 3.065307
v -2.341511 0.025655 3.104742
v -0.500605 0.010697 4.699133
v -0.433556 0.010697 4.646804
v -0.369151 0.010697 4.591251
v -1.036266 0.025655 3.976878
v -1.004010 0.025655 3.951703
v -0.973027 0.025655 3.924978
v -3.019173 0.010697 2.416437
v -3.061092 0.010697 2.490441
v -3.099336 0.010697 2.566411
v -2.247891 0.025655 2.878725
v -2.268058 0.025655 2.914327
v -2.286456 0.025655 2.950874
v -0.791973 0.010697 4.873773
v -0.716003 0.010697 4.835529
v -0.641999 0.010697 4.793610
v -1.176437 0.025655 4.060893
v -1.139889 0.025655 4.042495
v -1.104288 0.025655 4.022328
v -1.278601 0.010697 1.593207
v -1.363014 0.010697 1.582799
v -1.447835 0.010697 1.576539
v -1.410542 0.025655 2.482688
v -1.451151 0.025655 2.477681
v -1.491957 0.025655 2.474669
v -2.816815 0.010697 2.143589
v -2.872367 0.010697 2.207994
v -2.924696 0.010697 2.275043
v -2.150542 0.025655 2.747464
v -2.177267 0.025655 2.778448
v -2.202441 0.025655 2.810704
v -1.111813 0.010697 4.988214
v -1.029842 0.010697 4.965526
v -0.949081 0.010697 4.938849
v -1.330305 0.025655 4.115947
v -1.290870 0.025655 4.105033
v -1.252018 0.025655 4.092199
v -0.949085 0.010697 1.675746
v -1.029845 0.010697 1.649070
v -1.111816 0.010697 1.626382
v -1.252020 0.025655 2.522396
v -1.290872 0.025655 2.509562
v -1.330306 0.025655 2.498648
v -2.565116 0.010697 1.915463
v -2.632165 0.010697 1.967792
v -2.696569 0.010697 2.023344
v -2.029455 0.025655 2.637718
v -2.061711 0.025655 2.662892
v -2.092695 0.025655 2.689617
v -1.447834 0.010697 5.038057
v -1.363012 0.010697 5.031797
v -1.278598 0.010697 5.021389
v -1.491956 0.025655 4.139926
v -1.451150 0.025655 4.136915
v -1.410541 0.025655 4.131907
v -0.642001 0.010697 1.820985
v -0.716006 0.010697 1.779065
v -0.791976 0.010697 1.740822
v -1.104289 0.025655 2.592267
v -1.139891 0.025655 2.572100
v -1.176438 0.025655 2.553702
v -2.273748 0.010697 1.740823
v -2.349718 0.010697 1.779067
v -2.423722 0.010697 1.820987
v -1.889285 0.025655 2.553703
v -1.925832 0.025655 2.572101
v -1.961434 0.025655 2.592268
v -1.787122 0.010697 5.021389
v -1.702709 0.010697 5.031797
v -1.617887 0.010697 5.038057
v -1.655180 0.025655 4.131907
v -1.614571 0.025655 4.136915
v -1.573765 0.025655 4.139926
v -0.369154 0.010697 2.023343
v -0.433558 0.010697 1.967791
v -0.500608 0.010697 1.915461
v -0.973028 0.025655 2.689616
v -1.004012 0.025655 2.662892
v -1.036268 0.025655 2.637717
v -1.953908 0.010697 1.626383
v -2.035879 0.010697 1.649070
v -2.116640 0.010697 1.675747
v -1.735417 0.025655 2.498648
v -1.774851 0.025655 2.509562
v -1.813703 0.025655 2.522396
v -2.116639 0.010697 4.938849
v -2.035878 0.010697 4.965526
v -1.953907 0.010697 4.988214
v -1.813703 0.025655 4.092200
v -1.774851 0.025655 4.105033
v -1.735417 0.025655 4.115948
v -0.141026 0.010697 2.275041
v -0.193356 0.010697 2.207992
v -0.248908 0.010697 2.143588
v -0.863281 0.025655 2.810703
v -0.888456 0.025655 2.778447
v -0.915181 0.025655 2.747464
v -1.617887 0.010697 1.576539
v -1.702709 0.010697 1.582799
v -1.787123 0.010697 1.593207
v -1.573765 0.025655 2.474669
v -1.614571 0.025655 2.477681
v -1.655180 0.025655 2.482688
v -2.423722 0.010697 4.793610
v -2.349717 0.010697 4.835530
v -2.273747 0.010697 4.873773
v -1.961434 0.025655 4.022328
v -1.925832 0.025655 4.042495
v -1.889284 0.025655 4.060893
v 0.033613 0.010697 2.566409
v -0.004630 0.010697 2.490439
v -0.046550 0.010697 2.416435
v -0.779266 0.025655 2.950873
v -0.797664 0.025655 2.914326
v -0.817831 0.025655 2.878724
v -2.696569 0.010697 4.591252
v -2.632165 0.010697 4.646804
v -2.565116 0.010697 4.699134
v -2.092695 0.025655 3.924979
v -2.061711 0.025655 3.951704
v -2.029455 0.025655 3.976878
v 0.148054 0.010697 2.886250
v 0.125367 0.010697 2.804278
v 0.098690 0.010697 2.723517
v -0.724211 0.025655 3.104741
v -0.735126 0.025655 3.065307
v -0.747959 0.025655 3.026454
v -2.924696 0.010697 4.339553
v -2.872367 0.010697 4.406602
v -2.816815 0.010697 4.471007
v -2.202441 0.025655 3.803892
v -2.177267 0.025655 3.836148
v -2.150542 0.025655 3.867131
v 0.197898 0.010697 3.222270
v 0.191638 0.010697 3.137448
v 0.181230 0.010697 3.053035
v -0.700232 0.025655 3.266393
v -0.703244 0.025655 3.225587
v -0.708251 0.025655 3.184978
v -3.099336 0.010697 4.048185
v -3.061092 0.010697 4.124155
v -3.019173 0.010697 4.198159
v -2.286456 0.025655 3.663722
v -2.268058 0.025655 3.700269
v -2.247891 0.025655 3.735871
v 0.181230 0.010697 3.561558
v 0.191639 0.010697 3.477145
v 0.197898 0.010697 3.392323
v -0.708251 0.025655 3.429616
v -0.703244 0.025655 3.389007
v -0.700232 0.025655 3.348201
v -3.213776 0.010697 3.728345
v -3.191089 0.010697 3.810316
v -3.164412 0.010697 3.891077
v -2.341511 0.025655 3.509854
v -2.330596 0.025655 3.549288
v -2.317763 0.025655 3.588140
v 0.098691 0.010697 3.891076
v 0.125368 0.010697 3.810315
v 0.148055 0.010697 3.728343
v -0.747959 0.025655 3.588140
v -0.735125 0.025655 3.549288
v -0.724211 0.025655 3.509853
v -3.263620 0.010697 3.392324
v -3.257360 0.010697 3.477146
v -3.246952 0.010697 3.561560
v -2.365489 0.025655 3.348202
v -2.362478 0.025655 3.389008
v -2.357471 0.025655 3.429617
v -0.046548 0.010697 4.198158
v -0.004629 0.010697 4.124154
v 0.033615 0.010697 4.048184
v -0.817830 0.025655 3.735870
v -0.797664 0.025655 3.700268
v -0.779266 0.025655 3.663721
v -3.246952 0.010697 3.053036
v -3.257360 0.010697 3.137450
v -3.263620 0.010697 3.222272
v -2.357471 0.025655 3.184978
v -2.362478 0.025655 3.225588
v -2.365489 0.025655 3.266394
v -0.248906 0.010697 4.471006
v -0.193354 0.010697 4.406601
v -0.141025 0.010697 4.339552
v -0.915180 0.025655 3.867131
v -0.888455 0.025655 3.836147
v -0.863280 0.025655 3.803892
v -2.807696 0.021291 2.779244
v -2.734317 0.022734 2.809639
v -2.660937 0.024177 2.840034
v -2.607721 0.025621 2.922707
v -2.625295 0.025621 2.975912
v -2.640242 0.025621 3.029914
v -2.730420 0.024177 3.069088
v -2.808320 0.022734 3.053593
v -2.886219 0.021291 3.038098
v -2.948422 0.019848 2.952719
v -2.929316 0.019848 2.883688
v -2.906851 0.019848 2.815676
v -0.766244 0.021291 4.454619
v -0.810371 0.022734 4.388579
v -0.854497 0.024177 4.322539
v -0.852814 0.025621 4.224234
v -0.808643 0.025621 4.189759
v -0.766213 0.025621 4.153162
v -0.669468 0.024177 4.170690
v -0.613306 0.022734 4.226852
v -0.557143 0.021291 4.283014
v -0.552858 0.019848 4.388563
v -0.607095 0.019848 4.435345
v -0.663560 0.019848 4.479414
v -2.680183 0.021291 2.540682
v -2.614143 0.022734 2.584809
v -2.548102 0.024177 2.628935
v -2.512037 0.025621 2.720402
v -2.539654 0.025621 2.769156
v -2.564848 0.025621 2.819204
v -2.852047 0.019848 2.683370
v -2.819841 0.019848 2.619393
v -2.784539 0.019848 2.557070
v -1.004806 0.021291 4.582133
v -1.035201 0.022734 4.508754
v -1.065596 0.024177 4.435374
v -1.044767 0.025621 4.339285
v -0.994718 0.025621 4.314091
v -0.945964 0.025621 4.286474
v -0.782633 0.019848 4.558976
v -0.844955 0.019848 4.594278
v -0.908932 0.019848 4.626484
v -1.263663 0.021291 1.953939
v -1.279158 0.022734 2.031839
v -1.294653 0.024177 2.109738
v -1.365355 0.025621 2.178061
v -1.420966 0.025621 2.171204
v -1.476846 0.025621 2.167080
v -1.532861 0.024177 2.086277
v -1.532861 0.022734 2.006852
v -1.532861 0.021291 1.927426
v -1.461258 0.019848 1.849761
v -1.389826 0.019848 1.855033
v -1.318739 0.019848 1.863798
v -2.508578 0.021291 2.331581
v -2.452415 0.022734 2.387743
v -2.396253 0.024177 2.443906
v -2.378725 0.025621 2.540651
v -2.415322 0.025621 2.583081
v -2.449797 0.025621 2.627252
v -2.704977 0.019848 2.437998
v -2.660909 0.019848 2.381533
v -2.614126 0.019848 2.327296
v -1.263661 0.021291 4.660656
v -1.279156 0.022734 4.582757
v -1.294651 0.024177 4.504857
v -1.255476 0.025621 4.414679
v -1.201474 0.025621 4.399732
v -1.148269 0.025621 4.382157
v -1.041238 0.019848 4.681288
v -1.109250 0.019848 4.703753
v -1.178281 0.019848 4.722859
v -1.004808 0.021291 2.032462
v -1.035203 0.022734 2.105841
v -1.065598 0.024177 2.179221
v -1.148271 0.025621 2.232438
v -1.201476 0.025621 2.214863
v -1.255478 0.025621 2.199917
v -1.178283 0.019848 1.891736
v -1.109253 0.019848 1.910842
v -1.041241 0.019848 1.933307
v -2.299477 0.021291 2.159976
v -2.255350 0.022734 2.226016
v -2.211224 0.024177 2.292056
v -2.212907 0.025621 2.390362
v -2.257078 0.025621 2.424836
v -2.299508 0.025621 2.461434
v -2.512863 0.019848 2.226032
v -2.458626 0.019848 2.179250
v -2.402161 0.019848 2.135182
v -1.532860 0.021291 4.687170
v -1.532860 0.022734 4.607744
v -1.532860 0.024177 4.528319
v -1.476845 0.025621 4.447515
v -1.420965 0.025621 4.443392
v -1.365354 0.025621 4.436534
v -1.318737 0.019848 4.750798
v -1.389825 0.019848 4.759563
v -1.461257 0.019848 4.764834
v -0.766246 0.021291 2.159976
v -0.810373 0.022734 2.226015
v -0.854499 0.024177 2.292055
v -0.945966 0.025621 2.328121
v -0.994720 0.025621 2.300504
v -1.044769 0.025621 2.275310
v -0.908934 0.019848 1.988111
v -0.844957 0.019848 2.020317
v -0.782635 0.019848 2.055619
v -2.060915 0.021291 2.032462
v -2.030520 0.022734 2.105842
v -2.000125 0.024177 2.179222
v -2.020954 0.025621 2.275310
v -2.071003 0.025621 2.300505
v -2.119757 0.025621 2.328121
v -2.283088 0.019848 2.055620
v -2.220766 0.019848 2.020317
v -2.156789 0.019848 1.988111
v -1.802060 0.021291 4.660656
v -1.786565 0.022734 4.582757
v -1.771070 0.024177 4.504857
v -1.700367 0.025621 4.436535
v -1.644756 0.025621 4.443392
v -1.588876 0.025621 4.447515
v -1.604464 0.019848 4.764834
v -1.675896 0.019848 4.759563
v -1.746984 0.019848 4.750798
v -0.557145 0.021291 2.331580
v -0.613307 0.022734 2.387742
v -0.669470 0.024177 2.443905
v -0.766215 0.025621 2.461433
v -0.808645 0.025621 2.424835
v -0.852816 0.025621 2.390361
v -0.663562 0.019848 2.135180
v -0.607097 0.019848 2.179249
v -0.552860 0.019848 2.226031
v -1.802061 0.021291 1.953940
v -1.786565 0.022734 2.031839
v -1.771070 0.024177 2.109739
v -1.810245 0.025621 2.199917
v -1.864247 0.025621 2.214864
v -1.917452 0.025621 2.232438
v -2.024483 0.019848 1.933308
v -1.956471 0.019848 1.910843
v -1.887440 0.019848 1.891737
v -2.060915 0.021291 4.582134
v -2.030520 0.022734 4.508754
v -2.000125 0.024177 4.435374
v -1.917452 0.025621 4.382158
v -1.864247 0.025621 4.399733
v -1.810245 0.025621 4.414679
v -1.887440 0.019848 4.722859
v -1.956471 0.019848 4.703753
v -2.024482 0.019848 4.681288
v -0.385540 0.021291 2.540681
v -0.451580 0.022734 2.584807
v -0.517620 0.024177 2.628934
v -0.615926 0.025621 2.627251
v -0.650400 0.025621 2.583079
v -0.686998 0.025621 2.540650
v -0.451596 0.019848 2.327294
v -0.404814 0.019848 2.381532
v -0.360745 0.019848 2.437996
v -1.588876 0.025621 2.167080
v -1.644756 0.025621 2.171204
v -1.700368 0.025621 2.178061
v -1.746984 0.019848 1.863798
v -1.675897 0.019848 1.855033
v -1.604465 0.019848 1.849761
v -2.299477 0.021291 4.454620
v -2.255350 0.022734 4.388580
v -2.211224 0.024177 4.322540
v -2.119757 0.025621 4.286475
v -2.071003 0.025621 4.314091
v -2.020954 0.025621 4.339286
v -2.156789 0.019848 4.626485
v -2.220766 0.019848 4.594279
v -2.283088 0.019848 4.558977
v -0.258026 0.021291 2.779243
v -0.331406 0.022734 2.809637
v -0.404785 0.024177 2.840032
v -0.500874 0.025621 2.819203
v -0.526068 0.025621 2.769155
v -0.553685 0.025621 2.720401
v -0.281183 0.019848 2.557069
v -0.245881 0.019848 2.619391
v -0.213675 0.019848 2.683368
v -2.508578 0.021291 4.283015
v -2.452415 0.022734 4.226852
v -2.396253 0.024177 4.170690
v -2.299508 0.025621 4.153162
v -2.257078 0.025621 4.189760
v -2.212907 0.025621 4.224234
v -2.402161 0.019848 4.479414
v -2.458626 0.019848 4.435346
v -2.512863 0.019848 4.388564
v -0.179503 0.021291 3.038097
v -0.257402 0.022734 3.053592
v -0.335302 0.024177 3.069087
v -0.425480 0.025621 3.029912
v -0.440427 0.025621 2.975910
v -0.458002 0.025621 2.922705
v -0.158871 0.019848 2.815675
v -0.136406 0.019848 2.883687
v -0.117300 0.019848 2.952717
v -2.680182 0.021291 4.073914
v -2.614143 0.022734 4.029787
v -2.548103 0.024177 3.985661
v -2.449797 0.025621 3.987344
v -2.415323 0.025621 4.031516
v -2.378725 0.025621 4.073945
v -2.614126 0.019848 4.287301
v -2.660909 0.019848 4.233063
v -2.704977 0.019848 4.176599
v -0.152989 0.021291 3.307297
v -0.232414 0.022734 3.307297
v -0.311840 0.024177 3.307297
v -0.392643 0.025621 3.251282
v -0.396767 0.025621 3.195401
v -0.403624 0.025621 3.139790
v -0.089361 0.019848 3.093173
v -0.080596 0.019848 3.164261
v -0.075324 0.019848 3.235693
v -2.807697 0.021291 3.835352
v -2.734317 0.022734 3.804957
v -2.660937 0.024177 3.774562
v -2.564849 0.025621 3.795391
v -2.539654 0.025621 3.845440
v -2.512038 0.025621 3.894194
v -2.784539 0.019848 4.057526
v -2.819841 0.019848 3.995203
v -2.852047 0.019848 3.931226
v -0.179502 0.021291 3.576497
v -0.257402 0.022734 3.561001
v -0.335302 0.024177 3.545506
v -0.403624 0.025621 3.474804
v -0.396767 0.025621 3.419192
v -0.392643 0.025621 3.363312
v -0.075324 0.019848 3.378901
v -0.080595 0.019848 3.450332
v -0.089361 0.019848 3.521420
v -2.886219 0.021291 3.576498
v -2.808320 0.022734 3.561002
v -2.730420 0.024177 3.545507
v -2.640242 0.025621 3.584682
v -2.625295 0.025621 3.638684
v -2.607721 0.025621 3.691889
v -2.906851 0.019848 3.798920
v -2.929316 0.019848 3.730908
v -2.948422 0.019848 3.661877
v -0.258025 0.021291 3.835351
v -0.331404 0.022734 3.804956
v -0.404784 0.024177 3.774561
v -0.458001 0.025621 3.691888
v -0.440426 0.025621 3.638683
v -0.425480 0.025621 3.584681
v -0.117299 0.019848 3.661876
v -0.136405 0.019848 3.730907
v -0.158870 0.019848 3.798919
v -2.912733 0.021291 3.307298
v -2.833307 0.022734 3.307298
v -2.753881 0.024177 3.307298
v -2.673079 0.025621 3.363313
v -2.668955 0.025621 3.419193
v -2.662097 0.025621 3.474804
v -2.976361 0.019848 3.521421
v -2.985126 0.019848 3.450334
v -2.990397 0.019848 3.378902
v -0.385539 0.021291 4.073913
v -0.451579 0.022734 4.029787
v -0.517619 0.024177 3.985660
v -0.553684 0.025621 3.894193
v -0.526067 0.025621 3.845439
v -0.500873 0.025621 3.795391
v -0.213674 0.019848 3.931225
v -0.245880 0.019848 3.995203
v -0.281182 0.019848 4.057525
v -2.662097 0.025621 3.139791
v -2.668955 0.025621 3.195402
v -2.673079 0.025621 3.251283
v -2.990397 0.019848 3.235694
v -2.985126 0.019848 3.164262
v -2.976360 0.019848 3.093175
v -0.686996 0.025621 4.073945
v -0.650399 0.025621 4.031515
v -0.615924 0.025621 3.987343
v -0.360744 0.019848 4.176598
v -0.404812 0.019848 4.233062
v -0.451595 0.019848 4.287300
v -0.980624 0.025655 3.716815
v -1.092013 0.025655 3.633867
v -1.191972 0.025655 3.558630
v -1.001654 0.025655 3.743247
v -1.110725 0.025655 3.653735
v -1.212126 0.025655 3.570518
v -1.023475 0.025655 3.769030
v -1.126561 0.025655 3.675964
v -1.219854 0.025655 3.592603
v -2.219545 0.025655 3.273602
v -2.080845 0.025655 3.280687
v -1.955932 0.025655 3.287710
v -2.216744 0.025655 3.239941
v -2.076324 0.025655 3.253771
v -1.945779 0.025655 3.266629
v -2.212924 0.025655 3.206381
v -2.075507 0.025655 3.226490
v -1.951624 0.025655 3.243972
v -0.911342 0.025655 3.601211
v -1.036773 0.025655 3.541587
v -1.149490 0.025655 3.487296
v -0.926812 0.025655 3.631237
v -1.051250 0.025655 3.564724
v -1.166937 0.025655 3.502887
v -0.943184 0.025655 3.660781
v -1.062445 0.025655 3.589615
v -1.170208 0.025655 3.526057
v -2.212924 0.025655 3.408215
v -2.075507 0.025655 3.388105
v -1.951624 0.025655 3.370624
v -2.216744 0.025655 3.374654
v -2.076324 0.025655 3.360824
v -1.945779 0.025655 3.347966
v -2.219545 0.025655 3.340993
v -2.080845 0.025655 3.333908
v -1.955932 0.025655 3.326885
v -0.865945 0.025655 3.474311
v -1.000597 0.025655 3.440303
v -1.121740 0.025655 3.409046
v -0.875259 0.025655 3.506778
v -1.010282 0.025655 3.465820
v -1.135811 0.025655 3.427741
v -0.885553 0.025655 3.538949
v -1.016406 0.025655 3.492417
v -1.134498 0.025655 3.451103
v -2.180169 0.025655 3.538949
v -2.049315 0.025655 3.492417
v -1.931224 0.025655 3.451103
v -2.190463 0.025655 3.506779
v -2.055439 0.025655 3.465820
v -1.929911 0.025655 3.427742
v -2.199777 0.025655 3.474311
v -2.065124 0.025655 3.440303
v -1.943982 0.025655 3.409046
v -0.846177 0.025655 3.340993
v -0.984877 0.025655 3.333908
v -1.109790 0.025655 3.326885
v -0.848978 0.025655 3.374654
v -0.989397 0.025655 3.360824
v -1.119943 0.025655 3.347966
v -0.852798 0.025655 3.408214
v -0.990215 0.025655 3.388104
v -1.114097 0.025655 3.370623
v -2.122538 0.025655 3.660782
v -2.003277 0.025655 3.589616
v -1.895514 0.025655 3.526057
v -2.138910 0.025655 3.631238
v -2.014472 0.025655 3.564724
v -1.898784 0.025655 3.502888
v -2.154379 0.025655 3.601211
v -2.028949 0.025655 3.541587
v -1.916232 0.025655 3.487297
v -0.852798 0.025655 3.206380
v -0.990215 0.025655 3.226490
v -1.114098 0.025655 3.243971
v -0.848978 0.025655 3.239940
v -0.989398 0.025655 3.253771
v -1.119943 0.025655 3.266628
v -0.846177 0.025655 3.273602
v -0.984877 0.025655 3.280687
v -1.109790 0.025655 3.287710
v -2.042246 0.025655 3.769030
v -1.939161 0.025655 3.675964
v -1.845868 0.025655 3.592604
v -2.064067 0.025655 3.743248
v -1.954996 0.025655 3.653735
v -1.853595 0.025655 3.570518
v -2.085097 0.025655 3.716816
v -1.973709 0.025655 3.633867
v -1.873749 0.025655 3.558630
v -0.885553 0.025655 3.075645
v -1.016407 0.025655 3.122178
v -1.134498 0.025655 3.163491
v -0.875259 0.025655 3.107816
v -1.010283 0.025655 3.148775
v -1.135811 0.025655 3.186853
v -0.865945 0.025655 3.140284
v -1.000598 0.025655 3.174292
v -1.121740 0.025655 3.205549
v -1.942379 0.025655 3.859534
v -1.859430 0.025655 3.748146
v -1.784193 0.025655 3.648186
v -1.968811 0.025655 3.838504
v -1.879299 0.025655 3.729433
v -1.796081 0.025655 3.628032
v -1.994593 0.025655 3.816683
v -1.901528 0.025655 3.713597
v -1.818167 0.025655 3.620305
v -0.943184 0.025655 2.953813
v -1.062445 0.025655 3.024980
v -1.170208 0.025655 3.088538
v -0.926812 0.025655 2.983357
v -1.051250 0.025655 3.049871
v -1.166938 0.025655 3.111707
v -0.911343 0.025655 3.013384
v -1.036773 0.025655 3.073008
v -1.149490 0.025655 3.127298
v -1.826774 0.025655 3.928816
v -1.767150 0.025655 3.803385
v -1.712860 0.025655 3.690669
v -1.856801 0.025655 3.913347
v -1.790287 0.025655 3.788909
v -1.728451 0.025655 3.673221
v -1.886345 0.025655 3.896975
v -1.815179 0.025655 3.777714
v -1.751620 0.025655 3.669951
v -1.633778 0.025655 2.627235
v -1.613668 0.025655 2.764652
v -1.596187 0.025655 2.888535
v -1.600217 0.025655 2.623415
v -1.586387 0.025655 2.763834
v -1.573530 0.025655 2.894380
v -1.566557 0.025655 2.620614
v -1.559471 0.025655 2.759314
v -1.552449 0.025655 2.884227
v -1.023476 0.025655 2.845565
v -1.126562 0.025655 2.938631
v -1.219854 0.025655 3.021991
v -1.001655 0.025655 2.871347
v -1.110726 0.025655 2.960860
v -1.212127 0.025655 3.044077
v -0.980625 0.025655 2.897779
v -1.092013 0.025655 2.980728
v -1.191973 0.025655 3.055965
v -1.699874 0.025655 3.974214
v -1.665866 0.025655 3.839561
v -1.634609 0.025655 3.718418
v -1.732342 0.025655 3.964900
v -1.691383 0.025655 3.829876
v -1.653305 0.025655 3.704348
v -1.764513 0.025655 3.954606
v -1.717980 0.025655 3.823752
v -1.676667 0.025655 3.705660
v -1.764513 0.025655 2.659990
v -1.717980 0.025655 2.790843
v -1.676667 0.025655 2.908935
v -1.732342 0.025655 2.649696
v -1.691383 0.025655 2.784719
v -1.653305 0.025655 2.910248
v -1.699874 0.025655 2.640382
v -1.665866 0.025655 2.775034
v -1.634609 0.025655 2.896177
v -1.123344 0.025655 2.755061
v -1.206292 0.025655 2.866449
v -1.281529 0.025655 2.966409
v -1.096912 0.025655 2.776091
v -1.186424 0.025655 2.885162
v -1.269641 0.025655 2.986563
v -1.071129 0.025655 2.797912
v -1.164195 0.025655 2.900998
v -1.247555 0.025655 2.994290
v -1.566556 0.025655 3.993981
v -1.559471 0.025655 3.855282
v -1.552448 0.025655 3.730369
v -1.600217 0.025655 3.991181
v -1.586387 0.025655 3.850761
v -1.573530 0.025655 3.720216
v -1.633778 0.025655 3.987361
v -1.613668 0.025655 3.849944
v -1.596187 0.025655 3.726061
v -1.886345 0.025655 2.717621
v -1.815179 0.025655 2.836882
v -1.751620 0.025655 2.944645
v -1.856801 0.025655 2.701249
v -1.790287 0.025655 2.825687
v -1.728451 0.025655 2.941374
v -1.826774 0.025655 2.685780
v -1.767150 0.025655 2.811210
v -1.712860 0.025655 2.923927
v -1.238949 0.025655 2.685779
v -1.298572 0.025655 2.811210
v -1.352863 0.025655 2.923927
v -1.208922 0.025655 2.701248
v -1.275435 0.025655 2.825686
v -1.337271 0.025655 2.941374
v -1.179378 0.025655 2.717620
v -1.250544 0.025655 2.836881
v -1.314102 0.025655 2.944644
v -1.431944 0.025655 3.987361
v -1.452054 0.025655 3.849944
v -1.469535 0.025655 3.726061
v -1.465504 0.025655 3.991181
v -1.479334 0.025655 3.850761
v -1.492192 0.025655 3.720216
v -1.499165 0.025655 3.993982
v -1.506250 0.025655 3.855282
v -1.513273 0.025655 3.730369
v -1.994593 0.025655 2.797913
v -1.901528 0.025655 2.900998
v -1.818167 0.025655 2.994291
v -1.968811 0.025655 2.776091
v -1.879299 0.025655 2.885162
v -1.796081 0.025655 2.986563
v -1.942379 0.025655 2.755062
v -1.859430 0.025655 2.866450
v -1.784193 0.025655 2.966409
v -1.365848 0.025655 2.640382
v -1.399856 0.025655 2.775034
v -1.431113 0.025655 2.896177
v -1.333381 0.025655 2.649696
v -1.374339 0.025655 2.784719
v -1.412418 0.025655 2.910248
v -1.301210 0.025655 2.659990
v -1.347742 0.025655 2.790843
v -1.389056 0.025655 2.908935
v -1.301209 0.025655 3.954606
v -1.347741 0.025655 3.823752
v -1.389055 0.025655 3.705660
v -1.333379 0.025655 3.964899
v -1.374338 0.025655 3.829876
v -1.412417 0.025655 3.704348
v -1.365847 0.025655 3.974213
v -1.399855 0.025655 3.839561
v -1.431112 0.025655 3.718418
v -2.085097 0.025655 2.897780
v -1.973709 0.025655 2.980728
v -1.873749 0.025655 3.055965
v -2.064067 0.025655 2.871348
v -1.954996 0.025655 2.960860
v -1.853595 0.025655 3.044078
v -2.042246 0.025655 2.845566
v -1.939161 0.025655 2.938631
v -1.845868 0.025655 3.021992
v -1.499166 0.025655 2.620614
v -1.506251 0.025655 2.759314
v -1.513273 0.025655 2.884227
v -1.465505 0.025655 2.623415
v -1.479335 0.025655 2.763834
v -1.492192 0.025655 2.894380
v -1.431944 0.025655 2.627234
v -1.452054 0.025655 2.764652
v -1.469535 0.025655 2.888534
v -1.179376 0.025655 3.896975
v -1.250543 0.025655 3.777714
v -1.314101 0.025655 3.669951
v -1.208920 0.025655 3.913347
v -1.275434 0.025655 3.788908
v -1.337271 0.025655 3.673221
v -1.238947 0.025655 3.928816
v -1.298571 0.025655 3.803385
v -1.352862 0.025655 3.690669
v -2.154379 0.025655 3.013385
v -2.028949 0.025655 3.073009
v -1.916232 0.025655 3.127299
v -2.138910 0.025655 2.983358
v -2.014472 0.025655 3.049871
v -1.898784 0.025655 3.111708
v -2.122538 0.025655 2.953814
v -2.003277 0.025655 3.024980
v -1.895514 0.025655 3.088538
v -1.071128 0.025655 3.816683
v -1.164194 0.025655 3.713597
v -1.247555 0.025655 3.620305
v -1.096911 0.025655 3.838504
v -1.186423 0.025655 3.729433
v -1.269641 0.025655 3.628032
v -1.123343 0.025655 3.859534
v -1.206291 0.025655 3.748146
v -1.281528 0.025655 3.648186
v -2.199777 0.025655 3.140284
v -2.065124 0.025655 3.174292
v -1.943982 0.025655 3.205549
v -2.190463 0.025655 3.107816
v -2.055439 0.025655 3.148775
v -1.929911 0.025655 3.186854
v -2.180169 0.025655 3.075646
v -2.049315 0.025655 3.122178
v -1.931224 0.025655 3.163492
v -1.532861 0.025655 3.307297
v -1.577310 0.025655 3.083837
v -1.585669 0.025655 3.133214
v -1.620051 0.025655 3.096802
v -1.618616 0.025655 3.146861
v -1.659441 0.025655 3.117857
v -1.648268 0.025655 3.166674
v -1.693967 0.025655 3.146191
v -1.673485 0.025655 3.191890
v -1.722302 0.025655 3.180717
v -1.693298 0.025655 3.221542
v -1.743357 0.025655 3.220108
v -1.706945 0.025655 3.254490
v -1.756322 0.025655 3.262848
v -1.713902 0.025655 3.289467
v -1.760700 0.025655 3.307298
v -1.713902 0.025655 3.325129
v -1.756322 0.025655 3.351747
v -1.706945 0.025655 3.360105
v -1.743357 0.025655 3.394488
v -1.693298 0.025655 3.393053
v -1.722302 0.025655 3.433878
v -1.673485 0.025655 3.422705
v -1.693967 0.025655 3.468404
v -1.648268 0.025655 3.447922
v -1.659441 0.025655 3.496739
v -1.618616 0.025655 3.467734
v -1.620051 0.025655 3.517793
v -1.585669 0.025655 3.481382
v -1.577310 0.025655 3.530759
v -1.550692 0.025655 3.488339
v -1.532861 0.025655 3.535136
v -1.515030 0.025655 3.488339
v -1.488412 0.025655 3.530759
v -1.480053 0.025655 3.481381
v -1.445671 0.025655 3.517793
v -1.447106 0.025655 3.467734
v -1.406280 0.025655 3.496739
v -1.417454 0.025655 3.447922
v -1.371754 0.025655 3.468404
v -1.392237 0.025655 3.422705
v -1.343420 0.025655 3.433878
v -1.372424 0.025655 3.393053
v -1.322365 0.025655 3.394488
v -1.358777 0.025655 3.360105
v -1.309400 0.025655 3.351747
v -1.351820 0.025655 3.325129
v -1.305022 0.025655 3.307297
v -1.351820 0.025655 3.289466
v -1.309400 0.025655 3.262848
v -1.358777 0.025655 3.254490
v -1.322365 0.025655 3.220107
v -1.372424 0.025655 3.221542
v -1.343420 0.025655 3.180717
v -1.392237 0.025655 3.191890
v -1.371755 0.025655 3.146191
v -1.417454 0.025655 3.166674
v -1.406281 0.025655 3.117857
v -1.447106 0.025655 3.146861
v -1.445671 0.025655 3.096802
v -1.480053 0.025655 3.133214
v -1.488412 0.025655 3.083837
v -1.515030 0.025655 3.126256
v -1.532861 0.025655 3.079459
v -1.550692 0.025655 3.126256
v -3.574757 0.002567 2.795830
v -3.454430 0.005277 2.825971
v -3.334103 0.007987 2.856111
v -3.547197 0.002567 2.696256
v -3.428494 0.005277 2.732264
v -3.309792 0.007987 2.768272
v -3.514791 0.002567 2.598152
v -3.397998 0.005277 2.639941
v -3.281205 0.007987 2.681730
v -0.119242 0.002567 4.866984
v -0.202545 0.005277 4.775073
v -0.285848 0.007987 4.683163
v -0.197477 0.002567 4.934466
v -0.276170 0.005277 4.838578
v -0.354863 0.007987 4.742691
v -0.278925 0.002567 4.998034
v -0.352819 0.005277 4.898400
v -0.426712 0.007987 4.798767
v -3.435740 0.002567 2.407304
v -3.323605 0.005277 2.460340
v -3.211471 0.007987 2.513376
v -3.389284 0.002567 2.315020
v -3.279887 0.005277 2.373493
v -3.170490 0.007987 2.431967
v -3.338362 0.002567 2.225122
v -3.231966 0.005277 2.288894
v -3.125569 0.007987 2.352665
v -0.450683 0.002567 5.112799
v -0.514455 0.005277 5.006402
v -0.578227 0.007987 4.900006
v -0.540581 0.002567 5.163721
v -0.599055 0.005277 5.054324
v -0.657529 0.007987 4.944927
v -0.632865 0.002567 5.210177
v -0.685901 0.005277 5.098042
v -0.738937 0.007987 4.985908
v -1.429576 0.002567 1.204854
v -1.435662 0.005277 1.328749
v -1.441749 0.007987 1.452644
v -1.326539 0.002567 1.212458
v -1.338697 0.005277 1.335905
v -1.350855 0.007987 1.459352
v -1.223998 0.002567 1.225102
v -1.242199 0.005277 1.347803
v -1.260400 0.007987 1.470505
v -3.223596 0.002567 2.053364
v -3.123963 0.005277 2.127257
v -3.024330 0.007987 2.201150
v -3.160029 0.002567 1.971916
v -3.064142 0.005277 2.050609
v -2.968255 0.007987 2.129301
v -3.092547 0.002567 1.893680
v -3.000637 0.005277 1.976983
v -2.908726 0.007987 2.060286
v -0.823713 0.002567 5.289229
v -0.865502 0.005277 5.172436
v -0.907292 0.007987 5.055642
v -0.921818 0.002567 5.321634
v -0.957826 0.005277 5.202931
v -0.993834 0.007987 5.084229
v -1.021392 0.002567 5.349194
v -1.051532 0.005277 5.228868
v -1.081673 0.007987 5.108540
v -1.021396 0.002567 1.265401
v -1.051536 0.005277 1.385728
v -1.081676 0.007987 1.506055
v -0.921821 0.002567 1.292961
v -0.957829 0.005277 1.411664
v -0.993837 0.007987 1.530367
v -0.823717 0.002567 1.325366
v -0.865506 0.005277 1.442160
v -0.907295 0.007987 1.558953
v -2.946479 0.002567 1.747612
v -2.863176 0.005277 1.839522
v -2.779873 0.007987 1.931433
v -2.868243 0.002567 1.680130
v -2.789551 0.005277 1.776017
v -2.710858 0.007987 1.871905
v -2.786795 0.002567 1.616563
v -2.712902 0.005277 1.716196
v -2.639009 0.007987 1.815829
v -1.223995 0.002567 5.389494
v -1.242196 0.005277 5.266793
v -1.260397 0.007987 5.144091
v -1.326536 0.002567 5.402138
v -1.338695 0.005277 5.278691
v -1.350853 0.007987 5.155244
v -1.429574 0.002567 5.409742
v -1.435661 0.005277 5.285847
v -1.441747 0.007987 5.161952
v -0.632869 0.002567 1.404418
v -0.685905 0.005277 1.516553
v -0.738940 0.007987 1.628688
v -0.540585 0.002567 1.450874
v -0.599059 0.005277 1.560271
v -0.657532 0.007987 1.669668
v -0.450687 0.002567 1.501796
v -0.514458 0.005277 1.608192
v -0.578230 0.007987 1.714589
v -2.615037 0.002567 1.501797
v -2.551265 0.005277 1.608194
v -2.487494 0.007987 1.714590
v -2.525140 0.002567 1.450875
v -2.466666 0.005277 1.560272
v -2.408192 0.007987 1.669669
v -2.432855 0.002567 1.404419
v -2.379819 0.005277 1.516554
v -2.326784 0.007987 1.628689
v -1.636146 0.002567 5.409742
v -1.630060 0.005277 5.285847
v -1.623973 0.007987 5.161952
v -1.739184 0.002567 5.402138
v -1.727026 0.005277 5.278691
v -1.714867 0.007987 5.155244
v -1.841725 0.002567 5.389494
v -1.823524 0.005277 5.266793
v -1.805323 0.007987 5.144091
v -0.278929 0.002567 1.616561
v -0.352822 0.005277 1.716194
v -0.426715 0.007987 1.815828
v -0.197480 0.002567 1.680128
v -0.276173 0.005277 1.776016
v -0.354866 0.007987 1.871903
v -0.119245 0.002567 1.747610
v -0.202548 0.005277 1.839521
v -0.285851 0.007987 1.931432
v -2.242007 0.002567 1.325368
v -2.200218 0.005277 1.442161
v -2.158429 0.007987 1.558954
v -2.143903 0.002567 1.292962
v -2.107895 0.005277 1.411665
v -2.071887 0.007987 1.530367
v -2.044329 0.002567 1.265402
v -2.014188 0.005277 1.385729
v -1.984048 0.007987 1.506056
v -2.044328 0.002567 5.349195
v -2.014188 0.005277 5.228868
v -1.984048 0.007987 5.108541
v -2.143903 0.002567 5.321635
v -2.107894 0.005277 5.202932
v -2.071887 0.007987 5.084229
v -2.242007 0.002567 5.289229
v -2.200218 0.005277 5.172436
v -2.158429 0.007987 5.055643
v 0.026824 0.002567 1.893678
v -0.065087 0.005277 1.976981
v -0.156997 0.007987 2.060285
v 0.094306 0.002567 1.971914
v -0.001581 0.005277 2.050607
v -0.097469 0.007987 2.129299
v 0.157873 0.002567 2.053362
v 0.058240 0.005277 2.127255
v -0.041393 0.007987 2.201148
v -1.841726 0.002567 1.225102
v -1.823525 0.005277 1.347804
v -1.805324 0.007987 1.470505
v -1.739184 0.002567 1.212458
v -1.727026 0.005277 1.335905
v -1.714868 0.007987 1.459352
v -1.636147 0.002567 1.204854
v -1.630060 0.005277 1.328749
v -1.623974 0.007987 1.452644
v -2.432855 0.002567 5.210178
v -2.379819 0.005277 5.098043
v -2.326783 0.007987 4.985908
v -2.525139 0.002567 5.163722
v -2.466665 0.005277 5.054324
v -2.408191 0.007987 4.944927
v -2.615037 0.002567 5.112800
v -2.551265 0.005277 5.006403
v -2.487494 0.007987 4.900006
v 0.272639 0.002567 2.225120
v 0.166243 0.005277 2.288892
v 0.059846 0.007987 2.352663
v 0.323561 0.002567 2.315017
v 0.214164 0.005277 2.373491
v 0.104767 0.007987 2.431965
v 0.370017 0.002567 2.407302
v 0.257883 0.005277 2.460338
v 0.145748 0.007987 2.513374
v -2.786795 0.002567 4.998034
v -2.712902 0.005277 4.898401
v -2.639009 0.007987 4.798767
v -2.868243 0.002567 4.934466
v -2.789550 0.005277 4.838579
v -2.710858 0.007987 4.742692
v -2.946479 0.002567 4.866985
v -2.863176 0.005277 4.775074
v -2.779873 0.007987 4.683163
v 0.449069 0.002567 2.598149
v 0.332276 0.005277 2.639939
v 0.215483 0.007987 2.681728
v 0.481475 0.002567 2.696254
v 0.362772 0.005277 2.732262
v 0.244069 0.007987 2.768270
v 0.509035 0.002567 2.795828
v 0.388708 0.005277 2.825969
v 0.268381 0.007987 2.856109
v -3.092547 0.002567 4.720917
v -3.000637 0.005277 4.637613
v -2.908726 0.007987 4.554310
v -3.160029 0.002567 4.642681
v -3.064142 0.005277 4.563988
v -2.968255 0.007987 4.485295
v -3.223596 0.002567 4.561233
v -3.123963 0.005277 4.487339
v -3.024330 0.007987 4.413446
v 0.549335 0.002567 2.998431
v 0.426633 0.005277 3.016632
v 0.303932 0.007987 3.034833
v 0.561979 0.002567 3.100972
v 0.438532 0.005277 3.113131
v 0.315085 0.007987 3.125289
v 0.569583 0.002567 3.204010
v 0.445688 0.005277 3.210097
v 0.321793 0.007987 3.216183
v -3.338362 0.002567 4.389474
v -3.231965 0.005277 4.325703
v -3.125569 0.007987 4.261931
v -3.389284 0.002567 4.299577
v -3.279887 0.005277 4.241103
v -3.170490 0.007987 4.182629
v -3.435740 0.002567 4.207292
v -3.323605 0.005277 4.154257
v -3.211471 0.007987 4.101221
v 0.569583 0.002567 3.410582
v 0.445688 0.005277 3.404496
v 0.321793 0.007987 3.398409
v 0.561980 0.002567 3.513620
v 0.438532 0.005277 3.501462
v 0.315086 0.007987 3.489303
v 0.549336 0.002567 3.616161
v 0.426634 0.005277 3.597960
v 0.303932 0.007987 3.579759
v -3.514791 0.002567 4.016445
v -3.397998 0.005277 3.974655
v -3.281205 0.007987 3.932866
v -3.547197 0.002567 3.918340
v -3.428494 0.005277 3.882332
v -3.309792 0.007987 3.846324
v -3.574757 0.002567 3.818766
v -3.454430 0.005277 3.788625
v -3.334103 0.007987 3.758485
v 0.509036 0.002567 3.818764
v 0.388709 0.005277 3.788624
v 0.268382 0.007987 3.758484
v 0.481476 0.002567 3.918339
v 0.362773 0.005277 3.882331
v 0.244070 0.007987 3.846323
v 0.449071 0.002567 4.016443
v 0.332278 0.005277 3.974654
v 0.215484 0.007987 3.932865
v -3.615057 0.002567 3.616163
v -3.492355 0.005277 3.597962
v -3.369653 0.007987 3.579761
v -3.627701 0.002567 3.513622
v -3.504254 0.005277 3.501463
v -3.380807 0.007987 3.489305
v -3.635305 0.002567 3.410584
v -3.511410 0.005277 3.404497
v -3.387515 0.007987 3.398411
v 0.370019 0.002567 4.207291
v 0.257884 0.005277 4.154255
v 0.145750 0.007987 4.101220
v 0.323563 0.002567 4.299576
v 0.214166 0.005277 4.241102
v 0.104769 0.007987 4.182628
v 0.272641 0.002567 4.389473
v 0.166245 0.005277 4.325702
v 0.059848 0.007987 4.261930
v -3.635304 0.002567 3.204012
v -3.511410 0.005277 3.210099
v -3.387515 0.007987 3.216185
v -3.627701 0.002567 3.100974
v -3.504254 0.005277 3.113133
v -3.380807 0.007987 3.125291
v -3.615057 0.002567 2.998433
v -3.492355 0.005277 3.016634
v -3.369653 0.007987 3.034835
v 0.157876 0.002567 4.561232
v 0.058243 0.005277 4.487339
v -0.041391 0.007987 4.413445
v 0.094309 0.002567 4.642680
v -0.001579 0.005277 4.563987
v -0.097466 0.007987 4.485294
v 0.026827 0.002567 4.720916
v -0.065084 0.005277 4.637612
v -0.156995 0.007987 4.554309
v -2.682503 0.024177 2.895949
v -2.757286 0.022734 2.869191
v -2.832068 0.021291 2.842434
v -2.701301 0.024177 2.952856
v -2.777306 0.022734 2.929800
v -2.853311 0.021291 2.906744
v -2.717287 0.024177 3.010615
v -2.794332 0.022734 2.991316
v -2.871377 0.021291 2.972018
v -0.805501 0.024177 4.288029
v -0.758187 0.022734 4.351824
v -0.710873 0.021291 4.415619
v -0.758256 0.024177 4.251156
v -0.707869 0.022734 4.312552
v -0.657482 0.021291 4.373949
v -0.712874 0.024177 4.212012
v -0.659536 0.022734 4.270863
v -0.606197 0.021291 4.329713
v -2.580163 0.024177 2.679569
v -2.648288 0.022734 2.638736
v -2.716414 0.021291 2.597903
v -2.609701 0.024177 2.731715
v -2.679748 0.022734 2.694274
v -2.749794 0.021291 2.656833
v -2.636648 0.024177 2.785246
v -2.708448 0.022734 2.751287
v -2.780248 0.021291 2.717328
v -1.010808 0.024177 4.411085
v -0.976849 0.022734 4.482885
v -0.942891 0.021291 4.554685
v -0.957277 0.024177 4.384138
v -0.919836 0.022734 4.454185
v -0.882396 0.021291 4.524231
v -0.905131 0.024177 4.354600
v -0.864298 0.022734 4.422725
v -0.823465 0.021291 4.490850
v -1.353701 0.024177 2.099495
v -1.342047 0.022734 2.020929
v -1.330393 0.021291 1.942364
v -1.413181 0.024177 2.092161
v -1.405396 0.022734 2.013119
v -1.397611 0.021291 1.934076
v -1.472949 0.024177 2.087750
v -1.469052 0.022734 2.008421
v -1.465155 0.021291 1.929091
v -2.437575 0.024177 2.487312
v -2.496426 0.022734 2.433973
v -2.555276 0.021291 2.380635
v -2.476719 0.024177 2.532694
v -2.538116 0.022734 2.482307
v -2.599512 0.021291 2.431920
v -2.513592 0.024177 2.579938
v -2.577387 0.022734 2.532625
v -2.641182 0.021291 2.485312
v -1.236177 0.024177 4.491724
v -1.216879 0.022734 4.568769
v -1.197580 0.021291 4.645814
v -1.178418 0.024177 4.475738
v -1.155362 0.022734 4.551743
v -1.132306 0.021291 4.627748
v -1.121511 0.024177 4.456940
v -1.094754 0.022734 4.531723
v -1.067996 0.021291 4.606505
v -1.121514 0.024177 2.157655
v -1.094756 0.022734 2.082873
v -1.067999 0.021291 2.008090
v -1.178420 0.024177 2.138858
v -1.155365 0.022734 2.062853
v -1.132309 0.021291 1.986847
v -1.236180 0.024177 2.122872
v -1.216881 0.022734 2.045826
v -1.197582 0.021291 1.968781
v -2.260220 0.024177 2.326567
v -2.307534 0.022734 2.262772
v -2.354848 0.021291 2.198977
v -2.307465 0.024177 2.363440
v -2.357852 0.022734 2.302043
v -2.408239 0.021291 2.240647
v -2.352847 0.024177 2.402584
v -2.406186 0.022734 2.343733
v -2.459524 0.021291 2.284883
v -1.472948 0.024177 4.526845
v -1.469051 0.022734 4.606175
v -1.465154 0.021291 4.685505
v -1.413180 0.024177 4.522435
v -1.405395 0.022734 4.601477
v -1.397610 0.021291 4.680520
v -1.353699 0.024177 4.515100
v -1.342045 0.022734 4.593666
v -1.330391 0.021291 4.672232
v -0.905133 0.024177 2.259995
v -0.864300 0.022734 2.191870
v -0.823468 0.021291 2.123744
v -0.957279 0.024177 2.230457
v -0.919839 0.022734 2.160410
v -0.882398 0.021291 2.090363
v -1.010810 0.024177 2.203510
v -0.976852 0.022734 2.131710
v -0.942893 0.021291 2.059910
v -2.054913 0.024177 2.203511
v -2.088872 0.022734 2.131711
v -2.122831 0.021291 2.059911
v -2.108444 0.024177 2.230458
v -2.145885 0.022734 2.160411
v -2.183326 0.021291 2.090364
v -2.160590 0.024177 2.259996
v -2.201423 0.022734 2.191870
v -2.242256 0.021291 2.123745
v -1.712021 0.024177 4.515100
v -1.723675 0.022734 4.593666
v -1.735330 0.021291 4.672232
v -1.652541 0.024177 4.522435
v -1.660326 0.022734 4.601477
v -1.668111 0.021291 4.680520
v -1.592773 0.024177 4.526845
v -1.596670 0.022734 4.606175
v -1.600567 0.021291 4.685505
v -0.712876 0.024177 2.402582
v -0.659537 0.022734 2.343732
v -0.606199 0.021291 2.284882
v -0.758258 0.024177 2.363439
v -0.707871 0.022734 2.302042
v -0.657484 0.021291 2.240646
v -0.805503 0.024177 2.326566
v -0.758189 0.022734 2.262771
v -0.710876 0.021291 2.198976
v -1.829544 0.024177 2.122872
v -1.848843 0.022734 2.045827
v -1.868141 0.021291 1.968782
v -1.887303 0.024177 2.138858
v -1.910359 0.022734 2.062853
v -1.933415 0.021291 1.986848
v -1.944210 0.024177 2.157656
v -1.970967 0.022734 2.082873
v -1.997725 0.021291 2.008090
v -1.944210 0.024177 4.456941
v -1.970967 0.022734 4.531723
v -1.997725 0.021291 4.606505
v -1.887303 0.024177 4.475738
v -1.910359 0.022734 4.551743
v -1.933415 0.021291 4.627748
v -1.829544 0.024177 4.491724
v -1.848842 0.022734 4.568769
v -1.868141 0.021291 4.645814
v -0.552131 0.024177 2.579937
v -0.488335 0.022734 2.532624
v -0.424541 0.021291 2.485310
v -0.589004 0.024177 2.532692
v -0.527607 0.022734 2.482306
v -0.466210 0.021291 2.431919
v -0.628147 0.024177 2.487311
v -0.569297 0.022734 2.433972
v -0.510447 0.021291 2.380633
v -1.592773 0.024177 2.087750
v -1.596670 0.022734 2.008421
v -1.600568 0.021291 1.929091
v -1.652541 0.024177 2.092161
v -1.660326 0.022734 2.013119
v -1.668111 0.021291 1.934076
v -1.712022 0.024177 2.099496
v -1.723676 0.022734 2.020930
v -1.735330 0.021291 1.942364
v -2.160590 0.024177 4.354600
v -2.201423 0.022734 4.422726
v -2.242255 0.021291 4.490851
v -2.108444 0.024177 4.384138
v -2.145885 0.022734 4.454185
v -2.183325 0.021291 4.524232
v -2.054913 0.024177 4.411086
v -2.088872 0.022734 4.482885
v -2.122830 0.021291 4.554685
v -0.429074 0.024177 2.785244
v -0.357274 0.022734 2.751286
v -0.285475 0.021291 2.717327
v -0.456022 0.024177 2.731714
v -0.385975 0.022734 2.694273
v -0.315928 0.021291 2.656832
v -0.485559 0.024177 2.679568
v -0.417434 0.022734 2.638735
v -0.349309 0.021291 2.597902
v -2.352847 0.024177 4.212013
v -2.406186 0.022734 4.270863
v -2.459524 0.021291 4.329713
v -2.307465 0.024177 4.251156
v -2.357852 0.022734 4.312553
v -2.408239 0.021291 4.373950
v -2.260220 0.024177 4.288029
v -2.307534 0.022734 4.351824
v -2.354847 0.021291 4.415619
v -0.348435 0.024177 3.010614
v -0.271390 0.022734 2.991315
v -0.194345 0.021291 2.972016
v -0.364422 0.024177 2.952854
v -0.288417 0.022734 2.929798
v -0.212411 0.021291 2.906742
v -0.383219 0.024177 2.895948
v -0.308436 0.022734 2.869190
v -0.233654 0.021291 2.842432
v -2.513592 0.024177 4.034657
v -2.577387 0.022734 4.081971
v -2.641182 0.021291 4.129285
v -2.476719 0.024177 4.081903
v -2.538116 0.022734 4.132289
v -2.599512 0.021291 4.182676
v -2.437575 0.024177 4.127284
v -2.496426 0.022734 4.180623
v -2.555276 0.021291 4.233962
v -0.313313 0.024177 3.247385
v -0.233984 0.022734 3.243487
v -0.154654 0.021291 3.239590
v -0.317724 0.024177 3.187616
v -0.238682 0.022734 3.179831
v -0.159639 0.021291 3.172046
v -0.325059 0.024177 3.128136
v -0.246493 0.022734 3.116482
v -0.167927 0.021291 3.104827
v -2.636648 0.024177 3.829350
v -2.708448 0.022734 3.863309
v -2.780248 0.021291 3.897268
v -2.609701 0.024177 3.882881
v -2.679748 0.022734 3.920322
v -2.749795 0.021291 3.957762
v -2.580163 0.024177 3.935027
v -2.648288 0.022734 3.975860
v -2.716414 0.021291 4.016693
v -0.325058 0.024177 3.486458
v -0.246492 0.022734 3.498112
v -0.167927 0.021291 3.509766
v -0.317724 0.024177 3.426977
v -0.238681 0.022734 3.434762
v -0.159638 0.021291 3.442547
v -0.313313 0.024177 3.367209
v -0.233983 0.022734 3.371106
v -0.154654 0.021291 3.375003
v -2.717287 0.024177 3.603981
v -2.794332 0.022734 3.623280
v -2.871377 0.021291 3.642578
v -2.701301 0.024177 3.661740
v -2.777306 0.022734 3.684796
v -2.853311 0.021291 3.707852
v -2.682503 0.024177 3.718647
v -2.757286 0.022734 3.745404
v -2.832068 0.021291 3.772162
v -0.383218 0.024177 3.718646
v -0.308436 0.022734 3.745404
v -0.233653 0.021291 3.772161
v -0.364421 0.024177 3.661739
v -0.288416 0.022734 3.684795
v -0.212410 0.021291 3.707851
v -0.348435 0.024177 3.603980
v -0.271389 0.022734 3.623279
v -0.194344 0.021291 3.642577
v -2.752408 0.024177 3.367210
v -2.831738 0.022734 3.371107
v -2.911068 0.021291 3.375005
v -2.747998 0.024177 3.426978
v -2.827040 0.022734 3.434763
v -2.906083 0.021291 3.442549
v -2.740663 0.024177 3.486459
v -2.819229 0.022734 3.498113
v -2.897795 0.021291 3.509767
v -0.485558 0.024177 3.935026
v -0.417433 0.022734 3.975859
v -0.349307 0.021291 4.016692
v -0.456020 0.024177 3.882880
v -0.385973 0.022734 3.920321
v -0.315927 0.021291 3.957762
v -0.429073 0.024177 3.829350
v -0.357273 0.022734 3.863308
v -0.285473 0.021291 3.897267
v -2.740664 0.024177 3.128137
v -2.819229 0.022734 3.116483
v -2.897795 0.021291 3.104829
v -2.747998 0.024177 3.187617
v -2.827040 0.022734 3.179832
v -2.906083 0.021291 3.172047
v -2.752408 0.024177 3.247386
v -2.831738 0.022734 3.243489
v -2.911068 0.021291 3.239591
v -0.628146 0.024177 4.127283
v -0.569295 0.022734 4.180622
v -0.510445 0.021291 4.233961
v -0.589002 0.024177 4.081902
v -0.527606 0.022734 4.132288
v -0.466209 0.021291 4.182675
v -0.552129 0.024177 4.034657
v -0.488334 0.022734 4.081970
v -0.424539 0.021291 4.129284
vn -0.0000 0.9998 -0.0218
vn -0.0043 0.9998 -0.0214
vn -0.0084 0.9998 -0.0202
vn -0.0121 0.9998 -0.0182
vn -0.0154 0.9998 -0.0154
vn -0.0182 0.9998 -0.0121
vn -0.0202 0.9998 -0.0084
vn -0.0214 0.9998 -0.0043
vn -0.0218 0.9998 -0.0000
vn -0.0214 0.9998 0.0043
vn -0.0202 0.9998 0.0084
vn -0.0182 0.9998 0.0121
vn -0.0154 0.9998 0.0154
vn -0.0121 0.9998 0.0182
vn -0.0084 0.9998 0.0202
vn -0.0043 0.9998 0.0214
vn -0.0000 0.9998 0.0218
vn 0.0043 0.9998 0.0214
vn 0.0084 0.9998 0.0202
vn 0.0121 0.9998 0.0182
vn 0.0154 0.9998 0.0154
vn 0.0182 0.9998 0.0121
vn 0.0202 0.9998 0.0084
vn 0.0214 0.9998 0.0043
vn 0.0218 0.9998 -0.0000
vn 0.0214 0.9998 -0.0043
vn 0.0202 0.9998 -0.0084
vn 0.0182 0.9998 -0.0121
vn 0.0154 0.9998 -0.0154
vn 0.0121 0.9998 -0.0182
vn 0.0084 0.9998 -0.0202
vn 0.0043 0.9998 -0.0214
vn -0.0000 1.0000 -0.0000
vn 0.0128 0.9998 0.0128
vn 0.0151 0.9998 0.0101
vn -0.0178 0.9998 -0.0035
vn -0.0182 0.9998 -0.0000
vn 0.0168 0.9998 0.0070
vn -0.0178 0.9998 0.0035
vn 0.0178 0.9998 0.0035
vn -0.0168 0.9998 0.0070
vn 0.0182 0.9998 -0.0000
vn -0.0151 0.9998 0.0101
vn 0.0178 0.9998 -0.0035
vn -0.0128 0.9998 0.0128
vn 0.0168 0.9998 -0.0070
vn -0.0101 0.9998 0.0151
vn 0.0151 0.9998 -0.0101
vn -0.0070 0.9998 0.0168
vn -0.0000 0.9998 -0.0182
vn -0.0035 0.9998 -0.0178
vn 0.0128 0.9998 -0.0128
vn -0.0035 0.9998 0.0178
vn -0.0070 0.9998 -0.0168
vn 0.0101 0.9998 -0.0151
vn -0.0000 0.9998 0.0182
vn -0.0101 0.9998 -0.0151
vn 0.0070 0.9998 -0.0168
vn 0.0035 0.9998 0.0178
vn -0.0128 0.9998 -0.0128
vn 0.0035 0.9998 -0.0178
vn 0.0070 0.9998 0.0168
vn -0.0151 0.9998 -0.0101
vn 0.0101 0.9998 0.0151
vn -0.0168 0.9998 -0.0070
vn -0.0032 0.9998 -0.0216
vn -0.0021 0.9998 -0.0217
vn -0.0011 0.9998 -0.0218
vn -0.0074 0.9998 -0.0206
vn -0.0063 0.9998 -0.0209
vn -0.0053 0.9998 -0.0212
vn -0.0112 0.9998 -0.0187
vn -0.0103 0.9998 -0.0193
vn -0.0093 0.9998 -0.0197
vn -0.0147 0.9998 -0.0162
vn -0.0139 0.9998 -0.0169
vn -0.0130 0.9998 -0.0175
vn -0.0175 0.9998 -0.0130
vn -0.0169 0.9998 -0.0139
vn -0.0162 0.9998 -0.0147
vn -0.0197 0.9998 -0.0093
vn -0.0193 0.9998 -0.0103
vn -0.0187 0.9998 -0.0112
vn -0.0212 0.9998 -0.0053
vn -0.0209 0.9998 -0.0063
vn -0.0206 0.9998 -0.0074
vn -0.0218 0.9998 -0.0011
vn -0.0217 0.9998 -0.0021
vn -0.0216 0.9998 -0.0032
vn -0.0216 0.9998 0.0032
vn -0.0217 0.9998 0.0021
vn -0.0218 0.9998 0.0011
vn -0.0206 0.9998 0.0074
vn -0.0209 0.9998 0.0063
vn -0.0212 0.9998 0.0053
vn -0.0187 0.9998 0.0112
vn -0.0193 0.9998 0.0103
vn -0.0197 0.9998 0.0093
vn -0.0162 0.9998 0.0147
vn -0.0169 0.9998 0.0139
vn -0.0175 0.9998 0.0130
vn -0.0130 0.9998 0.0175
vn -0.0139 0.9998 0.0169
vn -0.0147 0.9998 0.0162
vn -0.0093 0.9998 0.0197
vn -0.0103 0.9998 0.0193
vn -0.0112 0.9998 0.0187
vn -0.0053 0.9998 0.0212
vn -0.0063 0.9998 0.0209
vn -0.0074 0.9998 0.0206
vn -0.0011 0.9998 0.0218
vn -0.0021 0.9998 0.0217
vn -0.0032 0.9998 0.0216
vn 0.0032 0.9998 0.0216
vn 0.0021 0.9998 0.0217
vn 0.0011 0.9998 0.0218
vn 0.0074 0.9998 0.0206
vn 0.0063 0.9998 0.0209
vn 0.0053 0.9998 0.0212
vn 0.0112 0.9998 0.0187
vn 0.0103 0.9998 0.0193
vn 0.0093 0.9998 0.0197
vn 0.0147 0.9998 0.0162
vn 0.0139 0.9998 0.0169
vn 0.0130 0.9998 0.0175
vn 0.0175 0.9998 0.0130
vn 0.0169 0.9998 0.0139
vn 0.0162 0.9998 0.0147
vn 0.0197 0.9998 0.0093
vn 0.0193 0.9998 0.0103
vn 0.0187 0.9998 0.0112
vn 0.0212 0.9998 0.0053
vn 0.0209 0.9998 0.0063
vn 0.0206 0.9998 0.0074
vn 0.0218 0.9998 0.0011
vn 0.0217 0.9998 0.0021
vn 0.0216 0.9998 0.0032
vn 0.0216 0.9998 -0.0032
vn 0.0217 0.9998 -0.0021
vn 0.0218 0.9998 -0.0011
vn 0.0206 0.9998 -0.0074
vn 0.0209 0.9998 -0.0063
vn 0.0212 0.9998 -0.0053
vn 0.0187 0.9998 -0.0112
vn 0.0193 0.9998 -0.0103
vn 0.0197 0.9998 -0.0093
vn 0.0162 0.9998 -0.0147
vn 0.0169 0.9998 -0.0139
vn 0.0175 0.9998 -0.0130
vn 0.0130 0.9998 -0.0175
vn 0.0139 0.9998 -0.0169
vn 0.0147 0.9998 -0.0162
vn 0.0093 0.9998 -0.0197
vn 0.0103 0.9998 -0.0193
vn 0.0112 0.9998 -0.0187
vn 0.0053 0.9998 -0.0212
vn 0.0063 0.9998 -0.0209
vn 0.0074 0.9998 -0.0206
vn 0.0011 0.9998 -0.0218
vn 0.0021 0.9998 -0.0217
vn 0.0032 0.9998 -0.0216
vn -0.0171 0.9998 -0.0061
vn -0.0174 0.9998 -0.0053
vn -0.0176 0.9998 -0.0044
vn 0.0108 0.9998 0.0146
vn 0.0115 0.9998 0.0140
vn 0.0122 0.9998 0.0135
vn -0.0156 0.9998 -0.0093
vn -0.0160 0.9998 -0.0086
vn -0.0164 0.9998 -0.0078
vn 0.0078 0.9998 0.0164
vn 0.0086 0.9998 0.0160
vn 0.0093 0.9998 0.0156
vn 0.0027 0.9998 -0.0180
vn 0.0018 0.9998 -0.0181
vn 0.0009 0.9998 -0.0181
vn -0.0135 0.9998 -0.0122
vn -0.0140 0.9998 -0.0115
vn -0.0146 0.9998 -0.0108
vn 0.0044 0.9998 0.0176
vn 0.0053 0.9998 0.0174
vn 0.0061 0.9998 0.0171
vn 0.0061 0.9998 -0.0171
vn 0.0053 0.9998 -0.0174
vn 0.0044 0.9998 -0.0176
vn -0.0108 0.9998 -0.0146
vn -0.0115 0.9998 -0.0140
vn -0.0122 0.9998 -0.0135
vn 0.0009 0.9998 0.0181
vn 0.0018 0.9998 0.0181
vn 0.0027 0.9998 0.0180
vn 0.0093 0.9998 -0.0156
vn 0.0086 0.9998 -0.0160
vn 0.0078 0.9998 -0.0164
vn -0.0078 0.9998 -0.0164
vn -0.0086 0.9998 -0.0160
vn -0.0093 0.9998 -0.0156
vn -0.0027 0.9998 0.0180
vn -0.0018 0.9998 0.0181
vn -0.0009 0.9998 0.0181
vn 0.0122 0.9998 -0.0135
vn 0.0115 0.9998 -0.0140
vn 0.0108 0.9998 -0.0146
vn -0.0044 0.9998 -0.0176
vn -0.0053 0.9998 -0.0174
vn -0.0061 0.9998 -0.0171
vn -0.0061 0.9998 0.0171
vn -0.0053 0.9998 0.0174
vn -0.0044 0.9998 0.0176
vn 0.0146 0.9998 -0.0108
vn 0.0140 0.9998 -0.0115
vn 0.0135 0.9998 -0.0122
vn -0.0009 0.9998 -0.0181
vn -0.0018 0.9998 -0.0181
vn -0.0027 0.9998 -0.0180
vn -0.0093 0.9998 0.0156
vn -0.0086 0.9998 0.0160
vn -0.0078 0.9998 0.0164
vn 0.0164 0.9998 -0.0078
vn 0.0160 0.9998 -0.0086
vn 0.0156 0.9998 -0.0093
vn -0.0122 0.9998 0.0135
vn -0.0115 0.9998 0.0140
vn -0.0108 0.9998 0.0146
vn 0.0176 0.9998 -0.0044
vn 0.0174 0.9998 -0.0053
vn 0.0171 0.9998 -0.0061
vn -0.0146 0.9998 0.0108
vn -0.0140 0.9998 0.0115
vn -0.0135 0.9998 0.0122
vn 0.0181 0.9998 -0.0009
vn 0.0181 0.9998 -0.0018
vn 0.0180 0.9998 -0.0027
vn -0.0164 0.9998 0.0078
vn -0.0160 0.9998 0.0086
vn -0.0156 0.9998 0.0093
vn 0.0180 0.9998 0.0027
vn 0.0181 0.9998 0.0018
vn 0.0181 0.9998 0.0009
vn -0.0176 0.9998 0.0044
vn -0.0174 0.9998 0.0053
vn -0.0171 0.9998 0.0061
vn 0.0171 0.9998 0.0061
vn 0.0174 0.9998 0.0053
vn 0.0176 0.9998 0.0044
vn -0.0181 0.9998 0.0009
vn -0.0181 0.9998 0.0018
vn -0.0180 0.9998 0.0027
vn 0.0156 0.9998 0.0093
vn 0.0160 0.9998 0.0086
vn 0.0164 0.9998 0.0078
vn -0.0180 0.9998 -0.0027
vn -0.0181 0.9998 -0.0018
vn -0.0181 0.9998 -0.0009
vn 0.0135 0.9998 0.0122
vn 0.0140 0.9998 0.0115
vn 0.0146 0.9998 0.0108
vt 0.000000 0.000000
s 1
f 1058/1/33 1060/1/33 1057/1/33
f 1059/1/33 1061/1/33 1058/1/33
f 1060/1/33 1064/1/33 1063/1/33
f 1061/1/33 1065/1/33 1064/1/33
f 486/1/33 768/1/33 67/1/33
f 485/1/33 1057/1/33 486/1/33
f 484/1/33 1058/1/33 485/1/33
f 54/1/33 1059/1/33 484/1/33
f 349/1/33 1062/1/33 1059/1/33
f 1062/1/33 351/1/33 1065/1/33
f 1065/1/33 53/1/33 387/1/33
f 1064/1/33 387/1/33 386/1/33
f 1063/1/33 386/1/33 385/1/33
f 766/1/33 385/1/33 66/1/33
f 767/1/33 1063/1/33 766/1/33
f 1057/1/33 767/1/33 768/1/33
f 1067/1/33 1069/1/33 1066/1/33
f 1068/1/33 1070/1/33 1067/1/33
f 1069/1/33 1073/1/33 1072/1/33
f 1070/1/33 1074/1/33 1073/1/33
f 492/1/33 762/1/33 71/1/33
f 491/1/33 1066/1/33 492/1/33
f 490/1/33 1067/1/33 491/1/33
f 41/1/33 1068/1/33 490/1/33
f 310/1/33 1071/1/33 1068/1/33
f 1071/1/33 312/1/33 1074/1/33
f 1074/1/33 40/1/33 393/1/33
f 1073/1/33 393/1/33 392/1/33
f 1072/1/33 392/1/33 391/1/33
f 760/1/33 391/1/33 70/1/33
f 761/1/33 1072/1/33 760/1/33
f 1066/1/33 761/1/33 762/1/33
f 1076/1/33 1078/1/33 1075/1/33
f 1077/1/33 1079/1/33 1076/1/33
f 1078/1/33 1082/1/33 1081/1/33
f 1079/1/33 1083/1/33 1082/1/33
f 495/1/33 756/1/33 73/1/33
f 494/1/33 1075/1/33 495/1/33
f 493/1/33 1076/1/33 494/1/33
f 55/1/33 1077/1/33 493/1/33
f 352/1/33 1080/1/33 1077/1/33
f 1080/1/33 354/1/33 1083/1/33
f 1083/1/33 54/1/33 484/1/33
f 1082/1/33 484/1/33 485/1/33
f 1081/1/33 485/1/33 486/1/33
f 754/1/33 486/1/33 67/1/33
f 755/1/33 1081/1/33 754/1/33
f 1075/1/33 755/1/33 756/1/33
f 1085/1/33 1087/1/33 1084/1/33
f 1086/1/33 1088/1/33 1085/1/33
f 1087/1/33 1091/1/33 1090/1/33
f 1088/1/33 1092/1/33 1091/1/33
f 498/1/33 750/1/33 75/1/33
f 497/1/33 1084/1/33 498/1/33
f 496/1/33 1085/1/33 497/1/33
f 42/1/33 1086/1/33 496/1/33
f 313/1/33 1089/1/33 1086/1/33
f 1089/1/33 315/1/33 1092/1/33
f 1092/1/33 41/1/33 490/1/33
f 1091/1/33 490/1/33 491/1/33
f 1090/1/33 491/1/33 492/1/33
f 748/1/33 492/1/33 71/1/33
f 749/1/33 1090/1/33 748/1/33
f 1084/1/33 749/1/33 750/1/33
f 1094/1/33 1096/1/33 1093/1/33
f 1095/1/33 1097/1/33 1094/1/33
f 1096/1/33 1100/1/33 1099/1/33
f 1097/1/33 1101/1/33 1100/1/33
f 501/1/33 744/1/33 77/1/33
f 500/1/33 1093/1/33 501/1/33
f 499/1/33 1094/1/33 500/1/33
f 56/1/33 1095/1/33 499/1/33
f 355/1/33 1098/1/33 1095/1/33
f 1098/1/33 357/1/33 1101/1/33
f 1101/1/33 55/1/33 493/1/33
f 1100/1/33 493/1/33 494/1/33
f 1099/1/33 494/1/33 495/1/33
f 742/1/33 495/1/33 73/1/33
f 743/1/33 1099/1/33 742/1/33
f 1093/1/33 743/1/33 744/1/33
f 1103/1/33 1105/1/33 1102/1/33
f 1104/1/33 1106/1/33 1103/1/33
f 1105/1/33 1109/1/33 1108/1/33
f 1106/1/33 1110/1/33 1109/1/33
f 504/1/33 738/1/33 79/1/33
f 503/1/33 1102/1/33 504/1/33
f 502/1/33 1103/1/33 503/1/33
f 43/1/33 1104/1/33 502/1/33
f 316/1/33 1107/1/33 1104/1/33
f 1107/1/33 318/1/33 1110/1/33
f 1110/1/33 42/1/33 496/1/33
f 1109/1/33 496/1/33 497/1/33
f 1108/1/33 497/1/33 498/1/33
f 736/1/33 498/1/33 75/1/33
f 737/1/33 1108/1/33 736/1/33
f 1102/1/33 737/1/33 738/1/33
f 1112/1/33 1114/1/33 1111/1/33
f 1113/1/33 1115/1/33 1112/1/33
f 1114/1/33 1118/1/33 1117/1/33
f 1115/1/33 1119/1/33 1118/1/33
f 507/1/33 732/1/33 81/1/33
f 506/1/33 1111/1/33 507/1/33
f 505/1/33 1112/1/33 506/1/33
f 57/1/33 1113/1/33 505/1/33
f 358/1/33 1116/1/33 1113/1/33
f 1116/1/33 360/1/33 1119/1/33
f 1119/1/33 56/1/33 499/1/33
f 1118/1/33 499/1/33 500/1/33
f 1117/1/33 500/1/33 501/1/33
f 730/1/33 501/1/33 77/1/33
f 731/1/33 1117/1/33 730/1/33
f 1111/1/33 731/1/33 732/1/33
f 1121/1/33 1123/1/33 1120/1/33
f 1122/1/33 1124/1/33 1121/1/33
f 1123/1/33 1127/1/33 1126/1/33
f 1124/1/33 1128/1/33 1127/1/33
f 510/1/33 726/1/33 83/1/33
f 509/1/33 1120/1/33 510/1/33
f 508/1/33 1121/1/33 509/1/33
f 44/1/33 1122/1/33 508/1/33
f 319/1/33 1125/1/33 1122/1/33
f 1125/1/33 321/1/33 1128/1/33
f 1128/1/33 43/1/33 502/1/33
f 1127/1/33 502/1/33 503/1/33
f 1126/1/33 503/1/33 504/1/33
f 724/1/33 504/1/33 79/1/33
f 725/1/33 1126/1/33 724/1/33
f 1120/1/33 725/1/33 726/1/33
f 1130/1/33 1132/1/33 1129/1/33
f 1131/1/33 1133/1/33 1130/1/33
f 1132/1/33 1136/1/33 1135/1/33
f 1133/1/33 1137/1/33 1136/1/33
f 513/1/33 720/1/33 85/1/33
f 512/1/33 1129/1/33 513/1/33
f 511/1/33 1130/1/33 512/1/33
f 58/1/33 1131/1/33 511/1/33
f 361/1/33 1134/1/33 1131/1/33
f 1134/1/33 363/1/33 1137/1/33
f 1137/1/33 57/1/33 505/1/33
f 1136/1/33 505/1/33 506/1/33
f 1135/1/33 506/1/33 507/1/33
f 718/1/33 507/1/33 81/1/33
f 719/1/33 1135/1/33 718/1/33
f 1129/1/33 719/1/33 720/1/33
f 1139/1/33 1141/1/33 1138/1/33
f 1140/1/33 1142/1/33 1139/1/33
f 1141/1/33 1145/1/33 1144/1/33
f 1142/1/33 1146/1/33 1145/1/33
f 516/1/33 714/1/33 87/1/33
f 515/1/33 1138/1/33 516/1/33
f 514/1/33 1139/1/33 515/1/33
f 45/1/33 1140/1/33 514/1/33
f 322/1/33 1143/1/33 1140/1/33
f 1143/1/33 324/1/33 1146/1/33
f 1146/1/33 44/1/33 508/1/33
f 1145/1/33 508/1/33 509/1/33
f 1144/1/33 509/1/33 510/1/33
f 712/1/33 510/1/33 83/1/33
f 713/1/33 1144/1/33 712/1/33
f 1138/1/33 713/1/33 714/1/33
f 1148/1/33 1150/1/33 1147/1/33
f 1149/1/33 1151/1/33 1148/1/33
f 1150/1/33 1154/1/33 1153/1/33
f 1151/1/33 1155/1/33 1154/1/33
f 519/1/33 708/1/33 89/1/33
f 518/1/33 1147/1/33 519/1/33
f 517/1/33 1148/1/33 518/1/33
f 59/1/33 1149/1/33 517/1/33
f 364/1/33 1152/1/33 1149/1/33
f 1152/1/33 366/1/33 1155/1/33
f 1155/1/33 58/1/33 511/1/33
f 1154/1/33 511/1/33 512/1/33
f 1153/1/33 512/1/33 513/1/33
f 706/1/33 513/1/33 85/1/33
f 707/1/33 1153/1/33 706/1/33
f 1147/1/33 707/1/33 708/1/33
f 1157/1/33 1159/1/33 1156/1/33
f 1158/1/33 1160/1/33 1157/1/33
f 1159/1/33 1163/1/33 1162/1/33
f 1160/1/33 1164/1/33 1163/1/33
f 522/1/33 702/1/33 91/1/33
f 521/1/33 1156/1/33 522/1/33
f 520/1/33 1157/1/33 521/1/33
f 46/1/33 1158/1/33 520/1/33
f 325/1/33 1161/1/33 1158/1/33
f 1161/1/33 327/1/33 1164/1/33
f 1164/1/33 45/1/33 514/1/33
f 1163/1/33 514/1/33 515/1/33
f 1162/1/33 515/1/33 516/1/33
f 700/1/33 516/1/33 87/1/33
f 701/1/33 1162/1/33 700/1/33
f 1156/1/33 701/1/33 702/1/33
f 1166/1/33 1168/1/33 1165/1/33
f 1167/1/33 1169/1/33 1166/1/33
f 1168/1/33 1172/1/33 1171/1/33
f 1169/1/33 1173/1/33 1172/1/33
f 525/1/33 696/1/33 93/1/33
f 524/1/33 1165/1/33 525/1/33
f 523/1/33 1166/1/33 524/1/33
f 60/1/33 1167/1/33 523/1/33
f 367/1/33 1170/1/33 1167/1/33
f 1170/1/33 369/1/33 1173/1/33
f 1173/1/33 59/1/33 517/1/33
f 1172/1/33 517/1/33 518/1/33
f 1171/1/33 518/1/33 519/1/33
f 694/1/33 519/1/33 89/1/33
f 695/1/33 1171/1/33 694/1/33
f 1165/1/33 695/1/33 696/1/33
f 1175/1/33 1177/1/33 1174/1/33
f 1176/1/33 1178/1/33 1175/1/33
f 1177/1/33 1181/1/33 1180/1/33
f 1178/1/33 1182/1/33 1181/1/33
f 528/1/33 690/1/33 95/1/33
f 527/1/33 1174/1/33 528/1/33
f 526/1/33 1175/1/33 527/1/33
f 47/1/33 1176/1/33 526/1/33
f 328/1/33 1179/1/33 1176/1/33
f 1179/1/33 330/1/33 1182/1/33
f 1182/1/33 46/1/33 520/1/33
f 1181/1/33 520/1/33 521/1/33
f 1180/1/33 521/1/33 522/1/33
f 688/1/33 522/1/33 91/1/33
f 689/1/33 1180/1/33 688/1/33
f 1174/1/33 689/1/33 690/1/33
f 1184/1/33 1186/1/33 1183/1/33
f 1185/1/33 1187/1/33 1184/1/33
f 1186/1/33 1190/1/33 1189/1/33
f 1187/1/33 1191/1/33 1190/1/33
f 534/1/33 684/1/33 99/1/33
f 533/1/33 1183/1/33 534/1/33
f 532/1/33 1184/1/33 533/1/33
f 34/1/33 1185/1/33 532/1/33
f 289/1/33 1188/1/33 1185/1/33
f 1188/1/33 291/1/33 1191/1/33
f 1191/1/33 33/1/33 435/1/33
f 1190/1/33 435/1/33 434/1/33
f 1189/1/33 434/1/33 433/1/33
f 682/1/33 433/1/33 98/1/33
f 683/1/33 1189/1/33 682/1/33
f 1183/1/33 683/1/33 684/1/33
f 1193/1/33 1195/1/33 1192/1/33
f 1194/1/33 1196/1/33 1193/1/33
f 1195/1/33 1199/1/33 1198/1/33
f 1196/1/33 1200/1/33 1199/1/33
f 537/1/33 678/1/33 101/1/33
f 536/1/33 1192/1/33 537/1/33
f 535/1/33 1193/1/33 536/1/33
f 61/1/33 1194/1/33 535/1/33
f 370/1/33 1197/1/33 1194/1/33
f 1197/1/33 372/1/33 1200/1/33
f 1200/1/33 60/1/33 523/1/33
f 1199/1/33 523/1/33 524/1/33
f 1198/1/33 524/1/33 525/1/33
f 676/1/33 525/1/33 93/1/33
f 677/1/33 1198/1/33 676/1/33
f 1192/1/33 677/1/33 678/1/33
f 1202/1/33 1204/1/33 1201/1/33
f 1203/1/33 1205/1/33 1202/1/33
f 1204/1/33 1208/1/33 1207/1/33
f 1205/1/33 1209/1/33 1208/1/33
f 540/1/33 672/1/33 103/1/33
f 539/1/33 1201/1/33 540/1/33
f 538/1/33 1202/1/33 539/1/33
f 48/1/33 1203/1/33 538/1/33
f 331/1/33 1206/1/33 1203/1/33
f 1206/1/33 333/1/33 1209/1/33
f 1209/1/33 47/1/33 526/1/33
f 1208/1/33 526/1/33 527/1/33
f 1207/1/33 527/1/33 528/1/33
f 670/1/33 528/1/33 95/1/33
f 671/1/33 1207/1/33 670/1/33
f 1201/1/33 671/1/33 672/1/33
f 1211/1/33 1213/1/33 1210/1/33
f 1212/1/33 1214/1/33 1211/1/33
f 1213/1/33 1217/1/33 1216/1/33
f 1214/1/33 1218/1/33 1217/1/33
f 543/1/33 666/1/33 105/1/33
f 542/1/33 1210/1/33 543/1/33
f 541/1/33 1211/1/33 542/1/33
f 35/1/33 1212/1/33 541/1/33
f 292/1/33 1215/1/33 1212/1/33
f 1215/1/33 294/1/33 1218/1/33
f 1218/1/33 34/1/33 532/1/33
f 1217/1/33 532/1/33 533/1/33
f 1216/1/33 533/1/33 534/1/33
f 664/1/33 534/1/33 99/1/33
f 665/1/33 1216/1/33 664/1/33
f 1210/1/33 665/1/33 666/1/33
f 1220/1/33 1222/1/33 1219/1/33
f 1221/1/33 1223/1/33 1220/1/33
f 1222/1/33 1226/1/33 1225/1/33
f 1223/1/33 1227/1/33 1226/1/33
f 546/1/33 660/1/33 107/1/33
f 545/1/33 1219/1/33 546/1/33
f 544/1/33 1220/1/33 545/1/33
f 62/1/33 1221/1/33 544/1/33
f 373/1/33 1224/1/33 1221/1/33
f 1224/1/33 375/1/33 1227/1/33
f 1227/1/33 61/1/33 535/1/33
f 1226/1/33 535/1/33 536/1/33
f 1225/1/33 536/1/33 537/1/33
f 658/1/33 537/1/33 101/1/33
f 659/1/33 1225/1/33 658/1/33
f 1219/1/33 659/1/33 660/1/33
f 1229/1/33 1231/1/33 1228/1/33
f 1230/1/33 1232/1/33 1229/1/33
f 1231/1/33 1235/1/33 1234/1/33
f 1232/1/33 1236/1/33 1235/1/33
f 549/1/33 654/1/33 109/1/33
f 548/1/33 1228/1/33 549/1/33
f 547/1/33 1229/1/33 548/1/33
f 49/1/33 1230/1/33 547/1/33
f 334/1/33 1233/1/33 1230/1/33
f 1233/1/33 336/1/33 1236/1/33
f 1236/1/33 48/1/33 538/1/33
f 1235/1/33 538/1/33 539/1/33
f 1234/1/33 539/1/33 540/1/33
f 652/1/33 540/1/33 103/1/33
f 653/1/33 1234/1/33 652/1/33
f 1228/1/33 653/1/33 654/1/33
f 1238/1/33 1240/1/33 1237/1/33
f 1239/1/33 1241/1/33 1238/1/33
f 1240/1/33 1244/1/33 1243/1/33
f 1241/1/33 1245/1/33 1244/1/33
f 552/1/33 648/1/33 111/1/33
f 551/1/33 1237/1/33 552/1/33
f 550/1/33 1238/1/33 551/1/33
f 36/1/33 1239/1/33 550/1/33
f 295/1/33 1242/1/33 1239/1/33
f 1242/1/33 297/1/33 1245/1/33
f 1245/1/33 35/1/33 541/1/33
f 1244/1/33 541/1/33 542/1/33
f 1243/1/33 542/1/33 543/1/33
f 646/1/33 543/1/33 105/1/33
f 647/1/33 1243/1/33 646/1/33
f 1237/1/33 647/1/33 648/1/33
f 1247/1/33 1249/1/33 1246/1/33
f 1248/1/33 1250/1/33 1247/1/33
f 1249/1/33 1253/1/33 1252/1/33
f 1250/1/33 1254/1/33 1253/1/33
f 555/1/33 642/1/33 113/1/33
f 554/1/33 1246/1/33 555/1/33
f 553/1/33 1247/1/33 554/1/33
f 63/1/33 1248/1/33 553/1/33
f 376/1/33 1251/1/33 1248/1/33
f 1251/1/33 378/1/33 1254/1/33
f 1254/1/33 62/1/33 544/1/33
f 1253/1/33 544/1/33 545/1/33
f 1252/1/33 545/1/33 546/1/33
f 640/1/33 546/1/33 107/1/33
f 641/1/33 1252/1/33 640/1/33
f 1246/1/33 641/1/33 642/1/33
f 1256/1/33 1258/1/33 1255/1/33
f 1257/1/33 1259/1/33 1256/1/33
f 1258/1/33 1262/1/33 1261/1/33
f 1259/1/33 1263/1/33 1262/1/33
f 558/1/33 636/1/33 115/1/33
f 557/1/33 1255/1/33 558/1/33
f 556/1/33 1256/1/33 557/1/33
f 50/1/33 1257/1/33 556/1/33
f 337/1/33 1260/1/33 1257/1/33
f 1260/1/33 339/1/33 1263/1/33
f 1263/1/33 49/1/33 547/1/33
f 1262/1/33 547/1/33 548/1/33
f 1261/1/33 548/1/33 549/1/33
f 634/1/33 549/1/33 109/1/33
f 635/1/33 1261/1/33 634/1/33
f 1255/1/33 635/1/33 636/1/33
f 1265/1/33 1267/1/33 1264/1/33
f 1266/1/33 1268/1/33 1265/1/33
f 1267/1/33 1271/1/33 1270/1/33
f 1268/1/33 1272/1/33 1271/1/33
f 561/1/33 630/1/33 117/1/33
f 560/1/33 1264/1/33 561/1/33
f 559/1/33 1265/1/33 560/1/33
f 37/1/33 1266/1/33 559/1/33
f 298/1/33 1269/1/33 1266/1/33
f 1269/1/33 300/1/33 1272/1/33
f 1272/1/33 36/1/33 550/1/33
f 1271/1/33 550/1/33 551/1/33
f 1270/1/33 551/1/33 552/1/33
f 628/1/33 552/1/33 111/1/33
f 629/1/33 1270/1/33 628/1/33
f 1264/1/33 629/1/33 630/1/33
f 1274/1/33 1276/1/33 1273/1/33
f 1275/1/33 1277/1/33 1274/1/33
f 1276/1/33 1280/1/33 1279/1/33
f 1277/1/33 1281/1/33 1280/1/33
f 564/1/33 624/1/33 119/1/33
f 563/1/33 1273/1/33 564/1/33
f 562/1/33 1274/1/33 563/1/33
f 64/1/33 1275/1/33 562/1/33
f 379/1/33 1278/1/33 1275/1/33
f 1278/1/33 381/1/33 1281/1/33
f 1281/1/33 63/1/33 553/1/33
f 1280/1/33 553/1/33 554/1/33
f 1279/1/33 554/1/33 555/1/33
f 622/1/33 555/1/33 113/1/33
f 623/1/33 1279/1/33 622/1/33
f 1273/1/33 623/1/33 624/1/33
f 1283/1/33 1285/1/33 1282/1/33
f 1284/1/33 1286/1/33 1283/1/33
f 1285/1/33 1289/1/33 1288/1/33
f 1286/1/33 1290/1/33 1289/1/33
f 567/1/33 618/1/33 121/1/33
f 566/1/33 1282/1/33 567/1/33
f 565/1/33 1283/1/33 566/1/33
f 51/1/33 1284/1/33 565/1/33
f 340/1/33 1287/1/33 1284/1/33
f 1287/1/33 342/1/33 1290/1/33
f 1290/1/33 50/1/33 556/1/33
f 1289/1/33 556/1/33 557/1/33
f 1288/1/33 557/1/33 558/1/33
f 616/1/33 558/1/33 115/1/33
f 617/1/33 1288/1/33 616/1/33
f 1282/1/33 617/1/33 618/1/33
f 1292/1/33 1294/1/33 1291/1/33
f 1293/1/33 1295/1/33 1292/1/33
f 1294/1/33 1298/1/33 1297/1/33
f 1295/1/33 1299/1/33 1298/1/33
f 570/1/33 612/1/33 123/1/33
f 569/1/33 1291/1/33 570/1/33
f 568/1/33 1292/1/33 569/1/33
f 38/1/33 1293/1/33 568/1/33
f 301/1/33 1296/1/33 1293/1/33
f 1296/1/33 303/1/33 1299/1/33
f 1299/1/33 37/1/33 559/1/33
f 1298/1/33 559/1/33 560/1/33
f 1297/1/33 560/1/33 561/1/33
f 610/1/33 561/1/33 117/1/33
f 611/1/33 1297/1/33 610/1/33
f 1291/1/33 611/1/33 612/1/33
f 1301/1/33 1303/1/33 1300/1/33
f 1302/1/33 1304/1/33 1301/1/33
f 1303/1/33 1307/1/33 1306/1/33
f 1304/1/33 1308/1/33 1307/1/33
f 433/1/33 606/1/33 98/1/33
f 434/1/33 1300/1/33 433/1/33
f 435/1/33 1301/1/33 434/1/33
f 33/1/33 1302/1/33 435/1/33
f 382/1/33 1305/1/33 1302/1/33
f 1305/1/33 384/1/33 1308/1/33
f 1308/1/33 64/1/33 562/1/33
f 1307/1/33 562/1/33 563/1/33
f 1306/1/33 563/1/33 564/1/33
f 604/1/33 564/1/33 119/1/33
f 605/1/33 1306/1/33 604/1/33
f 1300/1/33 605/1/33 606/1/33
f 1310/1/33 1312/1/33 1309/1/33
f 1311/1/33 1313/1/33 1310/1/33
f 1312/1/33 1316/1/33 1315/1/33
f 1313/1/33 1317/1/33 1316/1/33
f 573/1/33 600/1/33 125/1/33
f 572/1/33 1309/1/33 573/1/33
f 571/1/33 1310/1/33 572/1/33
f 52/1/33 1311/1/33 571/1/33
f 343/1/33 1314/1/33 1311/1/33
f 1314/1/33 345/1/33 1317/1/33
f 1317/1/33 51/1/33 565/1/33
f 1316/1/33 565/1/33 566/1/33
f 1315/1/33 566/1/33 567/1/33
f 598/1/33 567/1/33 121/1/33
f 599/1/33 1315/1/33 598/1/33
f 1309/1/33 599/1/33 600/1/33
f 1319/1/33 1321/1/33 1318/1/33
f 1320/1/33 1322/1/33 1319/1/33
f 1321/1/33 1325/1/33 1324/1/33
f 1322/1/33 1326/1/33 1325/1/33
f 576/1/33 594/1/33 127/1/33
f 575/1/33 1318/1/33 576/1/33
f 574/1/33 1319/1/33 575/1/33
f 39/1/33 1320/1/33 574/1/33
f 304/1/33 1323/1/33 1320/1/33
f 1323/1/33 306/1/33 1326/1/33
f 1326/1/33 38/1/33 568/1/33
f 1325/1/33 568/1/33 569/1/33
f 1324/1/33 569/1/33 570/1/33
f 592/1/33 570/1/33 123/1/33
f 593/1/33 1324/1/33 592/1/33
f 1318/1/33 593/1/33 594/1/33
f 1328/1/33 1330/1/33 1327/1/33
f 1329/1/33 1331/1/33 1328/1/33
f 1330/1/33 1334/1/33 1333/1/33
f 1331/1/33 1335/1/33 1334/1/33
f 385/1/33 588/1/33 66/1/33
f 386/1/33 1327/1/33 385/1/33
f 387/1/33 1328/1/33 386/1/33
f 53/1/33 1329/1/33 387/1/33
f 346/1/33 1332/1/33 1329/1/33
f 1332/1/33 348/1/33 1335/1/33
f 1335/1/33 52/1/33 571/1/33
f 1334/1/33 571/1/33 572/1/33
f 1333/1/33 572/1/33 573/1/33
f 586/1/33 573/1/33 125/1/33
f 587/1/33 1333/1/33 586/1/33
f 1327/1/33 587/1/33 588/1/33
f 1337/1/33 1339/1/33 1336/1/33
f 1338/1/33 1340/1/33 1337/1/33
f 1339/1/33 1343/1/33 1342/1/33
f 1340/1/33 1344/1/33 1343/1/33
f 391/1/33 582/1/33 70/1/33
f 392/1/33 1336/1/33 391/1/33
f 393/1/33 1337/1/33 392/1/33
f 40/1/33 1338/1/33 393/1/33
f 307/1/33 1341/1/33 1338/1/33
f 1341/1/33 309/1/33 1344/1/33
f 1344/1/33 39/1/33 574/1/33
f 1343/1/33 574/1/33 575/1/33
f 1342/1/33 575/1/33 576/1/33
f 580/1/33 576/1/33 127/1/33
f 581/1/33 1342/1/33 580/1/33
f 1336/1/33 581/1/33 582/1/33
f 1347/1/33 1409/1/33 1346/1/33
f 1349/1/33 1347/1/33 1348/1/33
f 1351/1/33 1349/1/33 1350/1/33
f 1353/1/33 1351/1/33 1352/1/33
f 1355/1/33 1353/1/33 1354/1/33
f 1357/1/33 1355/1/33 1356/1/33
f 1359/1/33 1357/1/33 1358/1/33
f 1361/1/33 1359/1/33 1360/1/33
f 1363/1/33 1361/1/33 1362/1/33
f 1365/1/33 1363/1/33 1364/1/33
f 1367/1/33 1365/1/33 1366/1/33
f 1369/1/33 1367/1/33 1368/1/33
f 1371/1/33 1369/1/33 1370/1/33
f 1373/1/33 1371/1/33 1372/1/33
f 1375/1/33 1373/1/33 1374/1/33
f 1377/1/33 1375/1/33 1376/1/33
f 1379/1/33 1377/1/33 1378/1/33
f 1381/1/33 1379/1/33 1380/1/33
f 1383/1/33 1381/1/33 1382/1/33
f 1385/1/33 1383/1/33 1384/1/33
f 1387/1/33 1385/1/33 1386/1/33
f 1389/1/33 1387/1/33 1388/1/33
f 1391/1/33 1389/1/33 1390/1/33
f 1393/1/33 1391/1/33 1392/1/33
f 1395/1/33 1393/1/33 1394/1/33
f 1397/1/33 1395/1/33 1396/1/33
f 1399/1/33 1397/1/33 1398/1/33
f 1401/1/33 1399/1/33 1400/1/33
f 1403/1/33 1401/1/33 1402/1/33
f 1405/1/33 1403/1/33 1404/1/33
f 1407/1/33 1405/1/33 1406/1/33
f 1409/1/33 1407/1/33 1408/1/33
f 294/1/33 289/1/33 34/1/33
f 293/1/33 1346/1/33 294/1/33
f 1346/1/33 290/1/33 289/1/33
f 297/1/33 292/1/33 35/1/33
f 296/1/33 1348/1/33 297/1/33
f 1348/1/33 293/1/33 292/1/33
f 300/1/33 295/1/33 36/1/33
f 299/1/33 1350/1/33 300/1/33
f 1350/1/33 296/1/33 295/1/33
f 303/1/33 298/1/33 37/1/33
f 302/1/33 1352/1/33 303/1/33
f 1352/1/33 299/1/33 298/1/33
f 306/1/33 301/1/33 38/1/33
f 305/1/33 1354/1/33 306/1/33
f 1354/1/33 302/1/33 301/1/33
f 309/1/33 304/1/33 39/1/33
f 308/1/33 1356/1/33 309/1/33
f 1356/1/33 305/1/33 304/1/33
f 312/1/33 307/1/33 40/1/33
f 311/1/33 1358/1/33 312/1/33
f 1358/1/33 308/1/33 307/1/33
f 315/1/33 310/1/33 41/1/33
f 314/1/33 1360/1/33 315/1/33
f 1360/1/33 311/1/33 310/1/33
f 318/1/33 313/1/33 42/1/33
f 317/1/33 1362/1/33 318/1/33
f 1362/1/33 314/1/33 313/1/33
f 321/1/33 316/1/33 43/1/33
f 320/1/33 1364/1/33 321/1/33
f 1364/1/33 317/1/33 316/1/33
f 324/1/33 319/1/33 44/1/33
f 323/1/33 1366/1/33 324/1/33
f 1366/1/33 320/1/33 319/1/33
f 327/1/33 322/1/33 45/1/33
f 326/1/33 1368/1/33 327/1/33
f 1368/1/33 323/1/33 322/1/33
f 330/1/33 325/1/33 46/1/33
f 329/1/33 1370/1/33 330/1/33
f 1370/1/33 326/1/33 325/1/33
f 333/1/33 328/1/33 47/1/33
f 332/1/33 1372/1/33 333/1/33
f 1372/1/33 329/1/33 328/1/33
f 336/1/33 331/1/33 48/1/33
f 335/1/33 1374/1/33 336/1/33
f 1374/1/33 332/1/33 331/1/33
f 339/1/33 334/1/33 49/1/33
f 338/1/33 1376/1/33 339/1/33
f 1376/1/33 335/1/33 334/1/33
f 342/1/33 337/1/33 50/1/33
f 341/1/33 1378/1/33 342/1/33
f 1378/1/33 338/1/33 337/1/33
f 345/1/33 340/1/33 51/1/33
f 344/1/33 1380/1/33 345/1/33
f 1380/1/33 341/1/33 340/1/33
f 348/1/33 343/1/33 52/1/33
f 347/1/33 1382/1/33 348/1/33
f 1382/1/33 344/1/33 343/1/33
f 351/1/33 346/1/33 53/1/33
f 350/1/33 1384/1/33 351/1/33
f 1384/1/33 347/1/33 346/1/33
f 354/1/33 349/1/33 54/1/33
f 353/1/33 1386/1/33 354/1/33
f 1386/1/33 350/1/33 349/1/33
f 357/1/33 352/1/33 55/1/33
f 356/1/33 1388/1/33 357/1/33
f 1388/1/33 353/1/33 352/1/33
f 360/1/33 355/1/33 56/1/33
f 359/1/33 1390/1/33 360/1/33
f 1390/1/33 356/1/33 355/1/33
f 363/1/33 358/1/33 57/1/33
f 362/1/33 1392/1/33 363/1/33
f 1392/1/33 359/1/33 358/1/33
f 366/1/33 361/1/33 58/1/33
f 365/1/33 1394/1/33 366/1/33
f 1394/1/33 362/1/33 361/1/33
f 369/1/33 364/1/33 59/1/33
f 368/1/33 1396/1/33 369/1/33
f 1396/1/33 365/1/33 364/1/33
f 372/1/33 367/1/33 60/1/33
f 371/1/33 1398/1/33 372/1/33
f 1398/1/33 368/1/33 367/1/33
f 375/1/33 370/1/33 61/1/33
f 374/1/33 1400/1/33 375/1/33
f 1400/1/33 371/1/33 370/1/33
f 378/1/33 373/1/33 62/1/33
f 377/1/33 1402/1/33 378/1/33
f 1402/1/33 374/1/33 373/1/33
f 381/1/33 376/1/33 63/1/33
f 380/1/33 1404/1/33 381/1/33
f 1404/1/33 377/1/33 376/1/33
f 384/1/33 379/1/33 64/1/33
f 383/1/33 1406/1/33 384/1/33
f 1406/1/33 380/1/33 379/1/33
f 291/1/33 382/1/33 33/1/33
f 290/1/33 1408/1/33 291/1/33
f 1408/1/33 383/1/33 382/1/33
f 1411/1/84 1413/1/85 1410/1/84
f 1412/1/84 1414/1/85 1411/1/84
f 1413/1/85 1417/1/86 1416/1/86
f 1414/1/85 1418/1/86 1417/1/86
f 487/1/8 211/1/84 8/1/8
f 488/1/8 1410/1/84 487/1/8
f 489/1/8 1411/1/84 488/1/8
f 69/1/8 1412/1/84 489/1/8
f 579/1/84 1415/1/85 1412/1/84
f 1415/1/85 577/1/86 1418/1/86
f 1418/1/86 128/1/7 478/1/7
f 1417/1/86 478/1/7 479/1/7
f 1416/1/86 479/1/7 480/1/7
f 213/1/86 480/1/7 7/1/7
f 212/1/85 1416/1/86 213/1/86
f 1410/1/84 212/1/85 211/1/84
f 1420/1/123 1422/1/124 1419/1/123
f 1421/1/123 1423/1/124 1420/1/123
f 1422/1/124 1426/1/125 1425/1/125
f 1423/1/124 1427/1/125 1426/1/125
f 481/1/21 250/1/123 21/1/21
f 482/1/21 1419/1/123 481/1/21
f 483/1/21 1420/1/123 482/1/21
f 65/1/21 1421/1/123 483/1/21
f 585/1/123 1424/1/124 1421/1/123
f 1424/1/124 583/1/125 1427/1/125
f 1427/1/125 126/1/20 475/1/20
f 1426/1/125 475/1/20 476/1/20
f 1425/1/125 476/1/20 477/1/20
f 252/1/125 477/1/20 20/1/20
f 251/1/124 1425/1/125 252/1/125
f 1419/1/123 251/1/124 250/1/123
f 1429/1/81 1431/1/82 1428/1/81
f 1430/1/81 1432/1/82 1429/1/81
f 1431/1/82 1435/1/83 1434/1/83
f 1432/1/82 1436/1/83 1435/1/83
f 480/1/7 208/1/81 7/1/7
f 479/1/7 1428/1/81 480/1/7
f 478/1/7 1429/1/81 479/1/7
f 128/1/7 1430/1/81 478/1/7
f 591/1/81 1433/1/82 1430/1/81
f 1433/1/82 589/1/83 1436/1/83
f 1436/1/83 124/1/6 472/1/6
f 1435/1/83 472/1/6 473/1/6
f 1434/1/83 473/1/6 474/1/6
f 210/1/83 474/1/6 6/1/6
f 209/1/82 1434/1/83 210/1/83
f 1428/1/81 209/1/82 208/1/81
f 1438/1/120 1440/1/121 1437/1/120
f 1439/1/120 1441/1/121 1438/1/120
f 1440/1/121 1444/1/122 1443/1/122
f 1441/1/121 1445/1/122 1444/1/122
f 477/1/20 247/1/120 20/1/20
f 476/1/20 1437/1/120 477/1/20
f 475/1/20 1438/1/120 476/1/20
f 126/1/20 1439/1/120 475/1/20
f 597/1/120 1442/1/121 1439/1/120
f 1442/1/121 595/1/122 1445/1/122
f 1445/1/122 122/1/19 469/1/19
f 1444/1/122 469/1/19 470/1/19
f 1443/1/122 470/1/19 471/1/19
f 249/1/122 471/1/19 19/1/19
f 248/1/121 1443/1/122 249/1/122
f 1437/1/120 248/1/121 247/1/120
f 1447/1/159 1449/1/160 1446/1/159
f 1448/1/159 1450/1/160 1447/1/159
f 1449/1/160 1453/1/161 1452/1/161
f 1450/1/160 1454/1/161 1453/1/161
f 529/1/1 286/1/159 1/1/1
f 530/1/1 1446/1/159 529/1/1
f 531/1/1 1447/1/159 530/1/1
f 97/1/1 1448/1/159 531/1/1
f 603/1/159 1451/1/160 1448/1/159
f 1451/1/160 601/1/161 1454/1/161
f 1454/1/161 120/1/32 466/1/32
f 1453/1/161 466/1/32 467/1/32
f 1452/1/161 467/1/32 468/1/32
f 288/1/161 468/1/32 32/1/32
f 287/1/160 1452/1/161 288/1/161
f 1446/1/159 287/1/160 286/1/159
f 1456/1/78 1458/1/79 1455/1/78
f 1457/1/78 1459/1/79 1456/1/78
f 1458/1/79 1462/1/80 1461/1/80
f 1459/1/79 1463/1/80 1462/1/80
f 474/1/6 205/1/78 6/1/6
f 473/1/6 1455/1/78 474/1/6
f 472/1/6 1456/1/78 473/1/6
f 124/1/6 1457/1/78 472/1/6
f 609/1/78 1460/1/79 1457/1/78
f 1460/1/79 607/1/80 1463/1/80
f 1463/1/80 118/1/5 463/1/5
f 1462/1/80 463/1/5 464/1/5
f 1461/1/80 464/1/5 465/1/5
f 207/1/80 465/1/5 5/1/5
f 206/1/79 1461/1/80 207/1/80
f 1455/1/78 206/1/79 205/1/78
f 1465/1/117 1467/1/118 1464/1/117
f 1466/1/117 1468/1/118 1465/1/117
f 1467/1/118 1471/1/119 1470/1/119
f 1468/1/118 1472/1/119 1471/1/119
f 471/1/19 244/1/117 19/1/19
f 470/1/19 1464/1/117 471/1/19
f 469/1/19 1465/1/117 470/1/19
f 122/1/19 1466/1/117 469/1/19
f 615/1/117 1469/1/118 1466/1/117
f 1469/1/118 613/1/119 1472/1/119
f 1472/1/119 116/1/18 460/1/18
f 1471/1/119 460/1/18 461/1/18
f 1470/1/119 461/1/18 462/1/18
f 246/1/119 462/1/18 18/1/18
f 245/1/118 1470/1/119 246/1/119
f 1464/1/117 245/1/118 244/1/117
f 1474/1/156 1476/1/157 1473/1/156
f 1475/1/156 1477/1/157 1474/1/156
f 1476/1/157 1480/1/158 1479/1/158
f 1477/1/157 1481/1/158 1480/1/158
f 468/1/32 283/1/156 32/1/32
f 467/1/32 1473/1/156 468/1/32
f 466/1/32 1474/1/156 467/1/32
f 120/1/32 1475/1/156 466/1/32
f 621/1/156 1478/1/157 1475/1/156
f 1478/1/157 619/1/158 1481/1/158
f 1481/1/158 114/1/31 457/1/31
f 1480/1/158 457/1/31 458/1/31
f 1479/1/158 458/1/31 459/1/31
f 285/1/158 459/1/31 31/1/31
f 284/1/157 1479/1/158 285/1/158
f 1473/1/156 284/1/157 283/1/156
f 1483/1/75 1485/1/76 1482/1/75
f 1484/1/75 1486/1/76 1483/1/75
f 1485/1/76 1489/1/77 1488/1/77
f 1486/1/76 1490/1/77 1489/1/77
f 465/1/5 202/1/75 5/1/5
f 464/1/5 1482/1/75 465/1/5
f 463/1/5 1483/1/75 464/1/5
f 118/1/5 1484/1/75 463/1/5
f 627/1/75 1487/1/76 1484/1/75
f 1487/1/76 625/1/77 1490/1/77
f 1490/1/77 112/1/4 454/1/4
f 1489/1/77 454/1/4 455/1/4
f 1488/1/77 455/1/4 456/1/4
f 204/1/77 456/1/4 4/1/4
f 203/1/76 1488/1/77 204/1/77
f 1482/1/75 203/1/76 202/1/75
f 1492/1/114 1494/1/115 1491/1/114
f 1493/1/114 1495/1/115 1492/1/114
f 1494/1/115 1498/1/116 1497/1/116
f 1495/1/115 1499/1/116 1498/1/116
f 462/1/18 241/1/114 18/1/18
f 461/1/18 1491/1/114 462/1/18
f 460/1/18 1492/1/114 461/1/18
f 116/1/18 1493/1/114 460/1/18
f 633/1/114 1496/1/115 1493/1/114
f 1496/1/115 631/1/116 1499/1/116
f 1499/1/116 110/1/17 451/1/17
f 1498/1/116 451/1/17 452/1/17
f 1497/1/116 452/1/17 453/1/17
f 243/1/116 453/1/17 17/1/17
f 242/1/115 1497/1/116 243/1/116
f 1491/1/114 242/1/115 241/1/114
f 1501/1/153 1503/1/154 1500/1/153
f 1502/1/153 1504/1/154 1501/1/153
f 1503/1/154 1507/1/155 1506/1/155
f 1504/1/154 1508/1/155 1507/1/155
f 459/1/31 280/1/153 31/1/31
f 458/1/31 1500/1/153 459/1/31
f 457/1/31 1501/1/153 458/1/31
f 114/1/31 1502/1/153 457/1/31
f 639/1/153 1505/1/154 1502/1/153
f 1505/1/154 637/1/155 1508/1/155
f 1508/1/155 108/1/30 448/1/30
f 1507/1/155 448/1/30 449/1/30
f 1506/1/155 449/1/30 450/1/30
f 282/1/155 450/1/30 30/1/30
f 281/1/154 1506/1/155 282/1/155
f 1500/1/153 281/1/154 280/1/153
f 1510/1/72 1512/1/73 1509/1/72
f 1511/1/72 1513/1/73 1510/1/72
f 1512/1/73 1516/1/74 1515/1/74
f 1513/1/73 1517/1/74 1516/1/74
f 456/1/4 199/1/72 4/1/4
f 455/1/4 1509/1/72 456/1/4
f 454/1/4 1510/1/72 455/1/4
f 112/1/4 1511/1/72 454/1/4
f 645/1/72 1514/1/73 1511/1/72
f 1514/1/73 643/1/74 1517/1/74
f 1517/1/74 106/1/3 445/1/3
f 1516/1/74 445/1/3 446/1/3
f 1515/1/74 446/1/3 447/1/3
f 201/1/74 447/1/3 3/1/3
f 200/1/73 1515/1/74 201/1/74
f 1509/1/72 200/1/73 199/1/72
f 1519/1/111 1521/1/112 1518/1/111
f 1520/1/111 1522/1/112 1519/1/111
f 1521/1/112 1525/1/113 1524/1/113
f 1522/1/112 1526/1/113 1525/1/113
f 453/1/17 238/1/111 17/1/17
f 452/1/17 1518/1/111 453/1/17
f 451/1/17 1519/1/111 452/1/17
f 110/1/17 1520/1/111 451/1/17
f 651/1/111 1523/1/112 1520/1/111
f 1523/1/112 649/1/113 1526/1/113
f 1526/1/113 104/1/16 442/1/16
f 1525/1/113 442/1/16 443/1/16
f 1524/1/113 443/1/16 444/1/16
f 240/1/113 444/1/16 16/1/16
f 239/1/112 1524/1/113 240/1/113
f 1518/1/111 239/1/112 238/1/111
f 1528/1/150 1530/1/151 1527/1/150
f 1529/1/150 1531/1/151 1528/1/150
f 1530/1/151 1534/1/152 1533/1/152
f 1531/1/151 1535/1/152 1534/1/152
f 450/1/30 277/1/150 30/1/30
f 449/1/30 1527/1/150 450/1/30
f 448/1/30 1528/1/150 449/1/30
f 108/1/30 1529/1/150 448/1/30
f 657/1/150 1532/1/151 1529/1/150
f 1532/1/151 655/1/152 1535/1/152
f 1535/1/152 102/1/29 439/1/29
f 1534/1/152 439/1/29 440/1/29
f 1533/1/152 440/1/29 441/1/29
f 279/1/152 441/1/29 29/1/29
f 278/1/151 1533/1/152 279/1/152
f 1527/1/150 278/1/151 277/1/150
f 1537/1/69 1539/1/70 1536/1/69
f 1538/1/69 1540/1/70 1537/1/69
f 1539/1/70 1543/1/71 1542/1/71
f 1540/1/70 1544/1/71 1543/1/71
f 447/1/3 196/1/69 3/1/3
f 446/1/3 1536/1/69 447/1/3
f 445/1/3 1537/1/69 446/1/3
f 106/1/3 1538/1/69 445/1/3
f 663/1/69 1541/1/70 1538/1/69
f 1541/1/70 661/1/71 1544/1/71
f 1544/1/71 100/1/2 436/1/2
f 1543/1/71 436/1/2 437/1/2
f 1542/1/71 437/1/2 438/1/2
f 198/1/71 438/1/2 2/1/2
f 197/1/70 1542/1/71 198/1/71
f 1536/1/69 197/1/70 196/1/69
f 1546/1/108 1548/1/109 1545/1/108
f 1547/1/108 1549/1/109 1546/1/108
f 1548/1/109 1552/1/110 1551/1/110
f 1549/1/109 1553/1/110 1552/1/110
f 444/1/16 235/1/108 16/1/16
f 443/1/16 1545/1/108 444/1/16
f 442/1/16 1546/1/108 443/1/16
f 104/1/16 1547/1/108 442/1/16
f 669/1/108 1550/1/109 1547/1/108
f 1550/1/109 667/1/110 1553/1/110
f 1553/1/110 96/1/15 430/1/15
f 1552/1/110 430/1/15 431/1/15
f 1551/1/110 431/1/15 432/1/15
f 237/1/110 432/1/15 15/1/15
f 236/1/109 1551/1/110 237/1/110
f 1545/1/108 236/1/109 235/1/108
f 1555/1/147 1557/1/148 1554/1/147
f 1556/1/147 1558/1/148 1555/1/147
f 1557/1/148 1561/1/149 1560/1/149
f 1558/1/148 1562/1/149 1561/1/149
f 441/1/29 274/1/147 29/1/29
f 440/1/29 1554/1/147 441/1/29
f 439/1/29 1555/1/147 440/1/29
f 102/1/29 1556/1/147 439/1/29
f 675/1/147 1559/1/148 1556/1/147
f 1559/1/148 673/1/149 1562/1/149
f 1562/1/149 94/1/28 427/1/28
f 1561/1/149 427/1/28 428/1/28
f 1560/1/149 428/1/28 429/1/28
f 276/1/149 429/1/28 28/1/28
f 275/1/148 1560/1/149 276/1/149
f 1554/1/147 275/1/148 274/1/147
f 1564/1/66 1566/1/67 1563/1/66
f 1565/1/66 1567/1/67 1564/1/66
f 1566/1/67 1570/1/68 1569/1/68
f 1567/1/67 1571/1/68 1570/1/68
f 438/1/2 193/1/66 2/1/2
f 437/1/2 1563/1/66 438/1/2
f 436/1/2 1564/1/66 437/1/2
f 100/1/2 1565/1/66 436/1/2
f 681/1/66 1568/1/67 1565/1/66
f 1568/1/67 679/1/68 1571/1/68
f 1571/1/68 97/1/1 531/1/1
f 1570/1/68 531/1/1 530/1/1
f 1569/1/68 530/1/1 529/1/1
f 195/1/68 529/1/1 1/1/1
f 194/1/67 1569/1/68 195/1/68
f 1563/1/66 194/1/67 193/1/66
f 1573/1/105 1575/1/106 1572/1/105
f 1574/1/105 1576/1/106 1573/1/105
f 1575/1/106 1579/1/107 1578/1/107
f 1576/1/106 1580/1/107 1579/1/107
f 432/1/15 232/1/105 15/1/15
f 431/1/15 1572/1/105 432/1/15
f 430/1/15 1573/1/105 431/1/15
f 96/1/15 1574/1/105 430/1/15
f 687/1/105 1577/1/106 1574/1/105
f 1577/1/106 685/1/107 1580/1/107
f 1580/1/107 92/1/14 424/1/14
f 1579/1/107 424/1/14 425/1/14
f 1578/1/107 425/1/14 426/1/14
f 234/1/107 426/1/14 14/1/14
f 233/1/106 1578/1/107 234/1/107
f 1572/1/105 233/1/106 232/1/105
f 1582/1/144 1584/1/145 1581/1/144
f 1583/1/144 1585/1/145 1582/1/144
f 1584/1/145 1588/1/146 1587/1/146
f 1585/1/145 1589/1/146 1588/1/146
f 429/1/28 271/1/144 28/1/28
f 428/1/28 1581/1/144 429/1/28
f 427/1/28 1582/1/144 428/1/28
f 94/1/28 1583/1/144 427/1/28
f 693/1/144 1586/1/145 1583/1/144
f 1586/1/145 691/1/146 1589/1/146
f 1589/1/146 90/1/27 421/1/27
f 1588/1/146 421/1/27 422/1/27
f 1587/1/146 422/1/27 423/1/27
f 273/1/146 423/1/27 27/1/27
f 272/1/145 1587/1/146 273/1/146
f 1581/1/144 272/1/145 271/1/144
f 1591/1/102 1593/1/103 1590/1/102
f 1592/1/102 1594/1/103 1591/1/102
f 1593/1/103 1597/1/104 1596/1/104
f 1594/1/103 1598/1/104 1597/1/104
f 426/1/14 229/1/102 14/1/14
f 425/1/14 1590/1/102 426/1/14
f 424/1/14 1591/1/102 425/1/14
f 92/1/14 1592/1/102 424/1/14
f 699/1/102 1595/1/103 1592/1/102
f 1595/1/103 697/1/104 1598/1/104
f 1598/1/104 88/1/13 418/1/13
f 1597/1/104 418/1/13 419/1/13
f 1596/1/104 419/1/13 420/1/13
f 231/1/104 420/1/13 13/1/13
f 230/1/103 1596/1/104 231/1/104
f 1590/1/102 230/1/103 229/1/102
f 1600/1/141 1602/1/142 1599/1/141
f 1601/1/141 1603/1/142 1600/1/141
f 1602/1/142 1606/1/143 1605/1/143
f 1603/1/142 1607/1/143 1606/1/143
f 423/1/27 268/1/141 27/1/27
f 422/1/27 1599/1/141 423/1/27
f 421/1/27 1600/1/141 422/1/27
f 90/1/27 1601/1/141 421/1/27
f 705/1/141 1604/1/142 1601/1/141
f 1604/1/142 703/1/143 1607/1/143
f 1607/1/143 86/1/26 415/1/26
f 1606/1/143 415/1/26 416/1/26
f 1605/1/143 416/1/26 417/1/26
f 270/1/143 417/1/26 26/1/26
f 269/1/142 1605/1/143 270/1/143
f 1599/1/141 269/1/142 268/1/141
f 1609/1/99 1611/1/100 1608/1/99
f 1610/1/99 1612/1/100 1609/1/99
f 1611/1/100 1615/1/101 1614/1/101
f 1612/1/100 1616/1/101 1615/1/101
f 420/1/13 226/1/99 13/1/13
f 419/1/13 1608/1/99 420/1/13
f 418/1/13 1609/1/99 419/1/13
f 88/1/13 1610/1/99 418/1/13
f 711/1/99 1613/1/100 1610/1/99
f 1613/1/100 709/1/101 1616/1/101
f 1616/1/101 84/1/12 412/1/12
f 1615/1/101 412/1/12 413/1/12
f 1614/1/101 413/1/12 414/1/12
f 228/1/101 414/1/12 12/1/12
f 227/1/100 1614/1/101 228/1/101
f 1608/1/99 227/1/100 226/1/99
f 1618/1/138 1620/1/139 1617/1/138
f 1619/1/138 1621/1/139 1618/1/138
f 1620/1/139 1624/1/140 1623/1/140
f 1621/1/139 1625/1/140 1624/1/140
f 417/1/26 265/1/138 26/1/26
f 416/1/26 1617/1/138 417/1/26
f 415/1/26 1618/1/138 416/1/26
f 86/1/26 1619/1/138 415/1/26
f 717/1/138 1622/1/139 1619/1/138
f 1622/1/139 715/1/140 1625/1/140
f 1625/1/140 82/1/25 409/1/25
f 1624/1/140 409/1/25 410/1/25
f 1623/1/140 410/1/25 411/1/25
f 267/1/140 411/1/25 25/1/25
f 266/1/139 1623/1/140 267/1/140
f 1617/1/138 266/1/139 265/1/138
f 1627/1/96 1629/1/97 1626/1/96
f 1628/1/96 1630/1/97 1627/1/96
f 1629/1/97 1633/1/98 1632/1/98
f 1630/1/97 1634/1/98 1633/1/98
f 414/1/12 223/1/96 12/1/12
f 413/1/12 1626/1/96 414/1/12
f 412/1/12 1627/1/96 413/1/12
f 84/1/12 1628/1/96 412/1/12
f 723/1/96 1631/1/97 1628/1/96
f 1631/1/97 721/1/98 1634/1/98
f 1634/1/98 80/1/11 406/1/11
f 1633/1/98 406/1/11 407/1/11
f 1632/1/98 407/1/11 408/1/11
f 225/1/98 408/1/11 11/1/11
f 224/1/97 1632/1/98 225/1/98
f 1626/1/96 224/1/97 223/1/96
f 1636/1/135 1638/1/136 1635/1/135
f 1637/1/135 1639/1/136 1636/1/135
f 1638/1/136 1642/1/137 1641/1/137
f 1639/1/136 1643/1/137 1642/1/137
f 411/1/25 262/1/135 25/1/25
f 410/1/25 1635/1/135 411/1/25
f 409/1/25 1636/1/135 410/1/25
f 82/1/25 1637/1/135 409/1/25
f 729/1/135 1640/1/136 1637/1/135
f 1640/1/136 727/1/137 1643/1/137
f 1643/1/137 78/1/24 403/1/24
f 1642/1/137 403/1/24 404/1/24
f 1641/1/137 404/1/24 405/1/24
f 264/1/137 405/1/24 24/1/24
f 263/1/136 1641/1/137 264/1/137
f 1635/1/135 263/1/136 262/1/135
f 1645/1/93 1647/1/94 1644/1/93
f 1646/1/93 1648/1/94 1645/1/93
f 1647/1/94 1651/1/95 1650/1/95
f 1648/1/94 1652/1/95 1651/1/95
f 408/1/11 220/1/93 11/1/11
f 407/1/11 1644/1/93 408/1/11
f 406/1/11 1645/1/93 407/1/11
f 80/1/11 1646/1/93 406/1/11
f 735/1/93 1649/1/94 1646/1/93
f 1649/1/94 733/1/95 1652/1/95
f 1652/1/95 76/1/10 400/1/10
f 1651/1/95 400/1/10 401/1/10
f 1650/1/95 401/1/10 402/1/10
f 222/1/95 402/1/10 10/1/10
f 221/1/94 1650/1/95 222/1/95
f 1644/1/93 221/1/94 220/1/93
f 1654/1/132 1656/1/133 1653/1/132
f 1655/1/132 1657/1/133 1654/1/132
f 1656/1/133 1660/1/134 1659/1/134
f 1657/1/133 1661/1/134 1660/1/134
f 405/1/24 259/1/132 24/1/24
f 404/1/24 1653/1/132 405/1/24
f 403/1/24 1654/1/132 404/1/24
f 78/1/24 1655/1/132 403/1/24
f 741/1/132 1658/1/133 1655/1/132
f 1658/1/133 739/1/134 1661/1/134
f 1661/1/134 74/1/23 397/1/23
f 1660/1/134 397/1/23 398/1/23
f 1659/1/134 398/1/23 399/1/23
f 261/1/134 399/1/23 23/1/23
f 260/1/133 1659/1/134 261/1/134
f 1653/1/132 260/1/133 259/1/132
f 1663/1/90 1665/1/91 1662/1/90
f 1664/1/90 1666/1/91 1663/1/90
f 1665/1/91 1669/1/92 1668/1/92
f 1666/1/91 1670/1/92 1669/1/92
f 402/1/10 217/1/90 10/1/10
f 401/1/10 1662/1/90 402/1/10
f 400/1/10 1663/1/90 401/1/10
f 76/1/10 1664/1/90 400/1/10
f 747/1/90 1667/1/91 1664/1/90
f 1667/1/91 745/1/92 1670/1/92
f 1670/1/92 72/1/9 394/1/9
f 1669/1/92 394/1/9 395/1/9
f 1668/1/92 395/1/9 396/1/9
f 219/1/92 396/1/9 9/1/9
f 218/1/91 1668/1/92 219/1/92
f 1662/1/90 218/1/91 217/1/90
f 1672/1/129 1674/1/130 1671/1/129
f 1673/1/129 1675/1/130 1672/1/129
f 1674/1/130 1678/1/131 1677/1/131
f 1675/1/130 1679/1/131 1678/1/131
f 399/1/23 256/1/129 23/1/23
f 398/1/23 1671/1/129 399/1/23
f 397/1/23 1672/1/129 398/1/23
f 74/1/23 1673/1/129 397/1/23
f 753/1/129 1676/1/130 1673/1/129
f 1676/1/130 751/1/131 1679/1/131
f 1679/1/131 68/1/22 388/1/22
f 1678/1/131 388/1/22 389/1/22
f 1677/1/131 389/1/22 390/1/22
f 258/1/131 390/1/22 22/1/22
f 257/1/130 1677/1/131 258/1/131
f 1671/1/129 257/1/130 256/1/129
f 1681/1/87 1683/1/88 1680/1/87
f 1682/1/87 1684/1/88 1681/1/87
f 1683/1/88 1687/1/89 1686/1/89
f 1684/1/88 1688/1/89 1687/1/89
f 396/1/9 214/1/87 9/1/9
f 395/1/9 1680/1/87 396/1/9
f 394/1/9 1681/1/87 395/1/9
f 72/1/9 1682/1/87 394/1/9
f 759/1/87 1685/1/88 1682/1/87
f 1685/1/88 757/1/89 1688/1/89
f 1688/1/89 69/1/8 489/1/8
f 1687/1/89 489/1/8 488/1/8
f 1686/1/89 488/1/8 487/1/8
f 216/1/89 487/1/8 8/1/8
f 215/1/88 1686/1/89 216/1/89
f 1680/1/87 215/1/88 214/1/87
f 1690/1/126 1692/1/127 1689/1/126
f 1691/1/126 1693/1/127 1690/1/126
f 1692/1/127 1696/1/128 1695/1/128
f 1693/1/127 1697/1/128 1696/1/128
f 390/1/22 253/1/126 22/1/22
f 389/1/22 1689/1/126 390/1/22
f 388/1/22 1690/1/126 389/1/22
f 68/1/22 1691/1/126 388/1/22
f 765/1/126 1694/1/127 1691/1/126
f 1694/1/127 763/1/128 1697/1/128
f 1697/1/128 65/1/21 483/1/21
f 1696/1/128 483/1/21 482/1/21
f 1695/1/128 482/1/21 481/1/21
f 255/1/128 481/1/21 21/1/21
f 254/1/127 1695/1/128 255/1/128
f 1689/1/126 254/1/127 253/1/126
f 1698/1/162 1702/1/163 1701/1/163
f 1699/1/162 1703/1/163 1702/1/163
f 1702/1/163 1704/1/164 1701/1/163
f 1703/1/163 1705/1/164 1702/1/163
f 192/1/65 1698/1/162 772/1/162
f 771/1/65 1699/1/162 1698/1/162
f 770/1/65 1700/1/162 1699/1/162
f 769/1/65 780/1/162 1700/1/162
f 1700/1/162 779/1/163 1703/1/163
f 779/1/163 1706/1/164 1703/1/163
f 778/1/164 777/1/36 1706/1/164
f 1706/1/164 776/1/36 1705/1/164
f 1705/1/164 775/1/36 1704/1/164
f 1704/1/164 133/1/36 774/1/164
f 1701/1/163 774/1/164 773/1/163
f 772/1/162 1701/1/163 773/1/163
f 1707/1/165 1711/1/166 1710/1/166
f 1708/1/165 1712/1/166 1711/1/166
f 1711/1/166 1713/1/167 1710/1/166
f 1712/1/166 1714/1/167 1711/1/166
f 190/1/64 1707/1/165 784/1/165
f 783/1/64 1708/1/165 1707/1/165
f 782/1/64 1709/1/165 1708/1/165
f 781/1/64 792/1/165 1709/1/165
f 1709/1/165 791/1/166 1712/1/166
f 791/1/166 1715/1/167 1712/1/166
f 790/1/167 789/1/34 1715/1/167
f 1715/1/167 788/1/34 1714/1/167
f 1714/1/167 787/1/34 1713/1/167
f 1713/1/167 129/1/34 786/1/167
f 1710/1/166 786/1/167 785/1/166
f 784/1/165 1710/1/166 785/1/166
f 1716/1/168 1720/1/169 1719/1/169
f 1717/1/168 1721/1/169 1720/1/169
f 1720/1/169 1722/1/170 1719/1/169
f 1721/1/169 1723/1/170 1720/1/169
f 188/1/63 1716/1/168 796/1/168
f 795/1/63 1717/1/168 1716/1/168
f 794/1/63 1718/1/168 1717/1/168
f 793/1/63 801/1/168 1718/1/168
f 1718/1/168 800/1/169 1721/1/169
f 800/1/169 1724/1/170 1721/1/169
f 799/1/170 769/1/65 1724/1/170
f 1724/1/170 770/1/65 1723/1/170
f 1723/1/170 771/1/65 1722/1/170
f 1722/1/170 192/1/65 798/1/170
f 1719/1/169 798/1/170 797/1/169
f 796/1/168 1719/1/169 797/1/169
f 1725/1/171 1729/1/172 1728/1/172
f 1726/1/171 1730/1/172 1729/1/172
f 1729/1/172 1731/1/173 1728/1/172
f 1730/1/172 1732/1/173 1729/1/172
f 186/1/62 1725/1/171 805/1/171
f 804/1/62 1726/1/171 1725/1/171
f 803/1/62 1727/1/171 1726/1/171
f 802/1/62 810/1/171 1727/1/171
f 1727/1/171 809/1/172 1730/1/172
f 809/1/172 1733/1/173 1730/1/172
f 808/1/173 781/1/64 1733/1/173
f 1733/1/173 782/1/64 1732/1/173
f 1732/1/173 783/1/64 1731/1/173
f 1731/1/173 190/1/64 807/1/173
f 1728/1/172 807/1/173 806/1/172
f 805/1/171 1728/1/172 806/1/172
f 1734/1/174 1738/1/175 1737/1/175
f 1735/1/174 1739/1/175 1738/1/175
f 1738/1/175 1740/1/176 1737/1/175
f 1739/1/175 1741/1/176 1738/1/175
f 184/1/61 1734/1/174 814/1/174
f 813/1/61 1735/1/174 1734/1/174
f 812/1/61 1736/1/174 1735/1/174
f 811/1/61 822/1/174 1736/1/174
f 1736/1/174 821/1/175 1739/1/175
f 821/1/175 1742/1/176 1739/1/175
f 820/1/176 819/1/50 1742/1/176
f 1742/1/176 818/1/50 1741/1/176
f 1741/1/176 817/1/50 1740/1/176
f 1740/1/176 161/1/50 816/1/176
f 1737/1/175 816/1/176 815/1/175
f 814/1/174 1737/1/175 815/1/175
f 1743/1/177 1747/1/178 1746/1/178
f 1744/1/177 1748/1/178 1747/1/178
f 1747/1/178 1749/1/179 1746/1/178
f 1748/1/178 1750/1/179 1747/1/178
f 182/1/60 1743/1/177 826/1/177
f 825/1/60 1744/1/177 1743/1/177
f 824/1/60 1745/1/177 1744/1/177
f 823/1/60 831/1/177 1745/1/177
f 1745/1/177 830/1/178 1748/1/178
f 830/1/178 1751/1/179 1748/1/178
f 829/1/179 793/1/63 1751/1/179
f 1751/1/179 794/1/63 1750/1/179
f 1750/1/179 795/1/63 1749/1/179
f 1749/1/179 188/1/63 828/1/179
f 1746/1/178 828/1/179 827/1/178
f 826/1/177 1746/1/178 827/1/178
f 1752/1/180 1756/1/181 1755/1/181
f 1753/1/180 1757/1/181 1756/1/181
f 1756/1/181 1758/1/182 1755/1/181
f 1757/1/181 1759/1/182 1756/1/181
f 180/1/59 1752/1/180 835/1/180
f 834/1/59 1753/1/180 1752/1/180
f 833/1/59 1754/1/180 1753/1/180
f 832/1/59 840/1/180 1754/1/180
f 1754/1/180 839/1/181 1757/1/181
f 839/1/181 1760/1/182 1757/1/181
f 838/1/182 802/1/62 1760/1/182
f 1760/1/182 803/1/62 1759/1/182
f 1759/1/182 804/1/62 1758/1/182
f 1758/1/182 186/1/62 837/1/182
f 1755/1/181 837/1/182 836/1/181
f 835/1/180 1755/1/181 836/1/181
f 1761/1/183 1765/1/184 1764/1/184
f 1762/1/183 1766/1/184 1765/1/184
f 1765/1/184 1767/1/185 1764/1/184
f 1766/1/184 1768/1/185 1765/1/184
f 178/1/58 1761/1/183 844/1/183
f 843/1/58 1762/1/183 1761/1/183
f 842/1/58 1763/1/183 1762/1/183
f 841/1/58 849/1/183 1763/1/183
f 1763/1/183 848/1/184 1766/1/184
f 848/1/184 1769/1/185 1766/1/184
f 847/1/185 811/1/61 1769/1/185
f 1769/1/185 812/1/61 1768/1/185
f 1768/1/185 813/1/61 1767/1/185
f 1767/1/185 184/1/61 846/1/185
f 1764/1/184 846/1/185 845/1/184
f 844/1/183 1764/1/184 845/1/184
f 1770/1/186 1774/1/187 1773/1/187
f 1771/1/186 1775/1/187 1774/1/187
f 1774/1/187 1776/1/188 1773/1/187
f 1775/1/187 1777/1/188 1774/1/187
f 176/1/57 1770/1/186 853/1/186
f 852/1/57 1771/1/186 1770/1/186
f 851/1/57 1772/1/186 1771/1/186
f 850/1/57 858/1/186 1772/1/186
f 1772/1/186 857/1/187 1775/1/187
f 857/1/187 1778/1/188 1775/1/187
f 856/1/188 823/1/60 1778/1/188
f 1778/1/188 824/1/60 1777/1/188
f 1777/1/188 825/1/60 1776/1/188
f 1776/1/188 182/1/60 855/1/188
f 1773/1/187 855/1/188 854/1/187
f 853/1/186 1773/1/187 854/1/187
f 1779/1/189 1783/1/190 1782/1/190
f 1780/1/189 1784/1/190 1783/1/190
f 1783/1/190 1785/1/191 1782/1/190
f 1784/1/190 1786/1/191 1783/1/190
f 174/1/56 1779/1/189 862/1/189
f 861/1/56 1780/1/189 1779/1/189
f 860/1/56 1781/1/189 1780/1/189
f 859/1/56 867/1/189 1781/1/189
f 1781/1/189 866/1/190 1784/1/190
f 866/1/190 1787/1/191 1784/1/190
f 865/1/191 832/1/59 1787/1/191
f 1787/1/191 833/1/59 1786/1/191
f 1786/1/191 834/1/59 1785/1/191
f 1785/1/191 180/1/59 864/1/191
f 1782/1/190 864/1/191 863/1/190
f 862/1/189 1782/1/190 863/1/190
f 1788/1/192 1792/1/193 1791/1/193
f 1789/1/192 1793/1/193 1792/1/193
f 1792/1/193 1794/1/194 1791/1/193
f 1793/1/193 1795/1/194 1792/1/193
f 172/1/55 1788/1/192 871/1/192
f 870/1/55 1789/1/192 1788/1/192
f 869/1/55 1790/1/192 1789/1/192
f 868/1/55 876/1/192 1790/1/192
f 1790/1/192 875/1/193 1793/1/193
f 875/1/193 1796/1/194 1793/1/193
f 874/1/194 841/1/58 1796/1/194
f 1796/1/194 842/1/58 1795/1/194
f 1795/1/194 843/1/58 1794/1/194
f 1794/1/194 178/1/58 873/1/194
f 1791/1/193 873/1/194 872/1/193
f 871/1/192 1791/1/193 872/1/193
f 1797/1/195 1801/1/196 1800/1/196
f 1798/1/195 1802/1/196 1801/1/196
f 1801/1/196 1803/1/197 1800/1/196
f 1802/1/196 1804/1/197 1801/1/196
f 170/1/54 1797/1/195 880/1/195
f 879/1/54 1798/1/195 1797/1/195
f 878/1/54 1799/1/195 1798/1/195
f 877/1/54 885/1/195 1799/1/195
f 1799/1/195 884/1/196 1802/1/196
f 884/1/196 1805/1/197 1802/1/196
f 883/1/197 850/1/57 1805/1/197
f 1805/1/197 851/1/57 1804/1/197
f 1804/1/197 852/1/57 1803/1/197
f 1803/1/197 176/1/57 882/1/197
f 1800/1/196 882/1/197 881/1/196
f 880/1/195 1800/1/196 881/1/196
f 1806/1/198 1810/1/199 1809/1/199
f 1807/1/198 1811/1/199 1810/1/199
f 1810/1/199 1812/1/200 1809/1/199
f 1811/1/199 1813/1/200 1810/1/199
f 168/1/53 1806/1/198 889/1/198
f 888/1/53 1807/1/198 1806/1/198
f 887/1/53 1808/1/198 1807/1/198
f 886/1/53 894/1/198 1808/1/198
f 1808/1/198 893/1/199 1811/1/199
f 893/1/199 1814/1/200 1811/1/199
f 892/1/200 859/1/56 1814/1/200
f 1814/1/200 860/1/56 1813/1/200
f 1813/1/200 861/1/56 1812/1/200
f 1812/1/200 174/1/56 891/1/200
f 1809/1/199 891/1/200 890/1/199
f 889/1/198 1809/1/199 890/1/199
f 1815/1/201 1819/1/202 1818/1/202
f 1816/1/201 1820/1/202 1819/1/202
f 1819/1/202 1821/1/203 1818/1/202
f 1820/1/202 1822/1/203 1819/1/202
f 166/1/52 1815/1/201 898/1/201
f 897/1/52 1816/1/201 1815/1/201
f 896/1/52 1817/1/201 1816/1/201
f 895/1/52 903/1/201 1817/1/201
f 1817/1/201 902/1/202 1820/1/202
f 902/1/202 1823/1/203 1820/1/202
f 901/1/203 868/1/55 1823/1/203
f 1823/1/203 869/1/55 1822/1/203
f 1822/1/203 870/1/55 1821/1/203
f 1821/1/203 172/1/55 900/1/203
f 1818/1/202 900/1/203 899/1/202
f 898/1/201 1818/1/202 899/1/202
f 1824/1/204 1828/1/205 1827/1/205
f 1825/1/204 1829/1/205 1828/1/205
f 1828/1/205 1830/1/206 1827/1/205
f 1829/1/205 1831/1/206 1828/1/205
f 164/1/51 1824/1/204 907/1/204
f 906/1/51 1825/1/204 1824/1/204
f 905/1/51 1826/1/204 1825/1/204
f 904/1/51 912/1/204 1826/1/204
f 1826/1/204 911/1/205 1829/1/205
f 911/1/205 1832/1/206 1829/1/205
f 910/1/206 877/1/54 1832/1/206
f 1832/1/206 878/1/54 1831/1/206
f 1831/1/206 879/1/54 1830/1/206
f 1830/1/206 170/1/54 909/1/206
f 1827/1/205 909/1/206 908/1/205
f 907/1/204 1827/1/205 908/1/205
f 1833/1/207 1837/1/208 1836/1/208
f 1834/1/207 1838/1/208 1837/1/208
f 1837/1/208 1839/1/209 1836/1/208
f 1838/1/208 1840/1/209 1837/1/208
f 160/1/49 1833/1/207 916/1/207
f 915/1/49 1834/1/207 1833/1/207
f 914/1/49 1835/1/207 1834/1/207
f 913/1/49 921/1/207 1835/1/207
f 1835/1/207 920/1/208 1838/1/208
f 920/1/208 1841/1/209 1838/1/208
f 919/1/209 886/1/53 1841/1/209
f 1841/1/209 887/1/53 1840/1/209
f 1840/1/209 888/1/53 1839/1/209
f 1839/1/209 168/1/53 918/1/209
f 1836/1/208 918/1/209 917/1/208
f 916/1/207 1836/1/208 917/1/208
f 1842/1/210 1846/1/211 1845/1/211
f 1843/1/210 1847/1/211 1846/1/211
f 1846/1/211 1848/1/212 1845/1/211
f 1847/1/211 1849/1/212 1846/1/211
f 158/1/48 1842/1/210 925/1/210
f 924/1/48 1843/1/210 1842/1/210
f 923/1/48 1844/1/210 1843/1/210
f 922/1/48 930/1/210 1844/1/210
f 1844/1/210 929/1/211 1847/1/211
f 929/1/211 1850/1/212 1847/1/211
f 928/1/212 895/1/52 1850/1/212
f 1850/1/212 896/1/52 1849/1/212
f 1849/1/212 897/1/52 1848/1/212
f 1848/1/212 166/1/52 927/1/212
f 1845/1/211 927/1/212 926/1/211
f 925/1/210 1845/1/211 926/1/211
f 1851/1/213 1855/1/214 1854/1/214
f 1852/1/213 1856/1/214 1855/1/214
f 1855/1/214 1857/1/215 1854/1/214
f 1856/1/214 1858/1/215 1855/1/214
f 161/1/50 1851/1/213 931/1/213
f 817/1/50 1852/1/213 1851/1/213
f 818/1/50 1853/1/213 1852/1/213
f 819/1/50 936/1/213 1853/1/213
f 1853/1/213 935/1/214 1856/1/214
f 935/1/214 1859/1/215 1856/1/214
f 934/1/215 904/1/51 1859/1/215
f 1859/1/215 905/1/51 1858/1/215
f 1858/1/215 906/1/51 1857/1/215
f 1857/1/215 164/1/51 933/1/215
f 1854/1/214 933/1/215 932/1/214
f 931/1/213 1854/1/214 932/1/214
f 1860/1/216 1864/1/217 1863/1/217
f 1861/1/216 1865/1/217 1864/1/217
f 1864/1/217 1866/1/218 1863/1/217
f 1865/1/217 1867/1/218 1864/1/217
f 156/1/47 1860/1/216 940/1/216
f 939/1/47 1861/1/216 1860/1/216
f 938/1/47 1862/1/216 1861/1/216
f 937/1/47 945/1/216 1862/1/216
f 1862/1/216 944/1/217 1865/1/217
f 944/1/217 1868/1/218 1865/1/217
f 943/1/218 913/1/49 1868/1/218
f 1868/1/218 914/1/49 1867/1/218
f 1867/1/218 915/1/49 1866/1/218
f 1866/1/218 160/1/49 942/1/218
f 1863/1/217 942/1/218 941/1/217
f 940/1/216 1863/1/217 941/1/217
f 1869/1/219 1873/1/220 1872/1/220
f 1870/1/219 1874/1/220 1873/1/220
f 1873/1/220 1875/1/221 1872/1/220
f 1874/1/220 1876/1/221 1873/1/220
f 154/1/46 1869/1/219 949/1/219
f 948/1/46 1870/1/219 1869/1/219
f 947/1/46 1871/1/219 1870/1/219
f 946/1/46 954/1/219 1871/1/219
f 1871/1/219 953/1/220 1874/1/220
f 953/1/220 1877/1/221 1874/1/220
f 952/1/221 922/1/48 1877/1/221
f 1877/1/221 923/1/48 1876/1/221
f 1876/1/221 924/1/48 1875/1/221
f 1875/1/221 158/1/48 951/1/221
f 1872/1/220 951/1/221 950/1/220
f 949/1/219 1872/1/220 950/1/220
f 1878/1/222 1882/1/223 1881/1/223
f 1879/1/222 1883/1/223 1882/1/223
f 1882/1/223 1884/1/224 1881/1/223
f 1883/1/223 1885/1/224 1882/1/223
f 152/1/45 1878/1/222 958/1/222
f 957/1/45 1879/1/222 1878/1/222
f 956/1/45 1880/1/222 1879/1/222
f 955/1/45 963/1/222 1880/1/222
f 1880/1/222 962/1/223 1883/1/223
f 962/1/223 1886/1/224 1883/1/223
f 961/1/224 937/1/47 1886/1/224
f 1886/1/224 938/1/47 1885/1/224
f 1885/1/224 939/1/47 1884/1/224
f 1884/1/224 156/1/47 960/1/224
f 1881/1/223 960/1/224 959/1/223
f 958/1/222 1881/1/223 959/1/223
f 1887/1/225 1891/1/226 1890/1/226
f 1888/1/225 1892/1/226 1891/1/226
f 1891/1/226 1893/1/227 1890/1/226
f 1892/1/226 1894/1/227 1891/1/226
f 150/1/44 1887/1/225 967/1/225
f 966/1/44 1888/1/225 1887/1/225
f 965/1/44 1889/1/225 1888/1/225
f 964/1/44 972/1/225 1889/1/225
f 1889/1/225 971/1/226 1892/1/226
f 971/1/226 1895/1/227 1892/1/226
f 970/1/227 946/1/46 1895/1/227
f 1895/1/227 947/1/46 1894/1/227
f 1894/1/227 948/1/46 1893/1/227
f 1893/1/227 154/1/46 969/1/227
f 1890/1/226 969/1/227 968/1/226
f 967/1/225 1890/1/226 968/1/226
f 1896/1/228 1900/1/229 1899/1/229
f 1897/1/228 1901/1/229 1900/1/229
f 1900/1/229 1902/1/230 1899/1/229
f 1901/1/229 1903/1/230 1900/1/229
f 148/1/43 1896/1/228 976/1/228
f 975/1/43 1897/1/228 1896/1/228
f 974/1/43 1898/1/228 1897/1/228
f 973/1/43 981/1/228 1898/1/228
f 1898/1/228 980/1/229 1901/1/229
f 980/1/229 1904/1/230 1901/1/229
f 979/1/230 955/1/45 1904/1/230
f 1904/1/230 956/1/45 1903/1/230
f 1903/1/230 957/1/45 1902/1/230
f 1902/1/230 152/1/45 978/1/230
f 1899/1/229 978/1/230 977/1/229
f 976/1/228 1899/1/229 977/1/229
f 1905/1/231 1909/1/232 1908/1/232
f 1906/1/231 1910/1/232 1909/1/232
f 1909/1/232 1911/1/233 1908/1/232
f 1910/1/232 1912/1/233 1909/1/232
f 146/1/42 1905/1/231 985/1/231
f 984/1/42 1906/1/231 1905/1/231
f 983/1/42 1907/1/231 1906/1/231
f 982/1/42 990/1/231 1907/1/231
f 1907/1/231 989/1/232 1910/1/232
f 989/1/232 1913/1/233 1910/1/232
f 988/1/233 964/1/44 1913/1/233
f 1913/1/233 965/1/44 1912/1/233
f 1912/1/233 966/1/44 1911/1/233
f 1911/1/233 150/1/44 987/1/233
f 1908/1/232 987/1/233 986/1/232
f 985/1/231 1908/1/232 986/1/232
f 1914/1/234 1918/1/235 1917/1/235
f 1915/1/234 1919/1/235 1918/1/235
f 1918/1/235 1920/1/236 1917/1/235
f 1919/1/235 1921/1/236 1918/1/235
f 144/1/41 1914/1/234 994/1/234
f 993/1/41 1915/1/234 1914/1/234
f 992/1/41 1916/1/234 1915/1/234
f 991/1/41 999/1/234 1916/1/234
f 1916/1/234 998/1/235 1919/1/235
f 998/1/235 1922/1/236 1919/1/235
f 997/1/236 973/1/43 1922/1/236
f 1922/1/236 974/1/43 1921/1/236
f 1921/1/236 975/1/43 1920/1/236
f 1920/1/236 148/1/43 996/1/236
f 1917/1/235 996/1/236 995/1/235
f 994/1/234 1917/1/235 995/1/235
f 1923/1/237 1927/1/238 1926/1/238
f 1924/1/237 1928/1/238 1927/1/238
f 1927/1/238 1929/1/239 1926/1/238
f 1928/1/238 1930/1/239 1927/1/238
f 142/1/40 1923/1/237 1003/1/237
f 1002/1/40 1924/1/237 1923/1/237
f 1001/1/40 1925/1/237 1924/1/237
f 1000/1/40 1008/1/237 1925/1/237
f 1925/1/237 1007/1/238 1928/1/238
f 1007/1/238 1931/1/239 1928/1/238
f 1006/1/239 982/1/42 1931/1/239
f 1931/1/239 983/1/42 1930/1/239
f 1930/1/239 984/1/42 1929/1/239
f 1929/1/239 146/1/42 1005/1/239
f 1926/1/238 1005/1/239 1004/1/238
f 1003/1/237 1926/1/238 1004/1/238
f 1932/1/240 1936/1/241 1935/1/241
f 1933/1/240 1937/1/241 1936/1/241
f 1936/1/241 1938/1/242 1935/1/241
f 1937/1/241 1939/1/242 1936/1/241
f 140/1/39 1932/1/240 1012/1/240
f 1011/1/39 1933/1/240 1932/1/240
f 1010/1/39 1934/1/240 1933/1/240
f 1009/1/39 1017/1/240 1934/1/240
f 1934/1/240 1016/1/241 1937/1/241
f 1016/1/241 1940/1/242 1937/1/241
f 1015/1/242 991/1/41 1940/1/242
f 1940/1/242 992/1/41 1939/1/242
f 1939/1/242 993/1/41 1938/1/242
f 1938/1/242 144/1/41 1014/1/242
f 1935/1/241 1014/1/242 1013/1/241
f 1012/1/240 1935/1/241 1013/1/241
f 1941/1/243 1945/1/244 1944/1/244
f 1942/1/243 1946/1/244 1945/1/244
f 1945/1/244 1947/1/245 1944/1/244
f 1946/1/244 1948/1/245 1945/1/244
f 138/1/38 1941/1/243 1021/1/243
f 1020/1/38 1942/1/243 1941/1/243
f 1019/1/38 1943/1/243 1942/1/243
f 1018/1/38 1026/1/243 1943/1/243
f 1943/1/243 1025/1/244 1946/1/244
f 1025/1/244 1949/1/245 1946/1/244
f 1024/1/245 1000/1/40 1949/1/245
f 1949/1/245 1001/1/40 1948/1/245
f 1948/1/245 1002/1/40 1947/1/245
f 1947/1/245 142/1/40 1023/1/245
f 1944/1/244 1023/1/245 1022/1/244
f 1021/1/243 1944/1/244 1022/1/244
f 1950/1/246 1954/1/247 1953/1/247
f 1951/1/246 1955/1/247 1954/1/247
f 1954/1/247 1956/1/248 1953/1/247
f 1955/1/247 1957/1/248 1954/1/247
f 136/1/37 1950/1/246 1030/1/246
f 1029/1/37 1951/1/246 1950/1/246
f 1028/1/37 1952/1/246 1951/1/246
f 1027/1/37 1035/1/246 1952/1/246
f 1952/1/246 1034/1/247 1955/1/247
f 1034/1/247 1958/1/248 1955/1/247
f 1033/1/248 1009/1/39 1958/1/248
f 1958/1/248 1010/1/39 1957/1/248
f 1957/1/248 1011/1/39 1956/1/248
f 1956/1/248 140/1/39 1032/1/248
f 1953/1/247 1032/1/248 1031/1/247
f 1030/1/246 1953/1/247 1031/1/247
f 1959/1/249 1963/1/250 1962/1/250
f 1960/1/249 1964/1/250 1963/1/250
f 1963/1/250 1965/1/251 1962/1/250
f 1964/1/250 1966/1/251 1963/1/250
f 132/1/35 1959/1/249 1039/1/249
f 1038/1/35 1960/1/249 1959/1/249
f 1037/1/35 1961/1/249 1960/1/249
f 1036/1/35 1044/1/249 1961/1/249
f 1961/1/249 1043/1/250 1964/1/250
f 1043/1/250 1967/1/251 1964/1/250
f 1042/1/251 1018/1/38 1967/1/251
f 1967/1/251 1019/1/38 1966/1/251
f 1966/1/251 1020/1/38 1965/1/251
f 1965/1/251 138/1/38 1041/1/251
f 1962/1/250 1041/1/251 1040/1/250
f 1039/1/249 1962/1/250 1040/1/250
f 1968/1/252 1972/1/253 1971/1/253
f 1969/1/252 1973/1/253 1972/1/253
f 1972/1/253 1974/1/254 1971/1/253
f 1973/1/253 1975/1/254 1972/1/253
f 133/1/36 1968/1/252 1045/1/252
f 775/1/36 1969/1/252 1968/1/252
f 776/1/36 1970/1/252 1969/1/252
f 777/1/36 1050/1/252 1970/1/252
f 1970/1/252 1049/1/253 1973/1/253
f 1049/1/253 1976/1/254 1973/1/253
f 1048/1/254 1027/1/37 1976/1/254
f 1976/1/254 1028/1/37 1975/1/254
f 1975/1/254 1029/1/37 1974/1/254
f 1974/1/254 136/1/37 1047/1/254
f 1971/1/253 1047/1/254 1046/1/253
f 1045/1/252 1971/1/253 1046/1/253
f 1977/1/255 1981/1/256 1980/1/256
f 1978/1/255 1982/1/256 1981/1/256
f 1981/1/256 1983/1/257 1980/1/256
f 1982/1/256 1984/1/257 1981/1/256
f 129/1/34 1977/1/255 1051/1/255
f 787/1/34 1978/1/255 1977/1/255
f 788/1/34 1979/1/255 1978/1/255
f 789/1/34 1056/1/255 1979/1/255
f 1979/1/255 1055/1/256 1982/1/256
f 1055/1/256 1985/1/257 1982/1/256
f 1054/1/257 1036/1/35 1985/1/257
f 1985/1/257 1037/1/35 1984/1/257
f 1984/1/257 1038/1/35 1983/1/257
f 1983/1/257 132/1/35 1053/1/257
f 1980/1/256 1053/1/257 1052/1/256
f 1051/1/255 1980/1/256 1052/1/256
f 1058/1/33 1061/1/33 1060/1/33
f 1059/1/33 1062/1/33 1061/1/33
f 1060/1/33 1061/1/33 1064/1/33
f 1061/1/33 1062/1/33 1065/1/33
f 486/1/33 1057/1/33 768/1/33
f 485/1/33 1058/1/33 1057/1/33
f 484/1/33 1059/1/33 1058/1/33
f 54/1/33 349/1/33 1059/1/33
f 349/1/33 350/1/33 1062/1/33
f 1062/1/33 350/1/33 351/1/33
f 1065/1/33 351/1/33 53/1/33
f 1064/1/33 1065/1/33 387/1/33
f 1063/1/33 1064/1/33 386/1/33
f 766/1/33 1063/1/33 385/1/33
f 767/1/33 1060/1/33 1063/1/33
f 1057/1/33 1060/1/33 767/1/33
f 1067/1/33 1070/1/33 1069/1/33
f 1068/1/33 1071/1/33 1070/1/33
f 1069/1/33 1070/1/33 1073/1/33
f 1070/1/33 1071/1/33 1074/1/33
f 492/1/33 1066/1/33 762/1/33
f 491/1/33 1067/1/33 1066/1/33
f 490/1/33 1068/1/33 1067/1/33
f 41/1/33 310/1/33 1068/1/33
f 310/1/33 311/1/33 1071/1/33
f 1071/1/33 311/1/33 312/1/33
f 1074/1/33 312/1/33 40/1/33
f 1073/1/33 1074/1/33 393/1/33
f 1072/1/33 1073/1/33 392/1/33
f 760/1/33 1072/1/33 391/1/33
f 761/1/33 1069/1/33 1072/1/33
f 1066/1/33 1069/1/33 761/1/33
f 1076/1/33 1079/1/33 1078/1/33
f 1077/1/33 1080/1/33 1079/1/33
f 1078/1/33 1079/1/33 1082/1/33
f 1079/1/33 1080/1/33 1083/1/33
f 495/1/33 1075/1/33 756/1/33
f 494/1/33 1076/1/33 1075/1/33
f 493/1/33 1077/1/33 1076/1/33
f 55/1/33 352/1/33 1077/1/33
f 352/1/33 353/1/33 1080/1/33
f 1080/1/33 353/1/33 354/1/33
f 1083/1/33 354/1/33 54/1/33
f 1082/1/33 1083/1/33 484/1/33
f 1081/1/33 1082/1/33 485/1/33
f 754/1/33 1081/1/33 486/1/33
f 755/1/33 1078/1/33 1081/1/33
f 1075/1/33 1078/1/33 755/1/33
f 1085/1/33 1088/1/33 1087/1/33
f 1086/1/33 1089/1/33 1088/1/33
f 1087/1/33 1088/1/33 1091/1/33
f 1088/1/33 1089/1/33 1092/1/33
f 498/1/33 1084/1/33 750/1/33
f 497/1/33 1085/1/33 1084/1/33
f 496/1/33 1086/1/33 1085/1/33
f 42/1/33 313/1/33 1086/1/33
f 313/1/33 314/1/33 1089/1/33
f 1089/1/33 314/1/33 315/1/33
f 1092/1/33 315/1/33 41/1/33
f 1091/1/33 1092/1/33 490/1/33
f 1090/1/33 1091/1/33 491/1/33
f 748/1/33 1090/1/33 492/1/33
f 749/1/33 1087/1/33 1090/1/33
f 1084/1/33 1087/1/33 749/1/33
f 1094/1/33 1097/1/33 1096/1/33
f 1095/1/33 1098/1/33 1097/1/33
f 1096/1/33 1097/1/33 1100/1/33
f 1097/1/33 1098/1/33 1101/1/33
f 501/1/33 1093/1/33 744/1/33
f 500/1/33 1094/1/33 1093/1/33
f 499/1/33 1095/1/33 1094/1/33
f 56/1/33 355/1/33 1095/1/33
f 355/1/33 356/1/33 1098/1/33
f 1098/1/33 356/1/33 357/1/33
f 1101/1/33 357/1/33 55/1/33
f 1100/1/33 1101/1/33 493/1/33
f 1099/1/33 1100/1/33 494/1/33
f 742/1/33 1099/1/33 495/1/33
f 743/1/33 1096/1/33 1099/1/33
f 1093/1/33 1096/1/33 743/1/33
f 1103/1/33 1106/1/33 1105/1/33
f 1104/1/33 1107/1/33 1106/1/33
f 1105/1/33 1106/1/33 1109/1/33
f 1106/1/33 1107/1/33 1110/1/33
f 504/1/33 1102/1/33 738/1/33
f 503/1/33 1103/1/33 1102/1/33
f 502/1/33 1104/1/33 1103/1/33
f 43/1/33 316/1/33 1104/1/33
f 316/1/33 317/1/33 1107/1/33
f 1107/1/33 317/1/33 318/1/33
f 1110/1/33 318/1/33 42/1/33
f 1109/1/33 1110/1/33 496/1/33
f 1108/1/33 1109/1/33 497/1/33
f 736/1/33 1108/1/33 498/1/33
f 737/1/33 1105/1/33 1108/1/33
f 1102/1/33 1105/1/33 737/1/33
f 1112/1/33 1115/1/33 1114/1/33
f 1113/1/33 1116/1/33 1115/1/33
f 1114/1/33 1115/1/33 1118/1/33
f 1115/1/33 1116/1/33 1119/1/33
f 507/1/33 1111/1/33 732/1/33
f 506/1/33 1112/1/33 1111/1/33
f 505/1/33 1113/1/33 1112/1/33
f 57/1/33 358/1/33 1113/1/33
f 358/1/33 359/1/33 1116/1/33
f 1116/1/33 359/1/33 360/1/33
f 1119/1/33 360/1/33 56/1/33
f 1118/1/33 1119/1/33 499/1/33
f 1117/1/33 1118/1/33 500/1/33
f 730/1/33 1117/1/33 501/1/33
f 731/1/33 1114/1/33 1117/1/33
f 1111/1/33 1114/1/33 731/1/33
f 1121/1/33 1124/1/33 1123/1/33
f 1122/1/33 1125/1/33 1124/1/33
f 1123/1/33 1124/1/33 1127/1/33
f 1124/1/33 1125/1/33 1128/1/33
f 510/1/33 1120/1/33 726/1/33
f 509/1/33 1121/1/33 1120/1/33
f 508/1/33 1122/1/33 1121/1/33
f 44/1/33 319/1/33 1122/1/33
f 319/1/33 320/1/33 1125/1/33
f 1125/1/33 320/1/33 321/1/33
f 1128/1/33 321/1/33 43/1/33
f 1127/1/33 1128/1/33 502/1/33
f 1126/1/33 1127/1/33 503/1/33
f 724/1/33 1126/1/33 504/1/33
f 725/1/33 1123/1/33 1126/1/33
f 1120/1/33 1123/1/33 725/1/33
f 1130/1/33 1133/1/33 1132/1/33
f 1131/1/33 1134/1/33 1133/1/33
f 1132/1/33 1133/1/33 1136/1/33
f 1133/1/33 1134/1/33 1137/1/33
f 513/1/33 1129/1/33 720/1/33
f 512/1/33 1130/1/33 1129/1/33
f 511/1/33 1131/1/33 1130/1/33
f 58/1/33 361/1/33 1131/1/33
f 361/1/33 362/1/33 1134/1/33
f 1134/1/33 362/1/33 363/1/33
f 1137/1/33 363/1/33 57/1/33
f 1136/1/33 1137/1/33 505/1/33
f 1135/1/33 1136/1/33 506/1/33
f 718/1/33 1135/1/33 507/1/33
f 719/1/33 1132/1/33 1135/1/33
f 1129/1/33 1132/1/33 719/1/33
f 1139/1/33 1142/1/33 1141/1/33
f 1140/1/33 1143/1/33 1142/1/33
f 1141/1/33 1142/1/33 1145/1/33
f 1142/1/33 1143/1/33 1146/1/33
f 516/1/33 1138/1/33 714/1/33
f 515/1/33 1139/1/33 1138/1/33
f 514/1/33 1140/1/33 1139/1/33
f 45/1/33 322/1/33 1140/1/33
f 322/1/33 323/1/33 1143/1/33
f 1143/1/33 323/1/33 324/1/33
f 1146/1/33 324/1/33 44/1/33
f 1145/1/33 1146/1/33 508/1/33
f 1144/1/33 1145/1/33 509/1/33
f 712/1/33 1144/1/33 510/1/33
f 713/1/33 1141/1/33 1144/1/33
f 1138/1/33 1141/1/33 713/1/33
f 1148/1/33 1151/1/33 1150/1/33
f 1149/1/33 1152/1/33 1151/1/33
f 1150/1/33 1151/1/33 1154/1/33
f 1151/1/33 1152/1/33 1155/1/33
f 519/1/33 1147/1/33 708/1/33
f 518/1/33 1148/1/33 1147/1/33
f 517/1/33 1149/1/33 1148/1/33
f 59/1/33 364/1/33 1149/1/33
f 364/1/33 365/1/33 1152/1/33
f 1152/1/33 365/1/33 366/1/33
f 1155/1/33 366/1/33 58/1/33
f 1154/1/33 1155/1/33 511/1/33
f 1153/1/33 1154/1/33 512/1/33
f 706/1/33 1153/1/33 513/1/33
f 707/1/33 1150/1/33 1153/1/33
f 1147/1/33 1150/1/33 707/1/33
f 1157/1/33 1160/1/33 1159/1/33
f 1158/1/33 1161/1/33 1160/1/33
f 1159/1/33 1160/1/33 1163/1/33
f 1160/1/33 1161/1/33 1164/1/33
f 522/1/33 1156/1/33 702/1/33
f 521/1/33 1157/1/33 1156/1/33
f 520/1/33 1158/1/33 1157/1/33
f 46/1/33 325/1/33 1158/1/33
f 325/1/33 326/1/33 1161/1/33
f 1161/1/33 326/1/33 327/1/33
f 1164/1/33 327/1/33 45/1/33
f 1163/1/33 1164/1/33 514/1/33
f 1162/1/33 1163/1/33 515/1/33
f 700/1/33 1162/1/33 516/1/33
f 701/1/33 1159/1/33 1162/1/33
f 1156/1/33 1159/1/33 701/1/33
f 1166/1/33 1169/1/33 1168/1/33
f 1167/1/33 1170/1/33 1169/1/33
f 1168/1/33 1169/1/33 1172/1/33
f 1169/1/33 1170/1/33 1173/1/33
f 525/1/33 1165/1/33 696/1/33
f 524/1/33 1166/1/33 1165/1/33
f 523/1/33 1167/1/33 1166/1/33
f 60/1/33 367/1/33 1167/1/33
f 367/1/33 368/1/33 1170/1/33
f 1170/1/33 368/1/33 369/1/33
f 1173/1/33 369/1/33 59/1/33
f 1172/1/33 1173/1/33 517/1/33
f 1171/1/33 1172/1/33 518/1/33
f 694/1/33 1171/1/33 519/1/33
f 695/1/33 1168/1/33 1171/1/33
f 1165/1/33 1168/1/33 695/1/33
f 1175/1/33 1178/1/33 1177/1/33
f 1176/1/33 1179/1/33 1178/1/33
f 1177/1/33 1178/1/33 1181/1/33
f 1178/1/33 1179/1/33 1182/1/33
f 528/1/33 1174/1/33 690/1/33
f 527/1/33 1175/1/33 1174/1/33
f 526/1/33 1176/1/33 1175/1/33
f 47/1/33 328/1/33 1176/1/33
f 328/1/33 329/1/33 1179/1/33
f 1179/1/33 329/1/33 330/1/33
f 1182/1/33 330/1/33 46/1/33
f 1181/1/33 1182/1/33 520/1/33
f 1180/1/33 1181/1/33 521/1/33
f 688/1/33 1180/1/33 522/1/33
f 689/1/33 1177/1/33 1180/1/33
f 1174/1/33 1177/1/33 689/1/33
f 1184/1/33 1187/1/33 1186/1/33
f 1185/1/33 1188/1/33 1187/1/33
f 1186/1/33 1187/1/33 1190/1/33
f 1187/1/33 1188/1/33 1191/1/33
f 534/1/33 1183/1/33 684/1/33
f 533/1/33 1184/1/33 1183/1/33
f 532/1/33 1185/1/33 1184/1/33
f 34/1/33 289/1/33 1185/1/33
f 289/1/33 290/1/33 1188/1/33
f 1188/1/33 290/1/33 291/1/33
f 1191/1/33 291/1/33 33/1/33
f 1190/1/33 1191/1/33 435/1/33
f 1189/1/33 1190/1/33 434/1/33
f 682/1/33 1189/1/33 433/1/33
f 683/1/33 1186/1/33 1189/1/33
f 1183/1/33 1186/1/33 683/1/33
f 1193/1/33 1196/1/33 1195/1/33
f 1194/1/33 1197/1/33 1196/1/33
f 1195/1/33 1196/1/33 1199/1/33
f 1196/1/33 1197/1/33 1200/1/33
f 537/1/33 1192/1/33 678/1/33
f 536/1/33 1193/1/33 1192/1/33
f 535/1/33 1194/1/33 1193/1/33
f 61/1/33 370/1/33 1194/1/33
f 370/1/33 371/1/33 1197/1/33
f 1197/1/33 371/1/33 372/1/33
f 1200/1/33 372/1/33 60/1/33
f 1199/1/33 1200/1/33 523/1/33
f 1198/1/33 1199/1/33 524/1/33
f 676/1/33 1198/1/33 525/1/33
f 677/1/33 1195/1/33 1198/1/33
f 1192/1/33 1195/1/33 677/1/33
f 1202/1/33 1205/1/33 1204/1/33
f 1203/1/33 1206/1/33 1205/1/33
f 1204/1/33 1205/1/33 1208/1/33
f 1205/1/33 1206/1/33 1209/1/33
f 540/1/33 1201/1/33 672/1/33
f 539/1/33 1202/1/33 1201/1/33
f 538/1/33 1203/1/33 1202/1/33
f 48/1/33 331/1/33 1203/1/33
f 331/1/33 332/1/33 1206/1/33
f 1206/1/33 332/1/33 333/1/33
f 1209/1/33 333/1/33 47/1/33
f 1208/1/33 1209/1/33 526/1/33
f 1207/1/33 1208/1/33 527/1/33
f 670/1/33 1207/1/33 528/1/33
f 671/1/33 1204/1/33 1207/1/33
f 1201/1/33 1204/1/33 671/1/33
f 1211/1/33 1214/1/33 1213/1/33
f 1212/1/33 1215/1/33 1214/1/33
f 1213/1/33 1214/1/33 1217/1/33
f 1214/1/33 1215/1/33 1218/1/33
f 543/1/33 1210/1/33 666/1/33
f 542/1/33 1211/1/33 1210/1/33
f 541/1/33 1212/1/33 1211/1/33
f 35/1/33 292/1/33 1212/1/33
f 292/1/33 293/1/33 1215/1/33
f 1215/1/33 293/1/33 294/1/33
f 1218/1/33 294/1/33 34/1/33
f 1217/1/33 1218/1/33 532/1/33
f 1216/1/33 1217/1/33 533/1/33
f 664/1/33 1216/1/33 534/1/33
f 665/1/33 1213/1/33 1216/1/33
f 1210/1/33 1213/1/33 665/1/33
f 1220/1/33 1223/1/33 1222/1/33
f 1221/1/33 1224/1/33 1223/1/33
f 1222/1/33 1223/1/33 1226/1/33
f 1223/1/33 1224/1/33 1227/1/33
f 546/1/33 1219/1/33 660/1/33
f 545/1/33 1220/1/33 1219/1/33
f 544/1/33 1221/1/33 1220/1/33
f 62/1/33 373/1/33 1221/1/33
f 373/1/33 374/1/33 1224/1/33
f 1224/1/33 374/1/33 375/1/33
f 1227/1/33 375/1/33 61/1/33
f 1226/1/33 1227/1/33 535/1/33
f 1225/1/33 1226/1/33 536/1/33
f 658/1/33 1225/1/33 537/1/33
f 659/1/33 1222/1/33 1225/1/33
f 1219/1/33 1222/1/33 659/1/33
f 1229/1/33 1232/1/33 1231/1/33
f 1230/1/33 1233/1/33 1232/1/33
f 1231/1/33 1232/1/33 1235/1/33
f 1232/1/33 1233/1/33 1236/1/33
f 549/1/33 1228/1/33 654/1/33
f 548/1/33 1229/1/33 1228/1/33
f 547/1/33 1230/1/33 1229/1/33
f 49/1/33 334/1/33 1230/1/33
f 334/1/33 335/1/33 1233/1/33
f 1233/1/33 335/1/33 336/1/33
f 1236/1/33 336/1/33 48/1/33
f 1235/1/33 1236/1/33 538/1/33
f 1234/1/33 1235/1/33 539/1/33
f 652/1/33 1234/1/33 540/1/33
f 653/1/33 1231/1/33 1234/1/33
f 1228/1/33 1231/1/33 653/1/33
f 1238/1/33 1241/1/33 1240/1/33
f 1239/1/33 1242/1/33 1241/1/33
f 1240/1/33 1241/1/33 1244/1/33
f 1241/1/33 1242/1/33 1245/1/33
f 552/1/33 1237/1/33 648/1/33
f 551/1/33 1238/1/33 1237/1/33
f 550/1/33 1239/1/33 1238/1/33
f 36/1/33 295/1/33 1239/1/33
f 295/1/33 296/1/33 1242/1/33
f 1242/1/33 296/1/33 297/1/33
f 1245/1/33 297/1/33 35/1/33
f 1244/1/33 1245/1/33 541/1/33
f 1243/1/33 1244/1/33 542/1/33
f 646/1/33 1243/1/33 543/1/33
f 647/1/33 1240/1/33 1243/1/33
f 1237/1/33 1240/1/33 647/1/33
f 1247/1/33 1250/1/33 1249/1/33
f 1248/1/33 1251/1/33 1250/1/33
f 1249/1/33 1250/1/33 1253/1/33
f 1250/1/33 1251/1/33 1254/1/33
f 555/1/33 1246/1/33 642/1/33
f 554/1/33 1247/1/33 1246/1/33
f 553/1/33 1248/1/33 1247/1/33
f 63/1/33 376/1/33 1248/1/33
f 376/1/33 377/1/33 1251/1/33
f 1251/1/33 377/1/33 378/1/33
f 1254/1/33 378/1/33 62/1/33
f 1253/1/33 1254/1/33 544/1/33
f 1252/1/33 1253/1/33 545/1/33
f 640/1/33 1252/1/33 546/1/33
f 641/1/33 1249/1/33 1252/1/33
f 1246/1/33 1249/1/33 641/1/33
f 1256/1/33 1259/1/33 1258/1/33
f 1257/1/33 1260/1/33 1259/1/33
f 1258/1/33 1259/1/33 1262/1/33
f 1259/1/33 1260/1/33 1263/1/33
f 558/1/33 1255/1/33 636/1/33
f 557/1/33 1256/1/33 1255/1/33
f 556/1/33 1257/1/33 1256/1/33
f 50/1/33 337/1/33 1257/1/33
f 337/1/33 338/1/33 1260/1/33
f 1260/1/33 338/1/33 339/1/33
f 1263/1/33 339/1/33 49/1/33
f 1262/1/33 1263/1/33 547/1/33
f 1261/1/33 1262/1/33 548/1/33
f 634/1/33 1261/1/33 549/1/33
f 635/1/33 1258/1/33 1261/1/33
f 1255/1/33 1258/1/33 635/1/33
f 1265/1/33 1268/1/33 1267/1/33
f 1266/1/33 1269/1/33 1268/1/33
f 1267/1/33 1268/1/33 1271/1/33
f 1268/1/33 1269/1/33 1272/1/33
f 561/1/33 1264/1/33 630/1/33
f 560/1/33 1265/1/33 1264/1/33
f 559/1/33 1266/1/33 1265/1/33
f 37/1/33 298/1/33 1266/1/33
f 298/1/33 299/1/33 1269/1/33
f 1269/1/33 299/1/33 300/1/33
f 1272/1/33 300/1/33 36/1/33
f 1271/1/33 1272/1/33 550/1/33
f 1270/1/33 1271/1/33 551/1/33
f 628/1/33 1270/1/33 552/1/33
f 629/1/33 1267/1/33 1270/1/33
f 1264/1/33 1267/1/33 629/1/33
f 1274/1/33 1277/1/33 1276/1/33
f 1275/1/33 1278/1/33 1277/1/33
f 1276/1/33 1277/1/33 1280/1/33
f 1277/1/33 1278/1/33 1281/1/33
f 564/1/33 1273/1/33 624/1/33
f 563/1/33 1274/1/33 1273/1/33
f 562/1/33 1275/1/33 1274/1/33
f 64/1/33 379/1/33 1275/1/33
f 379/1/33 380/1/33 1278/1/33
f 1278/1/33 380/1/33 381/1/33
f 1281/1/33 381/1/33 63/1/33
f 1280/1/33 1281/1/33 553/1/33
f 1279/1/33 1280/1/33 554/1/33
f 622/1/33 1279/1/33 555/1/33
f 623/1/33 1276/1/33 1279/1/33
f 1273/1/33 1276/1/33 623/1/33
f 1283/1/33 1286/1/33 1285/1/33
f 1284/1/33 1287/1/33 1286/1/33
f 1285/1/33 1286/1/33 1289/1/33
f 1286/1/33 1287/1/33 1290/1/33
f 567/1/33 1282/1/33 618/1/33
f 566/1/33 1283/1/33 1282/1/33
f 565/1/33 1284/1/33 1283/1/33
f 51/1/33 340/1/33 1284/1/33
f 340/1/33 341/1/33 1287/1/33
f 1287/1/33 341/1/33 342/1/33
f 1290/1/33 342/1/33 50/1/33
f 1289/1/33 1290/1/33 556/1/33
f 1288/1/33 1289/1/33 557/1/33
f 616/1/33 1288/1/33 558/1/33
f 617/1/33 1285/1/33 1288/1/33
f 1282/1/33 1285/1/33 617/1/33
f 1292/1/33 1295/1/33 1294/1/33
f 1293/1/33 1296/1/33 1295/1/33
f 1294/1/33 1295/1/33 1298/1/33
f 1295/1/33 1296/1/33 1299/1/33
f 570/1/33 1291/1/33 612/1/33
f 569/1/33 1292/1/33 1291/1/33
f 568/1/33 1293/1/33 1292/1/33
f 38/1/33 301/1/33 1293/1/33
f 301/1/33 302/1/33 1296/1/33
f 1296/1/33 302/1/33 303/1/33
f 1299/1/33 303/1/33 37/1/33
f 1298/1/33 1299/1/33 559/1/33
f 1297/1/33 1298/1/33 560/1/33
f 610/1/33 1297/1/33 561/1/33
f 611/1/33 1294/1/33 1297/1/33
f 1291/1/33 1294/1/33 611/1/33
f 1301/1/33 1304/1/33 1303/1/33
f 1302/1/33 1305/1/33 1304/1/33
f 1303/1/33 1304/1/33 1307/1/33
f 1304/1/33 1305/1/33 1308/1/33
f 433/1/33 1300/1/33 606/1/33
f 434/1/33 1301/1/33 1300/1/33
f 435/1/33 1302/1/33 1301/1/33
f 33/1/33 382/1/33 1302/1/33
f 382/1/33 383/1/33 1305/1/33
f 1305/1/33 383/1/33 384/1/33
f 1308/1/33 384/1/33 64/1/33
f 1307/1/33 1308/1/33 562/1/33
f 1306/1/33 1307/1/33 563/1/33
f 604/1/33 1306/1/33 564/1/33
f 605/1/33 1303/1/33 1306/1/33
f 1300/1/33 1303/1/33 605/1/33
f 1310/1/33 1313/1/33 1312/1/33
f 1311/1/33 1314/1/33 1313/1/33
f 1312/1/33 1313/1/33 1316/1/33
f 1313/1/33 1314/1/33 1317/1/33
f 573/1/33 1309/1/33 600/1/33
f 572/1/33 1310/1/33 1309/1/33
f 571/1/33 1311/1/33 1310/1/33
f 52/1/33 343/1/33 1311/1/33
f 343/1/33 344/1/33 1314/1/33
f 1314/1/33 344/1/33 345/1/33
f 1317/1/33 345/1/33 51/1/33
f 1316/1/33 1317/1/33 565/1/33
f 1315/1/33 1316/1/33 566/1/33
f 598/1/33 1315/1/33 567/1/33
f 599/1/33 1312/1/33 1315/1/33
f 1309/1/33 1312/1/33 599/1/33
f 1319/1/33 1322/1/33 1321/1/33
f 1320/1/33 1323/1/33 1322/1/33
f 1321/1/33 1322/1/33 1325/1/33
f 1322/1/33 1323/1/33 1326/1/33
f 576/1/33 1318/1/33 594/1/33
f 575/1/33 1319/1/33 1318/1/33
f 574/1/33 1320/1/33 1319/1/33
f 39/1/33 304/1/33 1320/1/33
f 304/1/33 305/1/33 1323/1/33
f 1323/1/33 305/1/33 306/1/33
f 1326/1/33 306/1/33 38/1/33
f 1325/1/33 1326/1/33 568/1/33
f 1324/1/33 1325/1/33 569/1/33
f 592/1/33 1324/1/33 570/1/33
f 593/1/33 1321/1/33 1324/1/33
f 1318/1/33 1321/1/33 593/1/33
f 1328/1/33 1331/1/33 1330/1/33
f 1329/1/33 1332/1/33 1331/1/33
f 1330/1/33 1331/1/33 1334/1/33
f 1331/1/33 1332/1/33 1335/1/33
f 385/1/33 1327/1/33 588/1/33
f 386/1/33 1328/1/33 1327/1/33
f 387/1/33 1329/1/33 1328/1/33
f 53/1/33 346/1/33 1329/1/33
f 346/1/33 347/1/33 1332/1/33
f 1332/1/33 347/1/33 348/1/33
f 1335/1/33 348/1/33 52/1/33
f 1334/1/33 1335/1/33 571/1/33
f 1333/1/33 1334/1/33 572/1/33
f 586/1/33 1333/1/33 573/1/33
f 587/1/33 1330/1/33 1333/1/33
f 1327/1/33 1330/1/33 587/1/33
f 1337/1/33 1340/1/33 1339/1/33
f 1338/1/33 1341/1/33 1340/1/33
f 1339/1/33 1340/1/33 1343/1/33
f 1340/1/33 1341/1/33 1344/1/33
f 391/1/33 1336/1/33 582/1/33
f 392/1/33 1337/1/33 1336/1/33
f 393/1/33 1338/1/33 1337/1/33
f 40/1/33 307/1/33 1338/1/33
f 307/1/33 308/1/33 1341/1/33
f 1341/1/33 308/1/33 309/1/33
f 1344/1/33 309/1/33 39/1/33
f 1343/1/33 1344/1/33 574/1/33
f 1342/1/33 1343/1/33 575/1/33
f 580/1/33 1342/1/33 576/1/33
f 581/1/33 1339/1/33 1342/1/33
f 1336/1/33 1339/1/33 581/1/33
f 1347/1/33 1345/1/33 1409/1/33
f 1349/1/33 1345/1/33 1347/1/33
f 1351/1/33 1345/1/33 1349/1/33
f 1353/1/33 1345/1/33 1351/1/33
f 1355/1/33 1345/1/33 1353/1/33
f 1357/1/33 1345/1/33 1355/1/33
f 1359/1/33 1345/1/33 1357/1/33
f 1361/1/33 1345/1/33 1359/1/33
f 1363/1/33 1345/1/33 1361/1/33
f 1365/1/33 1345/1/33 1363/1/33
f 1367/1/33 1345/1/33 1365/1/33
f 1369/1/33 1345/1/33 1367/1/33
f 1371/1/33 1345/1/33 1369/1/33
f 1373/1/33 1345/1/33 1371/1/33
f 1375/1/33 1345/1/33 1373/1/33
f 1377/1/33 1345/1/33 1375/1/33
f 1379/1/33 1345/1/33 1377/1/33
f 1381/1/33 1345/1/33 1379/1/33
f 1383/1/33 1345/1/33 1381/1/33
f 1385/1/33 1345/1/33 1383/1/33
f 1387/1/33 1345/1/33 1385/1/33
f 1389/1/33 1345/1/33 1387/1/33
f 1391/1/33 1345/1/33 1389/1/33
f 1393/1/33 1345/1/33 1391/1/33
f 1395/1/33 1345/1/33 1393/1/33
f 1397/1/33 1345/1/33 1395/1/33
f 1399/1/33 1345/1/33 1397/1/33
f 1401/1/33 1345/1/33 1399/1/33
f 1403/1/33 1345/1/33 1401/1/33
f 1405/1/33 1345/1/33 1403/1/33
f 1407/1/33 1345/1/33 1405/1/33
f 1409/1/33 1345/1/33 1407/1/33
f 294/1/33 1346/1/33 289/1/33
f 293/1/33 1347/1/33 1346/1/33
f 1346/1/33 1409/1/33 290/1/33
f 297/1/33 1348/1/33 292/1/33
f 296/1/33 1349/1/33 1348/1/33
f 1348/1/33 1347/1/33 293/1/33
f 300/1/33 1350/1/33 295/1/33
f 299/1/33 1351/1/33 1350/1/33
f 1350/1/33 1349/1/33 296/1/33
f 303/1/33 1352/1/33 298/1/33
f 302/1/33 1353/1/33 1352/1/33
f 1352/1/33 1351/1/33 299/1/33
f 306/1/33 1354/1/33 301/1/33
f 305/1/33 1355/1/33 1354/1/33
f 1354/1/33 1353/1/33 302/1/33
f 309/1/33 1356/1/33 304/1/33
f 308/1/33 1357/1/33 1356/1/33
f 1356/1/33 1355/1/33 305/1/33
f 312/1/33 1358/1/33 307/1/33
f 311/1/33 1359/1/33 1358/1/33
f 1358/1/33 1357/1/33 308/1/33
f 315/1/33 1360/1/33 310/1/33
f 314/1/33 1361/1/33 1360/1/33
f 1360/1/33 1359/1/33 311/1/33
f 318/1/33 1362/1/33 313/1/33
f 317/1/33 1363/1/33 1362/1/33
f 1362/1/33 1361/1/33 314/1/33
f 321/1/33 1364/1/33 316/1/33
f 320/1/33 1365/1/33 1364/1/33
f 1364/1/33 1363/1/33 317/1/33
f 324/1/33 1366/1/33 319/1/33
f 323/1/33 1367/1/33 1366/1/33
f 1366/1/33 1365/1/33 320/1/33
f 327/1/33 1368/1/33 322/1/33
f 326/1/33 1369/1/33 1368/1/33
f 1368/1/33 1367/1/33 323/1/33
f 330/1/33 1370/1/33 325/1/33
f 329/1/33 1371/1/33 1370/1/33
f 1370/1/33 1369/1/33 326/1/33
f 333/1/33 1372/1/33 328/1/33
f 332/1/33 1373/1/33 1372/1/33
f 1372/1/33 1371/1/33 329/1/33
f 336/1/33 1374/1/33 331/1/33
f 335/1/33 1375/1/33 1374/1/33
f 1374/1/33 1373/1/33 332/1/33
f 339/1/33 1376/1/33 334/1/33
f 338/1/33 1377/1/33 1376/1/33
f 1376/1/33 1375/1/33 335/1/33
f 342/1/33 1378/1/33 337/1/33
f 341/1/33 1379/1/33 1378/1/33
f 1378/1/33 1377/1/33 338/1/33
f 345/1/33 1380/1/33 340/1/33
f 344/1/33 1381/1/33 1380/1/33
f 1380/1/33 1379/1/33 341/1/33
f 348/1/33 1382/1/33 343/1/33
f 347/1/33 1383/1/33 1382/1/33
f 1382/1/33 1381/1/33 344/1/33
f 351/1/33 1384/1/33 346/1/33
f 350/1/33 1385/1/33 1384/1/33
f 1384/1/33 1383/1/33 347/1/33
f 354/1/33 1386/1/33 349/1/33
f 353/1/33 1387/1/33 1386/1/33
f 1386/1/33 1385/1/33 350/1/33
f 357/1/33 1388/1/33 352/1/33
f 356/1/33 1389/1/33 1388/1/33
f 1388/1/33 1387/1/33 353/1/33
f 360/1/33 1390/1/33 355/1/33
f 359/1/33 1391/1/33 1390/1/33
f 1390/1/33 1389/1/33 356/1/33
f 363/1/33 1392/1/33 358/1/33
f 362/1/33 1393/1/33 1392/1/33
f 1392/1/33 1391/1/33 359/1/33
f 366/1/33 1394/1/33 361/1/33
f 365/1/33 1395/1/33 1394/1/33
f 1394/1/33 1393/1/33 362/1/33
f 369/1/33 1396/1/33 364/1/33
f 368/1/33 1397/1/33 1396/1/33
f 1396/1/33 1395/1/33 365/1/33
f 372/1/33 1398/1/33 367/1/33
f 371/1/33 1399/1/33 1398/1/33
f 1398/1/33 1397/1/33 368/1/33
f 375/1/33 1400/1/33 370/1/33
f 374/1/33 1401/1/33 1400/1/33
f 1400/1/33 1399/1/33 371/1/33
f 378/1/33 1402/1/33 373/1/33
f 377/1/33 1403/1/33 1402/1/33
f 1402/1/33 1401/1/33 374/1/33
f 381/1/33 1404/1/33 376/1/33
f 380/1/33 1405/1/33 1404/1/33
f 1404/1/33 1403/1/33 377/1/33
f 384/1/33 1406/1/33 379/1/33
f 383/1/33 1407/1/33 1406/1/33
f 1406/1/33 1405/1/33 380/1/33
f 291/1/33 1408/1/33 382/1/33
f 290/1/33 1409/1/33 1408/1/33
f 1408/1/33 1407/1/33 383/1/33
f 1411/1/84 1414/1/85 1413/1/85
f 1412/1/84 1415/1/85 1414/1/85
f 1413/1/85 1414/1/85 1417/1/86
f 1414/1/85 1415/1/85 1418/1/86
f 487/1/8 1410/1/84 211/1/84
f 488/1/8 1411/1/84 1410/1/84
f 489/1/8 1412/1/84 1411/1/84
f 69/1/8 579/1/84 1412/1/84
f 579/1/84 578/1/85 1415/1/85
f 1415/1/85 578/1/85 577/1/86
f 1418/1/86 577/1/86 128/1/7
f 1417/1/86 1418/1/86 478/1/7
f 1416/1/86 1417/1/86 479/1/7
f 213/1/86 1416/1/86 480/1/7
f 212/1/85 1413/1/85 1416/1/86
f 1410/1/84 1413/1/85 212/1/85
f 1420/1/123 1423/1/124 1422/1/124
f 1421/1/123 1424/1/124 1423/1/124
f 1422/1/124 1423/1/124 1426/1/125
f 1423/1/124 1424/1/124 1427/1/125
f 481/1/21 1419/1/123 250/1/123
f 482/1/21 1420/1/123 1419/1/123
f 483/1/21 1421/1/123 1420/1/123
f 65/1/21 585/1/123 1421/1/123
f 585/1/123 584/1/124 1424/1/124
f 1424/1/124 584/1/124 583/1/125
f 1427/1/125 583/1/125 126/1/20
f 1426/1/125 1427/1/125 475/1/20
f 1425/1/125 1426/1/125 476/1/20
f 252/1/125 1425/1/125 477/1/20
f 251/1/124 1422/1/124 1425/1/125
f 1419/1/123 1422/1/124 251/1/124
f 1429/1/81 1432/1/82 1431/1/82
f 1430/1/81 1433/1/82 1432/1/82
f 1431/1/82 1432/1/82 1435/1/83
f 1432/1/82 1433/1/82 1436/1/83
f 480/1/7 1428/1/81 208/1/81
f 479/1/7 1429/1/81 1428/1/81
f 478/1/7 1430/1/81 1429/1/81
f 128/1/7 591/1/81 1430/1/81
f 591/1/81 590/1/82 1433/1/82
f 1433/1/82 590/1/82 589/1/83
f 1436/1/83 589/1/83 124/1/6
f 1435/1/83 1436/1/83 472/1/6
f 1434/1/83 1435/1/83 473/1/6
f 210/1/83 1434/1/83 474/1/6
f 209/1/82 1431/1/82 1434/1/83
f 1428/1/81 1431/1/82 209/1/82
f 1438/1/120 1441/1/121 1440/1/121
f 1439/1/120 1442/1/121 1441/1/121
f 1440/1/121 1441/1/121 1444/1/122
f 1441/1/121 1442/1/121 1445/1/122
f 477/1/20 1437/1/120 247/1/120
f 476/1/20 1438/1/120 1437/1/120
f 475/1/20 1439/1/120 1438/1/120
f 126/1/20 597/1/120 1439/1/120
f 597/1/120 596/1/121 1442/1/121
f 1442/1/121 596/1/121 595/1/122
f 1445/1/122 595/1/122 122/1/19
f 1444/1/122 1445/1/122 469/1/19
f 1443/1/122 1444/1/122 470/1/19
f 249/1/122 1443/1/122 471/1/19
f 248/1/121 1440/1/121 1443/1/122
f 1437/1/120 1440/1/121 248/1/121
f 1447/1/159 1450/1/160 1449/1/160
f 1448/1/159 1451/1/160 1450/1/160
f 1449/1/160 1450/1/160 1453/1/161
f 1450/1/160 1451/1/160 1454/1/161
f 529/1/1 1446/1/159 286/1/159
f 530/1/1 1447/1/159 1446/1/159
f 531/1/1 1448/1/159 1447/1/159
f 97/1/1 603/1/159 1448/1/159
f 603/1/159 602/1/160 1451/1/160
f 1451/1/160 602/1/160 601/1/161
f 1454/1/161 601/1/161 120/1/32
f 1453/1/161 1454/1/161 466/1/32
f 1452/1/161 1453/1/161 467/1/32
f 288/1/161 1452/1/161 468/1/32
f 287/1/160 1449/1/160 1452/1/161
f 1446/1/159 1449/1/160 287/1/160
f 1456/1/78 1459/1/79 1458/1/79
f 1457/1/78 1460/1/79 1459/1/79
f 1458/1/79 1459/1/79 1462/1/80
f 1459/1/79 1460/1/79 1463/1/80
f 474/1/6 1455/1/78 205/1/78
f 473/1/6 1456/1/78 1455/1/78
f 472/1/6 1457/1/78 1456/1/78
f 124/1/6 609/1/78 1457/1/78
f 609/1/78 608/1/79 1460/1/79
f 1460/1/79 608/1/79 607/1/80
f 1463/1/80 607/1/80 118/1/5
f 1462/1/80 1463/1/80 463/1/5
f 1461/1/80 1462/1/80 464/1/5
f 207/1/80 1461/1/80 465/1/5
f 206/1/79 1458/1/79 1461/1/80
f 1455/1/78 1458/1/79 206/1/79
f 1465/1/117 1468/1/118 1467/1/118
f 1466/1/117 1469/1/118 1468/1/118
f 1467/1/118 1468/1/118 1471/1/119
f 1468/1/118 1469/1/118 1472/1/119
f 471/1/19 1464/1/117 244/1/117
f 470/1/19 1465/1/117 1464/1/117
f 469/1/19 1466/1/117 1465/1/117
f 122/1/19 615/1/117 1466/1/117
f 615/1/117 614/1/118 1469/1/118
f 1469/1/118 614/1/118 613/1/119
f 1472/1/119 613/1/119 116/1/18
f 1471/1/119 1472/1/119 460/1/18
f 1470/1/119 1471/1/119 461/1/18
f 246/1/119 1470/1/119 462/1/18
f 245/1/118 1467/1/118 1470/1/119
f 1464/1/117 1467/1/118 245/1/118
f 1474/1/156 1477/1/157 1476/1/157
f 1475/1/156 1478/1/157 1477/1/157
f 1476/1/157 1477/1/157 1480/1/158
f 1477/1/157 1478/1/157 1481/1/158
f 468/1/32 1473/1/156 283/1/156
f 467/1/32 1474/1/156 1473/1/156
f 466/1/32 1475/1/156 1474/1/156
f 120/1/32 621/1/156 1475/1/156
f 621/1/156 620/1/157 1478/1/157
f 1478/1/157 620/1/157 619/1/158
f 1481/1/158 619/1/158 114/1/31
f 1480/1/158 1481/1/158 457/1/31
f 1479/1/158 1480/1/158 458/1/31
f 285/1/158 1479/1/158 459/1/31
f 284/1/157 1476/1/157 1479/1/158
f 1473/1/156 1476/1/157 284/1/157
f 1483/1/75 1486/1/76 1485/1/76
f 1484/1/75 1487/1/76 1486/1/76
f 1485/1/76 1486/1/76 1489/1/77
f 1486/1/76 1487/1/76 1490/1/77
f 465/1/5 1482/1/75 202/1/75
f 464/1/5 1483/1/75 1482/1/75
f 463/1/5 1484/1/75 1483/1/75
f 118/1/5 627/1/75 1484/1/75
f 627/1/75 626/1/76 1487/1/76
f 1487/1/76 626/1/76 625/1/77
f 1490/1/77 625/1/77 112/1/4
f 1489/1/77 1490/1/77 454/1/4
f 1488/1/77 1489/1/77 455/1/4
f 204/1/77 1488/1/77 456/1/4
f 203/1/76 1485/1/76 1488/1/77
f 1482/1/75 1485/1/76 203/1/76
f 1492/1/114 1495/1/115 1494/1/115
f 1493/1/114 1496/1/115 1495/1/115
f 1494/1/115 1495/1/115 1498/1/116
f 1495/1/115 1496/1/115 1499/1/116
f 462/1/18 1491/1/114 241/1/114
f 461/1/18 1492/1/114 1491/1/114
f 460/1/18 1493/1/114 1492/1/114
f 116/1/18 633/1/114 1493/1/114
f 633/1/114 632/1/115 1496/1/115
f 1496/1/115 632/1/115 631/1/116
f 1499/1/116 631/1/116 110/1/17
f 1498/1/116 1499/1/116 451/1/17
f 1497/1/116 1498/1/116 452/1/17
f 243/1/116 1497/1/116 453/1/17
f 242/1/115 1494/1/115 1497/1/116
f 1491/1/114 1494/1/115 242/1/115
f 1501/1/153 1504/1/154 1503/1/154
f 1502/1/153 1505/1/154 1504/1/154
f 1503/1/154 1504/1/154 1507/1/155
f 1504/1/154 1505/1/154 1508/1/155
f 459/1/31 1500/1/153 280/1/153
f 458/1/31 1501/1/153 1500/1/153
f 457/1/31 1502/1/153 1501/1/153
f 114/1/31 639/1/153 1502/1/153
f 639/1/153 638/1/154 1505/1/154
f 1505/1/154 638/1/154 637/1/155
f 1508/1/155 637/1/155 108/1/30
f 1507/1/155 1508/1/155 448/1/30
f 1506/1/155 1507/1/155 449/1/30
f 282/1/155 1506/1/155 450/1/30
f 281/1/154 1503/1/154 1506/1/155
f 1500/1/153 1503/1/154 281/1/154
f 1510/1/72 1513/1/73 1512/1/73
f 1511/1/72 1514/1/73 1513/1/73
f 1512/1/73 1513/1/73 1516/1/74
f 1513/1/73 1514/1/73 1517/1/74
f 456/1/4 1509/1/72 199/1/72
f 455/1/4 1510/1/72 1509/1/72
f 454/1/4 1511/1/72 1510/1/72
f 112/1/4 645/1/72 1511/1/72
f 645/1/72 644/1/73 1514/1/73
f 1514/1/73 644/1/73 643/1/74
f 1517/1/74 643/1/74 106/1/3
f 1516/1/74 1517/1/74 445/1/3
f 1515/1/74 1516/1/74 446/1/3
f 201/1/74 1515/1/74 447/1/3
f 200/1/73 1512/1/73 1515/1/74
f 1509/1/72 1512/1/73 200/1/73
f 1519/1/111 1522/1/112 1521/1/112
f 1520/1/111 1523/1/112 1522/1/112
f 1521/1/112 1522/1/112 1525/1/113
f 1522/1/112 1523/1/112 1526/1/113
f 453/1/17 1518/1/111 238/1/111
f 452/1/17 1519/1/111 1518/1/111
f 451/1/17 1520/1/111 1519/1/111
f 110/1/17 651/1/111 1520/1/111
f 651/1/111 650/1/112 1523/1/112
f 1523/1/112 650/1/112 649/1/113
f 1526/1/113 649/1/113 104/1/16
f 1525/1/113 1526/1/113 442/1/16
f 1524/1/113 1525/1/113 443/1/16
f 240/1/113 1524/1/113 444/1/16
f 239/1/112 1521/1/112 1524/1/113
f 1518/1/111 1521/1/112 239/1/112
f 1528/1/150 1531/1/151 1530/1/151
f 1529/1/150 1532/1/151 1531/1/151
f 1530/1/151 1531/1/151 1534/1/152
f 1531/1/151 1532/1/151 1535/1/152
f 450/1/30 1527/1/150 277/1/150
f 449/1/30 1528/1/150 1527/1/150
f 448/1/30 1529/1/150 1528/1/150
f 108/1/30 657/1/150 1529/1/150
f 657/1/150 656/1/151 1532/1/151
f 1532/1/151 656/1/151 655/1/152
f 1535/1/152 655/1/152 102/1/29
f 1534/1/152 1535/1/152 439/1/29
f 1533/1/152 1534/1/152 440/1/29
f 279/1/152 1533/1/152 441/1/29
f 278/1/151 1530/1/151 1533/1/152
f 1527/1/150 1530/1/151 278/1/151
f 1537/1/69 1540/1/70 1539/1/70
f 1538/1/69 1541/1/70 1540/1/70
f 1539/1/70 1540/1/70 1543/1/71
f 1540/1/70 1541/1/70 1544/1/71
f 447/1/3 1536/1/69 196/1/69
f 446/1/3 1537/1/69 1536/1/69
f 445/1/3 1538/1/69 1537/1/69
f 106/1/3 663/1/69 1538/1/69
f 663/1/69 662/1/70 1541/1/70
f 1541/1/70 662/1/70 661/1/71
f 1544/1/71 661/1/71 100/1/2
f 1543/1/71 1544/1/71 436/1/2
f 1542/1/71 1543/1/71 437/1/2
f 198/1/71 1542/1/71 438/1/2
f 197/1/70 1539/1/70 1542/1/71
f 1536/1/69 1539/1/70 197/1/70
f 1546/1/108 1549/1/109 1548/1/109
f 1547/1/108 1550/1/109 1549/1/109
f 1548/1/109 1549/1/109 1552/1/110
f 1549/1/109 1550/1/109 1553/1/110
f 444/1/16 1545/1/108 235/1/108
f 443/1/16 1546/1/108 1545/1/108
f 442/1/16 1547/1/108 1546/1/108
f 104/1/16 669/1/108 1547/1/108
f 669/1/108 668/1/109 1550/1/109
f 1550/1/109 668/1/109 667/1/110
f 1553/1/110 667/1/110 96/1/15
f 1552/1/110 1553/1/110 430/1/15
f 1551/1/110 1552/1/110 431/1/15
f 237/1/110 1551/1/110 432/1/15
f 236/1/109 1548/1/109 1551/1/110
f 1545/1/108 1548/1/109 236/1/109
f 1555/1/147 1558/1/148 1557/1/148
f 1556/1/147 1559/1/148 1558/1/148
f 1557/1/148 1558/1/148 1561/1/149
f 1558/1/148 1559/1/148 1562/1/149
f 441/1/29 1554/1/147 274/1/147
f 440/1/29 1555/1/147 1554/1/147
f 439/1/29 1556/1/147 1555/1/147
f 102/1/29 675/1/147 1556/1/147
f 675/1/147 674/1/148 1559/1/148
f 1559/1/148 674/1/148 673/1/149
f 1562/1/149 673/1/149 94/1/28
f 1561/1/149 1562/1/149 427/1/28
f 1560/1/149 1561/1/149 428/1/28
f 276/1/149 1560/1/149 429/1/28
f 275/1/148 1557/1/148 1560/1/149
f 1554/1/147 1557/1/148 275/1/148
f 1564/1/66 1567/1/67 1566/1/67
f 1565/1/66 1568/1/67 1567/1/67
f 1566/1/67 1567/1/67 1570/1/68
f 1567/1/67 1568/1/67 1571/1/68
f 438/1/2 1563/1/66 193/1/66
f 437/1/2 1564/1/66 1563/1/66
f 436/1/2 1565/1/66 1564/1/66
f 100/1/2 681/1/66 1565/1/66
f 681/1/66 680/1/67 1568/1/67
f 1568/1/67 680/1/67 679/1/68
f 1571/1/68 679/1/68 97/1/1
f 1570/1/68 1571/1/68 531/1/1
f 1569/1/68 1570/1/68 530/1/1
f 195/1/68 1569/1/68 529/1/1
f 194/1/67 1566/1/67 1569/1/68
f 1563/1/66 1566/1/67 194/1/67
f 1573/1/105 1576/1/106 1575/1/106
f 1574/1/105 1577/1/106 1576/1/106
f 1575/1/106 1576/1/106 1579/1/107
f 1576/1/106 1577/1/106 1580/1/107
f 432/1/15 1572/1/105 232/1/105
f 431/1/15 1573/1/105 1572/1/105
f 430/1/15 1574/1/105 1573/1/105
f 96/1/15 687/1/105 1574/1/105
f 687/1/105 686/1/106 1577/1/106
f 1577/1/106 686/1/106 685/1/107
f 1580/1/107 685/1/107 92/1/14
f 1579/1/107 1580/1/107 424/1/14
f 1578/1/107 1579/1/107 425/1/14
f 234/1/107 1578/1/107 426/1/14
f 233/1/106 1575/1/106 1578/1/107
f 1572/1/105 1575/1/106 233/1/106
f 1582/1/144 1585/1/145 1584/1/145
f 1583/1/144 1586/1/145 1585/1/145
f 1584/1/145 1585/1/145 1588/1/146
f 1585/1/145 1586/1/145 1589/1/146
f 429/1/28 1581/1/144 271/1/144
f 428/1/28 1582/1/144 1581/1/144
f 427/1/28 1583/1/144 1582/1/144
f 94/1/28 693/1/144 1583/1/144
f 693/1/144 692/1/145 1586/1/145
f 1586/1/145 692/1/145 691/1/146
f 1589/1/146 691/1/146 90/1/27
f 1588/1/146 1589/1/146 421/1/27
f 1587/1/146 1588/1/146 422/1/27
f 273/1/146 1587/1/146 423/1/27
f 272/1/145 1584/1/145 1587/1/146
f 1581/1/144 1584/1/145 272/1/145
f 1591/1/102 1594/1/103 1593/1/103
f 1592/1/102 1595/1/103 1594/1/103
f 1593/1/103 1594/1/103 1597/1/104
f 1594/1/103 1595/1/103 1598/1/104
f 426/1/14 1590/1/102 229/1/102
f 425/1/14 1591/1/102 1590/1/102
f 424/1/14 1592/1/102 1591/1/102
f 92/1/14 699/1/102 1592/1/102
f 699/1/102 698/1/103 1595/1/103
f 1595/1/103 698/1/103 697/1/104
f 1598/1/104 697/1/104 88/1/13
f 1597/1/104 1598/1/104 418/1/13
f 1596/1/104 1597/1/104 419/1/13
f 231/1/104 1596/1/104 420/1/13
f 230/1/103 1593/1/103 1596/1/104
f 1590/1/102 1593/1/103 230/1/103
f 1600/1/141 1603/1/142 1602/1/142
f 1601/1/141 1604/1/142 1603/1/142
f 1602/1/142 1603/1/142 1606/1/143
f 1603/1/142 1604/1/142 1607/1/143
f 423/1/27 1599/1/141 268/1/141
f 422/1/27 1600/1/141 1599/1/141
f 421/1/27 1601/1/141 1600/1/141
f 90/1/27 705/1/141 1601/1/141
f 705/1/141 704/1/142 1604/1/142
f 1604/1/142 704/1/142 703/1/143
f 1607/1/143 703/1/143 86/1/26
f 1606/1/143 1607/1/143 415/1/26
f 1605/1/143 1606/1/143 416/1/26
f 270/1/143 1605/1/143 417/1/26
f 269/1/142 1602/1/142 1605/1/143
f 1599/1/141 1602/1/142 269/1/142
f 1609/1/99 1612/1/100 1611/1/100
f 1610/1/99 1613/1/100 1612/1/100
f 1611/1/100 1612/1/100 1615/1/101
f 1612/1/100 1613/1/100 1616/1/101
f 420/1/13 1608/1/99 226/1/99
f 419/1/13 1609/1/99 1608/1/99
f 418/1/13 1610/1/99 1609/1/99
f 88/1/13 711/1/99 1610/1/99
f 711/1/99 710/1/100 1613/1/100
f 1613/1/100 710/1/100 709/1/101
f 1616/1/101 709/1/101 84/1/12
f 1615/1/101 1616/1/101 412/1/12
f 1614/1/101 1615/1/101 413/1/12
f 228/1/101 1614/1/101 414/1/12
f 227/1/100 1611/1/100 1614/1/101
f 1608/1/99 1611/1/100 227/1/100
f 1618/1/138 1621/1/139 1620/1/139
f 1619/1/138 1622/1/139 1621/1/139
f 1620/1/139 1621/1/139 1624/1/140
f 1621/1/139 1622/1/139 1625/1/140
f 417/1/26 1617/1/138 265/1/138
f 416/1/26 1618/1/138 1617/1/138
f 415/1/26 1619/1/138 1618/1/138
f 86/1/26 717/1/138 1619/1/138
f 717/1/138 716/1/139 1622/1/139
f 1622/1/139 716/1/139 715/1/140
f 1625/1/140 715/1/140 82/1/25
f 1624/1/140 1625/1/140 409/1/25
f 1623/1/140 1624/1/140 410/1/25
f 267/1/140 1623/1/140 411/1/25
f 266/1/139 1620/1/139 1623/1/140
f 1617/1/138 1620/1/139 266/1/139
f 1627/1/96 1630/1/97 1629/1/97
f 1628/1/96 1631/1/97 1630/1/97
f 1629/1/97 1630/1/97 1633/1/98
f 1630/1/97 1631/1/97 1634/1/98
f 414/1/12 1626/1/96 223/1/96
f 413/1/12 1627/1/96 1626/1/96
f 412/1/12 1628/1/96 1627/1/96
f 84/1/12 723/1/96 1628/1/96
f 723/1/96 722/1/97 1631/1/97
f 1631/1/97 722/1/97 721/1/98
f 1634/1/98 721/1/98 80/1/11
f 1633/1/98 1634/1/98 406/1/11
f 1632/1/98 1633/1/98 407/1/11
f 225/1/98 1632/1/98 408/1/11
f 224/1/97 1629/1/97 1632/1/98
f 1626/1/96 1629/1/97 224/1/97
f 1636/1/135 1639/1/136 1638/1/136
f 1637/1/135 1640/1/136 1639/1/136
f 1638/1/136 1639/1/136 1642/1/137
f 1639/1/136 1640/1/136 1643/1/137
f 411/1/25 1635/1/135 262/1/135
f 410/1/25 1636/1/135 1635/1/135
f 409/1/25 1637/1/135 1636/1/135
f 82/1/25 729/1/135 1637/1/135
f 729/1/135 728/1/136 1640/1/136
f 1640/1/136 728/1/136 727/1/137
f 1643/1/137 727/1/137 78/1/24
f 1642/1/137 1643/1/137 403/1/24
f 1641/1/137 1642/1/137 404/1/24
f 264/1/137 1641/1/137 405/1/24
f 263/1/136 1638/1/136 1641/1/137
f 1635/1/135 1638/1/136 263/1/136
f 1645/1/93 1648/1/94 1647/1/94
f 1646/1/93 1649/1/94 1648/1/94
f 1647/1/94 1648/1/94 1651/1/95
f 1648/1/94 1649/1/94 1652/1/95
f 408/1/11 1644/1/93 220/1/93
f 407/1/11 1645/1/93 1644/1/93
f 406/1/11 1646/1/93 1645/1/93
f 80/1/11 735/1/93 1646/1/93
f 735/1/93 734/1/94 1649/1/94
f 1649/1/94 734/1/94 733/1/95
f 1652/1/95 733/1/95 76/1/10
f 1651/1/95 1652/1/95 400/1/10
f 1650/1/95 1651/1/95 401/1/10
f 222/1/95 1650/1/95 402/1/10
f 221/1/94 1647/1/94 1650/1/95
f 1644/1/93 1647/1/94 221/1/94
f 1654/1/132 1657/1/133 1656/1/133
f 1655/1/132 1658/1/133 1657/1/133
f 1656/1/133 1657/1/133 1660/1/134
f 1657/1/133 1658/1/133 1661/1/134
f 405/1/24 1653/1/132 259/1/132
f 404/1/24 1654/1/132 1653/1/132
f 403/1/24 1655/1/132 1654/1/132
f 78/1/24 741/1/132 1655/1/132
f 741/1/132 740/1/133 1658/1/133
f 1658/1/133 740/1/133 739/1/134
f 1661/1/134 739/1/134 74/1/23
f 1660/1/134 1661/1/134 397/1/23
f 1659/1/134 1660/1/134 398/1/23
f 261/1/134 1659/1/134 399/1/23
f 260/1/133 1656/1/133 1659/1/134
f 1653/1/132 1656/1/133 260/1/133
f 1663/1/90 1666/1/91 1665/1/91
f 1664/1/90 1667/1/91 1666/1/91
f 1665/1/91 1666/1/91 1669/1/92
f 1666/1/91 1667/1/91 1670/1/92
f 402/1/10 1662/1/90 217/1/90
f 401/1/10 1663/1/90 1662/1/90
f 400/1/10 1664/1/90 1663/1/90
f 76/1/10 747/1/90 1664/1/90
f 747/1/90 746/1/91 1667/1/91
f 1667/1/91 746/1/91 745/1/92
f 1670/1/92 745/1/92 72/1/9
f 1669/1/92 1670/1/92 394/1/9
f 1668/1/92 1669/1/92 395/1/9
f 219/1/92 1668/1/92 396/1/9
f 218/1/91 1665/1/91 1668/1/92
f 1662/1/90 1665/1/91 218/1/91
f 1672/1/129 1675/1/130 1674/1/130
f 1673/1/129 1676/1/130 1675/1/130
f 1674/1/130 1675/1/130 1678/1/131
f 1675/1/130 1676/1/130 1679/1/131
f 399/1/23 1671/1/129 256/1/129
f 398/1/23 1672/1/129 1671/1/129
f 397/1/23 1673/1/129 1672/1/129
f 74/1/23 753/1/129 1673/1/129
f 753/1/129 752/1/130 1676/1/130
f 1676/1/130 752/1/130 751/1/131
f 1679/1/131 751/1/131 68/1/22
f 1678/1/131 1679/1/131 388/1/22
f 1677/1/131 1678/1/131 389/1/22
f 258/1/131 1677/1/131 390/1/22
f 257/1/130 1674/1/130 1677/1/131
f 1671/1/129 1674/1/130 257/1/130
f 1681/1/87 1684/1/88 1683/1/88
f 1682/1/87 1685/1/88 1684/1/88
f 1683/1/88 1684/1/88 1687/1/89
f 1684/1/88 1685/1/88 1688/1/89
f 396/1/9 1680/1/87 214/1/87
f 395/1/9 1681/1/87 1680/1/87
f 394/1/9 1682/1/87 1681/1/87
f 72/1/9 759/1/87 1682/1/87
f 759/1/87 758/1/88 1685/1/88
f 1685/1/88 758/1/88 757/1/89
f 1688/1/89 757/1/89 69/1/8
f 1687/1/89 1688/1/89 489/1/8
f 1686/1/89 1687/1/89 488/1/8
f 216/1/89 1686/1/89 487/1/8
f 215/1/88 1683/1/88 1686/1/89
f 1680/1/87 1683/1/88 215/1/88
f 1690/1/126 1693/1/127 1692/1/127
f 1691/1/126 1694/1/127 1693/1/127
f 1692/1/127 1693/1/127 1696/1/128
f 1693/1/127 1694/1/127 1697/1/128
f 390/1/22 1689/1/126 253/1/126
f 389/1/22 1690/1/126 1689/1/126
f 388/1/22 1691/1/126 1690/1/126
f 68/1/22 765/1/126 1691/1/126
f 765/1/126 764/1/127 1694/1/127
f 1694/1/127 764/1/127 763/1/128
f 1697/1/128 763/1/128 65/1/21
f 1696/1/128 1697/1/128 483/1/21
f 1695/1/128 1696/1/128 482/1/21
f 255/1/128 1695/1/128 481/1/21
f 254/1/127 1692/1/127 1695/1/128
f 1689/1/126 1692/1/127 254/1/127
f 1698/1/162 1699/1/162 1702/1/163
f 1699/1/162 1700/1/162 1703/1/163
f 1702/1/163 1705/1/164 1704/1/164
f 1703/1/163 1706/1/164 1705/1/164
f 192/1/65 771/1/65 1698/1/162
f 771/1/65 770/1/65 1699/1/162
f 770/1/65 769/1/65 1700/1/162
f 769/1/65 191/1/65 780/1/162
f 1700/1/162 780/1/162 779/1/163
f 779/1/163 778/1/164 1706/1/164
f 778/1/164 134/1/36 777/1/36
f 1706/1/164 777/1/36 776/1/36
f 1705/1/164 776/1/36 775/1/36
f 1704/1/164 775/1/36 133/1/36
f 1701/1/163 1704/1/164 774/1/164
f 772/1/162 1698/1/162 1701/1/163
f 1707/1/165 1708/1/165 1711/1/166
f 1708/1/165 1709/1/165 1712/1/166
f 1711/1/166 1714/1/167 1713/1/167
f 1712/1/166 1715/1/167 1714/1/167
f 190/1/64 783/1/64 1707/1/165
f 783/1/64 782/1/64 1708/1/165
f 782/1/64 781/1/64 1709/1/165
f 781/1/64 189/1/64 792/1/165
f 1709/1/165 792/1/165 791/1/166
f 791/1/166 790/1/167 1715/1/167
f 790/1/167 130/1/34 789/1/34
f 1715/1/167 789/1/34 788/1/34
f 1714/1/167 788/1/34 787/1/34
f 1713/1/167 787/1/34 129/1/34
f 1710/1/166 1713/1/167 786/1/167
f 784/1/165 1707/1/165 1710/1/166
f 1716/1/168 1717/1/168 1720/1/169
f 1717/1/168 1718/1/168 1721/1/169
f 1720/1/169 1723/1/170 1722/1/170
f 1721/1/169 1724/1/170 1723/1/170
f 188/1/63 795/1/63 1716/1/168
f 795/1/63 794/1/63 1717/1/168
f 794/1/63 793/1/63 1718/1/168
f 793/1/63 187/1/63 801/1/168
f 1718/1/168 801/1/168 800/1/169
f 800/1/169 799/1/170 1724/1/170
f 799/1/170 191/1/65 769/1/65
f 1724/1/170 769/1/65 770/1/65
f 1723/1/170 770/1/65 771/1/65
f 1722/1/170 771/1/65 192/1/65
f 1719/1/169 1722/1/170 798/1/170
f 796/1/168 1716/1/168 1719/1/169
f 1725/1/171 1726/1/171 1729/1/172
f 1726/1/171 1727/1/171 1730/1/172
f 1729/1/172 1732/1/173 1731/1/173
f 1730/1/172 1733/1/173 1732/1/173
f 186/1/62 804/1/62 1725/1/171
f 804/1/62 803/1/62 1726/1/171
f 803/1/62 802/1/62 1727/1/171
f 802/1/62 185/1/62 810/1/171
f 1727/1/171 810/1/171 809/1/172
f 809/1/172 808/1/173 1733/1/173
f 808/1/173 189/1/64 781/1/64
f 1733/1/173 781/1/64 782/1/64
f 1732/1/173 782/1/64 783/1/64
f 1731/1/173 783/1/64 190/1/64
f 1728/1/172 1731/1/173 807/1/173
f 805/1/171 1725/1/171 1728/1/172
f 1734/1/174 1735/1/174 1738/1/175
f 1735/1/174 1736/1/174 1739/1/175
f 1738/1/175 1741/1/176 1740/1/176
f 1739/1/175 1742/1/176 1741/1/176
f 184/1/61 813/1/61 1734/1/174
f 813/1/61 812/1/61 1735/1/174
f 812/1/61 811/1/61 1736/1/174
f 811/1/61 183/1/61 822/1/174
f 1736/1/174 822/1/174 821/1/175
f 821/1/175 820/1/176 1742/1/176
f 820/1/176 162/1/50 819/1/50
f 1742/1/176 819/1/50 818/1/50
f 1741/1/176 818/1/50 817/1/50
f 1740/1/176 817/1/50 161/1/50
f 1737/1/175 1740/1/176 816/1/176
f 814/1/174 1734/1/174 1737/1/175
f 1743/1/177 1744/1/177 1747/1/178
f 1744/1/177 1745/1/177 1748/1/178
f 1747/1/178 1750/1/179 1749/1/179
f 1748/1/178 1751/1/179 1750/1/179
f 182/1/60 825/1/60 1743/1/177
f 825/1/60 824/1/60 1744/1/177
f 824/1/60 823/1/60 1745/1/177
f 823/1/60 181/1/60 831/1/177
f 1745/1/177 831/1/177 830/1/178
f 830/1/178 829/1/179 1751/1/179
f 829/1/179 187/1/63 793/1/63
f 1751/1/179 793/1/63 794/1/63
f 1750/1/179 794/1/63 795/1/63
f 1749/1/179 795/1/63 188/1/63
f 1746/1/178 1749/1/179 828/1/179
f 826/1/177 1743/1/177 1746/1/178
f 1752/1/180 1753/1/180 1756/1/181
f 1753/1/180 1754/1/180 1757/1/181
f 1756/1/181 1759/1/182 1758/1/182
f 1757/1/181 1760/1/182 1759/1/182
f 180/1/59 834/1/59 1752/1/180
f 834/1/59 833/1/59 1753/1/180
f 833/1/59 832/1/59 1754/1/180
f 832/1/59 179/1/59 840/1/180
f 1754/1/180 840/1/180 839/1/181
f 839/1/181 838/1/182 1760/1/182
f 838/1/182 185/1/62 802/1/62
f 1760/1/182 802/1/62 803/1/62
f 1759/1/182 803/1/62 804/1/62
f 1758/1/182 804/1/62 186/1/62
f 1755/1/181 1758/1/182 837/1/182
f 835/1/180 1752/1/180 1755/1/181
f 1761/1/183 1762/1/183 1765/1/184
f 1762/1/183 1763/1/183 1766/1/184
f 1765/1/184 1768/1/185 1767/1/185
f 1766/1/184 1769/1/185 1768/1/185
f 178/1/58 843/1/58 1761/1/183
f 843/1/58 842/1/58 1762/1/183
f 842/1/58 841/1/58 1763/1/183
f 841/1/58 177/1/58 849/1/183
f 1763/1/183 849/1/183 848/1/184
f 848/1/184 847/1/185 1769/1/185
f 847/1/185 183/1/61 811/1/61
f 1769/1/185 811/1/61 812/1/61
f 1768/1/185 812/1/61 813/1/61
f 1767/1/185 813/1/61 184/1/61
f 1764/1/184 1767/1/185 846/1/185
f 844/1/183 1761/1/183 1764/1/184
f 1770/1/186 1771/1/186 1774/1/187
f 1771/1/186 1772/1/186 1775/1/187
f 1774/1/187 1777/1/188 1776/1/188
f 1775/1/187 1778/1/188 1777/1/188
f 176/1/57 852/1/57 1770/1/186
f 852/1/57 851/1/57 1771/1/186
f 851/1/57 850/1/57 1772/1/186
f 850/1/57 175/1/57 858/1/186
f 1772/1/186 858/1/186 857/1/187
f 857/1/187 856/1/188 1778/1/188
f 856/1/188 181/1/60 823/1/60
f 1778/1/188 823/1/60 824/1/60
f 1777/1/188 824/1/60 825/1/60
f 1776/1/188 825/1/60 182/1/60
f 1773/1/187 1776/1/188 855/1/188
f 853/1/186 1770/1/186 1773/1/187
f 1779/1/189 1780/1/189 1783/1/190
f 1780/1/189 1781/1/189 1784/1/190
f 1783/1/190 1786/1/191 1785/1/191
f 1784/1/190 1787/1/191 1786/1/191
f 174/1/56 861/1/56 1779/1/189
f 861/1/56 860/1/56 1780/1/189
f 860/1/56 859/1/56 1781/1/189
f 859/1/56 173/1/56 867/1/189
f 1781/1/189 867/1/189 866/1/190
f 866/1/190 865/1/191 1787/1/191
f 865/1/191 179/1/59 832/1/59
f 1787/1/191 832/1/59 833/1/59
f 1786/1/191 833/1/59 834/1/59
f 1785/1/191 834/1/59 180/1/59
f 1782/1/190 1785/1/191 864/1/191
f 862/1/189 1779/1/189 1782/1/190
f 1788/1/192 1789/1/192 1792/1/193
f 1789/1/192 1790/1/192 1793/1/193
f 1792/1/193 1795/1/194 1794/1/194
f 1793/1/193 1796/1/194 1795/1/194
f 172/1/55 870/1/55 1788/1/192
f 870/1/55 869/1/55 1789/1/192
f 869/1/55 868/1/55 1790/1/192
f 868/1/55 171/1/55 876/1/192
f 1790/1/192 876/1/192 875/1/193
f 875/1/193 874/1/194 1796/1/194
f 874/1/194 177/1/58 841/1/58
f 1796/1/194 841/1/58 842/1/58
f 1795/1/194 842/1/58 843/1/58
f 1794/1/194 843/1/58 178/1/58
f 1791/1/193 1794/1/194 873/1/194
f 871/1/192 1788/1/192 1791/1/193
f 1797/1/195 1798/1/195 1801/1/196
f 1798/1/195 1799/1/195 1802/1/196
f 1801/1/196 1804/1/197 1803/1/197
f 1802/1/196 1805/1/197 1804/1/197
f 170/1/54 879/1/54 1797/1/195
f 879/1/54 878/1/54 1798/1/195
f 878/1/54 877/1/54 1799/1/195
f 877/1/54 169/1/54 885/1/195
f 1799/1/195 885/1/195 884/1/196
f 884/1/196 883/1/197 1805/1/197
f 883/1/197 175/1/57 850/1/57
f 1805/1/197 850/1/57 851/1/57
f 1804/1/197 851/1/57 852/1/57
f 1803/1/197 852/1/57 176/1/57
f 1800/1/196 1803/1/197 882/1/197
f 880/1/195 1797/1/195 1800/1/196
f 1806/1/198 1807/1/198 1810/1/199
f 1807/1/198 1808/1/198 1811/1/199
f 1810/1/199 1813/1/200 1812/1/200
f 1811/1/199 1814/1/200 1813/1/200
f 168/1/53 888/1/53 1806/1/198
f 888/1/53 887/1/53 1807/1/198
f 887/1/53 886/1/53 1808/1/198
f 886/1/53 167/1/53 894/1/198
f 1808/1/198 894/1/198 893/1/199
f 893/1/199 892/1/200 1814/1/200
f 892/1/200 173/1/56 859/1/56
f 1814/1/200 859/1/56 860/1/56
f 1813/1/200 860/1/56 861/1/56
f 1812/1/200 861/1/56 174/1/56
f 1809/1/199 1812/1/200 891/1/200
f 889/1/198 1806/1/198 1809/1/199
f 1815/1/201 1816/1/201 1819/1/202
f 1816/1/201 1817/1/201 1820/1/202
f 1819/1/202 1822/1/203 1821/1/203
f 1820/1/202 1823/1/203 1822/1/203
f 166/1/52 897/1/52 1815/1/201
f 897/1/52 896/1/52 1816/1/201
f 896/1/52 895/1/52 1817/1/201
f 895/1/52 165/1/52 903/1/201
f 1817/1/201 903/1/201 902/1/202
f 902/1/202 901/1/203 1823/1/203
f 901/1/203 171/1/55 868/1/55
f 1823/1/203 868/1/55 869/1/55
f 1822/1/203 869/1/55 870/1/55
f 1821/1/203 870/1/55 172/1/55
f 1818/1/202 1821/1/203 900/1/203
f 898/1/201 1815/1/201 1818/1/202
f 1824/1/204 1825/1/204 1828/1/205
f 1825/1/204 1826/1/204 1829/1/205
f 1828/1/205 1831/1/206 1830/1/206
f 1829/1/205 1832/1/206 1831/1/206
f 164/1/51 906/1/51 1824/1/204
f 906/1/51 905/1/51 1825/1/204
f 905/1/51 904/1/51 1826/1/204
f 904/1/51 163/1/51 912/1/204
f 1826/1/204 912/1/204 911/1/205
f 911/1/205 910/1/206 1832/1/206
f 910/1/206 169/1/54 877/1/54
f 1832/1/206 877/1/54 878/1/54
f 1831/1/206 878/1/54 879/1/54
f 1830/1/206 879/1/54 170/1/54
f 1827/1/205 1830/1/206 909/1/206
f 907/1/204 1824/1/204 1827/1/205
f 1833/1/207 1834/1/207 1837/1/208
f 1834/1/207 1835/1/207 1838/1/208
f 1837/1/208 1840/1/209 1839/1/209
f 1838/1/208 1841/1/209 1840/1/209
f 160/1/49 915/1/49 1833/1/207
f 915/1/49 914/1/49 1834/1/207
f 914/1/49 913/1/49 1835/1/207
f 913/1/49 159/1/49 921/1/207
f 1835/1/207 921/1/207 920/1/208
f 920/1/208 919/1/209 1841/1/209
f 919/1/209 167/1/53 886/1/53
f 1841/1/209 886/1/53 887/1/53
f 1840/1/209 887/1/53 888/1/53
f 1839/1/209 888/1/53 168/1/53
f 1836/1/208 1839/1/209 918/1/209
f 916/1/207 1833/1/207 1836/1/208
f 1842/1/210 1843/1/210 1846/1/211
f 1843/1/210 1844/1/210 1847/1/211
f 1846/1/211 1849/1/212 1848/1/212
f 1847/1/211 1850/1/212 1849/1/212
f 158/1/48 924/1/48 1842/1/210
f 924/1/48 923/1/48 1843/1/210
f 923/1/48 922/1/48 1844/1/210
f 922/1/48 157/1/48 930/1/210
f 1844/1/210 930/1/210 929/1/211
f 929/1/211 928/1/212 1850/1/212
f 928/1/212 165/1/52 895/1/52
f 1850/1/212 895/1/52 896/1/52
f 1849/1/212 896/1/52 897/1/52
f 1848/1/212 897/1/52 166/1/52
f 1845/1/211 1848/1/212 927/1/212
f 925/1/210 1842/1/210 1845/1/211
f 1851/1/213 1852/1/213 1855/1/214
f 1852/1/213 1853/1/213 1856/1/214
f 1855/1/214 1858/1/215 1857/1/215
f 1856/1/214 1859/1/215 1858/1/215
f 161/1/50 817/1/50 1851/1/213
f 817/1/50 818/1/50 1852/1/213
f 818/1/50 819/1/50 1853/1/213
f 819/1/50 162/1/50 936/1/213
f 1853/1/213 936/1/213 935/1/214
f 935/1/214 934/1/215 1859/1/215
f 934/1/215 163/1/51 904/1/51
f 1859/1/215 904/1/51 905/1/51
f 1858/1/215 905/1/51 906/1/51
f 1857/1/215 906/1/51 164/1/51
f 1854/1/214 1857/1/215 933/1/215
f 931/1/213 1851/1/213 1854/1/214
f 1860/1/216 1861/1/216 1864/1/217
f 1861/1/216 1862/1/216 1865/1/217
f 1864/1/217 1867/1/218 1866/1/218
f 1865/1/217 1868/1/218 1867/1/218
f 156/1/47 939/1/47 1860/1/216
f 939/1/47 938/1/47 1861/1/216
f 938/1/47 937/1/47 1862/1/216
f 937/1/47 155/1/47 945/1/216
f 1862/1/216 945/1/216 944/1/217
f 944/1/217 943/1/218 1868/1/218
f 943/1/218 159/1/49 913/1/49
f 1868/1/218 913/1/49 914/1/49
f 1867/1/218 914/1/49 915/1/49
f 1866/1/218 915/1/49 160/1/49
f 1863/1/217 1866/1/218 942/1/218
f 940/1/216 1860/1/216 1863/1/217
f 1869/1/219 1870/1/219 1873/1/220
f 1870/1/219 1871/1/219 1874/1/220
f 1873/1/220 1876/1/221 1875/1/221
f 1874/1/220 1877/1/221 1876/1/221
f 154/1/46 948/1/46 1869/1/219
f 948/1/46 947/1/46 1870/1/219
f 947/1/46 946/1/46 1871/1/219
f 946/1/46 153/1/46 954/1/219
f 1871/1/219 954/1/219 953/1/220
f 953/1/220 952/1/221 1877/1/221
f 952/1/221 157/1/48 922/1/48
f 1877/1/221 922/1/48 923/1/48
f 1876/1/221 923/1/48 924/1/48
f 1875/1/221 924/1/48 158/1/48
f 1872/1/220 1875/1/221 951/1/221
f 949/1/219 1869/1/219 1872/1/220
f 1878/1/222 1879/1/222 1882/1/223
f 1879/1/222 1880/1/222 1883/1/223
f 1882/1/223 1885/1/224 1884/1/224
f 1883/1/223 1886/1/224 1885/1/224
f 152/1/45 957/1/45 1878/1/222
f 957/1/45 956/1/45 1879/1/222
f 956/1/45 955/1/45 1880/1/222
f 955/1/45 151/1/45 963/1/222
f 1880/1/222 963/1/222 962/1/223
f 962/1/223 961/1/224 1886/1/224
f 961/1/224 155/1/47 937/1/47
f 1886/1/224 937/1/47 938/1/47
f 1885/1/224 938/1/47 939/1/47
f 1884/1/224 939/1/47 156/1/47
f 1881/1/223 1884/1/224 960/1/224
f 958/1/222 1878/1/222 1881/1/223
f 1887/1/225 1888/1/225 1891/1/226
f 1888/1/225 1889/1/225 1892/1/226
f 1891/1/226 1894/1/227 1893/1/227
f 1892/1/226 1895/1/227 1894/1/227
f 150/1/44 966/1/44 1887/1/225
f 966/1/44 965/1/44 1888/1/225
f 965/1/44 964/1/44 1889/1/225
f 964/1/44 149/1/44 972/1/225
f 1889/1/225 972/1/225 971/1/226
f 971/1/226 970/1/227 1895/1/227
f 970/1/227 153/1/46 946/1/46
f 1895/1/227 946/1/46 947/1/46
f 1894/1/227 947/1/46 948/1/46
f 1893/1/227 948/1/46 154/1/46
f 1890/1/226 1893/1/227 969/1/227
f 967/1/225 1887/1/225 1890/1/226
f 1896/1/228 1897/1/228 1900/1/229
f 1897/1/228 1898/1/228 1901/1/229
f 1900/1/229 1903/1/230 1902/1/230
f 1901/1/229 1904/1/230 1903/1/230
f 148/1/43 975/1/43 1896/1/228
f 975/1/43 974/1/43 1897/1/228
f 974/1/43 973/1/43 1898/1/228
f 973/1/43 147/1/43 981/1/228
f 1898/1/228 981/1/228 980/1/229
f 980/1/229 979/1/230 1904/1/230
f 979/1/230 151/1/45 955/1/45
f 1904/1/230 955/1/45 956/1/45
f 1903/1/230 956/1/45 957/1/45
f 1902/1/230 957/1/45 152/1/45
f 1899/1/229 1902/1/230 978/1/230
f 976/1/228 1896/1/228 1899/1/229
f 1905/1/231 1906/1/231 1909/1/232
f 1906/1/231 1907/1/231 1910/1/232
f 1909/1/232 1912/1/233 1911/1/233
f 1910/1/232 1913/1/233 1912/1/233
f 146/1/42 984/1/42 1905/1/231
f 984/1/42 983/1/42 1906/1/231
f 983/1/42 982/1/42 1907/1/231
f 982/1/42 145/1/42 990/1/231
f 1907/1/231 990/1/231 989/1/232
f 989/1/232 988/1/233 1913/1/233
f 988/1/233 149/1/44 964/1/44
f 1913/1/233 964/1/44 965/1/44
f 1912/1/233 965/1/44 966/1/44
f 1911/1/233 966/1/44 150/1/44
f 1908/1/232 1911/1/233 987/1/233
f 985/1/231 1905/1/231 1908/1/232
f 1914/1/234 1915/1/234 1918/1/235
f 1915/1/234 1916/1/234 1919/1/235
f 1918/1/235 1921/1/236 1920/1/236
f 1919/1/235 1922/1/236 1921/1/236
f 144/1/41 993/1/41 1914/1/234
f 993/1/41 992/1/41 1915/1/234
f 992/1/41 991/1/41 1916/1/234
f 991/1/41 143/1/41 999/1/234
f 1916/1/234 999/1/234 998/1/235
f 998/1/235 997/1/236 1922/1/236
f 997/1/236 147/1/43 973/1/43
f 1922/1/236 973/1/43 974/1/43
f 1921/1/236 974/1/43 975/1/43
f 1920/1/236 975/1/43 148/1/43
f 1917/1/235 1920/1/236 996/1/236
f 994/1/234 1914/1/234 1917/1/235
f 1923/1/237 1924/1/237 1927/1/238
f 1924/1/237 1925/1/237 1928/1/238
f 1927/1/238 1930/1/239 1929/1/239
f 1928/1/238 1931/1/239 1930/1/239
f 142/1/40 1002/1/40 1923/1/237
f 1002/1/40 1001/1/40 1924/1/237
f 1001/1/40 1000/1/40 1925/1/237
f 1000/1/40 141/1/40 1008/1/237
f 1925/1/237 1008/1/237 1007/1/238
f 1007/1/238 1006/1/239 1931/1/239
f 1006/1/239 145/1/42 982/1/42
f 1931/1/239 982/1/42 983/1/42
f 1930/1/239 983/1/42 984/1/42
f 1929/1/239 984/1/42 146/1/42
f 1926/1/238 1929/1/239 1005/1/239
f 1003/1/237 1923/1/237 1926/1/238
f 1932/1/240 1933/1/240 1936/1/241
f 1933/1/240 1934/1/240 1937/1/241
f 1936/1/241 1939/1/242 1938/1/242
f 1937/1/241 1940/1/242 1939/1/242
f 140/1/39 1011/1/39 1932/1/240
f 1011/1/39 1010/1/39 1933/1/240
f 1010/1/39 1009/1/39 1934/1/240
f 1009/1/39 139/1/39 1017/1/240
f 1934/1/240 1017/1/240 1016/1/241
f 1016/1/241 1015/1/242 1940/1/242
f 1015/1/242 143/1/41 991/1/41
f 1940/1/242 991/1/41 992/1/41
f 1939/1/242 992/1/41 993/1/41
f 1938/1/242 993/1/41 144/1/41
f 1935/1/241 1938/1/242 1014/1/242
f 1012/1/240 1932/1/240 1935/1/241
f 1941/1/243 1942/1/243 1945/1/244
f 1942/1/243 1943/1/243 1946/1/244
f 1945/1/244 1948/1/245 1947/1/245
f 1946/1/244 1949/1/245 1948/1/245
f 138/1/38 1020/1/38 1941/1/243
f 1020/1/38 1019/1/38 1942/1/243
f 1019/1/38 1018/1/38 1943/1/243
f 1018/1/38 137/1/38 1026/1/243
f 1943/1/243 1026/1/243 1025/1/244
f 1025/1/244 1024/1/245 1949/1/245
f 1024/1/245 141/1/40 1000/1/40
f 1949/1/245 1000/1/40 1001/1/40
f 1948/1/245 1001/1/40 1002/1/40
f 1947/1/245 1002/1/40 142/1/40
f 1944/1/244 1947/1/245 1023/1/245
f 1021/1/243 1941/1/243 1944/1/244
f 1950/1/246 1951/1/246 1954/1/247
f 1951/1/246 1952/1/246 1955/1/247
f 1954/1/247 1957/1/248 1956/1/248
f 1955/1/247 1958/1/248 1957/1/248
f 136/1/37 1029/1/37 1950/1/246
f 1029/1/37 1028/1/37 1951/1/246
f 1028/1/37 1027/1/37 1952/1/246
f 1027/1/37 135/1/37 1035/1/246
f 1952/1/246 1035/1/246 1034/1/247
f 1034/1/247 1033/1/248 1958/1/248
f 1033/1/248 139/1/39 1009/1/39
f 1958/1/248 1009/1/39 1010/1/39
f 1957/1/248 1010/1/39 1011/1/39
f 1956/1/248 1011/1/39 140/1/39
f 1953/1/247 1956/1/248 1032/1/248
f 1030/1/246 1950/1/246 1953/1/247
f 1959/1/249 1960/1/249 1963/1/250
f 1960/1/249 1961/1/249 1964/1/250
f 1963/1/250 1966/1/251 1965/1/251
f 1964/1/250 1967/1/251 1966/1/251
f 132/1/35 1038/1/35 1959/1/249
f 1038/1/35 1037/1/35 1960/1/249
f 1037/1/35 1036/1/35 1961/1/249
f 1036/1/35 131/1/35 1044/1/249
f 1961/1/249 1044/1/249 1043/1/250
f 1043/1/250 1042/1/251 1967/1/251
f 1042/1/251 137/1/38 1018/1/38
f 1967/1/251 1018/1/38 1019/1/38
f 1966/1/251 1019/1/38 1020/1/38
f 1965/1/251 1020/1/38 138/1/38
f 1962/1/250 1965/1/251 1041/1/251
f 1039/1/249 1959/1/249 1962/1/250
f 1968/1/252 1969/1/252 1972/1/253
f 1969/1/252 1970/1/252 1973/1/253
f 1972/1/253 1975/1/254 1974/1/254
f 1973/1/253 1976/1/254 1975/1/254
f 133/1/36 775/1/36 1968/1/252
f 775/1/36 776/1/36 1969/1/252
f 776/1/36 777/1/36 1970/1/252
f 777/1/36 134/1/36 1050/1/252
f 1970/1/252 1050/1/252 1049/1/253
f 1049/1/253 1048/1/254 1976/1/254
f 1048/1/254 135/1/37 1027/1/37
f 1976/1/254 1027/1/37 1028/1/37
f 1975/1/254 1028/1/37 1029/1/37
f 1974/1/254 1029/1/37 136/1/37
f 1971/1/253 1974/1/254 1047/1/254
f 1045/1/252 1968/1/252 1971/1/253
f 1977/1/255 1978/1/255 1981/1/256
f 1978/1/255 1979/1/255 1982/1/256
f 1981/1/256 1984/1/257 1983/1/257
f 1982/1/256 1985/1/257 1984/1/257
f 129/1/34 787/1/34 1977/1/255
f 787/1/34 788/1/34 1978/1/255
f 788/1/34 789/1/34 1979/1/255
f 789/1/34 130/1/34 1056/1/255
f 1979/1/255 1056/1/255 1055/1/256
f 1055/1/256 1054/1/257 1985/1/257
f 1054/1/257 131/1/35 1036/1/35
f 1985/1/257 1036/1/35 1037/1/35
f 1984/1/257 1037/1/35 1038/1/35
f 1983/1/257 1038/1/35 132/1/35
f 1980/1/256 1983/1/257 1053/1/257
f 1051/1/255 1977/1/255 1980/1/256
