# Blender 5.0.1
# www.blender.org
o Floor_Lamp_Harp_Saddle
v -3.130968 2.275702 0.693282
v -3.130154 2.278958 0.695186
v -3.133215 2.278785 0.701757
v -3.133902 2.275702 0.702821
v -3.133323 2.272619 0.701838
v -3.129499 2.272447 0.696217
v -3.146049 2.275702 0.693423
v -3.145823 2.278785 0.694606
v -3.144911 2.278785 0.699371
v -3.144690 2.275702 0.700524
v -3.144911 2.272619 0.699371
v -3.145823 2.272619 0.694606
v -3.120372 2.275702 0.726715
v -3.121486 2.278785 0.726159
v -3.125977 2.278785 0.723919
v -3.127064 2.275702 0.723377
v -3.125977 2.272619 0.723919
v -3.121486 2.272619 0.726159
v -3.116529 2.275702 0.709805
v -3.118233 2.278958 0.709206
v -3.125377 2.278785 0.710209
v -3.126606 2.275702 0.710689
v -3.125485 2.272619 0.710290
v -3.119043 2.272447 0.708292
v -3.105374 2.275702 0.699282
v -3.101750 2.280136 0.696560
v -3.115535 2.275702 0.685787
v -3.116082 2.272928 0.688178
v -3.107823 2.272928 0.699147
v -3.111916 2.280136 0.683057
v -3.108757 2.279930 0.702587
v -3.119646 2.279930 0.688125
v -3.119998 2.272619 0.691787
v -3.112374 2.272619 0.701913
v -3.121734 2.275702 0.689133
v -3.110303 2.275702 0.704315
v -3.098590 2.286478 0.694712
v -3.093468 2.286478 0.690327
v -3.103637 2.286478 0.676821
v -3.109267 2.286478 0.680531
v -3.096082 2.322671 0.692394
v -3.092171 2.322826 0.687877
v -3.100910 2.322826 0.676270
v -3.100010 2.294424 0.680542
v -3.091835 2.294424 0.682485
v -3.098339 2.294424 0.691151
v -3.106341 2.322671 0.678768
v -3.105771 2.294424 0.681280
v -3.107184 2.294424 0.678963
v -3.095649 2.294424 0.677420
v -3.123887 2.279402 0.698283
v -3.119692 2.279402 0.703854
v -3.107897 2.281757 0.693743
v -3.110908 2.281757 0.689743
v -3.096018 2.294424 0.685845
v -3.091482 2.294424 0.688831
v -3.100581 2.286495 0.692821
v -3.102713 2.286562 0.682597
v -3.096508 2.294424 0.693144
v -3.101650 2.294424 0.675326
v -3.097221 2.322671 0.690727
v -3.098883 2.322826 0.679003
v -3.095649 2.316281 0.677420
v -3.091835 2.316281 0.682485
v -3.094945 2.316281 0.685125
v -3.098994 2.316281 0.679748
v -3.098121 2.316281 0.691012
v -3.105571 2.316281 0.681117
v -3.094181 2.322826 0.685248
v -3.111826 2.280435 0.699461
v -3.117491 2.280435 0.691938
v -3.108000 2.286495 0.682968
v -3.105037 2.322671 0.680345
v -3.098760 2.286562 0.687847
v -3.096508 2.316281 0.693144
v -3.091482 2.316281 0.688831
v -3.101650 2.316281 0.675326
v -3.107184 2.316281 0.678963
v -3.110398 2.275702 0.688527
v -3.106588 2.275702 0.693588
v -3.112089 2.272928 0.690460
v -3.108913 2.272928 0.694679
v -3.106374 2.280136 0.685496
v -3.102562 2.280136 0.690559
v -3.097713 2.286478 0.678975
v -3.093900 2.286478 0.684039
v -3.095566 2.322671 0.678026
v -3.092388 2.322671 0.682246
v -3.123037 2.275702 0.730722
v -3.127942 2.278785 0.726874
v -3.124012 2.278785 0.729957
v -3.127942 2.272619 0.726874
v -3.124012 2.272619 0.729957
v -3.128893 2.275702 0.726128
v -3.125862 2.275702 0.716430
v -3.119828 2.278785 0.716568
v -3.118622 2.275702 0.716595
v -3.124686 2.278785 0.716457
v -3.119828 2.272619 0.716568
v -3.124686 2.272619 0.716457
v -3.166584 2.275702 0.720096
v -3.164979 2.278958 0.721406
v -3.157818 2.278785 0.720280
v -3.156606 2.275702 0.719914
v -3.157710 2.272619 0.720199
v -3.164170 2.272447 0.722320
v -3.162279 2.275702 0.705642
v -3.161205 2.278785 0.706187
v -3.156878 2.278785 0.708381
v -3.155831 2.275702 0.708911
v -3.156878 2.272619 0.708381
v -3.161205 2.272619 0.706187
v -3.137383 2.275702 0.739523
v -3.137609 2.278785 0.738298
v -3.138520 2.278785 0.733363
v -3.138741 2.275702 0.732169
v -3.138520 2.272619 0.733363
v -3.137609 2.272619 0.738298
v -3.154697 2.275702 0.738541
v -3.154801 2.278958 0.736737
v -3.151862 2.278785 0.730149
v -3.151061 2.275702 0.729101
v -3.151755 2.272619 0.730068
v -3.155455 2.272447 0.735707
v -3.167893 2.275702 0.746351
v -3.171361 2.280136 0.748968
v -3.178053 2.275702 0.732856
v -3.175605 2.272928 0.732992
v -3.167346 2.272928 0.743961
v -3.181527 2.280136 0.735466
v -3.163674 2.279930 0.743932
v -3.174562 2.279930 0.729470
v -3.171054 2.272619 0.730226
v -3.163430 2.272619 0.740352
v -3.173124 2.275702 0.727824
v -3.161694 2.275702 0.743006
v -3.173407 2.286478 0.751040
v -3.179037 2.286478 0.754750
v -3.189205 2.286478 0.741244
v -3.184084 2.286478 0.736859
v -3.176177 2.322671 0.752696
v -3.181599 2.322826 0.755206
v -3.190338 2.322826 0.743599
v -3.186481 2.294424 0.745644
v -3.186874 2.294424 0.754038
v -3.176747 2.294424 0.750184
v -3.186436 2.322671 0.739070
v -3.184179 2.294424 0.740313
v -3.186016 2.294424 0.738314
v -3.190687 2.294424 0.748973
v -3.163735 2.279402 0.728285
v -3.159541 2.279402 0.733856
v -3.172293 2.281757 0.742225
v -3.175305 2.281757 0.738226
v -3.182489 2.294424 0.750948
v -3.180873 2.294424 0.756132
v -3.174673 2.286495 0.748604
v -3.183910 2.286562 0.743729
v -3.175339 2.294424 0.752495
v -3.191041 2.294424 0.742626
v -3.177464 2.322671 0.751141
v -3.188272 2.322826 0.746302
v -3.190687 2.316281 0.748973
v -3.186874 2.316281 0.754038
v -3.183477 2.316281 0.751779
v -3.187525 2.316281 0.746401
v -3.176941 2.316281 0.750355
v -3.184391 2.316281 0.740459
v -3.183570 2.322826 0.752548
v -3.165829 2.280435 0.740119
v -3.171493 2.280435 0.732596
v -3.182092 2.286495 0.738751
v -3.185281 2.322671 0.740759
v -3.179957 2.286562 0.748979
v -3.175339 2.316281 0.752495
v -3.180873 2.316281 0.756132
v -3.191041 2.316281 0.742626
v -3.186016 2.316281 0.738314
v -3.176840 2.275702 0.738551
v -3.173030 2.275702 0.743611
v -3.174515 2.272928 0.737459
v -3.171338 2.272928 0.741678
v -3.180715 2.280136 0.741466
v -3.176903 2.280136 0.746529
v -3.188773 2.286478 0.747532
v -3.184960 2.286478 0.752597
v -3.190128 2.322671 0.749220
v -3.186951 2.322671 0.753440
v -3.127917 2.275702 0.734395
v -3.131540 2.278785 0.729582
v -3.151888 2.272619 0.702556
v -3.128637 2.278785 0.733438
v -3.154791 2.278785 0.698700
v -3.154791 2.272619 0.698700
v -3.131540 2.272619 0.729582
v -3.155511 2.275702 0.697743
v -3.128637 2.272619 0.733438
v -3.151888 2.278785 0.702556
v -3.132243 2.275702 0.728649
v -3.151185 2.275702 0.703489
v -3.132796 2.275702 0.738069
v -3.135138 2.278785 0.732291
v -3.133262 2.278785 0.736920
v -3.135138 2.272619 0.732291
v -3.133262 2.272619 0.736920
v -3.135592 2.275702 0.731171
v -3.145749 2.275702 0.731403
v -3.147286 2.278785 0.737240
v -3.147593 2.275702 0.738407
v -3.146049 2.278785 0.732540
v -3.147286 2.272619 0.737240
v -3.146049 2.272619 0.732540
v -3.122182 2.275702 0.730047
v -3.121484 2.275702 0.729302
v -3.120896 2.275702 0.728266
v -3.125679 2.275702 0.714956
v -3.125662 2.275702 0.713635
v -3.125932 2.275702 0.712276
v -3.133618 2.278217 0.702382
v -3.133822 2.277475 0.702697
v -3.133893 2.276618 0.702808
v -3.134565 2.275702 0.693449
v -3.138511 2.275702 0.693354
v -3.142456 2.275702 0.693258
v -3.127312 2.278785 0.726376
v -3.126797 2.278785 0.725827
v -3.126363 2.278785 0.725063
v -3.116548 2.276620 0.709799
v -3.116691 2.277493 0.709762
v -3.117111 2.278280 0.709643
v -3.134471 2.278849 0.694977
v -3.138543 2.278804 0.694646
v -3.142400 2.278788 0.694462
v -3.133895 2.274787 0.702809
v -3.133835 2.273930 0.702707
v -3.133664 2.273188 0.702416
v -3.106212 2.280060 0.701016
v -3.104267 2.280114 0.699553
v -3.102749 2.280133 0.698069
v -3.119536 2.278788 0.714544
v -3.119249 2.278804 0.712800
v -3.118888 2.278849 0.711136
v -3.123202 2.278785 0.729317
v -3.122540 2.278785 0.728611
v -3.121983 2.278785 0.727629
v -3.130947 2.274785 0.693319
v -3.130805 2.273911 0.693588
v -3.130411 2.273125 0.694349
v -3.144693 2.274787 0.700510
v -3.144715 2.273930 0.700390
v -3.144781 2.273188 0.700049
v -3.132764 2.272269 0.700901
v -3.131978 2.272125 0.699646
v -3.130952 2.272171 0.698128
v -3.126045 2.272168 0.699058
v -3.123313 2.272094 0.702078
v -3.120976 2.272168 0.705173
v -3.136200 2.278785 0.700441
v -3.139280 2.278785 0.699631
v -3.142252 2.278785 0.699288
v -3.127312 2.272619 0.726376
v -3.126797 2.272619 0.725827
v -3.126363 2.272619 0.725063
v -3.131474 2.275702 0.704580
v -3.129414 2.275702 0.706637
v -3.127774 2.275702 0.708753
v -3.136245 2.272619 0.700475
v -3.139294 2.272619 0.699641
v -3.142254 2.272619 0.699289
v -3.130519 2.278785 0.703581
v -3.128260 2.278785 0.705756
v -3.126545 2.278785 0.708064
v -3.118305 2.275702 0.714472
v -3.117934 2.275702 0.712720
v -3.117383 2.275702 0.711208
v -3.126099 2.278217 0.710491
v -3.126462 2.277475 0.710633
v -3.126590 2.276618 0.710683
v -3.134283 2.272555 0.695302
v -3.138493 2.272601 0.694736
v -3.142394 2.272617 0.694474
v -3.131231 2.279233 0.697371
v -3.131894 2.279279 0.699258
v -3.132589 2.279136 0.700728
v -3.146046 2.276618 0.693440
v -3.146022 2.277475 0.693567
v -3.145954 2.278217 0.693918
v -3.116560 2.274785 0.709784
v -3.116788 2.273911 0.709642
v -3.117439 2.273125 0.709245
v -3.120388 2.276618 0.726707
v -3.120508 2.277475 0.726647
v -3.120838 2.278217 0.726483
v -3.124488 2.278785 0.714872
v -3.124458 2.278785 0.713444
v -3.124716 2.278785 0.711961
v -3.123202 2.272619 0.729317
v -3.122540 2.272619 0.728611
v -3.121983 2.272619 0.727629
v -3.144781 2.278217 0.700049
v -3.144715 2.277475 0.700390
v -3.144693 2.276618 0.700510
v -3.119545 2.272617 0.714534
v -3.119321 2.272601 0.712727
v -3.119148 2.272555 0.710865
v -3.145616 2.279132 0.695687
v -3.145366 2.279248 0.696992
v -3.145117 2.279132 0.698295
v -3.120388 2.274787 0.726707
v -3.120508 2.273930 0.726647
v -3.120838 2.273188 0.726483
v -3.127050 2.274787 0.723384
v -3.126938 2.273930 0.723440
v -3.126616 2.273188 0.723600
v -3.136623 2.275702 0.701552
v -3.139461 2.275702 0.700776
v -3.142216 2.275702 0.700448
v -3.124416 2.272269 0.709914
v -3.122982 2.272125 0.709433
v -3.121244 2.272171 0.708896
v -3.146046 2.274787 0.693440
v -3.146022 2.273930 0.693567
v -3.145954 2.273188 0.693918
v -3.130714 2.272619 0.703728
v -3.128502 2.272619 0.705938
v -3.126740 2.272619 0.708211
v -3.119654 2.279396 0.704775
v -3.119428 2.279356 0.706008
v -3.118887 2.279243 0.707470
v -3.126592 2.274787 0.710684
v -3.126476 2.273930 0.710643
v -3.126144 2.273188 0.710525
v -3.126616 2.278217 0.723600
v -3.126938 2.277475 0.723440
v -3.127050 2.276618 0.723384
v -3.145117 2.272272 0.698295
v -3.145366 2.272157 0.696992
v -3.145616 2.272272 0.695687
v -3.124489 2.272619 0.714873
v -3.124472 2.272619 0.713454
v -3.124761 2.272619 0.711995
v -3.122505 2.279132 0.725651
v -3.123735 2.279248 0.725038
v -3.124963 2.279132 0.724425
v -3.130958 2.276620 0.693304
v -3.130893 2.277493 0.693461
v -3.130703 2.278280 0.693925
v -3.128306 2.275702 0.725664
v -3.127827 2.275702 0.725153
v -3.127423 2.275702 0.724442
v -3.124963 2.272272 0.724425
v -3.123735 2.272157 0.725038
v -3.122505 2.272272 0.725651
v -3.120594 2.279233 0.709373
v -3.122586 2.279279 0.709460
v -3.124202 2.279136 0.709793
v -3.104870 2.276639 0.698903
v -3.104198 2.277644 0.698399
v -3.103208 2.278787 0.697655
v -3.105876 2.275702 0.695014
v -3.105363 2.275702 0.696465
v -3.105159 2.275702 0.697902
v -3.115975 2.274792 0.686159
v -3.116265 2.273969 0.686656
v -3.116288 2.273318 0.687384
v -3.108799 2.272793 0.695504
v -3.108564 2.272725 0.696718
v -3.108143 2.272793 0.698114
v -3.105853 2.274792 0.699603
v -3.106411 2.273969 0.699744
v -3.107117 2.273318 0.699565
v -3.101878 2.280136 0.692008
v -3.101427 2.280136 0.693507
v -3.101340 2.280136 0.695032
v -3.115031 2.276639 0.685407
v -3.114360 2.277644 0.684901
v -3.113372 2.278787 0.684155
v -3.122572 2.279201 0.690457
v -3.124893 2.278923 0.692182
v -3.127209 2.278864 0.693702
v -3.118523 2.272626 0.690655
v -3.117355 2.272672 0.689623
v -3.116574 2.272786 0.688717
v -3.114018 2.272617 0.703170
v -3.115721 2.272601 0.704585
v -3.117387 2.272555 0.706207
v -3.120066 2.275702 0.687898
v -3.118484 2.275702 0.686852
v -3.116977 2.275702 0.686110
v -3.112044 2.275702 0.705637
v -3.113749 2.275702 0.707009
v -3.115288 2.275702 0.708406
v -3.116129 2.278864 0.707754
v -3.114085 2.278923 0.706347
v -3.111804 2.279201 0.704734
v -3.113643 2.280133 0.683600
v -3.115489 2.280114 0.684648
v -3.117432 2.280060 0.686113
v -3.126069 2.272555 0.695339
v -3.123652 2.272601 0.694242
v -3.121681 2.272617 0.693017
v -3.108477 2.272786 0.699471
v -3.109563 2.272672 0.699971
v -3.110879 2.272626 0.700809
v -3.127987 2.275702 0.692658
v -3.125555 2.275702 0.691660
v -3.123521 2.275702 0.690435
v -3.106083 2.275702 0.700580
v -3.107213 2.275702 0.701823
v -3.108656 2.275702 0.703054
v -3.110192 2.276632 0.704224
v -3.109991 2.277594 0.704023
v -3.109600 2.278629 0.703585
v -3.111294 2.273188 0.703391
v -3.110698 2.273930 0.704118
v -3.110422 2.274787 0.704343
v -3.120838 2.278629 0.688659
v -3.121367 2.277594 0.688913
v -3.121616 2.276632 0.689051
v -3.121793 2.274787 0.689239
v -3.121653 2.273930 0.689566
v -3.121120 2.273188 0.690340
v -3.118609 2.280622 0.690758
v -3.119290 2.280632 0.689855
v -3.119666 2.280449 0.689026
v -3.118201 2.272272 0.694028
v -3.116071 2.272157 0.696764
v -3.114031 2.272272 0.699566
v -3.097544 2.294424 0.693202
v -3.098223 2.294424 0.692824
v -3.098502 2.294424 0.692108
v -3.097240 2.286478 0.694134
v -3.095788 2.286478 0.693131
v -3.094456 2.286478 0.691823
v -3.093315 2.286478 0.685562
v -3.092977 2.286478 0.687146
v -3.092993 2.286478 0.688749
v -3.106738 2.294424 0.681169
v -3.107350 2.294424 0.680701
v -3.107526 2.294424 0.679943
v -3.092458 2.294424 0.690318
v -3.093764 2.294424 0.691607
v -3.095186 2.294424 0.692587
v -3.105347 2.286478 0.677357
v -3.106973 2.286478 0.678275
v -3.108338 2.286478 0.679394
v -3.108899 2.286485 0.682801
v -3.109474 2.286480 0.682301
v -3.109628 2.286478 0.681526
v -3.096290 2.294424 0.687384
v -3.096965 2.294424 0.688781
v -3.097747 2.294424 0.690037
v -3.096368 2.294424 0.684200
v -3.097256 2.294424 0.682627
v -3.098524 2.294424 0.681337
v -3.105705 2.281684 0.700150
v -3.102950 2.283408 0.698018
v -3.100502 2.285057 0.696154
v -3.111181 2.285057 0.681970
v -3.113650 2.283408 0.683807
v -3.116460 2.281684 0.685865
v -3.099755 2.281722 0.695059
v -3.097483 2.283417 0.693349
v -3.095274 2.285058 0.691686
v -3.109923 2.281722 0.681555
v -3.107651 2.283417 0.679844
v -3.105442 2.285058 0.678180
v -3.092227 2.322742 0.683039
v -3.092064 2.322799 0.684323
v -3.091953 2.322822 0.686027
v -3.101314 2.287669 0.681540
v -3.100558 2.288978 0.680966
v -3.100204 2.291044 0.680694
v -3.092707 2.287634 0.683140
v -3.092094 2.288968 0.682679
v -3.091868 2.291043 0.682509
v -3.105587 2.322739 0.680216
v -3.106114 2.322773 0.679846
v -3.106357 2.322739 0.679283
v -3.096520 2.287634 0.678076
v -3.095907 2.288968 0.677614
v -3.095681 2.291043 0.677444
v -3.101569 2.294424 0.680373
v -3.103104 2.294424 0.680628
v -3.104532 2.294424 0.681025
v -3.099996 2.294424 0.675299
v -3.098430 2.294424 0.675712
v -3.096975 2.294424 0.676455
v -3.107166 2.319627 0.678959
v -3.107040 2.321523 0.678929
v -3.106729 2.322397 0.678857
v -3.101681 2.291043 0.675349
v -3.101899 2.288968 0.675513
v -3.102488 2.287634 0.675957
v -3.106283 2.294424 0.677847
v -3.104949 2.294424 0.676751
v -3.103349 2.294424 0.675853
v -3.091493 2.319629 0.688816
v -3.091568 2.321543 0.688712
v -3.091773 2.322462 0.688429
v -3.096540 2.291043 0.693168
v -3.096768 2.288968 0.693340
v -3.097386 2.287634 0.693805
v -3.094470 2.294424 0.678516
v -3.093441 2.294424 0.679726
v -3.092563 2.294424 0.681049
v -3.092320 2.287634 0.689462
v -3.091731 2.288968 0.689018
v -3.091513 2.291043 0.688855
v -3.127678 2.279243 0.696434
v -3.126038 2.279356 0.697412
v -3.124780 2.279396 0.697989
v -3.114319 2.279848 0.698416
v -3.116038 2.279694 0.696739
v -3.117175 2.279848 0.694623
v -3.109629 2.280449 0.702357
v -3.110322 2.280632 0.701767
v -3.111001 2.280622 0.700863
v -3.099170 2.286572 0.686263
v -3.100070 2.286575 0.684721
v -3.101303 2.286572 0.683430
v -3.091482 2.299424 0.688831
v -3.091482 2.305357 0.688831
v -3.091482 2.311288 0.688831
v -3.099646 2.286478 0.694785
v -3.100349 2.286480 0.694422
v -3.100670 2.286485 0.693732
v -3.091275 2.294424 0.684026
v -3.090963 2.294424 0.685630
v -3.091000 2.294424 0.687249
v -3.095777 2.299424 0.685683
v -3.095492 2.305357 0.685489
v -3.095203 2.311288 0.685293
v -3.097354 2.287669 0.686800
v -3.096588 2.288978 0.686239
v -3.096223 2.291044 0.685982
v -3.096580 2.322739 0.692270
v -3.097050 2.322773 0.691886
v -3.097254 2.322739 0.691284
v -3.106743 2.287641 0.682020
v -3.106090 2.288970 0.681526
v -3.105835 2.291043 0.681332
v -3.105528 2.319627 0.681072
v -3.105436 2.321523 0.680946
v -3.105253 2.322397 0.680673
v -3.098064 2.319627 0.690986
v -3.097915 2.321523 0.690936
v -3.097599 2.322397 0.690840
v -3.095649 2.299424 0.677420
v -3.095649 2.305357 0.677420
v -3.095649 2.311288 0.677420
v -3.101650 2.311288 0.675326
v -3.101650 2.305357 0.675326
v -3.101650 2.299424 0.675326
v -3.095189 2.316281 0.683380
v -3.096056 2.316281 0.681756
v -3.097379 2.316281 0.680472
v -3.101338 2.322462 0.675724
v -3.101558 2.321543 0.675444
v -3.101639 2.319629 0.675341
v -3.107184 2.299424 0.678963
v -3.107184 2.305357 0.678963
v -3.107184 2.311288 0.678963
v -3.096508 2.311288 0.693144
v -3.096508 2.305357 0.693144
v -3.096508 2.299424 0.693144
v -3.123183 2.279415 0.697190
v -3.121878 2.279509 0.695740
v -3.120042 2.279774 0.694091
v -3.118448 2.279415 0.703480
v -3.116693 2.279509 0.702627
v -3.114601 2.279774 0.701319
v -3.115008 2.281904 0.688897
v -3.112425 2.283502 0.686488
v -3.109977 2.285094 0.684481
v -3.108217 2.281904 0.697917
v -3.105188 2.283502 0.696100
v -3.102582 2.285094 0.694303
v -3.123408 2.279402 0.699718
v -3.122390 2.279402 0.701520
v -3.120939 2.279402 0.702998
v -3.108063 2.287634 0.679624
v -3.107444 2.288968 0.679159
v -3.107217 2.291043 0.678987
v -3.099322 2.287641 0.691877
v -3.098666 2.288970 0.691387
v -3.098408 2.291043 0.691198
v -3.105726 2.299424 0.681244
v -3.105672 2.305357 0.681200
v -3.105618 2.311288 0.681156
v -3.098290 2.299424 0.691120
v -3.098233 2.305357 0.691082
v -3.098174 2.311288 0.691045
v -3.096278 2.322397 0.692739
v -3.096435 2.321523 0.693016
v -3.096498 2.319627 0.693128
v -3.091835 2.299424 0.682485
v -3.091835 2.305357 0.682485
v -3.091835 2.311288 0.682485
v -3.099146 2.323000 0.678590
v -3.099602 2.323058 0.677960
v -3.100261 2.323000 0.677101
v -3.099782 2.299424 0.680363
v -3.099510 2.305357 0.680152
v -3.099235 2.311288 0.679938
v -3.108872 2.281493 0.693197
v -3.109945 2.281362 0.692151
v -3.110653 2.281493 0.690831
v -3.098823 2.319629 0.679600
v -3.098739 2.321543 0.679458
v -3.098755 2.322462 0.679275
v -3.109509 2.282567 0.688240
v -3.107311 2.283820 0.686228
v -3.104860 2.285237 0.684237
v -3.106066 2.282567 0.692813
v -3.103524 2.283820 0.691258
v -3.100931 2.285237 0.689454
v -3.110581 2.280777 0.697562
v -3.109568 2.281064 0.696170
v -3.108623 2.281412 0.694845
v -3.112168 2.281412 0.690136
v -3.113703 2.281064 0.690678
v -3.115320 2.280777 0.691267
v -3.106865 2.286510 0.682800
v -3.105564 2.286528 0.682506
v -3.104159 2.286547 0.682351
v -3.100810 2.322822 0.678938
v -3.102606 2.322799 0.679372
v -3.104092 2.322742 0.679945
v -3.092777 2.323000 0.687041
v -3.093405 2.323058 0.686191
v -3.093868 2.323000 0.685600
v -3.098924 2.286547 0.689305
v -3.099463 2.286528 0.690611
v -3.100105 2.286510 0.691779
v -3.094466 2.322826 0.683234
v -3.095466 2.322826 0.681332
v -3.097019 2.322826 0.679842
v -3.094746 2.319629 0.685014
v -3.094579 2.321543 0.684983
v -3.094404 2.322462 0.685054
v -3.096565 2.322742 0.689941
v -3.095591 2.322799 0.688690
v -3.094663 2.322822 0.687103
v -3.106283 2.316281 0.677847
v -3.104949 2.316281 0.676751
v -3.103349 2.316281 0.675853
v -3.092458 2.316281 0.690318
v -3.093764 2.316281 0.691607
v -3.095186 2.316281 0.692587
v -3.099996 2.316281 0.675299
v -3.098430 2.316281 0.675712
v -3.096975 2.316281 0.676455
v -3.097540 2.316281 0.693200
v -3.098196 2.316281 0.692806
v -3.098410 2.316281 0.692049
v -3.106653 2.316281 0.681100
v -3.107325 2.316281 0.680681
v -3.107523 2.316281 0.679940
v -3.091275 2.316281 0.684026
v -3.090963 2.316281 0.685630
v -3.091000 2.316281 0.687249
v -3.100744 2.316281 0.679713
v -3.102503 2.316281 0.680140
v -3.104151 2.316281 0.680713
v -3.095405 2.316281 0.686804
v -3.096313 2.316281 0.688361
v -3.097331 2.316281 0.689772
v -3.094470 2.316281 0.678516
v -3.093441 2.316281 0.679726
v -3.092563 2.316281 0.681049
v -3.114148 2.275702 0.685962
v -3.112824 2.275702 0.686555
v -3.111571 2.275702 0.687449
v -3.109312 2.275702 0.689692
v -3.108315 2.275702 0.690924
v -3.107407 2.275702 0.692223
v -3.115177 2.272793 0.688771
v -3.113952 2.272725 0.689561
v -3.112850 2.272793 0.690123
v -3.111537 2.272793 0.691423
v -3.110684 2.272725 0.692708
v -3.109685 2.272793 0.693883
v -3.110335 2.280136 0.683085
v -3.108893 2.280136 0.683590
v -3.107577 2.280136 0.684439
v -3.105272 2.280136 0.686650
v -3.104270 2.280136 0.687878
v -3.103366 2.280136 0.689181
v -3.101989 2.286478 0.676800
v -3.100444 2.286478 0.677228
v -3.099015 2.286478 0.677991
v -3.096550 2.286478 0.680082
v -3.095526 2.286478 0.681296
v -3.094643 2.286478 0.682615
v -3.099072 2.322822 0.676571
v -3.097467 2.322799 0.677147
v -3.096281 2.322742 0.677655
v -3.094827 2.322739 0.678850
v -3.093864 2.322773 0.680055
v -3.092974 2.322739 0.681311
v -3.091847 2.319627 0.682480
v -3.091925 2.321523 0.682449
v -3.092124 2.322397 0.682367
v -3.095647 2.319627 0.677432
v -3.095638 2.321523 0.677517
v -3.095612 2.322397 0.677734
v -3.100458 2.281722 0.688976
v -3.098080 2.283417 0.687186
v -3.095778 2.285058 0.685453
v -3.104270 2.281722 0.683912
v -3.101893 2.283417 0.682121
v -3.099591 2.285058 0.680388
v -3.108354 2.273318 0.694582
v -3.107731 2.273969 0.694345
v -3.107150 2.274792 0.693999
v -3.111841 2.273318 0.689950
v -3.111441 2.273969 0.689417
v -3.110948 2.274792 0.688954
v -3.105988 2.276639 0.693136
v -3.105217 2.277644 0.692557
v -3.104125 2.278787 0.691736
v -3.109798 2.276639 0.688076
v -3.109028 2.277644 0.687495
v -3.107937 2.278787 0.686673
v -3.147108 2.272619 0.699830
v -3.148916 2.272619 0.700578
v -3.150467 2.272619 0.701519
v -3.148647 2.278785 0.695195
v -3.150972 2.278785 0.696157
v -3.152964 2.278785 0.697367
v -3.148647 2.272619 0.695195
v -3.150972 2.272619 0.696157
v -3.152964 2.272619 0.697367
v -3.149029 2.275702 0.694045
v -3.151482 2.275702 0.695060
v -3.153584 2.275702 0.696336
v -3.147108 2.278785 0.699830
v -3.148916 2.278785 0.700578
v -3.150467 2.278785 0.701519
v -3.146735 2.275702 0.700951
v -3.148419 2.275702 0.701647
v -3.149862 2.275702 0.702524
v -3.128218 2.273188 0.733995
v -3.128005 2.273930 0.734278
v -3.127927 2.274787 0.734381
v -3.130885 2.272272 0.730453
v -3.130091 2.272157 0.731507
v -3.129296 2.272272 0.732564
v -3.132234 2.274787 0.728661
v -3.132161 2.273930 0.728757
v -3.131954 2.273188 0.729033
v -3.131954 2.278217 0.729033
v -3.132161 2.277475 0.728757
v -3.132234 2.276618 0.728661
v -3.129296 2.279132 0.732564
v -3.130091 2.279248 0.731507
v -3.130885 2.279132 0.730453
v -3.127927 2.276618 0.734381
v -3.128005 2.277475 0.734278
v -3.128218 2.278217 0.733995
v -3.155210 2.273188 0.698144
v -3.155423 2.273930 0.697860
v -3.155501 2.274787 0.697757
v -3.152543 2.272272 0.701686
v -3.153337 2.272157 0.700631
v -3.154132 2.272272 0.699575
v -3.151194 2.274787 0.703478
v -3.151266 2.273930 0.703381
v -3.151474 2.273188 0.703105
v -3.151474 2.278217 0.703105
v -3.151266 2.277475 0.703381
v -3.151194 2.276618 0.703478
v -3.154132 2.279132 0.699575
v -3.153337 2.279248 0.700631
v -3.152543 2.279132 0.701686
v -3.155501 2.276618 0.697757
v -3.155423 2.277475 0.697860
v -3.155210 2.278217 0.698144
v -3.102751 2.322822 0.676548
v -3.104390 2.322799 0.677251
v -3.105638 2.322742 0.678103
v -3.095247 2.322742 0.691905
v -3.094080 2.322799 0.690944
v -3.092949 2.322822 0.689568
v -3.126570 2.275702 0.733381
v -3.125273 2.275702 0.732405
v -3.124079 2.275702 0.731506
v -3.130547 2.278785 0.728835
v -3.129591 2.278785 0.728115
v -3.128711 2.278785 0.727452
v -3.127360 2.278785 0.732477
v -3.126132 2.278785 0.731552
v -3.125000 2.278785 0.730700
v -3.130547 2.272619 0.728835
v -3.129591 2.272619 0.728115
v -3.128711 2.272619 0.727452
v -3.127360 2.272619 0.732477
v -3.126132 2.272619 0.731552
v -3.125000 2.272619 0.730700
v -3.131318 2.275702 0.727953
v -3.130428 2.275702 0.727283
v -3.129608 2.275702 0.726666
v -3.123445 2.273188 0.730401
v -3.123156 2.273930 0.730628
v -3.123051 2.274787 0.730711
v -3.127055 2.272272 0.727569
v -3.125980 2.272157 0.728413
v -3.124904 2.272272 0.729257
v -3.128881 2.274787 0.726137
v -3.128783 2.273930 0.726214
v -3.128502 2.273188 0.726434
v -3.128502 2.278217 0.726434
v -3.128783 2.277475 0.726214
v -3.128881 2.276618 0.726137
v -3.124904 2.279132 0.729257
v -3.125980 2.279248 0.728413
v -3.127055 2.279132 0.727569
v -3.123051 2.276618 0.730711
v -3.123156 2.277475 0.730628
v -3.123445 2.278217 0.730401
v -3.126722 2.275702 0.721868
v -3.126402 2.275702 0.720065
v -3.126113 2.275702 0.718182
v -3.121015 2.278785 0.724075
v -3.120574 2.278785 0.721586
v -3.120173 2.278785 0.718986
v -3.119875 2.275702 0.724516
v -3.119409 2.275702 0.721890
v -3.118987 2.275702 0.719146
v -3.125611 2.278785 0.722298
v -3.125267 2.278785 0.720361
v -3.124955 2.278785 0.718338
v -3.121015 2.272619 0.724075
v -3.120574 2.272619 0.721586
v -3.120173 2.272619 0.718986
v -3.125611 2.272619 0.722298
v -3.125267 2.272619 0.720361
v -3.124955 2.272619 0.718338
v -3.119127 2.273188 0.716583
v -3.118769 2.273930 0.716592
v -3.118639 2.274787 0.716595
v -3.123590 2.272272 0.716482
v -3.122261 2.272157 0.716512
v -3.120930 2.272272 0.716542
v -3.125848 2.274787 0.716430
v -3.125726 2.273930 0.716433
v -3.125379 2.273188 0.716441
v -3.125379 2.278217 0.716441
v -3.125726 2.277475 0.716433
v -3.125848 2.276618 0.716430
v -3.120930 2.279132 0.716542
v -3.122261 2.279248 0.716512
v -3.123590 2.279132 0.716482
v -3.118639 2.276618 0.716595
v -3.118769 2.277475 0.716592
v -3.119127 2.278217 0.716583
v -3.133681 2.275702 0.738704
v -3.134589 2.275702 0.739169
v -3.135748 2.275702 0.739448
v -3.147217 2.275702 0.731172
v -3.148491 2.275702 0.730822
v -3.149722 2.275702 0.730188
v -3.157105 2.278217 0.720065
v -3.156747 2.277475 0.719957
v -3.156621 2.276618 0.719919
v -3.165429 2.275702 0.716686
v -3.164429 2.275702 0.712868
v -3.163431 2.275702 0.709050
v -3.135791 2.278785 0.732760
v -3.136461 2.278785 0.733103
v -3.137315 2.278785 0.733308
v -3.154697 2.276620 0.738521
v -3.154693 2.277493 0.738373
v -3.154691 2.278280 0.737937
v -3.163987 2.278849 0.717199
v -3.163179 2.278804 0.713194
v -3.162289 2.278788 0.709436
v -3.156619 2.274787 0.719917
v -3.156734 2.273930 0.719947
v -3.157060 2.273188 0.720031
v -3.165860 2.280060 0.745924
v -3.167793 2.280114 0.747380
v -3.169635 2.280133 0.748426
v -3.149312 2.278788 0.736961
v -3.151067 2.278804 0.736755
v -3.152766 2.278849 0.736642
v -3.134101 2.278785 0.737522
v -3.134962 2.278785 0.737963
v -3.136060 2.278785 0.738227
v -3.166554 2.274785 0.720127
v -3.166335 2.273911 0.720338
v -3.165712 2.273125 0.720927
v -3.155844 2.274787 0.708905
v -3.155952 2.273930 0.708850
v -3.156262 2.273188 0.708693
v -3.158766 2.272269 0.720477
v -3.160189 2.272125 0.720886
v -3.161931 2.272171 0.721451
v -3.162394 2.272168 0.726424
v -3.160247 2.272094 0.729885
v -3.157919 2.272168 0.732986
v -3.158258 2.278785 0.717048
v -3.158184 2.278785 0.713864
v -3.157692 2.278785 0.710913
v -3.135791 2.272619 0.732760
v -3.136461 2.272619 0.733103
v -3.137315 2.272619 0.733308
v -3.155586 2.275702 0.722734
v -3.154179 2.275702 0.725282
v -3.152598 2.275702 0.727443
v -3.158212 2.272619 0.717014
v -3.158171 2.272619 0.713853
v -3.157691 2.272619 0.710912
v -3.156810 2.278785 0.723375
v -3.155345 2.278785 0.726148
v -3.153601 2.278785 0.728434
v -3.149721 2.275702 0.738124
v -3.151507 2.275702 0.737997
v -3.153112 2.275702 0.738108
v -3.151392 2.278217 0.729533
v -3.151155 2.277475 0.729223
v -3.151071 2.276618 0.729114
v -3.163727 2.272555 0.717469
v -3.163107 2.272601 0.713267
v -3.162280 2.272617 0.709445
v -3.162581 2.279233 0.720974
v -3.160585 2.279279 0.720858
v -3.158980 2.279136 0.720598
v -3.162263 2.276618 0.705650
v -3.162148 2.277475 0.705709
v -3.161829 2.278217 0.705870
v -3.154708 2.274785 0.738505
v -3.154781 2.273911 0.738247
v -3.154983 2.273125 0.737512
v -3.137386 2.276618 0.739505
v -3.137411 2.277475 0.739373
v -3.137478 2.278217 0.739010
v -3.147627 2.278785 0.732293
v -3.149007 2.278785 0.731927
v -3.150362 2.278785 0.731269
v -3.134101 2.272619 0.737522
v -3.134962 2.272619 0.737963
v -3.136060 2.272619 0.738227
v -3.156262 2.278217 0.708693
v -3.155952 2.277475 0.708850
v -3.155844 2.276618 0.708905
v -3.149318 2.272617 0.736949
v -3.151117 2.272601 0.736666
v -3.152954 2.272555 0.736317
v -3.160223 2.279132 0.706684
v -3.159038 2.279248 0.707285
v -3.157855 2.279132 0.707885
v -3.137386 2.274787 0.739505
v -3.137411 2.273930 0.739373
v -3.137478 2.273188 0.739010
v -3.138738 2.274787 0.732184
v -3.138716 2.273930 0.732307
v -3.138650 2.273188 0.732660
v -3.157073 2.275702 0.716948
v -3.157034 2.275702 0.714006
v -3.156588 2.275702 0.711268
v -3.152412 2.272269 0.730991
v -3.153270 2.272125 0.732237
v -3.154267 2.272171 0.733758
v -3.162263 2.274787 0.705650
v -3.162148 2.273930 0.705709
v -3.161829 2.273188 0.705870
v -3.156615 2.272619 0.723228
v -3.155103 2.272619 0.725966
v -3.153406 2.272619 0.728287
v -3.158667 2.279396 0.734147
v -3.157544 2.279356 0.734705
v -3.156289 2.279243 0.735629
v -3.151070 2.274787 0.729113
v -3.151142 2.273930 0.729213
v -3.151347 2.273188 0.729499
v -3.138650 2.278217 0.732660
v -3.138716 2.277475 0.732307
v -3.138738 2.276618 0.732184
v -3.157855 2.272272 0.707885
v -3.159038 2.272157 0.707285
v -3.160223 2.272272 0.706684
v -3.147625 2.272619 0.732292
v -3.148993 2.272619 0.731917
v -3.150316 2.272619 0.731235
v -3.137816 2.279132 0.737179
v -3.138066 2.279248 0.735827
v -3.138315 2.279132 0.734477
v -3.166566 2.276620 0.720112
v -3.166432 2.277493 0.720218
v -3.166039 2.278280 0.720529
v -3.136200 2.275702 0.731607
v -3.136823 2.275702 0.731926
v -3.137619 2.275702 0.732118
v -3.138315 2.272272 0.734477
v -3.138066 2.272157 0.735827
v -3.137816 2.272272 0.737179
v -3.153989 2.279233 0.734515
v -3.153354 2.279279 0.732625
v -3.152587 2.279136 0.731164
v -3.168395 2.276639 0.746730
v -3.169049 2.277644 0.747224
v -3.169992 2.278787 0.747936
v -3.171857 2.275702 0.744690
v -3.170604 2.275702 0.745584
v -3.169280 2.275702 0.746177
v -3.177574 2.274792 0.732536
v -3.177016 2.273969 0.732395
v -3.176311 2.273318 0.732573
v -3.170577 2.272793 0.742015
v -3.169476 2.272725 0.742577
v -3.168251 2.272793 0.743367
v -3.167452 2.274792 0.745980
v -3.167163 2.273969 0.745482
v -3.167139 2.273318 0.744755
v -3.175700 2.280136 0.747586
v -3.174384 2.280136 0.748435
v -3.172942 2.280136 0.748940
v -3.178556 2.276639 0.733234
v -3.179211 2.277644 0.733726
v -3.180156 2.278787 0.734435
v -3.171581 2.279201 0.727355
v -3.169309 2.278923 0.725622
v -3.167218 2.278864 0.723824
v -3.172549 2.272626 0.731330
v -3.173864 2.272672 0.732167
v -3.174950 2.272786 0.732667
v -3.161767 2.272617 0.739119
v -3.159937 2.272601 0.737874
v -3.157917 2.272555 0.736721
v -3.174772 2.275702 0.729085
v -3.176215 2.275702 0.730316
v -3.177345 2.275702 0.731559
v -3.159942 2.275702 0.741699
v -3.158152 2.275702 0.740440
v -3.156384 2.275702 0.739347
v -3.156776 2.278864 0.738357
v -3.158684 2.278923 0.739925
v -3.160837 2.279201 0.741650
v -3.180528 2.280133 0.733957
v -3.179014 2.280114 0.732476
v -3.177080 2.280060 0.731021
v -3.165962 2.272555 0.725373
v -3.167684 2.272601 0.727392
v -3.169406 2.272617 0.728949
v -3.166853 2.272786 0.743422
v -3.166073 2.272672 0.742516
v -3.164904 2.272626 0.741484
v -3.168007 2.275702 0.722789
v -3.169640 2.275702 0.724850
v -3.171379 2.275702 0.726466
v -3.166450 2.275702 0.746029
v -3.164943 2.275702 0.745287
v -3.163362 2.275702 0.744240
v -3.161810 2.276632 0.743087
v -3.162050 2.277594 0.743217
v -3.162551 2.278629 0.743451
v -3.162308 2.273188 0.741799
v -3.161774 2.273930 0.742573
v -3.161635 2.274787 0.742900
v -3.173789 2.278629 0.728524
v -3.173426 2.277594 0.728107
v -3.173234 2.276632 0.727913
v -3.173006 2.274787 0.727796
v -3.172730 2.273930 0.728021
v -3.172134 2.273188 0.728747
v -3.172292 2.280622 0.731174
v -3.172965 2.280632 0.730265
v -3.173664 2.280449 0.729680
v -3.169397 2.272272 0.732573
v -3.167356 2.272157 0.735375
v -3.165227 2.272272 0.738111
v -3.174997 2.294424 0.751515
v -3.175172 2.294424 0.750757
v -3.175783 2.294424 0.750291
v -3.174336 2.286478 0.752177
v -3.175701 2.286478 0.753296
v -3.177326 2.286478 0.754214
v -3.183659 2.286478 0.753580
v -3.182230 2.286478 0.754343
v -3.180685 2.286478 0.754771
v -3.184019 2.294424 0.739353
v -3.184299 2.294424 0.738635
v -3.184979 2.294424 0.738256
v -3.179174 2.294424 0.755605
v -3.177574 2.294424 0.754706
v -3.176240 2.294424 0.753611
v -3.188217 2.286478 0.739748
v -3.186886 2.286478 0.738440
v -3.185433 2.286478 0.737437
v -3.182004 2.286485 0.737840
v -3.182325 2.286480 0.737149
v -3.183027 2.286478 0.736787
v -3.180934 2.294424 0.751111
v -3.179405 2.294424 0.750849
v -3.177982 2.294424 0.750445
v -3.183973 2.294424 0.750157
v -3.185239 2.294424 0.748868
v -3.186129 2.294424 0.747293
v -3.166696 2.281684 0.746069
v -3.169330 2.283408 0.747994
v -3.171630 2.285057 0.749705
v -3.182309 2.285057 0.735520
v -3.180029 2.283408 0.733783
v -3.177451 2.281684 0.731784
v -3.173218 2.281722 0.750368
v -3.175324 2.283417 0.751954
v -3.177369 2.285058 0.753494
v -3.183385 2.281722 0.736863
v -3.185492 2.283417 0.738449
v -3.187537 2.285058 0.739988
v -3.186233 2.322742 0.753815
v -3.185044 2.322799 0.754327
v -3.183437 2.322822 0.754904
v -3.185225 2.287669 0.744716
v -3.185941 2.288978 0.745249
v -3.186284 2.291044 0.745502
v -3.186067 2.287634 0.753430
v -3.186635 2.288968 0.753857
v -3.186845 2.291043 0.754015
v -3.185253 2.322739 0.740195
v -3.185462 2.322773 0.739586
v -3.185937 2.322739 0.739197
v -3.189880 2.287634 0.748365
v -3.190448 2.288968 0.748793
v -3.190658 2.291043 0.748950
v -3.186213 2.294424 0.744100
v -3.185543 2.294424 0.742695
v -3.184767 2.294424 0.741432
v -3.191524 2.294424 0.744209
v -3.191560 2.294424 0.745827
v -3.191248 2.294424 0.747432
v -3.186024 2.319627 0.738330
v -3.186088 2.321523 0.738443
v -3.186243 2.322397 0.738722
v -3.191012 2.291043 0.742605
v -3.190811 2.288968 0.742453
v -3.190266 2.287634 0.742043
v -3.187338 2.294424 0.738871
v -3.188759 2.294424 0.739850
v -3.190065 2.294424 0.741139
v -3.180884 2.319629 0.756117
v -3.180964 2.321543 0.756016
v -3.181179 2.322462 0.755741
v -3.175309 2.291043 0.752472
v -3.175097 2.288968 0.752313
v -3.174524 2.287634 0.751881
v -3.189960 2.294424 0.750409
v -3.189082 2.294424 0.751732
v -3.188053 2.294424 0.752941
v -3.180098 2.287634 0.755549
v -3.180643 2.288968 0.755959
v -3.180844 2.291043 0.756110
v -3.164465 2.279243 0.724130
v -3.163978 2.279356 0.725977
v -3.163771 2.279396 0.727345
v -3.166212 2.279848 0.737486
v -3.167367 2.279694 0.735383
v -3.169068 2.279848 0.733692
v -3.163627 2.280449 0.743011
v -3.163996 2.280632 0.742177
v -3.164684 2.280622 0.741279
v -3.181366 2.286572 0.748147
v -3.182599 2.286575 0.746856
v -3.183499 2.286572 0.745314
v -3.180873 2.299424 0.756132
v -3.180873 2.305357 0.756132
v -3.180873 2.311288 0.756132
v -3.173045 2.286478 0.750045
v -3.173199 2.286480 0.749270
v -3.173774 2.286485 0.748771
v -3.185549 2.294424 0.755002
v -3.184093 2.294424 0.755745
v -3.182527 2.294424 0.756158
v -3.182711 2.299424 0.751134
v -3.182976 2.305357 0.751354
v -3.183245 2.311288 0.751578
v -3.181265 2.287669 0.749976
v -3.181971 2.288978 0.750522
v -3.182303 2.291044 0.750789
v -3.176159 2.322739 0.752184
v -3.176398 2.322773 0.751626
v -3.176920 2.322739 0.751264
v -3.183263 2.287641 0.739631
v -3.183873 2.288970 0.740088
v -3.184114 2.291043 0.740267
v -3.184447 2.319627 0.740489
v -3.184593 2.321523 0.740542
v -3.184906 2.322397 0.740643
v -3.176983 2.319627 0.750402
v -3.177072 2.321523 0.750532
v -3.177252 2.322397 0.750809
v -3.190687 2.299424 0.748973
v -3.190687 2.305357 0.748973
v -3.190687 2.311288 0.748973
v -3.191041 2.311288 0.742626
v -3.191041 2.305357 0.742626
v -3.191041 2.299424 0.742626
v -3.185086 2.316281 0.751062
v -3.186408 2.316281 0.749781
v -3.187276 2.316281 0.748154
v -3.190744 2.322462 0.743036
v -3.190953 2.321543 0.742748
v -3.191030 2.319629 0.742641
v -3.186016 2.299424 0.738314
v -3.186016 2.305357 0.738314
v -3.186016 2.311288 0.738314
v -3.175339 2.311288 0.752495
v -3.175339 2.305357 0.752495
v -3.175339 2.299424 0.752495
v -3.164979 2.279415 0.728657
v -3.166723 2.279509 0.729503
v -3.168788 2.279774 0.730791
v -3.160243 2.279415 0.734947
v -3.161538 2.279509 0.736390
v -3.163346 2.279774 0.738018
v -3.174938 2.281904 0.734017
v -3.177792 2.283502 0.735702
v -3.180228 2.285094 0.737372
v -3.168148 2.281904 0.743037
v -3.170555 2.283502 0.745314
v -3.172834 2.285094 0.747194
v -3.162488 2.279402 0.729141
v -3.161038 2.279402 0.730618
v -3.160019 2.279402 0.732420
v -3.185200 2.287634 0.737700
v -3.185774 2.288968 0.738132
v -3.185985 2.291043 0.738291
v -3.175842 2.287641 0.749488
v -3.176449 2.288970 0.749949
v -3.176687 2.291043 0.750132
v -3.184227 2.299424 0.740346
v -3.184283 2.305357 0.740385
v -3.184341 2.311288 0.740425
v -3.176791 2.299424 0.750222
v -3.176843 2.305357 0.750267
v -3.176896 2.311288 0.750313
v -3.175792 2.322397 0.752604
v -3.175482 2.321523 0.752529
v -3.175357 2.319627 0.752499
v -3.186874 2.299424 0.754038
v -3.186874 2.305357 0.754038
v -3.186874 2.311288 0.754038
v -3.188596 2.323000 0.745935
v -3.189076 2.323058 0.745323
v -3.189719 2.323000 0.744452
v -3.186716 2.299424 0.745815
v -3.186994 2.305357 0.746017
v -3.187277 2.311288 0.746223
v -3.172581 2.281493 0.741162
v -3.173306 2.281362 0.739854
v -3.174362 2.281493 0.738796
v -3.187715 2.319629 0.746525
v -3.187875 2.321543 0.746566
v -3.188046 2.322462 0.746501
v -3.177043 2.282567 0.739085
v -3.179441 2.283820 0.740533
v -3.181876 2.285237 0.742221
v -3.173600 2.282567 0.743658
v -3.175654 2.283820 0.745564
v -3.177948 2.285237 0.747439
v -3.167970 2.280777 0.740769
v -3.169565 2.281064 0.741341
v -3.171069 2.281412 0.741859
v -3.174614 2.281412 0.737150
v -3.173701 2.281064 0.735848
v -3.172710 2.280777 0.734474
v -3.182567 2.286510 0.739794
v -3.183209 2.286528 0.740963
v -3.183747 2.286547 0.742271
v -3.187801 2.322822 0.744432
v -3.186888 2.322799 0.742827
v -3.185927 2.322742 0.741557
v -3.182236 2.323000 0.754392
v -3.182879 2.323058 0.753554
v -3.183318 2.323000 0.752945
v -3.178511 2.286547 0.749225
v -3.177107 2.286528 0.749068
v -3.175807 2.286510 0.748773
v -3.185427 2.322826 0.751717
v -3.186979 2.322826 0.750230
v -3.187981 2.322826 0.748325
v -3.183638 2.319629 0.751940
v -3.183714 2.321543 0.752092
v -3.183695 2.322462 0.752280
v -3.178401 2.322742 0.751553
v -3.179873 2.322799 0.752144
v -3.181654 2.322822 0.752597
v -3.187337 2.316281 0.738871
v -3.188759 2.316281 0.739850
v -3.190065 2.316281 0.741139
v -3.179174 2.316281 0.755605
v -3.177574 2.316281 0.754706
v -3.176240 2.316281 0.753611
v -3.191524 2.316281 0.744209
v -3.191560 2.316281 0.745827
v -3.191248 2.316281 0.747432
v -3.175000 2.316281 0.751517
v -3.175197 2.316281 0.750779
v -3.175865 2.316281 0.750363
v -3.184108 2.316281 0.739415
v -3.184326 2.316281 0.738653
v -3.184983 2.316281 0.738258
v -3.185549 2.316281 0.755002
v -3.184093 2.316281 0.755745
v -3.182527 2.316281 0.756158
v -3.187075 2.316281 0.744710
v -3.186178 2.316281 0.743138
v -3.185172 2.316281 0.741712
v -3.181736 2.316281 0.751801
v -3.179989 2.316281 0.751359
v -3.178352 2.316281 0.750771
v -3.189960 2.316281 0.750409
v -3.189082 2.316281 0.751732
v -3.188053 2.316281 0.752941
v -3.178269 2.275702 0.734237
v -3.178065 2.275702 0.735674
v -3.177552 2.275702 0.737125
v -3.176021 2.275702 0.739916
v -3.175113 2.275702 0.741215
v -3.174116 2.275702 0.742446
v -3.175284 2.272793 0.734025
v -3.174864 2.272725 0.735421
v -3.174628 2.272793 0.736635
v -3.173743 2.272793 0.738256
v -3.172744 2.272725 0.739431
v -3.171891 2.272793 0.740716
v -3.181937 2.280136 0.736993
v -3.181850 2.280136 0.738519
v -3.181398 2.280136 0.740017
v -3.179911 2.280136 0.742844
v -3.179007 2.280136 0.744147
v -3.178005 2.280136 0.745376
v -3.189681 2.286478 0.742822
v -3.189697 2.286478 0.744425
v -3.189358 2.286478 0.746009
v -3.188030 2.286478 0.748957
v -3.187147 2.286478 0.750275
v -3.186124 2.286478 0.751489
v -3.190557 2.322822 0.745448
v -3.190447 2.322799 0.747150
v -3.190287 2.322742 0.748430
v -3.189540 2.322739 0.750158
v -3.188648 2.322773 0.751416
v -3.187688 2.322739 0.752619
v -3.186876 2.319627 0.754026
v -3.186884 2.321523 0.753941
v -3.186907 2.322397 0.753728
v -3.190676 2.319627 0.748978
v -3.190597 2.321523 0.749010
v -3.190396 2.322397 0.749095
v -3.178870 2.281722 0.748011
v -3.181082 2.283417 0.749677
v -3.183220 2.285058 0.751286
v -3.182683 2.281722 0.742947
v -3.184895 2.283417 0.744612
v -3.187033 2.285058 0.746221
v -3.171587 2.273318 0.742188
v -3.171986 2.273969 0.742722
v -3.172480 2.274792 0.743184
v -3.175074 2.273318 0.737557
v -3.175697 2.273969 0.737793
v -3.176278 2.274792 0.738140
v -3.173628 2.276639 0.744061
v -3.174381 2.277644 0.744629
v -3.175427 2.278787 0.745417
v -3.177438 2.276639 0.739000
v -3.178192 2.277644 0.739567
v -3.179239 2.278787 0.740355
v -3.155829 2.272619 0.706396
v -3.154610 2.272619 0.704865
v -3.153277 2.272619 0.703635
v -3.159858 2.278785 0.703636
v -3.158290 2.278785 0.701667
v -3.156577 2.278785 0.700087
v -3.159858 2.272619 0.703636
v -3.158290 2.272619 0.701667
v -3.156577 2.272619 0.700087
v -3.160857 2.275702 0.702951
v -3.159204 2.275702 0.700874
v -3.157396 2.275702 0.699206
v -3.155829 2.278785 0.706396
v -3.154610 2.278785 0.704865
v -3.153277 2.278785 0.703635
v -3.154855 2.275702 0.707064
v -3.153720 2.275702 0.705638
v -3.152479 2.275702 0.704494
v -3.189562 2.322822 0.741906
v -3.188434 2.322799 0.740526
v -3.187269 2.322742 0.739561
v -3.176878 2.322742 0.753363
v -3.178124 2.322799 0.754220
v -3.179759 2.322822 0.754926
v -3.129263 2.275702 0.735409
v -3.130560 2.275702 0.736385
v -3.131754 2.275702 0.737285
v -3.132533 2.278785 0.730330
v -3.133489 2.278785 0.731050
v -3.134370 2.278785 0.731713
v -3.129914 2.278785 0.734399
v -3.131142 2.278785 0.735324
v -3.132274 2.278785 0.736177
v -3.132533 2.272619 0.730330
v -3.133489 2.272619 0.731050
v -3.134370 2.272619 0.731713
v -3.129914 2.272619 0.734399
v -3.131142 2.272619 0.735324
v -3.132274 2.272619 0.736177
v -3.133167 2.275702 0.729345
v -3.134057 2.275702 0.730015
v -3.134877 2.275702 0.730633
v -3.132991 2.273188 0.737588
v -3.132853 2.273930 0.737929
v -3.132803 2.274787 0.738052
v -3.134715 2.272272 0.733336
v -3.134202 2.272157 0.734602
v -3.133687 2.272272 0.735870
v -3.135587 2.274787 0.731185
v -3.135540 2.273930 0.731301
v -3.135405 2.273188 0.731632
v -3.135405 2.278217 0.731632
v -3.135540 2.277475 0.731301
v -3.135587 2.276618 0.731185
v -3.133687 2.279132 0.735870
v -3.134202 2.279248 0.734602
v -3.134715 2.279132 0.733336
v -3.132803 2.276618 0.738052
v -3.132853 2.277475 0.737929
v -3.132991 2.278217 0.737588
v -3.140286 2.275702 0.732080
v -3.142107 2.275702 0.731889
v -3.143997 2.275702 0.731646
v -3.139742 2.278785 0.738174
v -3.142256 2.278785 0.737911
v -3.144866 2.278785 0.737576
v -3.139634 2.275702 0.739392
v -3.142286 2.275702 0.739114
v -3.145040 2.275702 0.738761
v -3.140180 2.278785 0.733267
v -3.142136 2.278785 0.733062
v -3.144166 2.278785 0.732802
v -3.139742 2.272619 0.738174
v -3.142256 2.272619 0.737911
v -3.144866 2.272619 0.737576
v -3.140180 2.272619 0.733267
v -3.142136 2.272619 0.733062
v -3.144166 2.272619 0.732802
v -3.147464 2.273188 0.737918
v -3.147555 2.273930 0.738264
v -3.147588 2.274787 0.738390
v -3.146328 2.272272 0.733601
v -3.146666 2.272157 0.734887
v -3.147005 2.272272 0.736174
v -3.145753 2.274787 0.731417
v -3.145784 2.273930 0.731534
v -3.145873 2.273188 0.731871
v -3.145873 2.278217 0.731871
v -3.145784 2.277475 0.731534
v -3.145753 2.276618 0.731417
v -3.147005 2.279132 0.736174
v -3.146666 2.279248 0.734887
v -3.146328 2.279132 0.733601
v -3.147588 2.276618 0.738390
v -3.147555 2.277475 0.738264
v -3.147464 2.278217 0.737918
v -3.134559 2.276619 0.693471
v -3.138510 2.276618 0.693373
v -3.142455 2.276618 0.693276
v -3.134523 2.277488 0.693628
v -3.138502 2.277480 0.693511
v -3.142447 2.277476 0.693405
v -3.134447 2.278258 0.694068
v -3.138494 2.278230 0.693894
v -3.142429 2.278219 0.693762
v -3.134845 2.279176 0.696415
v -3.138694 2.279145 0.695828
v -3.142365 2.279134 0.695564
v -3.135330 2.279263 0.697997
v -3.138904 2.279252 0.697222
v -3.142325 2.279248 0.696889
v -3.135807 2.279134 0.699386
v -3.139112 2.279133 0.698558
v -3.142285 2.279132 0.698205
v -3.136448 2.278217 0.701094
v -3.139386 2.278217 0.700305
v -3.142231 2.278217 0.699971
v -3.136574 2.277475 0.701423
v -3.139440 2.277475 0.700643
v -3.142220 2.277475 0.700314
v -3.136617 2.276618 0.701538
v -3.139458 2.276618 0.700762
v -3.142217 2.276618 0.700434
v -3.136618 2.274787 0.701539
v -3.139459 2.274787 0.700762
v -3.142217 2.274787 0.700434
v -3.136579 2.273930 0.701427
v -3.139441 2.273930 0.700644
v -3.142221 2.273930 0.700314
v -3.136467 2.273188 0.701109
v -3.139392 2.273188 0.700309
v -3.142232 2.273188 0.699971
v -3.135881 2.272270 0.699457
v -3.139134 2.272272 0.698579
v -3.142288 2.272272 0.698208
v -3.135374 2.272142 0.698147
v -3.138918 2.272152 0.697265
v -3.142327 2.272156 0.696894
v -3.134760 2.272228 0.696688
v -3.138673 2.272259 0.695904
v -3.142362 2.272271 0.695573
v -3.134314 2.273147 0.694269
v -3.138454 2.273174 0.693955
v -3.142424 2.273186 0.693770
v -3.134478 2.273916 0.693693
v -3.138488 2.273925 0.693533
v -3.142446 2.273929 0.693408
v -3.134554 2.274785 0.693479
v -3.138508 2.274786 0.693376
v -3.142454 2.274787 0.693276
v -3.099432 2.287637 0.692801
v -3.099124 2.287635 0.693501
v -3.098431 2.287634 0.693870
v -3.098793 2.288968 0.692322
v -3.098495 2.288968 0.693027
v -3.097807 2.288968 0.693400
v -3.098550 2.291043 0.692141
v -3.098260 2.291043 0.692851
v -3.097577 2.291043 0.693227
v -3.122197 2.276618 0.730036
v -3.121499 2.276618 0.729292
v -3.120912 2.276618 0.728257
v -3.122307 2.277475 0.729958
v -3.121613 2.277475 0.729218
v -3.121029 2.277475 0.728188
v -3.122609 2.278217 0.729741
v -3.121926 2.278217 0.729013
v -3.121351 2.278217 0.727999
v -3.124134 2.279132 0.728650
v -3.123506 2.279132 0.727980
v -3.122977 2.279132 0.727047
v -3.125260 2.279248 0.727844
v -3.124672 2.279248 0.727217
v -3.124177 2.279248 0.726344
v -3.126384 2.279132 0.727040
v -3.125836 2.279132 0.726455
v -3.125375 2.279132 0.725642
v -3.127897 2.278217 0.725957
v -3.127403 2.278217 0.725430
v -3.126987 2.278217 0.724697
v -3.128191 2.277475 0.725747
v -3.127708 2.277475 0.725231
v -3.127301 2.277475 0.724514
v -3.128294 2.276618 0.725673
v -3.127814 2.276618 0.725161
v -3.127410 2.276618 0.724449
v -3.128294 2.274787 0.725673
v -3.127814 2.274787 0.725161
v -3.127410 2.274787 0.724449
v -3.128191 2.273930 0.725747
v -3.127708 2.273930 0.725231
v -3.127301 2.273930 0.724514
v -3.127897 2.273188 0.725957
v -3.127403 2.273188 0.725430
v -3.126987 2.273188 0.724697
v -3.126384 2.272272 0.727040
v -3.125836 2.272272 0.726455
v -3.125375 2.272272 0.725642
v -3.125260 2.272157 0.727844
v -3.124672 2.272157 0.727217
v -3.124177 2.272157 0.726344
v -3.124134 2.272272 0.728650
v -3.123506 2.272272 0.727980
v -3.122977 2.272272 0.727047
v -3.122609 2.273188 0.729741
v -3.121926 2.273188 0.729013
v -3.121351 2.273188 0.727999
v -3.122307 2.273930 0.729958
v -3.121613 2.273930 0.729218
v -3.121029 2.273930 0.728188
v -3.122197 2.274787 0.730036
v -3.121499 2.274787 0.729292
v -3.120912 2.274787 0.728257
v -3.118323 2.276618 0.714473
v -3.117952 2.276618 0.712720
v -3.117404 2.276619 0.711206
v -3.118455 2.277476 0.714480
v -3.118091 2.277480 0.712726
v -3.117553 2.277488 0.711192
v -3.118820 2.278219 0.714501
v -3.118477 2.278230 0.712744
v -3.117978 2.278258 0.711158
v -3.120665 2.279134 0.714614
v -3.120475 2.279145 0.712913
v -3.120392 2.279176 0.711223
v -3.122025 2.279248 0.714702
v -3.121929 2.279252 0.713076
v -3.122068 2.279263 0.711401
v -3.123376 2.279132 0.714794
v -3.123330 2.279133 0.713270
v -3.123565 2.279134 0.711679
v -3.125189 2.278217 0.714921
v -3.125167 2.278217 0.713557
v -3.125431 2.278217 0.712146
v -3.125541 2.277475 0.714946
v -3.125523 2.277475 0.713613
v -3.125791 2.277475 0.712240
v -3.125664 2.276618 0.714955
v -3.125648 2.276618 0.713633
v -3.125917 2.276618 0.712273
v -3.125664 2.274787 0.714955
v -3.125648 2.274787 0.713633
v -3.125917 2.274787 0.712273
v -3.125541 2.273930 0.714946
v -3.125525 2.273930 0.713614
v -3.125796 2.273930 0.712244
v -3.125189 2.273188 0.714922
v -3.125172 2.273188 0.713561
v -3.125450 2.273188 0.712161
v -3.123379 2.272272 0.714796
v -3.123356 2.272272 0.713286
v -3.123654 2.272270 0.711731
v -3.122030 2.272156 0.714703
v -3.121974 2.272152 0.713079
v -3.122225 2.272142 0.711402
v -3.120673 2.272271 0.714609
v -3.120541 2.272259 0.712872
v -3.120631 2.272228 0.711066
v -3.118826 2.273186 0.714494
v -3.118525 2.273174 0.712689
v -3.118135 2.273147 0.710975
v -3.118457 2.273929 0.714478
v -3.118108 2.273925 0.712706
v -3.117604 2.273916 0.711130
v -3.118323 2.274787 0.714473
v -3.117954 2.274786 0.712718
v -3.117410 2.274785 0.711198
v -3.112676 2.272207 0.694207
v -3.112456 2.272280 0.698427
v -3.114450 2.272161 0.695542
v -3.116670 2.272280 0.692829
v -3.115555 2.272334 0.691564
v -3.115213 2.272494 0.690085
v -3.113604 2.272394 0.691288
v -3.112387 2.272501 0.691595
v -3.111451 2.272395 0.693285
v -3.110085 2.272501 0.694652
v -3.110127 2.272394 0.695906
v -3.109416 2.272494 0.697785
v -3.110931 2.272334 0.697705
v -3.127266 2.278217 0.708468
v -3.128937 2.278217 0.706273
v -3.131079 2.278217 0.704167
v -3.127630 2.277475 0.708672
v -3.129278 2.277475 0.706534
v -3.131361 2.277475 0.704463
v -3.127758 2.276618 0.708745
v -3.129399 2.276618 0.706626
v -3.131462 2.276618 0.704567
v -3.127761 2.274787 0.708747
v -3.129403 2.274787 0.706629
v -3.131464 2.274787 0.704570
v -3.127654 2.273930 0.708691
v -3.129308 2.273930 0.706556
v -3.131386 2.273930 0.704481
v -3.127348 2.273188 0.708530
v -3.129039 2.273188 0.706349
v -3.131161 2.273188 0.704229
v -3.125751 2.272266 0.707696
v -3.127628 2.272265 0.705270
v -3.129985 2.272266 0.702913
v -3.124408 2.272106 0.707019
v -3.126441 2.272096 0.704375
v -3.128977 2.272106 0.701807
v -3.122774 2.272097 0.706212
v -3.124986 2.272063 0.703297
v -3.127697 2.272097 0.700470
v -3.108081 2.281909 0.698970
v -3.107565 2.281905 0.699764
v -3.106825 2.281809 0.700228
v -3.105185 2.283482 0.697023
v -3.104784 2.283472 0.697731
v -3.104051 2.283439 0.698113
v -3.102637 2.285077 0.695199
v -3.102293 2.285068 0.695881
v -3.101576 2.285061 0.696239
v -3.110973 2.276639 0.686998
v -3.112237 2.276639 0.686112
v -3.113589 2.276639 0.685540
v -3.110207 2.277644 0.686421
v -3.111484 2.277644 0.685544
v -3.112866 2.277644 0.684994
v -3.109125 2.278787 0.685605
v -3.110419 2.278787 0.684741
v -3.111830 2.278787 0.684213
v -3.112859 2.273281 0.689101
v -3.113990 2.273248 0.688361
v -3.115174 2.273281 0.687707
v -3.112570 2.273959 0.688399
v -3.113770 2.273949 0.687544
v -3.115016 2.273959 0.686916
v -3.112114 2.274791 0.687883
v -3.113353 2.274790 0.686987
v -3.114647 2.274791 0.686374
v -3.119643 2.273191 0.689233
v -3.120136 2.273931 0.688439
v -3.120208 2.274787 0.688066
v -3.118369 2.273218 0.688304
v -3.118758 2.273939 0.687514
v -3.118728 2.274788 0.687092
v -3.117297 2.273277 0.687629
v -3.117491 2.273958 0.686881
v -3.117328 2.274791 0.686421
v -3.119858 2.276636 0.687745
v -3.119491 2.277624 0.687495
v -3.118789 2.278731 0.687036
v -3.118170 2.276638 0.686616
v -3.117686 2.277638 0.686259
v -3.116862 2.278771 0.685658
v -3.116559 2.276639 0.685794
v -3.115970 2.277643 0.685350
v -3.115053 2.278785 0.684660
v -3.108856 2.274787 0.703144
v -3.109195 2.273931 0.702971
v -3.109822 2.273191 0.702278
v -3.107511 2.274788 0.701991
v -3.107925 2.273939 0.701902
v -3.108577 2.273218 0.701310
v -3.106479 2.274791 0.700830
v -3.106967 2.273958 0.700861
v -3.107632 2.273277 0.700467
v -3.107474 2.278731 0.702064
v -3.108110 2.277624 0.702613
v -3.108451 2.276636 0.702896
v -3.105617 2.278771 0.700594
v -3.106422 2.277638 0.701219
v -3.106899 2.276638 0.701586
v -3.104158 2.278785 0.699131
v -3.105075 2.277643 0.699822
v -3.105664 2.276639 0.700265
v -3.108413 2.287634 0.680611
v -3.108250 2.287635 0.681380
v -3.107663 2.287637 0.681869
v -3.107790 2.288968 0.680141
v -3.107621 2.288968 0.680905
v -3.107025 2.288968 0.681388
v -3.107559 2.291043 0.679968
v -3.107387 2.291043 0.680729
v -3.106784 2.291043 0.681205
v -3.115670 2.278266 0.708185
v -3.115399 2.277491 0.708344
v -3.115299 2.276619 0.708397
v -3.113857 2.278299 0.706718
v -3.113763 2.277502 0.706912
v -3.113741 2.276621 0.706990
v -3.111804 2.278437 0.705176
v -3.111918 2.277544 0.705464
v -3.111997 2.276626 0.705593
v -3.115320 2.274785 0.708377
v -3.115550 2.273916 0.708168
v -3.116178 2.273147 0.707570
v -3.113790 2.274786 0.706981
v -3.114012 2.273925 0.706731
v -3.114599 2.273174 0.706027
v -3.112110 2.274787 0.705626
v -3.112346 2.273929 0.705374
v -3.112925 2.273186 0.704638
v -3.127975 2.276619 0.692673
v -3.127906 2.277491 0.692790
v -3.127708 2.278266 0.693111
v -3.125532 2.276621 0.691657
v -3.125448 2.277502 0.691703
v -3.125247 2.278299 0.691852
v -3.123465 2.276626 0.690402
v -3.123317 2.277544 0.690363
v -3.123004 2.278437 0.690333
v -3.127257 2.273147 0.693770
v -3.127779 2.273916 0.692984
v -3.127962 2.274785 0.692699
v -3.124789 2.273174 0.692756
v -3.125343 2.273925 0.691992
v -3.125537 2.274786 0.691707
v -3.122796 2.273186 0.691559
v -3.123348 2.273929 0.690798
v -3.123528 2.274787 0.690502
v -3.117720 2.279412 0.704693
v -3.117202 2.279359 0.705820
v -3.116661 2.279204 0.706887
v -3.115741 2.279532 0.703908
v -3.115053 2.279484 0.704939
v -3.114495 2.279304 0.705753
v -3.113548 2.279875 0.702577
v -3.112803 2.279855 0.703541
v -3.112196 2.279658 0.704231
v -3.119218 2.272226 0.703746
v -3.121485 2.272127 0.700761
v -3.123932 2.272226 0.697806
v -3.117468 2.272259 0.702246
v -3.119610 2.272147 0.699402
v -3.121814 2.272259 0.696574
v -3.115719 2.272271 0.700848
v -3.117792 2.272156 0.698056
v -3.119910 2.272271 0.695293
v -3.103339 2.319629 0.675863
v -3.104939 2.319629 0.676758
v -3.106269 2.319628 0.677848
v -3.103273 2.321543 0.675939
v -3.104869 2.321538 0.676806
v -3.106173 2.321529 0.677859
v -3.103094 2.322460 0.676144
v -3.104689 2.322447 0.676945
v -3.105939 2.322417 0.677907
v -3.093441 2.287634 0.681709
v -3.094321 2.287634 0.680388
v -3.095347 2.287634 0.679177
v -3.092823 2.288968 0.681244
v -3.093702 2.288968 0.679922
v -3.094730 2.288968 0.678712
v -3.092596 2.291043 0.681073
v -3.093474 2.291043 0.679750
v -3.094502 2.291043 0.678541
v -3.104021 2.281677 0.699294
v -3.102254 2.281706 0.698017
v -3.100770 2.281720 0.696578
v -3.101485 2.283403 0.697346
v -3.099902 2.283412 0.696234
v -3.098493 2.283417 0.694862
v -3.099120 2.285056 0.695551
v -3.097631 2.285057 0.694519
v -3.096272 2.285058 0.693190
v -3.105496 2.281722 0.682872
v -3.106841 2.281722 0.682045
v -3.108313 2.281722 0.681562
v -3.103146 2.283417 0.681102
v -3.104521 2.283417 0.680298
v -3.106022 2.283417 0.679837
v -3.100870 2.285058 0.679388
v -3.102276 2.285058 0.678607
v -3.103801 2.285058 0.678164
v -3.096052 2.287634 0.693239
v -3.094618 2.287634 0.692250
v -3.093301 2.287634 0.690953
v -3.095442 2.288968 0.692780
v -3.094017 2.288968 0.691798
v -3.092708 2.288968 0.690506
v -3.095218 2.291043 0.692611
v -3.093796 2.291043 0.691631
v -3.092489 2.291043 0.690342
v -3.111663 2.281720 0.682110
v -3.113456 2.281706 0.683138
v -3.115172 2.281677 0.684483
v -3.109384 2.283417 0.680396
v -3.111092 2.283412 0.681371
v -3.112599 2.283403 0.682585
v -3.107163 2.285058 0.678724
v -3.108816 2.285057 0.679662
v -3.110219 2.285056 0.680808
v -3.095618 2.311288 0.686939
v -3.095857 2.305357 0.687097
v -3.096091 2.299424 0.687253
v -3.096470 2.311288 0.688458
v -3.096646 2.305357 0.688573
v -3.096819 2.299424 0.688686
v -3.097431 2.311288 0.689833
v -3.097544 2.305357 0.689905
v -3.097654 2.299424 0.689977
v -3.095183 2.319628 0.692573
v -3.093768 2.319629 0.691596
v -3.092466 2.319629 0.690306
v -3.095167 2.321529 0.692478
v -3.093794 2.321538 0.691517
v -3.092518 2.321543 0.690223
v -3.095145 2.322417 0.692243
v -3.093874 2.322447 0.691309
v -3.092662 2.322460 0.689999
v -3.091841 2.287634 0.687882
v -3.091813 2.287634 0.686270
v -3.092136 2.287634 0.684674
v -3.091249 2.288968 0.687436
v -3.091215 2.288968 0.685820
v -3.091530 2.288968 0.684218
v -3.091031 2.291043 0.687272
v -3.090995 2.291043 0.685654
v -3.091307 2.291043 0.684050
v -3.098375 2.319628 0.692029
v -3.098173 2.319628 0.692789
v -3.097525 2.319628 0.693183
v -3.098230 2.321528 0.691949
v -3.098045 2.321533 0.692687
v -3.097424 2.321528 0.693069
v -3.097875 2.322415 0.691739
v -3.097705 2.322432 0.692414
v -3.097147 2.322415 0.692773
v -3.097835 2.287634 0.677103
v -3.099280 2.287634 0.676352
v -3.100837 2.287634 0.675933
v -3.097229 2.288968 0.676647
v -3.098682 2.288968 0.675902
v -3.100245 2.288968 0.675487
v -3.097006 2.291043 0.676479
v -3.098462 2.291043 0.675736
v -3.100027 2.291043 0.675323
v -3.096966 2.319628 0.676473
v -3.098416 2.319629 0.675734
v -3.099982 2.319629 0.675319
v -3.096905 2.321529 0.676602
v -3.098317 2.321538 0.675889
v -3.099881 2.321543 0.675458
v -3.096726 2.322417 0.676951
v -3.098041 2.322447 0.676312
v -3.099608 2.322460 0.675835
v -3.107503 2.319628 0.679931
v -3.107302 2.319628 0.680664
v -3.106624 2.319628 0.681072
v -3.107364 2.321528 0.679866
v -3.107167 2.321533 0.680570
v -3.106505 2.321528 0.680958
v -3.107001 2.322415 0.679684
v -3.106808 2.322432 0.680323
v -3.106201 2.322415 0.680680
v -3.097180 2.319629 0.680317
v -3.095841 2.319629 0.681606
v -3.094975 2.319629 0.683246
v -3.097058 2.321543 0.680185
v -3.095687 2.321543 0.681500
v -3.094805 2.321543 0.683177
v -3.097006 2.322462 0.680039
v -3.095570 2.322462 0.681415
v -3.094647 2.322462 0.683172
v -3.099882 2.287673 0.682360
v -3.098640 2.287675 0.683649
v -3.097745 2.287673 0.685199
v -3.099109 2.288979 0.681778
v -3.097860 2.288980 0.683067
v -3.096967 2.288979 0.684624
v -3.098739 2.291044 0.681499
v -3.097481 2.291045 0.682789
v -3.096590 2.291044 0.684353
v -3.098482 2.299424 0.692094
v -3.098217 2.299424 0.692820
v -3.097543 2.299424 0.693201
v -3.098457 2.305357 0.692078
v -3.098210 2.305357 0.692815
v -3.097542 2.305357 0.693201
v -3.098433 2.311288 0.692062
v -3.098202 2.311288 0.692810
v -3.097541 2.311288 0.693200
v -3.104192 2.287634 0.676487
v -3.105803 2.287634 0.677394
v -3.107150 2.287634 0.678499
v -3.103599 2.288968 0.676041
v -3.105202 2.288968 0.676942
v -3.106540 2.288968 0.678040
v -3.103380 2.291043 0.675876
v -3.104980 2.291043 0.676775
v -3.106315 2.291043 0.677871
v -3.094906 2.322460 0.686832
v -3.095085 2.321543 0.686717
v -3.095238 2.319629 0.686720
v -3.095849 2.322447 0.688412
v -3.096045 2.321538 0.688306
v -3.096185 2.319629 0.688301
v -3.096850 2.322417 0.689746
v -3.097100 2.321529 0.689716
v -3.097242 2.319628 0.689732
v -3.119009 2.279620 0.695987
v -3.120746 2.279469 0.697429
v -3.122198 2.279410 0.698733
v -3.117708 2.279550 0.697996
v -3.119441 2.279449 0.699300
v -3.121027 2.279408 0.700494
v -3.116137 2.279620 0.699801
v -3.118004 2.279469 0.701072
v -3.119658 2.279410 0.702107
v -3.126245 2.279204 0.694492
v -3.125175 2.279359 0.695334
v -3.124158 2.279412 0.696154
v -3.124363 2.279304 0.692751
v -3.123675 2.279484 0.693521
v -3.122850 2.279532 0.694470
v -3.122187 2.279658 0.690974
v -3.121684 2.279855 0.691748
v -3.120961 2.279875 0.692731
v -3.107525 2.299424 0.679942
v -3.107344 2.299424 0.680696
v -3.106719 2.299424 0.681154
v -3.107525 2.305357 0.679942
v -3.107338 2.305357 0.680691
v -3.106696 2.305357 0.681136
v -3.107524 2.311288 0.679941
v -3.107331 2.311288 0.680685
v -3.106673 2.311288 0.681117
v -3.116844 2.281809 0.686920
v -3.116603 2.281905 0.687759
v -3.115983 2.281909 0.688475
v -3.114045 2.283439 0.684838
v -3.113881 2.283472 0.685649
v -3.113311 2.283482 0.686230
v -3.111560 2.285061 0.682978
v -3.111414 2.285068 0.683766
v -3.110853 2.285077 0.684286
v -3.102793 2.287663 0.681317
v -3.102062 2.288976 0.680760
v -3.101732 2.291044 0.680504
v -3.104237 2.287655 0.681502
v -3.103534 2.288974 0.680967
v -3.103231 2.291044 0.680732
v -3.105577 2.287647 0.681826
v -3.104902 2.288972 0.681314
v -3.104625 2.291044 0.681100
v -3.094935 2.323052 0.680888
v -3.098246 2.322996 0.677708
v -3.097440 2.323058 0.678884
v -3.097111 2.323000 0.679529
v -3.095330 2.323000 0.681212
v -3.094205 2.323000 0.683390
v -3.093694 2.323058 0.683858
v -3.092804 2.322996 0.684937
v -3.093111 2.322970 0.683019
v -3.093117 2.322889 0.681883
v -3.094265 2.322941 0.680366
v -3.095410 2.322889 0.678837
v -3.096492 2.322970 0.678528
v -3.125235 2.279351 0.703556
v -3.121294 2.279312 0.707320
v -3.121915 2.279372 0.705357
v -3.121704 2.279398 0.703995
v -3.123575 2.279397 0.702402
v -3.124600 2.279398 0.700172
v -3.126133 2.279372 0.699969
v -3.128353 2.279312 0.698765
v -3.128776 2.279303 0.701040
v -3.129648 2.279140 0.702598
v -3.127134 2.279144 0.704907
v -3.125353 2.279140 0.707462
v -3.123603 2.279303 0.707051
v -3.108524 2.282520 0.689126
v -3.107594 2.282464 0.690381
v -3.106644 2.282520 0.691622
v -3.106055 2.283826 0.687096
v -3.104931 2.283814 0.688377
v -3.104011 2.283826 0.689811
v -3.103491 2.285253 0.685089
v -3.102280 2.285256 0.686382
v -3.101372 2.285253 0.687904
v -3.095186 2.299424 0.692587
v -3.093764 2.299424 0.691607
v -3.092458 2.299424 0.690318
v -3.095186 2.305357 0.692587
v -3.093764 2.305357 0.691607
v -3.092458 2.305357 0.690318
v -3.095186 2.311288 0.692587
v -3.093764 2.311288 0.691607
v -3.092458 2.311288 0.690318
v -3.105366 2.322888 0.678569
v -3.105003 2.322937 0.679124
v -3.104508 2.322888 0.679584
v -3.103980 2.322966 0.677768
v -3.103497 2.323022 0.678372
v -3.103000 2.322966 0.678924
v -3.102231 2.322995 0.677177
v -3.101656 2.323053 0.677876
v -3.101165 2.322995 0.678479
v -3.103349 2.299424 0.675853
v -3.104949 2.299424 0.676751
v -3.106283 2.299424 0.677847
v -3.103349 2.305357 0.675853
v -3.104949 2.305357 0.676751
v -3.106283 2.305357 0.677847
v -3.103349 2.311288 0.675853
v -3.104949 2.311288 0.676751
v -3.106283 2.311288 0.677847
v -3.094329 2.322995 0.687559
v -3.095276 2.322966 0.689184
v -3.096339 2.322888 0.690435
v -3.093899 2.323053 0.688181
v -3.094893 2.323022 0.689801
v -3.096041 2.322937 0.691028
v -3.093398 2.322995 0.688909
v -3.094455 2.322966 0.690419
v -3.095615 2.322888 0.691521
v -3.110466 2.280812 0.694583
v -3.111779 2.280612 0.693532
v -3.112427 2.280812 0.691980
v -3.111725 2.280373 0.695855
v -3.113251 2.280150 0.694640
v -3.113996 2.280373 0.692838
v -3.112920 2.280081 0.697093
v -3.114598 2.279873 0.695654
v -3.115517 2.280081 0.693644
v -3.100609 2.319629 0.679585
v -3.100558 2.321543 0.679448
v -3.100615 2.322460 0.679249
v -3.102404 2.319629 0.680041
v -3.102365 2.321538 0.679912
v -3.102409 2.322447 0.679698
v -3.104084 2.319628 0.680644
v -3.104026 2.321529 0.680516
v -3.103982 2.322417 0.680272
v -3.096466 2.291044 0.687498
v -3.096808 2.288976 0.687738
v -3.097550 2.287663 0.688282
v -3.097104 2.291044 0.688871
v -3.097417 2.288974 0.689092
v -3.098129 2.287655 0.689616
v -3.097847 2.291044 0.690103
v -3.098131 2.288972 0.690307
v -3.098812 2.287647 0.690811
v -3.110792 2.282429 0.688089
v -3.108656 2.283754 0.685961
v -3.106260 2.285206 0.683963
v -3.112231 2.282215 0.688368
v -3.110013 2.283654 0.686106
v -3.107618 2.285165 0.684086
v -3.113673 2.282026 0.688745
v -3.111298 2.283562 0.686375
v -3.108876 2.285125 0.684345
v -3.101056 2.285206 0.690875
v -3.103640 2.283754 0.692624
v -3.106275 2.282429 0.694088
v -3.101550 2.285165 0.692146
v -3.104154 2.283654 0.693888
v -3.106941 2.282215 0.695394
v -3.102148 2.285125 0.693283
v -3.104768 2.283562 0.695048
v -3.107703 2.282026 0.696675
v -3.096975 2.299424 0.676455
v -3.098430 2.299424 0.675712
v -3.099996 2.299424 0.675299
v -3.096975 2.305357 0.676455
v -3.098430 2.305357 0.675712
v -3.099996 2.305357 0.675299
v -3.096975 2.311288 0.676455
v -3.098430 2.311288 0.675712
v -3.099996 2.311288 0.675299
v -3.092563 2.299424 0.681049
v -3.093441 2.299424 0.679726
v -3.094470 2.299424 0.678516
v -3.092563 2.305357 0.681049
v -3.093441 2.305357 0.679726
v -3.094470 2.305357 0.678516
v -3.092563 2.311288 0.681049
v -3.093441 2.311288 0.679726
v -3.094470 2.311288 0.678516
v -3.091000 2.299424 0.687249
v -3.090963 2.299424 0.685630
v -3.091275 2.299424 0.684026
v -3.091000 2.305357 0.687249
v -3.090963 2.305357 0.685630
v -3.091275 2.305357 0.684026
v -3.091000 2.311288 0.687249
v -3.090963 2.311288 0.685630
v -3.091275 2.311288 0.684026
v -3.098266 2.299424 0.681142
v -3.096986 2.299424 0.682431
v -3.096103 2.299424 0.684016
v -3.097961 2.305357 0.680912
v -3.096667 2.305357 0.682198
v -3.095790 2.305357 0.683795
v -3.097651 2.311288 0.680678
v -3.096342 2.311288 0.681962
v -3.095471 2.311288 0.683573
v -3.101383 2.299424 0.680224
v -3.101162 2.305357 0.680049
v -3.100939 2.311288 0.679871
v -3.102968 2.299424 0.680518
v -3.102808 2.305357 0.680389
v -3.102644 2.311288 0.680257
v -3.104446 2.299424 0.680955
v -3.104344 2.305357 0.680872
v -3.104241 2.311288 0.680788
v -3.091014 2.319629 0.687230
v -3.090981 2.319629 0.685611
v -3.091290 2.319628 0.684012
v -3.091119 2.321543 0.687097
v -3.091101 2.321538 0.685474
v -3.091395 2.321529 0.683920
v -3.091402 2.322460 0.686736
v -3.091427 2.322447 0.685097
v -3.091679 2.322417 0.683655
v -3.092572 2.319628 0.681050
v -3.093448 2.319628 0.679731
v -3.094473 2.319628 0.678524
v -3.092632 2.321528 0.681061
v -3.093495 2.321533 0.679767
v -3.094500 2.321528 0.678581
v -3.092781 2.322415 0.681108
v -3.093621 2.322432 0.679866
v -3.094583 2.322415 0.678714
v -3.099317 2.281722 0.693510
v -3.099374 2.281722 0.691962
v -3.099797 2.281722 0.690441
v -3.097026 2.283417 0.691785
v -3.097054 2.283417 0.690216
v -3.097446 2.283417 0.688672
v -3.094805 2.285058 0.690114
v -3.094808 2.285058 0.688525
v -3.095171 2.285058 0.686959
v -3.101248 2.281722 0.687587
v -3.102147 2.281722 0.686280
v -3.103155 2.281722 0.685055
v -3.098854 2.283417 0.685785
v -3.099747 2.283417 0.684473
v -3.100760 2.283417 0.683252
v -3.096535 2.285058 0.684039
v -3.097423 2.285058 0.682723
v -3.098441 2.285058 0.681506
v -3.107120 2.273281 0.698405
v -3.107421 2.273248 0.697086
v -3.107819 2.273281 0.695795
v -3.106316 2.273959 0.698472
v -3.106575 2.273949 0.697101
v -3.107065 2.273959 0.695711
v -3.105693 2.274791 0.698267
v -3.105925 2.274790 0.696854
v -3.106442 2.274791 0.695416
v -3.109128 2.273281 0.693411
v -3.110031 2.273248 0.692216
v -3.110930 2.273281 0.691018
v -3.108537 2.273959 0.693033
v -3.109439 2.273949 0.691770
v -3.110403 2.273959 0.690554
v -3.107967 2.274791 0.692640
v -3.108875 2.274790 0.691345
v -3.109868 2.274791 0.690116
v -3.104599 2.276639 0.697481
v -3.104775 2.276639 0.696023
v -3.105277 2.276639 0.694564
v -3.103875 2.277644 0.696937
v -3.104021 2.277644 0.695457
v -3.104511 2.277644 0.693987
v -3.102837 2.278787 0.696158
v -3.102954 2.278787 0.694655
v -3.103428 2.278787 0.693173
v -3.106807 2.276639 0.691771
v -3.107715 2.276639 0.690472
v -3.108712 2.276639 0.689240
v -3.106035 2.277644 0.691190
v -3.106942 2.277644 0.689891
v -3.107940 2.277644 0.688659
v -3.104939 2.278787 0.690365
v -3.105845 2.278787 0.689064
v -3.106844 2.278787 0.687834
v -3.148869 2.273188 0.694527
v -3.151268 2.273188 0.695519
v -3.153325 2.273188 0.696768
v -3.148982 2.273930 0.694186
v -3.151420 2.273930 0.695194
v -3.153508 2.273930 0.696462
v -3.149023 2.274787 0.694062
v -3.151474 2.274787 0.695076
v -3.153575 2.274787 0.696351
v -3.147455 2.272272 0.698784
v -3.149380 2.272272 0.699580
v -3.151031 2.272272 0.700582
v -3.147876 2.272157 0.697516
v -3.149943 2.272157 0.698371
v -3.151714 2.272157 0.699446
v -3.148298 2.272272 0.696247
v -3.150506 2.272272 0.697160
v -3.152398 2.272272 0.698309
v -3.146740 2.274787 0.700937
v -3.148425 2.274787 0.701634
v -3.149870 2.274787 0.702511
v -3.146778 2.273930 0.700821
v -3.148477 2.273930 0.701524
v -3.149932 2.273930 0.702407
v -3.146888 2.273188 0.700490
v -3.148624 2.273188 0.701207
v -3.150111 2.273188 0.702110
v -3.146888 2.278217 0.700490
v -3.148624 2.278217 0.701207
v -3.150111 2.278217 0.702110
v -3.146778 2.277475 0.700821
v -3.148477 2.277475 0.701524
v -3.149932 2.277475 0.702407
v -3.146740 2.276618 0.700937
v -3.148425 2.276618 0.701634
v -3.149870 2.276618 0.702511
v -3.148298 2.279132 0.696247
v -3.150506 2.279132 0.697160
v -3.152398 2.279132 0.698309
v -3.147876 2.279248 0.697516
v -3.149943 2.279248 0.698371
v -3.151714 2.279248 0.699446
v -3.147455 2.279132 0.698784
v -3.149380 2.279132 0.699580
v -3.151031 2.279132 0.700582
v -3.149023 2.276618 0.694062
v -3.151474 2.276618 0.695076
v -3.153575 2.276618 0.696351
v -3.148982 2.277475 0.694186
v -3.151420 2.277475 0.695194
v -3.153508 2.277475 0.696462
v -3.148869 2.278217 0.694527
v -3.151268 2.278217 0.695520
v -3.153325 2.278217 0.696768
v -3.126901 2.273188 0.733003
v -3.125633 2.273188 0.732048
v -3.124465 2.273188 0.731169
v -3.126666 2.273930 0.733271
v -3.125378 2.273930 0.732301
v -3.124192 2.273930 0.731408
v -3.126581 2.274787 0.733368
v -3.125286 2.274787 0.732393
v -3.124092 2.274787 0.731494
v -3.129828 2.272272 0.729657
v -3.128810 2.272272 0.728891
v -3.127873 2.272272 0.728185
v -3.128956 2.272157 0.730653
v -3.127864 2.272157 0.729831
v -3.126858 2.272157 0.729074
v -3.128083 2.272272 0.731651
v -3.126917 2.272272 0.730773
v -3.125842 2.272272 0.729963
v -3.131309 2.274787 0.727964
v -3.130418 2.274787 0.727293
v -3.129597 2.274787 0.726676
v -3.131229 2.273930 0.728055
v -3.130332 2.273930 0.727380
v -3.129504 2.273930 0.726757
v -3.131001 2.273188 0.728316
v -3.130084 2.273188 0.727626
v -3.129239 2.273188 0.726989
v -3.131001 2.278217 0.728316
v -3.130084 2.278217 0.727626
v -3.129239 2.278217 0.726989
v -3.131229 2.277475 0.728055
v -3.130332 2.277475 0.727380
v -3.129504 2.277475 0.726757
v -3.131309 2.276618 0.727964
v -3.130418 2.276618 0.727293
v -3.129597 2.276618 0.726676
v -3.128083 2.279132 0.731651
v -3.126917 2.279132 0.730773
v -3.125842 2.279132 0.729963
v -3.128956 2.279248 0.730653
v -3.127864 2.279248 0.729831
v -3.126858 2.279248 0.729074
v -3.129828 2.279132 0.729657
v -3.128810 2.279132 0.728891
v -3.127873 2.279132 0.728185
v -3.126581 2.276618 0.733368
v -3.125286 2.276618 0.732393
v -3.124092 2.276618 0.731494
v -3.126666 2.277475 0.733271
v -3.125378 2.277475 0.732301
v -3.124192 2.277475 0.731408
v -3.126901 2.278217 0.733003
v -3.125633 2.278217 0.732048
v -3.124465 2.278217 0.731169
v -3.120353 2.273188 0.724332
v -3.119896 2.273188 0.721763
v -3.119483 2.273188 0.719079
v -3.120014 2.273930 0.724462
v -3.119551 2.273930 0.721853
v -3.119132 2.273930 0.719127
v -3.119892 2.274787 0.724510
v -3.119426 2.274787 0.721886
v -3.119004 2.274787 0.719144
v -3.124573 2.272272 0.722699
v -3.124207 2.272272 0.720638
v -3.123876 2.272272 0.718484
v -3.123317 2.272157 0.723185
v -3.122924 2.272157 0.720973
v -3.122568 2.272157 0.718662
v -3.122058 2.272272 0.723672
v -3.121638 2.272272 0.721308
v -3.121258 2.272272 0.718839
v -3.126709 2.274787 0.721873
v -3.126389 2.274787 0.720069
v -3.126099 2.274787 0.718184
v -3.126594 2.273930 0.721918
v -3.126271 2.273930 0.720099
v -3.125979 2.273930 0.718200
v -3.126265 2.273188 0.722045
v -3.125935 2.273188 0.720187
v -3.125637 2.273188 0.718246
v -3.126265 2.278217 0.722045
v -3.125935 2.278217 0.720187
v -3.125637 2.278217 0.718246
v -3.126594 2.277475 0.721918
v -3.126271 2.277475 0.720099
v -3.125979 2.277475 0.718200
v -3.126709 2.276618 0.721873
v -3.126389 2.276618 0.720069
v -3.126099 2.276618 0.718184
v -3.122058 2.279132 0.723672
v -3.121638 2.279132 0.721308
v -3.121258 2.279132 0.718839
v -3.123317 2.279248 0.723185
v -3.122924 2.279248 0.720973
v -3.122568 2.279248 0.718662
v -3.124573 2.279132 0.722699
v -3.124207 2.279132 0.720638
v -3.123876 2.279132 0.718484
v -3.119892 2.276618 0.724510
v -3.119426 2.276618 0.721886
v -3.119004 2.276618 0.719144
v -3.120014 2.277475 0.724462
v -3.119551 2.277475 0.721853
v -3.119132 2.277475 0.719127
v -3.120353 2.278217 0.724332
v -3.119896 2.278217 0.721763
v -3.119483 2.278217 0.719079
v -3.165410 2.276619 0.716697
v -3.165269 2.277488 0.716776
v -3.164867 2.278258 0.716970
v -3.164412 2.276618 0.712874
v -3.164280 2.277480 0.712920
v -3.163915 2.278230 0.713033
v -3.163414 2.276618 0.709056
v -3.163292 2.277476 0.709099
v -3.162954 2.278219 0.709215
v -3.162501 2.279176 0.717237
v -3.160847 2.279263 0.717208
v -3.159380 2.279134 0.717134
v -3.162001 2.279145 0.713376
v -3.160604 2.279252 0.713560
v -3.159262 2.279133 0.713729
v -3.161241 2.279134 0.709775
v -3.159978 2.279248 0.710180
v -3.158724 2.279132 0.710582
v -3.157561 2.278217 0.716990
v -3.157211 2.277475 0.716960
v -3.157088 2.276618 0.716950
v -3.157508 2.278217 0.713948
v -3.157168 2.277475 0.713990
v -3.157048 2.276618 0.714005
v -3.157042 2.278217 0.711122
v -3.156715 2.277475 0.711227
v -3.156601 2.276618 0.711263
v -3.157087 2.274787 0.716949
v -3.157205 2.273930 0.716956
v -3.157542 2.273188 0.716975
v -3.157048 2.274787 0.714005
v -3.157166 2.273930 0.713989
v -3.157502 2.273188 0.713944
v -3.156601 2.274787 0.711263
v -3.156715 2.273930 0.711226
v -3.157042 2.273188 0.711121
v -3.159291 2.272270 0.717082
v -3.160691 2.272142 0.717207
v -3.162263 2.272228 0.717394
v -3.159236 2.272272 0.713713
v -3.160558 2.272152 0.713557
v -3.161934 2.272259 0.713417
v -3.158720 2.272272 0.710580
v -3.159972 2.272156 0.710179
v -3.161232 2.272271 0.709780
v -3.164710 2.273147 0.717154
v -3.165218 2.273916 0.716837
v -3.165403 2.274785 0.716705
v -3.163868 2.273174 0.713088
v -3.164264 2.273925 0.712939
v -3.164409 2.274786 0.712876
v -3.162948 2.273186 0.709222
v -3.163290 2.273929 0.709101
v -3.163414 2.274787 0.709056
v -3.174923 2.287637 0.749637
v -3.175516 2.288968 0.750085
v -3.175740 2.291043 0.750256
v -3.174336 2.287635 0.750126
v -3.174921 2.288968 0.750567
v -3.175138 2.291043 0.750731
v -3.174173 2.287634 0.750894
v -3.174752 2.288968 0.751330
v -3.174966 2.291043 0.751491
v -3.133687 2.276618 0.738687
v -3.133732 2.277475 0.738560
v -3.133857 2.278217 0.738209
v -3.134595 2.276618 0.739152
v -3.134635 2.277475 0.739022
v -3.134745 2.278217 0.738664
v -3.135752 2.276618 0.739430
v -3.135786 2.277475 0.739299
v -3.135878 2.278217 0.738937
v -3.134484 2.279132 0.736442
v -3.134947 2.279248 0.735137
v -3.135409 2.279132 0.733835
v -3.135302 2.279132 0.736860
v -3.135712 2.279248 0.735529
v -3.136122 2.279132 0.734200
v -3.136344 2.279132 0.737111
v -3.136688 2.279248 0.735764
v -3.137032 2.279132 0.734418
v -3.136031 2.278217 0.732081
v -3.136153 2.277475 0.731740
v -3.136195 2.276618 0.731621
v -3.136674 2.278217 0.732410
v -3.136781 2.277475 0.732063
v -3.136819 2.276618 0.731941
v -3.137494 2.278217 0.732607
v -3.137583 2.277475 0.732255
v -3.137615 2.276618 0.732132
v -3.136195 2.274787 0.731621
v -3.136153 2.273930 0.731740
v -3.136031 2.273188 0.732081
v -3.136819 2.274787 0.731941
v -3.136781 2.273930 0.732063
v -3.136674 2.273188 0.732410
v -3.137615 2.274787 0.732132
v -3.137583 2.273930 0.732255
v -3.137494 2.273188 0.732607
v -3.135409 2.272272 0.733835
v -3.134947 2.272157 0.735137
v -3.134484 2.272272 0.736442
v -3.136122 2.272272 0.734200
v -3.135712 2.272157 0.735529
v -3.135302 2.272272 0.736860
v -3.137032 2.272272 0.734418
v -3.136688 2.272157 0.735764
v -3.136344 2.272272 0.737111
v -3.133857 2.273188 0.738209
v -3.133732 2.273930 0.738560
v -3.133687 2.274787 0.738687
v -3.134745 2.273188 0.738664
v -3.134635 2.273930 0.739022
v -3.134595 2.274787 0.739152
v -3.135878 2.273188 0.738937
v -3.135786 2.273930 0.739299
v -3.135752 2.274787 0.739430
v -3.149715 2.276618 0.738108
v -3.149671 2.277476 0.737982
v -3.149551 2.278219 0.737638
v -3.151501 2.276618 0.737979
v -3.151458 2.277480 0.737847
v -3.151333 2.278230 0.737481
v -3.153109 2.276619 0.738088
v -3.153081 2.277488 0.737940
v -3.152996 2.278258 0.737522
v -3.148932 2.279134 0.735895
v -3.148471 2.279248 0.734613
v -3.148009 2.279132 0.733340
v -3.150619 2.279145 0.735608
v -3.150060 2.279252 0.734255
v -3.149487 2.279133 0.732963
v -3.152266 2.279176 0.735220
v -3.151632 2.279263 0.733658
v -3.150951 2.279134 0.732297
v -3.147386 2.278217 0.731633
v -3.147264 2.277475 0.731301
v -3.147222 2.276618 0.731185
v -3.148703 2.278217 0.731277
v -3.148551 2.277475 0.730950
v -3.148497 2.276618 0.730836
v -3.149986 2.278217 0.730633
v -3.149796 2.277475 0.730313
v -3.149730 2.276618 0.730201
v -3.147222 2.274787 0.731185
v -3.147264 2.273930 0.731301
v -3.147385 2.273188 0.731633
v -3.148497 2.274787 0.730836
v -3.148549 2.273930 0.730949
v -3.148698 2.273188 0.731273
v -3.149729 2.274787 0.730201
v -3.149791 2.273930 0.730309
v -3.149966 2.273188 0.730619
v -3.148006 2.272272 0.733337
v -3.148469 2.272156 0.734608
v -3.148934 2.272271 0.735886
v -3.149464 2.272272 0.732942
v -3.150045 2.272152 0.734213
v -3.150640 2.272259 0.735533
v -3.150876 2.272270 0.732226
v -3.151587 2.272142 0.733509
v -3.152351 2.272228 0.734948
v -3.149556 2.273186 0.737630
v -3.149673 2.273929 0.737980
v -3.149715 2.274787 0.738107
v -3.151373 2.273174 0.737420
v -3.151472 2.273925 0.737826
v -3.151503 2.274786 0.737976
v -3.153129 2.273147 0.737321
v -3.153126 2.273916 0.737874
v -3.153115 2.274785 0.738079
v -3.170752 2.272207 0.737931
v -3.166757 2.272280 0.739309
v -3.167872 2.272334 0.740575
v -3.168215 2.272494 0.742054
v -3.169824 2.272394 0.740851
v -3.171041 2.272501 0.740544
v -3.171977 2.272395 0.738854
v -3.173342 2.272501 0.737487
v -3.173301 2.272394 0.736233
v -3.174012 2.272494 0.734354
v -3.172496 2.272334 0.734434
v -3.170972 2.272280 0.733712
v -3.168978 2.272161 0.736596
v -3.153013 2.278217 0.727852
v -3.152716 2.277475 0.727559
v -3.152611 2.276618 0.727456
v -3.154661 2.278217 0.725640
v -3.154316 2.277475 0.725384
v -3.154194 2.276618 0.725294
v -3.156092 2.278217 0.722999
v -3.155730 2.277475 0.722809
v -3.155602 2.276618 0.722742
v -3.152608 2.274787 0.727454
v -3.152692 2.273930 0.727541
v -3.152930 2.273188 0.727790
v -3.154190 2.274787 0.725291
v -3.154286 2.273930 0.725361
v -3.154559 2.273188 0.725563
v -3.155599 2.274787 0.722740
v -3.155705 2.273930 0.722791
v -3.156010 2.273188 0.722937
v -3.154174 2.272266 0.729095
v -3.155195 2.272106 0.730198
v -3.156423 2.272097 0.731546
v -3.155986 2.272265 0.726620
v -3.157175 2.272096 0.727514
v -3.158613 2.272063 0.728614
v -3.157601 2.272266 0.723704
v -3.158941 2.272106 0.724367
v -3.160580 2.272097 0.725228
v -3.167167 2.281909 0.743455
v -3.169668 2.283482 0.745571
v -3.171958 2.285077 0.747389
v -3.166544 2.281905 0.744168
v -3.169097 2.283472 0.746151
v -3.171396 2.285068 0.747908
v -3.166306 2.281809 0.745010
v -3.168934 2.283439 0.746962
v -3.171251 2.285061 0.748696
v -3.178148 2.276639 0.737573
v -3.178898 2.277644 0.738137
v -3.179937 2.278787 0.738918
v -3.178650 2.276639 0.736114
v -3.179388 2.277644 0.736668
v -3.180410 2.278787 0.737436
v -3.178826 2.276639 0.734656
v -3.179534 2.277644 0.735188
v -3.180527 2.278787 0.735933
v -3.175609 2.273281 0.736344
v -3.176363 2.273959 0.736428
v -3.176985 2.274791 0.736723
v -3.176007 2.273248 0.735053
v -3.176852 2.273949 0.735038
v -3.177503 2.274790 0.735285
v -3.176308 2.273281 0.733734
v -3.177112 2.273959 0.733667
v -3.177735 2.274791 0.733872
v -3.173606 2.273191 0.729860
v -3.174850 2.273218 0.730828
v -3.175796 2.273277 0.731672
v -3.174232 2.273931 0.729168
v -3.175502 2.273939 0.730236
v -3.176461 2.273958 0.731278
v -3.174572 2.274787 0.728995
v -3.175916 2.274788 0.730148
v -3.176949 2.274791 0.731308
v -3.174975 2.276636 0.729241
v -3.176526 2.276638 0.730551
v -3.177761 2.276639 0.731872
v -3.175303 2.277624 0.729515
v -3.176988 2.277638 0.730906
v -3.178334 2.277643 0.732303
v -3.175901 2.278731 0.730034
v -3.177750 2.278771 0.731500
v -3.179207 2.278785 0.732960
v -3.163220 2.274787 0.744073
v -3.164700 2.274788 0.745047
v -3.166100 2.274791 0.745718
v -3.163292 2.273931 0.743699
v -3.164670 2.273939 0.744624
v -3.165936 2.273958 0.745258
v -3.163784 2.273191 0.742906
v -3.165059 2.273218 0.743834
v -3.166130 2.273277 0.744509
v -3.164586 2.278731 0.745063
v -3.166506 2.278771 0.746435
v -3.168312 2.278785 0.747431
v -3.163921 2.277624 0.744632
v -3.165724 2.277638 0.745867
v -3.167439 2.277643 0.746774
v -3.163568 2.276636 0.744393
v -3.165256 2.276638 0.745521
v -3.166866 2.276639 0.746343
v -3.184155 2.287634 0.737636
v -3.184734 2.288968 0.738072
v -3.184948 2.291043 0.738233
v -3.183462 2.287635 0.738005
v -3.184047 2.288968 0.738445
v -3.184264 2.291043 0.738609
v -3.183154 2.287637 0.738705
v -3.183748 2.288968 0.739151
v -3.183974 2.291043 0.739320
v -3.156490 2.278266 0.738918
v -3.158396 2.278299 0.740250
v -3.160431 2.278437 0.741787
v -3.156413 2.277491 0.739223
v -3.158239 2.277502 0.740397
v -3.160137 2.277544 0.741767
v -3.156389 2.276619 0.739333
v -3.158173 2.276621 0.740442
v -3.159997 2.276626 0.741731
v -3.156403 2.274785 0.739307
v -3.158168 2.274786 0.740393
v -3.159934 2.274787 0.741632
v -3.156540 2.273916 0.739029
v -3.158347 2.273925 0.740110
v -3.160112 2.273929 0.741336
v -3.156941 2.273147 0.738260
v -3.158861 2.273174 0.739351
v -3.160659 2.273186 0.740576
v -3.167996 2.276619 0.722804
v -3.169648 2.276621 0.724871
v -3.171425 2.276626 0.726511
v -3.167903 2.277491 0.722903
v -3.169626 2.277502 0.724963
v -3.171499 2.277544 0.726638
v -3.167648 2.278266 0.723182
v -3.169533 2.278299 0.725194
v -3.171600 2.278437 0.726919
v -3.167141 2.273147 0.723798
v -3.168797 2.273174 0.725889
v -3.170499 2.273186 0.727473
v -3.167752 2.273916 0.723079
v -3.169379 2.273925 0.725146
v -3.171077 2.273929 0.726732
v -3.167975 2.274785 0.722824
v -3.169599 2.274786 0.724881
v -3.171313 2.274787 0.726478
v -3.159278 2.279412 0.735982
v -3.160567 2.279532 0.737657
v -3.162414 2.279875 0.739368
v -3.158339 2.279359 0.736791
v -3.159765 2.279484 0.738602
v -3.161690 2.279855 0.740347
v -3.157462 2.279204 0.737605
v -3.159137 2.279304 0.739364
v -3.161199 2.279658 0.741124
v -3.159776 2.272226 0.734282
v -3.161702 2.272259 0.735548
v -3.163529 2.272271 0.736843
v -3.162018 2.272127 0.731278
v -3.163842 2.272147 0.732704
v -3.165639 2.272156 0.734079
v -3.164181 2.272226 0.728109
v -3.165951 2.272259 0.729804
v -3.167708 2.272271 0.731279
v -3.190057 2.319629 0.741151
v -3.190003 2.321543 0.741236
v -3.189856 2.322460 0.741465
v -3.188755 2.319629 0.739862
v -3.188728 2.321538 0.739942
v -3.188645 2.322447 0.740154
v -3.187340 2.319628 0.738885
v -3.187356 2.321529 0.738980
v -3.187375 2.322417 0.739218
v -3.187239 2.287634 0.752329
v -3.187812 2.288968 0.752760
v -3.188023 2.291043 0.752919
v -3.188266 2.287634 0.751117
v -3.188840 2.288968 0.751550
v -3.189052 2.291043 0.751709
v -3.189146 2.287634 0.749796
v -3.189719 2.288968 0.750227
v -3.189930 2.291043 0.750386
v -3.167978 2.281677 0.747447
v -3.170380 2.283403 0.749216
v -3.172592 2.285056 0.750866
v -3.169688 2.281706 0.748787
v -3.171884 2.283412 0.750428
v -3.173994 2.285057 0.752012
v -3.171478 2.281720 0.749812
v -3.173591 2.283417 0.751402
v -3.175647 2.285058 0.752950
v -3.183343 2.281722 0.741481
v -3.185529 2.283417 0.743126
v -3.187640 2.285058 0.744715
v -3.183766 2.281722 0.739960
v -3.185921 2.283417 0.741582
v -3.188002 2.285058 0.743149
v -3.183823 2.281722 0.738412
v -3.185950 2.283417 0.740013
v -3.188006 2.285058 0.741560
v -3.175437 2.287634 0.753006
v -3.176002 2.288968 0.753432
v -3.176210 2.291043 0.753589
v -3.176784 2.287634 0.754111
v -3.177340 2.288968 0.754530
v -3.177545 2.291043 0.754684
v -3.178395 2.287634 0.755018
v -3.178943 2.288968 0.755431
v -3.179145 2.291043 0.755583
v -3.182370 2.281720 0.735345
v -3.184483 2.283417 0.736936
v -3.186538 2.285058 0.738484
v -3.180890 2.281706 0.733908
v -3.183074 2.283412 0.735565
v -3.185180 2.285057 0.737155
v -3.179130 2.281677 0.732635
v -3.181494 2.283403 0.734454
v -3.183691 2.285056 0.736124
v -3.181548 2.311288 0.751634
v -3.179852 2.311288 0.751235
v -3.178265 2.311288 0.750691
v -3.181330 2.305357 0.751448
v -3.179694 2.305357 0.751098
v -3.178165 2.305357 0.750604
v -3.181115 2.299424 0.751266
v -3.179537 2.299424 0.750963
v -3.178065 2.299424 0.750518
v -3.176254 2.319628 0.753610
v -3.176349 2.321529 0.753599
v -3.176581 2.322417 0.753555
v -3.177584 2.319629 0.754700
v -3.177653 2.321538 0.754653
v -3.177830 2.322447 0.754518
v -3.179183 2.319629 0.755595
v -3.179248 2.321543 0.755521
v -3.179424 2.322460 0.755321
v -3.181750 2.287634 0.755573
v -3.182297 2.288968 0.755985
v -3.182498 2.291043 0.756136
v -3.183306 2.287634 0.755154
v -3.183860 2.288968 0.755570
v -3.184063 2.291043 0.755724
v -3.184751 2.287634 0.754402
v -3.185312 2.288968 0.754825
v -3.185519 2.291043 0.754980
v -3.175894 2.319628 0.750392
v -3.176011 2.321528 0.750509
v -3.176311 2.322415 0.750792
v -3.175219 2.319628 0.750796
v -3.175353 2.321533 0.750891
v -3.175709 2.322432 0.751142
v -3.175020 2.319628 0.751527
v -3.175158 2.321528 0.751593
v -3.175519 2.322415 0.751777
v -3.190451 2.287634 0.746832
v -3.191012 2.288968 0.747254
v -3.191219 2.291043 0.747410
v -3.190774 2.287634 0.745236
v -3.191327 2.288968 0.745652
v -3.191531 2.291043 0.745805
v -3.190746 2.287634 0.743624
v -3.191293 2.288968 0.744035
v -3.191495 2.291043 0.744187
v -3.191233 2.319628 0.747445
v -3.191127 2.321529 0.747539
v -3.190840 2.322417 0.747808
v -3.191542 2.319629 0.745847
v -3.191421 2.321538 0.745985
v -3.191091 2.322447 0.746368
v -3.191508 2.319629 0.744228
v -3.191403 2.321543 0.744363
v -3.191116 2.322460 0.744730
v -3.184997 2.319628 0.738275
v -3.185098 2.321528 0.738390
v -3.185373 2.322415 0.738689
v -3.184348 2.319628 0.738671
v -3.184475 2.321533 0.738774
v -3.184812 2.322432 0.739051
v -3.184143 2.319628 0.739436
v -3.184286 2.321528 0.739518
v -3.184637 2.322415 0.739733
v -3.187480 2.319629 0.748302
v -3.187641 2.321543 0.748383
v -3.187795 2.322462 0.748393
v -3.186611 2.319629 0.749945
v -3.186756 2.321543 0.750064
v -3.186870 2.322462 0.750153
v -3.185274 2.319629 0.751232
v -3.185388 2.321543 0.751375
v -3.185436 2.322462 0.751526
v -3.184833 2.287673 0.746318
v -3.185561 2.288979 0.746866
v -3.185915 2.291044 0.747133
v -3.183938 2.287675 0.747868
v -3.184668 2.288980 0.748423
v -3.185024 2.291045 0.748698
v -3.182696 2.287673 0.749157
v -3.183419 2.288979 0.749712
v -3.183766 2.291044 0.749987
v -3.175802 2.299424 0.750307
v -3.175824 2.305357 0.750326
v -3.175846 2.311288 0.750346
v -3.175178 2.299424 0.750762
v -3.175184 2.305357 0.750768
v -3.175191 2.311288 0.750774
v -3.174998 2.299424 0.751515
v -3.174998 2.305357 0.751516
v -3.174999 2.311288 0.751517
v -3.189286 2.287634 0.740553
v -3.189834 2.288968 0.740965
v -3.190036 2.291043 0.741118
v -3.187969 2.287634 0.739255
v -3.188525 2.288968 0.739674
v -3.188730 2.291043 0.739828
v -3.186534 2.287634 0.738266
v -3.187099 2.288968 0.738692
v -3.187308 2.291043 0.738849
v -3.181848 2.322460 0.752289
v -3.180069 2.322447 0.751820
v -3.178510 2.322417 0.751226
v -3.181908 2.321543 0.752085
v -3.180116 2.321538 0.751601
v -3.178470 2.321529 0.750978
v -3.181864 2.319629 0.751939
v -3.180082 2.319629 0.751465
v -3.178415 2.319628 0.750845
v -3.167270 2.279620 0.732322
v -3.165707 2.279550 0.734134
v -3.164398 2.279620 0.736136
v -3.165418 2.279469 0.731062
v -3.163983 2.279449 0.732836
v -3.162675 2.279469 0.734704
v -3.163769 2.279410 0.730031
v -3.162401 2.279408 0.731644
v -3.161229 2.279410 0.733405
v -3.166725 2.279204 0.724969
v -3.168905 2.279304 0.726286
v -3.171177 2.279658 0.727857
v -3.166211 2.279359 0.726230
v -3.168354 2.279484 0.727159
v -3.170567 2.279855 0.728551
v -3.165704 2.279412 0.727433
v -3.167671 2.279532 0.728216
v -3.169827 2.279875 0.729521
v -3.184980 2.299424 0.738256
v -3.184981 2.305357 0.738257
v -3.184982 2.311288 0.738258
v -3.184305 2.299424 0.738639
v -3.184312 2.305357 0.738644
v -3.184319 2.311288 0.738649
v -3.184039 2.299424 0.739367
v -3.184062 2.305357 0.739383
v -3.184087 2.311288 0.739400
v -3.176326 2.281809 0.731702
v -3.178928 2.283439 0.733688
v -3.181235 2.285061 0.735435
v -3.175582 2.281905 0.732163
v -3.178194 2.283472 0.734069
v -3.180518 2.285068 0.735793
v -3.175069 2.281909 0.732960
v -3.177794 2.283482 0.734778
v -3.180174 2.285077 0.736476
v -3.185030 2.287663 0.743232
v -3.184453 2.287655 0.741896
v -3.183772 2.287647 0.740698
v -3.185723 2.288976 0.743747
v -3.185117 2.288974 0.742389
v -3.184406 2.288972 0.741171
v -3.186044 2.291044 0.743981
v -3.185411 2.291044 0.742603
v -3.184671 2.291044 0.741366
v -3.187552 2.323052 0.750618
v -3.189692 2.322996 0.746556
v -3.189390 2.322970 0.748468
v -3.189391 2.322889 0.749594
v -3.188239 2.322941 0.751117
v -3.187098 2.322889 0.752640
v -3.186008 2.322970 0.752960
v -3.184250 2.322996 0.753784
v -3.185040 2.323058 0.752631
v -3.185350 2.323000 0.752011
v -3.187131 2.323000 0.750328
v -3.188256 2.323000 0.748151
v -3.188785 2.323058 0.747657
v -3.158295 2.279351 0.728446
v -3.155767 2.279312 0.733274
v -3.155388 2.279303 0.730981
v -3.154509 2.279140 0.729413
v -3.156471 2.279144 0.726995
v -3.157996 2.279140 0.723940
v -3.159734 2.279303 0.724348
v -3.162038 2.279312 0.724125
v -3.161494 2.279372 0.726591
v -3.161723 2.279398 0.728121
v -3.159864 2.279397 0.729723
v -3.158850 2.279398 0.731961
v -3.157482 2.279372 0.732135
v -3.176473 2.282520 0.740283
v -3.178956 2.283826 0.741982
v -3.181436 2.285253 0.743772
v -3.175532 2.282464 0.741530
v -3.178039 2.283814 0.743419
v -3.180528 2.285256 0.745294
v -3.174593 2.282520 0.742780
v -3.176912 2.283826 0.744697
v -3.179317 2.285253 0.746587
v -3.176240 2.299424 0.753611
v -3.176240 2.305357 0.753611
v -3.176240 2.311288 0.753611
v -3.177574 2.299424 0.754706
v -3.177574 2.305357 0.754706
v -3.177574 2.311288 0.754706
v -3.179174 2.299424 0.755605
v -3.179174 2.305357 0.755605
v -3.179174 2.311288 0.755605
v -3.186896 2.322888 0.739952
v -3.188050 2.322966 0.741063
v -3.189101 2.322995 0.742580
v -3.186464 2.322937 0.740454
v -3.187602 2.323022 0.741694
v -3.188588 2.323053 0.743325
v -3.186159 2.322888 0.741057
v -3.187210 2.322966 0.742324
v -3.188145 2.322995 0.743964
v -3.190065 2.299424 0.741139
v -3.190065 2.305357 0.741139
v -3.190065 2.311288 0.741139
v -3.188759 2.299424 0.739850
v -3.188759 2.305357 0.739850
v -3.188759 2.311288 0.739850
v -3.187337 2.299424 0.738871
v -3.187337 2.305357 0.738871
v -3.187337 2.311288 0.738871
v -3.181309 2.322995 0.753044
v -3.180830 2.323053 0.753630
v -3.180269 2.322995 0.754312
v -3.179485 2.322966 0.752584
v -3.178998 2.323022 0.753122
v -3.178525 2.322966 0.753714
v -3.177989 2.322888 0.751908
v -3.177501 2.322937 0.752358
v -3.177145 2.322888 0.752904
v -3.170881 2.280812 0.740068
v -3.169353 2.280373 0.739242
v -3.167854 2.280081 0.738452
v -3.171552 2.280612 0.738534
v -3.170124 2.280150 0.737459
v -3.168797 2.279873 0.736460
v -3.172841 2.280812 0.737465
v -3.171624 2.280373 0.736224
v -3.170451 2.280081 0.735002
v -3.187235 2.319629 0.744805
v -3.186301 2.319629 0.743205
v -3.185257 2.319628 0.741757
v -3.187381 2.321543 0.744816
v -3.186435 2.321538 0.743208
v -3.185396 2.321529 0.741778
v -3.187557 2.322460 0.744706
v -3.186629 2.322447 0.743106
v -3.185642 2.322417 0.741753
v -3.180779 2.291044 0.750975
v -3.179283 2.291044 0.750742
v -3.177894 2.291044 0.750368
v -3.180470 2.288976 0.750725
v -3.179000 2.288974 0.750515
v -3.177636 2.288972 0.750164
v -3.179787 2.287663 0.750197
v -3.178345 2.287655 0.750009
v -3.177007 2.287647 0.749683
v -3.176844 2.282429 0.737818
v -3.176195 2.282215 0.736526
v -3.175447 2.282026 0.735254
v -3.179328 2.283754 0.739169
v -3.178820 2.283654 0.737909
v -3.178210 2.283562 0.736752
v -3.181753 2.285206 0.740800
v -3.181259 2.285165 0.739529
v -3.180663 2.285125 0.738392
v -3.176549 2.285206 0.747712
v -3.175191 2.285165 0.747589
v -3.173934 2.285125 0.747330
v -3.174312 2.283754 0.745832
v -3.172961 2.283654 0.745692
v -3.171680 2.283562 0.745426
v -3.172327 2.282429 0.743818
v -3.170905 2.282215 0.743551
v -3.169476 2.282026 0.743184
v -3.191248 2.299424 0.747432
v -3.191248 2.305357 0.747432
v -3.191248 2.311288 0.747432
v -3.191560 2.299424 0.745827
v -3.191560 2.305357 0.745827
v -3.191560 2.311288 0.745827
v -3.191524 2.299424 0.744209
v -3.191524 2.305357 0.744209
v -3.191524 2.311288 0.744209
v -3.188053 2.299424 0.752941
v -3.188053 2.305357 0.752941
v -3.188053 2.311288 0.752941
v -3.189082 2.299424 0.751732
v -3.189082 2.305357 0.751732
v -3.189082 2.311288 0.751732
v -3.189960 2.299424 0.750409
v -3.189960 2.305357 0.750409
v -3.189960 2.311288 0.750409
v -3.182527 2.299424 0.756158
v -3.182527 2.305357 0.756158
v -3.182527 2.311288 0.756158
v -3.184093 2.299424 0.755745
v -3.184093 2.305357 0.755745
v -3.184093 2.311288 0.755745
v -3.185549 2.299424 0.755002
v -3.185549 2.305357 0.755002
v -3.185549 2.311288 0.755002
v -3.186387 2.299424 0.747487
v -3.186692 2.305357 0.747716
v -3.187003 2.311288 0.747950
v -3.185502 2.299424 0.749073
v -3.185814 2.305357 0.749316
v -3.186131 2.311288 0.749563
v -3.184223 2.299424 0.750360
v -3.184522 2.305357 0.750600
v -3.184824 2.311288 0.750845
v -3.186407 2.299424 0.744237
v -3.185686 2.299424 0.742795
v -3.184858 2.299424 0.741496
v -3.186636 2.305357 0.744401
v -3.185855 2.305357 0.742914
v -3.184965 2.305357 0.741571
v -3.186869 2.311288 0.744566
v -3.186027 2.311288 0.743034
v -3.185075 2.311288 0.741647
v -3.182541 2.319629 0.756139
v -3.182640 2.321543 0.756002
v -3.182909 2.322460 0.755630
v -3.184107 2.319629 0.755724
v -3.184204 2.321538 0.755570
v -3.184477 2.322447 0.755152
v -3.185557 2.319628 0.754984
v -3.185616 2.321529 0.754858
v -3.185793 2.322417 0.754511
v -3.188049 2.319628 0.752933
v -3.188022 2.321528 0.752878
v -3.187936 2.322415 0.752749
v -3.189075 2.319628 0.751727
v -3.189027 2.321533 0.751692
v -3.188898 2.322432 0.751598
v -3.189951 2.319628 0.750408
v -3.189889 2.321528 0.750398
v -3.189739 2.322415 0.750354
v -3.174828 2.281722 0.750361
v -3.176954 2.283417 0.751962
v -3.179009 2.285058 0.753510
v -3.176300 2.281722 0.749878
v -3.178454 2.283417 0.751500
v -3.180535 2.285058 0.753067
v -3.177644 2.281722 0.749051
v -3.179830 2.283417 0.750697
v -3.181940 2.285058 0.752286
v -3.179986 2.281722 0.746867
v -3.182215 2.283417 0.748546
v -3.184369 2.285058 0.750168
v -3.180993 2.281722 0.745642
v -3.183228 2.283417 0.747325
v -3.185388 2.285058 0.748951
v -3.181892 2.281722 0.744335
v -3.184122 2.283417 0.746014
v -3.186276 2.285058 0.747635
v -3.168254 2.273281 0.744432
v -3.168411 2.273959 0.745223
v -3.168781 2.274791 0.745764
v -3.169438 2.273248 0.743778
v -3.169657 2.273949 0.744594
v -3.170075 2.274790 0.745151
v -3.170569 2.273281 0.743038
v -3.170858 2.273959 0.743740
v -3.171314 2.274791 0.744256
v -3.172498 2.273281 0.741121
v -3.173025 2.273959 0.741585
v -3.173560 2.274791 0.742023
v -3.173396 2.273248 0.739922
v -3.173989 2.273949 0.740369
v -3.174553 2.274790 0.740793
v -3.174299 2.273281 0.738728
v -3.174891 2.273959 0.739106
v -3.175460 2.274791 0.739499
v -3.169836 2.276639 0.746596
v -3.170543 2.277644 0.747130
v -3.171534 2.278787 0.747878
v -3.171189 2.276639 0.746025
v -3.171925 2.277644 0.746580
v -3.172945 2.278787 0.747350
v -3.172452 2.276639 0.745138
v -3.173202 2.277644 0.745703
v -3.174239 2.278787 0.746486
v -3.174714 2.276639 0.742897
v -3.175469 2.277644 0.743465
v -3.176520 2.278787 0.744257
v -3.175711 2.276639 0.741665
v -3.176466 2.277644 0.742234
v -3.177519 2.278787 0.743026
v -3.176619 2.276639 0.740366
v -3.177374 2.277644 0.740935
v -3.178425 2.278787 0.741726
v -3.160439 2.273188 0.703238
v -3.160735 2.273930 0.703035
v -3.160843 2.274787 0.702961
v -3.158821 2.273188 0.701206
v -3.159092 2.273930 0.700971
v -3.159190 2.274787 0.700885
v -3.157053 2.273188 0.699575
v -3.157296 2.273930 0.699314
v -3.157384 2.274787 0.699219
v -3.156739 2.272272 0.705773
v -3.157840 2.272157 0.705018
v -3.158944 2.272272 0.704262
v -3.155441 2.272272 0.704143
v -3.156448 2.272157 0.703268
v -3.157455 2.272272 0.702393
v -3.154022 2.272272 0.702834
v -3.154925 2.272157 0.701864
v -3.155828 2.272272 0.700892
v -3.154867 2.274787 0.707056
v -3.154968 2.273930 0.706987
v -3.155256 2.273188 0.706789
v -3.153731 2.274787 0.705629
v -3.153823 2.273930 0.705549
v -3.154086 2.273188 0.705320
v -3.152489 2.274787 0.704483
v -3.152571 2.273930 0.704394
v -3.152807 2.273188 0.704140
v -3.155256 2.278217 0.706789
v -3.154968 2.277475 0.706987
v -3.154867 2.276618 0.707056
v -3.154086 2.278217 0.705320
v -3.153823 2.277475 0.705549
v -3.153731 2.276618 0.705629
v -3.152807 2.278217 0.704140
v -3.152571 2.277475 0.704394
v -3.152489 2.276618 0.704483
v -3.158944 2.279132 0.704262
v -3.157840 2.279248 0.705018
v -3.156739 2.279132 0.705773
v -3.157455 2.279132 0.702393
v -3.156448 2.279248 0.703268
v -3.155441 2.279132 0.704143
v -3.155828 2.279132 0.700892
v -3.154925 2.279248 0.701864
v -3.154022 2.279132 0.702834
v -3.160843 2.276618 0.702961
v -3.160735 2.277475 0.703035
v -3.160439 2.278217 0.703238
v -3.159190 2.276618 0.700885
v -3.159092 2.277475 0.700971
v -3.158821 2.278217 0.701206
v -3.157384 2.276618 0.699219
v -3.157296 2.277475 0.699314
v -3.157053 2.278217 0.699575
v -3.129536 2.273188 0.734987
v -3.129343 2.273930 0.735286
v -3.129273 2.274787 0.735395
v -3.130803 2.273188 0.735941
v -3.130631 2.273930 0.736256
v -3.130568 2.274787 0.736370
v -3.131972 2.273188 0.736821
v -3.131818 2.273930 0.737149
v -3.131762 2.274787 0.737268
v -3.131942 2.272272 0.731249
v -3.131226 2.272157 0.732362
v -3.130508 2.272272 0.733476
v -3.132959 2.272272 0.732015
v -3.132317 2.272157 0.733184
v -3.131675 2.272272 0.734355
v -3.133897 2.272272 0.732720
v -3.133324 2.272157 0.733941
v -3.132750 2.272272 0.735164
v -3.133160 2.274787 0.729357
v -3.133094 2.273930 0.729459
v -3.132906 2.273188 0.729751
v -3.134050 2.274787 0.730028
v -3.133991 2.273930 0.730135
v -3.133823 2.273188 0.730441
v -3.134871 2.274787 0.730646
v -3.134818 2.273930 0.730758
v -3.134668 2.273188 0.731077
v -3.132906 2.278217 0.729751
v -3.133094 2.277475 0.729459
v -3.133160 2.276618 0.729357
v -3.133823 2.278217 0.730441
v -3.133991 2.277475 0.730135
v -3.134050 2.276618 0.730028
v -3.134668 2.278217 0.731077
v -3.134818 2.277475 0.730758
v -3.134871 2.276618 0.730646
v -3.130508 2.279132 0.733476
v -3.131226 2.279248 0.732362
v -3.131942 2.279132 0.731249
v -3.131675 2.279132 0.734355
v -3.132317 2.279248 0.733184
v -3.132959 2.279132 0.732015
v -3.132750 2.279132 0.735164
v -3.133324 2.279248 0.733941
v -3.133897 2.279132 0.732720
v -3.129273 2.276618 0.735395
v -3.129343 2.277475 0.735286
v -3.129536 2.278217 0.734987
v -3.130568 2.276618 0.736370
v -3.130631 2.277475 0.736256
v -3.130803 2.278217 0.735941
v -3.131762 2.276618 0.737268
v -3.131818 2.277475 0.737149
v -3.131972 2.278217 0.736821
v -3.139679 2.273188 0.738882
v -3.139647 2.273930 0.739244
v -3.139635 2.274787 0.739375
v -3.142274 2.273188 0.738610
v -3.142283 2.273930 0.738967
v -3.142286 2.274787 0.739097
v -3.144967 2.273188 0.738265
v -3.145019 2.273930 0.738617
v -3.145037 2.274787 0.738744
v -3.140081 2.272272 0.734375
v -3.139961 2.272157 0.735717
v -3.139842 2.272272 0.737061
v -3.142163 2.272272 0.734156
v -3.142196 2.272157 0.735483
v -3.142229 2.272272 0.736811
v -3.144324 2.272272 0.733880
v -3.144516 2.272157 0.735186
v -3.144707 2.272272 0.736493
v -3.140285 2.274787 0.732094
v -3.140274 2.273930 0.732217
v -3.140242 2.273188 0.732568
v -3.142107 2.274787 0.731903
v -3.142110 2.273930 0.732024
v -3.142119 2.273188 0.732371
v -3.143999 2.274787 0.731660
v -3.144017 2.273930 0.731780
v -3.144067 2.273188 0.732122
v -3.140242 2.278217 0.732568
v -3.140274 2.277475 0.732217
v -3.140285 2.276618 0.732094
v -3.142119 2.278217 0.732371
v -3.142110 2.277475 0.732024
v -3.142107 2.276618 0.731903
v -3.144067 2.278217 0.732122
v -3.144017 2.277475 0.731780
v -3.143999 2.276618 0.731660
v -3.139842 2.279132 0.737061
v -3.139961 2.279248 0.735717
v -3.140081 2.279132 0.734375
v -3.142229 2.279132 0.736811
v -3.142196 2.279248 0.735483
v -3.142163 2.279132 0.734156
v -3.144707 2.279132 0.736493
v -3.144516 2.279248 0.735186
v -3.144324 2.279132 0.733880
v -3.139635 2.276618 0.739375
v -3.139647 2.277475 0.739244
v -3.139679 2.278217 0.738882
v -3.142286 2.276618 0.739097
v -3.142283 2.277475 0.738967
v -3.142274 2.278217 0.738610
v -3.145037 2.276618 0.738744
v -3.145019 2.277475 0.738617
v -3.144967 2.278217 0.738265
vn -0.1249 -0.0090 -0.9921
vn -0.0544 0.9578 -0.2824
vn -0.2152 0.8969 0.3864
vn -0.5069 0.0010 0.8620
vn -0.2414 -0.8793 0.4106
vn 0.0014 -0.9781 -0.2082
vn -0.1256 -0.0000 -0.9921
vn -0.0597 0.8762 -0.4782
vn 0.0558 0.8827 0.4666
vn 0.1180 -0.0000 0.9930
vn 0.0557 -0.8827 0.4666
vn -0.0590 -0.8762 -0.4784
vn 0.9626 -0.0000 0.2708
vn 0.4559 0.8809 0.1273
vn -0.4494 0.8843 -0.1269
vn -0.9627 -0.0000 -0.2706
vn -0.4494 -0.8843 -0.1269
vn 0.4559 -0.8809 0.1273
vn 0.8042 -0.0110 0.5942
vn 0.2384 0.9479 0.2113
vn -0.3935 0.9014 0.1807
vn -0.8906 0.0012 0.4548
vn -0.4168 -0.8838 0.2126
vn 0.1996 -0.9775 0.0685
vn 0.8835 -0.3523 0.3086
vn 0.7470 -0.5652 0.3500
vn -0.0523 -0.3523 -0.9344
vn 0.0166 -0.9302 -0.3667
vn 0.3570 -0.9302 0.0854
vn -0.1299 -0.5652 -0.8146
vn 0.4045 0.4760 0.7809
vn -0.6380 0.4760 -0.6053
vn -0.1231 -0.9780 -0.1684
vn 0.1274 -0.9780 0.1655
vn -0.5920 -0.0252 -0.8056
vn 0.6061 -0.0245 0.7950
vn 0.2209 0.4865 0.8453
vn 0.7545 -0.5469 0.3628
vn -0.1401 -0.5469 -0.8254
vn -0.7513 0.4865 -0.4460
vn 0.1345 0.8399 0.5258
vn 0.3892 0.9147 0.1089
vn 0.0033 0.9173 -0.3981
vn -0.2948 0.0533 0.9541
vn 0.9175 -0.0058 -0.3977
vn -0.9462 0.0110 -0.3234
vn -0.4645 0.8428 -0.2718
vn 0.0449 0.0106 0.9989
vn -0.8737 0.0025 -0.4865
vn 0.6359 -0.0058 -0.7718
vn -0.0066 1.0000 0.0038
vn -0.0055 1.0000 0.0054
vn -0.3516 0.9324 0.0840
vn -0.1780 0.9324 0.3146
vn -0.9984 0.0546 0.0173
vn 0.9056 -0.0027 0.4241
vn -0.6917 0.6974 -0.1874
vn -0.1877 0.8283 0.5279
vn 0.2260 0.0025 0.9741
vn -0.1572 -0.0027 -0.9876
vn -0.4883 0.8376 -0.2449
vn -0.1613 0.7477 0.6442
vn 0.6358 0.0013 -0.7719
vn 0.9176 0.0013 -0.3976
vn -0.9965 0.0530 -0.0643
vn -0.2185 0.0509 0.9745
vn -0.9133 0.0096 -0.4073
vn 0.1303 0.0090 0.9914
vn -0.6706 0.7414 -0.0260
vn -0.2860 0.9582 0.0095
vn -0.0882 0.9582 0.2722
vn -0.0117 0.6976 0.7164
vn 0.0931 0.8375 0.5384
vn -0.5587 0.8287 0.0342
vn 0.2243 0.0020 0.9745
vn 0.9055 0.0022 0.4244
vn -0.1576 0.0022 -0.9875
vn -0.8746 0.0021 -0.4849
vn 0.5565 -0.6131 -0.5608
vn 0.6927 -0.6131 -0.3798
vn 0.3514 -0.8623 -0.3647
vn 0.4477 -0.8623 -0.2369
vn 0.3782 -0.8373 -0.3949
vn 0.4841 -0.8373 -0.2543
vn 0.3726 -0.8170 -0.4402
vn 0.5260 -0.8170 -0.2363
vn 0.4095 0.7661 -0.4954
vn 0.5910 0.7646 -0.2571
vn 0.6106 -0.0000 0.7919
vn -0.2914 0.8789 -0.3776
vn 0.2903 0.8796 0.3768
vn -0.2914 -0.8789 -0.3776
vn 0.2903 -0.8796 0.3769
vn -0.6106 -0.0000 -0.7920
vn -0.9912 -0.0000 -0.1326
vn 0.4706 0.8798 0.0676
vn 0.9895 -0.0000 0.1446
vn -0.4737 0.8784 -0.0635
vn 0.4709 -0.8797 0.0665
vn -0.4737 -0.8784 -0.0633
vn -0.9189 -0.0090 -0.3943
vn -0.2563 0.9578 -0.1303
vn 0.4309 0.8969 -0.1000
vn 0.9685 0.0010 -0.2488
vn 0.4613 -0.8793 -0.1184
vn -0.2005 -0.9781 -0.0562
vn -0.9187 -0.0000 -0.3950
vn -0.4431 0.8762 -0.1896
vn 0.4329 0.8827 0.1826
vn 0.9217 -0.0000 0.3879
vn 0.4330 -0.8827 0.1825
vn -0.4434 -0.8762 -0.1890
vn -0.0059 -0.0000 1.0000
vn -0.0037 0.8809 0.4733
vn 0.0023 0.8843 -0.4670
vn 0.0061 -0.0000 -1.0000
vn 0.0023 -0.8843 -0.4670
vn -0.0037 -0.8809 0.4733
vn 0.3487 -0.0110 0.9372
vn 0.1372 0.9479 0.2875
vn 0.2825 0.9014 -0.3283
vn 0.6833 0.0012 -0.7301
vn 0.3195 -0.8838 -0.3417
vn 0.0107 -0.9775 0.2108
vn 0.0523 -0.3517 0.9347
vn 0.1314 -0.5407 0.8309
vn -0.8838 -0.3517 -0.3086
vn -0.3570 -0.9302 -0.0854
vn -0.0166 -0.9302 0.3667
vn -0.7621 -0.5407 -0.3560
vn 0.6439 0.4674 0.6058
vn -0.4050 0.4675 -0.7857
vn -0.1278 -0.9780 -0.1649
vn 0.1238 -0.9780 0.1682
vn -0.6105 -0.0252 -0.7916
vn 0.5965 -0.0245 0.8023
vn 0.7640 0.4601 0.4523
vn 0.1416 -0.5185 0.8433
vn -0.7713 -0.5185 -0.3692
vn -0.2235 0.4601 -0.8593
vn 0.4681 0.8399 0.2747
vn -0.0030 0.9147 0.4042
vn -0.3835 0.9173 -0.1069
vn 0.9984 0.0529 -0.0195
vn -0.6359 -0.0054 0.7718
vn -0.0491 0.0108 -0.9987
vn -0.1328 0.8428 -0.5215
vn 0.9476 0.0104 0.3193
vn -0.2259 0.0023 -0.9741
vn -0.9175 -0.0054 0.3977
vn 0.0055 1.0000 -0.0053
vn 0.0067 1.0000 -0.0038
vn 0.1847 0.9258 -0.3300
vn 0.3682 0.9257 -0.0862
vn 0.2926 0.0542 -0.9547
vn 0.1572 -0.0025 0.9876
vn 0.0114 0.6715 -0.7409
vn 0.5835 0.8113 -0.0361
vn 0.8737 0.0023 0.4865
vn -0.9056 -0.0025 -0.4241
vn -0.1003 0.8376 -0.5370
vn 0.6637 0.7477 0.0231
vn -0.9176 0.0013 0.3976
vn -0.6358 0.0013 0.7719
vn 0.2137 0.0530 -0.9755
vn 0.9969 0.0509 0.0595
vn -0.1389 0.0096 -0.9903
vn 0.9168 0.0090 0.3993
vn 0.1604 0.7414 -0.6516
vn 0.0902 0.9551 -0.2823
vn 0.2962 0.9551 -0.0086
vn 0.7153 0.6716 0.1933
vn 0.4916 0.8375 0.2383
vn 0.1956 0.8117 -0.5503
vn 0.8745 0.0020 0.4850
vn 0.1576 0.0022 0.9875
vn -0.9055 0.0022 -0.4244
vn -0.2242 0.0021 -0.9745
vn -0.6933 -0.6123 0.3801
vn -0.5569 -0.6123 0.5612
vn -0.4477 -0.8623 0.2369
vn -0.3514 -0.8623 0.3647
vn -0.5053 -0.8211 0.2654
vn -0.3947 -0.8211 0.4122
vn -0.5523 -0.7958 0.2482
vn -0.3912 -0.7958 0.4621
vn -0.5892 0.7661 0.2566
vn -0.4105 0.7646 0.4969
vn 0.6015 -0.0000 0.7989
vn -0.2881 0.8778 -0.3827
vn 0.2873 -0.8785 0.3816
vn 0.2861 0.8796 0.3800
vn -0.2869 0.8789 -0.3811
vn -0.2869 -0.8789 -0.3811
vn -0.2881 -0.8778 -0.3827
vn -0.6015 -0.0000 -0.7989
vn 0.2861 -0.8796 0.3800
vn 0.2873 0.8785 0.3816
vn 0.5922 -0.0000 0.8058
vn -0.2823 0.8789 -0.3844
vn 0.2819 0.8796 0.3832
vn -0.2823 -0.8789 -0.3844
vn 0.2819 -0.8796 0.3832
vn -0.5923 -0.0000 -0.8057
vn 0.1466 -0.0000 -0.9892
vn -0.0651 0.8798 0.4709
vn -0.1346 -0.0000 0.9909
vn 0.0700 0.8784 -0.4728
vn -0.0663 -0.8797 0.4709
vn 0.0701 -0.8784 -0.4728
vn 0.6765 -0.0000 0.7364
vn 0.8053 -0.0000 0.5929
vn 0.9126 -0.0000 0.4088
vn -0.9977 -0.0000 -0.0682
vn -0.9958 0.0001 0.0914
vn -0.9558 0.0005 0.2940
vn -0.3795 0.6450 0.6633
vn -0.4787 0.3073 0.8224
vn -0.5043 0.0848 0.8594
vn -0.0104 -0.0043 -0.9999
vn 0.0245 -0.0013 -0.9997
vn -0.0107 -0.0002 -0.9999
vn -0.3141 0.8860 -0.3411
vn -0.3629 0.8927 -0.2670
vn -0.4151 0.8905 -0.1863
vn 0.7985 0.0863 0.5957
vn 0.7557 0.3069 0.5785
vn 0.5643 0.6844 0.4617
vn 0.0110 0.9274 -0.3740
vn 0.0235 0.8954 -0.4446
vn -0.0022 0.8789 -0.4769
vn -0.5055 -0.0762 0.8594
vn -0.4866 -0.2805 0.8274
vn -0.4019 -0.6097 0.6832
vn 0.5504 0.1551 0.8203
vn 0.6482 -0.0652 0.7586
vn 0.7309 -0.3068 0.6096
vn 0.4644 0.8826 0.0735
vn 0.4359 0.8951 0.0936
vn 0.3660 0.9214 0.1307
vn 0.3197 0.8804 0.3503
vn 0.3773 0.8831 0.2787
vn 0.4286 0.8831 0.1908
vn -0.1166 -0.1762 -0.9774
vn -0.0859 -0.5254 -0.8465
vn -0.0326 -0.8489 -0.5276
vn 0.1174 -0.0782 0.9900
vn 0.1125 -0.2869 0.9513
vn 0.0924 -0.6183 0.7805
vn -0.0998 -0.9807 0.1683
vn -0.0209 -0.9995 0.0225
vn 0.0173 -0.9965 -0.0822
vn -0.0042 -0.9981 -0.0621
vn 0.0135 -0.9998 -0.0128
vn 0.0609 -0.9980 0.0140
vn -0.1539 0.8858 0.4377
vn -0.0886 0.8802 0.4662
vn -0.0195 0.8800 0.4747
vn -0.3141 -0.8860 -0.3411
vn -0.3629 -0.8927 -0.2670
vn -0.4151 -0.8905 -0.1863
vn -0.6486 0.0020 0.7612
vn -0.7500 0.0025 0.6615
vn -0.8247 0.0021 0.5656
vn -0.1645 -0.8785 0.4485
vn -0.0913 -0.8782 0.4694
vn -0.0206 -0.8797 0.4751
vn -0.2623 0.9090 0.3237
vn -0.3002 0.9158 0.2669
vn -0.3476 0.9106 0.2236
vn 0.9842 -0.0003 0.1773
vn 0.9616 -0.0020 0.2745
vn 0.9016 -0.0057 0.4326
vn -0.6781 0.6570 0.3294
vn -0.8472 0.3182 0.4254
vn -0.8876 0.0888 0.4519
vn 0.0348 -0.9371 -0.3473
vn 0.0360 -0.8988 -0.4369
vn 0.0024 -0.8793 -0.4763
vn -0.0136 0.9968 -0.0794
vn -0.0238 0.9994 0.0233
vn -0.0852 0.9839 0.1571
vn -0.1253 0.0840 -0.9886
vn -0.1203 0.2923 -0.9487
vn -0.0989 0.6139 -0.7832
vn 0.7966 -0.1725 0.5793
vn 0.7077 -0.5167 0.4818
vn 0.4849 -0.8340 0.2634
vn 0.9590 0.0856 0.2700
vn 0.9189 0.2976 0.2591
vn 0.7538 0.6220 0.2121
vn -0.4685 0.8828 -0.0334
vn -0.4541 0.8902 0.0355
vn -0.4295 0.8958 0.1144
vn 0.3197 -0.8804 0.3503
vn 0.3773 -0.8831 0.2787
vn 0.4286 -0.8831 0.1908
vn 0.0925 0.6183 0.7805
vn 0.1126 0.2869 0.9513
vn 0.1174 0.0782 0.9900
vn 0.4654 -0.8828 0.0637
vn 0.4347 -0.8986 0.0598
vn 0.3397 -0.9377 0.0733
vn -0.0245 0.9797 -0.1991
vn -0.0005 1.0000 -0.0046
vn 0.0228 0.9818 0.1887
vn 0.9590 -0.0856 0.2700
vn 0.9189 -0.2976 0.2591
vn 0.7538 -0.6220 0.2121
vn -0.9597 -0.0795 -0.2694
vn -0.9214 -0.2905 -0.2582
vn -0.7538 -0.6221 -0.2115
vn -0.3445 0.0004 0.9388
vn -0.1915 0.0001 0.9815
vn -0.0439 -0.0000 0.9990
vn -0.1724 -0.9810 0.0893
vn -0.0273 -0.9993 0.0245
vn 0.0854 -0.9963 0.0102
vn -0.1253 -0.0841 -0.9886
vn -0.1201 -0.2923 -0.9487
vn -0.0983 -0.6140 -0.7832
vn -0.3104 -0.8782 0.3639
vn -0.3594 -0.8779 0.3164
vn -0.3922 -0.8798 0.2687
vn -0.0049 0.9998 0.0202
vn 0.0047 0.9987 0.0502
vn 0.0474 0.9945 0.0937
vn -0.8876 -0.0787 0.4538
vn -0.8524 -0.2882 0.4363
vn -0.6988 -0.6196 0.3575
vn -0.7538 0.6221 -0.2115
vn -0.9214 0.2905 -0.2582
vn -0.9597 0.0795 -0.2694
vn 0.0227 -0.9818 0.1887
vn -0.0004 -1.0000 -0.0046
vn -0.0242 -0.9796 -0.1993
vn -0.4689 -0.8827 -0.0317
vn -0.4571 -0.8884 0.0419
vn -0.4384 -0.8886 0.1347
vn 0.1883 0.9807 0.0522
vn 0.0029 1.0000 0.0003
vn -0.1819 0.9820 -0.0517
vn -0.1247 0.1052 -0.9866
vn -0.1184 0.3615 -0.9248
vn -0.0876 0.7374 -0.6698
vn -0.6763 -0.0000 -0.7367
vn -0.8052 -0.0000 -0.5930
vn -0.9127 -0.0000 -0.4086
vn -0.1819 -0.9820 -0.0517
vn 0.0029 -1.0000 0.0003
vn 0.1883 -0.9807 0.0522
vn 0.0740 0.9963 0.0427
vn -0.0304 0.9992 0.0242
vn -0.1637 0.9840 0.0710
vn 0.8668 -0.3697 0.3345
vn 0.8311 -0.4330 0.3490
vn 0.7875 -0.5055 0.3526
vn 0.7340 -0.6044 -0.3098
vn 0.7944 -0.5768 -0.1903
vn 0.8647 -0.5021 0.0143
vn -0.0276 -0.4331 -0.9009
vn -0.0105 -0.6241 -0.7813
vn 0.0069 -0.8216 -0.5700
vn 0.3886 -0.9075 -0.1593
vn 0.3439 -0.9347 -0.0895
vn 0.3346 -0.9422 -0.0180
vn 0.8582 -0.4331 0.2756
vn 0.7479 -0.6241 0.2261
vn 0.5496 -0.8216 0.1510
vn 0.5236 -0.8281 -0.2001
vn 0.5865 -0.8037 -0.1008
vn 0.6737 -0.7349 0.0777
vn -0.0818 -0.3697 -0.9255
vn -0.1056 -0.4330 -0.8952
vn -0.1212 -0.5055 -0.8543
vn -0.5443 0.6327 -0.5509
vn -0.4006 0.7759 -0.4874
vn -0.2216 0.8979 -0.3803
vn -0.1215 -0.9778 -0.1709
vn -0.1112 -0.9750 -0.1922
vn -0.0784 -0.9633 -0.2569
vn 0.1323 -0.9782 0.1601
vn 0.1464 -0.9784 0.1458
vn 0.1686 -0.9785 0.1190
vn -0.5735 -0.0338 -0.8185
vn -0.4965 -0.0735 -0.8649
vn -0.3281 -0.1793 -0.9275
vn 0.6157 -0.0233 0.7877
vn 0.6495 -0.0209 0.7601
vn 0.7113 -0.0164 0.7027
vn 0.3045 0.8594 0.4107
vn 0.3627 0.7474 0.5566
vn 0.3704 0.6273 0.6850
vn -0.3837 -0.3068 -0.8710
vn -0.5499 -0.0652 -0.8327
vn -0.6362 0.1551 -0.7558
vn -0.0491 -0.9793 -0.1966
vn -0.0874 -0.9790 -0.1842
vn -0.1127 -0.9785 -0.1729
vn 0.2252 -0.9633 0.1463
vn 0.1540 -0.9750 0.1600
vn 0.1307 -0.9778 0.1640
vn -0.2931 -0.0152 -0.9560
vn -0.4490 -0.0224 -0.8933
vn -0.5529 -0.0255 -0.8328
vn 0.8006 -0.1793 0.5717
vn 0.6939 -0.0735 0.7163
vn 0.6281 -0.0338 0.7774
vn 0.6039 0.0239 0.7967
vn 0.5926 0.0833 0.8012
vn 0.5528 0.2072 0.8072
vn 0.2828 -0.8848 0.3703
vn 0.4854 -0.5991 0.6368
vn 0.5920 -0.2167 0.7762
vn -0.6207 0.2053 -0.7567
vn -0.6025 0.0816 -0.7939
vn -0.5944 0.0228 -0.8039
vn -0.5777 -0.2174 -0.7868
vn -0.4737 -0.5998 -0.6448
vn -0.2754 -0.8852 -0.3750
vn -0.1857 0.9547 0.2325
vn -0.3088 0.9479 0.0786
vn -0.4920 0.8395 -0.2305
vn -0.0445 -0.9971 -0.0622
vn 0.0011 -1.0000 -0.0008
vn 0.0474 -0.9971 0.0601
vn -0.2236 0.0050 0.9747
vn -0.7529 0.0081 0.6580
vn -0.9948 0.0101 0.1010
vn 0.4798 0.1854 0.8575
vn 0.6366 -0.0759 0.7675
vn 0.7300 -0.3212 0.6033
vn 0.5727 -0.8022 -0.1684
vn 0.6347 -0.7704 -0.0604
vn 0.7068 -0.6980 0.1152
vn -0.3740 0.0100 0.9274
vn -0.8407 0.0081 0.5415
vn -0.9985 0.0050 -0.0543
vn 0.7738 -0.0014 0.6334
vn 0.6376 -0.0003 0.7704
vn 0.4807 0.0008 0.8769
vn -0.3779 -0.3212 -0.8683
vn -0.5616 -0.0759 -0.8239
vn -0.6915 0.1854 -0.6982
vn -0.2515 0.8101 0.5296
vn -0.4790 0.8366 0.2657
vn -0.6691 0.7393 -0.0761
vn -0.9511 0.0346 -0.3069
vn -0.8760 0.0200 -0.4819
vn -0.8664 0.0131 -0.4992
vn -0.9332 0.0690 0.3528
vn -0.7968 0.0733 0.5998
vn -0.5976 0.0683 0.7989
vn 0.2945 0.5281 0.7965
vn 0.2431 0.5552 0.7954
vn 0.2226 0.5452 0.8082
vn -0.7152 0.5452 -0.4373
vn -0.6972 0.5552 -0.4535
vn -0.6840 0.5281 -0.5032
vn 0.7212 -0.5997 0.3467
vn 0.7129 -0.6099 0.3462
vn 0.7197 -0.5998 0.3497
vn -0.1338 -0.5997 -0.7889
vn -0.1356 -0.6099 -0.7808
vn -0.1371 -0.5998 -0.7883
vn 0.4906 0.8576 -0.1544
vn 0.4133 0.9074 -0.0760
vn 0.3928 0.9196 -0.0030
vn -0.2424 0.6583 0.7127
vn -0.3054 0.3483 0.8862
vn -0.3097 0.1177 0.9435
vn 0.6997 -0.6445 -0.3083
vn 0.8699 -0.3137 -0.3805
vn 0.9148 -0.0716 -0.3974
vn -0.0535 0.9231 0.3809
vn -0.2127 0.9614 0.1742
vn -0.3602 0.9316 -0.0489
vn 0.4897 -0.6445 -0.5872
vn 0.6062 -0.3137 -0.7308
vn 0.6349 -0.0716 -0.7693
vn 0.0277 0.0331 0.9991
vn 0.2159 0.0188 0.9762
vn 0.2350 0.0124 0.9719
vn 0.1210 -0.0040 -0.9927
vn 0.3570 -0.0050 -0.9341
vn 0.5232 -0.0055 -0.8522
vn -0.8753 0.0274 -0.4828
vn -0.8680 0.1591 -0.4704
vn -0.7491 0.5274 -0.4007
vn -0.1529 -0.0339 -0.9877
vn -0.1423 -0.1635 -0.9762
vn -0.1394 -0.3906 -0.9100
vn -0.7098 0.0008 -0.7044
vn -0.5641 -0.0003 -0.8257
vn -0.3948 -0.0014 -0.9188
vn 0.9064 0.0297 0.4213
vn 0.8994 0.1802 0.3982
vn 0.7494 0.5954 0.2897
vn 0.2318 0.0294 0.9723
vn 0.2444 0.1307 0.9608
vn 0.2385 0.3186 0.9174
vn 0.7226 -0.0060 -0.6912
vn 0.7989 -0.0060 -0.6015
vn 0.8640 -0.0060 -0.5034
vn 0.8360 -0.3906 0.3855
vn 0.8988 -0.1635 0.4067
vn 0.9069 -0.0339 0.4200
vn -0.0548 0.9950 -0.0830
vn -0.0379 0.9991 -0.0165
vn -0.0188 0.9998 -0.0007
vn -0.1578 0.9875 0.0037
vn -0.0723 0.9959 0.0545
vn -0.0472 0.9875 0.1506
vn 0.0850 0.8388 0.5378
vn -0.1610 0.9477 0.2754
vn -0.2748 0.9547 0.1142
vn -0.4593 0.8679 0.1889
vn -0.3849 0.8763 0.2898
vn -0.3087 0.8678 0.3894
vn 0.9054 -0.0000 0.4245
vn -0.1119 0.7392 0.6641
vn -0.3877 0.8366 0.3869
vn -0.5786 0.8101 0.0951
vn 0.9636 -0.0055 -0.2672
vn 0.9964 -0.0050 -0.0848
vn 0.9874 -0.0040 0.1582
vn -0.9989 0.0475 -0.0026
vn -0.9986 0.0472 -0.0248
vn -0.9978 0.0482 -0.0464
vn -0.7509 0.6594 0.0354
vn -0.9355 0.3502 0.0473
vn -0.9922 0.1195 0.0351
vn -0.0518 0.9304 0.3629
vn -0.2262 0.9614 0.1564
vn -0.3799 0.9232 -0.0576
vn 0.0125 0.4938 0.8695
vn 0.0305 0.2134 0.9765
vn 0.0333 0.0521 0.9981
vn 0.1422 0.0349 0.9892
vn 0.1431 0.1643 0.9760
vn 0.1210 0.5246 0.8427
vn -0.9071 0.0360 -0.4193
vn -0.8934 0.1662 -0.4175
vn -0.7710 0.5263 -0.3586
vn 0.6358 -0.0000 -0.7718
vn -0.1576 -0.0000 -0.9875
vn -0.9489 0.0687 0.3080
vn -0.7968 0.0734 0.5998
vn -0.5595 0.0675 0.8261
vn -0.0705 0.6010 -0.7961
vn -0.1339 0.1835 -0.9739
vn -0.1543 0.0303 -0.9876
vn -0.8741 -0.0000 -0.4858
vn -0.8742 -0.0000 -0.4855
vn -0.8744 -0.0000 -0.4853
vn 0.2247 -0.0000 0.9744
vn 0.2250 -0.0000 0.9744
vn 0.2252 -0.0000 0.9743
vn -0.0200 0.9996 0.0192
vn -0.0457 0.9972 0.0591
vn -0.0738 0.9883 0.1337
vn -0.0239 0.9996 0.0140
vn -0.0694 0.9972 0.0276
vn -0.1489 0.9883 0.0340
vn -0.0952 0.9029 0.4192
vn -0.0733 0.8479 0.5250
vn -0.0399 0.7860 0.6170
vn -0.4292 0.9029 -0.0244
vn -0.5248 0.8479 -0.0747
vn -0.6040 0.7859 -0.1324
vn -0.0035 1.0000 0.0018
vn -0.0025 1.0000 0.0019
vn -0.0027 1.0000 0.0028
vn -0.8157 0.3186 -0.4829
vn -0.8558 0.1307 -0.5005
vn -0.8704 0.0295 -0.4915
vn -0.8318 0.4938 -0.2536
vn -0.9293 0.2136 -0.3013
vn -0.9489 0.0525 -0.3111
vn 0.0657 0.0067 0.9978
vn 0.0893 0.0065 0.9960
vn 0.1117 0.0065 0.9937
vn -0.9389 0.0070 -0.3440
vn -0.9302 0.0068 -0.3670
vn -0.9213 0.0068 -0.3889
vn 0.1786 0.5240 0.8328
vn 0.2124 0.1575 0.9644
vn 0.2222 0.0271 0.9746
vn 0.9175 -0.0000 -0.3977
vn -0.0544 0.9649 0.2568
vn 0.0048 1.0000 0.0009
vn 0.0196 0.9880 -0.1530
vn -0.2764 0.0465 0.9599
vn -0.2555 0.0462 0.9657
vn -0.2353 0.0469 0.9708
vn -0.3024 0.9424 0.1433
vn -0.2622 0.9446 0.1974
vn -0.2213 0.9424 0.2510
vn -0.2089 0.0684 0.9755
vn -0.2097 0.1354 0.9683
vn -0.2191 0.3728 0.9017
vn -0.1852 0.9168 0.3538
vn -0.1823 0.9003 0.3953
vn -0.1791 0.8773 0.4453
vn -0.3912 0.9168 0.0802
vn -0.4302 0.9003 0.0659
vn -0.4773 0.8774 0.0490
vn -0.3535 0.9331 -0.0662
vn -0.3677 0.9285 -0.0515
vn -0.3636 0.9314 0.0156
vn -0.1155 0.9314 0.3451
vn -0.0521 0.9285 0.3676
vn -0.0341 0.9331 0.3580
vn 0.1401 0.5962 0.7905
vn 0.1238 0.6236 0.7719
vn -0.0162 0.7346 0.6783
vn 0.0479 0.8402 0.5402
vn 0.1298 0.8639 0.4867
vn 0.1490 0.8625 0.4836
vn 0.1555 0.9875 0.0242
vn 0.0003 1.0000 -0.0051
vn -0.2691 0.9629 -0.0201
vn -0.6557 0.7351 -0.1723
vn -0.7070 0.6239 -0.3330
vn -0.7207 0.5961 -0.3539
vn -0.7682 0.5832 0.2642
vn -0.6652 0.5559 0.4985
vn -0.4644 0.5909 0.6596
vn -0.9946 0.0720 -0.0746
vn -0.9875 0.1399 -0.0722
vn -0.9268 0.3730 -0.0447
vn -0.4204 0.8621 -0.2830
vn -0.4302 0.8628 -0.2655
vn -0.5075 0.8378 -0.2013
vn -0.7101 0.0016 -0.7041
vn -0.5643 0.0016 -0.8256
vn -0.3951 0.0019 -0.9187
vn 0.7736 0.0018 0.6336
vn 0.6374 0.0016 0.7705
vn 0.4803 0.0016 0.8771
vn 0.1206 0.0024 -0.9927
vn 0.3567 0.0022 -0.9342
vn 0.5230 0.0017 -0.8524
vn -0.2413 0.0033 0.9704
vn -0.7937 0.0056 0.6083
vn -1.0000 0.0078 0.0023
vn -0.2833 0.0076 0.9590
vn -0.8044 0.0056 0.5940
vn -0.9994 0.0033 -0.0358
vn 0.9637 0.0017 -0.2669
vn 0.9964 0.0022 -0.0845
vn 0.9873 0.0024 0.1585
vn 0.1088 0.0306 0.9936
vn 0.2825 0.0174 0.9591
vn 0.3010 0.0113 0.9536
vn -0.9215 0.0328 -0.3870
vn -0.8381 0.0191 -0.5451
vn -0.8275 0.0124 -0.5614
vn 0.7226 0.0012 -0.6912
vn 0.7989 0.0012 -0.6015
vn 0.8641 0.0012 -0.5034
vn 0.2253 -0.5021 -0.8349
vn 0.4025 -0.5768 -0.7108
vn 0.5006 -0.6044 -0.6197
vn 0.5944 -0.6164 -0.5165
vn 0.6283 -0.6176 -0.4731
vn 0.6607 -0.6164 -0.4284
vn 0.1098 -0.9422 -0.3166
vn 0.1811 -0.9347 -0.3057
vn 0.2605 -0.9075 -0.3294
vn 0.3474 -0.8899 -0.2956
vn 0.3438 -0.9027 -0.2588
vn 0.3801 -0.8899 -0.2521
vn 0.1116 -0.7349 -0.6689
vn 0.2590 -0.8037 -0.5358
vn 0.3371 -0.8281 -0.4479
vn 0.4050 -0.8413 -0.3581
vn 0.4303 -0.8425 -0.3240
vn 0.4561 -0.8413 -0.2902
vn 0.0847 -0.6980 -0.7111
vn 0.2335 -0.7704 -0.5933
vn 0.3202 -0.8022 -0.5039
vn 0.4121 -0.8240 -0.3888
vn 0.4500 -0.8262 -0.3388
vn 0.4876 -0.8240 -0.2886
vn 0.1101 0.9215 -0.3724
vn 0.1854 0.9091 -0.3731
vn 0.2823 0.8593 -0.4266
vn 0.4208 0.8181 -0.3919
vn 0.4395 0.8351 -0.3309
vn 0.4939 0.8174 -0.2964
vn 0.9178 0.0174 -0.3967
vn 0.9147 0.1028 -0.3908
vn 0.8483 0.4015 -0.3453
vn 0.6350 0.0175 -0.7723
vn 0.6283 0.1035 -0.7711
vn 0.5655 0.4039 -0.7191
vn 0.4561 -0.8593 -0.2314
vn 0.4517 -0.8647 -0.2197
vn 0.4668 -0.8572 -0.2175
vn 0.3485 -0.8593 -0.3744
vn 0.3360 -0.8647 -0.3733
vn 0.3381 -0.8572 -0.3885
vn 0.5670 -0.7667 -0.3011
vn 0.6476 -0.6752 -0.3532
vn 0.6879 -0.6198 -0.3777
vn 0.4461 -0.7667 -0.4617
vn 0.5184 -0.6752 -0.5247
vn 0.5532 -0.6198 -0.5567
vn 0.6622 -0.6560 -0.3622
vn 0.6029 -0.7274 -0.3278
vn 0.5368 -0.7929 -0.2884
vn 0.5311 -0.6560 -0.5363
vn 0.4817 -0.7274 -0.4887
vn 0.4255 -0.7929 -0.4362
vn 0.1375 -0.8846 0.4457
vn 0.2117 -0.8834 0.4181
vn 0.2630 -0.8805 0.3945
vn -0.1413 0.8771 -0.4590
vn -0.2169 0.8776 -0.4276
vn -0.2657 0.8780 -0.3981
vn -0.1413 -0.8771 -0.4590
vn -0.2169 -0.8776 -0.4276
vn -0.2657 -0.8780 -0.3981
vn -0.2947 -0.0000 -0.9556
vn -0.4519 -0.0000 -0.8921
vn -0.5548 -0.0000 -0.8320
vn 0.1375 0.8846 0.4457
vn 0.2117 0.8834 0.4181
vn 0.2630 0.8805 0.3945
vn 0.2946 -0.0000 0.9556
vn 0.4519 -0.0000 0.8921
vn 0.5548 -0.0000 0.8320
vn 0.4728 -0.6181 0.6280
vn 0.5750 -0.2935 0.7637
vn 0.5993 -0.0840 0.7961
vn -0.1182 -0.9805 -0.1570
vn -0.0000 -1.0000 -0.0001
vn 0.1177 -0.9807 0.1564
vn -0.5997 -0.0777 -0.7965
vn -0.5767 -0.2840 -0.7660
vn -0.4760 -0.6114 -0.6322
vn -0.4760 0.6114 -0.6322
vn -0.5767 0.2840 -0.7660
vn -0.5997 0.0777 -0.7965
vn 0.1177 0.9807 0.1564
vn -0.0000 1.0000 -0.0001
vn -0.1182 0.9805 -0.1570
vn 0.5993 0.0840 0.7961
vn 0.5750 0.2935 0.7637
vn 0.4728 0.6181 0.6280
vn -0.4733 -0.6171 -0.6286
vn -0.5751 -0.2931 -0.7638
vn -0.5993 -0.0840 -0.7961
vn 0.1176 -0.9807 0.1562
vn -0.0005 -1.0000 -0.0006
vn -0.1183 -0.9805 -0.1571
vn 0.5996 -0.0778 0.7965
vn 0.5766 -0.2843 0.7659
vn 0.4755 -0.6124 0.6316
vn 0.4755 0.6124 0.6316
vn 0.5766 0.2843 0.7659
vn 0.5996 0.0778 0.7965
vn -0.1183 0.9805 -0.1571
vn -0.0005 1.0000 -0.0006
vn 0.1176 0.9807 0.1562
vn -0.5993 0.0840 -0.7961
vn -0.5751 0.2931 -0.7638
vn -0.4733 0.6171 -0.6286
vn -0.1274 0.9048 -0.4064
vn -0.2456 0.8862 -0.3930
vn -0.3465 0.8684 -0.3546
vn 0.2475 0.8651 0.4364
vn 0.3139 0.8824 0.3504
vn 0.3609 0.9013 0.2394
vn 0.4799 -0.6184 0.6223
vn 0.5838 -0.2940 0.7568
vn 0.6085 -0.0843 0.7891
vn -0.1193 -0.9808 -0.1544
vn 0.0002 -1.0000 0.0006
vn 0.1195 -0.9806 0.1553
vn -0.6086 -0.0780 -0.7896
vn -0.5851 -0.2850 -0.7593
vn -0.4823 -0.6131 -0.6257
vn -0.4823 0.6131 -0.6257
vn -0.5851 0.2850 -0.7593
vn -0.6086 0.0780 -0.7896
vn 0.1195 0.9806 0.1553
vn 0.0002 1.0000 0.0006
vn -0.1193 0.9808 -0.1544
vn 0.6085 0.0843 0.7891
vn 0.5838 0.2940 0.7568
vn 0.4799 0.6184 0.6223
vn -0.9803 -0.0000 -0.1976
vn -0.9866 -0.0000 -0.1634
vn -0.9892 -0.0000 -0.1468
vn 0.4664 0.8796 0.0937
vn 0.4700 0.8792 0.0778
vn 0.4711 0.8793 0.0699
vn 0.9803 -0.0000 0.1977
vn 0.9866 -0.0000 0.1634
vn 0.9892 -0.0000 0.1468
vn -0.4654 0.8801 -0.0941
vn -0.4713 0.8785 -0.0781
vn -0.4735 0.8780 -0.0703
vn 0.4664 -0.8796 0.0937
vn 0.4700 -0.8792 0.0778
vn 0.4711 -0.8793 0.0699
vn -0.4654 -0.8801 -0.0941
vn -0.4713 -0.8785 -0.0781
vn -0.4735 -0.8780 -0.0703
vn 0.7779 -0.6184 0.1113
vn 0.9460 -0.2939 0.1369
vn 0.9860 -0.0842 0.1438
vn -0.1940 -0.9807 -0.0259
vn 0.0003 -1.0000 0.0002
vn 0.1940 -0.9806 0.0270
vn -0.9882 -0.0778 -0.1322
vn -0.9502 -0.2844 -0.1272
vn -0.7837 -0.6123 -0.1048
vn -0.7836 0.6123 -0.1050
vn -0.9502 0.2844 -0.1272
vn -0.9882 0.0778 -0.1322
vn 0.1938 0.9807 0.0274
vn 0.0003 1.0000 0.0002
vn -0.1940 0.9806 -0.0260
vn 0.9860 0.0841 0.1440
vn 0.9459 0.2936 0.1379
vn 0.7778 0.6183 0.1128
vn 0.5207 -0.0000 0.8537
vn 0.3471 -0.0000 0.9378
vn 0.1405 -0.0000 0.9901
vn 0.2103 -0.0000 -0.9776
vn 0.3632 0.0001 -0.9317
vn 0.5468 0.0005 -0.8372
vn 0.7424 0.6450 -0.1813
vn 0.9227 0.3073 -0.2327
vn 0.9653 0.0848 -0.2470
vn -0.9581 -0.0043 -0.2865
vn -0.9675 -0.0013 -0.2528
vn -0.9580 -0.0002 -0.2868
vn -0.2410 0.8860 -0.3962
vn -0.1563 0.8927 -0.4226
vn -0.0642 0.8905 -0.4504
vn 0.3517 0.0863 0.9321
vn 0.3470 0.3070 0.8862
vn 0.2877 0.6844 0.6700
vn -0.3625 0.9274 -0.0929
vn -0.4338 0.8954 -0.1004
vn -0.4577 0.8789 -0.1339
vn 0.9657 -0.0762 -0.2482
vn 0.9296 -0.2805 -0.2389
vn 0.7677 -0.6097 -0.1973
vn 0.6374 0.1501 0.7557
vn 0.5500 -0.0604 0.8330
vn 0.3853 -0.2895 0.8762
vn -0.0577 0.8826 0.4666
vn -0.0306 0.8951 0.4448
vn 0.0244 0.9214 0.3878
vn 0.2483 0.8804 0.4041
vn 0.1635 0.8831 0.4397
vn 0.0649 0.8831 0.4647
vn -0.9071 -0.1762 -0.3823
vn -0.7898 -0.5254 -0.3166
vn -0.4980 -0.8489 -0.1772
vn 0.9190 -0.0782 0.3865
vn 0.8831 -0.2869 0.3712
vn 0.7245 -0.6183 0.3046
vn 0.1893 -0.9807 -0.0494
vn 0.0274 -0.9995 -0.0138
vn -0.0838 -0.9965 -0.0061
vn -0.0585 -0.9981 -0.0212
vn -0.0160 -0.9998 0.0094
vn -0.0034 -0.9980 0.0624
vn 0.4632 0.8858 -0.0269
vn 0.4725 0.8802 0.0438
vn 0.4615 0.8800 0.1125
vn -0.2410 -0.8860 -0.3962
vn -0.1563 -0.8927 -0.4226
vn -0.0642 -0.8905 -0.4504
vn 0.9108 0.0019 -0.4129
vn 0.8430 0.0025 -0.5379
vn 0.7716 0.0021 -0.6361
vn 0.4765 -0.8785 -0.0341
vn 0.4764 -0.8782 0.0421
vn 0.4622 -0.8797 0.1116
vn 0.3837 0.9090 -0.1626
vn 0.3395 0.9158 -0.2147
vn 0.3110 0.9106 -0.2722
vn -0.1017 -0.0003 0.9948
vn -0.0020 -0.0020 1.0000
vn 0.1665 -0.0057 0.9860
vn 0.5040 0.6570 -0.5606
vn 0.6431 0.3182 -0.6966
vn 0.6797 0.0888 -0.7281
vn -0.3434 -0.9371 -0.0625
vn -0.4298 -0.8988 -0.0862
vn -0.4584 -0.8793 -0.1294
vn -0.0725 0.9968 -0.0350
vn 0.0290 0.9994 -0.0165
vn 0.1746 0.9839 -0.0384
vn -0.9154 0.0840 -0.3937
vn -0.8785 0.2923 -0.3779
vn -0.7253 0.6139 -0.3115
vn 0.3365 -0.1725 0.9258
vn 0.2674 -0.5167 0.8133
vn 0.1190 -0.8340 0.5388
vn -0.0056 0.0856 0.9963
vn -0.0050 0.2976 0.9547
vn -0.0046 0.6220 0.7830
vn 0.0975 0.8828 -0.4595
vn 0.1597 0.8902 -0.4266
vn 0.2287 0.8958 -0.3812
vn 0.2483 -0.8804 0.4041
vn 0.1635 -0.8831 0.4397
vn 0.0649 -0.8831 0.4647
vn 0.7245 0.6183 0.3047
vn 0.8831 0.2869 0.3712
vn 0.9189 0.0782 0.3866
vn -0.0675 -0.8828 0.4649
vn -0.0627 -0.8986 0.4343
vn -0.0234 -0.9377 0.3467
vn -0.1845 0.9797 -0.0786
vn -0.0043 1.0000 -0.0017
vn 0.1751 0.9818 0.0741
vn -0.0056 -0.0856 0.9963
vn -0.0050 -0.2976 0.9547
vn -0.0046 -0.6220 0.7830
vn 0.0064 -0.0795 -0.9968
vn 0.0066 -0.2905 -0.9568
vn 0.0052 -0.6221 -0.7829
vn 0.9974 0.0004 -0.0715
vn 0.9962 0.0001 0.0873
vn 0.9722 -0.0000 0.2340
vn 0.1335 -0.9810 -0.1409
vn 0.0310 -0.9993 -0.0195
vn -0.0138 -0.9963 0.0849
vn -0.9154 -0.0841 -0.3937
vn -0.8786 -0.2923 -0.3777
vn -0.7255 -0.6140 -0.3110
vn 0.4355 -0.8782 -0.1977
vn 0.4034 -0.8779 -0.2579
vn 0.3666 -0.8798 -0.3026
vn 0.0208 0.9998 0.0009
vn 0.0470 0.9987 0.0183
vn 0.0770 0.9945 0.0715
vn 0.6815 -0.0787 -0.7276
vn 0.6549 -0.2882 -0.6985
vn 0.5368 -0.6196 -0.5727
vn 0.0052 0.6221 -0.7829
vn 0.0066 0.2905 -0.9568
vn 0.0064 0.0795 -0.9968
vn 0.1751 -0.9818 0.0740
vn -0.0043 -1.0000 -0.0017
vn -0.1848 -0.9796 -0.0783
vn 0.0992 -0.8827 -0.4594
vn 0.1667 -0.8884 -0.4277
vn 0.2506 -0.8886 -0.3841
vn -0.0019 0.9807 0.1954
vn -0.0006 1.0000 0.0029
vn 0.0006 0.9820 -0.1891
vn -0.9137 0.1052 -0.3926
vn -0.8560 0.3615 -0.3694
vn -0.6195 0.7374 -0.2694
vn -0.5210 -0.0000 -0.8536
vn -0.3473 -0.0000 -0.9378
vn -0.1403 -0.0000 -0.9901
vn 0.0006 -0.9820 -0.1891
vn -0.0006 -1.0000 0.0029
vn -0.0019 -0.9807 0.1954
vn 0.0206 0.9963 0.0829
vn 0.0316 0.9992 -0.0225
vn 0.1135 0.9840 -0.1377
vn 0.0815 -0.3653 0.9273
vn 0.1056 -0.4211 0.9009
vn 0.1219 -0.4861 0.8654
vn -0.5010 -0.6036 0.6202
vn -0.4028 -0.5760 0.7113
vn -0.2254 -0.5013 0.8354
vn -0.8582 -0.4331 -0.2756
vn -0.7479 -0.6241 -0.2261
vn -0.5496 -0.8216 -0.1510
vn -0.2605 -0.9075 0.3294
vn -0.1811 -0.9347 0.3057
vn -0.1098 -0.9422 0.3166
vn 0.0276 -0.4331 0.9009
vn 0.0105 -0.6241 0.7813
vn -0.0069 -0.8216 0.5700
vn -0.3516 -0.8112 0.4673
vn -0.2697 -0.7849 0.5579
vn -0.1158 -0.7126 0.6919
vn -0.8686 -0.3653 -0.3347
vn -0.8366 -0.4211 -0.3505
vn -0.7979 -0.4861 -0.3564
vn -0.3782 0.6302 -0.6781
vn -0.3575 0.7757 -0.5200
vn -0.3042 0.8979 -0.3180
vn -0.1307 -0.9778 -0.1640
vn -0.1540 -0.9750 -0.1600
vn -0.2252 -0.9633 -0.1463
vn 0.1173 -0.9782 0.1714
vn 0.0997 -0.9784 0.1810
vn 0.0678 -0.9785 0.1950
vn -0.6281 -0.0337 -0.7774
vn -0.6940 -0.0734 -0.7163
vn -0.8007 -0.1790 -0.5716
vn 0.5868 -0.0233 0.8094
vn 0.5509 -0.0209 0.8343
vn 0.4787 -0.0164 0.8778
vn 0.3107 0.8594 0.4061
vn 0.4352 0.7472 0.5023
vn 0.5590 0.6245 0.5454
vn -0.7355 -0.2895 -0.6126
vn -0.6485 -0.0604 -0.7589
vn -0.5501 0.1501 -0.8215
vn -0.1753 -0.9793 -0.1015
vn -0.1529 -0.9790 -0.1349
vn -0.1350 -0.9785 -0.1562
vn 0.0784 -0.9633 0.2569
vn 0.1112 -0.9750 0.1922
vn 0.1215 -0.9778 0.1709
vn -0.8377 -0.0152 -0.5459
vn -0.7343 -0.0223 -0.6784
vn -0.6475 -0.0255 -0.7616
vn 0.3280 -0.1790 0.9276
vn 0.4965 -0.0734 0.8649
vn 0.5734 -0.0337 0.8185
vn 0.5987 0.0239 0.8007
vn 0.6061 0.0830 0.7910
vn 0.6234 0.2050 0.7546
vn 0.2777 -0.8848 0.3742
vn 0.4778 -0.5991 0.6425
vn 0.5823 -0.2167 0.7835
vn -0.5557 0.2032 -0.8062
vn -0.5964 0.0814 -0.7985
vn -0.6082 0.0229 -0.7934
vn -0.5964 -0.2174 -0.7727
vn -0.4887 -0.5998 -0.6335
vn -0.2842 -0.8852 -0.3684
vn 0.2866 0.9508 -0.1175
vn 0.1697 0.9440 -0.2829
vn -0.0825 0.8331 -0.5470
vn -0.0475 -0.9971 -0.0599
vn -0.0011 -1.0000 0.0009
vn 0.0446 -0.9971 0.0621
vn 0.9985 0.0047 0.0546
vn 0.8406 0.0077 -0.5417
vn 0.3721 0.0097 -0.9281
vn 0.6932 0.1728 0.6997
vn 0.5617 -0.0702 0.8244
vn 0.3800 -0.3001 0.8750
vn -0.3359 -0.7798 0.5283
vn -0.2444 -0.7458 0.6197
vn -0.0888 -0.6704 0.7367
vn 0.9946 0.0096 -0.1031
vn 0.7528 0.0077 -0.6582
vn 0.2239 0.0047 -0.9746
vn 0.3948 -0.0013 0.9188
vn 0.5641 -0.0002 0.8257
vn 0.7098 0.0008 0.7044
vn -0.7358 -0.3001 -0.6071
vn -0.6370 -0.0702 -0.7677
vn -0.4808 0.1728 -0.8596
vn 0.6060 0.7892 -0.0997
vn 0.4080 0.8175 -0.4066
vn 0.1174 0.7144 -0.6899
vn -0.0320 0.0344 -0.9989
vn -0.2210 0.0199 -0.9751
vn -0.2402 0.0130 -0.9706
vn 0.5970 0.0686 -0.7993
vn 0.7967 0.0729 -0.5999
vn 0.9330 0.0679 -0.3534
vn 0.6942 0.5098 0.5081
vn 0.7109 0.5318 0.4603
vn 0.7299 0.5192 0.4446
vn -0.2255 0.5192 -0.8244
vn -0.2458 0.5318 -0.8104
vn -0.2963 0.5098 -0.8076
vn 0.1359 -0.5728 0.8084
vn 0.1379 -0.5818 0.8016
vn 0.1394 -0.5711 0.8090
vn -0.7393 -0.5728 -0.3541
vn -0.7322 -0.5818 -0.3542
vn -0.7389 -0.5711 -0.3576
vn -0.2840 0.8576 0.4288
vn -0.1873 0.9074 0.3762
vn -0.1115 0.9196 0.3767
vn 0.7697 0.6373 -0.0379
vn 0.9418 0.3326 -0.0487
vn 0.9929 0.1134 -0.0366
vn -0.5036 -0.6180 0.6037
vn -0.6101 -0.2943 0.7356
vn -0.6351 -0.0664 0.7696
vn 0.3809 0.9231 0.0539
vn 0.2263 0.9614 -0.1563
vn 0.0526 0.9316 -0.3597
vn -0.7194 -0.6180 0.3171
vn -0.8756 -0.2943 0.3830
vn -0.9152 -0.0664 0.3976
vn 0.9525 0.0329 0.3029
vn 0.8785 0.0187 0.4774
vn 0.8691 0.0122 0.4945
vn -0.9874 -0.0037 -0.1582
vn -0.9964 -0.0046 0.0848
vn -0.9636 -0.0051 0.2672
vn -0.2220 0.0274 -0.9747
vn -0.2121 0.1591 -0.9642
vn -0.1780 0.5274 -0.8307
vn -0.9068 -0.0313 -0.4203
vn -0.9003 -0.1513 -0.4081
vn -0.8453 -0.3665 -0.3887
vn -0.4807 0.0008 -0.8769
vn -0.6376 -0.0002 -0.7704
vn -0.7738 -0.0013 -0.6334
vn 0.1543 0.0297 0.9876
vn 0.1341 0.1802 0.9745
vn 0.0713 0.5954 0.8003
vn 0.8706 0.0274 0.4912
vn 0.8573 0.1221 0.5001
vn 0.8214 0.2989 0.4857
vn -0.8641 -0.0055 0.5034
vn -0.7989 -0.0056 0.6015
vn -0.7226 -0.0055 0.6912
vn 0.1399 -0.3665 0.9198
vn 0.1433 -0.1513 0.9781
vn 0.1532 -0.0313 0.9877
vn -0.0646 0.9950 -0.0756
vn -0.0053 0.9991 -0.0410
vn 0.0046 0.9998 -0.0182
vn 0.0472 0.9870 -0.1534
vn 0.0729 0.9958 -0.0549
vn 0.1605 0.9870 -0.0029
vn 0.5042 0.8323 0.2304
vn 0.3192 0.9439 -0.0849
vn 0.1922 0.9508 -0.2430
vn 0.3232 0.8539 -0.4079
vn 0.4037 0.8630 -0.3039
vn 0.4816 0.8537 -0.1979
vn 0.1576 -0.0000 0.9875
vn 0.6954 0.7143 0.0779
vn 0.5035 0.8175 -0.2797
vn 0.2632 0.7892 -0.5549
vn -0.5232 -0.0051 0.8522
vn -0.3570 -0.0046 0.9341
vn -0.1209 -0.0037 0.9927
vn 0.2736 0.0475 -0.9607
vn 0.2522 0.0472 -0.9665
vn 0.2312 0.0482 -0.9717
vn 0.2484 0.6385 -0.7284
vn 0.3059 0.3346 -0.8913
vn 0.3079 0.1153 -0.9444
vn 0.3631 0.9304 0.0505
vn 0.2128 0.9614 -0.1742
vn 0.0496 0.9232 -0.3810
vn 0.8454 0.4686 0.2565
vn 0.9329 0.2003 0.2993
vn 0.9502 0.0490 0.3077
vn 0.9113 0.0349 0.4102
vn 0.8984 0.1643 0.4074
vn 0.7764 0.5246 0.3492
vn -0.1522 0.0360 -0.9877
vn -0.1542 0.1662 -0.9740
vn -0.1315 0.5263 -0.8401
vn -0.9175 -0.0000 0.3977
vn -0.9054 -0.0000 -0.4245
vn 0.5583 0.0687 -0.8268
vn 0.7967 0.0734 -0.5999
vn 0.9485 0.0675 -0.3094
vn -0.7456 0.6010 -0.2879
vn -0.8989 0.1835 -0.3979
vn -0.9064 0.0303 -0.4213
vn -0.2252 -0.0000 -0.9743
vn -0.2249 -0.0000 -0.9744
vn -0.2246 -0.0000 -0.9744
vn 0.8743 -0.0000 0.4854
vn 0.8742 -0.0000 0.4856
vn 0.8741 -0.0000 0.4858
vn 0.0241 0.9996 -0.0140
vn 0.0703 0.9971 -0.0278
vn 0.1521 0.9878 -0.0344
vn 0.0201 0.9996 -0.0192
vn 0.0462 0.9971 -0.0598
vn 0.0752 0.9878 -0.1366
vn 0.4486 0.8933 0.0277
vn 0.5491 0.8319 0.0798
vn 0.6296 0.7645 0.1386
vn 0.0974 0.8933 -0.4388
vn 0.0751 0.8319 -0.5498
vn 0.0407 0.7644 -0.6434
vn 0.0027 1.0000 -0.0028
vn 0.0025 1.0000 -0.0019
vn 0.0035 1.0000 -0.0018
vn -0.2397 0.2989 -0.9237
vn -0.2435 0.1222 -0.9622
vn -0.2313 0.0274 -0.9725
vn -0.0141 0.4685 -0.8833
vn -0.0319 0.2006 -0.9791
vn -0.0362 0.0495 -0.9981
vn 0.9408 0.0067 0.3390
vn 0.9325 0.0065 0.3611
vn 0.9241 0.0065 0.3821
vn -0.0710 0.0070 -0.9975
vn -0.0956 0.0068 -0.9954
vn -0.1191 0.0068 -0.9929
vn 0.7509 0.5240 0.4019
vn 0.8681 0.1575 0.4707
vn 0.8752 0.0271 0.4830
vn -0.6358 -0.0000 0.7718
vn 0.2618 0.9649 0.0187
vn -0.0004 1.0000 0.0049
vn -0.1525 0.9880 -0.0235
vn 0.9989 0.0465 -0.0002
vn 0.9987 0.0462 0.0214
vn 0.9980 0.0469 0.0423
vn 0.2308 0.9368 -0.2630
vn 0.2741 0.9393 -0.2064
vn 0.3166 0.9368 -0.1491
vn 0.9953 0.0684 0.0690
vn 0.9886 0.1354 0.0662
vn 0.9271 0.3728 0.0388
vn 0.4112 0.9078 -0.0825
vn 0.4526 0.8891 -0.0680
vn 0.5015 0.8637 -0.0508
vn 0.1929 0.9078 -0.3723
vn 0.1904 0.8892 -0.4160
vn 0.1873 0.8638 -0.4677
vn 0.0332 0.9282 -0.3707
vn 0.0517 0.9228 -0.3817
vn 0.1181 0.9253 -0.3604
vn 0.3790 0.9253 -0.0139
vn 0.3812 0.9228 0.0559
vn 0.3654 0.9282 0.0705
vn 0.7380 0.5693 0.3622
vn 0.7252 0.5983 0.3408
vn 0.6786 0.7127 0.1773
vn 0.5059 0.8402 0.1954
vn 0.4318 0.8639 0.2593
vn 0.4235 0.8625 0.2769
vn -0.0197 0.9875 0.1561
vn -0.0050 1.0000 -0.0012
vn 0.0550 0.9629 -0.2642
vn 0.0167 0.7133 -0.7006
vn -0.1278 0.5987 -0.7907
vn -0.1449 0.5693 -0.8093
vn 0.4662 0.5832 -0.6652
vn 0.6629 0.5559 -0.5015
vn 0.7623 0.5909 -0.2640
vn 0.2033 0.0720 -0.9765
vn 0.2036 0.1399 -0.9690
vn 0.2132 0.3730 -0.9030
vn -0.1557 0.8621 -0.4822
vn -0.1362 0.8628 -0.4868
vn -0.0532 0.8378 -0.5434
vn -0.4803 0.0016 -0.8771
vn -0.6374 0.0016 -0.7705
vn -0.7736 0.0019 -0.6336
vn 0.3951 0.0018 0.9187
vn 0.5643 0.0016 0.8256
vn 0.7101 0.0016 0.7041
vn -0.9873 0.0024 -0.1585
vn -0.9964 0.0022 0.0845
vn -0.9637 0.0017 0.2669
vn 0.9993 0.0033 0.0364
vn 0.8040 0.0056 -0.5946
vn 0.2787 0.0078 -0.9603
vn 0.9999 0.0076 -0.0072
vn 0.7933 0.0056 -0.6089
vn 0.2419 0.0033 -0.9703
vn -0.5230 0.0017 0.8524
vn -0.3567 0.0022 0.9342
vn -0.1206 0.0024 0.9927
vn 0.9248 0.0306 0.3792
vn 0.8436 0.0174 0.5367
vn 0.8332 0.0113 0.5529
vn -0.1172 0.0328 -0.9926
vn -0.2922 0.0191 -0.9562
vn -0.3107 0.0124 -0.9504
vn -0.8641 0.0012 0.5034
vn -0.7989 0.0012 0.6015
vn -0.7226 0.0012 0.6912
vn -0.8651 -0.5013 -0.0143
vn -0.7950 -0.5760 0.1905
vn -0.7345 -0.6036 0.3100
vn -0.6612 -0.6157 0.4287
vn -0.6288 -0.6168 0.4734
vn -0.5948 -0.6157 0.5169
vn -0.3346 -0.9422 0.0180
vn -0.3439 -0.9347 0.0895
vn -0.3886 -0.9075 0.1593
vn -0.3801 -0.8899 0.2521
vn -0.3438 -0.9027 0.2588
vn -0.3474 -0.8899 0.2956
vn -0.6970 -0.7126 -0.0800
vn -0.6107 -0.7849 0.1050
vn -0.5463 -0.8112 0.2087
vn -0.4762 -0.8255 0.3029
vn -0.4492 -0.8270 0.3382
vn -0.4228 -0.8255 0.3739
vn -0.7325 -0.6704 -0.1183
vn -0.6631 -0.7458 0.0636
vn -0.6005 -0.7798 0.1767
vn -0.5123 -0.8035 0.3032
vn -0.4729 -0.8060 0.3560
vn -0.4330 -0.8035 0.4085
vn -0.3883 0.9215 0.0029
vn -0.4098 0.9091 0.0750
vn -0.4880 0.8593 0.1534
vn -0.4930 0.8181 0.2961
vn -0.4395 0.8351 0.3309
vn -0.4214 0.8174 0.3927
vn -0.6350 0.0174 0.7723
vn -0.6284 0.1028 0.7711
vn -0.5663 0.4015 0.7198
vn -0.9178 0.0175 0.3967
vn -0.9147 0.1035 0.3906
vn -0.8474 0.4039 0.3447
vn -0.3665 -0.8430 0.3938
vn -0.3545 -0.8480 0.3939
vn -0.3568 -0.8394 0.4100
vn -0.4797 -0.8430 0.2434
vn -0.4766 -0.8480 0.2318
vn -0.4927 -0.8394 0.2295
vn -0.4461 -0.7667 0.4617
vn -0.5184 -0.6752 0.5247
vn -0.5532 -0.6198 0.5567
vn -0.5670 -0.7667 0.3011
vn -0.6476 -0.6752 0.3532
vn -0.6879 -0.6198 0.3777
vn -0.5341 -0.6511 0.5393
vn -0.4898 -0.7164 0.4969
vn -0.4387 -0.7780 0.4497
vn -0.6659 -0.6511 0.3642
vn -0.6130 -0.7164 0.3333
vn -0.5535 -0.7780 0.2973
vn 0.3903 -0.8846 0.2553
vn 0.3433 -0.8834 0.3190
vn 0.3064 -0.8805 0.3618
vn -0.4020 0.8771 -0.2627
vn -0.3510 0.8776 -0.3266
vn -0.3091 0.8780 -0.3654
vn -0.4020 -0.8771 -0.2627
vn -0.3510 -0.8776 -0.3266
vn -0.3091 -0.8780 -0.3654
vn -0.8369 -0.0000 -0.5474
vn -0.7324 -0.0000 -0.6809
vn -0.6462 -0.0000 -0.7632
vn 0.3903 0.8846 0.2553
vn 0.3433 0.8834 0.3190
vn 0.3064 0.8805 0.3618
vn 0.8369 -0.0000 0.5473
vn 0.7324 -0.0000 0.6809
vn 0.6462 -0.0000 0.7632
vn -0.3553 0.9048 -0.2348
vn -0.3097 0.8862 -0.3447
vn -0.2450 0.8684 -0.4310
vn 0.3509 0.8651 0.3585
vn 0.2500 0.8824 0.3985
vn 0.1303 0.9013 0.4131
vn 0.4654 -0.6184 0.6332
vn 0.5659 -0.2940 0.7703
vn 0.5901 -0.0843 0.8029
vn -0.1154 -0.9808 -0.1573
vn 0.0005 -1.0000 0.0004
vn 0.1162 -0.9806 0.1578
vn -0.5906 -0.0780 -0.8032
vn -0.5679 -0.2850 -0.7722
vn -0.4680 -0.6131 -0.6364
vn -0.4680 0.6131 -0.6364
vn -0.5679 0.2850 -0.7722
vn -0.5906 0.0780 -0.8032
vn 0.1162 0.9806 0.1578
vn 0.0005 1.0000 0.0004
vn -0.1154 0.9808 -0.1573
vn 0.5901 0.0843 0.8029
vn 0.5659 0.2940 0.7703
vn 0.4654 0.6184 0.6332
vn 0.0811 -0.0000 -0.9967
vn 0.1157 -0.0000 -0.9933
vn 0.1324 -0.0000 -0.9912
vn -0.0389 0.8796 0.4742
vn -0.0552 0.8792 0.4732
vn -0.0630 0.8793 0.4720
vn -0.0810 -0.0000 0.9967
vn -0.1157 -0.0000 0.9933
vn -0.1324 -0.0000 0.9912
vn 0.0383 0.8801 -0.4733
vn 0.0552 0.8785 -0.4745
vn 0.0634 0.8780 -0.4744
vn -0.0389 -0.8796 0.4742
vn -0.0552 -0.8792 0.4732
vn -0.0630 -0.8793 0.4720
vn 0.0383 -0.8801 -0.4733
vn 0.0552 -0.8785 -0.4745
vn 0.0634 -0.8780 -0.4744
vn -0.1081 -0.6184 0.7784
vn -0.1299 -0.2939 0.9470
vn -0.1344 -0.0842 0.9873
vn 0.0288 -0.9807 -0.1936
vn 0.0001 -1.0000 0.0004
vn -0.0277 -0.9806 0.1939
vn 0.1462 -0.0778 -0.9862
vn 0.1405 -0.2844 -0.9484
vn 0.1159 -0.6123 -0.7821
vn 0.1158 0.6123 -0.7821
vn 0.1405 0.2844 -0.9484
vn 0.1462 0.0778 -0.9862
vn -0.0272 0.9807 0.1939
vn 0.0002 1.0000 0.0003
vn 0.0286 0.9806 -0.1937
vn -0.1342 0.0841 0.9874
vn -0.1290 0.2936 0.9472
vn -0.1066 0.6183 0.7787
vn -0.0095 0.1005 -0.9949
vn 0.0249 0.0895 -0.9957
vn -0.0106 0.0843 -0.9964
vn -0.0058 0.3423 -0.9396
vn 0.0264 0.3094 -0.9506
vn -0.0094 0.2938 -0.9558
vn -0.0009 0.6884 -0.7253
vn 0.0256 0.6405 -0.7675
vn -0.0061 0.6174 -0.7866
vn 0.0152 0.9903 -0.1382
vn 0.0168 0.9840 -0.1775
vn -0.0000 0.9805 -0.1967
vn -0.0090 0.9999 0.0110
vn -0.0026 1.0000 0.0029
vn -0.0013 1.0000 -0.0020
vn -0.0604 0.9823 0.1771
vn -0.0351 0.9812 0.1896
vn -0.0074 0.9812 0.1931
vn -0.2652 0.6229 0.7360
vn -0.1493 0.6132 0.7757
vn -0.0340 0.6134 0.7891
vn -0.3283 0.2910 0.8986
vn -0.1825 0.2841 0.9413
vn -0.0421 0.2837 0.9580
vn -0.3432 0.0797 0.9359
vn -0.1907 0.0776 0.9786
vn -0.0438 0.0773 0.9960
vn -0.3435 -0.0762 0.9360
vn -0.1911 -0.0765 0.9786
vn -0.0440 -0.0772 0.9960
vn -0.3308 -0.2803 0.9011
vn -0.1841 -0.2810 0.9419
vn -0.0426 -0.2833 0.9581
vn -0.2733 -0.6090 0.7446
vn -0.1520 -0.6096 0.7780
vn -0.0350 -0.6128 0.7894
vn -0.0671 -0.9809 0.1826
vn -0.0370 -0.9808 0.1914
vn -0.0082 -0.9811 0.1932
vn -0.0092 -0.9999 0.0108
vn -0.0023 -1.0000 0.0023
vn -0.0011 -1.0000 -0.0025
vn 0.0270 -0.9897 -0.1409
vn 0.0227 -0.9835 -0.1797
vn 0.0022 -0.9803 -0.1976
vn 0.0236 -0.7507 -0.6602
vn 0.0385 -0.6635 -0.7472
vn -0.0017 -0.6210 -0.7838
vn 0.0084 -0.4264 -0.9045
vn 0.0329 -0.3382 -0.9405
vn -0.0074 -0.2980 -0.9545
vn -0.0057 -0.1353 -0.9908
vn 0.0265 -0.1006 -0.9946
vn -0.0102 -0.0858 -0.9963
vn -0.7630 0.6383 0.1023
vn -0.5283 0.6853 0.5012
vn -0.1502 0.5619 0.8134
vn -0.9460 0.3049 0.1102
vn -0.6912 0.3432 0.6359
vn -0.1868 0.2559 0.9485
vn -0.9910 0.0714 0.1132
vn -0.7428 0.0782 0.6650
vn -0.2138 0.0573 0.9752
vn 0.6744 0.0858 0.7334
vn 0.8023 0.0879 0.5904
vn 0.9090 0.0875 0.4075
vn 0.6465 0.2979 0.7023
vn 0.7675 0.3034 0.5646
vn 0.8696 0.3025 0.3902
vn 0.5299 0.6216 0.5769
vn 0.6269 0.6276 0.4617
vn 0.7109 0.6271 0.3183
vn 0.1320 0.9805 0.1455
vn 0.1560 0.9810 0.1156
vn 0.1773 0.9810 0.0785
vn 0.0022 1.0000 0.0036
vn 0.0048 1.0000 0.0040
vn 0.0048 1.0000 0.0016
vn -0.1270 0.9824 -0.1372
vn -0.1448 0.9837 -0.1063
vn -0.1661 0.9833 -0.0749
vn -0.5275 0.6247 -0.5757
vn -0.6203 0.6372 -0.4573
vn -0.7066 0.6333 -0.3157
vn -0.6459 0.2920 -0.7054
vn -0.7677 0.3002 -0.5661
vn -0.8716 0.2978 -0.3893
vn -0.6737 0.0798 -0.7346
vn -0.8024 0.0821 -0.5912
vn -0.9098 0.0815 -0.4069
vn -0.6737 -0.0798 -0.7346
vn -0.8024 -0.0821 -0.5912
vn -0.9098 -0.0815 -0.4069
vn -0.6459 -0.2920 -0.7054
vn -0.7677 -0.3002 -0.5661
vn -0.8716 -0.2978 -0.3893
vn -0.5275 -0.6247 -0.5757
vn -0.6203 -0.6372 -0.4573
vn -0.7066 -0.6333 -0.3157
vn -0.1270 -0.9824 -0.1372
vn -0.1448 -0.9837 -0.1063
vn -0.1661 -0.9833 -0.0749
vn 0.0022 -1.0000 0.0036
vn 0.0048 -1.0000 0.0040
vn 0.0048 -1.0000 0.0016
vn 0.1320 -0.9805 0.1455
vn 0.1560 -0.9810 0.1156
vn 0.1773 -0.9810 0.0785
vn 0.5299 -0.6217 0.5768
vn 0.6269 -0.6276 0.4617
vn 0.7109 -0.6271 0.3183
vn 0.6465 -0.2979 0.7023
vn 0.7675 -0.3034 0.5646
vn 0.8696 -0.3025 0.3902
vn 0.6744 -0.0858 0.7334
vn 0.8023 -0.0879 0.5904
vn 0.9090 -0.0875 0.4075
vn 0.9807 0.0846 0.1763
vn 0.9581 0.0874 0.2728
vn 0.8973 0.0915 0.4317
vn 0.9408 0.2953 0.1666
vn 0.9182 0.3040 0.2537
vn 0.8563 0.3183 0.4067
vn 0.7717 0.6222 0.1315
vn 0.7451 0.6395 0.1895
vn 0.6754 0.6759 0.2950
vn 0.1911 0.9812 0.0269
vn 0.1757 0.9841 0.0270
vn 0.1449 0.9891 0.0275
vn 0.0014 1.0000 0.0021
vn -0.0004 1.0000 0.0061
vn -0.0122 0.9998 0.0166
vn -0.1903 0.9816 -0.0140
vn -0.1824 0.9832 0.0124
vn -0.1737 0.9838 0.0432
vn -0.7831 0.6194 -0.0551
vn -0.7717 0.6326 0.0655
vn -0.7355 0.6439 0.2107
vn -0.9552 0.2886 -0.0663
vn -0.9511 0.2971 0.0848
vn -0.9119 0.3063 0.2732
vn -0.9945 0.0789 -0.0683
vn -0.9926 0.0813 0.0906
vn -0.9528 0.0844 0.2915
vn -0.9946 -0.0788 -0.0682
vn -0.9926 -0.0803 0.0910
vn -0.9526 -0.0803 0.2935
vn -0.9553 -0.2882 -0.0659
vn -0.9518 -0.2940 0.0869
vn -0.9134 -0.2939 0.2817
vn -0.7836 -0.6190 -0.0539
vn -0.7746 -0.6285 0.0708
vn -0.7435 -0.6283 0.2292
vn -0.1903 -0.9816 -0.0126
vn -0.1836 -0.9828 0.0170
vn -0.1771 -0.9826 0.0554
vn 0.0019 -1.0000 0.0020
vn 0.0005 -1.0000 0.0058
vn -0.0100 -0.9998 0.0164
vn 0.1923 -0.9811 0.0234
vn 0.1784 -0.9838 0.0152
vn 0.1475 -0.9891 0.0038
vn 0.7706 -0.6263 0.1179
vn 0.7324 -0.6657 0.1431
vn 0.6391 -0.7358 0.2240
vn 0.9402 -0.3016 0.1581
vn 0.9125 -0.3411 0.2257
vn 0.8344 -0.4269 0.3485
vn 0.9809 -0.0873 0.1741
vn 0.9585 -0.1029 0.2659
vn 0.8974 -0.1365 0.4196
vn 0.0563 -0.9975 -0.0424
vn 0.0531 -0.9971 0.0540
vn 0.0098 -0.9999 -0.0074
vn -0.0372 -0.9971 -0.0660
vn -0.0208 -0.9960 -0.0873
vn 0.0175 -0.9859 -0.1666
vn 0.0862 -0.9855 -0.1462
vn 0.1896 -0.9628 -0.1927
vn 0.1750 -0.9757 -0.1318
vn 0.2376 -0.9628 -0.1290
vn 0.1643 -0.9855 -0.0424
vn 0.1649 -0.9859 0.0292
vn 0.0781 -0.9960 0.0441
vn -0.6119 0.6775 0.4081
vn -0.5432 0.6874 0.4821
vn -0.4725 0.6724 0.5698
vn -0.7790 0.3356 0.5297
vn -0.7031 0.3438 0.6225
vn -0.6084 0.3302 0.7217
vn -0.8213 0.0949 0.5626
vn -0.7460 0.0975 0.6588
vn -0.6449 0.0926 0.7587
vn -0.8220 -0.0774 0.5642
vn -0.7477 -0.0765 0.6596
vn -0.6467 -0.0762 0.7589
vn -0.7905 -0.2836 0.5429
vn -0.7196 -0.2810 0.6350
vn -0.6226 -0.2802 0.7307
vn -0.6515 -0.6128 0.4473
vn -0.5945 -0.6094 0.5246
vn -0.5146 -0.6087 0.6039
vn -0.1672 -0.9791 0.1154
vn -0.1559 -0.9784 0.1361
vn -0.1324 -0.9793 0.1531
vn -0.0427 -0.9985 0.0351
vn -0.0482 -0.9980 0.0398
vn -0.0382 -0.9987 0.0346
vn 0.0214 -0.9998 0.0051
vn -0.0006 -1.0000 -0.0029
vn -0.0012 -0.9995 -0.0322
vn -0.3568 0.9247 0.1326
vn -0.2337 0.9182 0.3199
vn -0.0089 0.8194 0.5732
vn -0.4284 0.8949 0.1249
vn -0.2843 0.8964 0.3402
vn -0.0582 0.8079 0.5865
vn -0.4928 0.8636 0.1068
vn -0.3278 0.8761 0.3535
vn -0.0865 0.7887 0.6086
vn 0.4767 -0.6464 -0.5958
vn 0.3782 -0.6164 -0.6906
vn 0.1977 -0.5355 -0.8210
vn 0.4317 -0.7176 -0.5466
vn 0.3385 -0.6886 -0.6413
vn 0.1654 -0.6085 -0.7762
vn 0.3806 -0.7834 -0.4913
vn 0.2955 -0.7568 -0.5831
vn 0.1355 -0.6818 -0.7189
vn 0.3705 -0.7991 -0.4735
vn 0.2918 -0.8257 -0.4827
vn 0.1955 -0.8297 -0.5229
vn 0.4547 -0.6869 -0.5669
vn 0.3667 -0.6945 -0.6190
vn 0.2284 -0.6753 -0.7013
vn 0.4960 -0.6161 -0.6120
vn 0.4005 -0.6010 -0.6916
vn 0.2363 -0.5480 -0.8024
vn -0.2739 -0.8830 -0.3812
vn -0.4643 -0.5960 -0.6551
vn -0.5601 -0.2195 -0.7988
vn -0.2536 -0.8730 -0.4165
vn -0.4099 -0.5871 -0.6981
vn -0.4823 -0.2377 -0.8432
vn -0.1779 -0.8459 -0.5027
vn -0.2627 -0.5860 -0.7665
vn -0.3060 -0.3044 -0.9020
vn -0.5782 0.0031 -0.8159
vn -0.5889 0.0324 -0.8076
vn -0.6135 0.0967 -0.7837
vn -0.5075 -0.0523 -0.8601
vn -0.5211 -0.0559 -0.8517
vn -0.5366 -0.0589 -0.8418
vn -0.3499 -0.1761 -0.9201
vn -0.3673 -0.2129 -0.9054
vn -0.3788 -0.2606 -0.8881
vn 0.6128 -0.2195 0.7591
vn 0.5012 -0.5960 0.6273
vn 0.2906 -0.8830 0.3686
vn 0.6770 -0.2377 0.6966
vn 0.5575 -0.5871 0.5869
vn 0.3302 -0.8730 0.3589
vn 0.7823 -0.3044 0.5434
vn 0.6640 -0.5860 0.4644
vn 0.4339 -0.8459 0.3100
vn 0.5835 0.0967 0.8063
vn 0.6133 0.0324 0.7892
vn 0.6243 0.0031 0.7812
vn 0.6606 -0.0589 0.7484
vn 0.6744 -0.0559 0.7362
vn 0.6862 -0.0523 0.7255
vn 0.7487 -0.2606 0.6095
vn 0.7686 -0.2129 0.6033
vn 0.7875 -0.1761 0.5906
vn -0.8232 0.5620 -0.0805
vn -0.6277 0.6853 0.3692
vn -0.3098 0.6382 0.7048
vn -0.9632 0.2559 -0.0826
vn -0.8023 0.3432 0.4884
vn -0.3685 0.3048 0.8783
vn -0.9963 0.0573 -0.0639
vn -0.8445 0.0781 0.5299
vn -0.3842 0.0712 0.9205
vn 0.5526 0.5550 0.6218
vn 0.6762 0.2387 0.6970
vn 0.7080 0.0694 0.7028
vn 0.5580 0.4192 0.7162
vn 0.6297 0.1680 0.7584
vn 0.6453 0.0491 0.7624
vn 0.5423 0.3140 0.7793
vn 0.5980 0.1227 0.7921
vn 0.6130 0.0345 0.7893
vn 0.7005 -0.1966 0.6861
vn 0.5990 -0.5615 0.5709
vn 0.3759 -0.8681 0.3241
vn 0.6370 -0.2108 0.7415
vn 0.5357 -0.5854 0.6086
vn 0.3216 -0.8815 0.3457
vn 0.6020 -0.2164 0.7686
vn 0.4974 -0.5976 0.6288
vn 0.2926 -0.8849 0.3624
vn -0.2965 0.0863 -0.9511
vn -0.3018 0.2979 -0.9056
vn -0.2913 0.6356 -0.7150
vn -0.4549 0.0524 -0.8890
vn -0.4697 0.1904 -0.8620
vn -0.4750 0.4568 -0.7521
vn -0.5566 0.0317 -0.8302
vn -0.5678 0.1193 -0.8145
vn -0.5793 0.3140 -0.7522
vn -0.1285 -0.8778 -0.4614
vn -0.2281 -0.5784 -0.7832
vn -0.2822 -0.2036 -0.9375
vn -0.2033 -0.8858 -0.4172
vn -0.3551 -0.5984 -0.7182
vn -0.4357 -0.2159 -0.8738
vn -0.2534 -0.8867 -0.3867
vn -0.4388 -0.6026 -0.6666
vn -0.5381 -0.2190 -0.8139
vn -0.0225 0.9991 0.0363
vn 0.0023 0.9958 0.0917
vn 0.0862 0.9765 0.1976
vn -0.0709 0.9956 0.0610
vn -0.0247 0.9889 0.1462
vn 0.1194 0.9405 0.3181
vn -0.1551 0.9839 0.0891
vn -0.0826 0.9741 0.2106
vn 0.0985 0.8918 0.4416
vn 0.0593 -0.9975 0.0395
vn 0.0104 -0.9999 -0.0079
vn -0.0180 -0.9975 -0.0687
vn 0.0541 -0.9972 0.0507
vn 0.0055 -1.0000 -0.0040
vn -0.0312 -0.9973 -0.0668
vn 0.0489 -0.9971 0.0581
vn 0.0018 -1.0000 -0.0012
vn -0.0413 -0.9971 -0.0633
vn -0.3924 0.0256 -0.9194
vn -0.5629 0.0218 -0.8263
vn -0.7101 0.0216 -0.7038
vn -0.3743 0.1574 -0.9139
vn -0.5505 0.1343 -0.8240
vn -0.7030 0.1289 -0.6994
vn -0.2899 0.5610 -0.7754
vn -0.4623 0.5175 -0.7201
vn -0.6082 0.4860 -0.6276
vn 0.6526 -0.6539 -0.3827
vn 0.6023 -0.6570 -0.4535
vn 0.5482 -0.6539 -0.5213
vn 0.8176 -0.3208 -0.4781
vn 0.7560 -0.3232 -0.5692
vn 0.6855 -0.3208 -0.6536
vn 0.8615 -0.0735 -0.5024
vn 0.7967 -0.0741 -0.5998
vn 0.7210 -0.0735 -0.6891
vn 0.5124 0.2004 0.8350
vn 0.6399 -0.0698 0.7653
vn 0.7196 -0.3397 0.6056
vn 0.4889 0.2239 0.8431
vn 0.6356 -0.0719 0.7686
vn 0.7158 -0.3542 0.6018
vn 0.4788 0.2215 0.8495
vn 0.6346 -0.0743 0.7693
vn 0.7180 -0.3524 0.6002
vn 0.3086 -0.8500 -0.4270
vn 0.2344 -0.8263 -0.5122
vn 0.0953 -0.7613 -0.6413
vn 0.2949 -0.8546 -0.4274
vn 0.2212 -0.8302 -0.5117
vn 0.0857 -0.7661 -0.6370
vn 0.2938 -0.8457 -0.4455
vn 0.2177 -0.8192 -0.5307
vn 0.0813 -0.7533 -0.6527
vn 0.4902 0.1040 0.8654
vn 0.6435 -0.0636 0.7628
vn 0.7586 -0.2263 0.6110
vn 0.4912 0.0418 0.8700
vn 0.6451 -0.0232 0.7638
vn 0.7776 -0.0885 0.6224
vn 0.4839 0.0100 0.8751
vn 0.6399 -0.0038 0.7684
vn 0.7759 -0.0175 0.6307
vn -0.3831 -0.3397 -0.8590
vn -0.5586 -0.0698 -0.8265
vn -0.6608 0.2004 -0.7233
vn -0.3804 -0.3542 -0.8543
vn -0.5629 -0.0719 -0.8234
vn -0.6751 0.2239 -0.7029
vn -0.3783 -0.3524 -0.8560
vn -0.5639 -0.0743 -0.8225
vn -0.6840 0.2215 -0.6950
vn -0.9286 0.0288 -0.3699
vn -0.9366 0.0283 -0.3492
vn -0.9445 0.0290 -0.3273
vn -0.8468 0.0157 -0.5317
vn -0.8567 0.0155 -0.5156
vn -0.8669 0.0160 -0.4983
vn -0.8364 0.0095 -0.5480
vn -0.8466 0.0094 -0.5321
vn -0.8571 0.0097 -0.5151
vn 0.4800 0.0212 0.8770
vn 0.6384 0.0213 0.7694
vn 0.7751 0.0251 0.6314
vn 0.4776 0.1268 0.8694
vn 0.6396 0.1315 0.7574
vn 0.7750 0.1540 0.6129
vn 0.4358 0.4808 0.7609
vn 0.5661 0.5110 0.6468
vn 0.6682 0.5543 0.4962
vn 0.8471 -0.5149 0.1316
vn 0.8060 -0.5873 -0.0741
vn 0.7506 -0.6250 -0.2143
vn 0.9626 -0.2300 0.1436
vn 0.9576 -0.2741 -0.0890
vn 0.9180 -0.2996 -0.2598
vn 0.9867 -0.0498 0.1545
vn 0.9943 -0.0611 -0.0870
vn 0.9610 -0.0678 -0.2680
vn -0.9990 0.0429 -0.0121
vn -0.7994 0.0473 0.5989
vn -0.2468 0.0388 0.9683
vn -0.9752 0.2208 -0.0156
vn -0.7779 0.2563 0.5738
vn -0.2514 0.2218 0.9421
vn -0.7685 0.6388 -0.0366
vn -0.5855 0.6923 0.4219
vn -0.1824 0.6437 0.7432
vn 0.4134 -0.6250 -0.6621
vn 0.2940 -0.5873 -0.7541
vn 0.1077 -0.5149 -0.8504
vn 0.5035 -0.2996 -0.8104
vn 0.3502 -0.2741 -0.8957
vn 0.1281 -0.2300 -0.9647
vn 0.5232 -0.0678 -0.8495
vn 0.3585 -0.0611 -0.9315
vn 0.1243 -0.0498 -0.9910
vn 0.5210 0.0226 -0.8532
vn 0.3559 0.0297 -0.9340
vn 0.1228 0.0328 -0.9919
vn 0.5081 0.1380 -0.8502
vn 0.3514 0.1801 -0.9188
vn 0.1356 0.1969 -0.9710
vn 0.4362 0.5225 -0.7326
vn 0.3094 0.5942 -0.7424
vn 0.1498 0.6191 -0.7709
vn -0.9988 0.0390 -0.0298
vn -0.7972 0.0473 0.6019
vn -0.2702 0.0424 0.9619
vn -0.9746 0.2230 -0.0180
vn -0.7672 0.2563 0.5879
vn -0.2610 0.2196 0.9400
vn -0.7633 0.6454 -0.0289
vn -0.5675 0.6924 0.4455
vn -0.1835 0.6379 0.7480
vn -0.5540 0.0820 0.8285
vn -0.7959 0.0872 0.5991
vn -0.9497 0.0840 0.3018
vn -0.5516 0.1277 0.8243
vn -0.7926 0.1269 0.5965
vn -0.9449 0.1301 0.3003
vn -0.5443 0.2798 0.7908
vn -0.7734 0.2532 0.5812
vn -0.9117 0.2788 0.3019
vn -0.4277 0.7157 0.5521
vn -0.5458 0.7302 0.4110
vn -0.6483 0.7163 0.2582
vn -0.5612 0.3980 0.7257
vn -0.7279 0.4122 0.5480
vn -0.8523 0.3991 0.3382
vn -0.6000 0.1429 0.7872
vn -0.7898 0.1507 0.5946
vn -0.9224 0.1439 0.3584
vn -0.9969 0.0046 0.0781
vn -0.7626 0.0020 0.6469
vn -0.2280 0.0004 0.9737
vn -0.9987 0.0046 0.0513
vn -0.7736 0.0020 0.6337
vn -0.2325 0.0004 0.9726
vn -0.9997 0.0046 0.0249
vn -0.7844 0.0020 0.6202
vn -0.2370 0.0004 0.9715
vn -0.3775 -0.2263 -0.8979
vn -0.5552 -0.0636 -0.8293
vn -0.6961 0.1040 -0.7104
vn -0.3832 -0.0885 -0.9194
vn -0.5557 -0.0232 -0.8311
vn -0.7003 0.0418 -0.7126
vn -0.3916 -0.0175 -0.9200
vn -0.5616 -0.0038 -0.8274
vn -0.7072 0.0100 -0.7069
vn -0.8191 0.4656 -0.3351
vn -0.9078 0.1492 -0.3920
vn -0.9160 0.0550 -0.3973
vn -0.7238 0.5018 -0.4736
vn -0.8206 0.1516 -0.5511
vn -0.8314 0.0425 -0.5541
vn -0.7053 0.4997 -0.5029
vn -0.8078 0.1487 -0.5704
vn -0.8203 0.0359 -0.5708
vn -0.0436 0.9957 0.0823
vn -0.0305 0.9988 0.0384
vn -0.0127 0.9999 0.0114
vn -0.0496 0.9981 0.0373
vn -0.0283 0.9994 0.0213
vn -0.0097 0.9999 0.0073
vn -0.0911 0.9957 0.0191
vn -0.0454 0.9988 0.0187
vn -0.0144 0.9999 0.0091
vn -0.1489 0.9791 -0.1384
vn -0.0761 0.9966 -0.0303
vn -0.0393 0.9991 0.0125
vn -0.2651 0.9458 -0.1876
vn -0.1489 0.9888 -0.0119
vn -0.0770 0.9957 0.0520
vn -0.3901 0.8950 -0.2165
vn -0.2223 0.9747 0.0218
vn -0.1282 0.9839 0.1246
vn -0.9988 0.0004 -0.0497
vn -0.8327 0.0020 0.5538
vn -0.3532 0.0045 0.9356
vn -0.9990 0.0004 -0.0451
vn -0.8231 0.0020 0.5679
vn -0.3285 0.0045 0.9445
vn -0.9992 0.0004 -0.0403
vn -0.8132 0.0020 0.5820
vn -0.3041 0.0045 0.9526
vn -0.5533 0.8194 -0.1499
vn -0.3721 0.9182 0.1362
vn -0.2261 0.9247 0.3062
vn -0.5797 0.8079 -0.1062
vn -0.4055 0.8964 0.1792
vn -0.2385 0.8949 0.3771
vn -0.6088 0.7888 -0.0852
vn -0.4304 0.8761 0.2173
vn -0.2389 0.8636 0.4440
vn -0.0097 0.5499 0.8351
vn -0.0099 0.2651 0.9642
vn 0.0086 0.0807 0.9967
vn 0.1583 0.4357 0.8861
vn 0.1826 0.1900 0.9646
vn 0.2007 0.0527 0.9782
vn 0.1832 0.3996 0.8982
vn 0.2111 0.1668 0.9631
vn 0.2227 0.0432 0.9739
vn 0.0229 0.9996 -0.0168
vn 0.0641 0.9874 -0.1450
vn 0.0010 0.9999 0.0104
vn -0.1981 0.9250 0.3241
vn -0.3132 0.9195 0.2374
vn -0.3771 0.9203 0.1043
vn -0.0109 0.9999 -0.0036
vn 0.1594 0.9870 -0.0217
vn 0.1709 0.9837 -0.0558
vn 0.2427 0.9632 -0.1157
vn 0.1793 0.9745 -0.1350
vn 0.1774 0.9636 -0.2001
vn 0.0998 0.9840 -0.1474
vn -0.0395 0.9987 0.0332
vn 0.0084 0.9995 0.0316
vn -0.0097 0.9997 0.0245
vn -0.0074 0.9999 0.0109
vn -0.0114 0.9999 0.0088
vn -0.0116 0.9999 0.0041
vn -0.0217 0.9998 0.0026
vn -0.0200 0.9997 -0.0162
vn -0.0367 0.9986 0.0370
vn -0.1069 0.9851 0.1347
vn -0.1230 0.9864 0.1091
vn -0.1482 0.9849 0.0898
vn -0.0458 0.9984 0.0342
vn -0.2512 0.9283 0.2740
vn -0.2907 0.9314 0.2189
vn -0.3328 0.9284 0.1656
vn -0.2612 0.9178 0.2990
vn -0.3103 0.9215 0.2336
vn -0.3595 0.9178 0.1684
vn -0.2734 0.9037 0.3296
vn -0.3327 0.9092 0.2505
vn -0.3922 0.9037 0.1716
vn 0.4804 -0.0000 0.8771
vn 0.6374 -0.0000 0.7706
vn 0.7736 -0.0000 0.6337
vn -0.1626 0.9820 -0.0963
vn -0.0703 0.9959 0.0574
vn 0.0214 0.9769 0.2126
vn -0.0963 0.9868 -0.1306
vn -0.0272 0.9994 0.0212
vn 0.0343 0.9808 0.1919
vn -0.0380 0.9883 -0.1478
vn -0.0061 1.0000 0.0045
vn 0.0150 0.9791 0.2030
vn -0.3951 -0.0000 -0.9186
vn -0.5643 -0.0000 -0.8256
vn -0.7101 -0.0000 -0.7041
vn -0.5643 -0.0000 -0.8255
vn -0.1939 0.9783 -0.0735
vn -0.1759 0.9804 -0.0891
vn -0.1984 0.9767 -0.0824
vn -0.0059 1.0000 0.0045
vn -0.0278 0.9994 0.0203
vn -0.0745 0.9959 0.0517
vn 0.1344 0.9877 0.0794
vn 0.1008 0.9862 0.1315
vn 0.0487 0.9814 0.1857
vn -0.2823 0.9551 0.0899
vn -0.2177 0.9621 0.1639
vn -0.1645 0.9551 0.2465
vn -0.2507 0.9675 0.0319
vn -0.1601 0.9797 0.1205
vn -0.1000 0.9675 0.2321
vn -0.2072 0.9783 0.0006
vn -0.1065 0.9911 0.0802
vn -0.0579 0.9783 0.1990
vn 0.1189 0.0513 0.9916
vn 0.1153 0.1441 0.9828
vn 0.0861 0.4641 0.8816
vn 0.2916 0.0396 0.9557
vn 0.2909 0.1474 0.9453
vn 0.2445 0.4999 0.8308
vn 0.3107 0.0339 0.9499
vn 0.3127 0.1456 0.9386
vn 0.2774 0.4979 0.8216
vn -0.9544 0.0828 -0.2868
vn -0.9282 0.2673 -0.2590
vn -0.8040 0.5514 -0.2225
vn -0.8827 0.0543 -0.4668
vn -0.8750 0.1918 -0.4445
vn -0.8066 0.4368 -0.3983
vn -0.8724 0.0442 -0.4868
vn -0.8658 0.1677 -0.4715
vn -0.8116 0.3999 -0.4258
vn -0.0841 0.8933 0.4416
vn -0.0624 0.8547 0.5154
vn -0.0386 0.8087 0.5870
vn -0.0053 0.8685 0.4957
vn 0.0407 0.7983 0.6009
vn 0.0834 0.7220 0.6869
vn -0.0057 0.8701 0.4929
vn 0.0440 0.7921 0.6089
vn 0.0946 0.7048 0.7031
vn -0.5745 0.8088 -0.1253
vn -0.5124 0.8548 -0.0825
vn -0.4476 0.8933 -0.0413
vn -0.6368 0.7221 -0.2703
vn -0.5661 0.7983 -0.2053
vn -0.4778 0.8685 -0.1320
vn -0.6494 0.7048 -0.2856
vn -0.5729 0.7921 -0.2107
vn -0.4752 0.8701 -0.1307
vn 0.5231 -0.0000 -0.8523
vn 0.3568 -0.0000 -0.9342
vn 0.1206 -0.0000 -0.9927
vn 0.8641 -0.0000 -0.5034
vn 0.7989 -0.0000 -0.6015
vn 0.7226 -0.0000 -0.6912
vn 0.9873 -0.0000 0.1586
vn 0.9964 -0.0000 -0.0846
vn 0.9637 -0.0000 -0.2671
vn -0.5890 0.0609 0.8059
vn -0.7972 0.0657 0.6001
vn -0.9375 0.0615 0.3425
vn -0.5787 0.0611 0.8133
vn -0.7972 0.0662 0.6001
vn -0.9419 0.0617 0.3303
vn -0.5683 0.0627 0.8204
vn -0.7971 0.0682 0.6000
vn -0.9459 0.0635 0.3182
vn 0.0483 0.0279 0.9984
vn 0.0705 0.0273 0.9971
vn 0.0916 0.0275 0.9954
vn 0.2330 0.0151 0.9724
vn 0.2514 0.0146 0.9678
vn 0.2685 0.0147 0.9632
vn 0.2518 0.0092 0.9677
vn 0.2699 0.0088 0.9628
vn 0.2869 0.0089 0.9579
vn 0.9872 0.0323 0.1562
vn 0.9960 0.0294 -0.0839
vn 0.9640 0.0224 -0.2649
vn 0.9712 0.1941 0.1380
vn 0.9804 0.1781 -0.0839
vn 0.9576 0.1368 -0.2535
vn 0.7856 0.6149 0.0694
vn 0.8014 0.5910 -0.0926
vn 0.8263 0.5197 -0.2173
vn 0.8638 0.0163 -0.5035
vn 0.7988 0.0165 -0.6014
vn 0.7227 0.0163 -0.6910
vn 0.8587 0.0986 -0.5029
vn 0.7947 0.1019 -0.5984
vn 0.7207 0.0989 -0.6862
vn 0.7790 0.4148 -0.4702
vn 0.7180 0.4383 -0.5407
vn 0.6669 0.4156 -0.6184
vn 0.6427 -0.7613 0.0858
vn 0.5570 -0.8263 -0.0836
vn 0.4956 -0.8500 -0.1785
vn 0.6358 -0.7661 0.0937
vn 0.5529 -0.8302 -0.0711
vn 0.4922 -0.8546 -0.1652
vn 0.6497 -0.7533 0.1023
vn 0.5702 -0.8192 -0.0625
vn 0.5094 -0.8457 -0.1592
vn 0.4276 -0.8635 -0.2676
vn 0.4012 -0.8648 -0.3020
vn 0.3754 -0.8635 -0.3369
vn 0.4212 -0.8693 -0.2585
vn 0.3928 -0.8708 -0.2957
vn 0.3649 -0.8693 -0.3334
vn 0.4335 -0.8626 -0.2608
vn 0.4018 -0.8643 -0.3025
vn 0.3705 -0.8626 -0.3445
vn 0.5566 -0.8297 -0.0433
vn 0.5446 -0.8257 -0.1470
vn 0.5575 -0.7991 -0.2251
vn 0.7371 -0.6753 -0.0256
vn 0.6962 -0.6945 -0.1813
vn 0.6706 -0.6869 -0.2803
vn 0.8364 -0.5480 -0.0053
vn 0.7754 -0.6010 -0.1937
vn 0.7252 -0.6161 -0.3074
vn 0.5247 -0.7751 -0.3521
vn 0.4938 -0.7861 -0.3717
vn 0.4834 -0.7751 -0.4069
vn 0.6143 -0.6785 -0.4028
vn 0.5830 -0.6837 -0.4389
vn 0.5570 -0.6785 -0.4790
vn 0.6554 -0.6237 -0.4258
vn 0.6230 -0.6260 -0.4691
vn 0.5904 -0.6237 -0.5122
vn 0.8437 -0.5355 0.0370
vn 0.7683 -0.6164 -0.1726
vn 0.7044 -0.6464 -0.2935
vn 0.7916 -0.6085 0.0556
vn 0.7098 -0.6886 -0.1480
vn 0.6446 -0.7176 -0.2637
vn 0.7283 -0.6818 0.0685
vn 0.6420 -0.7568 -0.1228
vn 0.5774 -0.7834 -0.2300
vn 0.6308 -0.6595 -0.4088
vn 0.5997 -0.6606 -0.4515
vn 0.5672 -0.6595 -0.4932
vn 0.5728 -0.7313 -0.3703
vn 0.5438 -0.7326 -0.4094
vn 0.5142 -0.7313 -0.4481
vn 0.5081 -0.7969 -0.3267
vn 0.4812 -0.7982 -0.3623
vn 0.4544 -0.7969 -0.3980
vn -0.2322 -0.6158 -0.7529
vn -0.3559 -0.6162 -0.7026
vn -0.4369 -0.6162 -0.6553
vn -0.2818 -0.2940 -0.9133
vn -0.4318 -0.2939 -0.8528
vn -0.5303 -0.2931 -0.7955
vn -0.2937 -0.0847 -0.9522
vn -0.4502 -0.0846 -0.8889
vn -0.5528 -0.0841 -0.8291
vn 0.0555 -0.9821 0.1798
vn 0.0856 -0.9819 0.1692
vn 0.1071 -0.9812 0.1607
vn -0.0014 -1.0000 -0.0049
vn -0.0020 -1.0000 -0.0036
vn -0.0014 -1.0000 -0.0019
vn -0.0587 -0.9798 -0.1910
vn -0.0902 -0.9800 -0.1775
vn -0.1100 -0.9802 -0.1647
vn 0.2936 -0.0789 0.9527
vn 0.4506 -0.0787 0.8893
vn 0.5532 -0.0781 0.8294
vn 0.2819 -0.2893 0.9148
vn 0.4329 -0.2883 0.8541
vn 0.5318 -0.2858 0.7972
vn 0.2307 -0.6217 0.7485
vn 0.3547 -0.6199 0.6999
vn 0.4375 -0.6152 0.6558
vn 0.2307 0.6217 0.7485
vn 0.3547 0.6199 0.6999
vn 0.4375 0.6152 0.6558
vn 0.2819 0.2893 0.9148
vn 0.4329 0.2883 0.8541
vn 0.5318 0.2858 0.7972
vn 0.2936 0.0789 0.9527
vn 0.4506 0.0787 0.8893
vn 0.5532 0.0781 0.8294
vn -0.0587 0.9798 -0.1910
vn -0.0902 0.9800 -0.1775
vn -0.1100 0.9802 -0.1647
vn -0.0014 1.0000 -0.0049
vn -0.0020 1.0000 -0.0036
vn -0.0014 1.0000 -0.0019
vn 0.0555 0.9821 0.1798
vn 0.0856 0.9819 0.1692
vn 0.1071 0.9812 0.1607
vn -0.2937 0.0847 -0.9522
vn -0.4502 0.0846 -0.8889
vn -0.5528 0.0841 -0.8291
vn -0.2818 0.2940 -0.9133
vn -0.4318 0.2939 -0.8528
vn -0.5303 0.2931 -0.7955
vn -0.2322 0.6158 -0.7529
vn -0.3559 0.6162 -0.7026
vn -0.4369 0.6162 -0.6553
vn -0.0000 -1.0000 -0.0000
vn -0.0000 1.0000 -0.0000
vn 0.7701 -0.6187 0.1554
vn 0.7759 -0.6176 0.1286
vn 0.7779 -0.6177 0.1154
vn 0.9368 -0.2945 0.1892
vn 0.9431 -0.2934 0.1563
vn 0.9457 -0.2933 0.1403
vn 0.9767 -0.0845 0.1971
vn 0.9831 -0.0841 0.1629
vn 0.9857 -0.0840 0.1463
vn -0.1899 -0.9810 -0.0385
vn -0.1929 -0.9807 -0.0320
vn -0.1941 -0.9806 -0.0288
vn 0.0013 -1.0000 -0.0000
vn 0.0006 -1.0000 -0.0000
vn 0.0002 -1.0000 -0.0000
vn 0.1924 -0.9806 0.0385
vn 0.1937 -0.9805 0.0320
vn 0.1940 -0.9806 0.0288
vn -0.9773 -0.0783 -0.1969
vn -0.9836 -0.0778 -0.1629
vn -0.9862 -0.0777 -0.1464
vn -0.9394 -0.2860 -0.1891
vn -0.9458 -0.2844 -0.1566
vn -0.9484 -0.2840 -0.1408
vn -0.7730 -0.6150 -0.1557
vn -0.7799 -0.6124 -0.1292
vn -0.7826 -0.6116 -0.1161
vn -0.7730 0.6150 -0.1557
vn -0.7799 0.6124 -0.1292
vn -0.7826 0.6116 -0.1161
vn -0.9394 0.2860 -0.1891
vn -0.9458 0.2844 -0.1566
vn -0.9484 0.2840 -0.1408
vn -0.9773 0.0783 -0.1969
vn -0.9836 0.0778 -0.1629
vn -0.9862 0.0777 -0.1464
vn 0.1924 0.9806 0.0385
vn 0.1937 0.9805 0.0320
vn 0.1940 0.9806 0.0288
vn 0.0013 1.0000 -0.0000
vn 0.0006 1.0000 -0.0000
vn 0.0002 1.0000 -0.0000
vn -0.1899 0.9810 -0.0385
vn -0.1929 0.9807 -0.0320
vn -0.1941 0.9806 -0.0288
vn 0.9767 0.0845 0.1971
vn 0.9831 0.0841 0.1629
vn 0.9857 0.0840 0.1463
vn 0.9368 0.2945 0.1892
vn 0.9431 0.2934 0.1563
vn 0.9457 0.2933 0.1403
vn 0.7701 0.6187 0.1554
vn 0.7759 0.6176 0.1286
vn 0.7779 0.6177 0.1154
vn -0.9535 0.1005 -0.2842
vn -0.9014 0.3423 -0.2653
vn -0.6968 0.6884 -0.2013
vn -0.9638 0.0895 -0.2513
vn -0.9208 0.3094 -0.2374
vn -0.7447 0.6405 -0.1876
vn -0.9546 0.0843 -0.2856
vn -0.9160 0.2938 -0.2732
vn -0.7543 0.6174 -0.2234
vn -0.1370 0.9903 -0.0236
vn 0.0131 0.9999 -0.0056
vn 0.1869 0.9823 -0.0091
vn -0.1752 0.9840 -0.0329
vn 0.0035 1.0000 -0.0017
vn 0.1919 0.9812 0.0187
vn -0.1890 0.9805 -0.0544
vn -0.0016 1.0000 -0.0018
vn 0.1876 0.9812 0.0462
vn 0.7806 0.6229 -0.0514
vn 0.9544 0.2910 -0.0671
vn 0.9943 0.0797 -0.0711
vn 0.7867 0.6132 0.0710
vn 0.9550 0.2841 0.0849
vn 0.9932 0.0776 0.0873
vn 0.7677 0.6134 0.1854
vn 0.9323 0.2837 0.2244
vn 0.9693 0.0773 0.2332
vn 0.9945 -0.0762 -0.0714
vn 0.9575 -0.2803 -0.0688
vn 0.7911 -0.6090 -0.0568
vn 0.9933 -0.0765 0.0869
vn 0.9561 -0.2810 0.0835
vn 0.7897 -0.6096 0.0690
vn 0.9694 -0.0772 0.2331
vn 0.9325 -0.2833 0.2240
vn 0.7683 -0.6128 0.1846
vn 0.1941 -0.9809 -0.0140
vn 0.0129 -0.9999 -0.0059
vn -0.1429 -0.9897 -0.0130
vn 0.1942 -0.9808 0.0173
vn 0.0029 -1.0000 -0.0015
vn -0.1790 -0.9835 -0.0279
vn 0.1880 -0.9811 0.0455
vn -0.0020 -1.0000 -0.0018
vn -0.1905 -0.9803 -0.0525
vn -0.6410 -0.7507 -0.1598
vn -0.8716 -0.4264 -0.2420
vn -0.9506 -0.1353 -0.2794
vn -0.7287 -0.6635 -0.1695
vn -0.9129 -0.3382 -0.2283
vn -0.9631 -0.1006 -0.2495
vn -0.7528 -0.6210 -0.2183
vn -0.9153 -0.2980 -0.2710
vn -0.9546 -0.0858 -0.2853
vn 0.3177 0.6118 -0.7244
vn 0.3705 0.2864 -0.8836
vn 0.3832 0.0667 -0.9212
vn 0.6480 0.6594 -0.3812
vn 0.8084 0.3222 -0.4925
vn 0.8447 0.0727 -0.5303
vn 0.8411 0.5346 0.0818
vn 0.9675 0.2395 0.0817
vn 0.9966 0.0533 0.0636
vn 0.5184 0.0858 0.8508
vn 0.4962 0.2979 0.8155
vn 0.4079 0.6217 0.6687
vn 0.3456 0.0879 0.9342
vn 0.3304 0.3034 0.8937
vn 0.2704 0.6276 0.7301
vn 0.1403 0.0875 0.9862
vn 0.1346 0.3025 0.9436
vn 0.1094 0.6271 0.7712
vn 0.1033 0.9805 0.1670
vn 0.0029 1.0000 0.0031
vn -0.0967 0.9824 -0.1600
vn 0.0679 0.9810 0.1819
vn 0.0025 1.0000 0.0057
vn -0.0621 0.9837 -0.1685
vn 0.0264 0.9810 0.1921
vn 0.0002 1.0000 0.0051
vn -0.0261 0.9833 -0.1803
vn -0.4074 0.6247 -0.6661
vn -0.4993 0.2920 -0.8158
vn -0.5197 0.0798 -0.8506
vn -0.2680 0.6372 -0.7226
vn -0.3318 0.3002 -0.8943
vn -0.3463 0.0821 -0.9345
vn -0.1081 0.6333 -0.7663
vn -0.1331 0.2978 -0.9453
vn -0.1395 0.0815 -0.9869
vn -0.5197 -0.0798 -0.8506
vn -0.4993 -0.2920 -0.8158
vn -0.4074 -0.6247 -0.6661
vn -0.3463 -0.0821 -0.9345
vn -0.3318 -0.3002 -0.8943
vn -0.2680 -0.6372 -0.7226
vn -0.1395 -0.0815 -0.9869
vn -0.1331 -0.2978 -0.9453
vn -0.1081 -0.6333 -0.7663
vn -0.0967 -0.9824 -0.1600
vn 0.0029 -1.0000 0.0031
vn 0.1033 -0.9805 0.1670
vn -0.0621 -0.9837 -0.1685
vn 0.0025 -1.0000 0.0057
vn 0.0679 -0.9810 0.1819
vn -0.0261 -0.9833 -0.1803
vn 0.0002 -1.0000 0.0051
vn 0.0264 -0.9810 0.1921
vn 0.4079 -0.6217 0.6687
vn 0.4962 -0.2979 0.8155
vn 0.5184 -0.0858 0.8508
vn 0.2704 -0.6276 0.7301
vn 0.3304 -0.3034 0.8937
vn 0.3456 -0.0879 0.9342
vn 0.1094 -0.6271 0.7712
vn 0.1346 -0.3025 0.9436
vn 0.1403 -0.0875 0.9862
vn -0.1017 0.0846 0.9912
vn -0.1000 0.2953 0.9502
vn -0.0870 0.6222 0.7780
vn -0.0027 0.0874 0.9962
vn -0.0100 0.3040 0.9526
vn -0.0239 0.6395 0.7685
vn 0.1668 0.0915 0.9817
vn 0.1541 0.3183 0.9354
vn 0.0968 0.6759 0.7306
vn -0.0270 0.9812 0.1911
vn 0.0016 1.0000 0.0019
vn 0.0392 0.9816 -0.1867
vn -0.0226 0.9841 0.1763
vn 0.0060 1.0000 0.0013
vn 0.0624 0.9832 -0.1718
vn -0.0136 0.9891 0.1468
vn 0.0194 0.9998 -0.0071
vn 0.0895 0.9838 -0.1550
vn 0.1635 0.6194 -0.7678
vn 0.2003 0.2886 -0.9363
vn 0.2093 0.0789 -0.9747
vn 0.2763 0.6326 -0.7235
vn 0.3444 0.2971 -0.8906
vn 0.3615 0.0812 -0.9288
vn 0.4058 0.6439 -0.6486
vn 0.5147 0.3063 -0.8008
vn 0.5436 0.0844 -0.8351
vn 0.2094 -0.0788 -0.9746
vn 0.2008 -0.2882 -0.9363
vn 0.1649 -0.6190 -0.7679
vn 0.3619 -0.0803 -0.9288
vn 0.3467 -0.2940 -0.8907
vn 0.2822 -0.6285 -0.7248
vn 0.5454 -0.0803 -0.8343
vn 0.5233 -0.2939 -0.7999
vn 0.4258 -0.6283 -0.6511
vn 0.0405 -0.9816 -0.1863
vn 0.0014 -1.0000 0.0024
vn -0.0307 -0.9811 0.1913
vn 0.0671 -0.9828 -0.1718
vn 0.0054 -1.0000 0.0020
vn -0.0347 -0.9838 0.1756
vn 0.1021 -0.9826 -0.1549
vn 0.0185 -0.9998 -0.0051
vn -0.0371 -0.9891 0.1428
vn -0.0997 -0.6263 0.7732
vn -0.1080 -0.3016 0.9473
vn -0.1039 -0.0873 0.9908
vn -0.0649 -0.6657 0.7434
vn -0.0354 -0.3411 0.9394
vn -0.0095 -0.1029 0.9946
vn 0.0386 -0.7358 0.6761
vn 0.1042 -0.4269 0.8983
vn 0.1551 -0.1365 0.9784
vn -0.0563 -0.9975 0.0424
vn 0.0372 -0.9971 0.0660
vn 0.0208 -0.9960 0.0873
vn -0.0175 -0.9859 0.1666
vn -0.0862 -0.9855 0.1462
vn -0.1896 -0.9628 0.1927
vn -0.1750 -0.9757 0.1318
vn -0.2376 -0.9628 0.1290
vn -0.1643 -0.9855 0.0424
vn -0.1649 -0.9859 -0.0292
vn -0.0781 -0.9960 -0.0441
vn -0.0531 -0.9971 -0.0540
vn -0.0098 -0.9999 0.0074
vn 0.5614 0.6775 -0.4752
vn 0.7244 0.3356 -0.6022
vn 0.7677 0.0949 -0.6338
vn 0.6135 0.6874 -0.3888
vn 0.7926 0.3438 -0.5036
vn 0.8393 0.0976 -0.5348
vn 0.6782 0.6724 -0.2966
vn 0.8618 0.3302 -0.3851
vn 0.9074 0.0926 -0.4100
vn 0.7694 -0.0774 -0.6340
vn 0.7403 -0.2836 -0.6096
vn 0.6100 -0.6128 -0.5024
vn 0.8406 -0.0765 -0.5363
vn 0.8092 -0.2810 -0.5160
vn 0.6685 -0.6094 -0.4263
vn 0.9081 -0.0762 -0.4117
vn 0.8743 -0.2802 -0.3963
vn 0.7226 -0.6087 -0.3276
vn 0.1571 -0.9791 -0.1288
vn 0.0455 -0.9985 -0.0313
vn -0.0010 -0.9998 0.0220
vn 0.1739 -0.9784 -0.1122
vn 0.0516 -0.9980 -0.0353
vn -0.0026 -1.0000 -0.0014
vn 0.1837 -0.9793 -0.0849
vn 0.0439 -0.9987 -0.0271
vn -0.0306 -0.9995 -0.0101
vn 0.2359 0.9167 -0.3225
vn 0.2500 0.8826 -0.3981
vn 0.2510 0.8474 -0.4680
vn 0.3885 0.9099 -0.1455
vn 0.4263 0.8843 -0.1904
vn 0.4536 0.8610 -0.2300
vn 0.5723 0.8060 0.1511
vn 0.6036 0.7899 0.1082
vn 0.6352 0.7674 0.0873
vn -0.7082 -0.6414 0.2951
vn -0.6553 -0.7062 0.2680
vn -0.5951 -0.7679 0.2370
vn -0.7722 -0.6112 0.1735
vn -0.7209 -0.6766 0.1503
vn -0.6607 -0.7399 0.1263
vn -0.8471 -0.5302 -0.0370
vn -0.8015 -0.5954 -0.0561
vn -0.7457 -0.6626 -0.0699
vn -0.5575 -0.7991 0.2251
vn -0.6706 -0.6869 0.2803
vn -0.7252 -0.6161 0.3074
vn -0.5446 -0.8257 0.1470
vn -0.6962 -0.6945 0.1813
vn -0.7754 -0.6010 0.1937
vn -0.5566 -0.8297 0.0433
vn -0.7371 -0.6753 0.0256
vn -0.8364 -0.5480 0.0053
vn -0.2906 -0.8830 -0.3686
vn -0.3302 -0.8730 -0.3589
vn -0.4339 -0.8459 -0.3100
vn -0.5012 -0.5960 -0.6273
vn -0.5575 -0.5871 -0.5869
vn -0.6640 -0.5860 -0.4644
vn -0.6128 -0.2195 -0.7591
vn -0.6770 -0.2377 -0.6966
vn -0.7823 -0.3044 -0.5434
vn -0.6244 0.0032 -0.7811
vn -0.6864 -0.0514 -0.7254
vn -0.7881 -0.1737 -0.5905
vn -0.6134 0.0324 -0.7891
vn -0.6748 -0.0535 -0.7361
vn -0.7701 -0.2058 -0.6038
vn -0.5835 0.0945 -0.8066
vn -0.6608 -0.0552 -0.7485
vn -0.7516 -0.2480 -0.6112
vn 0.5601 -0.2195 0.7988
vn 0.4823 -0.2377 0.8432
vn 0.3060 -0.3044 0.9020
vn 0.4643 -0.5960 0.6551
vn 0.4099 -0.5871 0.6981
vn 0.2627 -0.5860 0.7665
vn 0.2739 -0.8830 0.3812
vn 0.2536 -0.8730 0.4165
vn 0.1779 -0.8459 0.5027
vn 0.6138 0.0945 0.7838
vn 0.5366 -0.0552 0.8420
vn 0.3796 -0.2480 0.8913
vn 0.5888 0.0324 0.8077
vn 0.5209 -0.0535 0.8520
vn 0.3674 -0.2058 0.9070
vn 0.5781 0.0032 0.8160
vn 0.5073 -0.0514 0.8602
vn 0.3496 -0.1737 0.9206
vn 0.1540 0.5347 -0.8309
vn 0.1891 0.2395 -0.9523
vn 0.2146 0.0533 -0.9752
vn 0.5455 0.6593 -0.5174
vn 0.6968 0.3222 -0.6408
vn 0.7431 0.0727 -0.6652
vn 0.7840 0.6118 -0.1056
vn 0.9515 0.2863 -0.1129
vn 0.9911 0.0666 -0.1151
vn 0.4448 0.5550 0.7029
vn 0.5340 0.4193 0.7342
vn 0.5993 0.3132 0.7367
vn 0.4850 0.2409 0.8407
vn 0.5522 0.1704 0.8161
vn 0.5959 0.1227 0.7937
vn 0.4824 0.0670 0.8734
vn 0.5518 0.0467 0.8327
vn 0.5891 0.0345 0.8073
vn 0.4657 -0.1966 0.8629
vn 0.5365 -0.2108 0.8172
vn 0.5722 -0.2164 0.7910
vn 0.3830 -0.5615 0.7335
vn 0.4368 -0.5854 0.6830
vn 0.4668 -0.5976 0.6518
vn 0.2076 -0.8681 0.4509
vn 0.2434 -0.8815 0.4046
vn 0.2674 -0.8849 0.3814
vn -0.8321 0.0864 -0.5478
vn -0.7286 0.0526 -0.6830
vn -0.6440 0.0319 -0.7644
vn -0.7869 0.2981 -0.5403
vn -0.6986 0.1910 -0.6895
vn -0.6258 0.1197 -0.7707
vn -0.6066 0.6357 -0.4774
vn -0.5916 0.4573 -0.6641
vn -0.5628 0.3137 -0.7648
vn -0.4079 -0.8778 -0.2510
vn -0.3447 -0.8858 -0.3107
vn -0.3016 -0.8867 -0.3505
vn -0.6896 -0.5784 -0.4357
vn -0.5920 -0.5984 -0.5398
vn -0.5193 -0.6026 -0.6060
vn -0.8229 -0.2036 -0.5304
vn -0.7193 -0.2159 -0.6603
vn -0.6334 -0.2190 -0.7422
vn 0.0413 0.9991 -0.0118
vn 0.0790 0.9955 -0.0524
vn 0.1313 0.9830 -0.1284
vn 0.0877 0.9958 0.0273
vn 0.1485 0.9888 0.0156
vn 0.2294 0.9730 -0.0242
vn 0.1663 0.9765 0.1372
vn 0.2739 0.9402 0.2022
vn 0.4025 0.8896 0.2159
vn 0.0216 -0.9975 0.0679
vn 0.0338 -0.9972 0.0661
vn 0.0423 -0.9971 0.0630
vn -0.0105 -0.9999 0.0078
vn -0.0053 -1.0000 0.0042
vn -0.0017 -1.0000 0.0013
vn -0.0611 -0.9975 -0.0362
vn -0.0556 -0.9973 -0.0484
vn -0.0495 -0.9971 -0.0572
vn -0.7751 0.0256 -0.6313
vn -0.7748 0.1574 -0.6124
vn -0.6650 0.5610 -0.4930
vn -0.6384 0.0218 -0.7694
vn -0.6397 0.1343 -0.7568
vn -0.5642 0.5175 -0.6433
vn -0.4800 0.0216 -0.8770
vn -0.4778 0.1289 -0.8690
vn -0.4350 0.4860 -0.7580
vn -0.5641 -0.6278 0.5363
vn -0.6901 -0.3013 0.6580
vn -0.7212 -0.0682 0.6893
vn -0.6198 -0.6309 0.4666
vn -0.7612 -0.3036 0.5731
vn -0.7970 -0.0688 0.6000
vn -0.6714 -0.6278 0.3939
vn -0.8231 -0.3013 0.4813
vn -0.8619 -0.0682 0.5025
vn 0.6626 0.1905 0.7244
vn 0.6775 0.2106 0.7047
vn 0.6865 0.2072 0.6970
vn 0.5587 -0.0646 0.8268
vn 0.5631 -0.0667 0.8237
vn 0.5640 -0.0689 0.8229
vn 0.3853 -0.3192 0.8658
vn 0.3830 -0.3322 0.8619
vn 0.3809 -0.3300 0.8637
vn -0.5210 -0.8327 0.1876
vn -0.5190 -0.8368 0.1742
vn -0.5371 -0.8266 0.1679
vn -0.5842 -0.8069 0.0878
vn -0.5815 -0.8101 0.0749
vn -0.5994 -0.7977 0.0659
vn -0.6692 -0.7378 -0.0888
vn -0.6636 -0.7417 -0.0972
vn -0.6776 -0.7277 -0.1060
vn 0.6967 0.0974 0.7107
vn 0.7009 0.0393 0.7122
vn 0.7074 0.0093 0.7067
vn 0.5554 -0.0582 0.8295
vn 0.5562 -0.0210 0.8308
vn 0.5618 -0.0035 0.8273
vn 0.3787 -0.2099 0.9014
vn 0.3840 -0.0814 0.9197
vn 0.3919 -0.0161 0.9199
vn -0.7255 -0.3192 -0.6097
vn -0.7225 -0.3322 -0.6064
vn -0.7248 -0.3300 -0.6048
vn -0.6401 -0.0646 -0.7656
vn -0.6359 -0.0667 -0.7689
vn -0.6349 -0.0689 -0.7695
vn -0.5129 0.1905 -0.8370
vn -0.4900 0.2106 -0.8459
vn -0.4800 0.2072 -0.8524
vn -0.0988 0.0288 -0.9947
vn -0.2768 0.0157 -0.9608
vn -0.2954 0.0095 -0.9553
vn -0.0767 0.0283 -0.9967
vn -0.2586 0.0155 -0.9659
vn -0.2773 0.0094 -0.9607
vn -0.0534 0.0290 -0.9982
vn -0.2392 0.0160 -0.9708
vn -0.2580 0.0097 -0.9661
vn 0.7101 0.0212 0.7038
vn 0.7034 0.1268 0.6994
vn 0.6107 0.4808 0.6291
vn 0.5629 0.0213 0.8262
vn 0.5510 0.1315 0.8241
vn 0.4651 0.5110 0.7229
vn 0.3925 0.0251 0.9194
vn 0.3748 0.1540 0.9142
vn 0.2921 0.5543 0.7794
vn -0.1107 -0.4879 0.8658
vn -0.1282 -0.2140 0.9684
vn -0.1241 -0.0461 0.9912
vn -0.3016 -0.5599 0.7717
vn -0.3519 -0.2561 0.9003
vn -0.3584 -0.0566 0.9318
vn -0.4247 -0.5981 0.6797
vn -0.5065 -0.2806 0.8153
vn -0.5233 -0.0629 0.8498
vn 0.2646 0.0429 -0.9634
vn 0.2546 0.2208 -0.9415
vn 0.1773 0.6388 -0.7487
vn 0.7966 0.0473 -0.6027
vn 0.7664 0.2563 -0.5889
vn 0.5673 0.6923 -0.4460
vn 0.9988 0.0388 0.0305
vn 0.9749 0.2218 0.0188
vn 0.7646 0.6437 0.0302
vn -0.7706 -0.5981 0.2203
vn -0.9236 -0.2806 0.2613
vn -0.9614 -0.0629 0.2680
vn -0.8250 -0.5599 0.0765
vn -0.9625 -0.2561 0.0892
vn -0.9946 -0.0566 0.0869
vn -0.8627 -0.4879 -0.1330
vn -0.9661 -0.2140 -0.1445
vn -0.9869 -0.0461 -0.1548
vn -0.9640 0.0226 0.2648
vn -0.9575 0.1380 0.2533
vn -0.8247 0.5225 0.2166
vn -0.9960 0.0297 0.0838
vn -0.9801 0.1801 0.0837
vn -0.7990 0.5942 0.0921
vn -0.9872 0.0328 -0.1562
vn -0.9707 0.1969 -0.1381
vn -0.7823 0.6191 -0.0691
vn 0.2475 0.0390 -0.9681
vn 0.2521 0.2230 -0.9416
vn 0.1832 0.6454 -0.7415
vn 0.7988 0.0473 -0.5997
vn 0.7771 0.2563 -0.5748
vn 0.5850 0.6924 -0.4222
vn 0.9991 0.0424 0.0063
vn 0.9755 0.2196 0.0090
vn 0.7695 0.6379 0.0305
vn 0.9493 0.0820 -0.3034
vn 0.9447 0.1277 -0.3022
vn 0.9105 0.2798 -0.3045
vn 0.7958 0.0872 -0.5993
vn 0.7923 0.1269 -0.5968
vn 0.7723 0.2532 -0.5826
vn 0.5525 0.0840 -0.8292
vn 0.5498 0.1301 -0.8251
vn 0.5421 0.2788 -0.7927
vn 0.6671 0.6958 -0.2661
vn 0.8591 0.3815 -0.3413
vn 0.9230 0.1380 -0.3591
vn 0.5620 0.7107 -0.4231
vn 0.7337 0.3955 -0.5524
vn 0.7903 0.1456 -0.5951
vn 0.4398 0.6964 -0.5671
vn 0.5650 0.3825 -0.7311
vn 0.5998 0.1390 -0.7880
vn 0.3506 0.0046 -0.9365
vn 0.3254 0.0046 -0.9456
vn 0.3003 0.0046 -0.9538
vn 0.8325 0.0020 -0.5540
vn 0.8229 0.0020 -0.5682
vn 0.8129 0.0020 -0.5824
vn 0.9987 0.0004 0.0501
vn 0.9990 0.0004 0.0455
vn 0.9992 0.0004 0.0408
vn -0.7616 -0.2099 -0.6131
vn -0.7777 -0.0814 -0.6233
vn -0.7757 -0.0161 -0.6309
vn -0.6437 -0.0582 -0.7631
vn -0.6446 -0.0210 -0.7642
vn -0.6397 -0.0035 -0.7686
vn -0.4904 0.0974 -0.8661
vn -0.4906 0.0393 -0.8705
vn -0.4836 0.0093 -0.8752
vn -0.0955 0.4656 -0.8798
vn -0.2550 0.5018 -0.8266
vn -0.2883 0.4997 -0.8168
vn -0.1257 0.1492 -0.9808
vn -0.3027 0.1516 -0.9409
vn -0.3248 0.1487 -0.9340
vn -0.1286 0.0550 -0.9902
vn -0.3026 0.0425 -0.9522
vn -0.3218 0.0359 -0.9461
vn 0.0921 0.9956 -0.0192
vn 0.0499 0.9980 -0.0376
vn 0.0439 0.9956 -0.0832
vn 0.0457 0.9988 -0.0188
vn 0.0284 0.9994 -0.0214
vn 0.0307 0.9988 -0.0387
vn 0.0145 0.9999 -0.0091
vn 0.0097 0.9999 -0.0073
vn 0.0128 0.9999 -0.0114
vn -0.0917 0.9791 -0.1815
vn -0.1063 0.9455 -0.3077
vn -0.0980 0.8929 -0.4394
vn -0.0079 0.9966 -0.0816
vn 0.0311 0.9886 -0.1473
vn 0.0865 0.9737 -0.2108
vn 0.0231 0.9991 -0.0343
vn 0.0725 0.9956 -0.0601
vn 0.1597 0.9830 -0.0902
vn 0.2283 0.0004 -0.9736
vn 0.2329 0.0004 -0.9725
vn 0.2375 0.0004 -0.9714
vn 0.7624 0.0020 -0.6471
vn 0.7733 0.0020 -0.6340
vn 0.7841 0.0020 -0.6206
vn 0.9967 0.0045 -0.0808
vn 0.9985 0.0045 -0.0546
vn 0.9996 0.0045 -0.0289
vn 0.0130 0.8060 -0.5918
vn 0.0629 0.7899 -0.6100
vn 0.0917 0.7674 -0.6345
vn 0.2473 0.9099 -0.3331
vn 0.3008 0.8843 -0.3570
vn 0.3464 0.8610 -0.3724
vn 0.3752 0.9167 -0.1376
vn 0.4517 0.8826 -0.1302
vn 0.5191 0.8474 -0.1119
vn 0.8192 0.5279 0.2241
vn 0.8171 0.4139 0.4013
vn 0.8207 0.3777 0.4288
vn 0.9328 0.2513 0.2583
vn 0.8783 0.1790 0.4433
vn 0.8688 0.1568 0.4698
vn 0.9556 0.0775 0.2841
vn 0.8847 0.0503 0.4635
vn 0.8745 0.0410 0.4833
vn -0.0225 0.9996 0.0174
vn -0.1570 0.9874 0.0215
vn -0.1693 0.9840 0.0552
vn -0.2414 0.9636 0.1152
vn -0.1793 0.9745 0.1350
vn -0.1783 0.9632 0.2012
vn -0.1009 0.9837 0.1488
vn -0.0650 0.9870 0.1471
vn -0.0004 0.9999 -0.0114
vn 0.2045 0.9203 -0.3335
vn 0.3147 0.9195 -0.2353
vn 0.3662 0.9250 -0.1008
vn 0.0097 0.9999 0.0038
vn 0.0428 0.9987 -0.0288
vn 0.0280 0.9995 0.0168
vn 0.0455 0.9984 -0.0346
vn 0.1273 0.9849 -0.1175
vn 0.1389 0.9864 -0.0880
vn 0.1590 0.9851 -0.0655
vn 0.0457 0.9986 -0.0251
vn -0.0100 0.9997 -0.0237
vn 0.0085 0.9998 -0.0201
vn 0.0071 0.9999 -0.0100
vn 0.0116 0.9999 -0.0086
vn 0.0125 0.9999 -0.0041
vn 0.0262 0.9997 -0.0025
vn 0.3501 0.9205 -0.1732
vn 0.3789 0.9084 -0.1766
vn 0.4131 0.8927 -0.1803
vn 0.3055 0.9240 -0.2300
vn 0.3267 0.9125 -0.2460
vn 0.3503 0.8987 -0.2637
vn 0.2633 0.9206 -0.2886
vn 0.2745 0.9085 -0.3152
vn 0.2874 0.8927 -0.3471
vn 0.7101 -0.0000 0.7041
vn 0.5643 -0.0000 0.8256
vn 0.3951 -0.0000 0.9186
vn -0.0476 0.9820 -0.1829
vn -0.0988 0.9868 -0.1286
vn -0.1316 0.9883 -0.0774
vn 0.0746 0.9959 -0.0517
vn 0.0279 0.9994 -0.0203
vn 0.0060 1.0000 -0.0046
vn 0.1984 0.9769 0.0793
vn 0.1750 0.9808 0.0860
vn 0.1909 0.9791 0.0705
vn -0.7736 -0.0000 -0.6337
vn -0.6374 -0.0000 -0.7706
vn -0.4804 -0.0000 -0.8771
vn -0.0170 0.9783 -0.2066
vn 0.0059 1.0000 -0.0044
vn 0.0392 0.9877 0.1511
vn -0.0370 0.9804 -0.1937
vn 0.0272 0.9994 -0.0211
vn 0.0985 0.9862 0.1333
vn -0.0243 0.9767 -0.2134
vn 0.0703 0.9959 -0.0573
vn 0.1650 0.9814 0.0982
vn 0.1698 0.9516 -0.2563
vn 0.1017 0.9656 -0.2393
vn 0.0580 0.9773 -0.2039
vn 0.2256 0.9593 -0.1698
vn 0.1640 0.9787 -0.1235
vn 0.1080 0.9908 -0.0813
vn 0.2932 0.9516 -0.0923
vn 0.2581 0.9656 -0.0315
vn 0.2120 0.9773 0.0007
vn 0.9201 0.0513 0.3884
vn 0.8379 0.0396 0.5445
vn 0.8270 0.0339 0.5612
vn 0.9127 0.1441 0.3825
vn 0.8281 0.1474 0.5409
vn 0.8156 0.1456 0.5600
vn 0.8234 0.4641 0.3265
vn 0.7309 0.4999 0.4647
vn 0.7129 0.4979 0.4938
vn -0.0121 0.0795 -0.9968
vn -0.2047 0.0520 -0.9774
vn -0.2266 0.0420 -0.9731
vn 0.0075 0.2536 -0.9673
vn -0.1858 0.1809 -0.9658
vn -0.2140 0.1577 -0.9640
vn 0.0098 0.5295 -0.8483
vn -0.1613 0.4151 -0.8954
vn -0.1868 0.3781 -0.9067
vn 0.4680 0.8826 0.0455
vn 0.4969 0.8565 0.1400
vn 0.4942 0.8582 0.1388
vn 0.5358 0.8398 0.0878
vn 0.5878 0.7799 0.2151
vn 0.5948 0.7729 0.2210
vn 0.5990 0.7899 0.1312
vn 0.6583 0.6987 0.2802
vn 0.6707 0.6801 0.2960
vn 0.0394 0.7901 -0.6117
vn -0.0876 0.6988 -0.7100
vn -0.0994 0.6801 -0.7263
vn 0.0637 0.8399 -0.5391
vn -0.0443 0.7799 -0.6243
vn -0.0480 0.7729 -0.6327
vn 0.0857 0.8826 -0.4623
vn 0.0029 0.8565 -0.5162
vn 0.0032 0.8582 -0.5133
vn -0.9637 -0.0000 0.2671
vn -0.9964 -0.0000 0.0846
vn -0.9873 -0.0000 -0.1586
vn -0.7226 -0.0000 0.6912
vn -0.7989 -0.0000 0.6015
vn -0.8641 -0.0000 0.5034
vn -0.1206 -0.0000 0.9927
vn -0.3568 -0.0000 0.9342
vn -0.5231 -0.0000 0.8523
vn 0.9373 0.0609 -0.3432
vn 0.9416 0.0611 -0.3313
vn 0.9456 0.0627 -0.3194
vn 0.7971 0.0657 -0.6002
vn 0.7971 0.0662 -0.6002
vn 0.7970 0.0682 -0.6001
vn 0.5883 0.0615 -0.8063
vn 0.5778 0.0617 -0.8138
vn 0.5673 0.0635 -0.8210
vn 0.9462 0.0279 0.3224
vn 0.8700 0.0151 0.4928
vn 0.8604 0.0092 0.5095
vn 0.9388 0.0273 0.3435
vn 0.8606 0.0146 0.5091
vn 0.8507 0.0088 0.5256
vn 0.9313 0.0275 0.3632
vn 0.8514 0.0147 0.5243
vn 0.8412 0.0089 0.5406
vn -0.1228 0.0323 0.9919
vn -0.1358 0.1941 0.9715
vn -0.1505 0.6149 0.7741
vn -0.3560 0.0294 0.9340
vn -0.3517 0.1781 0.9190
vn -0.3106 0.5910 0.7445
vn -0.5211 0.0224 0.8532
vn -0.5084 0.1368 0.8502
vn -0.4372 0.5197 0.7340
vn -0.7227 0.0163 0.6910
vn -0.7207 0.0986 0.6862
vn -0.6672 0.4149 0.6186
vn -0.7988 0.0165 0.6014
vn -0.7948 0.1019 0.5983
vn -0.7181 0.4383 0.5405
vn -0.8638 0.0163 0.5035
vn -0.8587 0.0989 0.5029
vn -0.7787 0.4156 0.4700
vn -0.0997 -0.7378 0.6676
vn -0.0900 -0.7417 0.6646
vn -0.0855 -0.7277 0.6805
vn -0.2459 -0.8069 0.5371
vn -0.2328 -0.8101 0.5381
vn -0.2291 -0.7977 0.5578
vn -0.3243 -0.8327 0.4488
vn -0.3109 -0.8368 0.4506
vn -0.3099 -0.8266 0.4698
vn -0.3949 -0.8476 0.3544
vn -0.3851 -0.8532 0.3518
vn -0.3911 -0.8454 0.3637
vn -0.4220 -0.8491 0.3177
vn -0.4145 -0.8548 0.3121
vn -0.4243 -0.8473 0.3194
vn -0.4498 -0.8476 0.2815
vn -0.4446 -0.8532 0.2728
vn -0.4577 -0.8454 0.2753
vn -0.1955 -0.8297 0.5229
vn -0.2284 -0.6753 0.7013
vn -0.2363 -0.5480 0.8024
vn -0.2918 -0.8257 0.4827
vn -0.3667 -0.6945 0.6190
vn -0.4005 -0.6010 0.6916
vn -0.3705 -0.7991 0.4735
vn -0.4547 -0.6869 0.5669
vn -0.4960 -0.6161 0.6120
vn -0.4834 -0.7751 0.4069
vn -0.5570 -0.6785 0.4790
vn -0.5904 -0.6237 0.5122
vn -0.4938 -0.7861 0.3717
vn -0.5830 -0.6837 0.4389
vn -0.6230 -0.6260 0.4691
vn -0.5247 -0.7751 0.3521
vn -0.6143 -0.6785 0.4028
vn -0.6554 -0.6237 0.4258
vn -0.1986 -0.5302 0.8243
vn -0.1676 -0.5954 0.7857
vn -0.1389 -0.6626 0.7360
vn -0.3802 -0.6112 0.6941
vn -0.3437 -0.6766 0.6512
vn -0.3041 -0.7399 0.6000
vn -0.4794 -0.6414 0.5990
vn -0.4388 -0.7062 0.5556
vn -0.3923 -0.7679 0.5064
vn -0.5704 -0.6547 0.4960
vn -0.5229 -0.7204 0.4556
vn -0.4686 -0.7823 0.4104
vn -0.6031 -0.6558 0.4541
vn -0.5530 -0.7217 0.4163
vn -0.4962 -0.7837 0.3736
vn -0.6344 -0.6547 0.4111
vn -0.5824 -0.7204 0.3765
vn -0.5239 -0.7823 0.3368
vn -0.6594 -0.6158 -0.4313
vn -0.7999 -0.2940 -0.5233
vn -0.8339 -0.0847 -0.5455
vn -0.5768 -0.6162 -0.5362
vn -0.7002 -0.2939 -0.6507
vn -0.7298 -0.0846 -0.6784
vn -0.5089 -0.6162 -0.6010
vn -0.6179 -0.2931 -0.7296
vn -0.6439 -0.0841 -0.7604
vn 0.1574 -0.9821 0.1031
vn -0.0043 -1.0000 -0.0027
vn -0.1673 -0.9798 -0.1092
vn 0.1390 -0.9819 0.1290
vn -0.0029 -1.0000 -0.0029
vn -0.1457 -0.9800 -0.1357
vn 0.1249 -0.9812 0.1473
vn -0.0014 -1.0000 -0.0018
vn -0.1279 -0.9802 -0.1512
vn 0.8343 -0.0789 0.5456
vn 0.8012 -0.2893 0.5238
vn 0.6556 -0.6217 0.4286
vn 0.7300 -0.0787 0.6789
vn 0.7011 -0.2883 0.6522
vn 0.5746 -0.6199 0.5344
vn 0.6441 -0.0781 0.7609
vn 0.6191 -0.2858 0.7315
vn 0.5093 -0.6152 0.6017
vn 0.6556 0.6217 0.4286
vn 0.8012 0.2893 0.5238
vn 0.8343 0.0789 0.5456
vn 0.5746 0.6199 0.5344
vn 0.7011 0.2883 0.6522
vn 0.7300 0.0787 0.6789
vn 0.5093 0.6152 0.6017
vn 0.6191 0.2858 0.7315
vn 0.6441 0.0781 0.7609
vn -0.1673 0.9798 -0.1092
vn -0.0043 1.0000 -0.0027
vn 0.1574 0.9821 0.1031
vn -0.1457 0.9800 -0.1357
vn -0.0029 1.0000 -0.0029
vn 0.1390 0.9819 0.1290
vn -0.1279 0.9802 -0.1512
vn -0.0014 1.0000 -0.0018
vn 0.1249 0.9812 0.1473
vn -0.8339 0.0847 -0.5455
vn -0.7999 0.2940 -0.5233
vn -0.6594 0.6158 -0.4313
vn -0.7298 0.0846 -0.6784
vn -0.7002 0.2939 -0.6507
vn -0.5768 0.6162 -0.5362
vn -0.6439 0.0841 -0.7604
vn -0.6179 0.2931 -0.7296
vn -0.5089 0.6162 -0.6010
vn -0.0636 -0.6187 0.7831
vn -0.0772 -0.2945 0.9525
vn -0.0806 -0.0845 0.9932
vn -0.0909 -0.6176 0.7812
vn -0.1105 -0.2934 0.9496
vn -0.1152 -0.0841 0.9898
vn -0.1041 -0.6177 0.7795
vn -0.1266 -0.2933 0.9476
vn -0.1319 -0.0840 0.9877
vn 0.0155 -0.9810 -0.1932
vn -0.0003 -1.0000 0.0012
vn -0.0162 -0.9806 0.1955
vn 0.0226 -0.9807 -0.1943
vn -0.0001 -1.0000 0.0006
vn -0.0228 -0.9805 0.1950
vn 0.0260 -0.9806 -0.1945
vn -0.0000 -1.0000 0.0002
vn -0.0260 -0.9806 0.1944
vn 0.0810 -0.0783 -0.9936
vn 0.0780 -0.2860 -0.9550
vn 0.0641 -0.6150 -0.7859
vn 0.1154 -0.0778 -0.9903
vn 0.1110 -0.2844 -0.9522
vn 0.0915 -0.6124 -0.7852
vn 0.1320 -0.0777 -0.9882
vn 0.1269 -0.2840 -0.9504
vn 0.1047 -0.6116 -0.7842
vn 0.0641 0.6150 -0.7859
vn 0.0780 0.2860 -0.9550
vn 0.0810 0.0783 -0.9936
vn 0.0915 0.6124 -0.7852
vn 0.1110 0.2844 -0.9522
vn 0.1154 0.0778 -0.9903
vn 0.1047 0.6116 -0.7842
vn 0.1269 0.2840 -0.9504
vn 0.1320 0.0777 -0.9882
vn -0.0162 0.9806 0.1955
vn -0.0003 1.0000 0.0012
vn 0.0155 0.9810 -0.1932
vn -0.0228 0.9805 0.1950
vn -0.0001 1.0000 0.0006
vn 0.0226 0.9807 -0.1943
vn -0.0260 0.9806 0.1944
vn -0.0000 1.0000 0.0002
vn 0.0260 0.9806 -0.1945
vn -0.0806 0.0845 0.9932
vn -0.0772 0.2945 0.9525
vn -0.0636 0.6187 0.7831
vn -0.1152 0.0841 0.9898
vn -0.1105 0.2934 0.9496
vn -0.0909 0.6176 0.7812
vn -0.1319 0.0840 0.9877
vn -0.1266 0.2933 0.9476
vn -0.1041 0.6177 0.7795
s 1
f 1467//1413 1471//1417 1470//1416
f 1468//1414 1472//1418 1471//1417
f 1470//1416 1474//1420 1473//1419
f 1471//1417 1475//1421 1474//1420
f 1//1 1467//1413 345//343
f 222//220 1468//1414 1467//1413
f 223//221 1469//1415 1468//1414
f 224//222 285//283 1469//1415
f 1469//1415 286//284 1472//1418
f 1472//1418 287//285 1475//1421
f 1475//1421 8//8 233//231
f 1474//1420 233//231 232//230
f 1473//1419 232//230 231//229
f 347//345 231//229 2//2
f 346//344 1473//1419 347//345
f 345//343 1470//1416 346//344
f 1477//1423 1479//1425 1476//1422
f 1477//1423 1481//1427 1480//1426
f 1480//1426 1482//1428 1479//1425
f 1480//1426 1484//1430 1483//1429
f 231//229 282//280 2//2
f 232//230 1476//1422 231//229
f 232//230 1478//1424 1477//1423
f 233//231 306//304 1478//1424
f 1478//1424 307//305 1481//1427
f 1481//1427 308//306 1484//1430
f 1484//1430 9//9 260//258
f 1483//1429 260//258 259//257
f 1483//1429 258//256 1482//1428
f 1482//1428 3//3 284//282
f 1479//1425 284//282 283//281
f 1476//1422 283//281 282//280
f 1485//1431 1489//1435 1488//1434
f 1486//1432 1490//1436 1489//1435
f 1488//1434 1492//1438 1491//1437
f 1489//1435 1493//1439 1492//1438
f 258//256 219//217 3//3
f 259//257 1485//1431 258//256
f 259//257 1487//1433 1486//1432
f 260//258 300//298 1487//1433
f 1487//1433 301//299 1490//1436
f 1490//1436 302//300 1493//1439
f 1493//1439 10//10 317//315
f 1492//1438 317//315 316//314
f 1492//1438 315//313 1491//1437
f 1491//1437 4//4 221//219
f 1488//1434 221//219 220//218
f 1485//1431 220//218 219//217
f 1495//1441 1497//1443 1494//1440
f 1496//1442 1498//1444 1495//1441
f 1498//1444 1500//1446 1497//1443
f 1499//1445 1501//1447 1498//1444
f 315//313 234//232 4//4
f 316//314 1494//1440 315//313
f 317//315 1495//1441 316//314
f 10//10 1496//1442 317//315
f 249//247 1499//1445 1496//1442
f 250//248 1502//1448 1499//1445
f 251//249 269//267 1502//1448
f 1502//1448 268//266 1501//1447
f 1501//1447 267//265 1500//1446
f 1500//1446 5//5 236//234
f 1497//1443 236//234 235//233
f 1494//1440 235//233 234//232
f 1503//1449 1507//1453 1506//1452
f 1505//1451 1507//1453 1504//1450
f 1506//1452 1510//1456 1509//1455
f 1508//1454 1510//1456 1507//1453
f 5//5 1503//1449 252//250
f 268//266 1503//1449 267//265
f 269//267 1504//1450 268//266
f 11//11 1505//1451 269//267
f 336//334 1508//1454 1505//1451
f 337//335 1511//1457 1508//1454
f 338//336 281//279 1511//1457
f 1511//1457 280//278 1510//1456
f 1509//1455 280//278 279//277
f 254//252 279//277 6//6
f 253//251 1509//1455 254//252
f 252//250 1506//1452 253//251
f 1513//1459 1515//1461 1512//1458
f 1514//1460 1516//1462 1513//1459
f 1516//1462 1518//1464 1515//1461
f 1517//1463 1519//1465 1516//1462
f 279//277 248//246 6//6
f 280//278 1512//1458 279//277
f 281//279 1513//1459 280//278
f 12//12 1514//1460 281//279
f 323//321 1517//1463 1514//1460
f 322//320 1520//1466 1517//1463
f 321//319 224//222 1520//1466
f 1520//1466 223//221 1519//1465
f 1519//1465 222//220 1518//1464
f 1518//1464 1//1 246//244
f 1515//1461 246//244 247//245
f 1512//1458 247//245 248//246
f 1521//1467 1525//1471 1524//1470
f 1523//1469 1525//1471 1522//1468
f 1524//1470 1528//1474 1527//1473
f 1526//1472 1528//1474 1525//1471
f 57//57 1521//1467 585//577
f 527//523 1522//1468 1521//1467
f 525//521 1522//1468 526//522
f 37//37 1523//1469 525//521
f 503//501 1526//1472 1523//1469
f 502//500 1529//1475 1526//1472
f 501//499 429//427 1529//1475
f 1529//1475 430//428 1528//1474
f 1527//1473 430//428 431//429
f 587//579 431//429 46//46
f 586//578 1527//1473 587//579
f 585//577 1524//1470 586//578
f 1530//1476 1534//1480 1533//1479
f 1532//1478 1534//1480 1531//1477
f 1533//1479 1537//1483 1536//1482
f 1535//1481 1537//1483 1534//1480
f 89//89 1530//1476 819//791
f 213//211 1531//1477 1530//1476
f 215//213 1531//1477 214//212
f 13//13 1532//1478 215//213
f 291//289 1535//1481 1532//1478
f 292//290 1538//1484 1535//1481
f 293//291 245//243 1538//1484
f 1538//1484 244//242 1537//1483
f 1536//1482 244//242 243//241
f 821//793 243//241 91//91
f 820//792 1536//1482 821//793
f 819//791 1533//1479 820//792
f 1539//1485 1543//1489 1542//1488
f 1541//1487 1543//1489 1540//1486
f 1542//1488 1546//1492 1545//1491
f 1544//1490 1546//1492 1543//1489
f 91//91 1539//1485 816//788
f 243//241 1540//1486 1539//1485
f 245//243 1540//1486 244//242
f 14//14 1541//1487 245//243
f 342//340 1544//1490 1541//1487
f 343//341 1547//1493 1544//1490
f 344//342 227//225 1547//1493
f 1547//1493 226//224 1546//1492
f 1545//1491 226//224 225//223
f 818//790 225//223 90//90
f 817//789 1545//1491 818//790
f 816//788 1542//1488 817//789
f 1548//1494 1552//1498 1551//1497
f 1550//1496 1552//1498 1549//1495
f 1551//1497 1555//1501 1554//1500
f 1553//1499 1555//1501 1552//1498
f 90//90 1548//1494 813//785
f 225//223 1549//1495 1548//1494
f 227//225 1549//1495 226//224
f 15//15 1550//1496 227//225
f 333//331 1553//1499 1550//1496
f 334//332 1556//1502 1553//1499
f 335//333 350//348 1556//1502
f 1556//1502 349//347 1555//1501
f 1554//1500 349//347 348//346
f 815//787 348//346 94//94
f 814//786 1554//1500 815//787
f 813//785 1551//1497 814//786
f 1558//1504 1560//1506 1557//1503
f 1558//1504 1562//1508 1561//1507
f 1561//1507 1563//1509 1560//1506
f 1561//1507 1565//1511 1564//1510
f 348//346 810//782 94//94
f 349//347 1557//1503 348//346
f 349//347 1559//1505 1558//1504
f 350//348 312//310 1559//1505
f 1559//1505 313//311 1562//1508
f 1562//1508 314//312 1565//1511
f 1565//1511 17//17 263//261
f 1564//1510 263//261 262//260
f 1564//1510 261//259 1563//1509
f 1563//1509 92//92 812//784
f 1560//1506 812//784 811//783
f 1557//1503 811//783 810//782
f 1567//1513 1569//1515 1566//1512
f 1567//1513 1571//1517 1570//1516
f 1570//1516 1572//1518 1569//1515
f 1570//1516 1574//1520 1573//1519
f 261//259 807//779 92//92
f 262//260 1566//1512 261//259
f 262//260 1568//1514 1567//1513
f 263//261 351//349 1568//1514
f 1568//1514 352//350 1571//1517
f 1571//1517 353//351 1574//1520
f 1574//1520 18//18 299//297
f 1573//1519 299//297 298//296
f 1573//1519 297//295 1572//1518
f 1572//1518 93//93 809//781
f 1569//1515 809//781 808//780
f 1566//1512 808//780 807//779
f 1576//1522 1578//1524 1575//1521
f 1576//1522 1580//1526 1579//1525
f 1579//1525 1581//1527 1578//1524
f 1579//1525 1583//1529 1582//1528
f 297//295 804//776 93//93
f 298//296 1575//1521 297//295
f 298//296 1577//1523 1576//1522
f 299//297 311//309 1577//1523
f 1577//1523 310//308 1580//1526
f 1580//1526 309//307 1583//1529
f 1583//1529 13//13 215//213
f 1582//1528 215//213 214//212
f 1582//1528 213//211 1581//1527
f 1581//1527 89//89 806//778
f 1578//1524 806//778 805//777
f 1575//1521 805//777 804//776
f 1584//1530 1588//1534 1587//1533
f 1585//1531 1589//1535 1588//1534
f 1587//1533 1591//1537 1590//1536
f 1588//1534 1592//1538 1591//1537
f 97//97 1584//1530 855//827
f 273//271 1585//1531 1584//1530
f 274//272 1586//1532 1585//1531
f 275//273 228//226 1586//1532
f 1586//1532 229//227 1589//1535
f 1589//1535 230//228 1592//1538
f 1592//1538 20//20 242//240
f 1591//1537 242//240 241//239
f 1590//1536 241//239 240//238
f 857//829 240//238 96//96
f 856//828 1590//1536 857//829
f 855//827 1587//1533 856//828
f 1593//1539 1597//1543 1596//1542
f 1594//1540 1598//1544 1597//1543
f 1596//1542 1600//1546 1599//1545
f 1597//1543 1601//1547 1600//1546
f 96//96 1593//1539 852//824
f 240//238 1594//1540 1593//1539
f 241//239 1595//1541 1594//1540
f 242//240 354//352 1595//1541
f 354//352 1598//1544 1595//1541
f 355//353 1601//1547 1598//1544
f 356//354 296//294 1601//1547
f 1600//1546 296//294 295//293
f 1599//1545 295//293 294//292
f 854//826 294//292 98//98
f 853//825 1599//1545 854//826
f 852//824 1596//1542 853//825
f 1602//1548 1606//1552 1605//1551
f 1603//1549 1607//1553 1606//1552
f 1605//1551 1609//1555 1608//1554
f 1606//1552 1610//1556 1609//1555
f 98//98 1602//1548 849//821
f 294//292 1603//1549 1602//1548
f 295//293 1604//1550 1603//1549
f 21//21 1604//1550 296//294
f 276//274 1607//1553 1604//1550
f 277//275 1610//1556 1607//1553
f 278//276 218//216 1610//1556
f 1609//1555 218//216 217//215
f 1608//1554 217//215 216//214
f 851//823 216//214 95//95
f 850//822 1608//1554 851//823
f 849//821 1605//1551 850//822
f 1612//1558 1614//1560 1611//1557
f 1612//1558 1616//1562 1615//1561
f 1615//1561 1617//1563 1614//1560
f 1615//1561 1619//1565 1618//1564
f 216//214 846//818 95//95
f 217//215 1611//1557 216//214
f 217//215 1613//1559 1612//1558
f 218//216 330//328 1613//1559
f 1613//1559 331//329 1616//1562
f 1616//1562 332//330 1619//1565
f 1619//1565 23//23 341//339
f 1618//1564 341//339 340//338
f 1618//1564 339//337 1617//1563
f 1617//1563 100//100 848//820
f 1614//1560 848//820 847//819
f 1611//1557 847//819 846//818
f 1621//1567 1623//1569 1620//1566
f 1622//1568 1624//1570 1621//1567
f 1624//1570 1626//1572 1623//1569
f 1625//1571 1627//1573 1624//1570
f 339//337 843//815 100//100
f 340//338 1620//1566 339//337
f 340//338 1622//1568 1621//1567
f 341//339 318//316 1622//1568
f 1622//1568 319//317 1625//1571
f 1625//1571 320//318 1628//1574
f 320//318 305//303 1628//1574
f 1628//1574 304//302 1627//1573
f 1627//1573 303//301 1626//1572
f 1626//1572 99//99 845//817
f 1623//1569 845//817 844//816
f 1620//1566 844//816 843//815
f 1630//1576 1632//1578 1629//1575
f 1631//1577 1633//1579 1630//1576
f 1633//1579 1635//1581 1632//1578
f 1634//1580 1636//1582 1633//1579
f 303//301 840//812 99//99
f 304//302 1629//1575 303//301
f 305//303 1630//1576 304//302
f 305//303 290//288 1631//1577
f 290//288 1634//1580 1631//1577
f 289//287 1637//1583 1634//1580
f 288//286 275//273 1637//1583
f 1637//1583 274//272 1636//1582
f 1636//1582 273//271 1635//1581
f 1635//1581 97//97 842//814
f 1632//1578 842//814 841//813
f 1629//1575 841//813 840//812
f 1640//1586 1650//1596 1639//1585
f 1642//1588 1640//1586 1641//1587
f 1644//1590 1642//1588 1643//1589
f 1645//1591 1638//1584 1644//1590
f 1647//1593 1638//1584 1646//1592
f 1650//1596 1648//1594 1649//1595
f 428//426 404//402 34//34
f 427//425 1639//1585 428//426
f 404//402 1650//1596 403//401
f 381//379 426//424 33//33
f 381//379 1642//1588 1641//1587
f 1641//1587 427//425 426//424
f 678//668 383//381 28//28
f 679//669 1643//1589 678//668
f 1643//1589 382//380 383//381
f 81//81 1645//1591 680//670
f 681//671 1646//1592 1645//1591
f 680//670 1644//1590 679//669
f 82//82 1647//1593 683//673
f 366//364 1648//1594 1647//1593
f 683//673 1646//1592 682//672
f 402//400 368//366 29//29
f 403//401 1649//1595 402//400
f 1649//1595 367//365 368//366
f 1652//1598 1654//1600 1651//1597
f 1653//1599 1655//1601 1652//1598
f 1655//1601 1657//1603 1654//1600
f 1656//1602 1658//1604 1655//1601
f 272//270 276//274 21//21
f 271//269 1651//1597 272//270
f 270//268 1652//1598 271//269
f 3//3 1653//1599 270//268
f 219//217 1656//1602 1653//1599
f 220//218 1659//1605 1656//1602
f 221//219 264//262 1659//1605
f 1659//1605 265//263 1658//1604
f 1658//1604 266//264 1657//1603
f 1657//1603 22//22 278//276
f 1654//1600 278//276 277//275
f 1651//1597 277//275 276//274
f 1660//1606 1664//1610 1663//1609
f 1661//1607 1665//1611 1664//1610
f 1663//1609 1667//1613 1666//1612
f 1664//1610 1668//1614 1667//1613
f 22//22 1660//1606 330//328
f 266//264 1661//1607 1660//1606
f 265//263 1662//1608 1661//1607
f 264//262 234//232 1662//1608
f 1662//1608 235//233 1665//1611
f 1665//1611 236//234 1668//1614
f 1668//1614 5//5 324//322
f 1667//1613 324//322 325//323
f 1666//1612 325//323 326//324
f 332//330 326//324 23//23
f 331//329 1666//1612 332//330
f 330//328 1663//1609 331//329
f 1669//1615 1673//1619 1672//1618
f 1670//1616 1674//1620 1673//1619
f 1672//1618 1676//1622 1675//1621
f 1673//1619 1677//1623 1676//1622
f 23//23 1669//1615 318//316
f 326//324 1670//1616 1669//1615
f 325//323 1671//1617 1670//1616
f 324//322 252//250 1671//1617
f 1671//1617 253//251 1674//1620
f 1674//1620 254//252 1677//1623
f 1677//1623 6//6 255//253
f 1676//1622 255//253 256//254
f 1675//1621 256//254 257//255
f 320//318 257//255 24//24
f 319//317 1675//1621 320//318
f 318//316 1672//1618 319//317
f 1678//1624 1682//1628 1681//1627
f 1680//1626 1682//1628 1679//1625
f 1681//1627 1685//1631 1684//1630
f 1683//1629 1685//1631 1682//1628
f 70//70 1678//1624 576//568
f 517//515 1678//1624 518//516
f 516//514 1679//1625 517//515
f 31//31 1680//1626 516//514
f 456//454 1683//1629 1680//1626
f 457//455 1686//1632 1683//1629
f 458//456 525//521 1686//1632
f 1686//1632 526//522 1685//1631
f 1684//1630 526//522 527//523
f 578//570 527//523 57//57
f 577//569 1684//1630 578//570
f 576//568 1681//1627 577//569
f 1687//1633 1691//1637 1690//1636
f 1688//1634 1692//1638 1691//1637
f 1690//1636 1694//1640 1693//1639
f 1691//1637 1695//1641 1694//1640
f 79//79 1687//1633 723//713
f 674//664 1688//1634 1687//1633
f 673//663 1689//1635 1688//1634
f 672//662 375//373 1689//1635
f 1689//1635 376//374 1692//1638
f 1692//1638 377//375 1695//1641
f 1695//1641 30//30 684//674
f 1694//1640 684//674 685//675
f 1693//1639 685//675 686//676
f 725//715 686//676 83//83
f 724//714 1693//1639 725//715
f 723//713 1690//1636 724//714
f 1697//1643 1699//1645 1696//1642
f 1698//1644 1700//1646 1697//1643
f 1699//1645 1703//1649 1702//1648
f 1700//1646 1704//1650 1703//1649
f 680//670 717//707 81//81
f 679//669 1696//1642 680//670
f 678//668 1697//1643 679//669
f 28//28 1698//1644 678//668
f 365//363 1701//1647 1698//1644
f 1701//1647 363//361 1704//1650
f 1704//1650 27//27 672//662
f 1703//1649 672//662 673//663
f 1702//1648 673//663 674//664
f 719//709 674//664 79//79
f 718//708 1702//1648 719//709
f 1696//1642 718//708 717//707
f 1706//1652 1708//1654 1705//1651
f 1707//1653 1709//1655 1706//1652
f 1709//1655 1711//1657 1708//1654
f 1710//1656 1712//1658 1709//1655
f 33//33 1705//1651 381//379
f 421//419 1705//1651 422//420
f 420//418 1706//1652 421//419
f 35//35 1707//1653 420//418
f 387//385 1710//1656 1707//1653
f 388//386 1713//1659 1710//1656
f 389//387 363//361 1713//1659
f 1713//1659 364//362 1712//1658
f 1712//1658 365//363 1711//1657
f 1711//1657 28//28 383//381
f 1708//1654 383//381 382//380
f 1705//1651 382//380 381//379
f 1715//1661 1717//1663 1714//1660
f 1716//1662 1718//1664 1715//1661
f 1718//1664 1720//1666 1717//1663
f 1719//1665 1721//1667 1718//1664
f 419//417 387//385 35//35
f 418//416 1714//1660 419//417
f 417//415 1715//1661 418//416
f 32//32 1716//1662 417//415
f 398//396 1719//1665 1716//1662
f 397//395 1722//1668 1719//1665
f 396//394 377//375 1722//1668
f 1722//1668 376//374 1721//1667
f 1721//1667 375//373 1720//1666
f 1720//1666 27//27 389//387
f 1717//1663 389//387 388//386
f 1714//1660 388//386 387//385
f 1723//1669 1727//1673 1726//1672
f 1724//1670 1728//1674 1727//1673
f 1726//1672 1730//1676 1729//1675
f 1727//1673 1731//1677 1730//1676
f 36//36 1723//1669 410//408
f 416//414 1724//1670 1723//1669
f 415//413 1725//1671 1724//1670
f 34//34 1725//1671 414//412
f 1725//1671 403//401 1728//1674
f 1728//1674 402//400 1731//1677
f 1731//1677 29//29 371//369
f 1730//1676 371//369 370//368
f 1729//1675 370//368 369//367
f 408//406 369//367 25//25
f 409//407 1729//1675 408//406
f 410//408 1726//1672 409//407
f 1732//1678 1736//1682 1735//1681
f 1733//1679 1737//1683 1736//1682
f 1735//1681 1739//1685 1738//1684
f 1736//1682 1740//1686 1739//1685
f 31//31 1732//1678 237//235
f 413//411 1733//1679 1732//1678
f 412//410 1734//1680 1733//1679
f 411//409 410//408 1734//1680
f 1734//1680 409//407 1737//1683
f 1737//1683 408//406 1740//1686
f 1740//1686 25//25 357//355
f 1739//1685 357//355 358//356
f 1738//1684 358//356 359//357
f 239//237 359//357 26//26
f 238//236 1738//1684 239//237
f 237//235 1735//1681 238//236
f 1741//1687 1745//1691 1744//1690
f 1743//1689 1745//1691 1742//1688
f 1744//1690 1748//1694 1747//1693
f 1746//1692 1748//1694 1745//1691
f 40//40 1741//1687 582//574
f 449//447 1742//1688 1741//1687
f 447//445 1742//1688 448//446
f 72//72 1743//1689 447//445
f 540//536 1746//1692 1743//1689
f 541//537 1749//1695 1746//1692
f 542//538 438//436 1749//1695
f 1749//1695 439//437 1748//1694
f 1747//1693 439//437 440//438
f 584//576 440//438 49//49
f 583//575 1747//1693 584//576
f 582//574 1744//1690 583//575
f 1751//1697 1753//1699 1750//1696
f 1751//1697 1755//1701 1754//1700
f 1753//1699 1757//1703 1756//1702
f 1754//1700 1758//1704 1757//1703
f 230//228 393//391 20//20
f 229//227 1750//1696 230//228
f 228//226 1751//1697 229//227
f 19//19 1752//1698 228//226
f 1752//1698 391//389 1755//1701
f 1755//1701 390//388 1758//1704
f 1758//1704 36//36 411//409
f 1757//1703 411//409 412//410
f 1756//1702 412//410 413//411
f 395//393 413//411 31//31
f 394//392 1756//1702 395//393
f 1750//1696 394//392 393//391
f 1759//1705 1763//1709 1762//1708
f 1761//1707 1763//1709 1760//1706
f 1762//1708 1766//1712 1765//1711
f 1764//1710 1766//1712 1763//1709
f 19//19 1759//1705 392//390
f 288//286 1760//1706 1759//1705
f 289//287 1761//1707 1760//1706
f 24//24 1761//1707 290//288
f 386//384 1764//1710 1761//1707
f 385//383 1767//1713 1764//1710
f 384//382 414//412 1767//1713
f 1766//1712 414//412 415//413
f 1765//1711 415//413 416//414
f 390//388 416//414 36//36
f 391//389 1765//1711 390//388
f 392//390 1762//1708 391//389
f 1769//1715 1771//1717 1768//1714
f 1770//1716 1772//1718 1769//1715
f 1772//1718 1774//1720 1771//1717
f 1773//1719 1775//1721 1772//1718
f 345//343 405//403 1//1
f 346//344 1768//1714 345//343
f 347//345 1769//1715 346//344
f 2//2 1770//1716 347//345
f 380//378 1773//1719 1770//1716
f 379//377 1776//1722 1773//1719
f 378//376 417//415 1776//1722
f 1776//1722 418//416 1775//1721
f 1775//1721 419//417 1774//1720
f 1774//1720 35//35 407//405
f 1771//1717 407//405 406//404
f 1768//1714 406//404 405//403
f 1777//1723 1781//1727 1780//1726
f 1778//1724 1782//1728 1781//1727
f 1780//1726 1784//1730 1783//1729
f 1781//1727 1785//1731 1784//1730
f 6//6 1777//1723 399//397
f 248//246 1778//1724 1777//1723
f 247//245 1779//1725 1778//1724
f 246//244 405//403 1779//1725
f 1779//1725 406//404 1782//1728
f 406//404 1785//1731 1782//1728
f 407//405 420//418 1785//1731
f 1785//1731 421//419 1784//1730
f 1784//1730 422//420 1783//1729
f 401//399 422//420 33//33
f 400//398 1783//1729 401//399
f 399//397 1780//1726 400//398
f 1787//1733 1789//1735 1786//1732
f 1788//1734 1790//1736 1787//1733
f 1790//1736 1792//1738 1789//1735
f 1791//1737 1793//1739 1790//1736
f 327//325 570//562 52//52
f 328//326 1786//1732 327//325
f 329//327 1787//1733 328//326
f 20//20 1788//1734 329//327
f 393//391 1791//1737 1788//1734
f 1791//1737 395//393 1794//1740
f 395//393 516//514 1794//1740
f 1794//1740 517//515 1793//1739
f 1793//1739 518//516 1792//1738
f 1792//1738 70//70 572//564
f 1789//1735 572//564 571//563
f 1786//1732 571//563 570//562
f 1796//1742 1798//1744 1795//1741
f 1796//1742 1800//1746 1799//1745
f 1799//1745 1801//1747 1798//1744
f 1799//1745 1803//1749 1802//1748
f 257//255 386//384 24//24
f 256//254 1795//1741 257//255
f 256//254 1797//1743 1796//1742
f 255//253 399//397 1797//1743
f 1797//1743 400//398 1800//1746
f 1800//1746 401//399 1803//1749
f 1803//1749 33//33 426//424
f 1802//1748 426//424 427//425
f 1802//1748 428//426 1801//1747
f 1801//1747 34//34 384//382
f 1798//1744 384//382 385//383
f 1795//1741 385//383 386//384
f 1804//1750 1808//1754 1807//1753
f 1805//1751 1809//1755 1808//1754
f 1807//1753 1811//1757 1810//1756
f 1808//1754 1812//1758 1811//1757
f 77//77 1804//1750 560//552
f 647//637 1805//1751 1804//1750
f 646//636 1806//1752 1805//1751
f 645//635 489//487 1806//1752
f 1806//1752 490//488 1809//1755
f 1809//1755 491//489 1812//1758
f 1812//1758 47//47 782//772
f 1811//1757 782//772 781//771
f 1810//1756 781//771 780//770
f 558//550 780//770 43//43
f 559//551 1810//1756 558//550
f 560//552 1807//1753 559//551
f 1814//1760 1816//1762 1813//1759
f 1814//1760 1818//1764 1817//1763
f 1817//1763 1819//1765 1816//1762
f 1817//1763 1821//1767 1820//1766
f 695//685 474//472 86//86
f 694//684 1813//1759 695//685
f 694//684 1815//1761 1814//1760
f 693//683 480//478 1815//1761
f 1815//1761 481//479 1818//1764
f 1818//1764 482//480 1821//1767
f 1821//1767 50//50 504//502
f 1820//1766 504//502 505//503
f 1820//1766 506//504 1819//1765
f 1819//1765 45//45 476//474
f 1816//1762 476//474 475//473
f 1813//1759 475//473 474//472
f 1823//1769 1825//1771 1822//1768
f 1824//1770 1826//1772 1823//1769
f 1826//1772 1828//1774 1825//1771
f 1827//1773 1829//1775 1826//1772
f 237//235 456//454 31//31
f 238//236 1822//1768 237//235
f 239//237 1823//1769 238//236
f 26//26 1824//1770 239//237
f 462//460 1827//1773 1824//1770
f 463//461 1830//1776 1827//1773
f 464//462 434//432 1830//1776
f 1830//1776 433//431 1829//1775
f 1829//1775 432//430 1828//1774
f 1828//1774 37//37 458//456
f 1825//1771 458//456 457//455
f 1822//1768 457//455 456//454
f 1831//1777 1835//1781 1834//1780
f 1832//1778 1836//1782 1835//1781
f 1834//1780 1838//1784 1837//1783
f 1835//1781 1839//1785 1838//1784
f 83//83 1831//1777 711//701
f 686//676 1832//1778 1831//1777
f 685//675 1833//1779 1832//1778
f 684//674 465//463 1833//1779
f 1833//1779 466//464 1836//1782
f 1836//1782 467//465 1839//1785
f 1839//1785 39//39 690//680
f 1838//1784 690//680 691//681
f 1837//1783 691//681 692//682
f 713//703 692//682 85//85
f 712//702 1837//1783 713//703
f 711//701 1834//1780 712//702
f 1841//1787 1843//1789 1840//1786
f 1842//1788 1844//1790 1841//1787
f 1844//1790 1846//1792 1843//1789
f 1845//1791 1847//1793 1844//1790
f 432//430 503//501 37//37
f 433//431 1840//1786 432//430
f 434//432 1841//1787 433//431
f 38//38 1842//1788 434//432
f 507//505 1845//1791 1842//1788
f 508//506 1848//1794 1845//1791
f 509//507 441//439 1848//1794
f 1848//1794 442//440 1847//1793
f 1847//1793 443//441 1846//1792
f 1846//1792 59//59 501//499
f 1843//1789 501//499 502//500
f 1840//1786 502//500 503//501
f 1849//1795 1853//1799 1852//1798
f 1850//1796 1854//1800 1853//1799
f 1852//1798 1856//1802 1855//1801
f 1853//1799 1857//1803 1856//1802
f 30//30 1849//1795 465//463
f 396//394 1850//1796 1849//1795
f 397//395 1851//1797 1850//1796
f 398//396 461//459 1851//1797
f 1851//1797 460//458 1854//1800
f 1854//1800 459//457 1857//1803
f 1857//1803 40//40 446//444
f 1856//1802 446//444 445//443
f 1855//1801 445//443 444//442
f 467//465 444//442 39//39
f 466//464 1855//1801 467//465
f 465//463 1852//1798 466//464
f 1859//1805 1861//1807 1858//1804
f 1860//1806 1862//1808 1859//1805
f 1862//1808 1864//1810 1861//1807
f 1863//1809 1865//1811 1862//1808
f 533//529 666//656 65//65
f 532//528 1858//1804 533//529
f 531//527 1859//1805 532//528
f 55//55 1860//1806 531//527
f 450//448 1863//1809 1860//1806
f 451//449 1866//1812 1863//1809
f 452//450 591//583 1866//1812
f 1866//1812 592//584 1865//1811
f 1865//1811 593//585 1864//1810
f 1864//1810 67//67 668//658
f 1861//1807 668//658 667//657
f 1858//1804 667//657 666//656
f 1868//1814 1870//1816 1867//1813
f 1869//1815 1871//1817 1868//1814
f 1871//1817 1873//1819 1870//1816
f 1872//1818 1874//1820 1871//1817
f 650//640 596//588 75//75
f 649//639 1867//1813 650//640
f 648//638 1868//1814 649//639
f 76//76 1869//1815 648//638
f 498//496 1872//1818 1869//1815
f 499//497 1875//1821 1872//1818
f 500//498 785//775 1875//1821
f 1875//1821 784//774 1874//1820
f 1874//1820 783//773 1873//1819
f 1873//1819 41//41 594//586
f 1870//1816 594//586 595//587
f 1867//1813 595//587 596//588
f 1877//1823 1879//1825 1876//1822
f 1878//1824 1880//1826 1877//1823
f 1880//1826 1882//1828 1879//1825
f 1881//1827 1883//1829 1880//1826
f 437//435 507//505 38//38
f 436//434 1876//1822 437//435
f 435//433 1877//1823 436//434
f 86//86 1878//1824 435//433
f 474//472 1881//1827 1878//1824
f 475//473 1884//1830 1881//1827
f 476//474 528//524 1884//1830
f 1884//1830 529//525 1883//1829
f 1883//1829 530//526 1882//1828
f 1882//1828 56//56 509//507
f 1879//1825 509//507 508//506
f 1876//1822 508//506 507//505
f 1885//1831 1889//1835 1888//1834
f 1887//1833 1889//1835 1886//1832
f 1888//1834 1892//1838 1891//1837
f 1890//1836 1892//1838 1889//1835
f 67//67 1885//1831 546//542
f 656//646 1886//1832 1885//1831
f 654//644 1886//1832 655//645
f 75//75 1887//1833 654//644
f 596//588 1890//1836 1887//1833
f 595//587 1893//1839 1890//1836
f 594//586 537//533 1893//1839
f 1893//1839 538//534 1892//1838
f 1891//1837 538//534 539//535
f 548//544 539//535 61//61
f 547//543 1891//1837 548//544
f 546//542 1888//1834 547//543
f 1894//1840 1898//1844 1897//1843
f 1895//1841 1899//1845 1898//1844
f 1897//1843 1901//1847 1900//1846
f 1898//1844 1902//1848 1901//1847
f 85//85 1894//1840 480//478
f 692//682 1895//1841 1894//1840
f 691//681 1896//1842 1895//1841
f 690//680 494//492 1896//1842
f 1896//1842 493//491 1899//1845
f 1899//1845 492//490 1902//1848
f 1902//1848 60//60 486//484
f 1901//1847 486//484 487//485
f 1900//1846 487//485 488//486
f 482//480 488//486 50//50
f 481//479 1900//1846 482//480
f 480//478 1897//1843 481//479
f 1903//1849 1907//1853 1906//1852
f 1904//1850 1908//1854 1907//1853
f 1906//1852 1910//1856 1909//1855
f 1907//1853 1911//1857 1910//1856
f 63//63 1903//1849 705//695
f 653//643 1904//1850 1903//1849
f 652//642 1905//1851 1904//1850
f 651//641 560//552 1905//1851
f 1905//1851 559//551 1908//1854
f 1908//1854 558//550 1911//1857
f 1911//1857 43//43 696//686
f 1910//1856 696//686 697//687
f 1909//1855 697//687 698//688
f 707//697 698//688 87//87
f 706//696 1909//1855 707//697
f 705//695 1906//1852 706//696
f 1912//1858 1916//1862 1915//1861
f 1914//1860 1916//1862 1913//1859
f 1915//1861 1919//1865 1918//1864
f 1917//1863 1919//1865 1916//1862
f 78//78 1912//1858 489//487
f 659//649 1913//1859 1912//1858
f 657//647 1913//1859 658//648
f 68//68 1914//1860 657//647
f 543//539 1917//1863 1914//1860
f 544//540 1920//1866 1917//1863
f 545//541 477//475 1920//1866
f 1920//1866 478//476 1919//1865
f 1918//1864 478//476 479//477
f 491//489 479//477 47//47
f 490//488 1918//1864 491//489
f 489//487 1915//1861 490//488
f 1922//1868 1924//1870 1921//1867
f 1922//1868 1926//1872 1925//1871
f 1924//1870 1928//1874 1927//1873
f 1926//1872 1928//1874 1925//1871
f 557//549 609//599 66//66
f 556//548 1921//1867 557//549
f 556//548 1923//1869 1922//1868
f 555//547 639//629 1923//1869
f 1923//1869 640//630 1926//1872
f 640//630 1929//1875 1926//1872
f 641//631 636//626 1929//1875
f 1929//1875 637//627 1928//1874
f 1927//1873 637//627 638//628
f 611//601 638//628 62//62
f 610//600 1927//1873 611//601
f 1921//1867 610//600 609//599
f 1931//1877 1933//1879 1930//1876
f 1931//1877 1935//1881 1934//1880
f 1934//1880 1936//1882 1933//1879
f 1934//1880 1938//1884 1937//1883
f 521//519 471//469 58//58
f 520//518 1930//1876 521//519
f 520//518 1932//1878 1931//1877
f 519//517 534//530 1932//1878
f 1932//1878 535//531 1935//1881
f 1935//1881 536//532 1938//1884
f 1938//1884 55//55 453//451
f 1937//1883 453//451 454//452
f 1937//1883 455//453 1936//1882
f 1936//1882 44//44 473//471
f 1933//1879 473//471 472//470
f 1930//1876 472//470 471//469
f 1939//1885 1943//1889 1942//1888
f 1941//1887 1943//1889 1940//1886
f 1942//1888 1946//1892 1945//1891
f 1944//1890 1946//1892 1943//1889
f 46//46 1939//1885 591//583
f 431//429 1940//1886 1939//1885
f 429//427 1940//1886 430//428
f 59//59 1941//1887 429//427
f 566//558 1944//1890 1941//1887
f 565//557 1947//1893 1944//1890
f 564//556 654//644 1947//1893
f 1947//1893 655//645 1946//1892
f 1945//1891 655//645 656//646
f 593//585 656//646 67//67
f 592//584 1945//1891 593//585
f 591//583 1942//1888 592//584
f 1948//1894 1952//1898 1951//1897
f 1949//1895 1953//1899 1952//1898
f 1951//1897 1955//1901 1954//1900
f 1952//1898 1956//1902 1955//1901
f 39//39 1948//1894 494//492
f 444//442 1949//1895 1948//1894
f 445//443 1950//1896 1949//1895
f 446//444 582//574 1950//1896
f 1950//1896 583//575 1953//1899
f 1953//1899 584//576 1956//1902
f 1956//1902 49//49 495//493
f 1955//1901 495//493 496//494
f 1954//1900 496//494 497//495
f 492//490 497//495 60//60
f 493//491 1954//1900 492//490
f 494//492 1951//1897 493//491
f 1958//1904 1960//1906 1957//1903
f 1959//1905 1961//1907 1958//1904
f 1961//1907 1963//1909 1960//1906
f 1962//1908 1964//1910 1961//1907
f 69//69 1957//1903 644//634
f 641//631 1958//1904 1957//1903
f 639//629 1958//1904 640//630
f 65//65 1959//1905 639//629
f 666//656 1962//1908 1959//1905
f 667//657 1965//1911 1962//1908
f 668//658 546//542 1965//1911
f 1965//1911 547//543 1964//1910
f 1964//1910 548//544 1963//1909
f 1963//1909 61//61 642//632
f 643//633 1963//1909 642//632
f 644//634 1960//1906 643//633
f 1967//1913 1969//1915 1966//1912
f 1968//1914 1970//1916 1967//1913
f 1969//1915 1973//1919 1972//1918
f 1970//1916 1974//1920 1973//1919
f 569//561 515//513 71//71
f 568//560 1966//1912 569//561
f 567//559 1967//1913 568//560
f 51//51 1968//1914 567//559
f 579//571 1971//1917 1968//1914
f 1971//1917 581//573 1974//1920
f 1974//1920 52//52 570//562
f 1973//1919 570//562 571//563
f 1972//1918 571//563 572//564
f 513//511 572//564 70//70
f 514//512 1972//1918 513//511
f 1966//1912 514//512 515//513
f 1976//1922 1978//1924 1975//1921
f 1976//1922 1980//1926 1979//1925
f 1978//1924 1982//1928 1981//1927
f 1979//1925 1983//1929 1982//1928
f 510//508 380//378 2//2
f 510//508 1976//1922 1975//1921
f 511//509 1977//1923 1976//1922
f 512//510 567//559 1977//1923
f 1977//1923 568//560 1980//1926
f 1980//1926 569//561 1983//1929
f 1983//1929 71//71 423//421
f 1982//1928 423//421 424//422
f 1981//1927 424//422 425//423
f 378//376 425//423 32//32
f 1978//1924 378//376 379//377
f 1975//1921 379//377 380//378
f 1984//1930 1988//1934 1987//1933
f 1986//1932 1988//1934 1985//1931
f 1987//1933 1991//1937 1990//1936
f 1989//1935 1991//1937 1988//1934
f 49//49 1984//1930 561//553
f 440//438 1985//1931 1984//1930
f 438//436 1985//1931 439//437
f 48//48 1986//1932 438//436
f 588//580 1989//1935 1986//1932
f 589//581 1992//1938 1989//1935
f 590//582 657//647 1992//1938
f 1992//1938 658//648 1991//1937
f 1990//1936 658//648 659//649
f 563//555 659//649 78//78
f 562//554 1990//1936 563//555
f 561//553 1987//1933 562//554
f 1993//1939 1997//1943 1996//1942
f 1995//1941 1997//1943 1994//1940
f 1996//1942 2000//1946 1999//1945
f 1998//1944 2000//1946 1997//1943
f 32//32 1993//1939 461//459
f 425//423 1994//1940 1993//1939
f 424//422 1995//1941 1994//1940
f 71//71 1995//1941 423//421
f 573//565 1998//1944 1995//1941
f 574//566 2001//1947 1998//1944
f 575//567 447//445 2001//1947
f 2001//1947 448//446 2000//1946
f 1999//1945 448//446 449//447
f 459//457 449//447 40//40
f 460//458 1999//1945 459//457
f 461//459 1996//1942 460//458
f 2002//1948 2006//1952 2005//1951
f 2003//1949 2007//1953 2006//1952
f 2005//1951 2009//1955 2008//1954
f 2006//1952 2010//1956 2009//1955
f 58//58 2002//1948 626//616
f 471//469 2003//1949 2002//1948
f 472//470 2004//1950 2003//1949
f 473//471 483//481 2004//1950
f 2004//1950 484//482 2007//1953
f 2007//1953 485//483 2010//1956
f 2010//1956 48//48 542//538
f 2009//1955 542//538 541//537
f 2008//1954 541//537 540//536
f 624//614 540//536 72//72
f 625//615 2008//1954 624//614
f 626//616 2005//1951 625//615
f 2013//1959 2023//1969 2012//1958
f 2014//1960 2011//1957 2013//1959
f 2016//1962 2011//1957 2015//1961
f 2019//1965 2017//1963 2018//1964
f 2020//1966 2011//1957 2019//1965
f 2022//1968 2011//1957 2021//1967
f 602//592 696//686 43//43
f 601//591 2012//1958 602//592
f 2012//1958 697//687 696//686
f 62//62 2014//1960 600//590
f 638//628 2015//1961 2014//1960
f 600//590 2013//1959 601//591
f 69//69 2016//1962 636//626
f 632//622 2017//1963 2016//1962
f 636//626 2015//1961 637//627
f 470//468 630//620 42//42
f 469//467 2018//1964 470//468
f 2018//1964 631//621 630//620
f 88//88 2020//1966 468//466
f 701//691 2021//1967 2020//1966
f 468//466 2019//1965 469//467
f 87//87 2022//1968 699//689
f 698//688 2023//1969 2022//1968
f 699//689 2021//1967 700//690
f 2026//1972 2036//1982 2025//1971
f 2027//1973 2024//1970 2026//1972
f 2029//1975 2024//1970 2028//1974
f 2032//1978 2030//1976 2031//1977
f 2034//1980 2032//1978 2033//1979
f 2035//1981 2024//1970 2034//1980
f 329//327 354//352 20//20
f 328//326 2025//1971 329//327
f 2025//1971 355//353 354//352
f 52//52 2027//1973 327//325
f 580//572 2027//1973 581//573
f 327//325 2026//1972 328//326
f 51//51 2029//1975 579//571
f 512//510 2030//1976 2029//1975
f 2029//1975 580//572 579//571
f 282//280 510//508 2//2
f 283//281 2031//1977 282//280
f 2031//1977 511//509 510//508
f 270//268 284//282 3//3
f 271//269 2033//1979 270//268
f 284//282 2032//1978 283//281
f 21//21 2035//1981 272//270
f 356//354 2036//1982 2035//1981
f 272//270 2034//1980 271//269
f 2038//1984 2040//1986 2037//1983
f 2038//1984 2042//1988 2041//1987
f 2041//1987 2043//1989 2040//1986
f 2041//1987 2045//1991 2044//1990
f 54//54 2037//1983 612//602
f 608//598 2038//1984 2037//1983
f 606//596 2038//1984 607//597
f 53//53 2039//1985 606//596
f 2039//1985 616//606 2042//1988
f 2042//1988 617//607 2045//1991
f 2045//1991 74//74 519//517
f 2044//1990 519//517 520//518
f 2044//1990 521//519 2043//1989
f 2043//1989 58//58 614//604
f 2040//1986 614//604 613//603
f 2037//1983 613//603 612//602
f 2047//1993 2049//1992 2046//1992
f 2048//1994 2050//1993 2047//1993
f 2050//1993 2052//1992 2049//1992
f 2050//1993 2054//1994 2053//1993
f 59//59 2046//1992 566//558
f 443//441 2047//1993 2046//1992
f 442//440 2048//1994 2047//1993
f 441//439 522//520 2048//1994
f 522//520 2051//1994 2048//1994
f 523//520 2054//1994 2051//1994
f 2054//1994 76//76 648//638
f 2053//1993 648//638 649//639
f 2053//1993 650//640 2052//1992
f 2052//1992 75//75 564//556
f 565//557 2052//1992 564//556
f 566//558 2049//1992 565//557
f 2056//1996 2058//1998 2055//1995
f 2057//1997 2059//1999 2056//1996
f 2059//1999 2061//2001 2058//1998
f 2060//2000 2062//2002 2059//1999
f 47//47 2055//1995 782//772
f 479//477 2056//1996 2055//1995
f 477//475 2056//1996 478//476
f 73//73 2057//1997 477//475
f 629//619 2060//2000 2057//1997
f 628//618 2063//2003 2060//2000
f 627//617 600//590 2063//2003
f 2063//2003 601//591 2062//2002
f 2062//2002 602//592 2061//2001
f 2061//2001 43//43 780//770
f 2058//1998 780//770 781//771
f 2055//1995 781//771 782//772
f 2064//2004 2068//2005 2067//2004
f 2065//2005 2069//2006 2068//2005
f 2068//2005 2070//2004 2067//2004
f 2068//2005 2072//2006 2071//2007
f 497//495 554//546 60//60
f 496//494 2064//2004 497//495
f 495//493 2065//2005 496//494
f 49//49 2066//2006 495//493
f 561//553 2069//2006 2066//2006
f 562//554 2072//2006 2069//2006
f 2072//2006 78//78 645//635
f 2072//2006 646//636 2071//2007
f 2071//2007 647//637 2070//2004
f 2070//2004 77//77 552//546
f 553//546 2070//2004 552//546
f 554//546 2067//2004 553//546
f 2074//2009 2076//2011 2073//2008
f 2075//2010 2077//2012 2074//2009
f 2077//2012 2079//2014 2076//2011
f 2078//2013 2080//2015 2077//2012
f 644//634 632//622 69//69
f 643//633 2073//2008 644//634
f 642//632 2074//2009 643//633
f 61//61 2075//2010 642//632
f 539//535 2078//2013 2075//2010
f 2078//2013 537//533 2081//2016
f 2081//2016 41//41 783//773
f 2081//2016 784//774 2080//2015
f 2080//2015 785//775 2079//2014
f 2079//2014 42//42 630//620
f 2076//2011 630//620 631//621
f 2073//2008 631//621 632//622
f 2083//2018 2085//2020 2082//2017
f 2083//2018 2087//2022 2086//2021
f 2086//2021 2088//2023 2085//2020
f 2086//2021 2090//2025 2089//2024
f 606//596 620//610 53//53
f 607//597 2082//2017 606//596
f 607//597 2084//2019 2083//2018
f 608//598 621//611 2084//2019
f 2084//2019 622//612 2087//2022
f 2087//2022 623//613 2090//2025
f 2090//2025 71//71 515//513
f 2089//2024 515//513 514//512
f 2089//2024 513//511 2088//2023
f 2088//2023 70//70 618//608
f 2085//2020 618//608 619//609
f 2082//2017 619//609 620//610
f 2091//2026 2095//2030 2094//2029
f 2092//2027 2096//2031 2095//2030
f 2094//2029 2098//2033 2097//2032
f 2095//2030 2099//2034 2098//2033
f 66//66 2091//2026 663//653
f 609//599 2092//2027 2091//2026
f 611//601 2092//2027 610//600
f 62//62 2093//2028 611//601
f 627//617 2096//2031 2093//2028
f 628//618 2099//2034 2096//2031
f 2099//2034 73//73 545//541
f 2098//2033 545//541 544//540
f 2097//2032 544//540 543//539
f 665//655 543//539 68//68
f 664//654 2097//2032 665//655
f 663//653 2094//2029 664//654
f 2101//2036 2103//2038 2100//2035
f 2102//2037 2104//2039 2101//2036
f 2104//2039 2106//2041 2103//2038
f 2105//2040 2107//2042 2104//2039
f 536//532 450//448 55//55
f 535//531 2100//2035 536//532
f 534//530 2101//2036 535//531
f 74//74 2102//2037 534//530
f 633//623 2105//2040 2102//2037
f 634//624 2108//2043 2105//2040
f 635//625 585//577 2108//2043
f 2108//2043 586//578 2107//2042
f 2107//2042 587//579 2106//2041
f 2106//2041 46//46 452//450
f 2103//2038 452//450 451//449
f 2100//2035 451//449 450//448
f 2109//2044 2113//2048 2112//2047
f 2110//2045 2114//2049 2113//2048
f 2112//2047 2116//2051 2115//2050
f 2113//2048 2117//2052 2116//2051
f 54//54 2109//2044 621//611
f 612//602 2110//2045 2109//2044
f 613//603 2111//2046 2110//2045
f 614//604 626//616 2111//2046
f 2111//2046 625//615 2114//2049
f 2114//2049 624//614 2117//2052
f 2117//2052 72//72 575//567
f 2116//2051 575//567 574//566
f 2115//2050 574//566 573//565
f 623//613 573//565 71//71
f 622//612 2115//2050 623//613
f 621//611 2112//2047 622//612
f 2119//2054 2121//2056 2118//2053
f 2120//2055 2122//2057 2119//2054
f 2122//2057 2124//2059 2121//2056
f 2123//2058 2125//2060 2122//2057
f 617//607 633//623 74//74
f 616//606 2118//2053 617//607
f 615//605 2119//2054 616//606
f 53//53 2120//2055 615//605
f 620//610 2123//2058 2120//2055
f 619//609 2126//2061 2123//2058
f 618//608 576//568 2126//2061
f 2126//2061 577//569 2125//2060
f 2125//2060 578//570 2124//2059
f 2124//2059 57//57 635//625
f 2121//2056 635//625 634//624
f 2118//2053 634//624 633//623
f 2128//2063 2130//2062 2127//2062
f 2128//2063 2132//2064 2131//2063
f 2131//2063 2133//2062 2130//2062
f 2131//2063 2135//2064 2134//2063
f 488//486 549//545 50//50
f 487//485 2127//2062 488//486
f 486//484 2128//2063 487//485
f 60//60 2129//2064 486//484
f 554//546 2132//2064 2129//2064
f 553//546 2135//2064 2132//2064
f 552//546 651//641 2135//2064
f 2135//2064 652//642 2134//2063
f 2134//2063 653//643 2133//2062
f 2133//2062 63//63 551//545
f 550//545 2133//2062 551//545
f 549//545 2130//2062 550//545
f 2137//2066 2139//2065 2136//2065
f 2137//2066 2141//2067 2140//2066
f 2140//2066 2142//2065 2139//2065
f 2140//2066 2144//2067 2143//2066
f 506//504 597//589 45//45
f 505//503 2136//2065 506//504
f 505//503 2138//2067 2137//2066
f 50//50 2138//2067 504//502
f 549//545 2141//2067 2138//2067
f 550//545 2144//2067 2141//2067
f 551//545 669//659 2144//2067
f 2143//2066 669//659 670//660
f 2143//2066 671//661 2142//2065
f 2142//2065 64//64 599//589
f 2139//2065 599//589 598//589
f 597//589 2139//2065 598//589
f 2146//2069 2148//2068 2145//2068
f 2146//2069 2150//2070 2149//2069
f 2149//2069 2151//2068 2148//2068
f 2149//2069 2153//2070 2152//2069
f 56//56 2145//2068 522//520
f 529//525 2145//2068 530//526
f 529//525 2147//2070 2146//2069
f 528//524 597//589 2147//2070
f 597//589 2150//2070 2147//2070
f 598//589 2153//2070 2150//2070
f 599//589 660//650 2153//2070
f 2152//2069 660//650 661//651
f 2152//2069 662//652 2151//2068
f 524//520 662//652 76//76
f 523//520 2151//2068 524//520
f 2145//2068 523//520 522//520
f 2155//2072 2157//2074 2154//2071
f 2155//2072 2159//2076 2158//2075
f 2158//2075 2160//2077 2157//2074
f 2158//2075 2162//2079 2161//2078
f 455//453 603//593 44//44
f 454//452 2154//2071 455//453
f 454//452 2156//2073 2155//2072
f 453//451 531//527 2156//2073
f 2156//2073 532//528 2159//2076
f 2159//2076 533//529 2162//2079
f 2162//2079 65//65 555//547
f 2161//2078 555//547 556//548
f 2161//2078 557//549 2160//2077
f 2160//2077 66//66 605//595
f 2157//2074 605//595 604//594
f 2154//2071 604//594 603//593
f 2163//2080 2167//2084 2166//2083
f 2164//2081 2168//2085 2167//2084
f 2166//2083 2170//2087 2169//2086
f 2167//2084 2171//2088 2170//2087
f 44//44 2163//2080 483//481
f 603//593 2164//2081 2163//2080
f 604//594 2165//2082 2164//2081
f 605//595 663//653 2165//2082
f 2165//2082 664//654 2168//2085
f 2168//2085 665//655 2171//2088
f 2171//2088 68//68 590//582
f 2170//2087 590//582 589//581
f 2169//2086 589//581 588//580
f 485//483 588//580 48//48
f 484//482 2169//2086 485//483
f 483//481 2166//2083 484//482
f 2173//2090 2175//2092 2172//2089
f 2174//2091 2176//2093 2173//2090
f 2176//2093 2178//2095 2175//2092
f 2177//2094 2179//2096 2176//2093
f 662//652 498//496 76//76
f 661//651 2172//2089 662//652
f 660//650 2173//2090 661//651
f 64//64 2174//2091 660//650
f 702//692 2177//2094 2174//2091
f 703//693 2180//2097 2177//2094
f 704//694 468//466 2180//2097
f 2180//2097 469//467 2179//2096
f 2179//2096 470//468 2178//2095
f 2178//2095 42//42 500//498
f 2175//2092 500//498 499//497
f 2172//2089 499//497 498//496
f 2182//2099 2184//2101 2181//2098
f 2182//2099 2186//2103 2185//2102
f 2185//2102 2187//2104 2184//2101
f 2185//2102 2189//2106 2188//2105
f 671//661 702//692 64//64
f 670//660 2181//2098 671//661
f 670//660 2183//2100 2182//2099
f 669//659 705//695 2183//2100
f 2183//2100 706//696 2186//2103
f 2186//2103 707//697 2189//2106
f 2189//2106 87//87 699//689
f 2189//2106 700//690 2188//2105
f 2187//2104 700//690 701//691
f 2187//2104 88//88 704//694
f 2184//2101 704//694 703//693
f 2181//2098 703//693 702//692
f 2191//2108 2193//2110 2190//2107
f 2192//2109 2194//2111 2191//2108
f 2194//2111 2196//2113 2193//2110
f 2195//2112 2197//2114 2194//2111
f 374//372 462//460 26//26
f 373//371 2190//2107 374//372
f 372//370 2191//2108 373//371
f 84//84 2192//2109 372//370
f 708//698 2195//2112 2192//2109
f 709//699 2198//2115 2195//2112
f 710//700 435//433 2198//2115
f 2198//2115 436//434 2197//2114
f 2197//2114 437//435 2196//2113
f 2196//2113 38//38 464//462
f 2193//2110 464//462 463//461
f 2190//2107 463//461 462//460
f 2200//2117 2202//2119 2199//2116
f 2200//2117 2204//2121 2203//2120
f 2203//2120 2205//2122 2202//2119
f 2203//2120 2207//2124 2206//2123
f 689//679 708//698 84//84
f 688//678 2199//2116 689//679
f 688//678 2201//2118 2200//2117
f 687//677 711//701 2201//2118
f 2201//2118 712//702 2204//2121
f 2204//2121 713//703 2207//2124
f 2207//2124 85//85 693//683
f 2206//2123 693//683 694//684
f 2206//2123 695//685 2205//2122
f 2205//2122 86//86 710//700
f 2202//2119 710//700 709//699
f 2199//2116 709//699 708//698
f 2208//2125 2212//2129 2211//2128
f 2209//2126 2213//2130 2212//2129
f 2212//2129 2214//2131 2211//2128
f 2213//2130 2215//2132 2212//2129
f 29//29 2208//2125 371//369
f 368//366 2209//2126 2208//2125
f 367//365 2210//2127 2209//2126
f 366//364 714//704 2210//2127
f 2210//2127 715//705 2213//2130
f 715//705 2216//2133 2213//2130
f 716//706 360//358 2216//2133
f 2216//2133 361//359 2215//2132
f 2215//2132 362//360 2214//2131
f 2214//2131 25//25 369//367
f 2211//2128 369//367 370//368
f 371//369 2211//2128 370//368
f 2217//2134 2221//2138 2220//2137
f 2219//2136 2221//2138 2218//2135
f 2221//2138 2223//2140 2220//2137
f 2221//2138 2225//2142 2224//2141
f 82//82 2217//2134 714//704
f 683//673 2218//2135 2217//2134
f 681//671 2218//2135 682//672
f 81//81 2219//2136 681//671
f 717//707 2222//2139 2219//2136
f 2222//2139 719//709 2225//2142
f 2225//2142 79//79 675//665
f 2224//2141 675//665 676//666
f 2224//2141 677//667 2223//2140
f 2223//2140 80//80 716//706
f 2220//2137 716//706 715//705
f 714//704 2220//2137 715//705
f 2227//2144 2229//2146 2226//2143
f 2228//2145 2230//2147 2227//2144
f 2230//2147 2232//2149 2229//2146
f 2231//2148 2233//2150 2230//2147
f 362//360 357//355 25//25
f 361//359 2226//2143 362//360
f 360//358 2227//2144 361//359
f 80//80 2228//2145 360//358
f 720//710 2231//2148 2228//2145
f 721//711 2234//2151 2231//2148
f 722//712 372//370 2234//2151
f 2234//2151 373//371 2233//2150
f 2233//2150 374//372 2232//2149
f 2232//2149 26//26 359//357
f 2229//2146 359//357 358//356
f 2226//2143 358//356 357//355
f 2236//2153 2238//2155 2235//2152
f 2236//2153 2240//2157 2239//2156
f 2239//2156 2241//2158 2238//2155
f 2239//2156 2243//2160 2242//2159
f 677//667 720//710 80//80
f 676//666 2235//2152 677//667
f 676//666 2237//2154 2236//2153
f 675//665 723//713 2237//2154
f 2237//2154 724//714 2240//2157
f 2240//2157 725//715 2243//2160
f 2243//2160 83//83 687//677
f 2242//2159 687//677 688//678
f 2242//2159 689//679 2241//2158
f 2241//2158 84//84 722//712
f 2238//2155 722//712 721//711
f 2235//2152 721//711 720//710
f 2244//2161 2248//2165 2247//2164
f 2245//2162 2249//2166 2248//2165
f 2247//2164 2251//2168 2250//2167
f 2248//2165 2252//2169 2251//2168
f 732//722 323//321 12//12
f 732//722 2245//2162 2244//2161
f 733//723 2246//2163 2245//2162
f 734//724 762//752 2246//2163
f 2246//2163 763//753 2249//2166
f 2249//2166 764//754 2252//2169
f 2252//2169 196//196 737//727
f 2251//2168 737//727 736//726
f 2250//2167 736//726 735//725
f 2250//2167 7//7 321//319
f 2247//2164 321//319 322//320
f 2244//2161 322//320 323//321
f 2253//2170 2257//2174 2256//2173
f 2254//2171 2258//2175 2257//2174
f 2256//2173 2260//2177 2259//2176
f 2257//2174 2261//2178 2260//2177
f 726//716 336//334 11//11
f 726//716 2254//2171 2253//2170
f 727//717 2255//2172 2254//2171
f 728//718 765//755 2255//2172
f 2255//2172 766//756 2258//2175
f 2258//2175 767//757 2261//2178
f 2261//2178 194//194 734//724
f 2260//2177 734//724 733//723
f 2259//2176 733//723 732//722
f 2259//2176 12//12 338//336
f 2256//2173 338//336 337//335
f 2253//2170 337//335 336//334
f 2262//2179 2266//2183 2265//2182
f 2263//2180 2267//2184 2266//2183
f 2265//2182 2269//2186 2268//2185
f 2266//2183 2270//2187 2269//2186
f 741//731 249//247 10//10
f 741//731 2263//2180 2262//2179
f 742//732 2264//2181 2263//2180
f 743//733 768//758 2264//2181
f 2264//2181 769//759 2267//2184
f 2267//2184 770//760 2270//2187
f 2270//2187 191//191 728//718
f 2269//2186 728//718 727//717
f 2268//2185 727//717 726//716
f 2268//2185 11//11 251//249
f 2265//2182 251//249 250//248
f 2262//2179 250//248 249//247
f 2272//2189 2274//2191 2271//2188
f 2273//2190 2275//2192 2272//2189
f 2275//2192 2277//2194 2274//2191
f 2276//2193 2278//2195 2275//2192
f 9//9 2271//2188 300//298
f 739//729 2271//2188 738//728
f 740//730 2272//2189 739//729
f 198//198 2273//2190 740//730
f 771//761 2276//2193 2273//2190
f 772//762 2279//2196 2276//2193
f 773//763 743//733 2279//2196
f 2279//2196 742//732 2278//2195
f 2278//2195 741//731 2277//2194
f 302//300 741//731 10//10
f 301//299 2277//2194 302//300
f 300//298 2274//2191 301//299
f 2281//2198 2283//2200 2280//2197
f 2282//2199 2284//2201 2281//2198
f 2284//2201 2286//2203 2283//2200
f 2285//2202 2287//2204 2284//2201
f 8//8 2280//2197 306//304
f 730//720 2280//2197 729//719
f 731//721 2281//2198 730//720
f 193//193 2282//2199 731//721
f 774//764 2285//2202 2282//2199
f 775//765 2288//2205 2285//2202
f 776//766 740//730 2288//2205
f 2288//2205 739//729 2287//2204
f 2287//2204 738//728 2286//2203
f 308//306 738//728 9//9
f 307//305 2286//2203 308//306
f 306//304 2283//2200 307//305
f 2290//2207 2292//2209 2289//2206
f 2291//2208 2293//2210 2290//2207
f 2293//2210 2295//2212 2292//2209
f 2294//2211 2296//2213 2293//2210
f 7//7 2289//2206 285//283
f 736//726 2289//2206 735//725
f 737//727 2290//2207 736//726
f 196//196 2291//2208 737//727
f 777//767 2294//2211 2291//2208
f 778//768 2297//2214 2294//2211
f 779//769 731//721 2297//2214
f 2297//2214 730//720 2296//2213
f 2296//2213 729//719 2295//2212
f 287//285 729//719 8//8
f 286//284 2295//2212 287//285
f 285//283 2292//2209 286//284
f 2299//734 2301//735 2298//734
f 2300//734 2302//735 2299//734
f 2302//735 2304//736 2301//735
f 2303//735 2305//736 2302//735
f 798//197 744//734 197//197
f 799//197 2298//734 798//197
f 800//197 2299//734 799//197
f 93//93 2300//734 800//197
f 804//776 2303//735 2300//734
f 805//777 2306//736 2303//735
f 806//778 788//189 2306//736
f 2306//736 787//189 2305//736
f 2305//736 786//189 2304//736
f 2304//736 189//189 746//736
f 2301//735 746//736 745//735
f 2298//734 745//735 744//734
f 2308//737 2310//2215 2307//737
f 2309//737 2311//2215 2308//737
f 2311//2215 2313//739 2310//2215
f 2312//2215 2314//739 2311//2215
f 795//195 747//737 195//195
f 796//195 2307//737 795//195
f 797//195 2308//737 796//195
f 92//92 2309//737 797//195
f 807//779 2312//2215 2309//737
f 808//780 2315//739 2312//2215
f 809//781 800//197 2315//739
f 2315//739 799//197 2314//739
f 2314//739 798//197 2313//739
f 2313//739 197//197 749//739
f 2310//2215 749//739 748//738
f 2307//737 748//738 747//737
f 2317//740 2319//741 2316//740
f 2318//740 2320//741 2317//740
f 2320//741 2322//742 2319//741
f 2321//741 2323//742 2320//741
f 801//196 750//740 199//196
f 802//196 2316//740 801//196
f 803//196 2317//740 802//196
f 94//94 2318//740 803//196
f 810//782 2321//741 2318//740
f 811//783 2324//742 2321//741
f 812//784 797//195 2324//742
f 2324//742 796//195 2323//742
f 2323//742 795//195 2322//742
f 2322//742 195//195 752//742
f 2319//741 752//742 751//741
f 2316//740 751//741 750//740
f 2325//743 2329//744 2328//744
f 2326//743 2330//744 2329//744
f 2328//744 2332//745 2331//745
f 2329//744 2333//745 2332//745
f 190//190 2325//743 753//743
f 789//190 2326//743 2325//743
f 790//190 2327//743 2326//743
f 791//190 813//785 2327//743
f 2327//743 814//786 2330//744
f 2330//744 815//787 2333//745
f 2333//745 94//94 803//196
f 2332//745 803//196 802//196
f 2331//745 802//196 801//196
f 755//745 801//196 199//196
f 754//744 2331//745 755//745
f 753//743 2328//744 754//744
f 2334//746 2338//2216 2337//2216
f 2335//746 2339//2216 2338//2216
f 2337//2216 2341//748 2340//748
f 2338//2216 2342//748 2341//748
f 192//192 2334//746 756//746
f 792//192 2335//746 2334//746
f 793//192 2336//746 2335//746
f 794//192 816//788 2336//746
f 2336//746 817//789 2339//2216
f 2339//2216 818//790 2342//748
f 2342//748 90//90 791//190
f 2341//748 791//190 790//190
f 2340//748 790//190 789//190
f 758//748 789//190 190//190
f 757//747 2340//748 758//748
f 756//746 2337//2216 757//747
f 2343//749 2347//750 2346//750
f 2344//749 2348//750 2347//750
f 2346//750 2350//751 2349//751
f 2347//750 2351//751 2350//751
f 189//189 2343//749 759//749
f 786//189 2344//749 2343//749
f 787//189 2345//749 2344//749
f 788//189 819//791 2345//749
f 2345//749 820//792 2348//750
f 2348//750 821//793 2351//751
f 2351//751 91//91 794//192
f 2350//751 794//192 793//192
f 2349//751 793//192 792//192
f 761//751 792//192 192//192
f 760//750 2349//751 761//751
f 759//749 2346//750 760//750
f 2352//2217 2356//2221 2355//2220
f 2353//2218 2357//2222 2356//2221
f 2355//2220 2359//2224 2358//2223
f 2356//2221 2360//2225 2359//2224
f 18//18 2352//2217 311//309
f 834//806 2353//2218 2352//2217
f 835//807 2354//2219 2353//2218
f 99//99 2354//2219 836//808
f 840//812 2357//2222 2354//2219
f 841//813 2360//2225 2357//2222
f 842//814 830//802 2360//2225
f 2359//2224 830//802 829//801
f 2358//2223 829//801 828//800
f 309//307 828//800 13//13
f 310//308 2358//2223 309//307
f 311//309 2355//2220 310//308
f 2361//2226 2365//2230 2364//2229
f 2362//2227 2366//2231 2365//2230
f 2364//2229 2368//2233 2367//2232
f 2365//2230 2369//2234 2368//2233
f 17//17 2361//2226 351//349
f 837//809 2362//2227 2361//2226
f 838//810 2363//2228 2362//2227
f 100//100 2363//2228 839//811
f 843//815 2366//2231 2363//2228
f 844//816 2369//2234 2366//2231
f 845//817 836//808 2369//2234
f 2368//2233 836//808 835//807
f 2367//2232 835//807 834//806
f 353//351 834//806 18//18
f 352//350 2367//2232 353//351
f 351//349 2364//2229 352//350
f 2370//2235 2374//2239 2373//2238
f 2371//2236 2375//2240 2374//2239
f 2373//2238 2377//2242 2376//2241
f 2374//2239 2378//2243 2377//2242
f 16//16 2370//2235 312//310
f 822//794 2371//2236 2370//2235
f 823//795 2372//2237 2371//2236
f 95//95 2372//2237 824//796
f 846//818 2375//2240 2372//2237
f 847//819 2378//2243 2375//2240
f 848//820 839//811 2378//2243
f 2377//2242 839//811 838//810
f 2376//2241 838//810 837//809
f 314//312 837//809 17//17
f 313//311 2376//2241 314//312
f 312//310 2373//2238 313//311
f 2380//2245 2382//2247 2379//2244
f 2381//2246 2383//2248 2380//2245
f 2383//2248 2385//2250 2382//2247
f 2384//2249 2386//2251 2383//2248
f 831//803 333//331 15//15
f 832//804 2379//2244 831//803
f 833//805 2380//2245 832//804
f 833//805 849//821 2381//2246
f 2381//2246 850//822 2384//2249
f 2384//2249 851//823 2387//2252
f 2387//2252 95//95 824//796
f 2387//2252 823//795 2386//2251
f 2386//2251 822//794 2385//2250
f 2385//2250 16//16 335//333
f 2382//2247 335//333 334//332
f 2379//2244 334//332 333//331
f 2389//2254 2391//2256 2388//2253
f 2390//2255 2392//2257 2389//2254
f 2392//2257 2394//2259 2391//2256
f 2393//2258 2395//2260 2392//2257
f 825//797 342//340 14//14
f 826//798 2388//2253 825//797
f 827//799 2389//2254 826//798
f 827//799 852//824 2390//2255
f 2390//2255 853//825 2393//2258
f 2393//2258 854//826 2396//2261
f 2396//2261 98//98 833//805
f 2396//2261 832//804 2395//2260
f 2395//2260 831//803 2394//2259
f 2394//2259 15//15 344//342
f 2391//2256 344//342 343//341
f 2388//2253 343//341 342//340
f 2398//2263 2400//2265 2397//2262
f 2399//2264 2401//2266 2398//2263
f 2401//2266 2403//2268 2400//2265
f 2402//2267 2404//2269 2401//2266
f 828//800 291//289 13//13
f 829//801 2397//2262 828//800
f 830//802 2398//2263 829//801
f 830//802 855//827 2399//2264
f 2399//2264 856//828 2402//2267
f 2402//2267 857//829 2405//2270
f 2405//2270 96//96 827//799
f 2405//2270 826//798 2404//2269
f 2404//2269 825//797 2403//2268
f 2403//2268 14//14 293//291
f 2400//2265 293//291 292//290
f 2397//2262 292//290 291//289
f 2406//2271 2410//2275 2409//2274
f 2407//2272 2411//2276 2410//2275
f 2409//2274 2413//2278 2412//2277
f 2410//2275 2414//2279 2413//2278
f 101//101 2406//2271 867//839
f 990//962 2407//2272 2406//2271
f 991//963 2408//2273 2407//2272
f 992//964 876//848 2408//2273
f 2408//2273 877//849 2411//2276
f 2411//2276 878//850 2414//2279
f 2414//2279 108//108 932//904
f 2413//2278 932//904 931//903
f 2412//2277 931//903 930//902
f 869//841 930//902 107//107
f 868//840 2412//2277 869//841
f 867//839 2409//2274 868//840
f 2416//2281 2418//2283 2415//2280
f 2417//2282 2419//2284 2416//2281
f 2418//2283 2422//2287 2421//2286
f 2419//2284 2423//2288 2422//2287
f 927//899 876//848 102//102
f 928//900 2415//2280 927//899
f 929//901 2416//2281 928//900
f 103//103 2417//2282 929//901
f 903//875 2420//2285 2417//2282
f 2420//2285 905//877 2423//2288
f 2423//2288 109//109 953//925
f 2422//2287 953//925 952//924
f 2421//2286 952//924 951//923
f 878//850 951//923 108//108
f 877//849 2421//2286 878//850
f 2415//2280 877//849 876//848
f 2424//2289 2428//2293 2427//2292
f 2425//2290 2429//2294 2428//2293
f 2427//2292 2431//2296 2430//2295
f 2428//2293 2432//2297 2431//2296
f 864//836 903//875 103//103
f 865//837 2424//2289 864//836
f 866//838 2425//2290 865//837
f 104//104 2426//2291 866//838
f 960//932 2429//2294 2426//2291
f 2429//2294 962//934 2432//2297
f 2432//2297 110//110 947//919
f 2431//2296 947//919 946//918
f 2430//2295 946//918 945//917
f 905//877 945//917 109//109
f 904//876 2430//2295 905//877
f 2424//2289 904//876 903//875
f 2434//2299 2436//2301 2433//2298
f 2435//2300 2437//2302 2434//2299
f 2437//2302 2439//2304 2436//2301
f 2438//2303 2440//2305 2437//2302
f 879//851 960//932 104//104
f 880//852 2433//2298 879//851
f 881//853 2434//2299 880//852
f 105//105 2435//2300 881//853
f 912//884 2438//2303 2435//2300
f 913//885 2441//2306 2438//2303
f 914//886 896//868 2441//2306
f 2441//2306 895//867 2440//2305
f 2440//2305 894//866 2439//2304
f 2439//2304 110//110 962//934
f 2436//2301 962//934 961//933
f 2433//2298 961//933 960//932
f 2442//2307 2446//2311 2445//2310
f 2443//2308 2447//2312 2446//2311
f 2446//2311 2448//2313 2445//2310
f 2447//2312 2449//2314 2446//2311
f 105//105 2442//2307 912//884
f 897//869 2443//2308 2442//2307
f 898//870 2444//2309 2443//2308
f 899//871 924//896 2444//2309
f 2444//2309 925//897 2447//2312
f 925//897 2450//2315 2447//2312
f 926//898 983//955 2450//2315
f 2450//2315 982//954 2449//2314
f 2449//2314 981//953 2448//2313
f 2448//2313 111//111 914//886
f 2445//2310 914//886 913//885
f 2442//2307 913//885 912//884
f 2452//2317 2454//2319 2451//2316
f 2453//2318 2455//2320 2452//2317
f 2455//2320 2457//2322 2454//2319
f 2456//2321 2458//2323 2455//2320
f 893//865 924//896 106//106
f 892//864 2451//2316 893//865
f 891//863 2452//2317 892//864
f 101//101 2453//2318 891//863
f 867//839 2456//2321 2453//2318
f 868//840 2459//2324 2456//2321
f 869//841 966//938 2459//2324
f 2459//2324 967//939 2458//2323
f 2458//2323 968//940 2457//2322
f 2457//2322 112//112 926//898
f 2454//2319 926//898 925//897
f 2451//2316 925//897 924//896
f 2460//2325 2464//2329 2463//2328
f 2461//2326 2465//2330 2464//2329
f 2464//2329 2466//2331 2463//2328
f 2465//2330 2467//2332 2464//2329
f 157//157 2460//2325 1172//1142
f 1230//1196 2461//2326 2460//2325
f 1231//1197 2462//2327 2461//2326
f 1232//1198 1076//1048 2462//2327
f 2462//2327 1075//1047 2465//2330
f 1075//1047 2468//2333 2465//2330
f 1074//1046 1146//1118 2468//2333
f 2468//2333 1147//1119 2467//2332
f 2467//2332 1148//1120 2466//2331
f 2466//2331 137//137 1170//1140
f 2463//2328 1170//1140 1171//1141
f 1172//1142 2463//2328 1171//1141
f 2469//2334 2473//2338 2472//2337
f 2470//2335 2474//2339 2473//2338
f 2473//2338 2475//2340 2472//2337
f 2474//2339 2476//2341 2473//2338
f 201//199 2469//2334 858//830
f 1428//1374 2470//2335 2469//2334
f 1429//1375 2471//2336 2470//2335
f 1430//1376 888//860 2471//2336
f 2471//2336 889//861 2474//2339
f 889//861 2477//2342 2474//2339
f 890//862 938//910 2477//2342
f 2477//2342 937//909 2476//2341
f 2476//2341 936//908 2475//2340
f 2475//2340 113//113 860//832
f 2472//2337 860//832 859//831
f 858//830 2472//2337 859//831
f 2478//2343 2482//2347 2481//2346
f 2479//2344 2483//2348 2482//2347
f 2482//2347 2484//2349 2481//2346
f 2483//2348 2485//2350 2482//2347
f 203//201 2478//2343 888//860
f 1425//1371 2479//2344 2478//2343
f 1426//1372 2480//2345 2479//2344
f 1427//1373 870//842 2480//2345
f 2480//2345 871//843 2483//2348
f 871//843 2486//2351 2483//2348
f 872//844 989//961 2486//2351
f 2486//2351 988//960 2485//2350
f 2485//2350 987//959 2484//2349
f 2484//2349 114//114 890//862
f 2481//2346 890//862 889//861
f 888//860 2481//2346 889//861
f 2487//2352 2491//2356 2490//2355
f 2488//2353 2492//2357 2491//2356
f 2491//2356 2493//2358 2490//2355
f 2492//2357 2494//2359 2491//2356
f 202//200 2487//2352 870//842
f 1422//1368 2488//2353 2487//2352
f 1423//1369 2489//2354 2488//2353
f 1424//1370 993//965 2489//2354
f 2489//2354 994//966 2492//2357
f 994//966 2495//2360 2492//2357
f 995//967 980//952 2495//2360
f 2495//2360 979//951 2494//2359
f 2494//2359 978//950 2493//2358
f 2493//2358 115//115 872//844
f 2490//2355 872//844 871//843
f 870//842 2490//2355 871//843
f 2497//2362 2499//2364 2496//2361
f 2498//2363 2500//2365 2497//2362
f 2499//2364 2503//2368 2502//2367
f 2500//2365 2504//2369 2503//2368
f 1419//1365 993//965 206//204
f 1420//1366 2496//2361 1419//1365
f 1421//1367 2497//2362 1420//1366
f 204//202 2498//2363 1421//1367
f 906//878 2501//2366 2498//2363
f 2501//2366 908//880 2504//2369
f 2504//2369 117//117 959//931
f 2503//2368 959//931 958//930
f 2502//2367 958//930 957//929
f 995//967 957//929 116//116
f 994//966 2502//2367 995//967
f 2496//2361 994//966 993//965
f 2506//2371 2508//2373 2505//2370
f 2507//2372 2509//2374 2506//2371
f 2508//2373 2512//2377 2511//2376
f 2509//2374 2513//2378 2512//2377
f 1416//1362 906//878 204//202
f 1417//1363 2505//2370 1416//1362
f 1418//1364 2506//2371 1417//1363
f 205//203 2507//2372 1418//1364
f 942//914 2510//2375 2507//2372
f 2510//2375 944//916 2513//2378
f 2513//2378 118//118 998//970
f 2512//2377 998//970 997//969
f 2511//2376 997//969 996//968
f 908//880 996//968 117//117
f 907//879 2511//2376 908//880
f 2505//2370 907//879 906//878
f 2515//2380 2517//2382 2514//2379
f 2516//2381 2518//2383 2515//2380
f 2517//2382 2521//2386 2520//2385
f 2518//2383 2522//2387 2521//2386
f 1413//1359 942//914 205//203
f 1414//1360 2514//2379 1413//1359
f 1415//1361 2515//2380 1414//1360
f 201//199 2516//2381 1415//1361
f 858//830 2519//2384 2516//2381
f 2519//2384 860//832 2522//2387
f 2522//2387 113//113 954//926
f 2521//2386 954//926 955//927
f 2520//2385 955//927 956//928
f 944//916 956//928 118//118
f 943//915 2520//2385 944//916
f 2514//2379 943//915 942//914
f 2523//2388 2527//2392 2526//2391
f 2524//2389 2528//2393 2527//2392
f 2526//2391 2530//2395 2529//2394
f 2527//2392 2531//2396 2530//2395
f 209//207 2523//2388 918//890
f 1464//1410 2524//2389 2523//2388
f 1465//1411 2525//2390 2524//2389
f 1466//1412 885//857 2525//2390
f 2525//2390 886//858 2528//2393
f 2528//2393 887//859 2531//2396
f 2531//2396 120//120 875//847
f 2530//2395 875//847 874//846
f 2529//2394 874//846 873//845
f 920//892 873//845 119//119
f 919//891 2529//2394 920//892
f 918//890 2526//2391 919//891
f 2532//2397 2536//2401 2535//2400
f 2533//2398 2537//2402 2536//2401
f 2535//2400 2539//2404 2538//2403
f 2536//2401 2540//2405 2539//2404
f 208//206 2532//2397 885//857
f 1461//1407 2533//2398 2532//2397
f 1462//1408 2534//2399 2533//2398
f 1463//1409 939//911 2534//2399
f 2534//2399 940//912 2537//2402
f 2537//2402 941//913 2540//2405
f 941//913 1001//973 2540//2405
f 2540//2405 1000//972 2539//2404
f 2539//2404 999//971 2538//2403
f 887//859 999//971 120//120
f 886//858 2538//2403 887//859
f 885//857 2535//2400 886//858
f 2541//2406 2545//2410 2544//2409
f 2542//2407 2546//2411 2545//2410
f 2544//2409 2548//2413 2547//2412
f 2545//2410 2549//2414 2548//2413
f 210//208 2541//2406 939//911
f 1458//1404 2542//2407 2541//2406
f 1459//1405 2543//2408 2542//2407
f 1460//1406 861//833 2543//2408
f 2543//2408 862//834 2546//2411
f 2546//2411 863//835 2549//2414
f 863//835 923//895 2549//2414
f 2549//2414 922//894 2548//2413
f 2548//2413 921//893 2547//2412
f 2547//2412 121//121 941//913
f 940//912 2547//2412 941//913
f 939//911 2544//2409 940//912
f 2551//2416 2553//2418 2550//2415
f 2552//2417 2554//2419 2551//2416
f 2553//2418 2557//2422 2556//2421
f 2554//2419 2558//2423 2557//2422
f 1455//1401 861//833 207//205
f 1456//1402 2550//2415 1455//1401
f 1457//1403 2551//2416 1456//1402
f 212//210 2552//2417 1457//1403
f 984//956 2555//2420 2552//2417
f 2555//2420 986//958 2558//2423
f 2558//2423 123//123 977//949
f 2557//2422 977//949 976//948
f 2556//2421 976//948 975//947
f 863//835 975//947 122//122
f 862//834 2556//2421 863//835
f 2550//2415 862//834 861//833
f 2560//2425 2562//2427 2559//2424
f 2561//2426 2563//2428 2560//2425
f 2563//2428 2565//2430 2562//2427
f 2564//2429 2566//2431 2563//2428
f 1452//1398 984//956 212//210
f 1453//1399 2559//2424 1452//1398
f 1454//1400 2560//2425 1453//1399
f 211//209 2561//2426 1454//1400
f 948//920 2564//2429 2561//2426
f 949//921 2567//2432 2564//2429
f 950//922 965//937 2567//2432
f 2566//2431 965//937 964//936
f 2565//2430 964//936 963//935
f 986//958 963//935 123//123
f 985//957 2565//2430 986//958
f 2559//2424 985//957 984//956
f 2569//2434 2571//2436 2568//2433
f 2570//2435 2572//2437 2569//2434
f 2572//2437 2574//2439 2571//2436
f 2573//2438 2575//2440 2572//2437
f 1449//1395 948//920 211//209
f 1450//1396 2568//2433 1449//1395
f 1451//1397 2569//2434 1450//1396
f 209//207 2570//2435 1451//1397
f 918//890 2573//2438 2570//2435
f 919//891 2576//2441 2573//2438
f 920//892 933//905 2576//2441
f 2576//2441 934//906 2575//2440
f 2575//2440 935//907 2574//2439
f 950//922 935//907 124//124
f 2571//2436 950//922 949//921
f 2568//2433 949//921 948//920
f 2579//2444 2589//2454 2578//2443
f 2581//2446 2579//2444 2580//2445
f 2582//2447 2577//2442 2581//2446
f 2584//2449 2577//2442 2583//2448
f 2587//2452 2585//2450 2586//2451
f 2589//2454 2587//2452 2588//2453
f 1049//1021 1073//1045 134//134
f 1049//1021 2579//2444 2578//2443
f 2578//2443 1072//1044 1073//1045
f 1013//985 1047//1019 129//129
f 1012//984 2580//2445 1013//985
f 2580//2445 1048//1020 1047//1019
f 182//182 2582//2447 1011//983
f 1328//1292 2583//2448 2582//2447
f 1011//983 2581//2446 1012//984
f 181//181 2584//2449 1326//1290
f 1325//1289 2585//2450 2584//2449
f 1326//1290 2583//2448 1327//1291
f 1028//1000 1323//1287 128//128
f 1027//999 2586//2451 1028//1000
f 2586//2451 1324//1288 1323//1287
f 1071//1043 1026//998 133//133
f 1072//1044 2588//2453 1071//1043
f 1026//998 2587//2452 1027//999
f 2591//2456 2593//2458 2590//2455
f 2592//2457 2594//2459 2591//2456
f 2594//2459 2596//2461 2593//2458
f 2595//2460 2597//2462 2594//2459
f 921//893 917//889 121//121
f 922//894 2590//2455 921//893
f 923//895 2591//2456 922//894
f 122//122 2592//2457 923//895
f 911//883 2595//2460 2592//2457
f 910//882 2598//2463 2595//2460
f 909//881 866//838 2598//2463
f 2598//2463 865//837 2597//2462
f 2597//2462 864//836 2596//2461
f 2596//2461 103//103 915//887
f 2593//2458 915//887 916//888
f 2590//2455 916//888 917//889
f 2599//2464 2603//2468 2602//2467
f 2600//2465 2604//2469 2603//2468
f 2602//2467 2606//2471 2605//2470
f 2603//2468 2607//2472 2606//2471
f 122//122 2599//2464 911//883
f 975//947 2600//2465 2599//2464
f 976//948 2601//2466 2600//2465
f 977//949 971//943 2601//2466
f 2601//2466 970//942 2604//2469
f 2604//2469 969//941 2607//2472
f 2607//2472 105//105 881//853
f 2606//2471 881//853 880//852
f 2605//2470 880//852 879//851
f 909//881 879//851 104//104
f 910//882 2605//2470 909//881
f 911//883 2602//2467 910//882
f 2608//2473 2612//2477 2611//2476
f 2609//2474 2613//2478 2612//2477
f 2611//2476 2615//2480 2614//2479
f 2612//2477 2616//2481 2615//2480
f 123//123 2608//2473 971//943
f 963//935 2609//2474 2608//2473
f 964//936 2610//2475 2609//2474
f 965//937 902//874 2610//2475
f 2610//2475 901//873 2613//2478
f 2613//2478 900//872 2616//2481
f 2616//2481 106//106 899//871
f 2615//2480 899//871 898//870
f 2614//2479 898//870 897//869
f 969//941 897//869 105//105
f 970//942 2614//2479 969//941
f 971//943 2611//2476 970//942
f 2617//2482 2621//2486 2620//2485
f 2618//2483 2622//2487 2621//2486
f 2621//2486 2623//2488 2620//2485
f 2622//2487 2624//2489 2621//2486
f 170//170 2617//2482 1163//1135
f 1221//1187 2618//2483 2617//2482
f 1222//1188 2619//2484 2618//2483
f 1223//1189 1172//1142 2619//2484
f 2619//2484 1171//1141 2622//2487
f 1171//1141 2625//2490 2622//2487
f 1170//1140 1103//1075 2625//2490
f 2625//2490 1102//1074 2624//2489
f 2624//2489 1101//1073 2623//2488
f 2623//2488 131//131 1161//1133
f 2620//2485 1161//1133 1162//1134
f 2617//2482 1162//1134 1163//1135
f 2626//2491 2630//2495 2629//2494
f 2627//2492 2631//2496 2630//2495
f 2629//2494 2633//2498 2632//2497
f 2630//2495 2634//2499 2633//2498
f 179//179 2626//2491 1319//1283
f 1368//1332 2627//2492 2626//2491
f 1369//1333 2628//2493 2627//2492
f 1370//1334 1331//1295 2628//2493
f 2628//2493 1330//1294 2631//2496
f 2631//2496 1329//1293 2634//2499
f 2634//2499 130//130 1022//994
f 2633//2498 1022//994 1021//993
f 2632//2497 1021//993 1020//992
f 1317//1281 1020//992 127//127
f 1318//1282 2632//2497 1317//1281
f 1319//1283 2629//2494 1318//1282
f 2636//2501 2638//2503 2635//2500
f 2636//2501 2640//2505 2639//2504
f 2639//2504 2641//2506 2638//2503
f 2639//2504 2643//2508 2642//2507
f 1362//1326 1325//1289 181//181
f 1363//1327 2635//2500 1362//1326
f 1363//1327 2637//2502 2636//2501
f 1364//1328 1319//1283 2637//2502
f 2637//2502 1318//1282 2640//2505
f 2640//2505 1317//1281 2643//2508
f 2643//2508 127//127 1008//980
f 2642//2507 1008//980 1009//981
f 2642//2507 1010//982 2641//2506
f 2641//2506 128//128 1323//1287
f 2638//2503 1323//1287 1324//1288
f 2635//2500 1324//1288 1325//1289
f 2645//2510 2647//2512 2644//2509
f 2646//2511 2648//2513 2645//2510
f 2648//2513 2650//2515 2647//2512
f 2649//2514 2651//2516 2648//2513
f 133//133 2644//2509 1067//1039
f 1027//999 2644//2509 1026//998
f 1028//1000 2645//2510 1027//999
f 128//128 2646//2511 1028//1000
f 1010//982 2649//2514 2646//2511
f 1009//981 2652//2517 2649//2514
f 1008//980 1034//1006 2652//2517
f 2652//2517 1033//1005 2651//2516
f 2651//2516 1032//1004 2650//2515
f 2650//2515 135//135 1065//1037
f 2647//2512 1065//1037 1066//1038
f 2644//2509 1066//1038 1067//1039
f 2654//2519 2656//2521 2653//2518
f 2655//2520 2657//2522 2654//2519
f 2657//2522 2659//2524 2656//2521
f 2658//2523 2660//2525 2657//2522
f 1032//1004 1064//1036 135//135
f 1033//1005 2653//2518 1032//1004
f 1034//1006 2654//2519 1033//1005
f 127//127 2655//2520 1034//1006
f 1020//992 2658//2523 2655//2520
f 1021//993 2661//2526 2658//2523
f 1022//994 1041//1013 2661//2526
f 2661//2526 1042//1014 2660//2525
f 2660//2525 1043//1015 2659//2524
f 2659//2524 132//132 1062//1034
f 2656//2521 1062//1034 1063//1035
f 2653//2518 1063//1035 1064//1036
f 2662//2527 2666//2531 2665//2530
f 2663//2528 2667//2532 2666//2531
f 2665//2530 2669//2534 2668//2533
f 2666//2531 2670//2535 2669//2534
f 136//136 2662//2527 1061//1033
f 1055//1027 2663//2528 2662//2527
f 1054//1026 2664//2529 2663//2528
f 1053//1025 1014//986 2664//2529
f 2664//2529 1015//987 2667//2532
f 2667//2532 1016//988 2670//2535
f 2670//2535 129//129 1047//1019
f 2669//2534 1047//1019 1048//1020
f 2668//2533 1048//1020 1049//1021
f 2668//2533 134//134 1059//1031
f 1060//1032 2668//2533 1059//1031
f 1061//1033 2665//2530 1060//1032
f 2671//2536 2675//2540 2674//2539
f 2672//2537 2676//2541 2675//2540
f 2674//2539 2678//2543 2677//2542
f 2675//2540 2679//2544 2678//2543
f 131//131 2671//2536 1058//1030
f 882//854 2672//2537 2671//2536
f 883//855 2673//2538 2672//2537
f 884//856 1004//976 2673//2538
f 2673//2538 1003//975 2676//2541
f 2676//2541 1002//974 2679//2544
f 2679//2544 125//125 1053//1025
f 2678//2543 1053//1025 1054//1026
f 2677//2542 1054//1026 1055//1027
f 1056//1028 1055//1027 136//136
f 1057//1029 2677//2542 1056//1028
f 1058//1030 2674//2539 1057//1029
f 2680//2545 2684//2549 2683//2548
f 2681//2546 2685//2550 2684//2549
f 2684//2549 2686//2551 2683//2548
f 2685//2550 2687//2552 2684//2549
f 140//140 2680//2545 1094//1066
f 1227//1193 2681//2546 2680//2545
f 1228//1194 2682//2547 2681//2546
f 1229//1195 1085//1057 2682//2547
f 2682//2547 1084//1056 2685//2550
f 1084//1056 2688//2553 2685//2550
f 1083//1055 1187//1157 2688//2553
f 2688//2553 1186//1156 2687//2552
f 2687//2552 1185//1155 2686//2551
f 2686//2551 172//172 1092//1064
f 2683//2548 1092//1064 1093//1065
f 1094//1066 2683//2548 1093//1065
f 2690//2555 2692//2557 2689//2554
f 2690//2555 2694//2559 2693//2558
f 2693//2558 2695//2560 2692//2557
f 2693//2558 2697//2562 2696//2561
f 1038//1010 875//847 120//120
f 1039//1011 2689//2554 1038//1010
f 1039//1011 2691//2556 2690//2555
f 1040//1012 1058//1030 2691//2556
f 2691//2556 1057//1029 2694//2559
f 2694//2559 1056//1028 2697//2562
f 2697//2562 136//136 1035//1007
f 2696//2561 1035//1007 1036//1008
f 2695//2560 1036//1008 1037//1009
f 2695//2560 119//119 873//845
f 2692//2557 873//845 874//846
f 2689//2554 874//846 875//847
f 2698//2563 2702//2567 2701//2566
f 2699//2564 2703//2568 2702//2567
f 2702//2567 2704//2569 2701//2566
f 2703//2568 2705//2570 2702//2567
f 119//119 2698//2563 933//905
f 1037//1009 2699//2564 2698//2563
f 1036//1008 2700//2565 2699//2564
f 1035//1007 1061//1033 2700//2565
f 2700//2565 1060//1032 2703//2568
f 2703//2568 1059//1031 2706//2571
f 1059//1031 1029//1001 2706//2571
f 2706//2571 1030//1002 2705//2570
f 2705//2570 1031//1003 2704//2569
f 2704//2569 124//124 935//907
f 934//906 2704//2569 935//907
f 933//905 2701//2566 934//906
f 2708//2573 2710//2575 2707//2572
f 2709//2574 2711//2576 2708//2573
f 2711//2576 2713//2578 2710//2575
f 2712//2577 2714//2579 2711//2576
f 1050//1022 990//962 101//101
f 1051//1023 2707//2572 1050//1022
f 1052//1024 2708//2573 1051//1023
f 135//135 2709//2574 1052//1024
f 1064//1036 2712//2577 2709//2574
f 1063//1035 2715//2580 2712//2577
f 1062//1034 1023//995 2715//2580
f 2715//2580 1024//996 2714//2579
f 2714//2579 1025//997 2713//2578
f 2713//2578 102//102 992//964
f 2710//2575 992//964 991//963
f 2707//2572 991//963 990//962
f 2716//2581 2720//2585 2719//2584
f 2717//2582 2721//2586 2720//2585
f 2719//2584 2723//2588 2722//2587
f 2720//2585 2724//2589 2723//2588
f 106//106 2716//2581 893//865
f 1044//1016 2717//2582 2716//2581
f 1045//1017 2718//2583 2717//2582
f 1046//1018 1067//1039 2718//2583
f 1067//1039 2721//2586 2718//2583
f 1066//1038 2724//2589 2721//2586
f 1065//1037 1052//1024 2724//2589
f 2724//2589 1051//1023 2723//2588
f 2722//2587 1051//1023 1050//1022
f 891//863 1050//1022 101//101
f 892//864 2722//2587 891//863
f 893//865 2719//2584 892//864
f 2726//2591 2728//2593 2725//2590
f 2727//2592 2729//2594 2726//2591
f 2729//2594 2731//2596 2728//2593
f 2730//2595 2732//2597 2729//2594
f 1215//1181 972//944 152//152
f 1216//1182 2725//2590 1215//1181
f 1217//1183 2726//2591 1216//1182
f 170//170 2727//2592 1217//1183
f 1163//1135 2730//2595 2727//2592
f 1162//1134 2733//2598 2730//2595
f 1161//1133 1040//1012 2733//2598
f 2732//2597 1040//1012 1039//1011
f 2732//2597 1038//1010 2731//2596
f 2731//2596 120//120 974//946
f 2728//2593 974//946 973//945
f 2725//2590 973//945 972//944
f 2735//2600 2737//2602 2734//2599
f 2736//2601 2738//2603 2735//2600
f 2737//2602 2741//2606 2740//2605
f 2738//2603 2742//2607 2741//2606
f 1031//1003 902//874 124//124
f 1030//1002 2734//2599 1031//1003
f 1029//1001 2735//2600 1030//1002
f 134//134 2736//2601 1029//1001
f 1073//1045 2739//2604 2736//2601
f 2739//2604 1071//1043 2742//2607
f 2742//2607 133//133 1046//1018
f 2741//2606 1046//1018 1045//1017
f 2740//2605 1045//1017 1044//1016
f 900//872 1044//1016 106//106
f 901//873 2740//2605 900//872
f 2734//2599 901//873 902//874
f 2743//2608 2747//2612 2746//2611
f 2744//2609 2748//2613 2747//2612
f 2746//2611 2750//2615 2749//2614
f 2747//2612 2751//2616 2750//2615
f 177//177 2743//2608 1292//1256
f 1205//1171 2744//2609 2743//2608
f 1204//1170 2745//2610 2744//2609
f 1203//1169 1389//1353 2745//2610
f 2745//2610 1390//1354 2748//2613
f 2748//2613 1391//1355 2751//2616
f 2751//2616 147//147 1136//1108
f 2750//2615 1136//1108 1135//1107
f 2749//2614 1135//1107 1134//1106
f 1290//1254 1134//1106 178//178
f 1291//1255 2749//2614 1290//1254
f 1292//1256 2746//2611 1291//1255
f 2753//2618 2755//2620 2752//2617
f 2754//2619 2756//2621 2753//2618
f 2755//2620 2759//2624 2758//2623
f 2756//2621 2760//2625 2759//2624
f 1119//1091 1340//1304 186//186
f 1120//1092 2752//2617 1119//1091
f 1121//1093 2753//2618 1120//1092
f 145//145 2754//2619 1121//1093
f 1151//1123 2757//2622 2754//2619
f 2757//2622 1149//1121 2760//2625
f 2760//2625 150//150 1127//1099
f 2759//2624 1127//1099 1126//1098
f 2758//2623 1126//1098 1125//1097
f 1338//1302 1125//1097 185//185
f 1339//1303 2758//2623 1338//1302
f 2752//2617 1339//1303 1340//1304
f 2762//2627 2764//2629 2761//2626
f 2763//2628 2765//2630 2762//2627
f 2765//2630 2767//2632 2764//2629
f 2766//2631 2768//2633 2765//2630
f 1101//1073 882//854 131//131
f 1102//1074 2761//2626 1101//1073
f 1103//1075 2762//2627 1102//1074
f 137//137 2763//2628 1103//1075
f 1077//1049 2766//2631 2763//2628
f 1078//1050 2769//2634 2766//2631
f 1079//1051 1109//1081 2769//2634
f 2769//2634 1108//1080 2768//2633
f 2768//2633 1107//1079 2767//2632
f 2767//2632 126//126 884//856
f 2764//2629 884//856 883//855
f 2761//2626 883//855 882//854
f 2770//2635 2774//2639 2773//2638
f 2771//2636 2775//2640 2774//2639
f 2773//2638 2777//2642 2776//2641
f 2774//2639 2778//2643 2777//2642
f 183//183 2770//2635 1331//1295
f 1356//1320 2771//2636 2770//2635
f 1357//1321 2772//2637 2771//2636
f 1358//1322 1337//1301 2772//2637
f 2772//2637 1336//1300 2775//2640
f 2775//2640 1335//1299 2778//2643
f 2778//2643 139//139 1112//1084
f 2777//2642 1112//1084 1111//1083
f 2776//2641 1111//1083 1110//1082
f 1329//1293 1110//1082 130//130
f 1330//1294 2776//2641 1329//1293
f 1331//1295 2773//2638 1330//1294
f 2780//2645 2782//2647 2779//2644
f 2781//2646 2783//2648 2780//2645
f 2783//2648 2785//2650 2782//2647
f 2784//2649 2786//2651 2783//2648
f 1148//1120 1077//1049 137//137
f 1147//1119 2779//2644 1148//1120
f 1146//1118 2780//2645 1147//1119
f 159//159 2781//2646 1146//1118
f 1088//1060 2784//2649 2781//2646
f 1087//1059 2787//2652 2784//2649
f 1086//1058 1154//1126 2787//2652
f 2787//2652 1153//1125 2786//2651
f 2786//2651 1152//1124 2785//2650
f 2785//2650 138//138 1079//1051
f 2782//2647 1079//1051 1078//1050
f 2779//2644 1078//1050 1077//1049
f 2788//2653 2792//2657 2791//2656
f 2789//2654 2793//2658 2792//2657
f 2791//2656 2795//2660 2794//2659
f 2792//2657 2796//2661 2795//2660
f 130//130 2788//2653 1041//1013
f 1110//1082 2789//2654 2788//2653
f 1111//1083 2790//2655 2789//2654
f 1112//1084 1089//1061 2790//2655
f 2790//2655 1090//1062 2793//2658
f 2793//2658 1091//1063 2796//2661
f 2796//2661 140//140 1104//1076
f 2795//2660 1104//1076 1105//1077
f 2794//2659 1105//1077 1106//1078
f 1043//1015 1106//1078 132//132
f 1042//1014 2794//2659 1043//1015
f 1041//1013 2791//2656 1042//1014
f 2798//2663 2800//2665 2797//2662
f 2799//2664 2801//2666 2798//2663
f 2801//2666 2803//2668 2800//2665
f 2802//2667 2804//2669 2801//2666
f 1311//1275 1178//1148 165//165
f 1312//1276 2797//2662 1311//1275
f 1313//1277 2798//2663 1312//1276
f 167//167 2799//2664 1313//1277
f 1238//1204 2802//2667 2799//2664
f 1237//1203 2805//2670 2802//2667
f 1236//1202 1097//1069 2805//2670
f 2805//2670 1096//1068 2804//2669
f 2804//2669 1095//1067 2803//2668
f 2803//2668 155//155 1176//1146
f 2800//2665 1176//1146 1177//1147
f 2797//2662 1177//1147 1178//1148
f 2807//2672 2809//2674 2806//2671
f 2808//2673 2810//2675 2807//2672
f 2810//2675 2812//2677 2809//2674
f 2811//2676 2813//2678 2810//2675
f 1241//1207 1295//1259 175//175
f 1240//1206 2806//2671 1241//1207
f 1239//1205 2807//2672 1240//1206
f 141//141 2808//2673 1239//1205
f 1392//1356 2811//2676 2808//2673
f 1393//1357 2814//2679 2811//2676
f 1394//1358 1145//1117 2814//2679
f 2814//2679 1144//1116 2813//2678
f 2813//2678 1143//1115 2812//2677
f 2812//2677 176//176 1293//1257
f 2809//2674 1293//1257 1294//1258
f 2806//2671 1294//1258 1295//1259
f 2816//2681 2818//2683 2815//2680
f 2817//2682 2819//2684 2816//2681
f 2819//2684 2821//2686 2818//2683
f 2820//2685 2822//2687 2819//2684
f 1152//1124 1082//1054 138//138
f 1153//1125 2815//2680 1152//1124
f 1154//1126 2816//2681 1153//1125
f 156//156 2817//2682 1154//1126
f 1175//1145 2820//2685 2817//2682
f 1174//1144 2823//2688 2820//2685
f 1173//1143 1121//1093 2823//2688
f 2823//2688 1120//1092 2822//2687
f 2822//2687 1119//1091 2821//2686
f 2821//2686 186//186 1080//1052
f 2818//2683 1080//1052 1081//1053
f 2815//2680 1081//1053 1082//1054
f 2824//2689 2828//2693 2827//2692
f 2825//2690 2829//2694 2828//2693
f 2828//2693 2830//2695 2827//2692
f 2829//2694 2831//2696 2828//2693
f 167//167 2824//2689 1301//1265
f 1191//1161 2825//2690 2824//2689
f 1192//1162 2826//2691 2825//2690
f 1193//1163 1184//1154 2826//2691
f 2826//2691 1183//1153 2829//2694
f 1183//1153 2832//2697 2829//2694
f 1182//1152 1239//1205 2832//2697
f 2832//2697 1240//1206 2831//2696
f 2831//2696 1241//1207 2830//2695
f 2830//2695 175//175 1299//1263
f 2827//2692 1299//1263 1300//1264
f 1301//1265 2827//2692 1300//1264
f 2833//2698 2837//2702 2836//2701
f 2834//2699 2838//2703 2837//2702
f 2836//2701 2840//2705 2839//2704
f 2837//2702 2841//2706 2840//2705
f 185//185 2833//2698 1337//1301
f 1125//1097 2834//2699 2833//2698
f 1126//1098 2835//2700 2834//2699
f 1127//1099 1133//1105 2835//2700
f 2835//2700 1132//1104 2838//2703
f 2838//2703 1131//1103 2841//2706
f 2841//2706 160//160 1137//1109
f 2840//2705 1137//1109 1138//1110
f 2839//2704 1138//1110 1139//1111
f 1335//1299 1139//1111 139//139
f 1336//1300 2839//2704 1335//1299
f 1337//1301 2836//2701 1336//1300
f 2842//2707 2846//2711 2845//2710
f 2843//2708 2847//2712 2846//2711
f 2845//2710 2849//2714 2848//2713
f 2846//2711 2850//2715 2849//2714
f 163//163 2842//2707 1298//1262
f 1350//1314 2843//2708 2842//2707
f 1351//1315 2844//2709 2843//2708
f 1352//1316 1343//1307 2844//2709
f 2844//2709 1342//1306 2847//2712
f 2847//2712 1341//1305 2850//2715
f 2850//2715 143//143 1203//1169
f 2849//2714 1203//1169 1204//1170
f 2848//2713 1204//1170 1205//1171
f 1296//1260 1205//1171 177//177
f 1297//1261 2848//2713 1296//1260
f 1298//1262 2845//2710 1297//1261
f 2851//2716 2855//2720 2854//2719
f 2852//2717 2856//2721 2855//2720
f 2855//2720 2857//2722 2854//2719
f 2856//2721 2858//2723 2855//2720
f 178//178 2851//2716 1304//1268
f 1134//1106 2852//2717 2851//2716
f 1135//1107 2853//2718 2852//2717
f 1136//1108 1124//1096 2853//2718
f 2853//2718 1123//1095 2856//2721
f 1123//1095 2859//2724 2856//2721
f 1122//1094 1190//1160 2859//2724
f 2859//2724 1189//1159 2858//2723
f 2858//2723 1188//1158 2857//2722
f 2857//2722 168//168 1302//1266
f 2854//2719 1302//1266 1303//1267
f 1304//1268 2854//2719 1303//1267
f 2861//2726 2863//2728 2860//2725
f 2861//2726 2865//2730 2864//2729
f 2863//2728 2867//2732 2866//2731
f 2865//2730 2867//2732 2864//2729
f 1254//1218 1202//1168 166//166
f 1255//1219 2860//2725 1254//1218
f 1255//1219 2862//2727 2861//2726
f 1256//1220 1283//1247 2862//2727
f 2862//2727 1282//1246 2865//2730
f 1282//1246 2868//2733 2865//2730
f 1281//1245 1286//1250 2868//2733
f 2868//2733 1285//1249 2867//2732
f 2866//2731 1285//1249 1284//1248
f 1200//1166 1284//1248 165//165
f 1201//1167 2866//2731 1200//1166
f 2860//2725 1201//1167 1202//1168
f 2870//2735 2872//2737 2869//2734
f 2871//2736 2873//2738 2870//2735
f 2872//2737 2876//2741 2875//2740
f 2873//2738 2877//2742 2876//2741
f 1116//1088 1166//1138 158//158
f 1117//1089 2869//2734 1116//1088
f 1118//1090 2870//2735 1117//1089
f 144//144 2871//2736 1118//1090
f 1100//1072 2874//2739 2871//2736
f 2874//2739 1098//1070 2877//2742
f 2877//2742 155//155 1181//1151
f 2876//2741 1181//1151 1180//1150
f 2875//2740 1180//1150 1179//1149
f 1164//1136 1179//1149 174//174
f 1165//1137 2875//2740 1164//1136
f 2869//2734 1165//1137 1166//1138
f 2878//2743 2882//2747 2881//2746
f 2879//2744 2883//2748 2882//2747
f 2882//2747 2884//2749 2881//2746
f 2883//2748 2885//2750 2882//2747
f 146//146 2878//2743 1076//1048
f 1236//1202 2879//2744 2878//2743
f 1237//1203 2880//2745 2879//2744
f 1238//1204 1301//1265 2880//2745
f 2880//2745 1300//1264 2883//2748
f 1300//1264 2886//2751 2883//2748
f 1299//1263 1209//1175 2886//2751
f 2886//2751 1210//1176 2885//2750
f 2885//2750 1211//1177 2884//2749
f 2884//2749 159//159 1074//1046
f 2881//2746 1074//1046 1075//1047
f 1076//1048 2881//2746 1075//1047
f 2887//2752 2891//2756 2890//2755
f 2888//2753 2892//2757 2891//2756
f 2890//2755 2894//2759 2893//2758
f 2891//2756 2895//2760 2894//2759
f 139//139 2887//2752 1089//1061
f 1139//1111 2888//2753 2887//2752
f 1138//1110 2889//2754 2888//2753
f 1137//1109 1142//1114 2889//2754
f 2889//2754 1141//1113 2892//2757
f 2892//2757 1140//1112 2895//2760
f 2895//2760 149//149 1229//1195
f 2894//2759 1229//1195 1228//1194
f 2893//2758 1228//1194 1227//1193
f 1091//1063 1227//1193 140//140
f 1090//1062 2893//2758 1091//1063
f 1089//1061 2890//2755 1090//1062
f 2897//2762 2899//2764 2896//2761
f 2898//2763 2900//2765 2897//2762
f 2900//2765 2902//2767 2899//2764
f 2901//2766 2903//2768 2900//2765
f 169//169 2896//2761 1286//1250
f 1289//1253 2897//2762 2896//2761
f 1288//1252 2898//2763 2897//2762
f 161//161 2898//2763 1287//1251
f 1193//1163 2901//2766 2898//2763
f 1192//1162 2904//2769 2901//2766
f 1191//1161 1313//1277 2904//2769
f 2904//2769 1312//1276 2903//2768
f 2903//2768 1311//1275 2902//2767
f 2902//2767 165//165 1284//1248
f 2899//2764 1284//1248 1285//1249
f 1286//1250 2899//2764 1285//1249
f 2906//2771 2908//2773 2905//2770
f 2906//2771 2910//2775 2909//2774
f 2909//2774 2911//2776 2908//2773
f 2909//2774 2913//2778 2912//2777
f 1160//1132 1214//1180 171//171
f 1159//1131 2905//2770 1160//1132
f 1159//1131 2907//2772 2906//2771
f 1158//1130 1217//1183 2907//2772
f 2907//2772 1216//1182 2910//2775
f 2910//2775 1215//1181 2913//2778
f 2913//2778 152//152 1226//1192
f 2912//2777 1226//1192 1225//1191
f 2912//2777 1224//1190 2911//2776
f 2911//2776 151//151 1212//1178
f 2908//2773 1212//1178 1213//1179
f 2905//2770 1213//1179 1214//1180
f 2915//2780 2917//2782 2914//2779
f 2915//2780 2919//2784 2918//2783
f 2917//2782 2921//2786 2920//2785
f 2918//2783 2922//2787 2921//2786
f 1025//997 1155//1127 102//102
f 1024//996 2914//2779 1025//997
f 1023//995 2915//2780 1024//996
f 1023//995 1070//1042 2916//2781
f 2916//2781 1069//1041 2919//2784
f 2919//2784 1068//1040 2922//2787
f 2922//2787 171//171 1214//1180
f 2921//2786 1214//1180 1213//1179
f 2920//2785 1213//1179 1212//1178
f 1157//1129 1212//1178 151//151
f 1156//1128 2920//2785 1157//1129
f 1155//1127 2917//2782 1156//1128
f 2923//2788 2927//2792 2926//2791
f 2924//2789 2928//2793 2927//2792
f 2927//2792 2929//2794 2926//2791
f 2928//2793 2930//2795 2927//2792
f 149//149 2923//2788 1085//1057
f 1206//1172 2924//2789 2923//2788
f 1207//1173 2925//2790 2924//2789
f 1208//1174 1304//1268 2925//2790
f 2925//2790 1303//1267 2928//2793
f 1303//1267 2931//2796 2928//2793
f 1302//1266 1235//1201 2931//2796
f 2931//2796 1234//1200 2930//2795
f 2930//2795 1233//1199 2929//2794
f 2929//2794 148//148 1083//1055
f 2926//2791 1083//1055 1084//1056
f 1085//1057 2926//2791 1084//1056
f 2932//2797 2936//2801 2935//2800
f 2933//2798 2937//2802 2936//2801
f 2936//2801 2938//2803 2935//2800
f 2937//2802 2939//2804 2936//2801
f 132//132 2932//2797 1070//1042
f 1106//1078 2933//2798 2932//2797
f 1105//1077 2934//2799 2933//2798
f 1104//1076 1094//1066 2934//2799
f 2934//2799 1093//1065 2937//2802
f 1093//1065 2940//2805 2937//2802
f 1092//1064 1220//1186 2940//2805
f 2940//2805 1219//1185 2939//2804
f 2939//2804 1218//1184 2938//2803
f 2938//2803 171//171 1068//1040
f 1069//1041 2938//2803 1068//1040
f 1070//1042 2935//2800 1069//1041
f 2941//2806 2945//2810 2944//2809
f 2942//2807 2946//2811 2945//2810
f 2944//2809 2948//2813 2947//2812
f 2945//2810 2949//2814 2948//2813
f 158//158 2941//2806 1116//1088
f 1271//1235 2942//2807 2941//2806
f 1270//1234 2943//2808 2942//2807
f 1269//1233 1185//1155 2943//2808
f 2943//2808 1186//1156 2946//2811
f 2946//2811 1187//1157 2949//2814
f 2949//2814 148//148 1130//1102
f 2948//2813 1130//1102 1129//1101
f 2947//2812 1129//1101 1128//1100
f 1118//1090 1128//1100 144//144
f 1117//1089 2947//2812 1118//1090
f 1116//1088 2944//2809 1117//1089
f 2952//2817 2962//2827 2951//2816
f 2953//2818 2950//2815 2952//2817
f 2955//2820 2950//2815 2954//2819
f 2958//2823 2956//2821 2957//2822
f 2959//2824 2950//2815 2958//2823
f 2961//2826 2950//2815 2960//2825
f 1341//1305 1247//1211 143//143
f 1342//1306 2951//2816 1341//1305
f 2951//2816 1246//1210 1247//1211
f 187//187 2953//2818 1343//1307
f 1344//1308 2954//2819 2953//2818
f 1343//1307 2952//2817 1342//1306
f 188//188 2955//2820 1346//1310
f 1113//1085 2956//2821 2955//2820
f 1346//1310 2954//2819 1345//1309
f 1275//1239 1115//1087 142//142
f 1276//1240 2957//2822 1275//1239
f 2957//2822 1114//1086 1115//1087
f 169//169 2959//2824 1277//1241
f 1281//1245 2960//2825 2959//2824
f 1277//1241 2958//2823 1276//1240
f 162//162 2961//2826 1283//1247
f 1245//1209 2962//2827 2961//2826
f 1283//1247 2960//2825 1282//1246
f 2965//2830 2975//2840 2964//2829
f 2966//2831 2963//2828 2965//2830
f 2969//2834 2967//2832 2968//2833
f 2971//2836 2969//2834 2970//2835
f 2972//2837 2963//2828 2971//2836
f 2974//2839 2963//2828 2973//2838
f 999//971 974//946 120//120
f 1000//972 2964//2829 999//971
f 2964//2829 973//945 974//946
f 121//121 2966//2831 1001//973
f 917//889 2967//2832 2966//2831
f 1001//973 2965//2830 1000//972
f 929//901 915//887 103//103
f 929//901 2969//2834 2968//2833
f 2968//2833 916//888 915//887
f 1155//1127 927//899 102//102
f 1156//1128 2970//2835 1155//1127
f 2970//2835 928//900 927//899
f 151//151 2972//2837 1157//1129
f 1225//1191 2972//2837 1224//1190
f 1157//1129 2971//2836 1156//1128
f 152//152 2974//2839 1226//1192
f 972//944 2975//2840 2974//2839
f 2974//2839 1225//1191 1226//1192
f 2977//2842 2979//2844 2976//2841
f 2978//2843 2980//2845 2977//2842
f 2979//2844 2983//2848 2982//2847
f 2980//2845 2984//2849 2983//2848
f 154//154 2976//2841 1253//1217
f 1258//1222 2976//2841 1257//1221
f 1259//1223 2977//2842 1258//1222
f 158//158 2978//2843 1259//1223
f 1166//1138 2981//2846 2978//2843
f 2981//2846 1164//1136 2984//2849
f 2984//2849 174//174 1262//1226
f 2983//2848 1262//1226 1261//1225
f 2982//2847 1261//1225 1260//1224
f 2982//2847 153//153 1251//1215
f 2979//2844 1251//1215 1252//1216
f 1253//1217 2979//2844 1252//1216
f 2986//2850 2988//2851 2985//2850
f 2986//2850 2990//2851 2989//2851
f 2989//2851 2991//2852 2988//2851
f 2990//2851 2992//2852 2989//2851
f 159//159 2985//2850 1088//1060
f 1211//1177 2986//2850 2985//2850
f 1210//1176 2987//2850 2986//2850
f 1209//1175 1295//1259 2987//2850
f 2987//2850 1294//1258 2990//2851
f 1294//1258 2993//2852 2990//2851
f 2993//2852 176//176 1169//1139
f 2992//2852 1169//1139 1168//1139
f 2992//2852 1167//1139 2991//2852
f 2991//2852 156//156 1086//1058
f 1087//1059 2991//2852 1086//1058
f 2985//2850 1087//1059 1088//1060
f 2995//2854 2997//2856 2994//2853
f 2996//2855 2998//2857 2995//2854
f 2998//2857 3000//2859 2997//2856
f 2999//2858 3001//2860 2998//2857
f 147//147 2994//2853 1124//1096
f 1390//1354 2994//2853 1391//1355
f 1389//1353 2995//2854 1390//1354
f 143//143 2996//2855 1389//1353
f 1247//1211 2999//2858 2996//2855
f 1246//1210 3002//2861 2999//2858
f 1245//1209 1272//1236 3002//2861
f 3002//2861 1273//1237 3001//2860
f 3001//2860 1274//1238 3000//2859
f 3000//2859 173//173 1122//1094
f 2997//2856 1122//1094 1123//1095
f 1124//1096 2997//2856 1123//1095
f 3004//2862 3006//2863 3003//2862
f 3004//2862 3008//2863 3007//2863
f 3006//2863 3010//2864 3009//2864
f 3008//2863 3010//2864 3007//2863
f 160//160 3003//2862 1142//1114
f 1198//1165 3003//2862 1199//1165
f 1198//1165 3005//2862 3004//2862
f 177//177 3005//2862 1197//1165
f 1292//1256 3008//2863 3005//2862
f 1291//1255 3011//2864 3008//2863
f 3011//2864 178//178 1208//1174
f 3010//2864 1208//1174 1207//1173
f 3010//2864 1206//1172 3009//2864
f 3009//2864 149//149 1140//1112
f 1141//1113 3009//2864 1140//1112
f 3003//2862 1141//1113 1142//1114
f 3013//2866 3015//2868 3012//2865
f 3014//2867 3016//2869 3013//2866
f 3016//2869 3018//2871 3015//2868
f 3017//2870 3019//2872 3016//2869
f 1277//1241 1289//1253 169//169
f 1276//1240 3012//2865 1277//1241
f 1275//1239 3013//2866 1276//1240
f 142//142 3014//2867 1275//1239
f 1394//1358 3017//2870 3014//2867
f 1393//1357 3020//2873 3017//2870
f 3020//2873 141//141 1182//1152
f 3019//2872 1182//1152 1183//1153
f 3019//2872 1184//1154 3018//2871
f 3018//2871 161//161 1287//1251
f 3015//2868 1287//1251 1288//1252
f 3012//2865 1288//1252 1289//1253
f 3022//2875 3024//2877 3021//2874
f 3023//2876 3025//2878 3022//2875
f 3024//2877 3028//2881 3027//2880
f 3025//2878 3029//2882 3028//2881
f 1265//1229 1251//1215 153//153
f 1264//1228 3021//2874 1265//1229
f 1263//1227 3022//2875 1264//1228
f 170//170 3023//2876 1263//1227
f 1158//1130 3026//2879 3023//2876
f 3026//2879 1160//1132 3029//2882
f 3029//2882 171//171 1268//1232
f 3028//2881 1268//1232 1267//1231
f 3027//2880 1267//1231 1266//1230
f 1253//1217 1266//1230 154//154
f 1252//1216 3027//2880 1253//1217
f 3021//2874 1252//1216 1251//1215
f 3030//2883 3034//2887 3033//2886
f 3031//2884 3035//2888 3034//2887
f 3033//2886 3037//2890 3036//2889
f 3034//2887 3038//2891 3037//2890
f 166//166 3030//2883 1254//1218
f 1308//1272 3031//2884 3030//2883
f 1309//1273 3032//2885 3031//2884
f 1310//1274 1188//1158 3032//2885
f 3032//2885 1189//1159 3035//2888
f 3035//2888 1190//1160 3038//2891
f 3038//2891 173//173 1274//1238
f 3038//2891 1273//1237 3037//2890
f 3037//2890 1272//1236 3036//2889
f 3036//2889 162//162 1256//1220
f 3033//2886 1256//1220 1255//1219
f 1254//1218 3033//2886 1255//1219
f 3040//2893 3042//2895 3039//2892
f 3041//2894 3043//2896 3040//2893
f 3043//2896 3045//2898 3042//2895
f 3044//2897 3046//2899 3043//2896
f 1095//1067 1181//1151 155//155
f 1096//1068 3039//2892 1095//1067
f 1097//1069 3040//2893 1096//1068
f 146//146 3041//2894 1097//1069
f 1232//1198 3044//2897 3041//2894
f 1231//1197 3047//2900 3044//2897
f 1230//1196 1280//1244 3047//2900
f 3047//2900 1279//1243 3046//2899
f 3046//2899 1278//1242 3045//2898
f 3045//2898 174//174 1179//1149
f 3042//2895 1179//1149 1180//1150
f 3039//2892 1180//1150 1181//1151
f 3048//2901 3052//2905 3051//2904
f 3049//2902 3053//2906 3052//2905
f 3051//2904 3055//2908 3054//2907
f 3052//2905 3056//2909 3055//2908
f 154//154 3048//2901 1257//1221
f 1266//1230 3049//2902 3048//2901
f 1267//1231 3050//2903 3049//2902
f 1268//1232 1218//1184 3050//2903
f 3050//2903 1219//1185 3053//2906
f 3053//2906 1220//1186 3056//2909
f 3056//2909 172//172 1269//1233
f 3055//2908 1269//1233 1270//1234
f 3054//2907 1270//1234 1271//1235
f 1259//1223 1271//1235 158//158
f 1258//1222 3054//2907 1259//1223
f 1257//1221 3051//2904 1258//1222
f 3058//2911 3060//2913 3057//2910
f 3059//2912 3061//2914 3058//2911
f 3061//2914 3063//2916 3060//2913
f 3062//2915 3064//2917 3061//2914
f 1278//1242 1262//1226 174//174
f 1279//1243 3057//2910 1278//1242
f 1280//1244 3058//2911 1279//1243
f 157//157 3059//2912 1280//1244
f 1223//1189 3062//2915 3059//2912
f 1222//1188 3065//2918 3062//2915
f 1221//1187 1263//1227 3065//2918
f 3065//2918 1264//1228 3064//2917
f 3064//2917 1265//1229 3063//2916
f 3063//2916 153//153 1260//1224
f 3060//2913 1260//1224 1261//1225
f 3057//2910 1261//1225 1262//1226
f 3067//2919 3069//2920 3066//2919
f 3067//2919 3071//2920 3070//2920
f 3070//2920 3072//2921 3069//2920
f 3071//2920 3073//2921 3070//2920
f 150//150 3066//2919 1133//1105
f 1194//1164 3067//2919 3066//2919
f 1195//1164 3068//2919 3067//2919
f 163//163 3068//2919 1196//1164
f 3068//2919 1297//1261 3071//2920
f 1297//1261 3074//2921 3071//2920
f 3074//2921 177//177 1197//1165
f 3073//2921 1197//1165 1198//1165
f 3073//2921 1199//1165 3072//2921
f 3072//2921 160//160 1131//1103
f 1132//1104 3072//2921 1131//1103
f 3066//2919 1132//1104 1133//1105
f 3076//2922 3078//2923 3075//2922
f 3076//2922 3080//2923 3079//2923
f 3079//2923 3081//2924 3078//2923
f 3080//2923 3082//2924 3079//2923
f 1242//1208 1151//1123 145//145
f 1242//1208 3076//2922 3075//2922
f 1243//1208 3077//2922 3076//2922
f 1244//1208 1316//1280 3077//2922
f 1316//1280 3080//2923 3077//2922
f 1315//1279 3083//2924 3080//2923
f 1314//1278 1196//1164 3083//2924
f 3082//2924 1196//1164 1195//1164
f 3082//2924 1194//1164 3081//2924
f 3081//2924 150//150 1149//1121
f 1150//1122 3081//2924 1149//1121
f 3075//2922 1150//1122 1151//1123
f 3085//2925 3087//2926 3084//2925
f 3085//2925 3089//2926 3088//2926
f 3088//2926 3090//2927 3087//2926
f 3089//2926 3091//2927 3088//2926
f 1167//1139 1175//1145 156//156
f 1167//1139 3085//2925 3084//2925
f 1168//1139 3086//2925 3085//2925
f 1169//1139 1307//1271 3086//2925
f 1307//1271 3089//2926 3086//2925
f 1306//1270 3092//2927 3089//2926
f 1305//1269 1244//1208 3092//2927
f 3091//2927 1244//1208 1243//1208
f 3091//2927 1242//1208 3090//2927
f 3090//2927 145//145 1173//1143
f 1174//1144 3090//2927 1173//1143
f 3084//2925 1174//1144 1175//1145
f 3094//2929 3096//2931 3093//2928
f 3095//2930 3097//2932 3094//2929
f 3096//2931 3100//2935 3099//2934
f 3097//2932 3101//2936 3100//2935
f 1248//1212 1100//1072 144//144
f 1249//1213 3093//2928 1248//1212
f 1250//1214 3094//2929 1249//1213
f 166//166 3095//2930 1250//1214
f 1202//1168 3098//2933 3095//2930
f 3098//2933 1200//1166 3101//2936
f 3101//2936 165//165 1178//1148
f 3100//2935 1178//1148 1177//1147
f 3099//2934 1177//1147 1176//1146
f 1098//1070 1176//1146 155//155
f 1099//1071 3099//2934 1098//1070
f 3093//2928 1099//1071 1100//1072
f 3102//2937 3106//2941 3105//2940
f 3103//2938 3107//2942 3106//2941
f 3105//2940 3109//2944 3108//2943
f 3106//2941 3110//2945 3109//2944
f 144//144 3102//2937 1248//1212
f 1128//1100 3103//2938 3102//2937
f 1129//1101 3104//2939 3103//2938
f 1130//1102 1233//1199 3104//2939
f 3104//2939 1234//1200 3107//2942
f 3107//2942 1235//1201 3110//2945
f 3110//2945 168//168 1310//1274
f 3109//2944 1310//1274 1309//1273
f 3108//2943 1309//1273 1308//1272
f 1250//1214 1308//1272 166//166
f 1249//1213 3108//2943 1250//1214
f 1248//1212 3105//2940 1249//1213
f 3112//2947 3114//2949 3111//2946
f 3113//2948 3115//2950 3112//2947
f 3115//2950 3117//2952 3114//2949
f 3116//2951 3118//2953 3115//2950
f 1143//1115 1307//1271 176//176
f 1144//1116 3111//2946 1143//1115
f 1145//1117 3112//2947 1144//1116
f 142//142 3113//2948 1145//1117
f 1115//1087 3116//2951 3113//2948
f 1114//1086 3119//2954 3116//2951
f 1113//1085 1349//1313 3119//2954
f 3119//2954 1348//1312 3118//2953
f 3118//2953 1347//1311 3117//2952
f 3117//2952 164//164 1305//1269
f 3114//2949 1305//1269 1306//1270
f 3111//2946 1306//1270 1307//1271
f 3121//2956 3123//2958 3120//2955
f 3122//2957 3124//2959 3121//2956
f 3123//2958 3127//2962 3126//2961
f 3124//2959 3128//2963 3127//2962
f 1347//1311 1316//1280 164//164
f 1348//1312 3120//2955 1347//1311
f 1349//1313 3121//2956 1348//1312
f 188//188 3122//2957 1349//1313
f 3122//2957 1345//1309 3125//2960
f 1345//1309 3128//2963 3125//2960
f 3128//2963 187//187 1352//1316
f 3127//2962 1352//1316 1351//1315
f 3126//2961 1351//1315 1350//1314
f 1314//1278 1350//1314 163//163
f 1315//1279 3126//2961 1314//1278
f 3120//2955 1315//1279 1316//1280
f 3130//2965 3132//2967 3129//2964
f 3131//2966 3133//2968 3130//2965
f 3133//2968 3135//2970 3132//2967
f 3134//2969 3136//2971 3133//2968
f 1107//1079 1019//991 126//126
f 1108//1080 3129//2964 1107//1079
f 1109//1081 3130//2965 1108//1080
f 138//138 3131//2966 1109//1081
f 1082//1054 3134//2969 3131//2966
f 1081//1053 3137//2972 3134//2969
f 1080//1052 1355//1319 3137//2972
f 3137//2972 1354//1318 3136//2971
f 3136//2971 1353//1317 3135//2970
f 3135//2970 184//184 1017//989
f 3132//2967 1017//989 1018//990
f 3129//2964 1018//990 1019//991
f 3139//2974 3141//2976 3138//2973
f 3140//2975 3142//2977 3139//2974
f 3141//2976 3145//2980 3144//2979
f 3142//2977 3146//2981 3145//2980
f 1353//1317 1334//1298 184//184
f 1354//1318 3138//2973 1353//1317
f 1355//1319 3139//2974 1354//1318
f 186//186 3140//2975 1355//1319
f 1340//1304 3143//2978 3140//2975
f 3143//2978 1338//1302 3146//2981
f 3146//2981 185//185 1358//1322
f 3145//2980 1358//1322 1357//1321
f 3144//2979 1357//1321 1356//1320
f 1332//1296 1356//1320 183//183
f 1333//1297 3144//2979 1332//1296
f 3138//2973 1333//1297 1334//1298
f 3147//2982 3151//2986 3150//2985
f 3149//2984 3151//2986 3148//2983
f 3150//2985 3154//2989 3153//2988
f 3152//2987 3154//2989 3151//2986
f 129//129 3147//2982 1013//985
f 1016//988 3148//2983 3147//2982
f 1014//986 3148//2983 1015//987
f 125//125 3149//2984 1014//986
f 1007//979 3152//2987 3149//2984
f 1006//978 3155//2990 3152//2987
f 1005//977 1361//1325 3155//2990
f 3155//2990 1360//1324 3154//2989
f 3153//2988 1360//1324 1359//1323
f 1011//983 1359//1323 182//182
f 1012//984 3153//2988 1011//983
f 1013//985 3150//2985 1012//984
f 3156//2991 3160//2995 3159//2994
f 3158//2993 3160//2995 3157//2992
f 3160//2995 3162//2997 3159//2994
f 3160//2995 3164//2999 3163//2998
f 182//182 3156//2991 1328//1292
f 1359//1323 3157//2992 3156//2991
f 1361//1325 3157//2992 1360//1324
f 180//180 3158//2993 1361//1325
f 1322//1286 3161//2996 3158//2993
f 3161//2996 1320//1284 3164//2999
f 3164//2999 179//179 1364//1328
f 3163//2998 1364//1328 1363//1327
f 3163//2998 1362//1326 3162//2997
f 3162//2997 181//181 1326//1290
f 3159//2994 1326//1290 1327//1291
f 1328//1292 3159//2994 1327//1291
f 3166//3001 3168//3003 3165//3000
f 3167//3002 3169//3004 3166//3001
f 3169//3004 3171//3006 3168//3003
f 3170//3005 3172//3007 3169//3004
f 1002//974 1007//979 125//125
f 1003//975 3165//3000 1002//974
f 1004//976 3166//3001 1003//975
f 126//126 3167//3002 1004//976
f 1019//991 3170//3005 3167//3002
f 1018//990 3173//3008 3170//3005
f 1017//989 1367//1331 3173//3008
f 3173//3008 1366//1330 3172//3007
f 3172//3007 1365//1329 3171//3006
f 3171//3006 180//180 1005//977
f 3168//3003 1005//977 1006//978
f 3165//3000 1006//978 1007//979
f 3175//3010 3177//3012 3174//3009
f 3176//3011 3178//3013 3175//3010
f 3177//3012 3181//3016 3180//3015
f 3178//3013 3182//3017 3181//3016
f 1365//1329 1322//1286 180//180
f 1366//1330 3174//3009 1365//1329
f 1367//1331 3175//3010 1366//1330
f 184//184 3176//3011 1367//1331
f 1334//1298 3179//3014 3176//3011
f 3179//3014 1332//1296 3182//3017
f 3182//3017 183//183 1370//1334
f 3181//3016 1370//1334 1369//1333
f 3180//3015 1369//1333 1368//1332
f 1320//1284 1368//1332 179//179
f 1321//1285 3180//3015 1320//1284
f 3174//3009 1321//1285 1322//1286
f 3183//3018 3187//3022 3186//3021
f 3184//3019 3188//3023 3187//3022
f 3186//3021 3190//3025 3189//3024
f 3187//3022 3191//3026 3190//3025
f 968//940 1377//1341 112//112
f 967//939 3183//3018 968//940
f 966//938 3184//3019 967//939
f 107//107 3185//3020 966//938
f 3185//3020 1381//1345 3188//3023
f 3188//3023 1382//1346 3191//3026
f 3191//3026 196//196 764//754
f 3190//3025 764//754 763//753
f 3189//3024 763//753 762//752
f 1379//1343 762//752 194//194
f 1378//1342 3189//3024 1379//1343
f 1377//1341 3186//3021 1378//1342
f 3192//3027 3196//3031 3195//3030
f 3193//3028 3197//3032 3196//3031
f 3195//3030 3199//3034 3198//3033
f 3196//3031 3200//3035 3199//3034
f 981//953 1371//1335 111//111
f 982//954 3192//3027 981//953
f 983//955 3193//3028 982//954
f 112//112 3194//3029 983//955
f 3194//3029 1378//1342 3197//3032
f 3197//3032 1379//1343 3200//3035
f 3200//3035 194//194 767//757
f 3199//3034 767//757 766//756
f 3198//3033 766//756 765//755
f 1373//1337 765//755 191//191
f 1372//1336 3198//3033 1373//1337
f 1371//1335 3195//3030 1372//1336
f 3201//3036 3205//3040 3204//3039
f 3202//3037 3206//3041 3205//3040
f 3204//3039 3208//3043 3207//3042
f 3205//3040 3209//3044 3208//3043
f 894//866 1386//1350 110//110
f 895//867 3201//3036 894//866
f 896//868 3202//3037 895//867
f 111//111 3203//3038 896//868
f 3203//3038 1372//1336 3206//3041
f 3206//3041 1373//1337 3209//3044
f 3209//3044 191//191 770//760
f 3208//3043 770//760 769//759
f 3207//3042 769//759 768//758
f 1388//1352 768//758 200//189
f 1387//1351 3207//3042 1388//1352
f 1386//1350 3204//3039 1387//1351
f 3211//3046 3213//3048 3210//3045
f 3212//3047 3214//3049 3211//3046
f 3214//3049 3216//3051 3213//3048
f 3215//3050 3217//3052 3214//3049
f 109//109 3210//3045 1383//1347
f 945//917 3211//3046 3210//3045
f 946//918 3212//3047 3211//3046
f 947//919 1386//1350 3212//3047
f 1386//1350 3215//3050 3212//3047
f 1387//1351 3218//3053 3215//3050
f 1388//1352 773//763 3218//3053
f 3218//3053 772//762 3217//3052
f 3217//3052 771//761 3216//3051
f 3216//3051 198//198 1385//1349
f 3213//3048 1385//1349 1384//1348
f 3210//3045 1384//1348 1383//1347
f 3220//3055 3222//3057 3219//3054
f 3221//3056 3223//3058 3220//3055
f 3223//3058 3225//3060 3222//3057
f 3224//3059 3226//3061 3223//3058
f 108//108 3219//3054 1374//1338
f 951//923 3220//3055 3219//3054
f 952//924 3221//3056 3220//3055
f 953//925 1383//1347 3221//3056
f 1383//1347 3224//3059 3221//3056
f 1384//1348 3227//3062 3224//3059
f 1385//1349 776//766 3227//3062
f 3227//3062 775//765 3226//3061
f 3226//3061 774//764 3225//3060
f 3225//3060 193//193 1376//1340
f 3222//3057 1376//1340 1375//1339
f 3219//3054 1375//1339 1374//1338
f 3229//3064 3231//3066 3228//3063
f 3230//3065 3232//3067 3229//3064
f 3232//3067 3234//3069 3231//3066
f 3233//3068 3235//3070 3232//3067
f 107//107 3228//3063 1380//1344
f 930//902 3229//3064 3228//3063
f 931//903 3230//3065 3229//3064
f 932//904 1374//1338 3230//3065
f 1374//1338 3233//3068 3230//3065
f 1375//1339 3236//3071 3233//3068
f 1376//1340 779//769 3236//3071
f 3236//3071 778//768 3235//3070
f 3235//3070 777//767 3234//3069
f 3234//3069 196//196 1382//1346
f 3231//3066 1382//1346 1381//1345
f 3228//3063 1381//1345 1380//1344
f 3238//735 3240//734 3237//734
f 3239//736 3241//735 3238//735
f 3241//735 3243//734 3240//734
f 3242//736 3244//735 3241//735
f 744//734 1407//197 197//197
f 745//735 3237//734 744//734
f 746//736 3238//735 745//735
f 189//189 3239//736 746//736
f 1395//189 3242//736 3239//736
f 1396//189 3245//736 3242//736
f 1397//189 1415//1361 3245//736
f 3245//736 1414//1360 3244//735
f 3244//735 1413//1359 3243//734
f 3243//734 205//203 1409//197
f 3240//734 1409//197 1408//197
f 3237//734 1408//197 1407//197
f 3247//2215 3249//737 3246//737
f 3248//739 3250//2215 3247//2215
f 3250//2215 3252//737 3249//737
f 3251//739 3253//2215 3250//2215
f 747//737 1404//195 195//195
f 748//738 3246//737 747//737
f 749//739 3247//2215 748//738
f 197//197 3248//739 749//739
f 1407//197 3251//739 3248//739
f 1408//197 3254//739 3251//739
f 1409//197 1418//1364 3254//739
f 3254//739 1417//1363 3253//2215
f 3253//2215 1416//1362 3252//737
f 3252//737 204//202 1406//195
f 3249//737 1406//195 1405//195
f 3246//737 1405//195 1404//195
f 3256//741 3258//740 3255//740
f 3257//742 3259//741 3256//741
f 3259//741 3261//740 3258//740
f 3260//742 3262//741 3259//741
f 750//740 1410//196 199//196
f 751//741 3255//740 750//740
f 752//742 3256//741 751//741
f 195//195 3257//742 752//742
f 1404//195 3260//742 3257//742
f 1405//195 3263//742 3260//742
f 1406//195 1421//1367 3263//742
f 3263//742 1420//1366 3262//741
f 3262//741 1419//1365 3261//740
f 3261//740 206//204 1412//196
f 3258//740 1412//196 1411//196
f 3255//740 1411//196 1410//196
f 3264//743 3268//744 3267//743
f 3265//744 3269//745 3268//744
f 3267//743 3271//744 3270//743
f 3268//744 3272//745 3271//744
f 190//190 3264//743 1398//190
f 753//743 3265//744 3264//743
f 754//744 3266//745 3265//744
f 755//745 1410//196 3266//745
f 3266//745 1411//196 3269//745
f 3269//745 1412//196 3272//745
f 3272//745 206//204 1424//1370
f 3271//744 1424//1370 1423//1369
f 3270//743 1423//1369 1422//1368
f 1400//190 1422//1368 202//200
f 1399//190 3270//743 1400//190
f 1398//190 3267//743 1399//190
f 3273//746 3277//2216 3276//746
f 3274//2216 3278//748 3277//2216
f 3276//746 3280//2216 3279//746
f 3277//2216 3281//748 3280//2216
f 192//192 3273//746 1401//192
f 756//746 3274//2216 3273//746
f 757//747 3275//748 3274//2216
f 758//748 1398//190 3275//748
f 3275//748 1399//190 3278//748
f 3278//748 1400//190 3281//748
f 3281//748 202//200 1427//1373
f 3280//2216 1427//1373 1426//1372
f 3279//746 1426//1372 1425//1371
f 1403//192 1425//1371 203//201
f 1402//192 3279//746 1403//192
f 1401//192 3276//746 1402//192
f 3282//749 3286//750 3285//749
f 3283//750 3287//751 3286//750
f 3285//749 3289//750 3288//749
f 3286//750 3290//751 3289//750
f 189//189 3282//749 1395//189
f 759//749 3283//750 3282//749
f 760//750 3284//751 3283//750
f 761//751 1401//192 3284//751
f 3284//751 1402//192 3287//751
f 3287//751 1403//192 3290//751
f 3290//751 203//201 1430//1376
f 3289//750 1430//1376 1429//1375
f 3288//749 1429//1375 1428//1374
f 1397//189 1428//1374 201//199
f 1396//189 3288//749 1397//189
f 1395//189 3285//749 1396//189
f 3291//3072 3295//3076 3294//3075
f 3292//3073 3296//3077 3295//3076
f 3294//3075 3298//3079 3297//3078
f 3295//3076 3299//3080 3298//3079
f 118//118 3291//3072 1443//1389
f 956//928 3292//3073 3291//3072
f 955//927 3293//3074 3292//3073
f 954//926 1437//1383 3293//3074
f 3293//3074 1438//1384 3296//3077
f 3296//3077 1439//1385 3299//3080
f 1439//1385 1451//1397 3299//3080
f 3299//3080 1450//1396 3298//3079
f 3298//3079 1449//1395 3297//3078
f 3297//3078 211//209 1445//1391
f 1444//1390 3297//3078 1445//1391
f 1443//1389 3294//3075 1444//1390
f 3300//3081 3304//3085 3303//3084
f 3301//3082 3305//3086 3304//3085
f 3303//3084 3307//3088 3306//3087
f 3304//3085 3308//3089 3307//3088
f 117//117 3300//3081 1446//1392
f 996//968 3301//3082 3300//3081
f 997//969 3302//3083 3301//3082
f 998//970 1443//1389 3302//3083
f 3302//3083 1444//1390 3305//3086
f 3305//3086 1445//1391 3308//3089
f 1445//1391 1454//1400 3308//3089
f 3308//3089 1453//1399 3307//3088
f 3307//3088 1452//1398 3306//3087
f 3306//3087 212//210 1448//1394
f 1447//1393 3306//3087 1448//1394
f 1446//1392 3303//3084 1447//1393
f 3309//3090 3313//3094 3312//3093
f 3310//3091 3314//3095 3313//3094
f 3312//3093 3316//3097 3315//3096
f 3313//3094 3317//3098 3316//3097
f 116//116 3309//3090 1431//1377
f 957//929 3310//3091 3309//3090
f 958//930 3311//3092 3310//3091
f 959//931 1446//1392 3311//3092
f 3311//3092 1447//1393 3314//3095
f 3314//3095 1448//1394 3317//3098
f 1448//1394 1457//1403 3317//3098
f 3317//3098 1456//1402 3316//3097
f 3316//3097 1455//1401 3315//3096
f 3315//3096 207//205 1433//1379
f 1432//1378 3315//3096 1433//1379
f 1431//1377 3312//3093 1432//1378
f 3319//3100 3321//3102 3318//3099
f 3320//3101 3322//3103 3319//3100
f 3322//3103 3324//3105 3321//3102
f 3323//3104 3325//3106 3322//3103
f 978//950 1440//1386 115//115
f 979//951 3318//3099 978//950
f 980//952 3319//3100 979//951
f 116//116 3320//3101 980//952
f 1431//1377 3323//3104 3320//3101
f 1432//1378 3326//3107 3323//3104
f 3326//3107 207//205 1460//1406
f 3325//3106 1460//1406 1459//1405
f 3324//3105 1459//1405 1458//1404
f 1442//1388 1458//1404 210//208
f 3321//3102 1442//1388 1441//1387
f 3318//3099 1441//1387 1440//1386
f 3328//3109 3330//3111 3327//3108
f 3329//3110 3331//3112 3328//3109
f 3331//3112 3333//3114 3330//3111
f 3332//3113 3334//3115 3331//3112
f 987//959 1434//1380 114//114
f 988//960 3327//3108 987//959
f 989//961 3328//3109 988//960
f 115//115 3329//3110 989//961
f 1440//1386 3332//3113 3329//3110
f 1441//1387 3335//3116 3332//3113
f 3335//3116 210//208 1463//1409
f 3334//3115 1463//1409 1462//1408
f 3333//3114 1462//1408 1461//1407
f 1436//1382 1461//1407 208//206
f 3330//3111 1436//1382 1435//1381
f 3327//3108 1435//1381 1434//1380
f 3337//3118 3339//3120 3336//3117
f 3338//3119 3340//3121 3337//3118
f 3340//3121 3342//3123 3339//3120
f 3341//3122 3343//3124 3340//3121
f 936//908 1437//1383 113//113
f 937//909 3336//3117 936//908
f 938//910 3337//3118 937//909
f 114//114 3338//3119 938//910
f 1434//1380 3341//3122 3338//3119
f 1435//1381 3344//3125 3341//3122
f 3344//3125 208//206 1466//1412
f 3343//3124 1466//1412 1465//1411
f 3342//3123 1465//1411 1464//1410
f 1439//1385 1464//1410 209//207
f 3339//3120 1439//1385 1438//1384
f 3336//3117 1438//1384 1437//1383
f 1467//1413 1468//1414 1471//1417
f 1468//1414 1469//1415 1472//1418
f 1470//1416 1471//1417 1474//1420
f 1471//1417 1472//1418 1475//1421
f 1//1 222//220 1467//1413
f 222//220 223//221 1468//1414
f 223//221 224//222 1469//1415
f 224//222 7//7 285//283
f 1469//1415 285//283 286//284
f 1472//1418 286//284 287//285
f 1475//1421 287//285 8//8
f 1474//1420 1475//1421 233//231
f 1473//1419 1474//1420 232//230
f 347//345 1473//1419 231//229
f 346//344 1470//1416 1473//1419
f 345//343 1467//1413 1470//1416
f 1477//1423 1480//1426 1479//1425
f 1477//1423 1478//1424 1481//1427
f 1480//1426 1483//1429 1482//1428
f 1480//1426 1481//1427 1484//1430
f 231//229 1476//1422 282//280
f 232//230 1477//1423 1476//1422
f 232//230 233//231 1478//1424
f 233//231 8//8 306//304
f 1478//1424 306//304 307//305
f 1481//1427 307//305 308//306
f 1484//1430 308//306 9//9
f 1483//1429 1484//1430 260//258
f 1483//1429 259//257 258//256
f 1482//1428 258//256 3//3
f 1479//1425 1482//1428 284//282
f 1476//1422 1479//1425 283//281
f 1485//1431 1486//1432 1489//1435
f 1486//1432 1487//1433 1490//1436
f 1488//1434 1489//1435 1492//1438
f 1489//1435 1490//1436 1493//1439
f 258//256 1485//1431 219//217
f 259//257 1486//1432 1485//1431
f 259//257 260//258 1487//1433
f 260//258 9//9 300//298
f 1487//1433 300//298 301//299
f 1490//1436 301//299 302//300
f 1493//1439 302//300 10//10
f 1492//1438 1493//1439 317//315
f 1492//1438 316//314 315//313
f 1491//1437 315//313 4//4
f 1488//1434 1491//1437 221//219
f 1485//1431 1488//1434 220//218
f 1495//1441 1498//1444 1497//1443
f 1496//1442 1499//1445 1498//1444
f 1498//1444 1501//1447 1500//1446
f 1499//1445 1502//1448 1501//1447
f 315//313 1494//1440 234//232
f 316//314 1495//1441 1494//1440
f 317//315 1496//1442 1495//1441
f 10//10 249//247 1496//1442
f 249//247 250//248 1499//1445
f 250//248 251//249 1502//1448
f 251//249 11//11 269//267
f 1502//1448 269//267 268//266
f 1501//1447 268//266 267//265
f 1500//1446 267//265 5//5
f 1497//1443 1500//1446 236//234
f 1494//1440 1497//1443 235//233
f 1503//1449 1504//1450 1507//1453
f 1505//1451 1508//1454 1507//1453
f 1506//1452 1507//1453 1510//1456
f 1508//1454 1511//1457 1510//1456
f 5//5 267//265 1503//1449
f 268//266 1504//1450 1503//1449
f 269//267 1505//1451 1504//1450
f 11//11 336//334 1505//1451
f 336//334 337//335 1508//1454
f 337//335 338//336 1511//1457
f 338//336 12//12 281//279
f 1511//1457 281//279 280//278
f 1509//1455 1510//1456 280//278
f 254//252 1509//1455 279//277
f 253//251 1506//1452 1509//1455
f 252//250 1503//1449 1506//1452
f 1513//1459 1516//1462 1515//1461
f 1514//1460 1517//1463 1516//1462
f 1516//1462 1519//1465 1518//1464
f 1517//1463 1520//1466 1519//1465
f 279//277 1512//1458 248//246
f 280//278 1513//1459 1512//1458
f 281//279 1514//1460 1513//1459
f 12//12 323//321 1514//1460
f 323//321 322//320 1517//1463
f 322//320 321//319 1520//1466
f 321//319 7//7 224//222
f 1520//1466 224//222 223//221
f 1519//1465 223//221 222//220
f 1518//1464 222//220 1//1
f 1515//1461 1518//1464 246//244
f 1512//1458 1515//1461 247//245
f 1521//1467 1522//1468 1525//1471
f 1523//1469 1526//1472 1525//1471
f 1524//1470 1525//1471 1528//1474
f 1526//1472 1529//1475 1528//1474
f 57//57 527//523 1521//1467
f 527//523 526//522 1522//1468
f 525//521 1523//1469 1522//1468
f 37//37 503//501 1523//1469
f 503//501 502//500 1526//1472
f 502//500 501//499 1529//1475
f 501//499 59//59 429//427
f 1529//1475 429//427 430//428
f 1527//1473 1528//1474 430//428
f 587//579 1527//1473 431//429
f 586//578 1524//1470 1527//1473
f 585//577 1521//1467 1524//1470
f 1530//1476 1531//1477 1534//1480
f 1532//1478 1535//1481 1534//1480
f 1533//1479 1534//1480 1537//1483
f 1535//1481 1538//1484 1537//1483
f 89//89 213//211 1530//1476
f 213//211 214//212 1531//1477
f 215//213 1532//1478 1531//1477
f 13//13 291//289 1532//1478
f 291//289 292//290 1535//1481
f 292//290 293//291 1538//1484
f 293//291 14//14 245//243
f 1538//1484 245//243 244//242
f 1536//1482 1537//1483 244//242
f 821//793 1536//1482 243//241
f 820//792 1533//1479 1536//1482
f 819//791 1530//1476 1533//1479
f 1539//1485 1540//1486 1543//1489
f 1541//1487 1544//1490 1543//1489
f 1542//1488 1543//1489 1546//1492
f 1544//1490 1547//1493 1546//1492
f 91//91 243//241 1539//1485
f 243//241 244//242 1540//1486
f 245//243 1541//1487 1540//1486
f 14//14 342//340 1541//1487
f 342//340 343//341 1544//1490
f 343//341 344//342 1547//1493
f 344//342 15//15 227//225
f 1547//1493 227//225 226//224
f 1545//1491 1546//1492 226//224
f 818//790 1545//1491 225//223
f 817//789 1542//1488 1545//1491
f 816//788 1539//1485 1542//1488
f 1548//1494 1549//1495 1552//1498
f 1550//1496 1553//1499 1552//1498
f 1551//1497 1552//1498 1555//1501
f 1553//1499 1556//1502 1555//1501
f 90//90 225//223 1548//1494
f 225//223 226//224 1549//1495
f 227//225 1550//1496 1549//1495
f 15//15 333//331 1550//1496
f 333//331 334//332 1553//1499
f 334//332 335//333 1556//1502
f 335//333 16//16 350//348
f 1556//1502 350//348 349//347
f 1554//1500 1555//1501 349//347
f 815//787 1554//1500 348//346
f 814//786 1551//1497 1554//1500
f 813//785 1548//1494 1551//1497
f 1558//1504 1561//1507 1560//1506
f 1558//1504 1559//1505 1562//1508
f 1561//1507 1564//1510 1563//1509
f 1561//1507 1562//1508 1565//1511
f 348//346 1557//1503 810//782
f 349//347 1558//1504 1557//1503
f 349//347 350//348 1559//1505
f 350//348 16//16 312//310
f 1559//1505 312//310 313//311
f 1562//1508 313//311 314//312
f 1565//1511 314//312 17//17
f 1564//1510 1565//1511 263//261
f 1564//1510 262//260 261//259
f 1563//1509 261//259 92//92
f 1560//1506 1563//1509 812//784
f 1557//1503 1560//1506 811//783
f 1567//1513 1570//1516 1569//1515
f 1567//1513 1568//1514 1571//1517
f 1570//1516 1573//1519 1572//1518
f 1570//1516 1571//1517 1574//1520
f 261//259 1566//1512 807//779
f 262//260 1567//1513 1566//1512
f 262//260 263//261 1568//1514
f 263//261 17//17 351//349
f 1568//1514 351//349 352//350
f 1571//1517 352//350 353//351
f 1574//1520 353//351 18//18
f 1573//1519 1574//1520 299//297
f 1573//1519 298//296 297//295
f 1572//1518 297//295 93//93
f 1569//1515 1572//1518 809//781
f 1566//1512 1569//1515 808//780
f 1576//1522 1579//1525 1578//1524
f 1576//1522 1577//1523 1580//1526
f 1579//1525 1582//1528 1581//1527
f 1579//1525 1580//1526 1583//1529
f 297//295 1575//1521 804//776
f 298//296 1576//1522 1575//1521
f 298//296 299//297 1577//1523
f 299//297 18//18 311//309
f 1577//1523 311//309 310//308
f 1580//1526 310//308 309//307
f 1583//1529 309//307 13//13
f 1582//1528 1583//1529 215//213
f 1582//1528 214//212 213//211
f 1581//1527 213//211 89//89
f 1578//1524 1581//1527 806//778
f 1575//1521 1578//1524 805//777
f 1584//1530 1585//1531 1588//1534
f 1585//1531 1586//1532 1589//1535
f 1587//1533 1588//1534 1591//1537
f 1588//1534 1589//1535 1592//1538
f 97//97 273//271 1584//1530
f 273//271 274//272 1585//1531
f 274//272 275//273 1586//1532
f 275//273 19//19 228//226
f 1586//1532 228//226 229//227
f 1589//1535 229//227 230//228
f 1592//1538 230//228 20//20
f 1591//1537 1592//1538 242//240
f 1590//1536 1591//1537 241//239
f 857//829 1590//1536 240//238
f 856//828 1587//1533 1590//1536
f 855//827 1584//1530 1587//1533
f 1593//1539 1594//1540 1597//1543
f 1594//1540 1595//1541 1598//1544
f 1596//1542 1597//1543 1600//1546
f 1597//1543 1598//1544 1601//1547
f 96//96 240//238 1593//1539
f 240//238 241//239 1594//1540
f 241//239 242//240 1595//1541
f 242//240 20//20 354//352
f 354//352 355//353 1598//1544
f 355//353 356//354 1601//1547
f 356//354 21//21 296//294
f 1600//1546 1601//1547 296//294
f 1599//1545 1600//1546 295//293
f 854//826 1599//1545 294//292
f 853//825 1596//1542 1599//1545
f 852//824 1593//1539 1596//1542
f 1602//1548 1603//1549 1606//1552
f 1603//1549 1604//1550 1607//1553
f 1605//1551 1606//1552 1609//1555
f 1606//1552 1607//1553 1610//1556
f 98//98 294//292 1602//1548
f 294//292 295//293 1603//1549
f 295//293 296//294 1604//1550
f 21//21 276//274 1604//1550
f 276//274 277//275 1607//1553
f 277//275 278//276 1610//1556
f 278//276 22//22 218//216
f 1609//1555 1610//1556 218//216
f 1608//1554 1609//1555 217//215
f 851//823 1608//1554 216//214
f 850//822 1605//1551 1608//1554
f 849//821 1602//1548 1605//1551
f 1612//1558 1615//1561 1614//1560
f 1612//1558 1613//1559 1616//1562
f 1615//1561 1618//1564 1617//1563
f 1615//1561 1616//1562 1619//1565
f 216//214 1611//1557 846//818
f 217//215 1612//1558 1611//1557
f 217//215 218//216 1613//1559
f 218//216 22//22 330//328
f 1613//1559 330//328 331//329
f 1616//1562 331//329 332//330
f 1619//1565 332//330 23//23
f 1618//1564 1619//1565 341//339
f 1618//1564 340//338 339//337
f 1617//1563 339//337 100//100
f 1614//1560 1617//1563 848//820
f 1611//1557 1614//1560 847//819
f 1621//1567 1624//1570 1623//1569
f 1622//1568 1625//1571 1624//1570
f 1624//1570 1627//1573 1626//1572
f 1625//1571 1628//1574 1627//1573
f 339//337 1620//1566 843//815
f 340//338 1621//1567 1620//1566
f 340//338 341//339 1622//1568
f 341//339 23//23 318//316
f 1622//1568 318//316 319//317
f 1625//1571 319//317 320//318
f 320//318 24//24 305//303
f 1628//1574 305//303 304//302
f 1627//1573 304//302 303//301
f 1626//1572 303//301 99//99
f 1623//1569 1626//1572 845//817
f 1620//1566 1623//1569 844//816
f 1630//1576 1633//1579 1632//1578
f 1631//1577 1634//1580 1633//1579
f 1633//1579 1636//1582 1635//1581
f 1634//1580 1637//1583 1636//1582
f 303//301 1629//1575 840//812
f 304//302 1630//1576 1629//1575
f 305//303 1631//1577 1630//1576
f 305//303 24//24 290//288
f 290//288 289//287 1634//1580
f 289//287 288//286 1637//1583
f 288//286 19//19 275//273
f 1637//1583 275//273 274//272
f 1636//1582 274//272 273//271
f 1635//1581 273//271 97//97
f 1632//1578 1635//1581 842//814
f 1629//1575 1632//1578 841//813
f 1640//1586 1638//1584 1650//1596
f 1642//1588 1638//1584 1640//1586
f 1644//1590 1638//1584 1642//1588
f 1645//1591 1646//1592 1638//1584
f 1647//1593 1648//1594 1638//1584
f 1650//1596 1638//1584 1648//1594
f 428//426 1639//1585 404//402
f 427//425 1640//1586 1639//1585
f 404//402 1639//1585 1650//1596
f 381//379 1641//1587 426//424
f 381//379 382//380 1642//1588
f 1641//1587 1640//1586 427//425
f 678//668 1643//1589 383//381
f 679//669 1644//1590 1643//1589
f 1643//1589 1642//1588 382//380
f 81//81 681//671 1645//1591
f 681//671 682//672 1646//1592
f 680//670 1645//1591 1644//1590
f 82//82 366//364 1647//1593
f 366//364 367//365 1648//1594
f 683//673 1647//1593 1646//1592
f 402//400 1649//1595 368//366
f 403//401 1650//1596 1649//1595
f 1649//1595 1648//1594 367//365
f 1652//1598 1655//1601 1654//1600
f 1653//1599 1656//1602 1655//1601
f 1655//1601 1658//1604 1657//1603
f 1656//1602 1659//1605 1658//1604
f 272//270 1651//1597 276//274
f 271//269 1652//1598 1651//1597
f 270//268 1653//1599 1652//1598
f 3//3 219//217 1653//1599
f 219//217 220//218 1656//1602
f 220//218 221//219 1659//1605
f 221//219 4//4 264//262
f 1659//1605 264//262 265//263
f 1658//1604 265//263 266//264
f 1657//1603 266//264 22//22
f 1654//1600 1657//1603 278//276
f 1651//1597 1654//1600 277//275
f 1660//1606 1661//1607 1664//1610
f 1661//1607 1662//1608 1665//1611
f 1663//1609 1664//1610 1667//1613
f 1664//1610 1665//1611 1668//1614
f 22//22 266//264 1660//1606
f 266//264 265//263 1661//1607
f 265//263 264//262 1662//1608
f 264//262 4//4 234//232
f 1662//1608 234//232 235//233
f 1665//1611 235//233 236//234
f 1668//1614 236//234 5//5
f 1667//1613 1668//1614 324//322
f 1666//1612 1667//1613 325//323
f 332//330 1666//1612 326//324
f 331//329 1663//1609 1666//1612
f 330//328 1660//1606 1663//1609
f 1669//1615 1670//1616 1673//1619
f 1670//1616 1671//1617 1674//1620
f 1672//1618 1673//1619 1676//1622
f 1673//1619 1674//1620 1677//1623
f 23//23 326//324 1669//1615
f 326//324 325//323 1670//1616
f 325//323 324//322 1671//1617
f 324//322 5//5 252//250
f 1671//1617 252//250 253//251
f 1674//1620 253//251 254//252
f 1677//1623 254//252 6//6
f 1676//1622 1677//1623 255//253
f 1675//1621 1676//1622 256//254
f 320//318 1675//1621 257//255
f 319//317 1672//1618 1675//1621
f 318//316 1669//1615 1672//1618
f 1678//1624 1679//1625 1682//1628
f 1680//1626 1683//1629 1682//1628
f 1681//1627 1682//1628 1685//1631
f 1683//1629 1686//1632 1685//1631
f 70//70 518//516 1678//1624
f 517//515 1679//1625 1678//1624
f 516//514 1680//1626 1679//1625
f 31//31 456//454 1680//1626
f 456//454 457//455 1683//1629
f 457//455 458//456 1686//1632
f 458//456 37//37 525//521
f 1686//1632 525//521 526//522
f 1684//1630 1685//1631 526//522
f 578//570 1684//1630 527//523
f 577//569 1681//1627 1684//1630
f 576//568 1678//1624 1681//1627
f 1687//1633 1688//1634 1691//1637
f 1688//1634 1689//1635 1692//1638
f 1690//1636 1691//1637 1694//1640
f 1691//1637 1692//1638 1695//1641
f 79//79 674//664 1687//1633
f 674//664 673//663 1688//1634
f 673//663 672//662 1689//1635
f 672//662 27//27 375//373
f 1689//1635 375//373 376//374
f 1692//1638 376//374 377//375
f 1695//1641 377//375 30//30
f 1694//1640 1695//1641 684//674
f 1693//1639 1694//1640 685//675
f 725//715 1693//1639 686//676
f 724//714 1690//1636 1693//1639
f 723//713 1687//1633 1690//1636
f 1697//1643 1700//1646 1699//1645
f 1698//1644 1701//1647 1700//1646
f 1699//1645 1700//1646 1703//1649
f 1700//1646 1701//1647 1704//1650
f 680//670 1696//1642 717//707
f 679//669 1697//1643 1696//1642
f 678//668 1698//1644 1697//1643
f 28//28 365//363 1698//1644
f 365//363 364//362 1701//1647
f 1701//1647 364//362 363//361
f 1704//1650 363//361 27//27
f 1703//1649 1704//1650 672//662
f 1702//1648 1703//1649 673//663
f 719//709 1702//1648 674//664
f 718//708 1699//1645 1702//1648
f 1696//1642 1699//1645 718//708
f 1706//1652 1709//1655 1708//1654
f 1707//1653 1710//1656 1709//1655
f 1709//1655 1712//1658 1711//1657
f 1710//1656 1713//1659 1712//1658
f 33//33 422//420 1705//1651
f 421//419 1706//1652 1705//1651
f 420//418 1707//1653 1706//1652
f 35//35 387//385 1707//1653
f 387//385 388//386 1710//1656
f 388//386 389//387 1713//1659
f 389//387 27//27 363//361
f 1713//1659 363//361 364//362
f 1712//1658 364//362 365//363
f 1711//1657 365//363 28//28
f 1708//1654 1711//1657 383//381
f 1705//1651 1708//1654 382//380
f 1715//1661 1718//1664 1717//1663
f 1716//1662 1719//1665 1718//1664
f 1718//1664 1721//1667 1720//1666
f 1719//1665 1722//1668 1721//1667
f 419//417 1714//1660 387//385
f 418//416 1715//1661 1714//1660
f 417//415 1716//1662 1715//1661
f 32//32 398//396 1716//1662
f 398//396 397//395 1719//1665
f 397//395 396//394 1722//1668
f 396//394 30//30 377//375
f 1722//1668 377//375 376//374
f 1721//1667 376//374 375//373
f 1720//1666 375//373 27//27
f 1717//1663 1720//1666 389//387
f 1714//1660 1717//1663 388//386
f 1723//1669 1724//1670 1727//1673
f 1724//1670 1725//1671 1728//1674
f 1726//1672 1727//1673 1730//1676
f 1727//1673 1728//1674 1731//1677
f 36//36 416//414 1723//1669
f 416//414 415//413 1724//1670
f 415//413 414//412 1725//1671
f 34//34 404//402 1725//1671
f 1725//1671 404//402 403//401
f 1728//1674 403//401 402//400
f 1731//1677 402//400 29//29
f 1730//1676 1731//1677 371//369
f 1729//1675 1730//1676 370//368
f 408//406 1729//1675 369//367
f 409//407 1726//1672 1729//1675
f 410//408 1723//1669 1726//1672
f 1732//1678 1733//1679 1736//1682
f 1733//1679 1734//1680 1737//1683
f 1735//1681 1736//1682 1739//1685
f 1736//1682 1737//1683 1740//1686
f 31//31 413//411 1732//1678
f 413//411 412//410 1733//1679
f 412//410 411//409 1734//1680
f 411//409 36//36 410//408
f 1734//1680 410//408 409//407
f 1737//1683 409//407 408//406
f 1740//1686 408//406 25//25
f 1739//1685 1740//1686 357//355
f 1738//1684 1739//1685 358//356
f 239//237 1738//1684 359//357
f 238//236 1735//1681 1738//1684
f 237//235 1732//1678 1735//1681
f 1741//1687 1742//1688 1745//1691
f 1743//1689 1746//1692 1745//1691
f 1744//1690 1745//1691 1748//1694
f 1746//1692 1749//1695 1748//1694
f 40//40 449//447 1741//1687
f 449//447 448//446 1742//1688
f 447//445 1743//1689 1742//1688
f 72//72 540//536 1743//1689
f 540//536 541//537 1746//1692
f 541//537 542//538 1749//1695
f 542//538 48//48 438//436
f 1749//1695 438//436 439//437
f 1747//1693 1748//1694 439//437
f 584//576 1747//1693 440//438
f 583//575 1744//1690 1747//1693
f 582//574 1741//1687 1744//1690
f 1751//1697 1754//1700 1753//1699
f 1751//1697 1752//1698 1755//1701
f 1753//1699 1754//1700 1757//1703
f 1754//1700 1755//1701 1758//1704
f 230//228 1750//1696 393//391
f 229//227 1751//1697 1750//1696
f 228//226 1752//1698 1751//1697
f 19//19 392//390 1752//1698
f 1752//1698 392//390 391//389
f 1755//1701 391//389 390//388
f 1758//1704 390//388 36//36
f 1757//1703 1758//1704 411//409
f 1756//1702 1757//1703 412//410
f 395//393 1756//1702 413//411
f 394//392 1753//1699 1756//1702
f 1750//1696 1753//1699 394//392
f 1759//1705 1760//1706 1763//1709
f 1761//1707 1764//1710 1763//1709
f 1762//1708 1763//1709 1766//1712
f 1764//1710 1767//1713 1766//1712
f 19//19 288//286 1759//1705
f 288//286 289//287 1760//1706
f 289//287 290//288 1761//1707
f 24//24 386//384 1761//1707
f 386//384 385//383 1764//1710
f 385//383 384//382 1767//1713
f 384//382 34//34 414//412
f 1766//1712 1767//1713 414//412
f 1765//1711 1766//1712 415//413
f 390//388 1765//1711 416//414
f 391//389 1762//1708 1765//1711
f 392//390 1759//1705 1762//1708
f 1769//1715 1772//1718 1771//1717
f 1770//1716 1773//1719 1772//1718
f 1772//1718 1775//1721 1774//1720
f 1773//1719 1776//1722 1775//1721
f 345//343 1768//1714 405//403
f 346//344 1769//1715 1768//1714
f 347//345 1770//1716 1769//1715
f 2//2 380//378 1770//1716
f 380//378 379//377 1773//1719
f 379//377 378//376 1776//1722
f 378//376 32//32 417//415
f 1776//1722 417//415 418//416
f 1775//1721 418//416 419//417
f 1774//1720 419//417 35//35
f 1771//1717 1774//1720 407//405
f 1768//1714 1771//1717 406//404
f 1777//1723 1778//1724 1781//1727
f 1778//1724 1779//1725 1782//1728
f 1780//1726 1781//1727 1784//1730
f 1781//1727 1782//1728 1785//1731
f 6//6 248//246 1777//1723
f 248//246 247//245 1778//1724
f 247//245 246//244 1779//1725
f 246//244 1//1 405//403
f 1779//1725 405//403 406//404
f 406//404 407//405 1785//1731
f 407//405 35//35 420//418
f 1785//1731 420//418 421//419
f 1784//1730 421//419 422//420
f 401//399 1783//1729 422//420
f 400//398 1780//1726 1783//1729
f 399//397 1777//1723 1780//1726
f 1787//1733 1790//1736 1789//1735
f 1788//1734 1791//1737 1790//1736
f 1790//1736 1793//1739 1792//1738
f 1791//1737 1794//1740 1793//1739
f 327//325 1786//1732 570//562
f 328//326 1787//1733 1786//1732
f 329//327 1788//1734 1787//1733
f 20//20 393//391 1788//1734
f 393//391 394//392 1791//1737
f 1791//1737 394//392 395//393
f 395//393 31//31 516//514
f 1794//1740 516//514 517//515
f 1793//1739 517//515 518//516
f 1792//1738 518//516 70//70
f 1789//1735 1792//1738 572//564
f 1786//1732 1789//1735 571//563
f 1796//1742 1799//1745 1798//1744
f 1796//1742 1797//1743 1800//1746
f 1799//1745 1802//1748 1801//1747
f 1799//1745 1800//1746 1803//1749
f 257//255 1795//1741 386//384
f 256//254 1796//1742 1795//1741
f 256//254 255//253 1797//1743
f 255//253 6//6 399//397
f 1797//1743 399//397 400//398
f 1800//1746 400//398 401//399
f 1803//1749 401//399 33//33
f 1802//1748 1803//1749 426//424
f 1802//1748 427//425 428//426
f 1801//1747 428//426 34//34
f 1798//1744 1801//1747 384//382
f 1795//1741 1798//1744 385//383
f 1804//1750 1805//1751 1808//1754
f 1805//1751 1806//1752 1809//1755
f 1807//1753 1808//1754 1811//1757
f 1808//1754 1809//1755 1812//1758
f 77//77 647//637 1804//1750
f 647//637 646//636 1805//1751
f 646//636 645//635 1806//1752
f 645//635 78//78 489//487
f 1806//1752 489//487 490//488
f 1809//1755 490//488 491//489
f 1812//1758 491//489 47//47
f 1811//1757 1812//1758 782//772
f 1810//1756 1811//1757 781//771
f 558//550 1810//1756 780//770
f 559//551 1807//1753 1810//1756
f 560//552 1804//1750 1807//1753
f 1814//1760 1817//1763 1816//1762
f 1814//1760 1815//1761 1818//1764
f 1817//1763 1820//1766 1819//1765
f 1817//1763 1818//1764 1821//1767
f 695//685 1813//1759 474//472
f 694//684 1814//1760 1813//1759
f 694//684 693//683 1815//1761
f 693//683 85//85 480//478
f 1815//1761 480//478 481//479
f 1818//1764 481//479 482//480
f 1821//1767 482//480 50//50
f 1820//1766 1821//1767 504//502
f 1820//1766 505//503 506//504
f 1819//1765 506//504 45//45
f 1816//1762 1819//1765 476//474
f 1813//1759 1816//1762 475//473
f 1823//1769 1826//1772 1825//1771
f 1824//1770 1827//1773 1826//1772
f 1826//1772 1829//1775 1828//1774
f 1827//1773 1830//1776 1829//1775
f 237//235 1822//1768 456//454
f 238//236 1823//1769 1822//1768
f 239//237 1824//1770 1823//1769
f 26//26 462//460 1824//1770
f 462//460 463//461 1827//1773
f 463//461 464//462 1830//1776
f 464//462 38//38 434//432
f 1830//1776 434//432 433//431
f 1829//1775 433//431 432//430
f 1828//1774 432//430 37//37
f 1825//1771 1828//1774 458//456
f 1822//1768 1825//1771 457//455
f 1831//1777 1832//1778 1835//1781
f 1832//1778 1833//1779 1836//1782
f 1834//1780 1835//1781 1838//1784
f 1835//1781 1836//1782 1839//1785
f 83//83 686//676 1831//1777
f 686//676 685//675 1832//1778
f 685//675 684//674 1833//1779
f 684//674 30//30 465//463
f 1833//1779 465//463 466//464
f 1836//1782 466//464 467//465
f 1839//1785 467//465 39//39
f 1838//1784 1839//1785 690//680
f 1837//1783 1838//1784 691//681
f 713//703 1837//1783 692//682
f 712//702 1834//1780 1837//1783
f 711//701 1831//1777 1834//1780
f 1841//1787 1844//1790 1843//1789
f 1842//1788 1845//1791 1844//1790
f 1844//1790 1847//1793 1846//1792
f 1845//1791 1848//1794 1847//1793
f 432//430 1840//1786 503//501
f 433//431 1841//1787 1840//1786
f 434//432 1842//1788 1841//1787
f 38//38 507//505 1842//1788
f 507//505 508//506 1845//1791
f 508//506 509//507 1848//1794
f 509//507 56//56 441//439
f 1848//1794 441//439 442//440
f 1847//1793 442//440 443//441
f 1846//1792 443//441 59//59
f 1843//1789 1846//1792 501//499
f 1840//1786 1843//1789 502//500
f 1849//1795 1850//1796 1853//1799
f 1850//1796 1851//1797 1854//1800
f 1852//1798 1853//1799 1856//1802
f 1853//1799 1854//1800 1857//1803
f 30//30 396//394 1849//1795
f 396//394 397//395 1850//1796
f 397//395 398//396 1851//1797
f 398//396 32//32 461//459
f 1851//1797 461//459 460//458
f 1854//1800 460//458 459//457
f 1857//1803 459//457 40//40
f 1856//1802 1857//1803 446//444
f 1855//1801 1856//1802 445//443
f 467//465 1855//1801 444//442
f 466//464 1852//1798 1855//1801
f 465//463 1849//1795 1852//1798
f 1859//1805 1862//1808 1861//1807
f 1860//1806 1863//1809 1862//1808
f 1862//1808 1865//1811 1864//1810
f 1863//1809 1866//1812 1865//1811
f 533//529 1858//1804 666//656
f 532//528 1859//1805 1858//1804
f 531//527 1860//1806 1859//1805
f 55//55 450//448 1860//1806
f 450//448 451//449 1863//1809
f 451//449 452//450 1866//1812
f 452//450 46//46 591//583
f 1866//1812 591//583 592//584
f 1865//1811 592//584 593//585
f 1864//1810 593//585 67//67
f 1861//1807 1864//1810 668//658
f 1858//1804 1861//1807 667//657
f 1868//1814 1871//1817 1870//1816
f 1869//1815 1872//1818 1871//1817
f 1871//1817 1874//1820 1873//1819
f 1872//1818 1875//1821 1874//1820
f 650//640 1867//1813 596//588
f 649//639 1868//1814 1867//1813
f 648//638 1869//1815 1868//1814
f 76//76 498//496 1869//1815
f 498//496 499//497 1872//1818
f 499//497 500//498 1875//1821
f 500//498 42//42 785//775
f 1875//1821 785//775 784//774
f 1874//1820 784//774 783//773
f 1873//1819 783//773 41//41
f 1870//1816 1873//1819 594//586
f 1867//1813 1870//1816 595//587
f 1877//1823 1880//1826 1879//1825
f 1878//1824 1881//1827 1880//1826
f 1880//1826 1883//1829 1882//1828
f 1881//1827 1884//1830 1883//1829
f 437//435 1876//1822 507//505
f 436//434 1877//1823 1876//1822
f 435//433 1878//1824 1877//1823
f 86//86 474//472 1878//1824
f 474//472 475//473 1881//1827
f 475//473 476//474 1884//1830
f 476//474 45//45 528//524
f 1884//1830 528//524 529//525
f 1883//1829 529//525 530//526
f 1882//1828 530//526 56//56
f 1879//1825 1882//1828 509//507
f 1876//1822 1879//1825 508//506
f 1885//1831 1886//1832 1889//1835
f 1887//1833 1890//1836 1889//1835
f 1888//1834 1889//1835 1892//1838
f 1890//1836 1893//1839 1892//1838
f 67//67 656//646 1885//1831
f 656//646 655//645 1886//1832
f 654//644 1887//1833 1886//1832
f 75//75 596//588 1887//1833
f 596//588 595//587 1890//1836
f 595//587 594//586 1893//1839
f 594//586 41//41 537//533
f 1893//1839 537//533 538//534
f 1891//1837 1892//1838 538//534
f 548//544 1891//1837 539//535
f 547//543 1888//1834 1891//1837
f 546//542 1885//1831 1888//1834
f 1894//1840 1895//1841 1898//1844
f 1895//1841 1896//1842 1899//1845
f 1897//1843 1898//1844 1901//1847
f 1898//1844 1899//1845 1902//1848
f 85//85 692//682 1894//1840
f 692//682 691//681 1895//1841
f 691//681 690//680 1896//1842
f 690//680 39//39 494//492
f 1896//1842 494//492 493//491
f 1899//1845 493//491 492//490
f 1902//1848 492//490 60//60
f 1901//1847 1902//1848 486//484
f 1900//1846 1901//1847 487//485
f 482//480 1900//1846 488//486
f 481//479 1897//1843 1900//1846
f 480//478 1894//1840 1897//1843
f 1903//1849 1904//1850 1907//1853
f 1904//1850 1905//1851 1908//1854
f 1906//1852 1907//1853 1910//1856
f 1907//1853 1908//1854 1911//1857
f 63//63 653//643 1903//1849
f 653//643 652//642 1904//1850
f 652//642 651//641 1905//1851
f 651//641 77//77 560//552
f 1905//1851 560//552 559//551
f 1908//1854 559//551 558//550
f 1911//1857 558//550 43//43
f 1910//1856 1911//1857 696//686
f 1909//1855 1910//1856 697//687
f 707//697 1909//1855 698//688
f 706//696 1906//1852 1909//1855
f 705//695 1903//1849 1906//1852
f 1912//1858 1913//1859 1916//1862
f 1914//1860 1917//1863 1916//1862
f 1915//1861 1916//1862 1919//1865
f 1917//1863 1920//1866 1919//1865
f 78//78 659//649 1912//1858
f 659//649 658//648 1913//1859
f 657//647 1914//1860 1913//1859
f 68//68 543//539 1914//1860
f 543//539 544//540 1917//1863
f 544//540 545//541 1920//1866
f 545//541 73//73 477//475
f 1920//1866 477//475 478//476
f 1918//1864 1919//1865 478//476
f 491//489 1918//1864 479//477
f 490//488 1915//1861 1918//1864
f 489//487 1912//1858 1915//1861
f 1922//1868 1925//1871 1924//1870
f 1922//1868 1923//1869 1926//1872
f 1924//1870 1925//1871 1928//1874
f 1926//1872 1929//1875 1928//1874
f 557//549 1921//1867 609//599
f 556//548 1922//1868 1921//1867
f 556//548 555//547 1923//1869
f 555//547 65//65 639//629
f 1923//1869 639//629 640//630
f 640//630 641//631 1929//1875
f 641//631 69//69 636//626
f 1929//1875 636//626 637//627
f 1927//1873 1928//1874 637//627
f 611//601 1927//1873 638//628
f 610//600 1924//1870 1927//1873
f 1921//1867 1924//1870 610//600
f 1931//1877 1934//1880 1933//1879
f 1931//1877 1932//1878 1935//1881
f 1934//1880 1937//1883 1936//1882
f 1934//1880 1935//1881 1938//1884
f 521//519 1930//1876 471//469
f 520//518 1931//1877 1930//1876
f 520//518 519//517 1932//1878
f 519//517 74//74 534//530
f 1932//1878 534//530 535//531
f 1935//1881 535//531 536//532
f 1938//1884 536//532 55//55
f 1937//1883 1938//1884 453//451
f 1937//1883 454//452 455//453
f 1936//1882 455//453 44//44
f 1933//1879 1936//1882 473//471
f 1930//1876 1933//1879 472//470
f 1939//1885 1940//1886 1943//1889
f 1941//1887 1944//1890 1943//1889
f 1942//1888 1943//1889 1946//1892
f 1944//1890 1947//1893 1946//1892
f 46//46 431//429 1939//1885
f 431//429 430//428 1940//1886
f 429//427 1941//1887 1940//1886
f 59//59 566//558 1941//1887
f 566//558 565//557 1944//1890
f 565//557 564//556 1947//1893
f 564//556 75//75 654//644
f 1947//1893 654//644 655//645
f 1945//1891 1946//1892 655//645
f 593//585 1945//1891 656//646
f 592//584 1942//1888 1945//1891
f 591//583 1939//1885 1942//1888
f 1948//1894 1949//1895 1952//1898
f 1949//1895 1950//1896 1953//1899
f 1951//1897 1952//1898 1955//1901
f 1952//1898 1953//1899 1956//1902
f 39//39 444//442 1948//1894
f 444//442 445//443 1949//1895
f 445//443 446//444 1950//1896
f 446//444 40//40 582//574
f 1950//1896 582//574 583//575
f 1953//1899 583//575 584//576
f 1956//1902 584//576 49//49
f 1955//1901 1956//1902 495//493
f 1954//1900 1955//1901 496//494
f 492//490 1954//1900 497//495
f 493//491 1951//1897 1954//1900
f 494//492 1948//1894 1951//1897
f 1958//1904 1961//1907 1960//1906
f 1959//1905 1962//1908 1961//1907
f 1961//1907 1964//1910 1963//1909
f 1962//1908 1965//1911 1964//1910
f 69//69 641//631 1957//1903
f 641//631 640//630 1958//1904
f 639//629 1959//1905 1958//1904
f 65//65 666//656 1959//1905
f 666//656 667//657 1962//1908
f 667//657 668//658 1965//1911
f 668//658 67//67 546//542
f 1965//1911 546//542 547//543
f 1964//1910 547//543 548//544
f 1963//1909 548//544 61//61
f 643//633 1960//1906 1963//1909
f 644//634 1957//1903 1960//1906
f 1967//1913 1970//1916 1969//1915
f 1968//1914 1971//1917 1970//1916
f 1969//1915 1970//1916 1973//1919
f 1970//1916 1971//1917 1974//1920
f 569//561 1966//1912 515//513
f 568//560 1967//1913 1966//1912
f 567//559 1968//1914 1967//1913
f 51//51 579//571 1968//1914
f 579//571 580//572 1971//1917
f 1971//1917 580//572 581//573
f 1974//1920 581//573 52//52
f 1973//1919 1974//1920 570//562
f 1972//1918 1973//1919 571//563
f 513//511 1972//1918 572//564
f 514//512 1969//1915 1972//1918
f 1966//1912 1969//1915 514//512
f 1976//1922 1979//1925 1978//1924
f 1976//1922 1977//1923 1980//1926
f 1978//1924 1979//1925 1982//1928
f 1979//1925 1980//1926 1983//1929
f 510//508 1975//1921 380//378
f 510//508 511//509 1976//1922
f 511//509 512//510 1977//1923
f 512//510 51//51 567//559
f 1977//1923 567//559 568//560
f 1980//1926 568//560 569//561
f 1983//1929 569//561 71//71
f 1982//1928 1983//1929 423//421
f 1981//1927 1982//1928 424//422
f 378//376 1981//1927 425//423
f 1978//1924 1981//1927 378//376
f 1975//1921 1978//1924 379//377
f 1984//1930 1985//1931 1988//1934
f 1986//1932 1989//1935 1988//1934
f 1987//1933 1988//1934 1991//1937
f 1989//1935 1992//1938 1991//1937
f 49//49 440//438 1984//1930
f 440//438 439//437 1985//1931
f 438//436 1986//1932 1985//1931
f 48//48 588//580 1986//1932
f 588//580 589//581 1989//1935
f 589//581 590//582 1992//1938
f 590//582 68//68 657//647
f 1992//1938 657//647 658//648
f 1990//1936 1991//1937 658//648
f 563//555 1990//1936 659//649
f 562//554 1987//1933 1990//1936
f 561//553 1984//1930 1987//1933
f 1993//1939 1994//1940 1997//1943
f 1995//1941 1998//1944 1997//1943
f 1996//1942 1997//1943 2000//1946
f 1998//1944 2001//1947 2000//1946
f 32//32 425//423 1993//1939
f 425//423 424//422 1994//1940
f 424//422 423//421 1995//1941
f 71//71 573//565 1995//1941
f 573//565 574//566 1998//1944
f 574//566 575//567 2001//1947
f 575//567 72//72 447//445
f 2001//1947 447//445 448//446
f 1999//1945 2000//1946 448//446
f 459//457 1999//1945 449//447
f 460//458 1996//1942 1999//1945
f 461//459 1993//1939 1996//1942
f 2002//1948 2003//1949 2006//1952
f 2003//1949 2004//1950 2007//1953
f 2005//1951 2006//1952 2009//1955
f 2006//1952 2007//1953 2010//1956
f 58//58 471//469 2002//1948
f 471//469 472//470 2003//1949
f 472//470 473//471 2004//1950
f 473//471 44//44 483//481
f 2004//1950 483//481 484//482
f 2007//1953 484//482 485//483
f 2010//1956 485//483 48//48
f 2009//1955 2010//1956 542//538
f 2008//1954 2009//1955 541//537
f 624//614 2008//1954 540//536
f 625//615 2005//1951 2008//1954
f 626//616 2002//1948 2005//1951
f 2013//1959 2011//1957 2023//1969
f 2014//1960 2015//1961 2011//1957
f 2016//1962 2017//1963 2011//1957
f 2019//1965 2011//1957 2017//1963
f 2020//1966 2021//1967 2011//1957
f 2022//1968 2023//1969 2011//1957
f 602//592 2012//1958 696//686
f 601//591 2013//1959 2012//1958
f 2012//1958 2023//1969 697//687
f 62//62 638//628 2014//1960
f 638//628 637//627 2015//1961
f 600//590 2014//1960 2013//1959
f 69//69 632//622 2016//1962
f 632//622 631//621 2017//1963
f 636//626 2016//1962 2015//1961
f 470//468 2018//1964 630//620
f 469//467 2019//1965 2018//1964
f 2018//1964 2017//1963 631//621
f 88//88 701//691 2020//1966
f 701//691 700//690 2021//1967
f 468//466 2020//1966 2019//1965
f 87//87 698//688 2022//1968
f 698//688 697//687 2023//1969
f 699//689 2022//1968 2021//1967
f 2026//1972 2024//1970 2036//1982
f 2027//1973 2028//1974 2024//1970
f 2029//1975 2030//1976 2024//1970
f 2032//1978 2024//1970 2030//1976
f 2034//1980 2024//1970 2032//1978
f 2035//1981 2036//1982 2024//1970
f 329//327 2025//1971 354//352
f 328//326 2026//1972 2025//1971
f 2025//1971 2036//1982 355//353
f 52//52 581//573 2027//1973
f 580//572 2028//1974 2027//1973
f 327//325 2027//1973 2026//1972
f 51//51 512//510 2029//1975
f 512//510 511//509 2030//1976
f 2029//1975 2028//1974 580//572
f 282//280 2031//1977 510//508
f 283//281 2032//1978 2031//1977
f 2031//1977 2030//1976 511//509
f 270//268 2033//1979 284//282
f 271//269 2034//1980 2033//1979
f 284//282 2033//1979 2032//1978
f 21//21 356//354 2035//1981
f 356//354 355//353 2036//1982
f 272//270 2035//1981 2034//1980
f 2038//1984 2041//1987 2040//1986
f 2038//1984 2039//1985 2042//1988
f 2041//1987 2044//1990 2043//1989
f 2041//1987 2042//1988 2045//1991
f 54//54 608//598 2037//1983
f 608//598 607//597 2038//1984
f 606//596 2039//1985 2038//1984
f 53//53 615//605 2039//1985
f 2039//1985 615//605 616//606
f 2042//1988 616//606 617//607
f 2045//1991 617//607 74//74
f 2044//1990 2045//1991 519//517
f 2044//1990 520//518 521//519
f 2043//1989 521//519 58//58
f 2040//1986 2043//1989 614//604
f 2037//1983 2040//1986 613//603
f 2047//1993 2050//1993 2049//1992
f 2048//1994 2051//1994 2050//1993
f 2050//1993 2053//1993 2052//1992
f 2050//1993 2051//1994 2054//1994
f 59//59 443//441 2046//1992
f 443//441 442//440 2047//1993
f 442//440 441//439 2048//1994
f 441//439 56//56 522//520
f 522//520 523//520 2051//1994
f 523//520 524//520 2054//1994
f 2054//1994 524//520 76//76
f 2053//1993 2054//1994 648//638
f 2053//1993 649//639 650//640
f 2052//1992 650//640 75//75
f 565//557 2049//1992 2052//1992
f 566//558 2046//1992 2049//1992
f 2056//1996 2059//1999 2058//1998
f 2057//1997 2060//2000 2059//1999
f 2059//1999 2062//2002 2061//2001
f 2060//2000 2063//2003 2062//2002
f 47//47 479//477 2055//1995
f 479//477 478//476 2056//1996
f 477//475 2057//1997 2056//1996
f 73//73 629//619 2057//1997
f 629//619 628//618 2060//2000
f 628//618 627//617 2063//2003
f 627//617 62//62 600//590
f 2063//2003 600//590 601//591
f 2062//2002 601//591 602//592
f 2061//2001 602//592 43//43
f 2058//1998 2061//2001 780//770
f 2055//1995 2058//1998 781//771
f 2064//2004 2065//2005 2068//2005
f 2065//2005 2066//2006 2069//2006
f 2068//2005 2071//2007 2070//2004
f 2068//2005 2069//2006 2072//2006
f 497//495 2064//2004 554//546
f 496//494 2065//2005 2064//2004
f 495//493 2066//2006 2065//2005
f 49//49 561//553 2066//2006
f 561//553 562//554 2069//2006
f 562//554 563//555 2072//2006
f 2072//2006 563//555 78//78
f 2072//2006 645//635 646//636
f 2071//2007 646//636 647//637
f 2070//2004 647//637 77//77
f 553//546 2067//2004 2070//2004
f 554//546 2064//2004 2067//2004
f 2074//2009 2077//2012 2076//2011
f 2075//2010 2078//2013 2077//2012
f 2077//2012 2080//2015 2079//2014
f 2078//2013 2081//2016 2080//2015
f 644//634 2073//2008 632//622
f 643//633 2074//2009 2073//2008
f 642//632 2075//2010 2074//2009
f 61//61 539//535 2075//2010
f 539//535 538//534 2078//2013
f 2078//2013 538//534 537//533
f 2081//2016 537//533 41//41
f 2081//2016 783//773 784//774
f 2080//2015 784//774 785//775
f 2079//2014 785//775 42//42
f 2076//2011 2079//2014 630//620
f 2073//2008 2076//2011 631//621
f 2083//2018 2086//2021 2085//2020
f 2083//2018 2084//2019 2087//2022
f 2086//2021 2089//2024 2088//2023
f 2086//2021 2087//2022 2090//2025
f 606//596 2082//2017 620//610
f 607//597 2083//2018 2082//2017
f 607//597 608//598 2084//2019
f 608//598 54//54 621//611
f 2084//2019 621//611 622//612
f 2087//2022 622//612 623//613
f 2090//2025 623//613 71//71
f 2089//2024 2090//2025 515//513
f 2089//2024 514//512 513//511
f 2088//2023 513//511 70//70
f 2085//2020 2088//2023 618//608
f 2082//2017 2085//2020 619//609
f 2091//2026 2092//2027 2095//2030
f 2092//2027 2093//2028 2096//2031
f 2094//2029 2095//2030 2098//2033
f 2095//2030 2096//2031 2099//2034
f 66//66 609//599 2091//2026
f 609//599 610//600 2092//2027
f 611//601 2093//2028 2092//2027
f 62//62 627//617 2093//2028
f 627//617 628//618 2096//2031
f 628//618 629//619 2099//2034
f 2099//2034 629//619 73//73
f 2098//2033 2099//2034 545//541
f 2097//2032 2098//2033 544//540
f 665//655 2097//2032 543//539
f 664//654 2094//2029 2097//2032
f 663//653 2091//2026 2094//2029
f 2101//2036 2104//2039 2103//2038
f 2102//2037 2105//2040 2104//2039
f 2104//2039 2107//2042 2106//2041
f 2105//2040 2108//2043 2107//2042
f 536//532 2100//2035 450//448
f 535//531 2101//2036 2100//2035
f 534//530 2102//2037 2101//2036
f 74//74 633//623 2102//2037
f 633//623 634//624 2105//2040
f 634//624 635//625 2108//2043
f 635//625 57//57 585//577
f 2108//2043 585//577 586//578
f 2107//2042 586//578 587//579
f 2106//2041 587//579 46//46
f 2103//2038 2106//2041 452//450
f 2100//2035 2103//2038 451//449
f 2109//2044 2110//2045 2113//2048
f 2110//2045 2111//2046 2114//2049
f 2112//2047 2113//2048 2116//2051
f 2113//2048 2114//2049 2117//2052
f 54//54 612//602 2109//2044
f 612//602 613//603 2110//2045
f 613//603 614//604 2111//2046
f 614//604 58//58 626//616
f 2111//2046 626//616 625//615
f 2114//2049 625//615 624//614
f 2117//2052 624//614 72//72
f 2116//2051 2117//2052 575//567
f 2115//2050 2116//2051 574//566
f 623//613 2115//2050 573//565
f 622//612 2112//2047 2115//2050
f 621//611 2109//2044 2112//2047
f 2119//2054 2122//2057 2121//2056
f 2120//2055 2123//2058 2122//2057
f 2122//2057 2125//2060 2124//2059
f 2123//2058 2126//2061 2125//2060
f 617//607 2118//2053 633//623
f 616//606 2119//2054 2118//2053
f 615//605 2120//2055 2119//2054
f 53//53 620//610 2120//2055
f 620//610 619//609 2123//2058
f 619//609 618//608 2126//2061
f 618//608 70//70 576//568
f 2126//2061 576//568 577//569
f 2125//2060 577//569 578//570
f 2124//2059 578//570 57//57
f 2121//2056 2124//2059 635//625
f 2118//2053 2121//2056 634//624
f 2128//2063 2131//2063 2130//2062
f 2128//2063 2129//2064 2132//2064
f 2131//2063 2134//2063 2133//2062
f 2131//2063 2132//2064 2135//2064
f 488//486 2127//2062 549//545
f 487//485 2128//2063 2127//2062
f 486//484 2129//2064 2128//2063
f 60//60 554//546 2129//2064
f 554//546 553//546 2132//2064
f 553//546 552//546 2135//2064
f 552//546 77//77 651//641
f 2135//2064 651//641 652//642
f 2134//2063 652//642 653//643
f 2133//2062 653//643 63//63
f 550//545 2130//2062 2133//2062
f 549//545 2127//2062 2130//2062
f 2137//2066 2140//2066 2139//2065
f 2137//2066 2138//2067 2141//2067
f 2140//2066 2143//2066 2142//2065
f 2140//2066 2141//2067 2144//2067
f 506//504 2136//2065 597//589
f 505//503 2137//2066 2136//2065
f 505//503 504//502 2138//2067
f 50//50 549//545 2138//2067
f 549//545 550//545 2141//2067
f 550//545 551//545 2144//2067
f 551//545 63//63 669//659
f 2143//2066 2144//2067 669//659
f 2143//2066 670//660 671//661
f 2142//2065 671//661 64//64
f 2139//2065 2142//2065 599//589
f 597//589 2136//2065 2139//2065
f 2146//2069 2149//2069 2148//2068
f 2146//2069 2147//2070 2150//2070
f 2149//2069 2152//2069 2151//2068
f 2149//2069 2150//2070 2153//2070
f 56//56 530//526 2145//2068
f 529//525 2146//2069 2145//2068
f 529//525 528//524 2147//2070
f 528//524 45//45 597//589
f 597//589 598//589 2150//2070
f 598//589 599//589 2153//2070
f 599//589 64//64 660//650
f 2152//2069 2153//2070 660//650
f 2152//2069 661//651 662//652
f 524//520 2151//2068 662//652
f 523//520 2148//2068 2151//2068
f 2145//2068 2148//2068 523//520
f 2155//2072 2158//2075 2157//2074
f 2155//2072 2156//2073 2159//2076
f 2158//2075 2161//2078 2160//2077
f 2158//2075 2159//2076 2162//2079
f 455//453 2154//2071 603//593
f 454//452 2155//2072 2154//2071
f 454//452 453//451 2156//2073
f 453//451 55//55 531//527
f 2156//2073 531//527 532//528
f 2159//2076 532//528 533//529
f 2162//2079 533//529 65//65
f 2161//2078 2162//2079 555//547
f 2161//2078 556//548 557//549
f 2160//2077 557//549 66//66
f 2157//2074 2160//2077 605//595
f 2154//2071 2157//2074 604//594
f 2163//2080 2164//2081 2167//2084
f 2164//2081 2165//2082 2168//2085
f 2166//2083 2167//2084 2170//2087
f 2167//2084 2168//2085 2171//2088
f 44//44 603//593 2163//2080
f 603//593 604//594 2164//2081
f 604//594 605//595 2165//2082
f 605//595 66//66 663//653
f 2165//2082 663//653 664//654
f 2168//2085 664//654 665//655
f 2171//2088 665//655 68//68
f 2170//2087 2171//2088 590//582
f 2169//2086 2170//2087 589//581
f 485//483 2169//2086 588//580
f 484//482 2166//2083 2169//2086
f 483//481 2163//2080 2166//2083
f 2173//2090 2176//2093 2175//2092
f 2174//2091 2177//2094 2176//2093
f 2176//2093 2179//2096 2178//2095
f 2177//2094 2180//2097 2179//2096
f 662//652 2172//2089 498//496
f 661//651 2173//2090 2172//2089
f 660//650 2174//2091 2173//2090
f 64//64 702//692 2174//2091
f 702//692 703//693 2177//2094
f 703//693 704//694 2180//2097
f 704//694 88//88 468//466
f 2180//2097 468//466 469//467
f 2179//2096 469//467 470//468
f 2178//2095 470//468 42//42
f 2175//2092 2178//2095 500//498
f 2172//2089 2175//2092 499//497
f 2182//2099 2185//2102 2184//2101
f 2182//2099 2183//2100 2186//2103
f 2185//2102 2188//2105 2187//2104
f 2185//2102 2186//2103 2189//2106
f 671//661 2181//2098 702//692
f 670//660 2182//2099 2181//2098
f 670//660 669//659 2183//2100
f 669//659 63//63 705//695
f 2183//2100 705//695 706//696
f 2186//2103 706//696 707//697
f 2189//2106 707//697 87//87
f 2189//2106 699//689 700//690
f 2187//2104 2188//2105 700//690
f 2187//2104 701//691 88//88
f 2184//2101 2187//2104 704//694
f 2181//2098 2184//2101 703//693
f 2191//2108 2194//2111 2193//2110
f 2192//2109 2195//2112 2194//2111
f 2194//2111 2197//2114 2196//2113
f 2195//2112 2198//2115 2197//2114
f 374//372 2190//2107 462//460
f 373//371 2191//2108 2190//2107
f 372//370 2192//2109 2191//2108
f 84//84 708//698 2192//2109
f 708//698 709//699 2195//2112
f 709//699 710//700 2198//2115
f 710//700 86//86 435//433
f 2198//2115 435//433 436//434
f 2197//2114 436//434 437//435
f 2196//2113 437//435 38//38
f 2193//2110 2196//2113 464//462
f 2190//2107 2193//2110 463//461
f 2200//2117 2203//2120 2202//2119
f 2200//2117 2201//2118 2204//2121
f 2203//2120 2206//2123 2205//2122
f 2203//2120 2204//2121 2207//2124
f 689//679 2199//2116 708//698
f 688//678 2200//2117 2199//2116
f 688//678 687//677 2201//2118
f 687//677 83//83 711//701
f 2201//2118 711//701 712//702
f 2204//2121 712//702 713//703
f 2207//2124 713//703 85//85
f 2206//2123 2207//2124 693//683
f 2206//2123 694//684 695//685
f 2205//2122 695//685 86//86
f 2202//2119 2205//2122 710//700
f 2199//2116 2202//2119 709//699
f 2208//2125 2209//2126 2212//2129
f 2209//2126 2210//2127 2213//2130
f 2212//2129 2215//2132 2214//2131
f 2213//2130 2216//2133 2215//2132
f 29//29 368//366 2208//2125
f 368//366 367//365 2209//2126
f 367//365 366//364 2210//2127
f 366//364 82//82 714//704
f 2210//2127 714//704 715//705
f 715//705 716//706 2216//2133
f 716//706 80//80 360//358
f 2216//2133 360//358 361//359
f 2215//2132 361//359 362//360
f 2214//2131 362//360 25//25
f 2211//2128 2214//2131 369//367
f 371//369 2208//2125 2211//2128
f 2217//2134 2218//2135 2221//2138
f 2219//2136 2222//2139 2221//2138
f 2221//2138 2224//2141 2223//2140
f 2221//2138 2222//2139 2225//2142
f 82//82 683//673 2217//2134
f 683//673 682//672 2218//2135
f 681//671 2219//2136 2218//2135
f 81//81 717//707 2219//2136
f 717//707 718//708 2222//2139
f 2222//2139 718//708 719//709
f 2225//2142 719//709 79//79
f 2224//2141 2225//2142 675//665
f 2224//2141 676//666 677//667
f 2223//2140 677//667 80//80
f 2220//2137 2223//2140 716//706
f 714//704 2217//2134 2220//2137
f 2227//2144 2230//2147 2229//2146
f 2228//2145 2231//2148 2230//2147
f 2230//2147 2233//2150 2232//2149
f 2231//2148 2234//2151 2233//2150
f 362//360 2226//2143 357//355
f 361//359 2227//2144 2226//2143
f 360//358 2228//2145 2227//2144
f 80//80 720//710 2228//2145
f 720//710 721//711 2231//2148
f 721//711 722//712 2234//2151
f 722//712 84//84 372//370
f 2234//2151 372//370 373//371
f 2233//2150 373//371 374//372
f 2232//2149 374//372 26//26
f 2229//2146 2232//2149 359//357
f 2226//2143 2229//2146 358//356
f 2236//2153 2239//2156 2238//2155
f 2236//2153 2237//2154 2240//2157
f 2239//2156 2242//2159 2241//2158
f 2239//2156 2240//2157 2243//2160
f 677//667 2235//2152 720//710
f 676//666 2236//2153 2235//2152
f 676//666 675//665 2237//2154
f 675//665 79//79 723//713
f 2237//2154 723//713 724//714
f 2240//2157 724//714 725//715
f 2243//2160 725//715 83//83
f 2242//2159 2243//2160 687//677
f 2242//2159 688//678 689//679
f 2241//2158 689//679 84//84
f 2238//2155 2241//2158 722//712
f 2235//2152 2238//2155 721//711
f 2244//2161 2245//2162 2248//2165
f 2245//2162 2246//2163 2249//2166
f 2247//2164 2248//2165 2251//2168
f 2248//2165 2249//2166 2252//2169
f 732//722 2244//2161 323//321
f 732//722 733//723 2245//2162
f 733//723 734//724 2246//2163
f 734//724 194//194 762//752
f 2246//2163 762//752 763//753
f 2249//2166 763//753 764//754
f 2252//2169 764//754 196//196
f 2251//2168 2252//2169 737//727
f 2250//2167 2251//2168 736//726
f 2250//2167 735//725 7//7
f 2247//2164 2250//2167 321//319
f 2244//2161 2247//2164 322//320
f 2253//2170 2254//2171 2257//2174
f 2254//2171 2255//2172 2258//2175
f 2256//2173 2257//2174 2260//2177
f 2257//2174 2258//2175 2261//2178
f 726//716 2253//2170 336//334
f 726//716 727//717 2254//2171
f 727//717 728//718 2255//2172
f 728//718 191//191 765//755
f 2255//2172 765//755 766//756
f 2258//2175 766//756 767//757
f 2261//2178 767//757 194//194
f 2260//2177 2261//2178 734//724
f 2259//2176 2260//2177 733//723
f 2259//2176 732//722 12//12
f 2256//2173 2259//2176 338//336
f 2253//2170 2256//2173 337//335
f 2262//2179 2263//2180 2266//2183
f 2263//2180 2264//2181 2267//2184
f 2265//2182 2266//2183 2269//2186
f 2266//2183 2267//2184 2270//2187
f 741//731 2262//2179 249//247
f 741//731 742//732 2263//2180
f 742//732 743//733 2264//2181
f 743//733 200//189 768//758
f 2264//2181 768//758 769//759
f 2267//2184 769//759 770//760
f 2270//2187 770//760 191//191
f 2269//2186 2270//2187 728//718
f 2268//2185 2269//2186 727//717
f 2268//2185 726//716 11//11
f 2265//2182 2268//2185 251//249
f 2262//2179 2265//2182 250//248
f 2272//2189 2275//2192 2274//2191
f 2273//2190 2276//2193 2275//2192
f 2275//2192 2278//2195 2277//2194
f 2276//2193 2279//2196 2278//2195
f 9//9 738//728 2271//2188
f 739//729 2272//2189 2271//2188
f 740//730 2273//2190 2272//2189
f 198//198 771//761 2273//2190
f 771//761 772//762 2276//2193
f 772//762 773//763 2279//2196
f 773//763 200//189 743//733
f 2279//2196 743//733 742//732
f 2278//2195 742//732 741//731
f 302//300 2277//2194 741//731
f 301//299 2274//2191 2277//2194
f 300//298 2271//2188 2274//2191
f 2281//2198 2284//2201 2283//2200
f 2282//2199 2285//2202 2284//2201
f 2284//2201 2287//2204 2286//2203
f 2285//2202 2288//2205 2287//2204
f 8//8 729//719 2280//2197
f 730//720 2281//2198 2280//2197
f 731//721 2282//2199 2281//2198
f 193//193 774//764 2282//2199
f 774//764 775//765 2285//2202
f 775//765 776//766 2288//2205
f 776//766 198//198 740//730
f 2288//2205 740//730 739//729
f 2287//2204 739//729 738//728
f 308//306 2286//2203 738//728
f 307//305 2283//2200 2286//2203
f 306//304 2280//2197 2283//2200
f 2290//2207 2293//2210 2292//2209
f 2291//2208 2294//2211 2293//2210
f 2293//2210 2296//2213 2295//2212
f 2294//2211 2297//2214 2296//2213
f 7//7 735//725 2289//2206
f 736//726 2290//2207 2289//2206
f 737//727 2291//2208 2290//2207
f 196//196 777//767 2291//2208
f 777//767 778//768 2294//2211
f 778//768 779//769 2297//2214
f 779//769 193//193 731//721
f 2297//2214 731//721 730//720
f 2296//2213 730//720 729//719
f 287//285 2295//2212 729//719
f 286//284 2292//2209 2295//2212
f 285//283 2289//2206 2292//2209
f 2299//734 2302//735 2301//735
f 2300//734 2303//735 2302//735
f 2302//735 2305//736 2304//736
f 2303//735 2306//736 2305//736
f 798//197 2298//734 744//734
f 799//197 2299//734 2298//734
f 800//197 2300//734 2299//734
f 93//93 804//776 2300//734
f 804//776 805//777 2303//735
f 805//777 806//778 2306//736
f 806//778 89//89 788//189
f 2306//736 788//189 787//189
f 2305//736 787//189 786//189
f 2304//736 786//189 189//189
f 2301//735 2304//736 746//736
f 2298//734 2301//735 745//735
f 2308//737 2311//2215 2310//2215
f 2309//737 2312//2215 2311//2215
f 2311//2215 2314//739 2313//739
f 2312//2215 2315//739 2314//739
f 795//195 2307//737 747//737
f 796//195 2308//737 2307//737
f 797//195 2309//737 2308//737
f 92//92 807//779 2309//737
f 807//779 808//780 2312//2215
f 808//780 809//781 2315//739
f 809//781 93//93 800//197
f 2315//739 800//197 799//197
f 2314//739 799//197 798//197
f 2313//739 798//197 197//197
f 2310//2215 2313//739 749//739
f 2307//737 2310//2215 748//738
f 2317//740 2320//741 2319//741
f 2318//740 2321//741 2320//741
f 2320//741 2323//742 2322//742
f 2321//741 2324//742 2323//742
f 801//196 2316//740 750//740
f 802//196 2317//740 2316//740
f 803//196 2318//740 2317//740
f 94//94 810//782 2318//740
f 810//782 811//783 2321//741
f 811//783 812//784 2324//742
f 812//784 92//92 797//195
f 2324//742 797//195 796//195
f 2323//742 796//195 795//195
f 2322//742 795//195 195//195
f 2319//741 2322//742 752//742
f 2316//740 2319//741 751//741
f 2325//743 2326//743 2329//744
f 2326//743 2327//743 2330//744
f 2328//744 2329//744 2332//745
f 2329//744 2330//744 2333//745
f 190//190 789//190 2325//743
f 789//190 790//190 2326//743
f 790//190 791//190 2327//743
f 791//190 90//90 813//785
f 2327//743 813//785 814//786
f 2330//744 814//786 815//787
f 2333//745 815//787 94//94
f 2332//745 2333//745 803//196
f 2331//745 2332//745 802//196
f 755//745 2331//745 801//196
f 754//744 2328//744 2331//745
f 753//743 2325//743 2328//744
f 2334//746 2335//746 2338//2216
f 2335//746 2336//746 2339//2216
f 2337//2216 2338//2216 2341//748
f 2338//2216 2339//2216 2342//748
f 192//192 792//192 2334//746
f 792//192 793//192 2335//746
f 793//192 794//192 2336//746
f 794//192 91//91 816//788
f 2336//746 816//788 817//789
f 2339//2216 817//789 818//790
f 2342//748 818//790 90//90
f 2341//748 2342//748 791//190
f 2340//748 2341//748 790//190
f 758//748 2340//748 789//190
f 757//747 2337//2216 2340//748
f 756//746 2334//746 2337//2216
f 2343//749 2344//749 2347//750
f 2344//749 2345//749 2348//750
f 2346//750 2347//750 2350//751
f 2347//750 2348//750 2351//751
f 189//189 786//189 2343//749
f 786//189 787//189 2344//749
f 787//189 788//189 2345//749
f 788//189 89//89 819//791
f 2345//749 819//791 820//792
f 2348//750 820//792 821//793
f 2351//751 821//793 91//91
f 2350//751 2351//751 794//192
f 2349//751 2350//751 793//192
f 761//751 2349//751 792//192
f 760//750 2346//750 2349//751
f 759//749 2343//749 2346//750
f 2352//2217 2353//2218 2356//2221
f 2353//2218 2354//2219 2357//2222
f 2355//2220 2356//2221 2359//2224
f 2356//2221 2357//2222 2360//2225
f 18//18 834//806 2352//2217
f 834//806 835//807 2353//2218
f 835//807 836//808 2354//2219
f 99//99 840//812 2354//2219
f 840//812 841//813 2357//2222
f 841//813 842//814 2360//2225
f 842//814 97//97 830//802
f 2359//2224 2360//2225 830//802
f 2358//2223 2359//2224 829//801
f 309//307 2358//2223 828//800
f 310//308 2355//2220 2358//2223
f 311//309 2352//2217 2355//2220
f 2361//2226 2362//2227 2365//2230
f 2362//2227 2363//2228 2366//2231
f 2364//2229 2365//2230 2368//2233
f 2365//2230 2366//2231 2369//2234
f 17//17 837//809 2361//2226
f 837//809 838//810 2362//2227
f 838//810 839//811 2363//2228
f 100//100 843//815 2363//2228
f 843//815 844//816 2366//2231
f 844//816 845//817 2369//2234
f 845//817 99//99 836//808
f 2368//2233 2369//2234 836//808
f 2367//2232 2368//2233 835//807
f 353//351 2367//2232 834//806
f 352//350 2364//2229 2367//2232
f 351//349 2361//2226 2364//2229
f 2370//2235 2371//2236 2374//2239
f 2371//2236 2372//2237 2375//2240
f 2373//2238 2374//2239 2377//2242
f 2374//2239 2375//2240 2378//2243
f 16//16 822//794 2370//2235
f 822//794 823//795 2371//2236
f 823//795 824//796 2372//2237
f 95//95 846//818 2372//2237
f 846//818 847//819 2375//2240
f 847//819 848//820 2378//2243
f 848//820 100//100 839//811
f 2377//2242 2378//2243 839//811
f 2376//2241 2377//2242 838//810
f 314//312 2376//2241 837//809
f 313//311 2373//2238 2376//2241
f 312//310 2370//2235 2373//2238
f 2380//2245 2383//2248 2382//2247
f 2381//2246 2384//2249 2383//2248
f 2383//2248 2386//2251 2385//2250
f 2384//2249 2387//2252 2386//2251
f 831//803 2379//2244 333//331
f 832//804 2380//2245 2379//2244
f 833//805 2381//2246 2380//2245
f 833//805 98//98 849//821
f 2381//2246 849//821 850//822
f 2384//2249 850//822 851//823
f 2387//2252 851//823 95//95
f 2387//2252 824//796 823//795
f 2386//2251 823//795 822//794
f 2385//2250 822//794 16//16
f 2382//2247 2385//2250 335//333
f 2379//2244 2382//2247 334//332
f 2389//2254 2392//2257 2391//2256
f 2390//2255 2393//2258 2392//2257
f 2392//2257 2395//2260 2394//2259
f 2393//2258 2396//2261 2395//2260
f 825//797 2388//2253 342//340
f 826//798 2389//2254 2388//2253
f 827//799 2390//2255 2389//2254
f 827//799 96//96 852//824
f 2390//2255 852//824 853//825
f 2393//2258 853//825 854//826
f 2396//2261 854//826 98//98
f 2396//2261 833//805 832//804
f 2395//2260 832//804 831//803
f 2394//2259 831//803 15//15
f 2391//2256 2394//2259 344//342
f 2388//2253 2391//2256 343//341
f 2398//2263 2401//2266 2400//2265
f 2399//2264 2402//2267 2401//2266
f 2401//2266 2404//2269 2403//2268
f 2402//2267 2405//2270 2404//2269
f 828//800 2397//2262 291//289
f 829//801 2398//2263 2397//2262
f 830//802 2399//2264 2398//2263
f 830//802 97//97 855//827
f 2399//2264 855//827 856//828
f 2402//2267 856//828 857//829
f 2405//2270 857//829 96//96
f 2405//2270 827//799 826//798
f 2404//2269 826//798 825//797
f 2403//2268 825//797 14//14
f 2400//2265 2403//2268 293//291
f 2397//2262 2400//2265 292//290
f 2406//2271 2407//2272 2410//2275
f 2407//2272 2408//2273 2411//2276
f 2409//2274 2410//2275 2413//2278
f 2410//2275 2411//2276 2414//2279
f 101//101 990//962 2406//2271
f 990//962 991//963 2407//2272
f 991//963 992//964 2408//2273
f 992//964 102//102 876//848
f 2408//2273 876//848 877//849
f 2411//2276 877//849 878//850
f 2414//2279 878//850 108//108
f 2413//2278 2414//2279 932//904
f 2412//2277 2413//2278 931//903
f 869//841 2412//2277 930//902
f 868//840 2409//2274 2412//2277
f 867//839 2406//2271 2409//2274
f 2416//2281 2419//2284 2418//2283
f 2417//2282 2420//2285 2419//2284
f 2418//2283 2419//2284 2422//2287
f 2419//2284 2420//2285 2423//2288
f 927//899 2415//2280 876//848
f 928//900 2416//2281 2415//2280
f 929//901 2417//2282 2416//2281
f 103//103 903//875 2417//2282
f 903//875 904//876 2420//2285
f 2420//2285 904//876 905//877
f 2423//2288 905//877 109//109
f 2422//2287 2423//2288 953//925
f 2421//2286 2422//2287 952//924
f 878//850 2421//2286 951//923
f 877//849 2418//2283 2421//2286
f 2415//2280 2418//2283 877//849
f 2424//2289 2425//2290 2428//2293
f 2425//2290 2426//2291 2429//2294
f 2427//2292 2428//2293 2431//2296
f 2428//2293 2429//2294 2432//2297
f 864//836 2424//2289 903//875
f 865//837 2425//2290 2424//2289
f 866//838 2426//2291 2425//2290
f 104//104 960//932 2426//2291
f 960//932 961//933 2429//2294
f 2429//2294 961//933 962//934
f 2432//2297 962//934 110//110
f 2431//2296 2432//2297 947//919
f 2430//2295 2431//2296 946//918
f 905//877 2430//2295 945//917
f 904//876 2427//2292 2430//2295
f 2424//2289 2427//2292 904//876
f 2434//2299 2437//2302 2436//2301
f 2435//2300 2438//2303 2437//2302
f 2437//2302 2440//2305 2439//2304
f 2438//2303 2441//2306 2440//2305
f 879//851 2433//2298 960//932
f 880//852 2434//2299 2433//2298
f 881//853 2435//2300 2434//2299
f 105//105 912//884 2435//2300
f 912//884 913//885 2438//2303
f 913//885 914//886 2441//2306
f 914//886 111//111 896//868
f 2441//2306 896//868 895//867
f 2440//2305 895//867 894//866
f 2439//2304 894//866 110//110
f 2436//2301 2439//2304 962//934
f 2433//2298 2436//2301 961//933
f 2442//2307 2443//2308 2446//2311
f 2443//2308 2444//2309 2447//2312
f 2446//2311 2449//2314 2448//2313
f 2447//2312 2450//2315 2449//2314
f 105//105 897//869 2442//2307
f 897//869 898//870 2443//2308
f 898//870 899//871 2444//2309
f 899//871 106//106 924//896
f 2444//2309 924//896 925//897
f 925//897 926//898 2450//2315
f 926//898 112//112 983//955
f 2450//2315 983//955 982//954
f 2449//2314 982//954 981//953
f 2448//2313 981//953 111//111
f 2445//2310 2448//2313 914//886
f 2442//2307 2445//2310 913//885
f 2452//2317 2455//2320 2454//2319
f 2453//2318 2456//2321 2455//2320
f 2455//2320 2458//2323 2457//2322
f 2456//2321 2459//2324 2458//2323
f 893//865 2451//2316 924//896
f 892//864 2452//2317 2451//2316
f 891//863 2453//2318 2452//2317
f 101//101 867//839 2453//2318
f 867//839 868//840 2456//2321
f 868//840 869//841 2459//2324
f 869//841 107//107 966//938
f 2459//2324 966//938 967//939
f 2458//2323 967//939 968//940
f 2457//2322 968//940 112//112
f 2454//2319 2457//2322 926//898
f 2451//2316 2454//2319 925//897
f 2460//2325 2461//2326 2464//2329
f 2461//2326 2462//2327 2465//2330
f 2464//2329 2467//2332 2466//2331
f 2465//2330 2468//2333 2467//2332
f 157//157 1230//1196 2460//2325
f 1230//1196 1231//1197 2461//2326
f 1231//1197 1232//1198 2462//2327
f 1232//1198 146//146 1076//1048
f 2462//2327 1076//1048 1075//1047
f 1075//1047 1074//1046 2468//2333
f 1074//1046 159//159 1146//1118
f 2468//2333 1146//1118 1147//1119
f 2467//2332 1147//1119 1148//1120
f 2466//2331 1148//1120 137//137
f 2463//2328 2466//2331 1170//1140
f 1172//1142 2460//2325 2463//2328
f 2469//2334 2470//2335 2473//2338
f 2470//2335 2471//2336 2474//2339
f 2473//2338 2476//2341 2475//2340
f 2474//2339 2477//2342 2476//2341
f 201//199 1428//1374 2469//2334
f 1428//1374 1429//1375 2470//2335
f 1429//1375 1430//1376 2471//2336
f 1430//1376 203//201 888//860
f 2471//2336 888//860 889//861
f 889//861 890//862 2477//2342
f 890//862 114//114 938//910
f 2477//2342 938//910 937//909
f 2476//2341 937//909 936//908
f 2475//2340 936//908 113//113
f 2472//2337 2475//2340 860//832
f 858//830 2469//2334 2472//2337
f 2478//2343 2479//2344 2482//2347
f 2479//2344 2480//2345 2483//2348
f 2482//2347 2485//2350 2484//2349
f 2483//2348 2486//2351 2485//2350
f 203//201 1425//1371 2478//2343
f 1425//1371 1426//1372 2479//2344
f 1426//1372 1427//1373 2480//2345
f 1427//1373 202//200 870//842
f 2480//2345 870//842 871//843
f 871//843 872//844 2486//2351
f 872//844 115//115 989//961
f 2486//2351 989//961 988//960
f 2485//2350 988//960 987//959
f 2484//2349 987//959 114//114
f 2481//2346 2484//2349 890//862
f 888//860 2478//2343 2481//2346
f 2487//2352 2488//2353 2491//2356
f 2488//2353 2489//2354 2492//2357
f 2491//2356 2494//2359 2493//2358
f 2492//2357 2495//2360 2494//2359
f 202//200 1422//1368 2487//2352
f 1422//1368 1423//1369 2488//2353
f 1423//1369 1424//1370 2489//2354
f 1424//1370 206//204 993//965
f 2489//2354 993//965 994//966
f 994//966 995//967 2495//2360
f 995//967 116//116 980//952
f 2495//2360 980//952 979//951
f 2494//2359 979//951 978//950
f 2493//2358 978//950 115//115
f 2490//2355 2493//2358 872//844
f 870//842 2487//2352 2490//2355
f 2497//2362 2500//2365 2499//2364
f 2498//2363 2501//2366 2500//2365
f 2499//2364 2500//2365 2503//2368
f 2500//2365 2501//2366 2504//2369
f 1419//1365 2496//2361 993//965
f 1420//1366 2497//2362 2496//2361
f 1421//1367 2498//2363 2497//2362
f 204//202 906//878 2498//2363
f 906//878 907//879 2501//2366
f 2501//2366 907//879 908//880
f 2504//2369 908//880 117//117
f 2503//2368 2504//2369 959//931
f 2502//2367 2503//2368 958//930
f 995//967 2502//2367 957//929
f 994//966 2499//2364 2502//2367
f 2496//2361 2499//2364 994//966
f 2506//2371 2509//2374 2508//2373
f 2507//2372 2510//2375 2509//2374
f 2508//2373 2509//2374 2512//2377
f 2509//2374 2510//2375 2513//2378
f 1416//1362 2505//2370 906//878
f 1417//1363 2506//2371 2505//2370
f 1418//1364 2507//2372 2506//2371
f 205//203 942//914 2507//2372
f 942//914 943//915 2510//2375
f 2510//2375 943//915 944//916
f 2513//2378 944//916 118//118
f 2512//2377 2513//2378 998//970
f 2511//2376 2512//2377 997//969
f 908//880 2511//2376 996//968
f 907//879 2508//2373 2511//2376
f 2505//2370 2508//2373 907//879
f 2515//2380 2518//2383 2517//2382
f 2516//2381 2519//2384 2518//2383
f 2517//2382 2518//2383 2521//2386
f 2518//2383 2519//2384 2522//2387
f 1413//1359 2514//2379 942//914
f 1414//1360 2515//2380 2514//2379
f 1415//1361 2516//2381 2515//2380
f 201//199 858//830 2516//2381
f 858//830 859//831 2519//2384
f 2519//2384 859//831 860//832
f 2522//2387 860//832 113//113
f 2521//2386 2522//2387 954//926
f 2520//2385 2521//2386 955//927
f 944//916 2520//2385 956//928
f 943//915 2517//2382 2520//2385
f 2514//2379 2517//2382 943//915
f 2523//2388 2524//2389 2527//2392
f 2524//2389 2525//2390 2528//2393
f 2526//2391 2527//2392 2530//2395
f 2527//2392 2528//2393 2531//2396
f 209//207 1464//1410 2523//2388
f 1464//1410 1465//1411 2524//2389
f 1465//1411 1466//1412 2525//2390
f 1466//1412 208//206 885//857
f 2525//2390 885//857 886//858
f 2528//2393 886//858 887//859
f 2531//2396 887//859 120//120
f 2530//2395 2531//2396 875//847
f 2529//2394 2530//2395 874//846
f 920//892 2529//2394 873//845
f 919//891 2526//2391 2529//2394
f 918//890 2523//2388 2526//2391
f 2532//2397 2533//2398 2536//2401
f 2533//2398 2534//2399 2537//2402
f 2535//2400 2536//2401 2539//2404
f 2536//2401 2537//2402 2540//2405
f 208//206 1461//1407 2532//2397
f 1461//1407 1462//1408 2533//2398
f 1462//1408 1463//1409 2534//2399
f 1463//1409 210//208 939//911
f 2534//2399 939//911 940//912
f 2537//2402 940//912 941//913
f 941//913 121//121 1001//973
f 2540//2405 1001//973 1000//972
f 2539//2404 1000//972 999//971
f 887//859 2538//2403 999//971
f 886//858 2535//2400 2538//2403
f 885//857 2532//2397 2535//2400
f 2541//2406 2542//2407 2545//2410
f 2542//2407 2543//2408 2546//2411
f 2544//2409 2545//2410 2548//2413
f 2545//2410 2546//2411 2549//2414
f 210//208 1458//1404 2541//2406
f 1458//1404 1459//1405 2542//2407
f 1459//1405 1460//1406 2543//2408
f 1460//1406 207//205 861//833
f 2543//2408 861//833 862//834
f 2546//2411 862//834 863//835
f 863//835 122//122 923//895
f 2549//2414 923//895 922//894
f 2548//2413 922//894 921//893
f 2547//2412 921//893 121//121
f 940//912 2544//2409 2547//2412
f 939//911 2541//2406 2544//2409
f 2551//2416 2554//2419 2553//2418
f 2552//2417 2555//2420 2554//2419
f 2553//2418 2554//2419 2557//2422
f 2554//2419 2555//2420 2558//2423
f 1455//1401 2550//2415 861//833
f 1456//1402 2551//2416 2550//2415
f 1457//1403 2552//2417 2551//2416
f 212//210 984//956 2552//2417
f 984//956 985//957 2555//2420
f 2555//2420 985//957 986//958
f 2558//2423 986//958 123//123
f 2557//2422 2558//2423 977//949
f 2556//2421 2557//2422 976//948
f 863//835 2556//2421 975//947
f 862//834 2553//2418 2556//2421
f 2550//2415 2553//2418 862//834
f 2560//2425 2563//2428 2562//2427
f 2561//2426 2564//2429 2563//2428
f 2563//2428 2566//2431 2565//2430
f 2564//2429 2567//2432 2566//2431
f 1452//1398 2559//2424 984//956
f 1453//1399 2560//2425 2559//2424
f 1454//1400 2561//2426 2560//2425
f 211//209 948//920 2561//2426
f 948//920 949//921 2564//2429
f 949//921 950//922 2567//2432
f 950//922 124//124 965//937
f 2566//2431 2567//2432 965//937
f 2565//2430 2566//2431 964//936
f 986//958 2565//2430 963//935
f 985//957 2562//2427 2565//2430
f 2559//2424 2562//2427 985//957
f 2569//2434 2572//2437 2571//2436
f 2570//2435 2573//2438 2572//2437
f 2572//2437 2575//2440 2574//2439
f 2573//2438 2576//2441 2575//2440
f 1449//1395 2568//2433 948//920
f 1450//1396 2569//2434 2568//2433
f 1451//1397 2570//2435 2569//2434
f 209//207 918//890 2570//2435
f 918//890 919//891 2573//2438
f 919//891 920//892 2576//2441
f 920//892 119//119 933//905
f 2576//2441 933//905 934//906
f 2575//2440 934//906 935//907
f 950//922 2574//2439 935//907
f 2571//2436 2574//2439 950//922
f 2568//2433 2571//2436 949//921
f 2579//2444 2577//2442 2589//2454
f 2581//2446 2577//2442 2579//2444
f 2582//2447 2583//2448 2577//2442
f 2584//2449 2585//2450 2577//2442
f 2587//2452 2577//2442 2585//2450
f 2589//2454 2577//2442 2587//2452
f 1049//1021 2578//2443 1073//1045
f 1049//1021 1048//1020 2579//2444
f 2578//2443 2589//2454 1072//1044
f 1013//985 2580//2445 1047//1019
f 1012//984 2581//2446 2580//2445
f 2580//2445 2579//2444 1048//1020
f 182//182 1328//1292 2582//2447
f 1328//1292 1327//1291 2583//2448
f 1011//983 2582//2447 2581//2446
f 181//181 1325//1289 2584//2449
f 1325//1289 1324//1288 2585//2450
f 1326//1290 2584//2449 2583//2448
f 1028//1000 2586//2451 1323//1287
f 1027//999 2587//2452 2586//2451
f 2586//2451 2585//2450 1324//1288
f 1071//1043 2588//2453 1026//998
f 1072//1044 2589//2454 2588//2453
f 1026//998 2588//2453 2587//2452
f 2591//2456 2594//2459 2593//2458
f 2592//2457 2595//2460 2594//2459
f 2594//2459 2597//2462 2596//2461
f 2595//2460 2598//2463 2597//2462
f 921//893 2590//2455 917//889
f 922//894 2591//2456 2590//2455
f 923//895 2592//2457 2591//2456
f 122//122 911//883 2592//2457
f 911//883 910//882 2595//2460
f 910//882 909//881 2598//2463
f 909//881 104//104 866//838
f 2598//2463 866//838 865//837
f 2597//2462 865//837 864//836
f 2596//2461 864//836 103//103
f 2593//2458 2596//2461 915//887
f 2590//2455 2593//2458 916//888
f 2599//2464 2600//2465 2603//2468
f 2600//2465 2601//2466 2604//2469
f 2602//2467 2603//2468 2606//2471
f 2603//2468 2604//2469 2607//2472
f 122//122 975//947 2599//2464
f 975//947 976//948 2600//2465
f 976//948 977//949 2601//2466
f 977//949 123//123 971//943
f 2601//2466 971//943 970//942
f 2604//2469 970//942 969//941
f 2607//2472 969//941 105//105
f 2606//2471 2607//2472 881//853
f 2605//2470 2606//2471 880//852
f 909//881 2605//2470 879//851
f 910//882 2602//2467 2605//2470
f 911//883 2599//2464 2602//2467
f 2608//2473 2609//2474 2612//2477
f 2609//2474 2610//2475 2613//2478
f 2611//2476 2612//2477 2615//2480
f 2612//2477 2613//2478 2616//2481
f 123//123 963//935 2608//2473
f 963//935 964//936 2609//2474
f 964//936 965//937 2610//2475
f 965//937 124//124 902//874
f 2610//2475 902//874 901//873
f 2613//2478 901//873 900//872
f 2616//2481 900//872 106//106
f 2615//2480 2616//2481 899//871
f 2614//2479 2615//2480 898//870
f 969//941 2614//2479 897//869
f 970//942 2611//2476 2614//2479
f 971//943 2608//2473 2611//2476
f 2617//2482 2618//2483 2621//2486
f 2618//2483 2619//2484 2622//2487
f 2621//2486 2624//2489 2623//2488
f 2622//2487 2625//2490 2624//2489
f 170//170 1221//1187 2617//2482
f 1221//1187 1222//1188 2618//2483
f 1222//1188 1223//1189 2619//2484
f 1223//1189 157//157 1172//1142
f 2619//2484 1172//1142 1171//1141
f 1171//1141 1170//1140 2625//2490
f 1170//1140 137//137 1103//1075
f 2625//2490 1103//1075 1102//1074
f 2624//2489 1102//1074 1101//1073
f 2623//2488 1101//1073 131//131
f 2620//2485 2623//2488 1161//1133
f 2617//2482 2620//2485 1162//1134
f 2626//2491 2627//2492 2630//2495
f 2627//2492 2628//2493 2631//2496
f 2629//2494 2630//2495 2633//2498
f 2630//2495 2631//2496 2634//2499
f 179//179 1368//1332 2626//2491
f 1368//1332 1369//1333 2627//2492
f 1369//1333 1370//1334 2628//2493
f 1370//1334 183//183 1331//1295
f 2628//2493 1331//1295 1330//1294
f 2631//2496 1330//1294 1329//1293
f 2634//2499 1329//1293 130//130
f 2633//2498 2634//2499 1022//994
f 2632//2497 2633//2498 1021//993
f 1317//1281 2632//2497 1020//992
f 1318//1282 2629//2494 2632//2497
f 1319//1283 2626//2491 2629//2494
f 2636//2501 2639//2504 2638//2503
f 2636//2501 2637//2502 2640//2505
f 2639//2504 2642//2507 2641//2506
f 2639//2504 2640//2505 2643//2508
f 1362//1326 2635//2500 1325//1289
f 1363//1327 2636//2501 2635//2500
f 1363//1327 1364//1328 2637//2502
f 1364//1328 179//179 1319//1283
f 2637//2502 1319//1283 1318//1282
f 2640//2505 1318//1282 1317//1281
f 2643//2508 1317//1281 127//127
f 2642//2507 2643//2508 1008//980
f 2642//2507 1009//981 1010//982
f 2641//2506 1010//982 128//128
f 2638//2503 2641//2506 1323//1287
f 2635//2500 2638//2503 1324//1288
f 2645//2510 2648//2513 2647//2512
f 2646//2511 2649//2514 2648//2513
f 2648//2513 2651//2516 2650//2515
f 2649//2514 2652//2517 2651//2516
f 133//133 1026//998 2644//2509
f 1027//999 2645//2510 2644//2509
f 1028//1000 2646//2511 2645//2510
f 128//128 1010//982 2646//2511
f 1010//982 1009//981 2649//2514
f 1009//981 1008//980 2652//2517
f 1008//980 127//127 1034//1006
f 2652//2517 1034//1006 1033//1005
f 2651//2516 1033//1005 1032//1004
f 2650//2515 1032//1004 135//135
f 2647//2512 2650//2515 1065//1037
f 2644//2509 2647//2512 1066//1038
f 2654//2519 2657//2522 2656//2521
f 2655//2520 2658//2523 2657//2522
f 2657//2522 2660//2525 2659//2524
f 2658//2523 2661//2526 2660//2525
f 1032//1004 2653//2518 1064//1036
f 1033//1005 2654//2519 2653//2518
f 1034//1006 2655//2520 2654//2519
f 127//127 1020//992 2655//2520
f 1020//992 1021//993 2658//2523
f 1021//993 1022//994 2661//2526
f 1022//994 130//130 1041//1013
f 2661//2526 1041//1013 1042//1014
f 2660//2525 1042//1014 1043//1015
f 2659//2524 1043//1015 132//132
f 2656//2521 2659//2524 1062//1034
f 2653//2518 2656//2521 1063//1035
f 2662//2527 2663//2528 2666//2531
f 2663//2528 2664//2529 2667//2532
f 2665//2530 2666//2531 2669//2534
f 2666//2531 2667//2532 2670//2535
f 136//136 1055//1027 2662//2527
f 1055//1027 1054//1026 2663//2528
f 1054//1026 1053//1025 2664//2529
f 1053//1025 125//125 1014//986
f 2664//2529 1014//986 1015//987
f 2667//2532 1015//987 1016//988
f 2670//2535 1016//988 129//129
f 2669//2534 2670//2535 1047//1019
f 2668//2533 2669//2534 1048//1020
f 2668//2533 1049//1021 134//134
f 1060//1032 2665//2530 2668//2533
f 1061//1033 2662//2527 2665//2530
f 2671//2536 2672//2537 2675//2540
f 2672//2537 2673//2538 2676//2541
f 2674//2539 2675//2540 2678//2543
f 2675//2540 2676//2541 2679//2544
f 131//131 882//854 2671//2536
f 882//854 883//855 2672//2537
f 883//855 884//856 2673//2538
f 884//856 126//126 1004//976
f 2673//2538 1004//976 1003//975
f 2676//2541 1003//975 1002//974
f 2679//2544 1002//974 125//125
f 2678//2543 2679//2544 1053//1025
f 2677//2542 2678//2543 1054//1026
f 1056//1028 2677//2542 1055//1027
f 1057//1029 2674//2539 2677//2542
f 1058//1030 2671//2536 2674//2539
f 2680//2545 2681//2546 2684//2549
f 2681//2546 2682//2547 2685//2550
f 2684//2549 2687//2552 2686//2551
f 2685//2550 2688//2553 2687//2552
f 140//140 1227//1193 2680//2545
f 1227//1193 1228//1194 2681//2546
f 1228//1194 1229//1195 2682//2547
f 1229//1195 149//149 1085//1057
f 2682//2547 1085//1057 1084//1056
f 1084//1056 1083//1055 2688//2553
f 1083//1055 148//148 1187//1157
f 2688//2553 1187//1157 1186//1156
f 2687//2552 1186//1156 1185//1155
f 2686//2551 1185//1155 172//172
f 2683//2548 2686//2551 1092//1064
f 1094//1066 2680//2545 2683//2548
f 2690//2555 2693//2558 2692//2557
f 2690//2555 2691//2556 2694//2559
f 2693//2558 2696//2561 2695//2560
f 2693//2558 2694//2559 2697//2562
f 1038//1010 2689//2554 875//847
f 1039//1011 2690//2555 2689//2554
f 1039//1011 1040//1012 2691//2556
f 1040//1012 131//131 1058//1030
f 2691//2556 1058//1030 1057//1029
f 2694//2559 1057//1029 1056//1028
f 2697//2562 1056//1028 136//136
f 2696//2561 2697//2562 1035//1007
f 2695//2560 2696//2561 1036//1008
f 2695//2560 1037//1009 119//119
f 2692//2557 2695//2560 873//845
f 2689//2554 2692//2557 874//846
f 2698//2563 2699//2564 2702//2567
f 2699//2564 2700//2565 2703//2568
f 2702//2567 2705//2570 2704//2569
f 2703//2568 2706//2571 2705//2570
f 119//119 1037//1009 2698//2563
f 1037//1009 1036//1008 2699//2564
f 1036//1008 1035//1007 2700//2565
f 1035//1007 136//136 1061//1033
f 2700//2565 1061//1033 1060//1032
f 2703//2568 1060//1032 1059//1031
f 1059//1031 134//134 1029//1001
f 2706//2571 1029//1001 1030//1002
f 2705//2570 1030//1002 1031//1003
f 2704//2569 1031//1003 124//124
f 934//906 2701//2566 2704//2569
f 933//905 2698//2563 2701//2566
f 2708//2573 2711//2576 2710//2575
f 2709//2574 2712//2577 2711//2576
f 2711//2576 2714//2579 2713//2578
f 2712//2577 2715//2580 2714//2579
f 1050//1022 2707//2572 990//962
f 1051//1023 2708//2573 2707//2572
f 1052//1024 2709//2574 2708//2573
f 135//135 1064//1036 2709//2574
f 1064//1036 1063//1035 2712//2577
f 1063//1035 1062//1034 2715//2580
f 1062//1034 132//132 1023//995
f 2715//2580 1023//995 1024//996
f 2714//2579 1024//996 1025//997
f 2713//2578 1025//997 102//102
f 2710//2575 2713//2578 992//964
f 2707//2572 2710//2575 991//963
f 2716//2581 2717//2582 2720//2585
f 2717//2582 2718//2583 2721//2586
f 2719//2584 2720//2585 2723//2588
f 2720//2585 2721//2586 2724//2589
f 106//106 1044//1016 2716//2581
f 1044//1016 1045//1017 2717//2582
f 1045//1017 1046//1018 2718//2583
f 1046//1018 133//133 1067//1039
f 1067//1039 1066//1038 2721//2586
f 1066//1038 1065//1037 2724//2589
f 1065//1037 135//135 1052//1024
f 2724//2589 1052//1024 1051//1023
f 2722//2587 2723//2588 1051//1023
f 891//863 2722//2587 1050//1022
f 892//864 2719//2584 2722//2587
f 893//865 2716//2581 2719//2584
f 2726//2591 2729//2594 2728//2593
f 2727//2592 2730//2595 2729//2594
f 2729//2594 2732//2597 2731//2596
f 2730//2595 2733//2598 2732//2597
f 1215//1181 2725//2590 972//944
f 1216//1182 2726//2591 2725//2590
f 1217//1183 2727//2592 2726//2591
f 170//170 1163//1135 2727//2592
f 1163//1135 1162//1134 2730//2595
f 1162//1134 1161//1133 2733//2598
f 1161//1133 131//131 1040//1012
f 2732//2597 2733//2598 1040//1012
f 2732//2597 1039//1011 1038//1010
f 2731//2596 1038//1010 120//120
f 2728//2593 2731//2596 974//946
f 2725//2590 2728//2593 973//945
f 2735//2600 2738//2603 2737//2602
f 2736//2601 2739//2604 2738//2603
f 2737//2602 2738//2603 2741//2606
f 2738//2603 2739//2604 2742//2607
f 1031//1003 2734//2599 902//874
f 1030//1002 2735//2600 2734//2599
f 1029//1001 2736//2601 2735//2600
f 134//134 1073//1045 2736//2601
f 1073//1045 1072//1044 2739//2604
f 2739//2604 1072//1044 1071//1043
f 2742//2607 1071//1043 133//133
f 2741//2606 2742//2607 1046//1018
f 2740//2605 2741//2606 1045//1017
f 900//872 2740//2605 1044//1016
f 901//873 2737//2602 2740//2605
f 2734//2599 2737//2602 901//873
f 2743//2608 2744//2609 2747//2612
f 2744//2609 2745//2610 2748//2613
f 2746//2611 2747//2612 2750//2615
f 2747//2612 2748//2613 2751//2616
f 177//177 1205//1171 2743//2608
f 1205//1171 1204//1170 2744//2609
f 1204//1170 1203//1169 2745//2610
f 1203//1169 143//143 1389//1353
f 2745//2610 1389//1353 1390//1354
f 2748//2613 1390//1354 1391//1355
f 2751//2616 1391//1355 147//147
f 2750//2615 2751//2616 1136//1108
f 2749//2614 2750//2615 1135//1107
f 1290//1254 2749//2614 1134//1106
f 1291//1255 2746//2611 2749//2614
f 1292//1256 2743//2608 2746//2611
f 2753//2618 2756//2621 2755//2620
f 2754//2619 2757//2622 2756//2621
f 2755//2620 2756//2621 2759//2624
f 2756//2621 2757//2622 2760//2625
f 1119//1091 2752//2617 1340//1304
f 1120//1092 2753//2618 2752//2617
f 1121//1093 2754//2619 2753//2618
f 145//145 1151//1123 2754//2619
f 1151//1123 1150//1122 2757//2622
f 2757//2622 1150//1122 1149//1121
f 2760//2625 1149//1121 150//150
f 2759//2624 2760//2625 1127//1099
f 2758//2623 2759//2624 1126//1098
f 1338//1302 2758//2623 1125//1097
f 1339//1303 2755//2620 2758//2623
f 2752//2617 2755//2620 1339//1303
f 2762//2627 2765//2630 2764//2629
f 2763//2628 2766//2631 2765//2630
f 2765//2630 2768//2633 2767//2632
f 2766//2631 2769//2634 2768//2633
f 1101//1073 2761//2626 882//854
f 1102//1074 2762//2627 2761//2626
f 1103//1075 2763//2628 2762//2627
f 137//137 1077//1049 2763//2628
f 1077//1049 1078//1050 2766//2631
f 1078//1050 1079//1051 2769//2634
f 1079//1051 138//138 1109//1081
f 2769//2634 1109//1081 1108//1080
f 2768//2633 1108//1080 1107//1079
f 2767//2632 1107//1079 126//126
f 2764//2629 2767//2632 884//856
f 2761//2626 2764//2629 883//855
f 2770//2635 2771//2636 2774//2639
f 2771//2636 2772//2637 2775//2640
f 2773//2638 2774//2639 2777//2642
f 2774//2639 2775//2640 2778//2643
f 183//183 1356//1320 2770//2635
f 1356//1320 1357//1321 2771//2636
f 1357//1321 1358//1322 2772//2637
f 1358//1322 185//185 1337//1301
f 2772//2637 1337//1301 1336//1300
f 2775//2640 1336//1300 1335//1299
f 2778//2643 1335//1299 139//139
f 2777//2642 2778//2643 1112//1084
f 2776//2641 2777//2642 1111//1083
f 1329//1293 2776//2641 1110//1082
f 1330//1294 2773//2638 2776//2641
f 1331//1295 2770//2635 2773//2638
f 2780//2645 2783//2648 2782//2647
f 2781//2646 2784//2649 2783//2648
f 2783//2648 2786//2651 2785//2650
f 2784//2649 2787//2652 2786//2651
f 1148//1120 2779//2644 1077//1049
f 1147//1119 2780//2645 2779//2644
f 1146//1118 2781//2646 2780//2645
f 159//159 1088//1060 2781//2646
f 1088//1060 1087//1059 2784//2649
f 1087//1059 1086//1058 2787//2652
f 1086//1058 156//156 1154//1126
f 2787//2652 1154//1126 1153//1125
f 2786//2651 1153//1125 1152//1124
f 2785//2650 1152//1124 138//138
f 2782//2647 2785//2650 1079//1051
f 2779//2644 2782//2647 1078//1050
f 2788//2653 2789//2654 2792//2657
f 2789//2654 2790//2655 2793//2658
f 2791//2656 2792//2657 2795//2660
f 2792//2657 2793//2658 2796//2661
f 130//130 1110//1082 2788//2653
f 1110//1082 1111//1083 2789//2654
f 1111//1083 1112//1084 2790//2655
f 1112//1084 139//139 1089//1061
f 2790//2655 1089//1061 1090//1062
f 2793//2658 1090//1062 1091//1063
f 2796//2661 1091//1063 140//140
f 2795//2660 2796//2661 1104//1076
f 2794//2659 2795//2660 1105//1077
f 1043//1015 2794//2659 1106//1078
f 1042//1014 2791//2656 2794//2659
f 1041//1013 2788//2653 2791//2656
f 2798//2663 2801//2666 2800//2665
f 2799//2664 2802//2667 2801//2666
f 2801//2666 2804//2669 2803//2668
f 2802//2667 2805//2670 2804//2669
f 1311//1275 2797//2662 1178//1148
f 1312//1276 2798//2663 2797//2662
f 1313//1277 2799//2664 2798//2663
f 167//167 1238//1204 2799//2664
f 1238//1204 1237//1203 2802//2667
f 1237//1203 1236//1202 2805//2670
f 1236//1202 146//146 1097//1069
f 2805//2670 1097//1069 1096//1068
f 2804//2669 1096//1068 1095//1067
f 2803//2668 1095//1067 155//155
f 2800//2665 2803//2668 1176//1146
f 2797//2662 2800//2665 1177//1147
f 2807//2672 2810//2675 2809//2674
f 2808//2673 2811//2676 2810//2675
f 2810//2675 2813//2678 2812//2677
f 2811//2676 2814//2679 2813//2678
f 1241//1207 2806//2671 1295//1259
f 1240//1206 2807//2672 2806//2671
f 1239//1205 2808//2673 2807//2672
f 141//141 1392//1356 2808//2673
f 1392//1356 1393//1357 2811//2676
f 1393//1357 1394//1358 2814//2679
f 1394//1358 142//142 1145//1117
f 2814//2679 1145//1117 1144//1116
f 2813//2678 1144//1116 1143//1115
f 2812//2677 1143//1115 176//176
f 2809//2674 2812//2677 1293//1257
f 2806//2671 2809//2674 1294//1258
f 2816//2681 2819//2684 2818//2683
f 2817//2682 2820//2685 2819//2684
f 2819//2684 2822//2687 2821//2686
f 2820//2685 2823//2688 2822//2687
f 1152//1124 2815//2680 1082//1054
f 1153//1125 2816//2681 2815//2680
f 1154//1126 2817//2682 2816//2681
f 156//156 1175//1145 2817//2682
f 1175//1145 1174//1144 2820//2685
f 1174//1144 1173//1143 2823//2688
f 1173//1143 145//145 1121//1093
f 2823//2688 1121//1093 1120//1092
f 2822//2687 1120//1092 1119//1091
f 2821//2686 1119//1091 186//186
f 2818//2683 2821//2686 1080//1052
f 2815//2680 2818//2683 1081//1053
f 2824//2689 2825//2690 2828//2693
f 2825//2690 2826//2691 2829//2694
f 2828//2693 2831//2696 2830//2695
f 2829//2694 2832//2697 2831//2696
f 167//167 1191//1161 2824//2689
f 1191//1161 1192//1162 2825//2690
f 1192//1162 1193//1163 2826//2691
f 1193//1163 161//161 1184//1154
f 2826//2691 1184//1154 1183//1153
f 1183//1153 1182//1152 2832//2697
f 1182//1152 141//141 1239//1205
f 2832//2697 1239//1205 1240//1206
f 2831//2696 1240//1206 1241//1207
f 2830//2695 1241//1207 175//175
f 2827//2692 2830//2695 1299//1263
f 1301//1265 2824//2689 2827//2692
f 2833//2698 2834//2699 2837//2702
f 2834//2699 2835//2700 2838//2703
f 2836//2701 2837//2702 2840//2705
f 2837//2702 2838//2703 2841//2706
f 185//185 1125//1097 2833//2698
f 1125//1097 1126//1098 2834//2699
f 1126//1098 1127//1099 2835//2700
f 1127//1099 150//150 1133//1105
f 2835//2700 1133//1105 1132//1104
f 2838//2703 1132//1104 1131//1103
f 2841//2706 1131//1103 160//160
f 2840//2705 2841//2706 1137//1109
f 2839//2704 2840//2705 1138//1110
f 1335//1299 2839//2704 1139//1111
f 1336//1300 2836//2701 2839//2704
f 1337//1301 2833//2698 2836//2701
f 2842//2707 2843//2708 2846//2711
f 2843//2708 2844//2709 2847//2712
f 2845//2710 2846//2711 2849//2714
f 2846//2711 2847//2712 2850//2715
f 163//163 1350//1314 2842//2707
f 1350//1314 1351//1315 2843//2708
f 1351//1315 1352//1316 2844//2709
f 1352//1316 187//187 1343//1307
f 2844//2709 1343//1307 1342//1306
f 2847//2712 1342//1306 1341//1305
f 2850//2715 1341//1305 143//143
f 2849//2714 2850//2715 1203//1169
f 2848//2713 2849//2714 1204//1170
f 1296//1260 2848//2713 1205//1171
f 1297//1261 2845//2710 2848//2713
f 1298//1262 2842//2707 2845//2710
f 2851//2716 2852//2717 2855//2720
f 2852//2717 2853//2718 2856//2721
f 2855//2720 2858//2723 2857//2722
f 2856//2721 2859//2724 2858//2723
f 178//178 1134//1106 2851//2716
f 1134//1106 1135//1107 2852//2717
f 1135//1107 1136//1108 2853//2718
f 1136//1108 147//147 1124//1096
f 2853//2718 1124//1096 1123//1095
f 1123//1095 1122//1094 2859//2724
f 1122//1094 173//173 1190//1160
f 2859//2724 1190//1160 1189//1159
f 2858//2723 1189//1159 1188//1158
f 2857//2722 1188//1158 168//168
f 2854//2719 2857//2722 1302//1266
f 1304//1268 2851//2716 2854//2719
f 2861//2726 2864//2729 2863//2728
f 2861//2726 2862//2727 2865//2730
f 2863//2728 2864//2729 2867//2732
f 2865//2730 2868//2733 2867//2732
f 1254//1218 2860//2725 1202//1168
f 1255//1219 2861//2726 2860//2725
f 1255//1219 1256//1220 2862//2727
f 1256//1220 162//162 1283//1247
f 2862//2727 1283//1247 1282//1246
f 1282//1246 1281//1245 2868//2733
f 1281//1245 169//169 1286//1250
f 2868//2733 1286//1250 1285//1249
f 2866//2731 2867//2732 1285//1249
f 1200//1166 2866//2731 1284//1248
f 1201//1167 2863//2728 2866//2731
f 2860//2725 2863//2728 1201//1167
f 2870//2735 2873//2738 2872//2737
f 2871//2736 2874//2739 2873//2738
f 2872//2737 2873//2738 2876//2741
f 2873//2738 2874//2739 2877//2742
f 1116//1088 2869//2734 1166//1138
f 1117//1089 2870//2735 2869//2734
f 1118//1090 2871//2736 2870//2735
f 144//144 1100//1072 2871//2736
f 1100//1072 1099//1071 2874//2739
f 2874//2739 1099//1071 1098//1070
f 2877//2742 1098//1070 155//155
f 2876//2741 2877//2742 1181//1151
f 2875//2740 2876//2741 1180//1150
f 1164//1136 2875//2740 1179//1149
f 1165//1137 2872//2737 2875//2740
f 2869//2734 2872//2737 1165//1137
f 2878//2743 2879//2744 2882//2747
f 2879//2744 2880//2745 2883//2748
f 2882//2747 2885//2750 2884//2749
f 2883//2748 2886//2751 2885//2750
f 146//146 1236//1202 2878//2743
f 1236//1202 1237//1203 2879//2744
f 1237//1203 1238//1204 2880//2745
f 1238//1204 167//167 1301//1265
f 2880//2745 1301//1265 1300//1264
f 1300//1264 1299//1263 2886//2751
f 1299//1263 175//175 1209//1175
f 2886//2751 1209//1175 1210//1176
f 2885//2750 1210//1176 1211//1177
f 2884//2749 1211//1177 159//159
f 2881//2746 2884//2749 1074//1046
f 1076//1048 2878//2743 2881//2746
f 2887//2752 2888//2753 2891//2756
f 2888//2753 2889//2754 2892//2757
f 2890//2755 2891//2756 2894//2759
f 2891//2756 2892//2757 2895//2760
f 139//139 1139//1111 2887//2752
f 1139//1111 1138//1110 2888//2753
f 1138//1110 1137//1109 2889//2754
f 1137//1109 160//160 1142//1114
f 2889//2754 1142//1114 1141//1113
f 2892//2757 1141//1113 1140//1112
f 2895//2760 1140//1112 149//149
f 2894//2759 2895//2760 1229//1195
f 2893//2758 2894//2759 1228//1194
f 1091//1063 2893//2758 1227//1193
f 1090//1062 2890//2755 2893//2758
f 1089//1061 2887//2752 2890//2755
f 2897//2762 2900//2765 2899//2764
f 2898//2763 2901//2766 2900//2765
f 2900//2765 2903//2768 2902//2767
f 2901//2766 2904//2769 2903//2768
f 169//169 1289//1253 2896//2761
f 1289//1253 1288//1252 2897//2762
f 1288//1252 1287//1251 2898//2763
f 161//161 1193//1163 2898//2763
f 1193//1163 1192//1162 2901//2766
f 1192//1162 1191//1161 2904//2769
f 1191//1161 167//167 1313//1277
f 2904//2769 1313//1277 1312//1276
f 2903//2768 1312//1276 1311//1275
f 2902//2767 1311//1275 165//165
f 2899//2764 2902//2767 1284//1248
f 1286//1250 2896//2761 2899//2764
f 2906//2771 2909//2774 2908//2773
f 2906//2771 2907//2772 2910//2775
f 2909//2774 2912//2777 2911//2776
f 2909//2774 2910//2775 2913//2778
f 1160//1132 2905//2770 1214//1180
f 1159//1131 2906//2771 2905//2770
f 1159//1131 1158//1130 2907//2772
f 1158//1130 170//170 1217//1183
f 2907//2772 1217//1183 1216//1182
f 2910//2775 1216//1182 1215//1181
f 2913//2778 1215//1181 152//152
f 2912//2777 2913//2778 1226//1192
f 2912//2777 1225//1191 1224//1190
f 2911//2776 1224//1190 151//151
f 2908//2773 2911//2776 1212//1178
f 2905//2770 2908//2773 1213//1179
f 2915//2780 2918//2783 2917//2782
f 2915//2780 2916//2781 2919//2784
f 2917//2782 2918//2783 2921//2786
f 2918//2783 2919//2784 2922//2787
f 1025//997 2914//2779 1155//1127
f 1024//996 2915//2780 2914//2779
f 1023//995 2916//2781 2915//2780
f 1023//995 132//132 1070//1042
f 2916//2781 1070//1042 1069//1041
f 2919//2784 1069//1041 1068//1040
f 2922//2787 1068//1040 171//171
f 2921//2786 2922//2787 1214//1180
f 2920//2785 2921//2786 1213//1179
f 1157//1129 2920//2785 1212//1178
f 1156//1128 2917//2782 2920//2785
f 1155//1127 2914//2779 2917//2782
f 2923//2788 2924//2789 2927//2792
f 2924//2789 2925//2790 2928//2793
f 2927//2792 2930//2795 2929//2794
f 2928//2793 2931//2796 2930//2795
f 149//149 1206//1172 2923//2788
f 1206//1172 1207//1173 2924//2789
f 1207//1173 1208//1174 2925//2790
f 1208//1174 178//178 1304//1268
f 2925//2790 1304//1268 1303//1267
f 1303//1267 1302//1266 2931//2796
f 1302//1266 168//168 1235//1201
f 2931//2796 1235//1201 1234//1200
f 2930//2795 1234//1200 1233//1199
f 2929//2794 1233//1199 148//148
f 2926//2791 2929//2794 1083//1055
f 1085//1057 2923//2788 2926//2791
f 2932//2797 2933//2798 2936//2801
f 2933//2798 2934//2799 2937//2802
f 2936//2801 2939//2804 2938//2803
f 2937//2802 2940//2805 2939//2804
f 132//132 1106//1078 2932//2797
f 1106//1078 1105//1077 2933//2798
f 1105//1077 1104//1076 2934//2799
f 1104//1076 140//140 1094//1066
f 2934//2799 1094//1066 1093//1065
f 1093//1065 1092//1064 2940//2805
f 1092//1064 172//172 1220//1186
f 2940//2805 1220//1186 1219//1185
f 2939//2804 1219//1185 1218//1184
f 2938//2803 1218//1184 171//171
f 1069//1041 2935//2800 2938//2803
f 1070//1042 2932//2797 2935//2800
f 2941//2806 2942//2807 2945//2810
f 2942//2807 2943//2808 2946//2811
f 2944//2809 2945//2810 2948//2813
f 2945//2810 2946//2811 2949//2814
f 158//158 1271//1235 2941//2806
f 1271//1235 1270//1234 2942//2807
f 1270//1234 1269//1233 2943//2808
f 1269//1233 172//172 1185//1155
f 2943//2808 1185//1155 1186//1156
f 2946//2811 1186//1156 1187//1157
f 2949//2814 1187//1157 148//148
f 2948//2813 2949//2814 1130//1102
f 2947//2812 2948//2813 1129//1101
f 1118//1090 2947//2812 1128//1100
f 1117//1089 2944//2809 2947//2812
f 1116//1088 2941//2806 2944//2809
f 2952//2817 2950//2815 2962//2827
f 2953//2818 2954//2819 2950//2815
f 2955//2820 2956//2821 2950//2815
f 2958//2823 2950//2815 2956//2821
f 2959//2824 2960//2825 2950//2815
f 2961//2826 2962//2827 2950//2815
f 1341//1305 2951//2816 1247//1211
f 1342//1306 2952//2817 2951//2816
f 2951//2816 2962//2827 1246//1210
f 187//187 1344//1308 2953//2818
f 1344//1308 1345//1309 2954//2819
f 1343//1307 2953//2818 2952//2817
f 188//188 1113//1085 2955//2820
f 1113//1085 1114//1086 2956//2821
f 1346//1310 2955//2820 2954//2819
f 1275//1239 2957//2822 1115//1087
f 1276//1240 2958//2823 2957//2822
f 2957//2822 2956//2821 1114//1086
f 169//169 1281//1245 2959//2824
f 1281//1245 1282//1246 2960//2825
f 1277//1241 2959//2824 2958//2823
f 162//162 1245//1209 2961//2826
f 1245//1209 1246//1210 2962//2827
f 1283//1247 2961//2826 2960//2825
f 2965//2830 2963//2828 2975//2840
f 2966//2831 2967//2832 2963//2828
f 2969//2834 2963//2828 2967//2832
f 2971//2836 2963//2828 2969//2834
f 2972//2837 2973//2838 2963//2828
f 2974//2839 2975//2840 2963//2828
f 999//971 2964//2829 974//946
f 1000//972 2965//2830 2964//2829
f 2964//2829 2975//2840 973//945
f 121//121 917//889 2966//2831
f 917//889 916//888 2967//2832
f 1001//973 2966//2831 2965//2830
f 929//901 2968//2833 915//887
f 929//901 928//900 2969//2834
f 2968//2833 2967//2832 916//888
f 1155//1127 2970//2835 927//899
f 1156//1128 2971//2836 2970//2835
f 2970//2835 2969//2834 928//900
f 151//151 1224//1190 2972//2837
f 1225//1191 2973//2838 2972//2837
f 1157//1129 2972//2837 2971//2836
f 152//152 972//944 2974//2839
f 972//944 973//945 2975//2840
f 2974//2839 2973//2838 1225//1191
f 2977//2842 2980//2845 2979//2844
f 2978//2843 2981//2846 2980//2845
f 2979//2844 2980//2845 2983//2848
f 2980//2845 2981//2846 2984//2849
f 154//154 1257//1221 2976//2841
f 1258//1222 2977//2842 2976//2841
f 1259//1223 2978//2843 2977//2842
f 158//158 1166//1138 2978//2843
f 1166//1138 1165//1137 2981//2846
f 2981//2846 1165//1137 1164//1136
f 2984//2849 1164//1136 174//174
f 2983//2848 2984//2849 1262//1226
f 2982//2847 2983//2848 1261//1225
f 2982//2847 1260//1224 153//153
f 2979//2844 2982//2847 1251//1215
f 1253//1217 2976//2841 2979//2844
f 2986//2850 2989//2851 2988//2851
f 2986//2850 2987//2850 2990//2851
f 2989//2851 2992//2852 2991//2852
f 2990//2851 2993//2852 2992//2852
f 159//159 1211//1177 2985//2850
f 1211//1177 1210//1176 2986//2850
f 1210//1176 1209//1175 2987//2850
f 1209//1175 175//175 1295//1259
f 2987//2850 1295//1259 1294//1258
f 1294//1258 1293//1257 2993//2852
f 2993//2852 1293//1257 176//176
f 2992//2852 2993//2852 1169//1139
f 2992//2852 1168//1139 1167//1139
f 2991//2852 1167//1139 156//156
f 1087//1059 2988//2851 2991//2852
f 2985//2850 2988//2851 1087//1059
f 2995//2854 2998//2857 2997//2856
f 2996//2855 2999//2858 2998//2857
f 2998//2857 3001//2860 3000//2859
f 2999//2858 3002//2861 3001//2860
f 147//147 1391//1355 2994//2853
f 1390//1354 2995//2854 2994//2853
f 1389//1353 2996//2855 2995//2854
f 143//143 1247//1211 2996//2855
f 1247//1211 1246//1210 2999//2858
f 1246//1210 1245//1209 3002//2861
f 1245//1209 162//162 1272//1236
f 3002//2861 1272//1236 1273//1237
f 3001//2860 1273//1237 1274//1238
f 3000//2859 1274//1238 173//173
f 2997//2856 3000//2859 1122//1094
f 1124//1096 2994//2853 2997//2856
f 3004//2862 3007//2863 3006//2863
f 3004//2862 3005//2862 3008//2863
f 3006//2863 3007//2863 3010//2864
f 3008//2863 3011//2864 3010//2864
f 160//160 1199//1165 3003//2862
f 1198//1165 3004//2862 3003//2862
f 1198//1165 1197//1165 3005//2862
f 177//177 1292//1256 3005//2862
f 1292//1256 1291//1255 3008//2863
f 1291//1255 1290//1254 3011//2864
f 3011//2864 1290//1254 178//178
f 3010//2864 3011//2864 1208//1174
f 3010//2864 1207//1173 1206//1172
f 3009//2864 1206//1172 149//149
f 1141//1113 3006//2863 3009//2864
f 3003//2862 3006//2863 1141//1113
f 3013//2866 3016//2869 3015//2868
f 3014//2867 3017//2870 3016//2869
f 3016//2869 3019//2872 3018//2871
f 3017//2870 3020//2873 3019//2872
f 1277//1241 3012//2865 1289//1253
f 1276//1240 3013//2866 3012//2865
f 1275//1239 3014//2867 3013//2866
f 142//142 1394//1358 3014//2867
f 1394//1358 1393//1357 3017//2870
f 1393//1357 1392//1356 3020//2873
f 3020//2873 1392//1356 141//141
f 3019//2872 3020//2873 1182//1152
f 3019//2872 1183//1153 1184//1154
f 3018//2871 1184//1154 161//161
f 3015//2868 3018//2871 1287//1251
f 3012//2865 3015//2868 1288//1252
f 3022//2875 3025//2878 3024//2877
f 3023//2876 3026//2879 3025//2878
f 3024//2877 3025//2878 3028//2881
f 3025//2878 3026//2879 3029//2882
f 1265//1229 3021//2874 1251//1215
f 1264//1228 3022//2875 3021//2874
f 1263//1227 3023//2876 3022//2875
f 170//170 1158//1130 3023//2876
f 1158//1130 1159//1131 3026//2879
f 3026//2879 1159//1131 1160//1132
f 3029//2882 1160//1132 171//171
f 3028//2881 3029//2882 1268//1232
f 3027//2880 3028//2881 1267//1231
f 1253//1217 3027//2880 1266//1230
f 1252//1216 3024//2877 3027//2880
f 3021//2874 3024//2877 1252//1216
f 3030//2883 3031//2884 3034//2887
f 3031//2884 3032//2885 3035//2888
f 3033//2886 3034//2887 3037//2890
f 3034//2887 3035//2888 3038//2891
f 166//166 1308//1272 3030//2883
f 1308//1272 1309//1273 3031//2884
f 1309//1273 1310//1274 3032//2885
f 1310//1274 168//168 1188//1158
f 3032//2885 1188//1158 1189//1159
f 3035//2888 1189//1159 1190//1160
f 3038//2891 1190//1160 173//173
f 3038//2891 1274//1238 1273//1237
f 3037//2890 1273//1237 1272//1236
f 3036//2889 1272//1236 162//162
f 3033//2886 3036//2889 1256//1220
f 1254//1218 3030//2883 3033//2886
f 3040//2893 3043//2896 3042//2895
f 3041//2894 3044//2897 3043//2896
f 3043//2896 3046//2899 3045//2898
f 3044//2897 3047//2900 3046//2899
f 1095//1067 3039//2892 1181//1151
f 1096//1068 3040//2893 3039//2892
f 1097//1069 3041//2894 3040//2893
f 146//146 1232//1198 3041//2894
f 1232//1198 1231//1197 3044//2897
f 1231//1197 1230//1196 3047//2900
f 1230//1196 157//157 1280//1244
f 3047//2900 1280//1244 1279//1243
f 3046//2899 1279//1243 1278//1242
f 3045//2898 1278//1242 174//174
f 3042//2895 3045//2898 1179//1149
f 3039//2892 3042//2895 1180//1150
f 3048//2901 3049//2902 3052//2905
f 3049//2902 3050//2903 3053//2906
f 3051//2904 3052//2905 3055//2908
f 3052//2905 3053//2906 3056//2909
f 154//154 1266//1230 3048//2901
f 1266//1230 1267//1231 3049//2902
f 1267//1231 1268//1232 3050//2903
f 1268//1232 171//171 1218//1184
f 3050//2903 1218//1184 1219//1185
f 3053//2906 1219//1185 1220//1186
f 3056//2909 1220//1186 172//172
f 3055//2908 3056//2909 1269//1233
f 3054//2907 3055//2908 1270//1234
f 1259//1223 3054//2907 1271//1235
f 1258//1222 3051//2904 3054//2907
f 1257//1221 3048//2901 3051//2904
f 3058//2911 3061//2914 3060//2913
f 3059//2912 3062//2915 3061//2914
f 3061//2914 3064//2917 3063//2916
f 3062//2915 3065//2918 3064//2917
f 1278//1242 3057//2910 1262//1226
f 1279//1243 3058//2911 3057//2910
f 1280//1244 3059//2912 3058//2911
f 157//157 1223//1189 3059//2912
f 1223//1189 1222//1188 3062//2915
f 1222//1188 1221//1187 3065//2918
f 1221//1187 170//170 1263//1227
f 3065//2918 1263//1227 1264//1228
f 3064//2917 1264//1228 1265//1229
f 3063//2916 1265//1229 153//153
f 3060//2913 3063//2916 1260//1224
f 3057//2910 3060//2913 1261//1225
f 3067//2919 3070//2920 3069//2920
f 3067//2919 3068//2919 3071//2920
f 3070//2920 3073//2921 3072//2921
f 3071//2920 3074//2921 3073//2921
f 150//150 1194//1164 3066//2919
f 1194//1164 1195//1164 3067//2919
f 1195//1164 1196//1164 3068//2919
f 163//163 1298//1262 3068//2919
f 3068//2919 1298//1262 1297//1261
f 1297//1261 1296//1260 3074//2921
f 3074//2921 1296//1260 177//177
f 3073//2921 3074//2921 1197//1165
f 3073//2921 1198//1165 1199//1165
f 3072//2921 1199//1165 160//160
f 1132//1104 3069//2920 3072//2921
f 3066//2919 3069//2920 1132//1104
f 3076//2922 3079//2923 3078//2923
f 3076//2922 3077//2922 3080//2923
f 3079//2923 3082//2924 3081//2924
f 3080//2923 3083//2924 3082//2924
f 1242//1208 3075//2922 1151//1123
f 1242//1208 1243//1208 3076//2922
f 1243//1208 1244//1208 3077//2922
f 1244//1208 164//164 1316//1280
f 1316//1280 1315//1279 3080//2923
f 1315//1279 1314//1278 3083//2924
f 1314//1278 163//163 1196//1164
f 3082//2924 3083//2924 1196//1164
f 3082//2924 1195//1164 1194//1164
f 3081//2924 1194//1164 150//150
f 1150//1122 3078//2923 3081//2924
f 3075//2922 3078//2923 1150//1122
f 3085//2925 3088//2926 3087//2926
f 3085//2925 3086//2925 3089//2926
f 3088//2926 3091//2927 3090//2927
f 3089//2926 3092//2927 3091//2927
f 1167//1139 3084//2925 1175//1145
f 1167//1139 1168//1139 3085//2925
f 1168//1139 1169//1139 3086//2925
f 1169//1139 176//176 1307//1271
f 1307//1271 1306//1270 3089//2926
f 1306//1270 1305//1269 3092//2927
f 1305//1269 164//164 1244//1208
f 3091//2927 3092//2927 1244//1208
f 3091//2927 1243//1208 1242//1208
f 3090//2927 1242//1208 145//145
f 1174//1144 3087//2926 3090//2927
f 3084//2925 3087//2926 1174//1144
f 3094//2929 3097//2932 3096//2931
f 3095//2930 3098//2933 3097//2932
f 3096//2931 3097//2932 3100//2935
f 3097//2932 3098//2933 3101//2936
f 1248//1212 3093//2928 1100//1072
f 1249//1213 3094//2929 3093//2928
f 1250//1214 3095//2930 3094//2929
f 166//166 1202//1168 3095//2930
f 1202//1168 1201//1167 3098//2933
f 3098//2933 1201//1167 1200//1166
f 3101//2936 1200//1166 165//165
f 3100//2935 3101//2936 1178//1148
f 3099//2934 3100//2935 1177//1147
f 1098//1070 3099//2934 1176//1146
f 1099//1071 3096//2931 3099//2934
f 3093//2928 3096//2931 1099//1071
f 3102//2937 3103//2938 3106//2941
f 3103//2938 3104//2939 3107//2942
f 3105//2940 3106//2941 3109//2944
f 3106//2941 3107//2942 3110//2945
f 144//144 1128//1100 3102//2937
f 1128//1100 1129//1101 3103//2938
f 1129//1101 1130//1102 3104//2939
f 1130//1102 148//148 1233//1199
f 3104//2939 1233//1199 1234//1200
f 3107//2942 1234//1200 1235//1201
f 3110//2945 1235//1201 168//168
f 3109//2944 3110//2945 1310//1274
f 3108//2943 3109//2944 1309//1273
f 1250//1214 3108//2943 1308//1272
f 1249//1213 3105//2940 3108//2943
f 1248//1212 3102//2937 3105//2940
f 3112//2947 3115//2950 3114//2949
f 3113//2948 3116//2951 3115//2950
f 3115//2950 3118//2953 3117//2952
f 3116//2951 3119//2954 3118//2953
f 1143//1115 3111//2946 1307//1271
f 1144//1116 3112//2947 3111//2946
f 1145//1117 3113//2948 3112//2947
f 142//142 1115//1087 3113//2948
f 1115//1087 1114//1086 3116//2951
f 1114//1086 1113//1085 3119//2954
f 1113//1085 188//188 1349//1313
f 3119//2954 1349//1313 1348//1312
f 3118//2953 1348//1312 1347//1311
f 3117//2952 1347//1311 164//164
f 3114//2949 3117//2952 1305//1269
f 3111//2946 3114//2949 1306//1270
f 3121//2956 3124//2959 3123//2958
f 3122//2957 3125//2960 3124//2959
f 3123//2958 3124//2959 3127//2962
f 3124//2959 3125//2960 3128//2963
f 1347//1311 3120//2955 1316//1280
f 1348//1312 3121//2956 3120//2955
f 1349//1313 3122//2957 3121//2956
f 188//188 1346//1310 3122//2957
f 3122//2957 1346//1310 1345//1309
f 1345//1309 1344//1308 3128//2963
f 3128//2963 1344//1308 187//187
f 3127//2962 3128//2963 1352//1316
f 3126//2961 3127//2962 1351//1315
f 1314//1278 3126//2961 1350//1314
f 1315//1279 3123//2958 3126//2961
f 3120//2955 3123//2958 1315//1279
f 3130//2965 3133//2968 3132//2967
f 3131//2966 3134//2969 3133//2968
f 3133//2968 3136//2971 3135//2970
f 3134//2969 3137//2972 3136//2971
f 1107//1079 3129//2964 1019//991
f 1108//1080 3130//2965 3129//2964
f 1109//1081 3131//2966 3130//2965
f 138//138 1082//1054 3131//2966
f 1082//1054 1081//1053 3134//2969
f 1081//1053 1080//1052 3137//2972
f 1080//1052 186//186 1355//1319
f 3137//2972 1355//1319 1354//1318
f 3136//2971 1354//1318 1353//1317
f 3135//2970 1353//1317 184//184
f 3132//2967 3135//2970 1017//989
f 3129//2964 3132//2967 1018//990
f 3139//2974 3142//2977 3141//2976
f 3140//2975 3143//2978 3142//2977
f 3141//2976 3142//2977 3145//2980
f 3142//2977 3143//2978 3146//2981
f 1353//1317 3138//2973 1334//1298
f 1354//1318 3139//2974 3138//2973
f 1355//1319 3140//2975 3139//2974
f 186//186 1340//1304 3140//2975
f 1340//1304 1339//1303 3143//2978
f 3143//2978 1339//1303 1338//1302
f 3146//2981 1338//1302 185//185
f 3145//2980 3146//2981 1358//1322
f 3144//2979 3145//2980 1357//1321
f 1332//1296 3144//2979 1356//1320
f 1333//1297 3141//2976 3144//2979
f 3138//2973 3141//2976 1333//1297
f 3147//2982 3148//2983 3151//2986
f 3149//2984 3152//2987 3151//2986
f 3150//2985 3151//2986 3154//2989
f 3152//2987 3155//2990 3154//2989
f 129//129 1016//988 3147//2982
f 1016//988 1015//987 3148//2983
f 1014//986 3149//2984 3148//2983
f 125//125 1007//979 3149//2984
f 1007//979 1006//978 3152//2987
f 1006//978 1005//977 3155//2990
f 1005//977 180//180 1361//1325
f 3155//2990 1361//1325 1360//1324
f 3153//2988 3154//2989 1360//1324
f 1011//983 3153//2988 1359//1323
f 1012//984 3150//2985 3153//2988
f 1013//985 3147//2982 3150//2985
f 3156//2991 3157//2992 3160//2995
f 3158//2993 3161//2996 3160//2995
f 3160//2995 3163//2998 3162//2997
f 3160//2995 3161//2996 3164//2999
f 182//182 1359//1323 3156//2991
f 1359//1323 1360//1324 3157//2992
f 1361//1325 3158//2993 3157//2992
f 180//180 1322//1286 3158//2993
f 1322//1286 1321//1285 3161//2996
f 3161//2996 1321//1285 1320//1284
f 3164//2999 1320//1284 179//179
f 3163//2998 3164//2999 1364//1328
f 3163//2998 1363//1327 1362//1326
f 3162//2997 1362//1326 181//181
f 3159//2994 3162//2997 1326//1290
f 1328//1292 3156//2991 3159//2994
f 3166//3001 3169//3004 3168//3003
f 3167//3002 3170//3005 3169//3004
f 3169//3004 3172//3007 3171//3006
f 3170//3005 3173//3008 3172//3007
f 1002//974 3165//3000 1007//979
f 1003//975 3166//3001 3165//3000
f 1004//976 3167//3002 3166//3001
f 126//126 1019//991 3167//3002
f 1019//991 1018//990 3170//3005
f 1018//990 1017//989 3173//3008
f 1017//989 184//184 1367//1331
f 3173//3008 1367//1331 1366//1330
f 3172//3007 1366//1330 1365//1329
f 3171//3006 1365//1329 180//180
f 3168//3003 3171//3006 1005//977
f 3165//3000 3168//3003 1006//978
f 3175//3010 3178//3013 3177//3012
f 3176//3011 3179//3014 3178//3013
f 3177//3012 3178//3013 3181//3016
f 3178//3013 3179//3014 3182//3017
f 1365//1329 3174//3009 1322//1286
f 1366//1330 3175//3010 3174//3009
f 1367//1331 3176//3011 3175//3010
f 184//184 1334//1298 3176//3011
f 1334//1298 1333//1297 3179//3014
f 3179//3014 1333//1297 1332//1296
f 3182//3017 1332//1296 183//183
f 3181//3016 3182//3017 1370//1334
f 3180//3015 3181//3016 1369//1333
f 1320//1284 3180//3015 1368//1332
f 1321//1285 3177//3012 3180//3015
f 3174//3009 3177//3012 1321//1285
f 3183//3018 3184//3019 3187//3022
f 3184//3019 3185//3020 3188//3023
f 3186//3021 3187//3022 3190//3025
f 3187//3022 3188//3023 3191//3026
f 968//940 3183//3018 1377//1341
f 967//939 3184//3019 3183//3018
f 966//938 3185//3020 3184//3019
f 107//107 1380//1344 3185//3020
f 3185//3020 1380//1344 1381//1345
f 3188//3023 1381//1345 1382//1346
f 3191//3026 1382//1346 196//196
f 3190//3025 3191//3026 764//754
f 3189//3024 3190//3025 763//753
f 1379//1343 3189//3024 762//752
f 1378//1342 3186//3021 3189//3024
f 1377//1341 3183//3018 3186//3021
f 3192//3027 3193//3028 3196//3031
f 3193//3028 3194//3029 3197//3032
f 3195//3030 3196//3031 3199//3034
f 3196//3031 3197//3032 3200//3035
f 981//953 3192//3027 1371//1335
f 982//954 3193//3028 3192//3027
f 983//955 3194//3029 3193//3028
f 112//112 1377//1341 3194//3029
f 3194//3029 1377//1341 1378//1342
f 3197//3032 1378//1342 1379//1343
f 3200//3035 1379//1343 194//194
f 3199//3034 3200//3035 767//757
f 3198//3033 3199//3034 766//756
f 1373//1337 3198//3033 765//755
f 1372//1336 3195//3030 3198//3033
f 1371//1335 3192//3027 3195//3030
f 3201//3036 3202//3037 3205//3040
f 3202//3037 3203//3038 3206//3041
f 3204//3039 3205//3040 3208//3043
f 3205//3040 3206//3041 3209//3044
f 894//866 3201//3036 1386//1350
f 895//867 3202//3037 3201//3036
f 896//868 3203//3038 3202//3037
f 111//111 1371//1335 3203//3038
f 3203//3038 1371//1335 1372//1336
f 3206//3041 1372//1336 1373//1337
f 3209//3044 1373//1337 191//191
f 3208//3043 3209//3044 770//760
f 3207//3042 3208//3043 769//759
f 1388//1352 3207//3042 768//758
f 1387//1351 3204//3039 3207//3042
f 1386//1350 3201//3036 3204//3039
f 3211//3046 3214//3049 3213//3048
f 3212//3047 3215//3050 3214//3049
f 3214//3049 3217//3052 3216//3051
f 3215//3050 3218//3053 3217//3052
f 109//109 945//917 3210//3045
f 945//917 946//918 3211//3046
f 946//918 947//919 3212//3047
f 947//919 110//110 1386//1350
f 1386//1350 1387//1351 3215//3050
f 1387//1351 1388//1352 3218//3053
f 1388//1352 200//189 773//763
f 3218//3053 773//763 772//762
f 3217//3052 772//762 771//761
f 3216//3051 771//761 198//198
f 3213//3048 3216//3051 1385//1349
f 3210//3045 3213//3048 1384//1348
f 3220//3055 3223//3058 3222//3057
f 3221//3056 3224//3059 3223//3058
f 3223//3058 3226//3061 3225//3060
f 3224//3059 3227//3062 3226//3061
f 108//108 951//923 3219//3054
f 951//923 952//924 3220//3055
f 952//924 953//925 3221//3056
f 953//925 109//109 1383//1347
f 1383//1347 1384//1348 3224//3059
f 1384//1348 1385//1349 3227//3062
f 1385//1349 198//198 776//766
f 3227//3062 776//766 775//765
f 3226//3061 775//765 774//764
f 3225//3060 774//764 193//193
f 3222//3057 3225//3060 1376//1340
f 3219//3054 3222//3057 1375//1339
f 3229//3064 3232//3067 3231//3066
f 3230//3065 3233//3068 3232//3067
f 3232//3067 3235//3070 3234//3069
f 3233//3068 3236//3071 3235//3070
f 107//107 930//902 3228//3063
f 930//902 931//903 3229//3064
f 931//903 932//904 3230//3065
f 932//904 108//108 1374//1338
f 1374//1338 1375//1339 3233//3068
f 1375//1339 1376//1340 3236//3071
f 1376//1340 193//193 779//769
f 3236//3071 779//769 778//768
f 3235//3070 778//768 777//767
f 3234//3069 777//767 196//196
f 3231//3066 3234//3069 1382//1346
f 3228//3063 3231//3066 1381//1345
f 3238//735 3241//735 3240//734
f 3239//736 3242//736 3241//735
f 3241//735 3244//735 3243//734
f 3242//736 3245//736 3244//735
f 744//734 3237//734 1407//197
f 745//735 3238//735 3237//734
f 746//736 3239//736 3238//735
f 189//189 1395//189 3239//736
f 1395//189 1396//189 3242//736
f 1396//189 1397//189 3245//736
f 1397//189 201//199 1415//1361
f 3245//736 1415//1361 1414//1360
f 3244//735 1414//1360 1413//1359
f 3243//734 1413//1359 205//203
f 3240//734 3243//734 1409//197
f 3237//734 3240//734 1408//197
f 3247//2215 3250//2215 3249//737
f 3248//739 3251//739 3250//2215
f 3250//2215 3253//2215 3252//737
f 3251//739 3254//739 3253//2215
f 747//737 3246//737 1404//195
f 748//738 3247//2215 3246//737
f 749//739 3248//739 3247//2215
f 197//197 1407//197 3248//739
f 1407//197 1408//197 3251//739
f 1408//197 1409//197 3254//739
f 1409//197 205//203 1418//1364
f 3254//739 1418//1364 1417//1363
f 3253//2215 1417//1363 1416//1362
f 3252//737 1416//1362 204//202
f 3249//737 3252//737 1406//195
f 3246//737 3249//737 1405//195
f 3256//741 3259//741 3258//740
f 3257//742 3260//742 3259//741
f 3259//741 3262//741 3261//740
f 3260//742 3263//742 3262//741
f 750//740 3255//740 1410//196
f 751//741 3256//741 3255//740
f 752//742 3257//742 3256//741
f 195//195 1404//195 3257//742
f 1404//195 1405//195 3260//742
f 1405//195 1406//195 3263//742
f 1406//195 204//202 1421//1367
f 3263//742 1421//1367 1420//1366
f 3262//741 1420//1366 1419//1365
f 3261//740 1419//1365 206//204
f 3258//740 3261//740 1412//196
f 3255//740 3258//740 1411//196
f 3264//743 3265//744 3268//744
f 3265//744 3266//745 3269//745
f 3267//743 3268//744 3271//744
f 3268//744 3269//745 3272//745
f 190//190 753//743 3264//743
f 753//743 754//744 3265//744
f 754//744 755//745 3266//745
f 755//745 199//196 1410//196
f 3266//745 1410//196 1411//196
f 3269//745 1411//196 1412//196
f 3272//745 1412//196 206//204
f 3271//744 3272//745 1424//1370
f 3270//743 3271//744 1423//1369
f 1400//190 3270//743 1422//1368
f 1399//190 3267//743 3270//743
f 1398//190 3264//743 3267//743
f 3273//746 3274//2216 3277//2216
f 3274//2216 3275//748 3278//748
f 3276//746 3277//2216 3280//2216
f 3277//2216 3278//748 3281//748
f 192//192 756//746 3273//746
f 756//746 757//747 3274//2216
f 757//747 758//748 3275//748
f 758//748 190//190 1398//190
f 3275//748 1398//190 1399//190
f 3278//748 1399//190 1400//190
f 3281//748 1400//190 202//200
f 3280//2216 3281//748 1427//1373
f 3279//746 3280//2216 1426//1372
f 1403//192 3279//746 1425//1371
f 1402//192 3276//746 3279//746
f 1401//192 3273//746 3276//746
f 3282//749 3283//750 3286//750
f 3283//750 3284//751 3287//751
f 3285//749 3286//750 3289//750
f 3286//750 3287//751 3290//751
f 189//189 759//749 3282//749
f 759//749 760//750 3283//750
f 760//750 761//751 3284//751
f 761//751 192//192 1401//192
f 3284//751 1401//192 1402//192
f 3287//751 1402//192 1403//192
f 3290//751 1403//192 203//201
f 3289//750 3290//751 1430//1376
f 3288//749 3289//750 1429//1375
f 1397//189 3288//749 1428//1374
f 1396//189 3285//749 3288//749
f 1395//189 3282//749 3285//749
f 3291//3072 3292//3073 3295//3076
f 3292//3073 3293//3074 3296//3077
f 3294//3075 3295//3076 3298//3079
f 3295//3076 3296//3077 3299//3080
f 118//118 956//928 3291//3072
f 956//928 955//927 3292//3073
f 955//927 954//926 3293//3074
f 954//926 113//113 1437//1383
f 3293//3074 1437//1383 1438//1384
f 3296//3077 1438//1384 1439//1385
f 1439//1385 209//207 1451//1397
f 3299//3080 1451//1397 1450//1396
f 3298//3079 1450//1396 1449//1395
f 3297//3078 1449//1395 211//209
f 1444//1390 3294//3075 3297//3078
f 1443//1389 3291//3072 3294//3075
f 3300//3081 3301//3082 3304//3085
f 3301//3082 3302//3083 3305//3086
f 3303//3084 3304//3085 3307//3088
f 3304//3085 3305//3086 3308//3089
f 117//117 996//968 3300//3081
f 996//968 997//969 3301//3082
f 997//969 998//970 3302//3083
f 998//970 118//118 1443//1389
f 3302//3083 1443//1389 1444//1390
f 3305//3086 1444//1390 1445//1391
f 1445//1391 211//209 1454//1400
f 3308//3089 1454//1400 1453//1399
f 3307//3088 1453//1399 1452//1398
f 3306//3087 1452//1398 212//210
f 1447//1393 3303//3084 3306//3087
f 1446//1392 3300//3081 3303//3084
f 3309//3090 3310//3091 3313//3094
f 3310//3091 3311//3092 3314//3095
f 3312//3093 3313//3094 3316//3097
f 3313//3094 3314//3095 3317//3098
f 116//116 957//929 3309//3090
f 957//929 958//930 3310//3091
f 958//930 959//931 3311//3092
f 959//931 117//117 1446//1392
f 3311//3092 1446//1392 1447//1393
f 3314//3095 1447//1393 1448//1394
f 1448//1394 212//210 1457//1403
f 3317//3098 1457//1403 1456//1402
f 3316//3097 1456//1402 1455//1401
f 3315//3096 1455//1401 207//205
f 1432//1378 3312//3093 3315//3096
f 1431//1377 3309//3090 3312//3093
f 3319//3100 3322//3103 3321//3102
f 3320//3101 3323//3104 3322//3103
f 3322//3103 3325//3106 3324//3105
f 3323//3104 3326//3107 3325//3106
f 978//950 3318//3099 1440//1386
f 979//951 3319//3100 3318//3099
f 980//952 3320//3101 3319//3100
f 116//116 1431//1377 3320//3101
f 1431//1377 1432//1378 3323//3104
f 1432//1378 1433//1379 3326//3107
f 3326//3107 1433//1379 207//205
f 3325//3106 3326//3107 1460//1406
f 3324//3105 3325//3106 1459//1405
f 1442//1388 3324//3105 1458//1404
f 3321//3102 3324//3105 1442//1388
f 3318//3099 3321//3102 1441//1387
f 3328//3109 3331//3112 3330//3111
f 3329//3110 3332//3113 3331//3112
f 3331//3112 3334//3115 3333//3114
f 3332//3113 3335//3116 3334//3115
f 987//959 3327//3108 1434//1380
f 988//960 3328//3109 3327//3108
f 989//961 3329//3110 3328//3109
f 115//115 1440//1386 3329//3110
f 1440//1386 1441//1387 3332//3113
f 1441//1387 1442//1388 3335//3116
f 3335//3116 1442//1388 210//208
f 3334//3115 3335//3116 1463//1409
f 3333//3114 3334//3115 1462//1408
f 1436//1382 3333//3114 1461//1407
f 3330//3111 3333//3114 1436//1382
f 3327//3108 3330//3111 1435//1381
f 3337//3118 3340//3121 3339//3120
f 3338//3119 3341//3122 3340//3121
f 3340//3121 3343//3124 3342//3123
f 3341//3122 3344//3125 3343//3124
f 936//908 3336//3117 1437//1383
f 937//909 3337//3118 3336//3117
f 938//910 3338//3119 3337//3118
f 114//114 1434//1380 3338//3119
f 1434//1380 1435//1381 3341//3122
f 1435//1381 1436//1382 3344//3125
f 3344//3125 1436//1382 208//206
f 3343//3124 3344//3125 1466//1412
f 3342//3123 3343//3124 1465//1411
f 1439//1385 3342//3123 1464//1410
f 3339//3120 3342//3123 1439//1385
f 3336//3117 3339//3120 1438//1384
