# Blender 5.0.1
# www.blender.org
o Floor_Lamp_Shade_Frame
v -3.150506 2.673766 0.722675
v -3.149729 2.678152 0.722089
v -3.146741 2.678173 0.719840
v -3.146001 2.676960 0.719283
v -3.146739 2.672558 0.719838
v -3.149735 2.672559 0.722094
v -3.148471 2.673766 0.724747
v -3.147872 2.678152 0.723980
v -3.145574 2.678173 0.721038
v -3.145020 2.676960 0.720323
v -3.145567 2.672558 0.721032
v -3.147877 2.672559 0.723987
v -3.145969 2.673766 0.726222
v -3.145589 2.678152 0.725326
v -3.144134 2.678173 0.721890
v -3.143792 2.676960 0.721057
v -3.144127 2.672558 0.721881
v -3.145592 2.672559 0.725334
v -3.143171 2.673766 0.727000
v -3.143035 2.678152 0.726036
v -3.142521 2.678173 0.722338
v -3.142411 2.676960 0.721441
v -3.142516 2.672558 0.722329
v -3.143036 2.672559 0.726044
v -3.140266 2.673766 0.727026
v -3.140385 2.678152 0.726060
v -3.140848 2.678173 0.722353
v -3.140977 2.676960 0.721454
v -3.140843 2.672558 0.722344
v -3.140384 2.672559 0.726068
v -3.137454 2.673766 0.726300
v -3.137819 2.678152 0.725398
v -3.139227 2.678173 0.721935
v -3.139589 2.676960 0.721096
v -3.139224 2.672558 0.721926
v -3.137816 2.672559 0.725405
v -3.134925 2.673766 0.724871
v -3.135512 2.678152 0.724094
v -3.137770 2.678173 0.721111
v -3.138341 2.676960 0.720390
v -3.137769 2.672558 0.721103
v -3.135507 2.672559 0.724100
v -3.132853 2.673766 0.722836
v -3.133621 2.678152 0.722237
v -3.136576 2.678173 0.719939
v -3.137318 2.676960 0.719386
v -3.136575 2.672558 0.719932
v -3.133614 2.672559 0.722242
v -3.131377 2.673766 0.720334
v -3.132275 2.678152 0.719954
v -3.135726 2.678173 0.718497
v -3.136590 2.676960 0.718151
v -3.135726 2.672558 0.718491
v -3.132267 2.672559 0.719957
v -3.130600 2.673766 0.717536
v -3.131565 2.678152 0.717400
v -3.135278 2.678173 0.716884
v -3.136206 2.676960 0.716769
v -3.135278 2.672558 0.716880
v -3.131557 2.672559 0.717401
v -3.130573 2.673766 0.714631
v -3.131541 2.678152 0.714750
v -3.135263 2.678173 0.715211
v -3.136193 2.676960 0.715336
v -3.135263 2.672558 0.715208
v -3.131533 2.672559 0.714749
v -3.131299 2.673766 0.711819
v -3.132203 2.678152 0.712184
v -3.135681 2.678173 0.713590
v -3.136552 2.676960 0.713948
v -3.135681 2.672558 0.713588
v -3.132196 2.672559 0.712181
v -3.132729 2.673766 0.709290
v -3.133507 2.678152 0.709877
v -3.136505 2.678173 0.712133
v -3.137257 2.676960 0.712700
v -3.136504 2.672558 0.712133
v -3.133501 2.672559 0.709872
v -3.134763 2.673766 0.707218
v -3.135364 2.678152 0.707986
v -3.137677 2.678173 0.710939
v -3.138262 2.676960 0.711677
v -3.137675 2.672558 0.710939
v -3.135359 2.672559 0.707979
v -3.137265 2.673766 0.705742
v -3.137647 2.678152 0.706640
v -3.139119 2.678173 0.710089
v -3.139496 2.676960 0.710949
v -3.139116 2.672558 0.710090
v -3.137644 2.672559 0.706632
v -3.140064 2.673766 0.704965
v -3.140201 2.678152 0.705930
v -3.140732 2.678173 0.709641
v -3.140878 2.676960 0.710565
v -3.140727 2.672558 0.709642
v -3.140200 2.672559 0.705922
v -3.142968 2.673766 0.704938
v -3.142851 2.678152 0.705906
v -3.142405 2.678173 0.709626
v -3.142311 2.676960 0.710552
v -3.142400 2.672558 0.709627
v -3.142852 2.672559 0.705898
v -3.145781 2.673766 0.705665
v -3.145417 2.678152 0.706568
v -3.144026 2.678173 0.710044
v -3.143699 2.676960 0.710910
v -3.144019 2.672558 0.710045
v -3.145420 2.672559 0.706561
v -3.148309 2.673766 0.707094
v -3.147724 2.678152 0.707872
v -3.145483 2.678173 0.710868
v -3.144948 2.676960 0.711616
v -3.145475 2.672558 0.710868
v -3.147729 2.672559 0.707866
v -3.150382 2.673766 0.709129
v -3.149615 2.678152 0.709729
v -3.146677 2.678173 0.712040
v -3.145970 2.676960 0.712620
v -3.146668 2.672558 0.712039
v -3.149622 2.672559 0.709724
v -3.151857 2.673766 0.711631
v -3.150961 2.678152 0.712012
v -3.147527 2.678173 0.713482
v -3.146698 2.676960 0.713855
v -3.147517 2.672558 0.713480
v -3.150969 2.672559 0.712009
v -3.152635 2.673766 0.714429
v -3.151671 2.678152 0.714566
v -3.147975 2.678173 0.715094
v -3.147082 2.676960 0.715236
v -3.147965 2.672558 0.715091
v -3.151679 2.672559 0.714565
v -3.152661 2.673766 0.717334
v -3.151695 2.678152 0.717216
v -3.147990 2.678173 0.716768
v -3.147095 2.676960 0.716670
v -3.147980 2.672558 0.716764
v -3.151703 2.672559 0.717217
v -3.151935 2.673766 0.720146
v -3.151033 2.678152 0.719782
v -3.147570 2.678173 0.718387
v -3.146729 2.676960 0.718052
v -3.147562 2.672558 0.718383
v -3.151040 2.672559 0.719785
v -3.140269 2.676875 0.727002
v -3.132749 2.676875 0.709305
v -3.145959 2.676875 0.726199
v -3.134940 2.676875 0.724851
v -3.150486 2.676875 0.722660
v -3.145772 2.676875 0.705688
v -3.131400 2.676875 0.720324
v -3.130598 2.676875 0.714634
v -3.151912 2.676875 0.720137
v -3.140068 2.676875 0.704990
v -3.143167 2.676875 0.726975
v -3.150362 2.676875 0.709144
v -3.152610 2.676875 0.714433
v -3.132872 2.676875 0.722821
v -3.134779 2.676875 0.707237
v -3.137463 2.676875 0.726277
v -3.131323 2.676875 0.711828
v -3.148456 2.676875 0.724728
v -3.148294 2.676875 0.707114
v -3.130625 2.676875 0.717532
v -3.137275 2.676875 0.705765
v -3.142966 2.676875 0.704963
v -3.152637 2.676875 0.717331
v -3.151834 2.676875 0.711640
v -3.136589 2.673784 0.718134
v -3.145944 2.673784 0.712618
v -3.136193 2.673784 0.715326
v -3.139487 2.673784 0.710951
v -3.147066 2.673784 0.716657
v -3.140964 2.673784 0.721428
v -3.137254 2.673784 0.712697
v -3.137315 2.673784 0.719365
v -3.143772 2.673784 0.721032
v -3.139580 2.673784 0.721071
v -3.145994 2.673784 0.719278
v -3.142295 2.673784 0.710555
v -3.136206 2.673784 0.716756
v -3.142394 2.673784 0.721415
v -3.138256 2.673784 0.711677
v -3.146706 2.673784 0.718039
v -3.140865 2.673784 0.710568
v -3.144924 2.673784 0.711616
v -3.146670 2.673784 0.713849
v -3.136550 2.673784 0.713942
v -3.147053 2.673784 0.715227
v -3.145000 2.673784 0.720304
v -3.138335 2.673784 0.720367
v -3.143679 2.673784 0.710913
v -3.297956 2.675231 0.508329
v -2.984154 2.675231 0.925130
v -3.296654 2.675231 0.507884
v -2.983377 2.675231 0.923988
v -3.296734 2.674775 0.507944
v -2.983457 2.674775 0.924048
v -3.296960 2.674389 0.508114
v -2.983683 2.674389 0.924218
v -3.297299 2.674131 0.508369
v -2.984022 2.674131 0.924473
v -3.297699 2.674041 0.508670
v -2.984422 2.674041 0.924774
v -3.298098 2.674131 0.508971
v -2.984821 2.674131 0.925075
v -3.298437 2.674389 0.509226
v -2.985160 2.674389 0.925330
v -3.298664 2.674775 0.509397
v -2.985387 2.674775 0.925501
v -3.298743 2.675231 0.509457
v -2.985466 2.675231 0.925561
v -3.298664 2.675686 0.509397
v -2.985387 2.675686 0.925501
v -3.298437 2.676072 0.509226
v -2.985160 2.676072 0.925330
v -3.298098 2.676330 0.508971
v -2.984821 2.676330 0.925075
v -3.297699 2.676420 0.508670
v -2.984422 2.676420 0.924774
v -3.297299 2.676330 0.508369
v -2.984022 2.676330 0.924473
v -3.296960 2.676072 0.508114
v -2.983683 2.676072 0.924218
v -3.296734 2.675686 0.507944
v -2.983457 2.675686 0.924048
v -3.109466 2.675231 0.756188
v -3.109557 2.674707 0.756257
v -3.109817 2.674263 0.756453
v -3.110207 2.673967 0.756746
v -3.110666 2.673863 0.757092
v -3.111126 2.673967 0.757438
v -3.111515 2.674263 0.757732
v -3.111776 2.674707 0.757928
v -3.111867 2.675231 0.757996
v -3.111776 2.675754 0.757928
v -3.111515 2.676198 0.757732
v -3.111126 2.676494 0.757438
v -3.110666 2.676598 0.757092
v -3.110207 2.676494 0.756746
v -3.109817 2.676198 0.756453
v -3.109557 2.675754 0.756257
v -3.171196 2.674707 0.674386
v -3.171457 2.674263 0.674582
v -3.171846 2.673967 0.674875
v -3.172306 2.673863 0.675221
v -3.172765 2.673967 0.675567
v -3.173155 2.674263 0.675860
v -3.173415 2.674707 0.676056
v -3.173506 2.675231 0.676125
v -3.173415 2.675754 0.676056
v -3.173155 2.676198 0.675860
v -3.172765 2.676494 0.675567
v -3.172306 2.676598 0.675221
v -3.171846 2.676494 0.674875
v -3.171457 2.676198 0.674582
v -3.171196 2.675754 0.674386
v -3.171105 2.675231 0.674317
v -3.145854 2.675231 0.707857
v -3.145945 2.674707 0.707926
v -3.146205 2.674263 0.708122
v -3.146595 2.673967 0.708415
v -3.147054 2.673863 0.708761
v -3.147514 2.673967 0.709107
v -3.147903 2.674263 0.709400
v -3.148163 2.674707 0.709596
v -3.148255 2.675231 0.709665
v -3.148163 2.675754 0.709596
v -3.147903 2.676198 0.709400
v -3.147514 2.676494 0.709107
v -3.147054 2.676598 0.708761
v -3.146595 2.676494 0.708415
v -3.146205 2.676198 0.708122
v -3.145945 2.675754 0.707926
v -3.134842 2.675231 0.722482
v -3.134934 2.674707 0.722551
v -3.135194 2.674263 0.722747
v -3.135584 2.673967 0.723040
v -3.136043 2.673863 0.723386
v -3.136503 2.673967 0.723732
v -3.136892 2.674263 0.724026
v -3.137152 2.674707 0.724221
v -3.137244 2.675231 0.724290
v -3.137152 2.675754 0.724221
v -3.136892 2.676198 0.724026
v -3.136503 2.676494 0.723732
v -3.136043 2.676598 0.723386
v -3.135584 2.676494 0.723040
v -3.135194 2.676198 0.722747
v -3.134934 2.675754 0.722551
v -3.009257 2.675231 0.889289
v -3.009348 2.674707 0.889358
v -3.009608 2.674263 0.889554
v -3.009998 2.673967 0.889847
v -3.010457 2.673863 0.890193
v -3.010917 2.673967 0.890539
v -3.011306 2.674263 0.890832
v -3.011567 2.674707 0.891028
v -3.011658 2.675231 0.891097
v -3.011567 2.675754 0.891028
v -3.011306 2.676198 0.890832
v -3.010917 2.676494 0.890539
v -3.010457 2.676598 0.890193
v -3.009998 2.676494 0.889847
v -3.009608 2.676198 0.889554
v -3.009348 2.675754 0.889358
v -3.270758 2.674707 0.542145
v -3.271019 2.674263 0.542341
v -3.271408 2.673967 0.542634
v -3.271868 2.673863 0.542980
v -3.272327 2.673967 0.543326
v -3.272717 2.674263 0.543619
v -3.272977 2.674707 0.543815
v -3.273068 2.675231 0.543884
v -3.272977 2.675754 0.543815
v -3.272717 2.676198 0.543619
v -3.272327 2.676494 0.543326
v -3.271868 2.676598 0.542980
v -3.271408 2.676494 0.542634
v -3.271019 2.676198 0.542341
v -3.270758 2.675754 0.542145
v -3.270667 2.675231 0.542076
v -2.932470 2.675231 0.558519
v -3.351508 2.675231 0.874005
v -2.931920 2.675231 0.559741
v -3.350397 2.675231 0.874805
v -2.931979 2.674775 0.559662
v -3.350457 2.674775 0.874726
v -2.932150 2.674389 0.559436
v -3.350627 2.674389 0.874499
v -2.932405 2.674131 0.559097
v -3.350882 2.674131 0.874160
v -2.932706 2.674041 0.558697
v -3.351183 2.674041 0.873761
v -2.933007 2.674131 0.558297
v -3.351484 2.674131 0.873361
v -2.933262 2.674389 0.557958
v -3.351739 2.674389 0.873022
v -2.933433 2.674775 0.557732
v -3.351910 2.674775 0.872796
v -2.933492 2.675231 0.557653
v -3.351969 2.675230 0.872716
v -2.933433 2.675686 0.557732
v -3.351910 2.675686 0.872796
v -2.933262 2.676072 0.557958
v -3.351739 2.676072 0.873022
v -2.933007 2.676330 0.558297
v -3.351484 2.676330 0.873361
v -2.932706 2.676420 0.558697
v -3.351183 2.676420 0.873761
v -2.932405 2.676330 0.559097
v -3.350882 2.676330 0.874160
v -2.932150 2.676072 0.559436
v -3.350627 2.676072 0.874499
v -2.931979 2.675686 0.559662
v -3.350457 2.675686 0.874726
v -3.148367 2.675231 0.722945
v -3.148435 2.674707 0.722854
v -3.148631 2.674263 0.722593
v -3.148925 2.673967 0.722204
v -3.149271 2.673863 0.721744
v -3.149616 2.673967 0.721285
v -3.149910 2.674263 0.720895
v -3.150106 2.674707 0.720635
v -3.150174 2.675231 0.720544
v -3.150106 2.675754 0.720635
v -3.149910 2.676198 0.720895
v -3.149616 2.676494 0.721285
v -3.149271 2.676598 0.721744
v -3.148925 2.676494 0.722204
v -3.148631 2.676198 0.722593
v -3.148435 2.675754 0.722854
v -3.133047 2.674707 0.711268
v -3.133243 2.674263 0.711008
v -3.133536 2.673967 0.710618
v -3.133882 2.673863 0.710159
v -3.134228 2.673967 0.709699
v -3.134521 2.674263 0.709310
v -3.134717 2.674707 0.709049
v -3.134786 2.675231 0.708958
v -3.134717 2.675754 0.709049
v -3.134521 2.676198 0.709310
v -3.134228 2.676494 0.709699
v -3.133882 2.676598 0.710159
v -3.133536 2.676494 0.710618
v -3.133243 2.676198 0.711008
v -3.133047 2.675754 0.711268
v -3.132978 2.675231 0.711359
v -3.099384 2.674707 0.685924
v -3.099580 2.674263 0.685663
v -3.099873 2.673967 0.685274
v -3.100219 2.673863 0.684814
v -3.100565 2.673967 0.684355
v -3.100858 2.674263 0.683965
v -3.101054 2.674707 0.683705
v -3.101123 2.675231 0.683614
v -3.101054 2.675754 0.683705
v -3.100858 2.676198 0.683965
v -3.100565 2.676494 0.684355
v -3.100219 2.676598 0.684814
v -3.099873 2.676494 0.685274
v -3.099580 2.676198 0.685663
v -3.099384 2.675754 0.685924
v -3.099315 2.675231 0.686015
v -2.966065 2.674707 0.585551
v -2.966261 2.674263 0.585291
v -2.966555 2.673967 0.584901
v -2.966901 2.673863 0.584442
v -2.967247 2.673967 0.583982
v -2.967540 2.674263 0.583593
v -2.967736 2.674707 0.583332
v -2.967805 2.675231 0.583241
v -2.967736 2.675754 0.583332
v -2.967540 2.676198 0.583593
v -2.967247 2.676494 0.583982
v -2.966901 2.676598 0.584442
v -2.966555 2.676494 0.584901
v -2.966261 2.676198 0.585291
v -2.966065 2.675754 0.585551
v -2.965997 2.675231 0.585642
v -3.182338 2.675231 0.748522
v -3.182407 2.674707 0.748430
v -3.182603 2.674263 0.748170
v -3.182896 2.673967 0.747780
v -3.183242 2.673863 0.747321
v -3.183588 2.673967 0.746861
v -3.183881 2.674263 0.746472
v -3.184077 2.674707 0.746212
v -3.184146 2.675231 0.746120
v -3.184077 2.675754 0.746212
v -3.183881 2.676198 0.746472
v -3.183588 2.676494 0.746861
v -3.183242 2.676598 0.747321
v -3.182896 2.676494 0.747780
v -3.182603 2.676198 0.748170
v -3.182407 2.675754 0.748430
v -3.315746 2.675231 0.848962
v -3.315815 2.674707 0.848870
v -3.316011 2.674263 0.848610
v -3.316304 2.673967 0.848221
v -3.316650 2.673863 0.847761
v -3.316996 2.673967 0.847302
v -3.317289 2.674263 0.846912
v -3.317485 2.674707 0.846652
v -3.317554 2.675231 0.846560
v -3.317485 2.675754 0.846652
v -3.317289 2.676198 0.846912
v -3.316996 2.676494 0.847302
v -3.316650 2.676598 0.847761
v -3.316304 2.676494 0.848221
v -3.316011 2.676198 0.848610
v -3.315815 2.675754 0.848870
v -3.151209 2.672559 0.712629
v -3.151408 2.672559 0.713264
v -3.151565 2.672559 0.713910
v -3.146028 2.672559 0.706830
v -3.146617 2.672559 0.707138
v -3.147185 2.672559 0.707484
v -3.136697 2.676960 0.713619
v -3.136863 2.676960 0.713301
v -3.137050 2.676960 0.712994
v -3.136575 2.673249 0.718136
v -3.136481 2.672896 0.718173
v -3.136225 2.672681 0.718280
v -3.135233 2.678173 0.716467
v -3.135216 2.678173 0.716048
v -3.135226 2.678173 0.715629
v -3.140272 2.677414 0.726981
v -3.140285 2.677780 0.726876
v -3.140319 2.678012 0.726598
v -3.142820 2.678173 0.709690
v -3.143229 2.678173 0.709782
v -3.143631 2.678173 0.709900
v -3.134936 2.673243 0.724857
v -3.135003 2.672896 0.724769
v -3.135176 2.672682 0.724539
v -3.146915 2.672558 0.712378
v -3.147140 2.672558 0.712732
v -3.147341 2.672558 0.713100
v -3.132765 2.677414 0.709318
v -3.132850 2.677780 0.709381
v -3.133074 2.678012 0.709550
v -3.144734 2.676960 0.720538
v -3.144433 2.676960 0.720733
v -3.144118 2.676960 0.720906
v -3.140739 2.672488 0.723186
v -3.140614 2.672465 0.724202
v -3.140488 2.672488 0.725221
v -3.136767 2.672558 0.711806
v -3.137050 2.672558 0.711498
v -3.137354 2.672558 0.711208
v -3.135825 2.672488 0.711621
v -3.135005 2.672465 0.711004
v -3.134184 2.672488 0.710386
v -3.140622 2.676960 0.721399
v -3.140272 2.676960 0.721320
v -3.139927 2.676960 0.721219
v -3.134995 2.678152 0.723677
v -3.134506 2.678152 0.723227
v -3.134047 2.678152 0.722746
v -3.137257 2.672488 0.721780
v -3.136640 2.672465 0.722599
v -3.136021 2.672488 0.723418
v -3.138016 2.678173 0.710692
v -3.138370 2.678173 0.710467
v -3.138738 2.678173 0.710266
v -3.151742 2.678152 0.715226
v -3.151770 2.678152 0.715890
v -3.151754 2.678152 0.716554
v -3.145949 2.673249 0.712608
v -3.146026 2.672896 0.712545
v -3.146243 2.672681 0.712373
v -3.147916 2.672558 0.717178
v -3.147824 2.672558 0.717587
v -3.147706 2.672558 0.717989
v -3.147449 2.678053 0.715173
v -3.147185 2.677841 0.715216
v -3.147093 2.677492 0.715233
v -3.131635 2.672559 0.714092
v -3.131780 2.672559 0.713443
v -3.131967 2.672559 0.712805
v -3.137004 2.678053 0.719612
v -3.137224 2.677841 0.719449
v -3.137306 2.677492 0.719392
v -3.136184 2.678053 0.713795
v -3.136442 2.677841 0.713901
v -3.136538 2.677492 0.713941
v -3.146025 2.678152 0.706837
v -3.146613 2.678152 0.707145
v -3.147181 2.678152 0.707491
v -3.142749 2.678232 0.706749
v -3.142626 2.678261 0.707767
v -3.142504 2.678240 0.708784
v -3.139261 2.676960 0.720950
v -3.138942 2.676960 0.720784
v -3.138635 2.676960 0.720597
v -3.145247 2.678053 0.720618
v -3.145083 2.677841 0.720407
v -3.145026 2.677492 0.720332
v -3.150811 2.673766 0.709717
v -3.151201 2.673766 0.710331
v -3.151551 2.673766 0.710970
v -3.137461 2.673243 0.726283
v -3.137502 2.672896 0.726181
v -3.137610 2.672682 0.725915
v -3.142104 2.678173 0.722382
v -3.141685 2.678173 0.722400
v -3.141266 2.678173 0.722390
v -3.139507 2.672558 0.709939
v -3.139907 2.672558 0.709813
v -3.140314 2.672558 0.709714
v -3.130685 2.673766 0.713912
v -3.130844 2.673766 0.713201
v -3.131049 2.673766 0.712503
v -3.136178 2.673249 0.715322
v -3.136077 2.672896 0.715309
v -3.135801 2.672681 0.715274
v -3.137211 2.678152 0.725129
v -3.136623 2.678152 0.724821
v -3.136055 2.678152 0.724475
v -3.150246 2.678232 0.719465
v -3.149297 2.678261 0.719083
v -3.148351 2.678240 0.718701
v -3.145951 2.677414 0.726181
v -3.145910 2.677780 0.726083
v -3.145801 2.678012 0.725825
v -3.149318 2.672559 0.722612
v -3.148868 2.672559 0.723101
v -3.148387 2.672559 0.723560
v -3.135888 2.678232 0.708655
v -3.136520 2.678261 0.709463
v -3.137153 2.678240 0.710270
v -3.136328 2.672558 0.719593
v -3.136103 2.672558 0.719239
v -3.135902 2.672558 0.718871
v -3.134953 2.677414 0.724835
v -3.135016 2.677780 0.724750
v -3.135185 2.678012 0.724527
v -3.152549 2.673766 0.718053
v -3.152390 2.673766 0.718764
v -3.152185 2.673766 0.719462
v -3.135901 2.678152 0.707594
v -3.136462 2.678152 0.707238
v -3.137045 2.678152 0.706919
v -3.143736 2.672558 0.722033
v -3.143336 2.672558 0.722158
v -3.142929 2.672558 0.722257
v -3.147678 2.678173 0.713873
v -3.147804 2.678173 0.714273
v -3.147902 2.678173 0.714681
v -3.132027 2.672559 0.719337
v -3.131828 2.672559 0.718702
v -3.131671 2.672559 0.718056
v -3.134420 2.672488 0.715104
v -3.133401 2.672465 0.714979
v -3.132381 2.672488 0.714853
v -3.149312 2.678152 0.722607
v -3.148862 2.678152 0.723096
v -3.148381 2.678152 0.723554
v -3.146982 2.678173 0.719497
v -3.147202 2.678173 0.719140
v -3.147398 2.678173 0.718769
v -3.142666 2.676960 0.710607
v -3.143017 2.676960 0.710685
v -3.143362 2.676960 0.710787
v -3.147416 2.672488 0.720348
v -3.148234 2.672465 0.720964
v -3.149054 2.672488 0.721581
v -3.139479 2.673249 0.710938
v -3.139438 2.672896 0.710844
v -3.139328 2.672681 0.710588
v -3.145774 2.673243 0.705682
v -3.145733 2.672896 0.705784
v -3.145626 2.672682 0.706051
v -3.142917 2.678232 0.725196
v -3.142776 2.678261 0.724183
v -3.142636 2.678240 0.723172
v -3.150491 2.673243 0.722664
v -3.150403 2.672896 0.722597
v -3.150174 2.672682 0.722425
v -3.147074 2.673249 0.716655
v -3.147171 2.672896 0.716666
v -3.147444 2.672681 0.716699
v -3.132035 2.678152 0.719334
v -3.131836 2.678152 0.718700
v -3.131680 2.678152 0.718055
v -3.139547 2.673766 0.726914
v -3.138836 2.673766 0.726755
v -3.138138 2.673766 0.726551
v -3.140320 2.678232 0.706772
v -3.140464 2.678261 0.707787
v -3.140610 2.678240 0.708801
v -3.135896 2.672559 0.707587
v -3.136457 2.672559 0.707231
v -3.137041 2.672559 0.706912
v -3.139433 2.678053 0.721441
v -3.139541 2.677841 0.721193
v -3.139582 2.677492 0.721105
v -3.145227 2.676960 0.711841
v -3.145492 2.676960 0.712084
v -3.145740 2.676960 0.712344
v -3.145165 2.678053 0.711300
v -3.145007 2.677841 0.711522
v -3.144953 2.677492 0.711604
v -3.133185 2.673766 0.708723
v -3.133678 2.673766 0.708187
v -3.134205 2.673766 0.707685
v -3.135851 2.678173 0.713207
v -3.136045 2.678173 0.712835
v -3.136264 2.678173 0.712477
v -3.145290 2.673766 0.726485
v -3.144595 2.673766 0.726703
v -3.143888 2.673766 0.726875
v -3.148020 2.678173 0.715511
v -3.148037 2.678173 0.715931
v -3.148027 2.678173 0.716350
v -3.134944 2.672488 0.718822
v -3.134000 2.672465 0.719222
v -3.133054 2.672488 0.719624
v -3.148876 2.673766 0.707550
v -3.149412 2.673766 0.708043
v -3.149915 2.673766 0.708570
v -3.144335 2.672488 0.709257
v -3.144718 2.672465 0.708306
v -3.145101 2.672488 0.707353
v -3.140960 2.673249 0.721437
v -3.140945 2.672896 0.721534
v -3.140910 2.672681 0.721808
v -3.150181 2.678232 0.712345
v -3.149240 2.678261 0.712746
v -3.148301 2.678240 0.713148
v -3.136168 2.676960 0.716412
v -3.136153 2.676960 0.716053
v -3.136161 2.676960 0.715694
v -3.131394 2.673243 0.720327
v -3.131496 2.672896 0.720284
v -3.131761 2.672682 0.720172
v -3.150470 2.677414 0.722647
v -3.150385 2.677780 0.722584
v -3.150162 2.678012 0.722415
v -3.141144 2.672558 0.709597
v -3.141563 2.672558 0.709580
v -3.141982 2.672558 0.709590
v -3.132423 2.673766 0.722248
v -3.132033 2.673766 0.721633
v -3.131684 2.673766 0.720995
v -3.145764 2.677414 0.705707
v -3.145724 2.677780 0.705805
v -3.145620 2.678012 0.706065
v -3.150007 2.678152 0.710266
v -3.150363 2.678152 0.710827
v -3.150682 2.678152 0.711410
v -3.152713 2.673766 0.715153
v -3.152743 2.673766 0.715881
v -3.152726 2.673766 0.716608
v -3.145236 2.678173 0.721286
v -3.144882 2.678173 0.721512
v -3.144515 2.678173 0.721713
v -3.137242 2.673249 0.712688
v -3.137159 2.672896 0.712626
v -3.136937 2.672681 0.712458
v -3.131419 2.677414 0.720316
v -3.131517 2.677780 0.720275
v -3.131775 2.678012 0.720166
v -3.148348 2.672488 0.718700
v -3.149297 2.672465 0.719082
v -3.150249 2.672488 0.719466
v -3.137444 2.678173 0.720848
v -3.137135 2.678173 0.720564
v -3.136845 2.678173 0.720260
v -3.138138 2.678232 0.724611
v -3.138522 2.678261 0.723662
v -3.138907 2.678240 0.722716
v -3.142375 2.678152 0.726107
v -3.141711 2.678152 0.726135
v -3.141047 2.678152 0.726119
v -3.147040 2.676960 0.717025
v -3.146961 2.676960 0.717375
v -3.146857 2.676960 0.717718
v -3.150831 2.678232 0.714685
v -3.149818 2.678261 0.714829
v -3.148808 2.678240 0.714973
v -3.139334 2.678053 0.710587
v -3.139446 2.677841 0.710842
v -3.139489 2.677492 0.710935
v -3.137482 2.676960 0.712420
v -3.137726 2.676960 0.712155
v -3.137986 2.676960 0.711907
v -3.137303 2.673249 0.719370
v -3.137222 2.672896 0.719430
v -3.137002 2.672681 0.719599
v -3.139832 2.676960 0.710819
v -3.140174 2.676960 0.710712
v -3.140524 2.676960 0.710627
v -3.137152 2.672488 0.710270
v -3.136519 2.672465 0.709462
v -3.135886 2.672488 0.708652
v -3.132992 2.678232 0.712502
v -3.133943 2.678261 0.712886
v -3.134893 2.678240 0.713271
v -3.135815 2.678053 0.716813
v -3.136090 2.677841 0.716780
v -3.136192 2.677492 0.716770
v -3.147335 2.672488 0.711516
v -3.148142 2.672465 0.710884
v -3.148950 2.672488 0.710251
v -3.134775 2.673243 0.707232
v -3.134843 2.672896 0.707319
v -3.135020 2.672682 0.707546
v -3.135327 2.672558 0.714793
v -3.135419 2.672558 0.714384
v -3.135537 2.672558 0.713982
v -3.133229 2.678152 0.721700
v -3.132873 2.678152 0.721139
v -3.132554 2.678152 0.720556
v -3.136788 2.673766 0.726006
v -3.136143 2.673766 0.725669
v -3.135521 2.673766 0.725290
v -3.136023 2.678232 0.723416
v -3.136641 2.678261 0.722599
v -3.137258 2.678240 0.721784
v -3.150367 2.673243 0.709140
v -3.150281 2.672896 0.709208
v -3.150055 2.672682 0.709385
v -3.140861 2.672559 0.705851
v -3.141525 2.672559 0.705823
v -3.142190 2.672559 0.705839
v -3.130618 2.677414 0.714637
v -3.130724 2.677780 0.714650
v -3.131002 2.678012 0.714684
v -3.151893 2.677414 0.720129
v -3.151795 2.677780 0.720089
v -3.151535 2.678012 0.719985
v -3.142345 2.678053 0.710162
v -3.142318 2.677841 0.710437
v -3.142311 2.677492 0.710538
v -3.140067 2.673243 0.704983
v -3.140082 2.672896 0.705092
v -3.140122 2.672682 0.705377
v -3.130592 2.673243 0.714633
v -3.130701 2.672896 0.714647
v -3.130986 2.672682 0.714682
v -3.142375 2.672559 0.726115
v -3.141711 2.672559 0.726143
v -3.141046 2.672559 0.726127
v -3.151750 2.672559 0.715226
v -3.151778 2.672559 0.715890
v -3.151762 2.672559 0.716555
v -3.150014 2.672559 0.710261
v -3.150370 2.672559 0.710822
v -3.150689 2.672559 0.711406
v -3.140070 2.677414 0.705010
v -3.140085 2.677780 0.705115
v -3.140125 2.678012 0.705393
v -3.138841 2.672558 0.721757
v -3.138469 2.672558 0.721562
v -3.138111 2.672558 0.721344
v -3.146476 2.672558 0.720165
v -3.146192 2.672558 0.720473
v -3.145889 2.672558 0.720763
v -3.144409 2.678173 0.710214
v -3.144781 2.678173 0.710408
v -3.145139 2.678173 0.710626
v -3.130522 2.673766 0.716812
v -3.130491 2.673766 0.716084
v -3.130509 2.673766 0.715356
v -3.143773 2.673249 0.721040
v -3.143810 2.672896 0.721131
v -3.143917 2.672681 0.721384
v -3.150110 2.678152 0.721546
v -3.150456 2.678152 0.720978
v -3.150764 2.678152 0.720390
v -3.142814 2.672558 0.709691
v -3.143223 2.672558 0.709783
v -3.143625 2.672558 0.709901
v -3.151918 2.673243 0.720139
v -3.151816 2.672896 0.720098
v -3.151550 2.672682 0.719991
v -3.132465 2.672559 0.711573
v -3.132773 2.672559 0.710984
v -3.133119 2.672559 0.710416
v -3.142633 2.672488 0.723168
v -3.142775 2.672465 0.724183
v -3.142918 2.672488 0.725199
v -3.131643 2.678152 0.714094
v -3.131788 2.678152 0.713445
v -3.131975 2.678152 0.712808
v -3.133222 2.672559 0.721705
v -3.132866 2.672559 0.721144
v -3.132547 2.672559 0.720560
v -3.150117 2.672559 0.721550
v -3.150463 2.672559 0.720982
v -3.150771 2.672559 0.720393
v -3.139572 2.673249 0.721078
v -3.139533 2.672896 0.721170
v -3.139428 2.672681 0.721426
v -3.143168 2.673243 0.726982
v -3.143153 2.672896 0.726873
v -3.143113 2.672682 0.726588
v -3.150049 2.673766 0.723242
v -3.149556 2.673766 0.723777
v -3.149030 2.673766 0.724280
v -3.143164 2.677414 0.726955
v -3.143149 2.677780 0.726850
v -3.143111 2.678012 0.726573
v -3.147463 2.678053 0.716707
v -3.147198 2.677841 0.716678
v -3.147106 2.677492 0.716670
v -3.147349 2.678232 0.723312
v -3.146720 2.678261 0.722506
v -3.146092 2.678240 0.721702
v -3.140608 2.672488 0.708801
v -3.140464 2.672465 0.707786
v -3.140320 2.672488 0.706768
v -3.145100 2.678232 0.707356
v -3.144718 2.678261 0.708307
v -3.144338 2.678240 0.709257
v -3.141235 2.676960 0.710526
v -3.141594 2.676960 0.710511
v -3.141953 2.676960 0.710520
v -3.150346 2.677414 0.709157
v -3.150263 2.677780 0.709222
v -3.150042 2.678012 0.709395
v -3.146004 2.673249 0.719285
v -3.146085 2.672896 0.719346
v -3.146307 2.672681 0.719513
v -3.136939 2.678053 0.712460
v -3.137162 2.677841 0.712628
v -3.137245 2.677492 0.712691
v -3.139510 2.678173 0.709938
v -3.139910 2.678173 0.709812
v -3.140318 2.678173 0.709713
v -3.132472 2.678152 0.711576
v -3.132780 2.678152 0.710988
v -3.133126 2.678152 0.710420
v -3.135575 2.678173 0.718106
v -3.135449 2.678173 0.717705
v -3.135350 2.678173 0.717298
v -3.140918 2.678053 0.721824
v -3.140957 2.677841 0.721558
v -3.140974 2.677492 0.721465
v -3.143457 2.676960 0.721187
v -3.143114 2.676960 0.721294
v -3.142765 2.676960 0.721379
v -3.152590 2.677414 0.714436
v -3.152485 2.677780 0.714450
v -3.152208 2.678012 0.714490
v -3.148242 2.678152 0.708289
v -3.148731 2.678152 0.708739
v -3.149189 2.678152 0.709220
v -3.148299 2.673243 0.707108
v -3.148232 2.672896 0.707197
v -3.148060 2.672682 0.707426
v -3.146924 2.678173 0.712379
v -3.147149 2.678173 0.712733
v -3.147350 2.678173 0.713101
v -3.147340 2.672559 0.724379
v -3.146779 2.672559 0.724735
v -3.146195 2.672559 0.725054
v -3.147038 2.678053 0.713696
v -3.146793 2.677841 0.713807
v -3.146708 2.677492 0.713848
v -3.133057 2.678232 0.719622
v -3.134001 2.678261 0.719223
v -3.134944 2.678240 0.718825
v -3.146828 2.676960 0.714190
v -3.146936 2.676960 0.714533
v -3.147020 2.676960 0.714882
v -3.142292 2.673249 0.710541
v -3.142303 2.672896 0.710440
v -3.142335 2.672681 0.710164
v -3.135233 2.672558 0.716463
v -3.135216 2.672558 0.716044
v -3.135226 2.672558 0.715625
v -3.132867 2.673243 0.722825
v -3.132954 2.672896 0.722757
v -3.133181 2.672682 0.722580
v -3.143688 2.673766 0.705051
v -3.144398 2.673766 0.705209
v -3.145097 2.673766 0.705414
v -3.137980 2.678232 0.707422
v -3.138382 2.678261 0.708365
v -3.138784 2.678240 0.709308
v -3.132888 2.677414 0.722808
v -3.132972 2.677780 0.722743
v -3.133193 2.678012 0.722571
v -3.152617 2.673243 0.714432
v -3.152507 2.672896 0.714447
v -3.152223 2.672682 0.714488
v -3.134791 2.677414 0.707254
v -3.134857 2.677780 0.707337
v -3.135030 2.678012 0.707558
v -3.137471 2.677414 0.726258
v -3.137511 2.677780 0.726160
v -3.137615 2.678012 0.725900
v -3.147925 2.678173 0.717182
v -3.147834 2.678173 0.717592
v -3.147715 2.678173 0.717994
v -3.138014 2.672558 0.710692
v -3.138368 2.672558 0.710467
v -3.138736 2.672558 0.710266
v -3.136192 2.673249 0.716755
v -3.136090 2.672896 0.716767
v -3.135815 2.672681 0.716805
v -3.146089 2.672488 0.721700
v -3.146720 2.672465 0.722506
v -3.147352 2.672488 0.723315
v -3.142099 2.672558 0.722374
v -3.141680 2.672558 0.722391
v -3.141261 2.672558 0.722381
v -3.145778 2.676960 0.719564
v -3.145540 2.676960 0.719833
v -3.145288 2.676960 0.720087
v -3.135351 2.673766 0.706788
v -3.135966 2.673766 0.706398
v -3.136605 2.673766 0.706049
v -3.134893 2.672488 0.713270
v -3.133941 2.672465 0.712886
v -3.132988 2.672488 0.712501
v -3.132385 2.678232 0.714854
v -3.133402 2.678261 0.714979
v -3.134420 2.678240 0.715105
v -3.138061 2.676960 0.720165
v -3.137797 2.676960 0.719921
v -3.137549 2.676960 0.719661
v -3.148804 2.672488 0.714972
v -3.149818 2.672465 0.714828
v -3.150834 2.672488 0.714684
v -3.144028 2.676960 0.711055
v -3.144346 2.676960 0.711222
v -3.144653 2.676960 0.711409
v -3.131316 2.673243 0.711826
v -3.131419 2.672896 0.711867
v -3.131685 2.672682 0.711975
v -3.135906 2.672488 0.720454
v -3.135097 2.672465 0.721084
v -3.134288 2.672488 0.721716
v -3.139727 2.672559 0.725966
v -3.139078 2.672559 0.725821
v -3.138440 2.672559 0.725634
v -3.140788 2.673766 0.704887
v -3.141515 2.673766 0.704857
v -3.142243 2.673766 0.704874
v -3.131341 2.677414 0.711836
v -3.131440 2.677780 0.711876
v -3.131700 2.678012 0.711981
v -3.137208 2.672559 0.725136
v -3.136619 2.672559 0.724828
v -3.136051 2.672559 0.724482
v -3.148947 2.678232 0.710253
v -3.148142 2.678261 0.710885
v -3.147339 2.678240 0.711516
v -3.148460 2.673243 0.724733
v -3.148392 2.672896 0.724646
v -3.148215 2.672682 0.724420
v -3.145801 2.672558 0.711131
v -3.146110 2.672558 0.711415
v -3.146399 2.672558 0.711718
v -3.142392 2.673249 0.721423
v -3.142404 2.672896 0.721521
v -3.142441 2.672681 0.721794
v -3.143929 2.678053 0.721400
v -3.143829 2.677841 0.721153
v -3.143795 2.677492 0.721067
v -3.138245 2.673249 0.711666
v -3.138181 2.672896 0.711585
v -3.138010 2.672681 0.711366
v -3.138098 2.678053 0.720687
v -3.138268 2.677841 0.720473
v -3.138332 2.677492 0.720398
v -3.147335 2.678152 0.724372
v -3.146774 2.678152 0.724728
v -3.146191 2.678152 0.725047
v -3.143509 2.672559 0.706000
v -3.144158 2.672559 0.706145
v -3.144796 2.672559 0.706332
v -3.150925 2.673766 0.722079
v -3.151303 2.673766 0.721457
v -3.151641 2.673766 0.720812
v -3.146714 2.673249 0.718042
v -3.146806 2.672896 0.718078
v -3.147061 2.672681 0.718181
v -3.142447 2.673766 0.727078
v -3.141719 2.673766 0.727108
v -3.140991 2.673766 0.727091
v -3.152120 2.673766 0.712310
v -3.152338 2.673766 0.713004
v -3.152509 2.673766 0.713712
v -3.140860 2.673249 0.710555
v -3.140844 2.672896 0.710454
v -3.140804 2.672681 0.710178
v -3.130618 2.673243 0.717533
v -3.130727 2.672896 0.717518
v -3.131012 2.672682 0.717478
v -3.136329 2.678173 0.719600
v -3.136104 2.678173 0.719245
v -3.135903 2.678173 0.718877
v -3.138906 2.672488 0.722712
v -3.138521 2.672465 0.723662
v -3.138136 2.672488 0.724614
v -3.135327 2.678173 0.714796
v -3.135419 2.678173 0.714387
v -3.135537 2.678173 0.713984
v -3.131494 2.678152 0.716740
v -3.131466 2.678152 0.716076
v -3.131482 2.678152 0.715412
v -3.146980 2.672558 0.719495
v -3.147198 2.672558 0.719137
v -3.147392 2.672558 0.718766
v -3.144927 2.673249 0.711605
v -3.144985 2.672896 0.711523
v -3.145150 2.672681 0.711301
v -3.143743 2.678173 0.722041
v -3.143342 2.678173 0.722166
v -3.142935 2.678173 0.722265
v -3.148443 2.677414 0.724711
v -3.148378 2.677780 0.724628
v -3.148206 2.678012 0.724407
v -3.148010 2.672558 0.715508
v -3.148027 2.672558 0.715927
v -3.148017 2.672558 0.716346
v -3.143830 2.678053 0.710546
v -3.143734 2.677841 0.710803
v -3.143702 2.677492 0.710897
v -3.136768 2.678173 0.711807
v -3.137052 2.678173 0.711498
v -3.137355 2.678173 0.711208
v -3.136461 2.676960 0.717816
v -3.136353 2.676960 0.717473
v -3.136268 2.676960 0.717123
v -3.150853 2.678232 0.717113
v -3.149838 2.678261 0.716990
v -3.148825 2.678240 0.716868
v -3.137273 2.673243 0.705759
v -3.137316 2.672896 0.705861
v -3.137429 2.672682 0.706126
v -3.140433 2.678173 0.722288
v -3.140024 2.678173 0.722197
v -3.139621 2.678173 0.722079
v -3.146311 2.678053 0.719516
v -3.146091 2.677841 0.719351
v -3.146011 2.677492 0.719291
v -3.141149 2.678173 0.709596
v -3.141568 2.678173 0.709579
v -3.141987 2.678173 0.709588
v -3.148282 2.677414 0.707130
v -3.148218 2.677780 0.707215
v -3.148050 2.678012 0.707439
v -3.138267 2.678152 0.706400
v -3.138901 2.678152 0.706201
v -3.139546 2.678152 0.706044
v -3.143507 2.678152 0.706008
v -3.144156 2.678152 0.706153
v -3.144793 2.678152 0.706340
v -3.130645 2.677414 0.717529
v -3.130750 2.677780 0.717515
v -3.131028 2.678012 0.717476
v -3.137442 2.672558 0.720840
v -3.137133 2.672558 0.720557
v -3.136844 2.672558 0.720253
v -3.146182 2.676960 0.712910
v -3.146375 2.676960 0.713214
v -3.146547 2.676960 0.713529
v -3.140489 2.678232 0.725218
v -3.140615 2.678261 0.724202
v -3.140741 2.678240 0.723189
v -3.147668 2.672558 0.713871
v -3.147794 2.672558 0.714271
v -3.147893 2.672558 0.714678
v -3.146677 2.673249 0.713842
v -3.146767 2.672896 0.713802
v -3.147021 2.672681 0.713692
v -3.135850 2.672558 0.713205
v -3.136045 2.672558 0.712834
v -3.136263 2.672558 0.712475
v -3.136225 2.678053 0.718291
v -3.136482 2.677841 0.718189
v -3.136576 2.677492 0.718154
v -3.145809 2.678173 0.711131
v -3.146118 2.678173 0.711415
v -3.146408 2.678173 0.711718
v -3.142502 2.672488 0.708784
v -3.142625 2.672465 0.707766
v -3.142749 2.672488 0.706746
v -3.134290 2.678232 0.721714
v -3.135098 2.678261 0.721085
v -3.135906 2.678240 0.720456
v -3.142966 2.673243 0.704957
v -3.142953 2.672896 0.705066
v -3.142918 2.672682 0.705352
v -3.134187 2.678232 0.710388
v -3.135006 2.678261 0.711005
v -3.135825 2.678240 0.711622
v -3.145229 2.672558 0.721279
v -3.144875 2.672558 0.721504
v -3.144507 2.672558 0.721705
v -3.136537 2.673249 0.713935
v -3.136441 2.672896 0.713896
v -3.136183 2.672681 0.713791
v -3.134437 2.672488 0.716998
v -3.133421 2.672465 0.717140
v -3.132403 2.672488 0.717283
v -3.146210 2.676960 0.718990
v -3.146403 2.676960 0.718688
v -3.146577 2.676960 0.718375
v -3.138552 2.676960 0.711465
v -3.138855 2.676960 0.711272
v -3.139170 2.676960 0.711100
v -3.147060 2.673249 0.715223
v -3.147158 2.672896 0.715207
v -3.147430 2.672681 0.715168
v -3.137283 2.677414 0.705784
v -3.137325 2.677780 0.705882
v -3.137435 2.678012 0.706140
v -3.151601 2.672559 0.717874
v -3.151456 2.672559 0.718523
v -3.151269 2.672559 0.719161
v -3.148247 2.672559 0.708283
v -3.148736 2.672559 0.708733
v -3.149195 2.672559 0.709214
v -3.142963 2.677414 0.704984
v -3.142950 2.677780 0.705089
v -3.142916 2.678012 0.705367
v -3.133918 2.672559 0.709354
v -3.134368 2.672559 0.708865
v -3.134849 2.672559 0.708406
v -3.131594 2.673766 0.711153
v -3.131931 2.673766 0.710508
v -3.132310 2.673766 0.709886
v -3.134358 2.673766 0.724414
v -3.133822 2.673766 0.723922
v -3.133320 2.673766 0.723395
v -3.145005 2.673249 0.720311
v -3.145066 2.672896 0.720389
v -3.145235 2.672681 0.720606
v -3.142054 2.676960 0.721479
v -3.141695 2.676960 0.721494
v -3.141335 2.676960 0.721486
v -3.147883 2.673766 0.725177
v -3.147268 2.673766 0.725567
v -3.146630 2.673766 0.725916
v -3.146260 2.678053 0.712375
v -3.146050 2.677841 0.712547
v -3.145978 2.677492 0.712611
v -3.138264 2.672559 0.706392
v -3.138899 2.672559 0.706193
v -3.139545 2.672559 0.706036
v -3.145257 2.678232 0.724545
v -3.144858 2.678261 0.723604
v -3.144461 2.678240 0.722665
v -3.131486 2.672559 0.716740
v -3.131458 2.672559 0.716076
v -3.131474 2.672559 0.715411
v -3.151201 2.678152 0.712632
v -3.151400 2.678152 0.713266
v -3.151556 2.678152 0.713911
v -3.135801 2.678053 0.715280
v -3.136077 2.677841 0.715317
v -3.136179 2.677492 0.715333
v -3.138844 2.678173 0.721765
v -3.138472 2.678173 0.721570
v -3.138114 2.678173 0.721352
v -3.151593 2.678152 0.717872
v -3.151448 2.678152 0.718521
v -3.151261 2.678152 0.719158
v -3.144402 2.672558 0.710214
v -3.144773 2.672558 0.710409
v -3.145132 2.672558 0.710627
v -3.140429 2.672558 0.722280
v -3.140020 2.672558 0.722188
v -3.139618 2.672558 0.722070
v -3.138013 2.678053 0.711366
v -3.138187 2.677841 0.711585
v -3.138252 2.677492 0.711665
v -3.138325 2.673249 0.720373
v -3.138263 2.672896 0.720452
v -3.138095 2.672681 0.720672
v -3.144972 2.672559 0.725574
v -3.144337 2.672559 0.725773
v -3.143691 2.672559 0.725930
v -3.137106 2.676960 0.719095
v -3.136914 2.676960 0.718792
v -3.136741 2.676960 0.718477
v -3.142452 2.678053 0.721810
v -3.142420 2.677841 0.721545
v -3.142411 2.677492 0.721451
v -3.152643 2.673243 0.717331
v -3.152534 2.672896 0.717318
v -3.152249 2.672682 0.717283
v -3.151840 2.673243 0.711638
v -3.151739 2.672896 0.711681
v -3.151475 2.672682 0.711794
v -3.147076 2.678053 0.718189
v -3.146827 2.677841 0.718090
v -3.146739 2.677492 0.718056
v -3.145984 2.672488 0.710189
v -3.146600 2.672465 0.709370
v -3.147216 2.672488 0.708549
v -3.135575 2.672558 0.718100
v -3.135449 2.672558 0.717700
v -3.135350 2.672558 0.717293
v -3.146447 2.673766 0.705959
v -3.147092 2.673766 0.706296
v -3.147714 2.673766 0.706675
v -3.138783 2.672488 0.709308
v -3.138381 2.672465 0.708364
v -3.137979 2.672488 0.707418
v -3.136249 2.676960 0.714981
v -3.136327 2.676960 0.714630
v -3.136428 2.676960 0.714285
v -3.139729 2.678152 0.725958
v -3.139080 2.678152 0.725813
v -3.138443 2.678152 0.725626
v -3.146478 2.678173 0.720167
v -3.146196 2.678173 0.720477
v -3.145894 2.678173 0.720768
v -3.147214 2.678232 0.708551
v -3.146600 2.678261 0.709370
v -3.145987 2.678240 0.710189
v -3.137944 2.673766 0.705480
v -3.138639 2.673766 0.705262
v -3.139347 2.673766 0.705090
v -3.148821 2.672488 0.716866
v -3.149838 2.672465 0.716990
v -3.150856 2.672488 0.717114
v -3.133924 2.678152 0.709359
v -3.134374 2.678152 0.708870
v -3.134855 2.678152 0.708412
v -3.140812 2.678053 0.710176
v -3.140856 2.677841 0.710450
v -3.140874 2.677492 0.710551
v -3.140268 2.673243 0.727008
v -3.140282 2.672896 0.726899
v -3.140317 2.672682 0.726614
v -3.144969 2.678152 0.725566
v -3.144335 2.678152 0.725765
v -3.143690 2.678152 0.725922
v -3.147121 2.676960 0.715593
v -3.147136 2.676960 0.715953
v -3.147127 2.676960 0.716312
v -3.143680 2.673249 0.710900
v -3.143715 2.672896 0.710805
v -3.143817 2.672681 0.710547
v -3.131115 2.673766 0.719655
v -3.130897 2.673766 0.718960
v -3.130725 2.673766 0.718253
v -3.134989 2.672559 0.723683
v -3.134500 2.672559 0.723233
v -3.134041 2.672559 0.722752
v -3.144458 2.672488 0.722661
v -3.144858 2.672465 0.723604
v -3.145259 2.672488 0.724549
v -3.152616 2.677414 0.717328
v -3.152511 2.677780 0.717315
v -3.152233 2.678012 0.717281
v -3.151815 2.677414 0.711648
v -3.151718 2.677780 0.711690
v -3.151460 2.678012 0.711800
v -3.140861 2.678152 0.705859
v -3.141525 2.678152 0.705831
v -3.142189 2.678152 0.705847
v -3.132743 2.673243 0.709301
v -3.132831 2.672896 0.709368
v -3.133061 2.672682 0.709541
v -3.149051 2.678232 0.721579
v -3.148233 2.678261 0.720964
v -3.147417 2.678240 0.720349
v -3.132407 2.678232 0.717282
v -3.133422 2.678261 0.717140
v -3.134437 2.678240 0.716999
v -3.145962 2.673243 0.726206
v -3.145919 2.672896 0.726104
v -3.145807 2.672682 0.725840
v -3.148297 2.672488 0.713147
v -3.149240 2.672465 0.712746
v -3.150184 2.672488 0.712343
v -3.140266 2.674484 0.727024
v -3.140267 2.675314 0.727018
v -3.140268 2.676147 0.727010
v -3.132730 2.674484 0.709292
v -3.132735 2.675314 0.709295
v -3.132742 2.676147 0.709300
v -3.145968 2.674484 0.726220
v -3.145966 2.675314 0.726215
v -3.145962 2.676147 0.726207
v -3.134926 2.674484 0.724869
v -3.134930 2.675314 0.724864
v -3.134935 2.676147 0.724858
v -3.150504 2.674484 0.722673
v -3.150499 2.675314 0.722669
v -3.150492 2.676147 0.722664
v -3.145780 2.674484 0.705666
v -3.145778 2.675314 0.705672
v -3.145775 2.676147 0.705680
v -3.131379 2.674484 0.720333
v -3.131385 2.675314 0.720331
v -3.131393 2.676147 0.720328
v -3.130575 2.674484 0.714631
v -3.130582 2.675314 0.714632
v -3.130590 2.676147 0.714633
v -3.151933 2.674484 0.720145
v -3.151927 2.675314 0.720143
v -3.151920 2.676147 0.720140
v -3.140064 2.674484 0.704967
v -3.140065 2.675314 0.704974
v -3.140066 2.676147 0.704982
v -3.143170 2.674484 0.726998
v -3.143169 2.675314 0.726991
v -3.143168 2.676147 0.726983
v -3.150380 2.674484 0.709130
v -3.150375 2.675314 0.709134
v -3.150369 2.676147 0.709139
v -3.152632 2.674484 0.714429
v -3.152626 2.675314 0.714430
v -3.152618 2.676147 0.714432
v -3.132854 2.674484 0.722835
v -3.132859 2.675314 0.722831
v -3.132866 2.676147 0.722826
v -3.134765 2.674484 0.707219
v -3.134769 2.675314 0.707224
v -3.134774 2.676147 0.707231
v -3.137455 2.674484 0.726298
v -3.137457 2.675314 0.726292
v -3.137460 2.676147 0.726285
v -3.131301 2.674484 0.711820
v -3.131307 2.675314 0.711822
v -3.131315 2.676147 0.711825
v -3.148470 2.674484 0.724746
v -3.148466 2.675314 0.724740
v -3.148461 2.676147 0.724734
v -3.148308 2.674484 0.707095
v -3.148304 2.675314 0.707101
v -3.148299 2.676147 0.707107
v -3.130602 2.674484 0.717535
v -3.130608 2.675314 0.717534
v -3.130617 2.676147 0.717533
v -3.137266 2.674484 0.705744
v -3.137269 2.675314 0.705750
v -3.137272 2.676147 0.705758
v -3.142968 2.674484 0.704941
v -3.142967 2.675314 0.704947
v -3.142967 2.676147 0.704955
v -3.152659 2.674484 0.717333
v -3.152653 2.675314 0.717333
v -3.152644 2.676147 0.717332
v -3.151855 2.674484 0.711631
v -3.151850 2.675314 0.711634
v -3.151842 2.676147 0.711637
v -3.150904 2.676875 0.722065
v -3.151282 2.676875 0.721445
v -3.151618 2.676875 0.720801
v -3.152162 2.676875 0.719454
v -3.152366 2.676875 0.718757
v -3.152525 2.676875 0.718048
v -3.152701 2.676875 0.716607
v -3.152718 2.676875 0.715881
v -3.152688 2.676875 0.715155
v -3.152485 2.676875 0.713717
v -3.152313 2.676875 0.713011
v -3.152096 2.676875 0.712318
v -3.151528 2.676875 0.710982
v -3.151180 2.676875 0.710344
v -3.150791 2.676875 0.709731
v -3.149896 2.676875 0.708587
v -3.149395 2.676875 0.708061
v -3.148860 2.676875 0.707569
v -3.147700 2.676875 0.706696
v -3.147080 2.676875 0.706318
v -3.146436 2.676875 0.705981
v -3.145089 2.676875 0.705438
v -3.144392 2.676875 0.705234
v -3.143683 2.676875 0.705075
v -3.142242 2.676875 0.704899
v -3.141516 2.676875 0.704882
v -3.140790 2.676875 0.704912
v -3.139352 2.676875 0.705115
v -3.138646 2.676875 0.705286
v -3.137953 2.676875 0.705503
v -3.136616 2.676875 0.706071
v -3.135979 2.676875 0.706420
v -3.135365 2.676875 0.706809
v -3.134222 2.676875 0.707703
v -3.133696 2.676875 0.708205
v -3.133204 2.676875 0.708740
v -3.132331 2.676875 0.709900
v -3.131953 2.676875 0.710520
v -3.131616 2.676875 0.711164
v -3.131073 2.676875 0.712510
v -3.130868 2.676875 0.713208
v -3.130710 2.676875 0.713916
v -3.130534 2.676875 0.715358
v -3.130517 2.676875 0.716084
v -3.130547 2.676875 0.716810
v -3.130750 2.676875 0.718248
v -3.130921 2.676875 0.718954
v -3.131138 2.676875 0.719647
v -3.131706 2.676875 0.720983
v -3.132055 2.676875 0.721621
v -3.132444 2.676875 0.722234
v -3.133338 2.676875 0.723378
v -3.133840 2.676875 0.723904
v -3.134374 2.676875 0.724396
v -3.135535 2.676875 0.725269
v -3.136155 2.676875 0.725647
v -3.136799 2.676875 0.725983
v -3.138145 2.676875 0.726527
v -3.138842 2.676875 0.726731
v -3.139551 2.676875 0.726890
v -3.140993 2.676875 0.727066
v -3.141719 2.676875 0.727083
v -3.142445 2.676875 0.727053
v -3.143883 2.676875 0.726850
v -3.144588 2.676875 0.726679
v -3.145282 2.676875 0.726461
v -3.146618 2.676875 0.725893
v -3.147256 2.676875 0.725545
v -3.147869 2.676875 0.725156
v -3.149013 2.676875 0.724261
v -3.149539 2.676875 0.723760
v -3.150030 2.676875 0.723225
v -3.136590 2.676224 0.718149
v -3.136590 2.675373 0.718145
v -3.136589 2.674522 0.718139
v -3.145968 2.676224 0.712620
v -3.145961 2.675373 0.712619
v -3.145952 2.674522 0.712618
v -3.136193 2.676224 0.715335
v -3.136193 2.675373 0.715333
v -3.136193 2.674522 0.715329
v -3.139496 2.676224 0.710949
v -3.139493 2.675373 0.710949
v -3.139490 2.674522 0.710950
v -3.147093 2.676224 0.716669
v -3.147085 2.675373 0.716665
v -3.147075 2.674522 0.716661
v -3.140976 2.676224 0.721452
v -3.140973 2.675373 0.721445
v -3.140969 2.674522 0.721436
v -3.137257 2.676224 0.712699
v -3.137256 2.675373 0.712699
v -3.137255 2.674522 0.712698
v -3.137318 2.676224 0.719384
v -3.137317 2.675373 0.719379
v -3.137316 2.674522 0.719372
v -3.143790 2.676224 0.721055
v -3.143785 2.675373 0.721048
v -3.143778 2.674522 0.721040
v -3.139588 2.676224 0.721093
v -3.139586 2.675373 0.721087
v -3.139583 2.674522 0.721078
v -3.146000 2.676224 0.719282
v -3.145998 2.675373 0.719281
v -3.145996 2.674522 0.719279
v -3.142310 2.676224 0.710552
v -3.142305 2.675373 0.710553
v -3.142300 2.674522 0.710554
v -3.136206 2.676224 0.716768
v -3.136206 2.675373 0.716765
v -3.136206 2.674522 0.716760
v -3.142410 2.676224 0.721438
v -3.142405 2.675373 0.721432
v -3.142399 2.674522 0.721423
v -3.138261 2.676224 0.711677
v -3.138259 2.675373 0.711677
v -3.138258 2.674522 0.711677
v -3.146727 2.676224 0.718051
v -3.146721 2.675373 0.718047
v -3.146713 2.674522 0.718043
v -3.140877 2.676224 0.710565
v -3.140873 2.675373 0.710566
v -3.140869 2.674522 0.710567
v -3.144945 2.676224 0.711616
v -3.144939 2.675373 0.711616
v -3.144931 2.674522 0.711616
v -3.146696 2.676224 0.713854
v -3.146689 2.675373 0.713853
v -3.146679 2.674522 0.713851
v -3.136552 2.676224 0.713947
v -3.136551 2.675373 0.713946
v -3.136551 2.674522 0.713944
v -3.147080 2.676224 0.715235
v -3.147072 2.675373 0.715233
v -3.147062 2.674522 0.715230
v -3.145018 2.676224 0.720321
v -3.145013 2.675373 0.720316
v -3.145006 2.674522 0.720310
v -3.138341 2.676224 0.720388
v -3.138339 2.675373 0.720382
v -3.138337 2.674522 0.720374
v -3.143698 2.676224 0.710910
v -3.143692 2.675373 0.710911
v -3.143685 2.674522 0.710912
v -3.146201 2.673784 0.718985
v -3.146390 2.673784 0.718681
v -3.146558 2.673784 0.718365
v -3.146830 2.673784 0.717704
v -3.146932 2.673784 0.717360
v -3.147011 2.673784 0.717011
v -3.147098 2.673784 0.716300
v -3.147106 2.673784 0.715941
v -3.147091 2.673784 0.715583
v -3.146991 2.673784 0.714874
v -3.146906 2.673784 0.714526
v -3.146799 2.673784 0.714184
v -3.146519 2.673784 0.713524
v -3.146347 2.673784 0.713210
v -3.146155 2.673784 0.712907
v -3.145714 2.673784 0.712343
v -3.145467 2.673784 0.712084
v -3.145203 2.673784 0.711841
v -3.144630 2.673784 0.711410
v -3.144324 2.673784 0.711224
v -3.144007 2.673784 0.711058
v -3.143342 2.673784 0.710790
v -3.142998 2.673784 0.710689
v -3.142649 2.673784 0.710610
v -3.141937 2.673784 0.710523
v -3.141579 2.673784 0.710515
v -3.141221 2.673784 0.710530
v -3.140512 2.673784 0.710630
v -3.140164 2.673784 0.710715
v -3.139822 2.673784 0.710822
v -3.139162 2.673784 0.711102
v -3.138848 2.673784 0.711274
v -3.138545 2.673784 0.711466
v -3.137981 2.673784 0.711907
v -3.137722 2.673784 0.712155
v -3.137479 2.673784 0.712418
v -3.137048 2.673784 0.712991
v -3.136862 2.673784 0.713297
v -3.136695 2.673784 0.713614
v -3.136427 2.673784 0.714279
v -3.136327 2.673784 0.714623
v -3.136248 2.673784 0.714972
v -3.136161 2.673784 0.715683
v -3.136153 2.673784 0.716042
v -3.136168 2.673784 0.716400
v -3.136268 2.673784 0.717109
v -3.136353 2.673784 0.717457
v -3.136460 2.673784 0.717799
v -3.136740 2.673784 0.718459
v -3.136912 2.673784 0.718773
v -3.137104 2.673784 0.719076
v -3.137545 2.673784 0.719640
v -3.137792 2.673784 0.719900
v -3.138056 2.673784 0.720142
v -3.138628 2.673784 0.720573
v -3.138935 2.673784 0.720760
v -3.139252 2.673784 0.720926
v -3.139916 2.673784 0.721194
v -3.140260 2.673784 0.721295
v -3.140610 2.673784 0.721373
v -3.141321 2.673784 0.721460
v -3.141680 2.673784 0.721468
v -3.142038 2.673784 0.721453
v -3.142747 2.673784 0.721353
v -3.143095 2.673784 0.721269
v -3.143437 2.673784 0.721161
v -3.144097 2.673784 0.720881
v -3.144411 2.673784 0.720709
v -3.144713 2.673784 0.720517
v -3.145273 2.673784 0.720072
v -3.145530 2.673784 0.719823
v -3.145770 2.673784 0.719557
v -3.297016 2.674838 0.507848
v -3.297272 2.674923 0.507882
v -3.297529 2.675031 0.508016
v -3.297494 2.675231 0.507990
v -3.297219 2.675231 0.507841
v -3.296948 2.675231 0.507796
v -3.296654 2.675112 0.507884
v -3.296663 2.674996 0.507891
v -3.296693 2.674885 0.507913
v -2.983367 2.675231 0.924303
v -2.983483 2.675231 0.924555
v -2.983701 2.675231 0.924780
v -2.983736 2.675031 0.924806
v -2.983536 2.674923 0.924595
v -2.983436 2.674838 0.924354
v -2.983416 2.674885 0.924017
v -2.983386 2.674996 0.923995
v -2.983377 2.675112 0.923988
v -2.994584 2.675231 0.908783
v -2.986897 2.675231 0.919029
v -2.983920 2.675231 0.923080
v -3.285333 2.674708 0.522791
v -3.292994 2.674716 0.512649
v -3.296030 2.674736 0.508705
v -3.297211 2.674506 0.507994
v -3.297425 2.674663 0.507997
v -3.297628 2.674862 0.508091
v -3.296773 2.674665 0.507974
v -3.296821 2.674562 0.508009
v -3.296886 2.674473 0.508058
v -2.983835 2.674862 0.924881
v -2.983689 2.674663 0.924710
v -2.983631 2.674506 0.924501
v -2.983609 2.674473 0.924163
v -2.983544 2.674562 0.924113
v -2.983496 2.674665 0.924078
v -3.285593 2.674265 0.522986
v -3.293250 2.674279 0.512842
v -3.296276 2.674316 0.508890
v -3.297503 2.674284 0.508214
v -3.297654 2.674489 0.508169
v -3.297776 2.674749 0.508203
v -3.297034 2.674305 0.508170
v -3.297112 2.674230 0.508229
v -3.297202 2.674176 0.508297
v -2.983983 2.674749 0.924993
v -2.983918 2.674489 0.924883
v -2.983923 2.674284 0.924721
v -2.983925 2.674176 0.924401
v -2.983835 2.674230 0.924333
v -2.983757 2.674305 0.924274
v -3.285982 2.673970 0.523279
v -3.293633 2.673987 0.513130
v -3.296644 2.674036 0.509167
v -3.297847 2.674206 0.508473
v -3.297923 2.674428 0.508372
v -3.297951 2.674709 0.508335
v -3.297395 2.674085 0.508442
v -3.297493 2.674051 0.508515
v -3.297594 2.674040 0.508592
v -2.984158 2.674709 0.925124
v -2.984187 2.674428 0.925086
v -2.984267 2.674206 0.924980
v -2.984317 2.674040 0.924696
v -2.984216 2.674051 0.924619
v -2.984118 2.674085 0.924546
v -3.286440 2.673866 0.523624
v -3.294085 2.673885 0.513471
v -3.297078 2.673938 0.509494
v -3.298191 2.674284 0.508732
v -3.298193 2.674489 0.508575
v -3.298126 2.674749 0.508466
v -3.297803 2.674040 0.508749
v -3.297905 2.674051 0.508825
v -3.298002 2.674085 0.508899
v -2.984333 2.674749 0.925256
v -2.984457 2.674489 0.925289
v -2.984611 2.674284 0.925239
v -2.984725 2.674085 0.925003
v -2.984628 2.674051 0.924929
v -2.984526 2.674040 0.924853
v -3.286899 2.673970 0.523970
v -3.294537 2.673987 0.513811
v -3.297513 2.674036 0.509821
v -3.298483 2.674506 0.508952
v -3.298422 2.674663 0.508747
v -3.298275 2.674862 0.508578
v -3.298195 2.674176 0.509044
v -3.298285 2.674230 0.509112
v -3.298364 2.674305 0.509171
v -2.984482 2.674862 0.925368
v -2.984686 2.674663 0.925461
v -2.984903 2.674506 0.925459
v -2.985087 2.674305 0.925275
v -2.985008 2.674230 0.925216
v -2.984918 2.674176 0.925148
v -3.287287 2.674265 0.524262
v -3.294920 2.674279 0.514099
v -3.297881 2.674316 0.510098
v -3.298678 2.674838 0.509099
v -3.298574 2.674923 0.508862
v -3.298374 2.675031 0.508653
v -3.298512 2.674473 0.509282
v -3.298577 2.674562 0.509331
v -3.298624 2.674665 0.509367
v -2.984581 2.675031 0.925443
v -2.984838 2.674923 0.925576
v -2.985098 2.674838 0.925606
v -2.985347 2.674665 0.925471
v -2.985300 2.674562 0.925435
v -2.985234 2.674473 0.925386
v -3.287547 2.674708 0.524458
v -3.295176 2.674716 0.514292
v -3.298127 2.674736 0.510284
v -3.298747 2.675231 0.509150
v -3.298628 2.675231 0.508902
v -3.298409 2.675231 0.508679
v -3.298704 2.674885 0.509427
v -3.298734 2.674996 0.509450
v -3.298744 2.675112 0.509457
v -2.984616 2.675231 0.925469
v -2.984892 2.675231 0.925616
v -2.985166 2.675231 0.925657
v -2.985467 2.675112 0.925561
v -2.985457 2.674996 0.925554
v -2.985427 2.674885 0.925531
v -3.287638 2.675231 0.524526
v -3.295266 2.675231 0.514360
v -3.298213 2.675231 0.510349
v -3.298678 2.675622 0.509099
v -3.298574 2.675538 0.508862
v -3.298374 2.675430 0.508653
v -3.298744 2.675349 0.509457
v -3.298734 2.675465 0.509450
v -3.298704 2.675576 0.509427
v -2.984581 2.675430 0.925443
v -2.984838 2.675538 0.925576
v -2.985098 2.675622 0.925606
v -2.985427 2.675576 0.925531
v -2.985457 2.675465 0.925554
v -2.985467 2.675349 0.925561
v -3.287547 2.675753 0.524458
v -3.295176 2.675745 0.514292
v -3.298127 2.675725 0.510284
v -3.298483 2.675955 0.508952
v -3.298422 2.675798 0.508747
v -3.298275 2.675599 0.508578
v -3.298624 2.675796 0.509367
v -3.298577 2.675899 0.509331
v -3.298512 2.675988 0.509282
v -2.984482 2.675599 0.925368
v -2.984686 2.675798 0.925461
v -2.984903 2.675955 0.925459
v -2.985234 2.675988 0.925386
v -2.985300 2.675899 0.925435
v -2.985347 2.675796 0.925471
v -3.287287 2.676195 0.524262
v -3.294920 2.676182 0.514099
v -3.297881 2.676144 0.510098
v -3.298191 2.676177 0.508732
v -3.298193 2.675972 0.508575
v -3.298126 2.675712 0.508466
v -3.298364 2.676156 0.509171
v -3.298285 2.676230 0.509112
v -3.298195 2.676285 0.509044
v -2.984333 2.675712 0.925256
v -2.984457 2.675972 0.925289
v -2.984611 2.676177 0.925239
v -2.984918 2.676285 0.925148
v -2.985008 2.676230 0.925216
v -2.985087 2.676156 0.925275
v -3.286899 2.676491 0.523970
v -3.294537 2.676473 0.513811
v -3.297513 2.676425 0.509821
v -3.297847 2.676255 0.508473
v -3.297923 2.676033 0.508372
v -3.297951 2.675751 0.508335
v -3.298002 2.676376 0.508899
v -3.297905 2.676410 0.508825
v -3.297803 2.676421 0.508749
v -2.984158 2.675751 0.925124
v -2.984187 2.676033 0.925086
v -2.984267 2.676255 0.924980
v -2.984526 2.676421 0.924853
v -2.984628 2.676410 0.924929
v -2.984725 2.676376 0.925003
v -3.286440 2.676595 0.523624
v -3.294085 2.676576 0.513471
v -3.297078 2.676523 0.509494
v -3.297503 2.676177 0.508214
v -3.297654 2.675972 0.508169
v -3.297776 2.675712 0.508203
v -3.297594 2.676421 0.508592
v -3.297493 2.676410 0.508515
v -3.297395 2.676376 0.508442
v -2.983983 2.675712 0.924993
v -2.983918 2.675972 0.924883
v -2.983923 2.676177 0.924721
v -2.984118 2.676376 0.924546
v -2.984216 2.676410 0.924619
v -2.984317 2.676421 0.924696
v -3.285982 2.676491 0.523279
v -3.293633 2.676473 0.513130
v -3.296644 2.676425 0.509167
v -3.297211 2.675955 0.507994
v -3.297425 2.675798 0.507997
v -3.297628 2.675599 0.508091
v -3.297202 2.676285 0.508297
v -3.297112 2.676230 0.508229
v -3.297034 2.676156 0.508170
v -2.983835 2.675599 0.924881
v -2.983689 2.675798 0.924710
v -2.983631 2.675955 0.924501
v -2.983757 2.676156 0.924274
v -2.983835 2.676230 0.924333
v -2.983925 2.676285 0.924401
v -3.285593 2.676195 0.522986
v -3.293250 2.676182 0.512842
v -3.296276 2.676144 0.508890
v -3.297016 2.675622 0.507848
v -3.297272 2.675538 0.507882
v -3.297529 2.675430 0.508016
v -3.296886 2.675988 0.508058
v -3.296821 2.675899 0.508009
v -3.296773 2.675796 0.507974
v -2.983736 2.675430 0.924806
v -2.983536 2.675538 0.924595
v -2.983436 2.675622 0.924354
v -2.983496 2.675796 0.924078
v -2.983544 2.675899 0.924113
v -2.983609 2.675988 0.924163
v -3.285333 2.675753 0.522791
v -3.292994 2.675745 0.512649
v -3.296030 2.675725 0.508705
v -3.296693 2.675576 0.507913
v -3.296663 2.675465 0.507891
v -3.296654 2.675349 0.507884
v -2.983377 2.675349 0.923988
v -2.983386 2.675465 0.923995
v -2.983416 2.675576 0.924017
v -3.134330 2.675231 0.723163
v -3.131485 2.675231 0.726942
v -3.123974 2.675231 0.736918
v -3.032128 2.674707 0.859100
v -3.059522 2.674707 0.822715
v -3.086881 2.674707 0.786376
v -3.032389 2.674263 0.859296
v -3.059782 2.674263 0.822911
v -3.087141 2.674263 0.786572
v -3.032778 2.673967 0.859590
v -3.060172 2.673967 0.823205
v -3.087531 2.673967 0.786866
v -3.033238 2.673863 0.859936
v -3.060631 2.673863 0.823550
v -3.087990 2.673863 0.787212
v -3.033697 2.673967 0.860281
v -3.061091 2.673967 0.823896
v -3.088450 2.673967 0.787557
v -3.034087 2.674263 0.860575
v -3.061480 2.674263 0.824190
v -3.088839 2.674263 0.787851
v -3.034347 2.674707 0.860771
v -3.061741 2.674707 0.824386
v -3.089099 2.674707 0.788047
v -3.034438 2.675231 0.860839
v -3.061832 2.675231 0.824454
v -3.089191 2.675231 0.788115
v -3.034347 2.675754 0.860771
v -3.061741 2.675754 0.824386
v -3.089099 2.675754 0.788047
v -3.034087 2.676198 0.860575
v -3.061480 2.676198 0.824190
v -3.088839 2.676198 0.787851
v -3.033697 2.676494 0.860281
v -3.061091 2.676494 0.823896
v -3.088450 2.676494 0.787557
v -3.033238 2.676598 0.859936
v -3.060631 2.676598 0.823550
v -3.087990 2.676598 0.787212
v -3.032778 2.676494 0.859590
v -3.060172 2.676494 0.823205
v -3.087531 2.676494 0.786866
v -3.032389 2.676198 0.859296
v -3.059782 2.676198 0.822911
v -3.087141 2.676198 0.786572
v -3.032128 2.675754 0.859100
v -3.059522 2.675754 0.822715
v -3.086881 2.675754 0.786376
v -3.109517 2.675627 0.756227
v -3.109489 2.675497 0.756206
v -3.109472 2.675364 0.756193
v -3.109738 2.676098 0.756394
v -3.109668 2.675990 0.756341
v -3.109607 2.675875 0.756295
v -3.110100 2.676436 0.756666
v -3.109999 2.676368 0.756590
v -3.109905 2.676288 0.756519
v -3.110549 2.676591 0.757004
v -3.110432 2.676572 0.756916
v -3.110318 2.676539 0.756830
v -3.111015 2.676539 0.757355
v -3.110901 2.676572 0.757269
v -3.110784 2.676591 0.757181
v -3.111428 2.676288 0.757666
v -3.111333 2.676368 0.757595
v -3.111232 2.676436 0.757519
v -3.111725 2.675875 0.757890
v -3.111665 2.675990 0.757844
v -3.111594 2.676098 0.757791
v -3.111861 2.675364 0.757992
v -3.111844 2.675497 0.757979
v -3.111815 2.675627 0.757957
v -3.111815 2.674833 0.757957
v -3.111844 2.674964 0.757979
v -3.111861 2.675096 0.757992
v -3.111594 2.674363 0.757791
v -3.111665 2.674471 0.757844
v -3.111725 2.674586 0.757890
v -3.111232 2.674024 0.757519
v -3.111333 2.674093 0.757595
v -3.111428 2.674173 0.757666
v -3.110784 2.673869 0.757181
v -3.110901 2.673889 0.757269
v -3.111015 2.673922 0.757355
v -3.110318 2.673922 0.756830
v -3.110432 2.673889 0.756916
v -3.110549 2.673869 0.757004
v -3.109905 2.674173 0.756519
v -3.109999 2.674093 0.756590
v -3.110100 2.674024 0.756666
v -3.109607 2.674586 0.756295
v -3.109668 2.674471 0.756341
v -3.109738 2.674363 0.756394
v -3.109472 2.675096 0.756193
v -3.109489 2.674964 0.756206
v -3.109517 2.674833 0.756227
v -3.146465 2.674707 0.707235
v -3.149303 2.674707 0.703466
v -3.156774 2.674707 0.693542
v -3.146725 2.674263 0.707431
v -3.149563 2.674263 0.703662
v -3.157034 2.674263 0.693738
v -3.147115 2.673967 0.707724
v -3.149952 2.673967 0.703955
v -3.157424 2.673967 0.694031
v -3.147574 2.673863 0.708070
v -3.150412 2.673863 0.704301
v -3.157883 2.673863 0.694377
v -3.148034 2.673967 0.708416
v -3.150872 2.673967 0.704647
v -3.158343 2.673967 0.694723
v -3.148423 2.674263 0.708709
v -3.151261 2.674263 0.704940
v -3.158732 2.674263 0.695017
v -3.148684 2.674707 0.708905
v -3.151521 2.674707 0.705136
v -3.158993 2.674707 0.695213
v -3.148775 2.675231 0.708974
v -3.151613 2.675231 0.705205
v -3.159084 2.675231 0.695281
v -3.148684 2.675754 0.708905
v -3.151521 2.675754 0.705136
v -3.158993 2.675754 0.695213
v -3.148423 2.676198 0.708709
v -3.151261 2.676198 0.704940
v -3.158732 2.676198 0.695017
v -3.148034 2.676494 0.708416
v -3.150872 2.676494 0.704647
v -3.158343 2.676494 0.694723
v -3.147574 2.676598 0.708070
v -3.150412 2.676598 0.704301
v -3.157883 2.676598 0.694377
v -3.147115 2.676494 0.707724
v -3.149952 2.676494 0.703955
v -3.157424 2.676494 0.694031
v -3.146725 2.676198 0.707431
v -3.149563 2.676198 0.703662
v -3.157034 2.676198 0.693738
v -3.146465 2.675754 0.707235
v -3.149303 2.675754 0.703466
v -3.156774 2.675754 0.693542
v -3.248039 2.675231 0.572132
v -3.220823 2.675231 0.608280
v -3.193639 2.675231 0.644387
v -3.171111 2.675096 0.674322
v -3.171128 2.674964 0.674335
v -3.171157 2.674833 0.674356
v -3.171247 2.674586 0.674424
v -3.171307 2.674471 0.674470
v -3.171378 2.674363 0.674523
v -3.171544 2.674173 0.674648
v -3.171639 2.674093 0.674719
v -3.171740 2.674024 0.674795
v -3.171957 2.673922 0.674959
v -3.172071 2.673889 0.675045
v -3.172188 2.673869 0.675133
v -3.172423 2.673869 0.675310
v -3.172540 2.673889 0.675398
v -3.172654 2.673922 0.675484
v -3.172872 2.674024 0.675647
v -3.172973 2.674093 0.675723
v -3.173067 2.674173 0.675795
v -3.173234 2.674363 0.675920
v -3.173304 2.674471 0.675973
v -3.173364 2.674586 0.676018
v -3.173455 2.674833 0.676086
v -3.173483 2.674964 0.676108
v -3.173501 2.675096 0.676121
v -3.173501 2.675364 0.676121
v -3.173483 2.675497 0.676108
v -3.173455 2.675627 0.676086
v -3.173364 2.675875 0.676018
v -3.173304 2.675990 0.675973
v -3.173234 2.676098 0.675920
v -3.173067 2.676288 0.675795
v -3.172973 2.676368 0.675723
v -3.172872 2.676436 0.675647
v -3.172654 2.676539 0.675484
v -3.172540 2.676572 0.675398
v -3.172423 2.676591 0.675310
v -3.172188 2.676591 0.675133
v -3.172071 2.676572 0.675045
v -3.171957 2.676539 0.674959
v -3.171740 2.676436 0.674795
v -3.171639 2.676368 0.674719
v -3.171544 2.676288 0.674648
v -3.171378 2.676098 0.674523
v -3.171307 2.675990 0.674470
v -3.171247 2.675875 0.674424
v -3.171157 2.675627 0.674356
v -3.171128 2.675497 0.674335
v -3.171111 2.675364 0.674322
v -3.156683 2.675231 0.693473
v -3.149211 2.675231 0.703397
v -3.146374 2.675231 0.707166
v -2.984006 2.675725 0.923145
v -2.986987 2.675745 0.919097
v -2.994675 2.675753 0.908852
v -2.984252 2.676144 0.923330
v -2.987243 2.676182 0.919289
v -2.994935 2.676195 0.909047
v -2.984620 2.676425 0.923607
v -2.987626 2.676473 0.919578
v -2.995323 2.676491 0.909340
v -2.985054 2.676523 0.923934
v -2.988078 2.676576 0.919918
v -2.995782 2.676595 0.909685
v -2.985489 2.676425 0.924261
v -2.988530 2.676473 0.920259
v -2.996241 2.676491 0.910031
v -2.985857 2.676144 0.924538
v -2.988913 2.676182 0.920547
v -2.996629 2.676195 0.910323
v -2.986103 2.675725 0.924723
v -2.989169 2.675745 0.920740
v -2.996889 2.675753 0.910519
v -2.986189 2.675231 0.924788
v -2.989259 2.675231 0.920808
v -2.996980 2.675231 0.910587
v -2.986103 2.674736 0.924723
v -2.989169 2.674716 0.920740
v -2.996889 2.674708 0.910519
v -2.985857 2.674316 0.924538
v -2.988913 2.674279 0.920547
v -2.996629 2.674265 0.910323
v -2.985489 2.674036 0.924261
v -2.988530 2.673987 0.920259
v -2.996241 2.673970 0.910031
v -2.985054 2.673938 0.923934
v -2.988078 2.673885 0.919918
v -2.995782 2.673866 0.909685
v -2.984620 2.674036 0.923607
v -2.987626 2.673987 0.919578
v -2.995323 2.673970 0.909340
v -2.984252 2.674316 0.923330
v -2.987243 2.674279 0.919289
v -2.994935 2.674265 0.909047
v -2.984006 2.674736 0.923145
v -2.986987 2.674716 0.919097
v -2.994675 2.674708 0.908852
v -3.145859 2.675096 0.707862
v -3.145877 2.674964 0.707875
v -3.145905 2.674833 0.707896
v -3.145995 2.674586 0.707964
v -3.146056 2.674471 0.708010
v -3.146126 2.674363 0.708062
v -3.146292 2.674173 0.708188
v -3.146387 2.674093 0.708259
v -3.146488 2.674024 0.708335
v -3.146706 2.673922 0.708499
v -3.146820 2.673889 0.708585
v -3.146936 2.673869 0.708673
v -3.147172 2.673869 0.708850
v -3.147288 2.673889 0.708937
v -3.147403 2.673922 0.709024
v -3.147620 2.674024 0.709187
v -3.147721 2.674093 0.709263
v -3.147816 2.674173 0.709335
v -3.147982 2.674363 0.709460
v -3.148052 2.674471 0.709513
v -3.148113 2.674586 0.709558
v -3.148203 2.674833 0.709626
v -3.148232 2.674964 0.709648
v -3.148249 2.675096 0.709661
v -3.148249 2.675364 0.709661
v -3.148232 2.675497 0.709648
v -3.148203 2.675627 0.709626
v -3.148113 2.675875 0.709558
v -3.148052 2.675990 0.709513
v -3.147982 2.676098 0.709460
v -3.147816 2.676288 0.709335
v -3.147721 2.676368 0.709263
v -3.147620 2.676436 0.709187
v -3.147403 2.676539 0.709024
v -3.147288 2.676572 0.708937
v -3.147172 2.676591 0.708850
v -3.146936 2.676591 0.708673
v -3.146820 2.676572 0.708585
v -3.146706 2.676539 0.708499
v -3.146488 2.676436 0.708335
v -3.146387 2.676368 0.708259
v -3.146292 2.676288 0.708188
v -3.146126 2.676098 0.708062
v -3.146056 2.675990 0.708010
v -3.145995 2.675875 0.707964
v -3.145905 2.675627 0.707896
v -3.145877 2.675497 0.707875
v -3.145859 2.675364 0.707862
v -3.086790 2.675231 0.786308
v -3.059431 2.675231 0.822646
v -3.032037 2.675231 0.859032
v -3.124066 2.674707 0.736986
v -3.131576 2.674707 0.727011
v -3.134421 2.674707 0.723232
v -3.124326 2.674263 0.737182
v -3.131837 2.674263 0.727207
v -3.134682 2.674263 0.723428
v -3.124716 2.673967 0.737476
v -3.132226 2.673967 0.727500
v -3.135071 2.673967 0.723721
v -3.125175 2.673863 0.737822
v -3.132686 2.673863 0.727846
v -3.135531 2.673863 0.724067
v -3.125634 2.673967 0.738167
v -3.133145 2.673967 0.728192
v -3.135990 2.673967 0.724413
v -3.126024 2.674263 0.738461
v -3.133535 2.674263 0.728485
v -3.136380 2.674263 0.724706
v -3.126284 2.674707 0.738657
v -3.133795 2.674707 0.728681
v -3.136640 2.674707 0.724902
v -3.126376 2.675231 0.738725
v -3.133886 2.675231 0.728750
v -3.136731 2.675231 0.724971
v -3.126284 2.675754 0.738657
v -3.133795 2.675754 0.728681
v -3.136640 2.675754 0.724902
v -3.126024 2.676198 0.738461
v -3.133535 2.676198 0.728485
v -3.136380 2.676198 0.724706
v -3.125634 2.676494 0.738167
v -3.133145 2.676494 0.728192
v -3.135990 2.676494 0.724413
v -3.125175 2.676598 0.737822
v -3.132686 2.676598 0.727846
v -3.135531 2.676598 0.724067
v -3.124716 2.676494 0.737476
v -3.132226 2.676494 0.727500
v -3.135071 2.676494 0.723721
v -3.124326 2.676198 0.737182
v -3.131837 2.676198 0.727207
v -3.134682 2.676198 0.723428
v -3.124066 2.675754 0.736986
v -3.131576 2.675754 0.727011
v -3.134421 2.675754 0.723232
v -3.134848 2.675096 0.722487
v -3.134866 2.674964 0.722500
v -3.134894 2.674833 0.722521
v -3.134984 2.674586 0.722589
v -3.135045 2.674471 0.722635
v -3.135115 2.674363 0.722688
v -3.135281 2.674173 0.722813
v -3.135376 2.674093 0.722884
v -3.135477 2.674024 0.722960
v -3.135695 2.673922 0.723124
v -3.135809 2.673889 0.723210
v -3.135925 2.673869 0.723298
v -3.136161 2.673869 0.723475
v -3.136277 2.673889 0.723563
v -3.136392 2.673922 0.723649
v -3.136609 2.674024 0.723812
v -3.136710 2.674093 0.723889
v -3.136805 2.674173 0.723960
v -3.136971 2.674363 0.724085
v -3.137041 2.674471 0.724138
v -3.137102 2.674586 0.724183
v -3.137192 2.674833 0.724251
v -3.137221 2.674964 0.724273
v -3.137238 2.675096 0.724286
v -3.137238 2.675364 0.724286
v -3.137221 2.675497 0.724273
v -3.137192 2.675627 0.724251
v -3.137102 2.675875 0.724183
v -3.137041 2.675990 0.724138
v -3.136971 2.676098 0.724085
v -3.136805 2.676288 0.723960
v -3.136710 2.676368 0.723889
v -3.136609 2.676436 0.723812
v -3.136392 2.676539 0.723649
v -3.136277 2.676572 0.723563
v -3.136161 2.676591 0.723475
v -3.135925 2.676591 0.723298
v -3.135809 2.676572 0.723210
v -3.135695 2.676539 0.723124
v -3.135477 2.676436 0.722960
v -3.135376 2.676368 0.722884
v -3.135281 2.676288 0.722813
v -3.135115 2.676098 0.722688
v -3.135045 2.675990 0.722635
v -3.134984 2.675875 0.722589
v -3.134894 2.675627 0.722521
v -3.134866 2.675497 0.722500
v -3.134848 2.675364 0.722487
v -3.009308 2.675627 0.889328
v -3.009280 2.675497 0.889307
v -3.009263 2.675364 0.889293
v -3.009529 2.676098 0.889494
v -3.009459 2.675990 0.889441
v -3.009398 2.675875 0.889396
v -3.009891 2.676436 0.889767
v -3.009790 2.676368 0.889691
v -3.009696 2.676288 0.889620
v -3.010340 2.676591 0.890104
v -3.010223 2.676572 0.890017
v -3.010109 2.676539 0.889931
v -3.010806 2.676539 0.890455
v -3.010692 2.676572 0.890369
v -3.010575 2.676591 0.890282
v -3.011219 2.676288 0.890767
v -3.011124 2.676368 0.890695
v -3.011023 2.676436 0.890619
v -3.011516 2.675875 0.890990
v -3.011456 2.675990 0.890945
v -3.011385 2.676098 0.890892
v -3.011652 2.675364 0.891093
v -3.011635 2.675497 0.891080
v -3.011606 2.675627 0.891058
v -3.011606 2.674833 0.891058
v -3.011635 2.674964 0.891080
v -3.011652 2.675096 0.891093
v -3.011385 2.674363 0.890892
v -3.011456 2.674471 0.890945
v -3.011516 2.674586 0.890990
v -3.011023 2.674024 0.890619
v -3.011124 2.674093 0.890695
v -3.011219 2.674173 0.890767
v -3.010575 2.673869 0.890282
v -3.010692 2.673889 0.890369
v -3.010806 2.673922 0.890455
v -3.010109 2.673922 0.889931
v -3.010223 2.673889 0.890017
v -3.010340 2.673869 0.890104
v -3.009696 2.674173 0.889620
v -3.009790 2.674093 0.889691
v -3.009891 2.674024 0.889767
v -3.009398 2.674586 0.889396
v -3.009459 2.674471 0.889441
v -3.009529 2.674363 0.889494
v -3.009263 2.675096 0.889293
v -3.009280 2.674964 0.889307
v -3.009308 2.674833 0.889328
v -3.193731 2.674707 0.644455
v -3.220915 2.674707 0.608349
v -3.248130 2.674707 0.572201
v -3.193991 2.674263 0.644651
v -3.221175 2.674263 0.608545
v -3.248390 2.674263 0.572397
v -3.194381 2.673967 0.644945
v -3.221565 2.673967 0.608838
v -3.248780 2.673967 0.572690
v -3.194840 2.673863 0.645290
v -3.222024 2.673863 0.609184
v -3.249239 2.673863 0.573036
v -3.195299 2.673967 0.645636
v -3.222483 2.673967 0.609530
v -3.249699 2.673967 0.573382
v -3.195689 2.674263 0.645930
v -3.222873 2.674263 0.609823
v -3.250088 2.674263 0.573675
v -3.195949 2.674707 0.646126
v -3.223133 2.674707 0.610019
v -3.250349 2.674707 0.573871
v -3.196041 2.675231 0.646194
v -3.223225 2.675231 0.610088
v -3.250440 2.675231 0.573940
v -3.195949 2.675754 0.646126
v -3.223133 2.675754 0.610019
v -3.250349 2.675754 0.573871
v -3.195689 2.676198 0.645930
v -3.222873 2.676198 0.609823
v -3.250088 2.676198 0.573675
v -3.195299 2.676494 0.645636
v -3.222483 2.676494 0.609530
v -3.249699 2.676494 0.573382
v -3.194840 2.676598 0.645290
v -3.222024 2.676598 0.609184
v -3.249239 2.676598 0.573036
v -3.194381 2.676494 0.644945
v -3.221565 2.676494 0.608838
v -3.248780 2.676494 0.572690
v -3.193991 2.676198 0.644651
v -3.221175 2.676198 0.608545
v -3.248390 2.676198 0.572397
v -3.193731 2.675754 0.644455
v -3.220915 2.675754 0.608349
v -3.248130 2.675754 0.572201
v -3.295944 2.675231 0.508640
v -3.292903 2.675231 0.512581
v -3.285242 2.675231 0.522722
v -3.270719 2.675627 0.542115
v -3.270690 2.675497 0.542093
v -3.270673 2.675364 0.542080
v -3.270940 2.676098 0.542281
v -3.270869 2.675990 0.542228
v -3.270809 2.675875 0.542183
v -3.271302 2.676436 0.542554
v -3.271201 2.676368 0.542478
v -3.271106 2.676288 0.542407
v -3.271750 2.676591 0.542891
v -3.271633 2.676572 0.542804
v -3.271519 2.676539 0.542718
v -3.272216 2.676539 0.543242
v -3.272102 2.676572 0.543156
v -3.271985 2.676591 0.543069
v -3.272629 2.676288 0.543553
v -3.272535 2.676368 0.543482
v -3.272434 2.676436 0.543406
v -3.272927 2.675875 0.543777
v -3.272866 2.675990 0.543732
v -3.272796 2.676098 0.543679
v -3.273062 2.675364 0.543880
v -3.273045 2.675497 0.543867
v -3.273016 2.675627 0.543845
v -3.273016 2.674833 0.543845
v -3.273045 2.674964 0.543867
v -3.273062 2.675096 0.543880
v -3.272796 2.674363 0.543679
v -3.272866 2.674471 0.543732
v -3.272927 2.674586 0.543777
v -3.272434 2.674024 0.543406
v -3.272535 2.674093 0.543482
v -3.272629 2.674173 0.543553
v -3.271985 2.673869 0.543069
v -3.272102 2.673889 0.543156
v -3.272216 2.673922 0.543242
v -3.271519 2.673922 0.542718
v -3.271633 2.673889 0.542804
v -3.271750 2.673869 0.542891
v -3.271106 2.674173 0.542407
v -3.271201 2.674093 0.542478
v -3.271302 2.674024 0.542554
v -3.270809 2.674586 0.542183
v -3.270869 2.674471 0.542228
v -3.270940 2.674363 0.542281
v -3.270673 2.675096 0.542080
v -3.270690 2.674964 0.542093
v -3.270719 2.674833 0.542115
v -2.931944 2.674838 0.559425
v -2.932009 2.674923 0.559192
v -2.932155 2.675031 0.558945
v -2.932129 2.675231 0.558979
v -2.931969 2.675231 0.559246
v -2.931892 2.675231 0.559494
v -2.931919 2.675112 0.559742
v -2.931926 2.674996 0.559733
v -2.931949 2.674885 0.559702
v -3.350694 2.675231 0.874802
v -3.350937 2.675231 0.874679
v -3.351158 2.675231 0.874459
v -3.351185 2.675031 0.874424
v -3.350977 2.674923 0.874626
v -3.350745 2.674838 0.874733
v -3.350426 2.674885 0.874766
v -3.350403 2.674996 0.874796
v -3.350396 2.675112 0.874806
v -3.335255 2.675231 0.863646
v -3.345490 2.675231 0.871325
v -3.349515 2.675231 0.874283
v -2.946630 2.674708 0.570915
v -2.936513 2.674716 0.563273
v -2.932650 2.674736 0.560298
v -2.932091 2.674506 0.559230
v -2.932124 2.674663 0.559040
v -2.932230 2.674862 0.558845
v -2.932009 2.674665 0.559623
v -2.932045 2.674562 0.559575
v -2.932094 2.674473 0.559510
v -3.351259 2.674862 0.874325
v -3.351092 2.674663 0.874473
v -3.350892 2.674506 0.874538
v -3.350571 2.674473 0.874573
v -3.350522 2.674562 0.874639
v -3.350486 2.674665 0.874686
v -2.946826 2.674265 0.570655
v -2.936706 2.674279 0.563017
v -2.932835 2.674316 0.560052
v -2.932310 2.674284 0.558938
v -2.932296 2.674489 0.558811
v -2.932342 2.674749 0.558697
v -2.932205 2.674305 0.559362
v -2.932264 2.674230 0.559284
v -2.932332 2.674176 0.559193
v -3.351371 2.674749 0.874176
v -3.351264 2.674489 0.874244
v -3.351112 2.674284 0.874246
v -3.350809 2.674176 0.874257
v -3.350741 2.674230 0.874347
v -3.350682 2.674305 0.874426
v -2.947119 2.673970 0.570267
v -2.936994 2.673987 0.562634
v -2.933113 2.674036 0.559684
v -2.932570 2.674206 0.558594
v -2.932499 2.674428 0.558541
v -2.932473 2.674709 0.558522
v -2.932477 2.674085 0.559000
v -2.932551 2.674051 0.558903
v -2.932627 2.674040 0.558801
v -3.351503 2.674709 0.874001
v -3.351467 2.674428 0.873975
v -3.351371 2.674206 0.873902
v -3.351104 2.674040 0.873865
v -3.351028 2.674051 0.873967
v -3.350955 2.674085 0.874064
v -2.947464 2.673866 0.569808
v -2.937335 2.673885 0.562182
v -2.933439 2.673938 0.559249
v -2.932829 2.674284 0.558250
v -2.932702 2.674489 0.558272
v -2.932605 2.674749 0.558347
v -2.932785 2.674040 0.558593
v -2.932861 2.674051 0.558491
v -2.932935 2.674085 0.558393
v -3.351635 2.674749 0.873826
v -3.351671 2.674489 0.873705
v -3.351630 2.674284 0.873558
v -3.351412 2.674085 0.873457
v -3.351338 2.674051 0.873555
v -3.351262 2.674040 0.873656
v -2.947809 2.673970 0.569349
v -2.937675 2.673987 0.561730
v -2.933766 2.674036 0.558815
v -2.933048 2.674506 0.557958
v -2.932874 2.674663 0.558043
v -2.932717 2.674862 0.558198
v -2.933080 2.674176 0.558201
v -2.933148 2.674230 0.558110
v -2.933207 2.674305 0.558032
v -3.351746 2.674862 0.873678
v -3.351842 2.674663 0.873476
v -3.351850 2.674506 0.873266
v -3.351684 2.674305 0.873095
v -3.351625 2.674230 0.873174
v -3.351557 2.674176 0.873264
v -2.948102 2.674265 0.568961
v -2.937963 2.674279 0.561347
v -2.934044 2.674316 0.558447
v -2.933195 2.674838 0.557763
v -2.932989 2.674923 0.557890
v -2.932792 2.675031 0.558099
v -2.933318 2.674473 0.557884
v -2.933367 2.674562 0.557819
v -2.933403 2.674665 0.557771
v -3.351821 2.675031 0.873579
v -3.351958 2.674923 0.873324
v -3.351996 2.674838 0.873071
v -3.351880 2.674665 0.872835
v -3.351844 2.674562 0.872883
v -3.351795 2.674473 0.872948
v -2.948298 2.674708 0.568701
v -2.938156 2.674716 0.561091
v -2.934229 2.674736 0.558201
v -2.933247 2.675231 0.557695
v -2.933030 2.675231 0.557837
v -2.932818 2.675231 0.558064
v -2.933463 2.674885 0.557692
v -2.933486 2.674996 0.557661
v -2.933493 2.675112 0.557652
v -3.351847 2.675231 0.873544
v -3.351998 2.675231 0.873270
v -3.352048 2.675230 0.873003
v -3.351970 2.675112 0.872716
v -3.351963 2.674996 0.872725
v -3.351940 2.674885 0.872755
v -2.948366 2.675231 0.568610
v -2.938224 2.675231 0.561001
v -2.934294 2.675231 0.558115
v -2.933195 2.675622 0.557763
v -2.932989 2.675538 0.557890
v -2.932792 2.675430 0.558099
v -2.933493 2.675349 0.557652
v -2.933486 2.675465 0.557661
v -2.933463 2.675576 0.557692
v -3.351821 2.675430 0.873579
v -3.351958 2.675538 0.873324
v -3.351996 2.675622 0.873071
v -3.351940 2.675576 0.872755
v -3.351963 2.675465 0.872725
v -3.351970 2.675349 0.872716
v -2.948298 2.675753 0.568701
v -2.938156 2.675745 0.561091
v -2.934229 2.675725 0.558201
v -2.933048 2.675955 0.557958
v -2.932874 2.675798 0.558043
v -2.932717 2.675599 0.558198
v -2.933403 2.675796 0.557771
v -2.933367 2.675899 0.557819
v -2.933318 2.675988 0.557884
v -3.351746 2.675599 0.873678
v -3.351842 2.675798 0.873476
v -3.351850 2.675955 0.873266
v -3.351795 2.675988 0.872948
v -3.351844 2.675899 0.872883
v -3.351880 2.675796 0.872835
v -2.948102 2.676196 0.568961
v -2.937963 2.676182 0.561347
v -2.934044 2.676144 0.558447
v -2.932829 2.676177 0.558250
v -2.932702 2.675972 0.558272
v -2.932605 2.675712 0.558347
v -2.933207 2.676156 0.558032
v -2.933148 2.676230 0.558110
v -2.933080 2.676285 0.558201
v -3.351635 2.675712 0.873826
v -3.351671 2.675972 0.873705
v -3.351630 2.676177 0.873558
v -3.351557 2.676285 0.873264
v -3.351625 2.676230 0.873174
v -3.351684 2.676156 0.873095
v -2.947809 2.676491 0.569349
v -2.937675 2.676473 0.561730
v -2.933766 2.676425 0.558815
v -2.932570 2.676255 0.558594
v -2.932499 2.676033 0.558541
v -2.932473 2.675751 0.558522
v -2.932935 2.676376 0.558393
v -2.932861 2.676410 0.558491
v -2.932785 2.676421 0.558593
v -3.351503 2.675751 0.874001
v -3.351467 2.676033 0.873975
v -3.351371 2.676255 0.873902
v -3.351262 2.676421 0.873656
v -3.351338 2.676410 0.873555
v -3.351412 2.676376 0.873457
v -2.947464 2.676595 0.569808
v -2.937335 2.676576 0.562182
v -2.933439 2.676523 0.559249
v -2.932310 2.676177 0.558938
v -2.932296 2.675972 0.558811
v -2.932342 2.675712 0.558697
v -2.932627 2.676421 0.558801
v -2.932551 2.676410 0.558903
v -2.932477 2.676376 0.559000
v -3.351371 2.675712 0.874176
v -3.351264 2.675972 0.874244
v -3.351112 2.676177 0.874246
v -3.350955 2.676376 0.874064
v -3.351028 2.676410 0.873967
v -3.351104 2.676421 0.873865
v -2.947119 2.676491 0.570267
v -2.936994 2.676473 0.562634
v -2.933113 2.676425 0.559684
v -2.932091 2.675955 0.559230
v -2.932124 2.675798 0.559040
v -2.932230 2.675599 0.558845
v -2.932332 2.676285 0.559193
v -2.932264 2.676230 0.559284
v -2.932205 2.676156 0.559362
v -3.351259 2.675599 0.874325
v -3.351092 2.675798 0.874473
v -3.350892 2.675955 0.874538
v -3.350682 2.676156 0.874426
v -3.350741 2.676230 0.874347
v -3.350809 2.676285 0.874257
v -2.946826 2.676196 0.570655
v -2.936706 2.676182 0.563017
v -2.932835 2.676144 0.560052
v -2.931944 2.675622 0.559425
v -2.932009 2.675538 0.559192
v -2.932155 2.675430 0.558945
v -2.932094 2.675988 0.559510
v -2.932045 2.675899 0.559575
v -2.932009 2.675796 0.559623
v -3.351185 2.675430 0.874424
v -3.350977 2.675538 0.874626
v -3.350745 2.675622 0.874733
v -3.350486 2.675796 0.874686
v -3.350522 2.675899 0.874639
v -3.350571 2.675988 0.874573
v -2.946630 2.675753 0.570915
v -2.936513 2.675745 0.563273
v -2.932650 2.675725 0.560298
v -2.931949 2.675576 0.559702
v -2.931926 2.675465 0.559733
v -2.931919 2.675349 0.559742
v -3.350396 2.675349 0.874806
v -3.350403 2.675465 0.874796
v -3.350426 2.675576 0.874766
v -3.163058 2.674707 0.733862
v -3.153014 2.674707 0.726301
v -3.149173 2.674707 0.723409
v -3.163253 2.674263 0.733602
v -3.153210 2.674263 0.726040
v -3.149369 2.674263 0.723149
v -3.163547 2.673967 0.733213
v -3.153503 2.673967 0.725651
v -3.149663 2.673967 0.722760
v -3.163893 2.673863 0.732753
v -3.153849 2.673863 0.725191
v -3.150009 2.673863 0.722300
v -3.164238 2.673967 0.732294
v -3.154195 2.673967 0.724732
v -3.150355 2.673967 0.721841
v -3.164532 2.674263 0.731904
v -3.154488 2.674263 0.724342
v -3.150648 2.674263 0.721451
v -3.164728 2.674707 0.731644
v -3.154684 2.674707 0.724082
v -3.150844 2.674707 0.721191
v -3.164797 2.675231 0.731552
v -3.154753 2.675231 0.723991
v -3.150913 2.675231 0.721100
v -3.164728 2.675754 0.731644
v -3.154684 2.675754 0.724082
v -3.150844 2.675754 0.721191
v -3.164532 2.676198 0.731904
v -3.154488 2.676198 0.724342
v -3.150648 2.676198 0.721451
v -3.164238 2.676494 0.732294
v -3.154195 2.676494 0.724732
v -3.150355 2.676494 0.721841
v -3.163893 2.676598 0.732753
v -3.153849 2.676598 0.725191
v -3.150009 2.676598 0.722300
v -3.163547 2.676494 0.733213
v -3.153503 2.676494 0.725651
v -3.149663 2.676494 0.722760
v -3.163253 2.676198 0.733602
v -3.153210 2.676198 0.726040
v -3.149369 2.676198 0.723149
v -3.163058 2.675754 0.733862
v -3.153014 2.675754 0.726301
v -3.149173 2.675754 0.723409
v -3.148406 2.675627 0.722893
v -3.148384 2.675497 0.722922
v -3.148371 2.675364 0.722939
v -3.148572 2.676098 0.722673
v -3.148519 2.675990 0.722743
v -3.148473 2.675875 0.722803
v -3.148844 2.676436 0.722310
v -3.148768 2.676368 0.722411
v -3.148697 2.676288 0.722506
v -3.149182 2.676591 0.721862
v -3.149094 2.676572 0.721979
v -3.149008 2.676539 0.722093
v -3.149533 2.676539 0.721396
v -3.149447 2.676572 0.721510
v -3.149359 2.676591 0.721627
v -3.149844 2.676288 0.720983
v -3.149773 2.676368 0.721077
v -3.149697 2.676436 0.721178
v -3.150068 2.675875 0.720686
v -3.150022 2.675990 0.720746
v -3.149969 2.676098 0.720816
v -3.150170 2.675364 0.720550
v -3.150157 2.675497 0.720567
v -3.150136 2.675627 0.720595
v -3.150136 2.674833 0.720595
v -3.150157 2.674964 0.720567
v -3.150170 2.675096 0.720550
v -3.149969 2.674363 0.720816
v -3.150022 2.674471 0.720746
v -3.150068 2.674586 0.720686
v -3.149697 2.674024 0.721178
v -3.149773 2.674093 0.721077
v -3.149844 2.674173 0.720983
v -3.149359 2.673869 0.721627
v -3.149447 2.673889 0.721510
v -3.149533 2.673922 0.721396
v -3.149008 2.673922 0.722093
v -3.149094 2.673889 0.721979
v -3.149182 2.673869 0.721862
v -3.148697 2.674173 0.722506
v -3.148768 2.674093 0.722411
v -3.148844 2.674024 0.722310
v -3.148473 2.674586 0.722803
v -3.148519 2.674471 0.722743
v -3.148572 2.674363 0.722673
v -3.148371 2.675096 0.722939
v -3.148384 2.674964 0.722922
v -3.148406 2.674833 0.722893
v -3.118614 2.675231 0.700545
v -3.128584 2.675231 0.708051
v -3.132336 2.675231 0.710876
v -3.132982 2.675096 0.711353
v -3.132995 2.674964 0.711336
v -3.133017 2.674833 0.711307
v -3.133085 2.674586 0.711217
v -3.133130 2.674471 0.711157
v -3.133183 2.674363 0.711087
v -3.133308 2.674173 0.710920
v -3.133380 2.674093 0.710826
v -3.133456 2.674024 0.710724
v -3.133619 2.673922 0.710507
v -3.133705 2.673889 0.710393
v -3.133793 2.673869 0.710276
v -3.133970 2.673869 0.710041
v -3.134058 2.673889 0.709924
v -3.134144 2.673922 0.709810
v -3.134308 2.674024 0.709593
v -3.134384 2.674093 0.709491
v -3.134455 2.674173 0.709397
v -3.134581 2.674363 0.709230
v -3.134633 2.674471 0.709160
v -3.134679 2.674586 0.709100
v -3.134747 2.674833 0.709010
v -3.134768 2.674964 0.708981
v -3.134781 2.675096 0.708964
v -3.134781 2.675364 0.708964
v -3.134768 2.675497 0.708981
v -3.134747 2.675627 0.709010
v -3.134679 2.675875 0.709100
v -3.134633 2.675990 0.709160
v -3.134581 2.676098 0.709230
v -3.134455 2.676288 0.709397
v -3.134384 2.676368 0.709491
v -3.134308 2.676436 0.709593
v -3.134144 2.676539 0.709810
v -3.134058 2.676572 0.709924
v -3.133970 2.676591 0.710041
v -3.133793 2.676591 0.710276
v -3.133705 2.676572 0.710393
v -3.133619 2.676539 0.710507
v -3.133456 2.676436 0.710724
v -3.133380 2.676368 0.710826
v -3.133308 2.676288 0.710920
v -3.133183 2.676098 0.711087
v -3.133130 2.675990 0.711157
v -3.133085 2.675875 0.711217
v -3.133017 2.675627 0.711307
v -3.132995 2.675497 0.711336
v -3.132982 2.675364 0.711353
v -3.132405 2.674707 0.710784
v -3.128653 2.674707 0.707960
v -3.118683 2.674707 0.700453
v -3.132601 2.674263 0.710524
v -3.128849 2.674263 0.707700
v -3.118879 2.674263 0.700193
v -3.132894 2.673967 0.710135
v -3.129142 2.673967 0.707310
v -3.119172 2.673967 0.699804
v -3.133240 2.673863 0.709675
v -3.129488 2.673863 0.706851
v -3.119518 2.673863 0.699344
v -3.133586 2.673967 0.709216
v -3.129834 2.673967 0.706391
v -3.119864 2.673967 0.698885
v -3.133879 2.674263 0.708826
v -3.130127 2.674263 0.706002
v -3.120157 2.674263 0.698495
v -3.134075 2.674707 0.708566
v -3.130323 2.674707 0.705741
v -3.120353 2.674707 0.698235
v -3.134144 2.675231 0.708474
v -3.130392 2.675231 0.705650
v -3.120422 2.675231 0.698143
v -3.134075 2.675754 0.708566
v -3.130323 2.675754 0.705741
v -3.120353 2.675754 0.698235
v -3.133879 2.676198 0.708826
v -3.130127 2.676198 0.706002
v -3.120157 2.676198 0.698495
v -3.133586 2.676494 0.709216
v -3.129834 2.676494 0.706391
v -3.119864 2.676494 0.698885
v -3.133240 2.676598 0.709675
v -3.129488 2.676598 0.706851
v -3.119518 2.676598 0.699344
v -3.132894 2.676494 0.710135
v -3.129142 2.676494 0.707310
v -3.119172 2.676494 0.699804
v -3.132601 2.676198 0.710524
v -3.128849 2.676198 0.707700
v -3.118879 2.676198 0.700193
v -3.132405 2.675754 0.710784
v -3.128653 2.675754 0.707960
v -3.118683 2.675754 0.700453
v -2.996267 2.675231 0.608432
v -3.032713 2.675231 0.635872
v -3.069131 2.675231 0.663290
v -3.099354 2.675627 0.685963
v -3.099333 2.675497 0.685992
v -3.099319 2.675364 0.686009
v -3.099520 2.676098 0.685743
v -3.099468 2.675990 0.685813
v -3.099422 2.675875 0.685873
v -3.099793 2.676436 0.685380
v -3.099717 2.676368 0.685481
v -3.099646 2.676288 0.685576
v -3.100131 2.676591 0.684932
v -3.100043 2.676572 0.685049
v -3.099957 2.676539 0.685163
v -3.100482 2.676539 0.684466
v -3.100395 2.676572 0.684580
v -3.100308 2.676591 0.684697
v -3.100792 2.676288 0.684053
v -3.100721 2.676368 0.684147
v -3.100645 2.676436 0.684249
v -3.101016 2.675875 0.683756
v -3.100971 2.675990 0.683816
v -3.100918 2.676098 0.683886
v -3.101119 2.675364 0.683620
v -3.101105 2.675497 0.683637
v -3.101084 2.675627 0.683666
v -3.101084 2.674833 0.683666
v -3.101105 2.674964 0.683637
v -3.101119 2.675096 0.683620
v -3.100918 2.674363 0.683886
v -3.100971 2.674471 0.683816
v -3.101016 2.674586 0.683756
v -3.100645 2.674024 0.684249
v -3.100721 2.674093 0.684147
v -3.100792 2.674173 0.684053
v -3.100308 2.673869 0.684697
v -3.100395 2.673889 0.684580
v -3.100482 2.673922 0.684466
v -3.099957 2.673922 0.685163
v -3.100043 2.673889 0.685049
v -3.100131 2.673869 0.684932
v -3.099646 2.674173 0.685576
v -3.099717 2.674093 0.685481
v -3.099793 2.674024 0.685380
v -3.099422 2.674586 0.685873
v -3.099468 2.674471 0.685813
v -3.099520 2.674363 0.685743
v -3.099319 2.675096 0.686009
v -3.099333 2.674964 0.685992
v -3.099354 2.674833 0.685963
v -3.069200 2.674707 0.663199
v -3.032782 2.674707 0.635781
v -2.996336 2.674707 0.608341
v -3.069396 2.674263 0.662938
v -3.032978 2.674263 0.635520
v -2.996532 2.674263 0.608081
v -3.069689 2.673967 0.662549
v -3.033272 2.673967 0.635131
v -2.996825 2.673967 0.607691
v -3.070035 2.673863 0.662089
v -3.033617 2.673863 0.634671
v -2.997171 2.673863 0.607232
v -3.070381 2.673967 0.661630
v -3.033963 2.673967 0.634212
v -2.997517 2.673967 0.606772
v -3.070674 2.674263 0.661240
v -3.034257 2.674263 0.633822
v -2.997810 2.674263 0.606383
v -3.070870 2.674707 0.660980
v -3.034453 2.674707 0.633562
v -2.998006 2.674707 0.606122
v -3.070939 2.675231 0.660889
v -3.034521 2.675231 0.633471
v -2.998075 2.675231 0.606031
v -3.070870 2.675754 0.660980
v -3.034453 2.675754 0.633562
v -2.998006 2.675754 0.606122
v -3.070674 2.676198 0.661240
v -3.034257 2.676198 0.633822
v -2.997810 2.676198 0.606383
v -3.070381 2.676494 0.661630
v -3.033963 2.676494 0.634212
v -2.997517 2.676494 0.606772
v -3.070035 2.676598 0.662089
v -3.033617 2.676598 0.634671
v -2.997171 2.676598 0.607232
v -3.069689 2.676494 0.662549
v -3.033272 2.676494 0.635131
v -2.996825 2.676494 0.607691
v -3.069396 2.676198 0.662938
v -3.032978 2.676198 0.635520
v -2.996532 2.676198 0.608081
v -3.069200 2.675754 0.663199
v -3.032782 2.675754 0.635781
v -2.996336 2.675754 0.608341
v -2.932585 2.675231 0.560384
v -2.936445 2.675231 0.563363
v -2.946562 2.675231 0.571006
v -2.966001 2.675096 0.585636
v -2.966014 2.674964 0.585619
v -2.966036 2.674833 0.585590
v -2.966103 2.674586 0.585500
v -2.966149 2.674471 0.585440
v -2.966202 2.674363 0.585370
v -2.966327 2.674173 0.585203
v -2.966398 2.674093 0.585109
v -2.966475 2.674024 0.585007
v -2.966638 2.673922 0.584790
v -2.966724 2.673889 0.584676
v -2.966812 2.673869 0.584559
v -2.966989 2.673869 0.584324
v -2.967077 2.673889 0.584207
v -2.967163 2.673922 0.584093
v -2.967327 2.674024 0.583876
v -2.967403 2.674093 0.583775
v -2.967474 2.674173 0.583680
v -2.967599 2.674363 0.583513
v -2.967652 2.674471 0.583443
v -2.967698 2.674586 0.583383
v -2.967766 2.674833 0.583293
v -2.967787 2.674964 0.583264
v -2.967800 2.675096 0.583247
v -2.967800 2.675364 0.583247
v -2.967787 2.675497 0.583264
v -2.967766 2.675627 0.583293
v -2.967698 2.675875 0.583383
v -2.967652 2.675990 0.583443
v -2.967599 2.676098 0.583513
v -2.967474 2.676288 0.583680
v -2.967403 2.676368 0.583775
v -2.967327 2.676436 0.583876
v -2.967163 2.676539 0.584093
v -2.967077 2.676572 0.584207
v -2.966989 2.676591 0.584324
v -2.966812 2.676591 0.584559
v -2.966724 2.676572 0.584676
v -2.966638 2.676539 0.584790
v -2.966475 2.676436 0.585007
v -2.966398 2.676368 0.585109
v -2.966327 2.676288 0.585203
v -2.966202 2.676098 0.585370
v -2.966149 2.675990 0.585440
v -2.966103 2.675875 0.585500
v -2.966036 2.675627 0.585590
v -2.966014 2.675497 0.585619
v -2.966001 2.675364 0.585636
v -3.149105 2.675231 0.723501
v -3.152945 2.675231 0.726392
v -3.162989 2.675231 0.733954
v -3.285506 2.674707 0.826052
v -3.249044 2.674707 0.798600
v -3.212615 2.674707 0.771174
v -3.285702 2.674263 0.825792
v -3.249240 2.674263 0.798340
v -3.212811 2.674263 0.770913
v -3.285995 2.673967 0.825402
v -3.249533 2.673967 0.797950
v -3.213104 2.673967 0.770524
v -3.286341 2.673863 0.824943
v -3.249879 2.673863 0.797491
v -3.213450 2.673863 0.770064
v -3.286687 2.673967 0.824483
v -3.250225 2.673967 0.797031
v -3.213796 2.673967 0.769605
v -3.286981 2.674263 0.824094
v -3.250519 2.674263 0.796642
v -3.214090 2.674263 0.769215
v -3.287177 2.674707 0.823833
v -3.250715 2.674707 0.796382
v -3.214286 2.674707 0.768955
v -3.287246 2.675231 0.823742
v -3.250783 2.675231 0.796290
v -3.214355 2.675231 0.768864
v -3.287177 2.675754 0.823833
v -3.250715 2.675754 0.796382
v -3.214286 2.675754 0.768955
v -3.286981 2.676198 0.824094
v -3.250519 2.676198 0.796642
v -3.214090 2.676198 0.769215
v -3.286687 2.676494 0.824483
v -3.250225 2.676494 0.797031
v -3.213796 2.676494 0.769605
v -3.286341 2.676598 0.824943
v -3.249879 2.676598 0.797491
v -3.213450 2.676598 0.770064
v -3.285995 2.676494 0.825402
v -3.249533 2.676494 0.797950
v -3.213104 2.676494 0.770524
v -3.285702 2.676198 0.825792
v -3.249240 2.676198 0.798340
v -3.212811 2.676198 0.770913
v -3.285506 2.675754 0.826052
v -3.249044 2.675754 0.798600
v -3.212615 2.675754 0.771174
v -3.182377 2.675627 0.748470
v -3.182355 2.675497 0.748498
v -3.182342 2.675364 0.748516
v -3.182543 2.676098 0.748249
v -3.182490 2.675990 0.748319
v -3.182445 2.675875 0.748380
v -3.182816 2.676436 0.747887
v -3.182740 2.676368 0.747988
v -3.182668 2.676288 0.748083
v -3.183153 2.676591 0.747438
v -3.183066 2.676572 0.747555
v -3.182980 2.676539 0.747669
v -3.183504 2.676539 0.746972
v -3.183418 2.676572 0.747087
v -3.183331 2.676591 0.747203
v -3.183815 2.676288 0.746559
v -3.183744 2.676368 0.746654
v -3.183668 2.676436 0.746755
v -3.184039 2.675875 0.746262
v -3.183994 2.675990 0.746323
v -3.183941 2.676098 0.746393
v -3.184141 2.675364 0.746126
v -3.184129 2.675497 0.746143
v -3.184107 2.675627 0.746172
v -3.184107 2.674833 0.746172
v -3.184129 2.674963 0.746143
v -3.184141 2.675096 0.746126
v -3.183941 2.674363 0.746393
v -3.183994 2.674471 0.746323
v -3.184039 2.674586 0.746262
v -3.183668 2.674024 0.746755
v -3.183744 2.674093 0.746654
v -3.183815 2.674173 0.746559
v -3.183331 2.673869 0.747203
v -3.183418 2.673889 0.747087
v -3.183504 2.673922 0.746972
v -3.182980 2.673922 0.747669
v -3.183066 2.673889 0.747555
v -3.183153 2.673869 0.747438
v -3.182668 2.674173 0.748083
v -3.182740 2.674093 0.747988
v -3.182816 2.674024 0.747887
v -3.182445 2.674586 0.748380
v -3.182490 2.674471 0.748319
v -3.182543 2.674363 0.748249
v -3.182342 2.675096 0.748516
v -3.182355 2.674963 0.748498
v -3.182377 2.674833 0.748470
v -3.212547 2.675231 0.771265
v -3.248975 2.675231 0.798692
v -3.285438 2.675231 0.826143
v -3.349580 2.674736 0.874196
v -3.345558 2.674716 0.871235
v -3.335324 2.674708 0.863555
v -3.349765 2.674316 0.873950
v -3.345750 2.674279 0.870979
v -3.335520 2.674265 0.863295
v -3.350043 2.674036 0.873582
v -3.346039 2.673987 0.870596
v -3.335812 2.673970 0.862907
v -3.350369 2.673938 0.873148
v -3.346379 2.673885 0.870144
v -3.336158 2.673866 0.862448
v -3.350696 2.674036 0.872714
v -3.346720 2.673987 0.869692
v -3.336503 2.673970 0.861990
v -3.350974 2.674316 0.872346
v -3.347008 2.674279 0.869309
v -3.336795 2.674265 0.861601
v -3.351159 2.674736 0.872100
v -3.347201 2.674716 0.869053
v -3.336991 2.674708 0.861341
v -3.351224 2.675230 0.872013
v -3.347268 2.675231 0.868963
v -3.337060 2.675231 0.861250
v -3.351159 2.675725 0.872100
v -3.347201 2.675745 0.869053
v -3.336991 2.675753 0.861341
v -3.350974 2.676144 0.872346
v -3.347008 2.676182 0.869309
v -3.336795 2.676195 0.861601
v -3.350696 2.676425 0.872714
v -3.346720 2.676473 0.869692
v -3.336503 2.676491 0.861990
v -3.350369 2.676523 0.873148
v -3.346379 2.676576 0.870144
v -3.336158 2.676595 0.862448
v -3.350043 2.676425 0.873582
v -3.346039 2.676473 0.870596
v -3.335812 2.676491 0.862907
v -3.349765 2.676144 0.873950
v -3.345750 2.676182 0.870979
v -3.335520 2.676195 0.863295
v -3.349580 2.675725 0.874196
v -3.345558 2.675745 0.871235
v -3.335324 2.675753 0.863555
v -3.315785 2.675627 0.848910
v -3.315763 2.675497 0.848939
v -3.315750 2.675364 0.848956
v -3.315951 2.676098 0.848689
v -3.315898 2.675990 0.848759
v -3.315853 2.675875 0.848820
v -3.316224 2.676436 0.848327
v -3.316148 2.676368 0.848428
v -3.316076 2.676288 0.848523
v -3.316561 2.676591 0.847879
v -3.316473 2.676572 0.847995
v -3.316387 2.676539 0.848110
v -3.316912 2.676539 0.847413
v -3.316826 2.676572 0.847527
v -3.316738 2.676591 0.847643
v -3.317223 2.676288 0.846999
v -3.317152 2.676368 0.847094
v -3.317076 2.676436 0.847195
v -3.317447 2.675875 0.846702
v -3.317401 2.675990 0.846763
v -3.317348 2.676098 0.846833
v -3.317549 2.675364 0.846566
v -3.317536 2.675497 0.846584
v -3.317515 2.675627 0.846612
v -3.317515 2.674833 0.846612
v -3.317536 2.674963 0.846584
v -3.317549 2.675096 0.846566
v -3.317348 2.674363 0.846833
v -3.317401 2.674471 0.846763
v -3.317447 2.674586 0.846702
v -3.317076 2.674024 0.847195
v -3.317152 2.674093 0.847094
v -3.317223 2.674173 0.846999
v -3.316738 2.673869 0.847643
v -3.316826 2.673889 0.847527
v -3.316912 2.673922 0.847413
v -3.316387 2.673922 0.848110
v -3.316473 2.673889 0.847995
v -3.316561 2.673869 0.847879
v -3.316076 2.674173 0.848523
v -3.316148 2.674093 0.848428
v -3.316224 2.674024 0.848327
v -3.315853 2.674586 0.848820
v -3.315898 2.674471 0.848759
v -3.315951 2.674363 0.848689
v -3.315750 2.675096 0.848956
v -3.315763 2.674963 0.848939
v -3.315785 2.674833 0.848910
v -3.150015 2.677414 0.723212
v -3.149524 2.677414 0.723746
v -3.148999 2.677414 0.724246
v -3.149935 2.677780 0.723143
v -3.149448 2.677780 0.723671
v -3.148929 2.677780 0.724167
v -3.149723 2.678012 0.722960
v -3.149249 2.678012 0.723475
v -3.148742 2.678012 0.723958
v -3.148669 2.678232 0.722053
v -3.148257 2.678232 0.722501
v -3.147816 2.678232 0.722921
v -3.147894 2.678261 0.721385
v -3.147527 2.678261 0.721784
v -3.147135 2.678261 0.722159
v -3.147119 2.678240 0.720719
v -3.146798 2.678240 0.721069
v -3.146455 2.678240 0.721397
v -3.146071 2.678053 0.719816
v -3.145813 2.678053 0.720101
v -3.145539 2.678053 0.720369
v -3.145863 2.677841 0.719638
v -3.145619 2.677841 0.719911
v -3.145359 2.677841 0.720168
v -3.145788 2.677492 0.719573
v -3.145550 2.677492 0.719842
v -3.145296 2.677492 0.720096
v -3.145780 2.673249 0.719565
v -3.145538 2.673249 0.719831
v -3.145279 2.673249 0.720080
v -3.145856 2.672896 0.719631
v -3.145609 2.672896 0.719901
v -3.145345 2.672896 0.720154
v -3.146066 2.672681 0.719812
v -3.145807 2.672681 0.720095
v -3.145529 2.672681 0.720360
v -3.147118 2.672488 0.720718
v -3.146797 2.672488 0.721067
v -3.146453 2.672488 0.721395
v -3.147894 2.672465 0.721386
v -3.147527 2.672465 0.721785
v -3.147135 2.672465 0.722159
v -3.148672 2.672488 0.722055
v -3.148259 2.672488 0.722504
v -3.147819 2.672488 0.722924
v -3.149734 2.672682 0.722970
v -3.149260 2.672682 0.723486
v -3.148753 2.672682 0.723970
v -3.149952 2.672896 0.723158
v -3.149465 2.672896 0.723687
v -3.148944 2.672896 0.724184
v -3.150035 2.673243 0.723230
v -3.149543 2.673243 0.723765
v -3.149017 2.673243 0.724266
v -3.147858 2.677414 0.725139
v -3.147245 2.677414 0.725528
v -3.146609 2.677414 0.725875
v -3.147798 2.677780 0.725051
v -3.147192 2.677780 0.725436
v -3.146561 2.677780 0.725781
v -3.147640 2.678012 0.724820
v -3.147049 2.678012 0.725195
v -3.146435 2.678012 0.725531
v -3.146858 2.678232 0.723671
v -3.146344 2.678232 0.723997
v -3.145810 2.678232 0.724289
v -3.146282 2.678261 0.722826
v -3.145825 2.678261 0.723116
v -3.145350 2.678261 0.723376
v -3.145709 2.678240 0.721982
v -3.145308 2.678240 0.722237
v -3.144892 2.678240 0.722465
v -3.144939 2.678053 0.720847
v -3.144615 2.678053 0.721053
v -3.144278 2.678053 0.721238
v -3.144790 2.677841 0.720625
v -3.144482 2.677841 0.720823
v -3.144161 2.677841 0.720999
v -3.144739 2.677492 0.720547
v -3.144437 2.677492 0.720742
v -3.144122 2.677492 0.720915
v -3.144716 2.673249 0.720524
v -3.144413 2.673249 0.720716
v -3.144098 2.673249 0.720889
v -3.144771 2.672896 0.720605
v -3.144462 2.672896 0.720801
v -3.144141 2.672896 0.720977
v -3.144925 2.672681 0.720833
v -3.144601 2.672681 0.721039
v -3.144265 2.672681 0.721223
v -3.145706 2.672488 0.721980
v -3.145305 2.672488 0.722234
v -3.144888 2.672488 0.722462
v -3.146282 2.672465 0.722826
v -3.145825 2.672465 0.723116
v -3.145349 2.672465 0.723376
v -3.146860 2.672488 0.723674
v -3.146345 2.672488 0.724000
v -3.145811 2.672488 0.724292
v -3.147649 2.672682 0.724833
v -3.147057 2.672682 0.725209
v -3.146442 2.672682 0.725545
v -3.147811 2.672896 0.725070
v -3.147203 2.672896 0.725456
v -3.146572 2.672896 0.725801
v -3.147873 2.673243 0.725161
v -3.147259 2.673243 0.725551
v -3.146621 2.673243 0.725899
v -3.145275 2.677414 0.726442
v -3.144583 2.677414 0.726659
v -3.143878 2.677414 0.726830
v -3.145240 2.677780 0.726342
v -3.144555 2.677780 0.726557
v -3.143857 2.677780 0.726726
v -3.145148 2.678012 0.726078
v -3.144480 2.678012 0.726287
v -3.143800 2.678012 0.726452
v -3.144690 2.678232 0.724765
v -3.144109 2.678232 0.724947
v -3.143517 2.678232 0.725091
v -3.144353 2.678261 0.723800
v -3.143836 2.678261 0.723962
v -3.143310 2.678261 0.724090
v -3.144018 2.678240 0.722836
v -3.143565 2.678240 0.722978
v -3.143103 2.678240 0.723090
v -3.143571 2.678053 0.721539
v -3.143204 2.678053 0.721654
v -3.142831 2.678053 0.721744
v -3.143487 2.677841 0.721286
v -3.143137 2.677841 0.721395
v -3.142781 2.677841 0.721482
v -3.143459 2.677492 0.721197
v -3.143115 2.677492 0.721304
v -3.142765 2.677492 0.721390
v -3.143438 2.673249 0.721169
v -3.143095 2.673249 0.721277
v -3.142746 2.673249 0.721362
v -3.143469 2.672896 0.721263
v -3.143120 2.672896 0.721372
v -3.142764 2.672896 0.721458
v -3.143559 2.672681 0.721523
v -3.143192 2.672681 0.721638
v -3.142819 2.672681 0.721728
v -3.144015 2.672488 0.722833
v -3.143562 2.672488 0.722975
v -3.143101 2.672488 0.723087
v -3.144353 2.672465 0.723800
v -3.143836 2.672465 0.723962
v -3.143309 2.672465 0.724089
v -3.144691 2.672488 0.724768
v -3.144109 2.672488 0.724950
v -3.143518 2.672488 0.725094
v -3.145153 2.672682 0.726093
v -3.144484 2.672682 0.726302
v -3.143803 2.672682 0.726468
v -3.145248 2.672896 0.726364
v -3.144561 2.672896 0.726579
v -3.143862 2.672896 0.726749
v -3.145284 2.673243 0.726468
v -3.144590 2.673243 0.726685
v -3.143884 2.673243 0.726857
v -3.142443 2.677414 0.727032
v -3.141719 2.677414 0.727063
v -3.140994 2.677414 0.727046
v -3.142435 2.677780 0.726927
v -3.141718 2.677780 0.726957
v -3.141000 2.677780 0.726940
v -3.142415 2.678012 0.726648
v -3.141716 2.678012 0.726677
v -3.141016 2.678012 0.726660
v -3.142312 2.678232 0.725261
v -3.141704 2.678232 0.725286
v -3.141095 2.678232 0.725272
v -3.142237 2.678261 0.724241
v -3.141696 2.678261 0.724263
v -3.141154 2.678261 0.724251
v -3.142164 2.678240 0.723223
v -3.141689 2.678240 0.723243
v -3.141214 2.678240 0.723231
v -3.142070 2.678053 0.721852
v -3.141685 2.678053 0.721868
v -3.141301 2.678053 0.721859
v -3.142055 2.677841 0.721584
v -3.141689 2.677841 0.721599
v -3.141322 2.677841 0.721591
v -3.142052 2.677492 0.721490
v -3.141693 2.677492 0.721505
v -3.141332 2.677492 0.721497
v -3.142035 2.673249 0.721462
v -3.141676 2.673249 0.721477
v -3.141317 2.673249 0.721468
v -3.142040 2.672896 0.721560
v -3.141675 2.672896 0.721576
v -3.141309 2.672896 0.721567
v -3.142060 2.672681 0.721835
v -3.141676 2.672681 0.721851
v -3.141293 2.672681 0.721842
v -3.142161 2.672488 0.723219
v -3.141687 2.672488 0.723239
v -3.141212 2.672488 0.723228
v -3.142237 2.672465 0.724241
v -3.141695 2.672465 0.724263
v -3.141154 2.672465 0.724251
v -3.142312 2.672488 0.725264
v -3.141704 2.672488 0.725289
v -3.141095 2.672488 0.725275
v -3.142416 2.672682 0.726663
v -3.141716 2.672682 0.726692
v -3.141015 2.672682 0.726676
v -3.142437 2.672896 0.726950
v -3.141718 2.672896 0.726980
v -3.140999 2.672896 0.726963
v -3.142445 2.673243 0.727059
v -3.141719 2.673243 0.727090
v -3.140992 2.673243 0.727073
v -3.139555 2.677414 0.726870
v -3.138848 2.677414 0.726711
v -3.138152 2.677414 0.726507
v -3.139575 2.677780 0.726766
v -3.138874 2.677780 0.726609
v -3.138185 2.677780 0.726407
v -3.139627 2.678012 0.726490
v -3.138944 2.678012 0.726338
v -3.138273 2.678012 0.726141
v -3.139888 2.678232 0.725124
v -3.139293 2.678232 0.724991
v -3.138709 2.678232 0.724820
v -3.140079 2.678261 0.724119
v -3.139551 2.678261 0.724001
v -3.139031 2.678261 0.723848
v -3.140272 2.678240 0.723116
v -3.139809 2.678240 0.723012
v -3.139353 2.678240 0.722879
v -3.140538 2.678053 0.721765
v -3.140163 2.678053 0.721681
v -3.139795 2.678053 0.721573
v -3.140595 2.677841 0.721502
v -3.140237 2.677841 0.721422
v -3.139885 2.677841 0.721319
v -3.140618 2.677492 0.721409
v -3.140266 2.677492 0.721331
v -3.139921 2.677492 0.721229
v -3.140605 2.673249 0.721381
v -3.140254 2.673249 0.721303
v -3.139910 2.673249 0.721202
v -3.140584 2.672896 0.721478
v -3.140227 2.672896 0.721398
v -3.139876 2.672896 0.721295
v -3.140531 2.672681 0.721749
v -3.140156 2.672681 0.721665
v -3.139788 2.672681 0.721557
v -3.140270 2.672488 0.723113
v -3.139807 2.672488 0.723009
v -3.139352 2.672488 0.722875
v -3.140079 2.672465 0.724119
v -3.139550 2.672465 0.724001
v -3.139030 2.672465 0.723848
v -3.139887 2.672488 0.725127
v -3.139292 2.672488 0.724994
v -3.138708 2.672488 0.724823
v -3.139624 2.672682 0.726506
v -3.138940 2.672682 0.726353
v -3.138268 2.672682 0.726156
v -3.139571 2.672896 0.726788
v -3.138868 2.672896 0.726631
v -3.138178 2.672896 0.726428
v -3.139550 2.673243 0.726896
v -3.138841 2.673243 0.726738
v -3.138143 2.673243 0.726533
v -3.136808 2.677414 0.725965
v -3.136165 2.677414 0.725629
v -3.135546 2.677414 0.725252
v -3.136854 2.677780 0.725869
v -3.136217 2.677780 0.725537
v -3.135604 2.677780 0.725163
v -3.136976 2.678012 0.725617
v -3.136355 2.678012 0.725293
v -3.135758 2.678012 0.724929
v -3.137581 2.678232 0.724364
v -3.137041 2.678232 0.724082
v -3.136521 2.678232 0.723766
v -3.138026 2.678261 0.723443
v -3.137547 2.678261 0.723192
v -3.137084 2.678261 0.722910
v -3.138473 2.678240 0.722524
v -3.138052 2.678240 0.722304
v -3.137646 2.678240 0.722057
v -3.139082 2.678053 0.721286
v -3.138741 2.678053 0.721108
v -3.138413 2.678053 0.720908
v -3.139206 2.677841 0.721044
v -3.138881 2.677841 0.720875
v -3.138568 2.677841 0.720684
v -3.139253 2.677492 0.720960
v -3.138934 2.677492 0.720793
v -3.138626 2.677492 0.720606
v -3.139244 2.673249 0.720933
v -3.138926 2.673249 0.720767
v -3.138619 2.673249 0.720580
v -3.139198 2.672896 0.721022
v -3.138874 2.672896 0.720852
v -3.138562 2.672896 0.720662
v -3.139077 2.672681 0.721270
v -3.138736 2.672681 0.721092
v -3.138409 2.672681 0.720893
v -3.138472 2.672488 0.722520
v -3.138051 2.672488 0.722300
v -3.137645 2.672488 0.722053
v -3.138026 2.672465 0.723443
v -3.137546 2.672465 0.723192
v -3.137083 2.672465 0.722910
v -3.137579 2.672488 0.724367
v -3.137039 2.672488 0.724085
v -3.136519 2.672488 0.723769
v -3.136969 2.672682 0.725631
v -3.136348 2.672682 0.725307
v -3.135749 2.672682 0.724942
v -3.136844 2.672896 0.725890
v -3.136206 2.672896 0.725557
v -3.135592 2.672896 0.725182
v -3.136796 2.673243 0.725989
v -3.136152 2.673243 0.725653
v -3.135531 2.673243 0.725274
v -3.134388 2.677414 0.724380
v -3.133854 2.677414 0.723889
v -3.133353 2.677414 0.723365
v -3.134457 2.677780 0.724300
v -3.133929 2.677780 0.723813
v -3.133433 2.677780 0.723294
v -3.134640 2.678012 0.724088
v -3.134125 2.678012 0.723614
v -3.133642 2.678012 0.723107
v -3.135549 2.678232 0.723034
v -3.135101 2.678232 0.722622
v -3.134681 2.678232 0.722181
v -3.136219 2.678261 0.722259
v -3.135820 2.678261 0.721892
v -3.135446 2.678261 0.721500
v -3.136888 2.678240 0.721486
v -3.136539 2.678240 0.721164
v -3.136211 2.678240 0.720821
v -3.137799 2.678053 0.720445
v -3.137516 2.678053 0.720185
v -3.137251 2.678053 0.719907
v -3.137983 2.677841 0.720243
v -3.137713 2.677841 0.719995
v -3.137460 2.677841 0.719730
v -3.138051 2.677492 0.720172
v -3.137786 2.677492 0.719929
v -3.137537 2.677492 0.719668
v -3.138045 2.673249 0.720148
v -3.137781 2.673249 0.719905
v -3.137533 2.673249 0.719645
v -3.137978 2.672896 0.720223
v -3.137709 2.672896 0.719975
v -3.137456 2.672896 0.719710
v -3.137796 2.672681 0.720431
v -3.137513 2.672681 0.720172
v -3.137248 2.672681 0.719894
v -3.136888 2.672488 0.721483
v -3.136538 2.672488 0.721161
v -3.136210 2.672488 0.720818
v -3.136218 2.672465 0.722259
v -3.135819 2.672465 0.721892
v -3.135445 2.672465 0.721500
v -3.135547 2.672488 0.723036
v -3.135099 2.672488 0.722624
v -3.134678 2.672488 0.722183
v -3.134630 2.672682 0.724099
v -3.134114 2.672682 0.723625
v -3.133630 2.672682 0.723118
v -3.134442 2.672896 0.724317
v -3.133913 2.672896 0.723830
v -3.133416 2.672896 0.723309
v -3.134370 2.673243 0.724401
v -3.133835 2.673243 0.723908
v -3.133333 2.673243 0.723383
v -3.132461 2.677414 0.722223
v -3.132072 2.677414 0.721610
v -3.131725 2.677414 0.720974
v -3.132548 2.677780 0.722163
v -3.132164 2.677780 0.721557
v -3.131819 2.677780 0.720926
v -3.132780 2.678012 0.722005
v -3.132405 2.678012 0.721415
v -3.132070 2.678012 0.720800
v -3.133931 2.678232 0.721223
v -3.133605 2.678232 0.720709
v -3.133313 2.678232 0.720174
v -3.134779 2.678261 0.720647
v -3.134489 2.678261 0.720190
v -3.134229 2.678261 0.719714
v -3.135626 2.678240 0.720073
v -3.135372 2.678240 0.719672
v -3.135144 2.678240 0.719255
v -3.136777 2.678053 0.719302
v -3.136571 2.678053 0.718977
v -3.136387 2.678053 0.718640
v -3.137008 2.677841 0.719153
v -3.136812 2.677841 0.718843
v -3.136636 2.677841 0.718521
v -3.137094 2.677492 0.719101
v -3.136901 2.677492 0.718797
v -3.136728 2.677492 0.718481
v -3.137091 2.673249 0.719080
v -3.136899 2.673249 0.718776
v -3.136726 2.673249 0.718461
v -3.137006 2.672896 0.719135
v -3.136810 2.672896 0.718826
v -3.136635 2.672896 0.718505
v -3.136776 2.672681 0.719289
v -3.136570 2.672681 0.718965
v -3.136386 2.672681 0.718629
v -3.135626 2.672488 0.720070
v -3.135371 2.672488 0.719669
v -3.135144 2.672488 0.719253
v -3.134778 2.672465 0.720647
v -3.134488 2.672465 0.720189
v -3.134228 2.672465 0.719714
v -3.133928 2.672488 0.721224
v -3.133602 2.672488 0.720710
v -3.133310 2.672488 0.720176
v -3.132767 2.672682 0.722014
v -3.132392 2.672682 0.721422
v -3.132056 2.672682 0.720807
v -3.132529 2.672896 0.722176
v -3.132144 2.672896 0.721568
v -3.131799 2.672896 0.720937
v -3.132438 2.673243 0.722238
v -3.132049 2.673243 0.721624
v -3.131700 2.673243 0.720986
v -3.131158 2.677414 0.719640
v -3.130941 2.677414 0.718948
v -3.130770 2.677414 0.718244
v -3.131258 2.677780 0.719605
v -3.131043 2.677780 0.718920
v -3.130874 2.677780 0.718222
v -3.131522 2.678012 0.719513
v -3.131313 2.678012 0.718845
v -3.131148 2.678012 0.718165
v -3.132837 2.678232 0.719054
v -3.132655 2.678232 0.718473
v -3.132512 2.678232 0.717882
v -3.133805 2.678261 0.718718
v -3.133643 2.678261 0.718201
v -3.133515 2.678261 0.717674
v -3.134773 2.678240 0.718382
v -3.134631 2.678240 0.717929
v -3.134519 2.678240 0.717467
v -3.136086 2.678053 0.717933
v -3.135972 2.678053 0.717566
v -3.135881 2.678053 0.717192
v -3.136349 2.677841 0.717847
v -3.136240 2.677841 0.717497
v -3.136153 2.677841 0.717141
v -3.136446 2.677492 0.717818
v -3.136339 2.677492 0.717474
v -3.136254 2.677492 0.717124
v -3.136446 2.673249 0.717801
v -3.136338 2.673249 0.717458
v -3.136253 2.673249 0.717109
v -3.136349 2.672896 0.717832
v -3.136239 2.672896 0.717483
v -3.136153 2.672896 0.717128
v -3.136086 2.672681 0.717922
v -3.135971 2.672681 0.717556
v -3.135881 2.672681 0.717183
v -3.134773 2.672488 0.718380
v -3.134631 2.672488 0.717927
v -3.134519 2.672488 0.717465
v -3.133804 2.672465 0.718717
v -3.133642 2.672465 0.718200
v -3.133514 2.672465 0.717674
v -3.132834 2.672488 0.719056
v -3.132652 2.672488 0.718474
v -3.132508 2.672488 0.717883
v -3.131508 2.672682 0.719518
v -3.131298 2.672682 0.718849
v -3.131133 2.672682 0.718168
v -3.131236 2.672896 0.719613
v -3.131021 2.672896 0.718926
v -3.130851 2.672896 0.718227
v -3.131132 2.673243 0.719649
v -3.130915 2.673243 0.718955
v -3.130743 2.673243 0.718249
v -3.130567 2.677414 0.716808
v -3.130537 2.677414 0.716084
v -3.130554 2.677414 0.715359
v -3.130673 2.677780 0.716801
v -3.130643 2.677780 0.716083
v -3.130660 2.677780 0.715365
v -3.130953 2.678012 0.716780
v -3.130924 2.678012 0.716081
v -3.130940 2.678012 0.715381
v -3.132342 2.678232 0.716677
v -3.132316 2.678232 0.716069
v -3.132330 2.678232 0.715460
v -3.133364 2.678261 0.716602
v -3.133342 2.678261 0.716060
v -3.133354 2.678261 0.715519
v -3.134386 2.678240 0.716527
v -3.134367 2.678240 0.716053
v -3.134378 2.678240 0.715578
v -3.135774 2.678053 0.716431
v -3.135757 2.678053 0.716047
v -3.135767 2.678053 0.715663
v -3.136051 2.677841 0.716415
v -3.136036 2.677841 0.716049
v -3.136044 2.677841 0.715682
v -3.136153 2.677492 0.716411
v -3.136138 2.677492 0.716052
v -3.136147 2.677492 0.715692
v -3.136153 2.673249 0.716398
v -3.136138 2.673249 0.716039
v -3.136147 2.673249 0.715680
v -3.136051 2.672896 0.716404
v -3.136036 2.672896 0.716039
v -3.136044 2.672896 0.715673
v -3.135773 2.672681 0.716424
v -3.135757 2.672681 0.716040
v -3.135767 2.672681 0.715656
v -3.134386 2.672488 0.716526
v -3.134366 2.672488 0.716051
v -3.134377 2.672488 0.715577
v -3.133363 2.672465 0.716601
v -3.133340 2.672465 0.716060
v -3.133353 2.672465 0.715518
v -3.132338 2.672488 0.716677
v -3.132313 2.672488 0.716069
v -3.132327 2.672488 0.715460
v -3.130937 2.672682 0.716781
v -3.130908 2.672682 0.716081
v -3.130924 2.672682 0.715380
v -3.130650 2.672896 0.716802
v -3.130620 2.672896 0.716083
v -3.130637 2.672896 0.715364
v -3.130540 2.673243 0.716810
v -3.130510 2.673243 0.716084
v -3.130527 2.673243 0.715357
v -3.130730 2.677414 0.713920
v -3.130888 2.677414 0.713213
v -3.131092 2.677414 0.712517
v -3.130834 2.677780 0.713940
v -3.130991 2.677780 0.713239
v -3.131193 2.677780 0.712550
v -3.131110 2.678012 0.713992
v -3.131263 2.678012 0.713309
v -3.131459 2.678012 0.712638
v -3.132478 2.678232 0.714252
v -3.132611 2.678232 0.713658
v -3.132782 2.678232 0.713074
v -3.133486 2.678261 0.714444
v -3.133604 2.678261 0.713915
v -3.133756 2.678261 0.713395
v -3.134493 2.678240 0.714636
v -3.134597 2.678240 0.714173
v -3.134730 2.678240 0.713717
v -3.135860 2.678053 0.714900
v -3.135944 2.678053 0.714525
v -3.136052 2.678053 0.714156
v -3.136133 2.677841 0.714955
v -3.136213 2.677841 0.714597
v -3.136317 2.677841 0.714246
v -3.136234 2.677492 0.714977
v -3.136313 2.677492 0.714625
v -3.136414 2.677492 0.714280
v -3.136234 2.673249 0.714968
v -3.136312 2.673249 0.714617
v -3.136413 2.673249 0.714273
v -3.136133 2.672896 0.714947
v -3.136213 2.672896 0.714590
v -3.136316 2.672896 0.714240
v -3.135860 2.672681 0.714895
v -3.135943 2.672681 0.714520
v -3.136051 2.672681 0.714152
v -3.134493 2.672488 0.714635
v -3.134596 2.672488 0.714172
v -3.134730 2.672488 0.713716
v -3.133485 2.672465 0.714443
v -3.133603 2.672465 0.713915
v -3.133755 2.672465 0.713395
v -3.132475 2.672488 0.714252
v -3.132608 2.672488 0.713657
v -3.132779 2.672488 0.713073
v -3.131094 2.672682 0.713989
v -3.131248 2.672682 0.713306
v -3.131445 2.672682 0.712633
v -3.130812 2.672896 0.713936
v -3.130969 2.672896 0.713234
v -3.131171 2.672896 0.712543
v -3.130703 2.673243 0.713915
v -3.130862 2.673243 0.713206
v -3.131067 2.673243 0.712508
v -3.131635 2.677414 0.711173
v -3.131971 2.677414 0.710530
v -3.132348 2.677414 0.709911
v -3.131730 2.677780 0.711219
v -3.132063 2.677780 0.710582
v -3.132437 2.677780 0.709969
v -3.131983 2.678012 0.711341
v -3.132307 2.678012 0.710720
v -3.132671 2.678012 0.710123
v -3.133238 2.678232 0.711946
v -3.133520 2.678232 0.711406
v -3.133837 2.678232 0.710886
v -3.134162 2.678261 0.712391
v -3.134413 2.678261 0.711911
v -3.134695 2.678261 0.711448
v -3.135085 2.678240 0.712837
v -3.135305 2.678240 0.712416
v -3.135552 2.678240 0.712010
v -3.136339 2.678053 0.713443
v -3.136518 2.678053 0.713103
v -3.136718 2.678053 0.712775
v -3.136591 2.677841 0.713566
v -3.136761 2.677841 0.713241
v -3.136951 2.677841 0.712928
v -3.136683 2.677492 0.713612
v -3.136850 2.677492 0.713293
v -3.137038 2.677492 0.712985
v -3.136682 2.673249 0.713607
v -3.136848 2.673249 0.713289
v -3.137035 2.673249 0.712982
v -3.136589 2.672896 0.713562
v -3.136759 2.672896 0.713238
v -3.136949 2.672896 0.712925
v -3.136338 2.672681 0.713440
v -3.136516 2.672681 0.713100
v -3.136716 2.672681 0.712773
v -3.135085 2.672488 0.712836
v -3.135305 2.672488 0.712415
v -3.135552 2.672488 0.712010
v -3.134161 2.672465 0.712390
v -3.134412 2.672465 0.711910
v -3.134694 2.672465 0.711447
v -3.133235 2.672488 0.711944
v -3.133517 2.672488 0.711404
v -3.133834 2.672488 0.710884
v -3.131969 2.672682 0.711334
v -3.132294 2.672682 0.710713
v -3.132658 2.672682 0.710114
v -3.131710 2.672896 0.711209
v -3.132043 2.672896 0.710571
v -3.132418 2.672896 0.709957
v -3.131610 2.673243 0.711161
v -3.131947 2.673243 0.710517
v -3.132325 2.673243 0.709896
v -3.133220 2.677414 0.708753
v -3.133711 2.677414 0.708219
v -3.134235 2.677414 0.707719
v -3.133300 2.677780 0.708822
v -3.133786 2.677780 0.708294
v -3.134306 2.677780 0.707798
v -3.133513 2.678012 0.709005
v -3.133986 2.678012 0.708490
v -3.134493 2.678012 0.708007
v -3.134568 2.678232 0.709914
v -3.134981 2.678232 0.709466
v -3.135421 2.678232 0.709046
v -3.135346 2.678261 0.710583
v -3.135713 2.678261 0.710184
v -3.136105 2.678261 0.709810
v -3.136123 2.678240 0.711252
v -3.136445 2.678240 0.710903
v -3.136788 2.678240 0.710575
v -3.137180 2.678053 0.712161
v -3.137440 2.678053 0.711878
v -3.137718 2.678053 0.711612
v -3.137392 2.677841 0.712343
v -3.137640 2.677841 0.712073
v -3.137905 2.677841 0.711820
v -3.137471 2.677492 0.712410
v -3.137715 2.677492 0.712145
v -3.137975 2.677492 0.711896
v -3.137467 2.673249 0.712408
v -3.137710 2.673249 0.712144
v -3.137970 2.673249 0.711896
v -3.137389 2.672896 0.712341
v -3.137636 2.672896 0.712072
v -3.137901 2.672896 0.711820
v -3.137177 2.672681 0.712160
v -3.137437 2.672681 0.711877
v -3.137715 2.672681 0.711612
v -3.136123 2.672488 0.711252
v -3.136444 2.672488 0.710902
v -3.136788 2.672488 0.710575
v -3.135345 2.672465 0.710582
v -3.135712 2.672465 0.710184
v -3.136104 2.672465 0.709809
v -3.134566 2.672488 0.709912
v -3.134978 2.672488 0.709463
v -3.135419 2.672488 0.709043
v -3.133501 2.672682 0.708995
v -3.133975 2.672682 0.708479
v -3.134482 2.672682 0.707995
v -3.133283 2.672896 0.708807
v -3.133770 2.672896 0.708278
v -3.134291 2.672896 0.707781
v -3.133199 2.673243 0.708735
v -3.133691 2.673243 0.708200
v -3.134217 2.673243 0.707699
v -3.135377 2.677414 0.706826
v -3.135989 2.677414 0.706437
v -3.136626 2.677414 0.706090
v -3.135437 2.677780 0.706914
v -3.136043 2.677780 0.706529
v -3.136673 2.677780 0.706184
v -3.135595 2.678012 0.707145
v -3.136186 2.678012 0.706770
v -3.136800 2.678012 0.706435
v -3.136380 2.678232 0.708296
v -3.136894 2.678232 0.707970
v -3.137428 2.678232 0.707678
v -3.136958 2.678261 0.709143
v -3.137415 2.678261 0.708853
v -3.137891 2.678261 0.708593
v -3.137536 2.678240 0.709990
v -3.137937 2.678240 0.709736
v -3.138354 2.678240 0.709508
v -3.138324 2.678053 0.711139
v -3.138648 2.678053 0.710933
v -3.138985 2.678053 0.710749
v -3.138483 2.677841 0.711368
v -3.138792 2.677841 0.711172
v -3.139114 2.677841 0.710996
v -3.138542 2.677492 0.711453
v -3.138847 2.677492 0.711260
v -3.139163 2.677492 0.711087
v -3.138535 2.673249 0.711454
v -3.138839 2.673249 0.711262
v -3.139154 2.673249 0.711089
v -3.138477 2.672896 0.711369
v -3.138785 2.672896 0.711173
v -3.139106 2.672896 0.710998
v -3.138319 2.672681 0.711140
v -3.138644 2.672681 0.710934
v -3.138980 2.672681 0.710750
v -3.137535 2.672488 0.709990
v -3.137936 2.672488 0.709736
v -3.138352 2.672488 0.709508
v -3.136957 2.672465 0.709142
v -3.137414 2.672465 0.708852
v -3.137890 2.672465 0.708592
v -3.136378 2.672488 0.708293
v -3.136892 2.672488 0.707967
v -3.137426 2.672488 0.707675
v -3.135586 2.672682 0.707132
v -3.136178 2.672682 0.706757
v -3.136793 2.672682 0.706421
v -3.135424 2.672896 0.706895
v -3.136032 2.672896 0.706509
v -3.136663 2.672896 0.706164
v -3.135362 2.673243 0.706804
v -3.135976 2.673243 0.706414
v -3.136613 2.673243 0.706065
v -3.137959 2.677414 0.705523
v -3.138652 2.677414 0.705306
v -3.139356 2.677414 0.705135
v -3.137995 2.677780 0.705623
v -3.138680 2.677780 0.705408
v -3.139378 2.677780 0.705239
v -3.138087 2.678012 0.705887
v -3.138755 2.678012 0.705678
v -3.139435 2.678012 0.705513
v -3.138548 2.678232 0.707202
v -3.139129 2.678232 0.707020
v -3.139720 2.678232 0.706876
v -3.138887 2.678261 0.708170
v -3.139404 2.678261 0.708008
v -3.139931 2.678261 0.707880
v -3.139227 2.678240 0.709137
v -3.139680 2.678240 0.708995
v -3.140142 2.678240 0.708883
v -3.139693 2.678053 0.710448
v -3.140059 2.678053 0.710333
v -3.140433 2.678053 0.710242
v -3.139788 2.677841 0.710710
v -3.140138 2.677841 0.710600
v -3.140494 2.677841 0.710514
v -3.139825 2.677492 0.710806
v -3.140169 2.677492 0.710698
v -3.140519 2.677492 0.710613
v -3.139814 2.673249 0.710809
v -3.140157 2.673249 0.710701
v -3.140506 2.673249 0.710616
v -3.139779 2.672896 0.710712
v -3.140128 2.672896 0.710603
v -3.140483 2.672896 0.710517
v -3.139686 2.672681 0.710450
v -3.140053 2.672681 0.710335
v -3.140426 2.672681 0.710244
v -3.139226 2.672488 0.709137
v -3.139679 2.672488 0.708995
v -3.140140 2.672488 0.708883
v -3.138886 2.672465 0.708169
v -3.139404 2.672465 0.708007
v -3.139930 2.672465 0.707879
v -3.138547 2.672488 0.707199
v -3.139128 2.672488 0.707017
v -3.139720 2.672488 0.706873
v -3.138082 2.672682 0.705873
v -3.138751 2.672682 0.705663
v -3.139432 2.672682 0.705498
v -3.137987 2.672896 0.705601
v -3.138674 2.672896 0.705386
v -3.139373 2.672896 0.705216
v -3.137951 2.673243 0.705497
v -3.138644 2.673243 0.705280
v -3.139351 2.673243 0.705108
v -3.140791 2.677414 0.704932
v -3.141516 2.677414 0.704902
v -3.142241 2.677414 0.704919
v -3.140799 2.677780 0.705038
v -3.141517 2.677780 0.705008
v -3.142235 2.677780 0.705025
v -3.140821 2.678012 0.705318
v -3.141520 2.678012 0.705289
v -3.142219 2.678012 0.705305
v -3.140925 2.678232 0.706706
v -3.141534 2.678232 0.706681
v -3.142142 2.678232 0.706695
v -3.141003 2.678261 0.707729
v -3.141544 2.678261 0.707706
v -3.142086 2.678261 0.707719
v -3.141082 2.678240 0.708750
v -3.141556 2.678240 0.708730
v -3.142031 2.678240 0.708741
v -3.141194 2.678053 0.710135
v -3.141578 2.678053 0.710119
v -3.141962 2.678053 0.710128
v -3.141220 2.677841 0.710411
v -3.141586 2.677841 0.710396
v -3.141953 2.677841 0.710405
v -3.141232 2.677492 0.710512
v -3.141592 2.677492 0.710497
v -3.141952 2.677492 0.710506
v -3.141217 2.673249 0.710516
v -3.141576 2.673249 0.710501
v -3.141935 2.673249 0.710510
v -3.141207 2.672896 0.710414
v -3.141573 2.672896 0.710399
v -3.141938 2.672896 0.710408
v -3.141185 2.672681 0.710137
v -3.141569 2.672681 0.710121
v -3.141953 2.672681 0.710130
v -3.141080 2.672488 0.708751
v -3.141554 2.672488 0.708731
v -3.142029 2.672488 0.708742
v -3.141002 2.672465 0.707728
v -3.141544 2.672465 0.707705
v -3.142085 2.672465 0.707718
v -3.140925 2.672488 0.706703
v -3.141533 2.672488 0.706677
v -3.142142 2.672488 0.706692
v -3.140819 2.672682 0.705302
v -3.141520 2.672682 0.705273
v -3.142220 2.672682 0.705289
v -3.140798 2.672896 0.705015
v -3.141517 2.672896 0.704985
v -3.142236 2.672896 0.705002
v -3.140789 2.673243 0.704905
v -3.141515 2.673243 0.704875
v -3.142242 2.673243 0.704892
v -3.143679 2.677414 0.705095
v -3.144387 2.677414 0.705253
v -3.145083 2.677414 0.705458
v -3.143660 2.677780 0.705199
v -3.144361 2.677780 0.705356
v -3.145050 2.677780 0.705558
v -3.143608 2.678012 0.705475
v -3.144291 2.678012 0.705628
v -3.144962 2.678012 0.705825
v -3.143350 2.678232 0.706843
v -3.143944 2.678232 0.706976
v -3.144528 2.678232 0.707147
v -3.143161 2.678261 0.707850
v -3.143690 2.678261 0.707968
v -3.144210 2.678261 0.708121
v -3.142973 2.678240 0.708857
v -3.143436 2.678240 0.708960
v -3.143892 2.678240 0.709094
v -3.142725 2.678053 0.710221
v -3.143100 2.678053 0.710305
v -3.143469 2.678053 0.710414
v -3.142680 2.677841 0.710494
v -3.143038 2.677841 0.710573
v -3.143390 2.677841 0.710677
v -3.142667 2.677492 0.710593
v -3.143018 2.677492 0.710672
v -3.143364 2.677492 0.710773
v -3.142647 2.673249 0.710597
v -3.142998 2.673249 0.710675
v -3.143342 2.673249 0.710776
v -3.142664 2.672896 0.710497
v -3.143021 2.672896 0.710576
v -3.143372 2.672896 0.710679
v -3.142714 2.672681 0.710224
v -3.143089 2.672681 0.710307
v -3.143457 2.672681 0.710415
v -3.142971 2.672488 0.708857
v -3.143434 2.672488 0.708961
v -3.143889 2.672488 0.709094
v -3.143160 2.672465 0.707849
v -3.143689 2.672465 0.707967
v -3.144209 2.672465 0.708120
v -3.143351 2.672488 0.706840
v -3.143945 2.672488 0.706973
v -3.144529 2.672488 0.707144
v -3.143611 2.672682 0.705460
v -3.144295 2.672682 0.705612
v -3.144967 2.672682 0.705810
v -3.143664 2.672896 0.705177
v -3.144367 2.672896 0.705334
v -3.145057 2.672896 0.705537
v -3.143684 2.673243 0.705069
v -3.144394 2.673243 0.705227
v -3.145091 2.673243 0.705432
v -3.146427 2.677414 0.706000
v -3.147070 2.677414 0.706336
v -3.147689 2.677414 0.706713
v -3.146381 2.677780 0.706096
v -3.147017 2.677780 0.706428
v -3.147631 2.677780 0.706802
v -3.146260 2.678012 0.706348
v -3.146880 2.678012 0.706672
v -3.147478 2.678012 0.707036
v -3.145657 2.678232 0.707603
v -3.146196 2.678232 0.707885
v -3.146716 2.678232 0.708201
v -3.145214 2.678261 0.708526
v -3.145694 2.678261 0.708777
v -3.146157 2.678261 0.709059
v -3.144772 2.678240 0.709449
v -3.145193 2.678240 0.709669
v -3.145599 2.678240 0.709916
v -3.144182 2.678053 0.710701
v -3.144522 2.678053 0.710879
v -3.144851 2.678053 0.711079
v -3.144069 2.677841 0.710951
v -3.144394 2.677841 0.711121
v -3.144707 2.677841 0.711311
v -3.144031 2.677492 0.711043
v -3.144351 2.677492 0.711209
v -3.144658 2.677492 0.711397
v -3.144008 2.673249 0.711045
v -3.144326 2.673249 0.711211
v -3.144633 2.673249 0.711398
v -3.144050 2.672896 0.710953
v -3.144374 2.672896 0.711122
v -3.144686 2.672896 0.711313
v -3.144168 2.672681 0.710702
v -3.144509 2.672681 0.710880
v -3.144836 2.672681 0.711080
v -3.144769 2.672488 0.709449
v -3.145190 2.672488 0.709669
v -3.145596 2.672488 0.709916
v -3.145213 2.672465 0.708525
v -3.145694 2.672465 0.708776
v -3.146156 2.672465 0.709058
v -3.145658 2.672488 0.707599
v -3.146198 2.672488 0.707882
v -3.146718 2.672488 0.708198
v -3.146266 2.672682 0.706334
v -3.146888 2.672682 0.706659
v -3.147486 2.672682 0.707023
v -3.146391 2.672896 0.706075
v -3.147029 2.672896 0.706408
v -3.147643 2.672896 0.706783
v -3.146439 2.673243 0.705976
v -3.147083 2.673243 0.706312
v -3.147704 2.673243 0.706690
v -3.148847 2.677414 0.707585
v -3.149380 2.677414 0.708076
v -3.149881 2.677414 0.708600
v -3.148778 2.677780 0.707665
v -3.149306 2.677780 0.708152
v -3.149802 2.677780 0.708671
v -3.148595 2.678012 0.707878
v -3.149110 2.678012 0.708352
v -3.149593 2.678012 0.708858
v -3.147688 2.678232 0.708933
v -3.148136 2.678232 0.709345
v -3.148557 2.678232 0.709786
v -3.147022 2.678261 0.709710
v -3.147420 2.678261 0.710077
v -3.147794 2.678261 0.710469
v -3.146357 2.678240 0.710487
v -3.146706 2.678240 0.710809
v -3.147034 2.678240 0.711152
v -3.145465 2.678053 0.711541
v -3.145747 2.678053 0.711802
v -3.146013 2.678053 0.712080
v -3.145293 2.677841 0.711752
v -3.145562 2.677841 0.712000
v -3.145815 2.677841 0.712266
v -3.145233 2.677492 0.711830
v -3.145499 2.677492 0.712074
v -3.145747 2.677492 0.712334
v -3.145207 2.673249 0.711830
v -3.145471 2.673249 0.712073
v -3.145719 2.673249 0.712333
v -3.145270 2.672896 0.711752
v -3.145539 2.672896 0.712000
v -3.145792 2.672896 0.712264
v -3.145449 2.672681 0.711541
v -3.145732 2.672681 0.711801
v -3.145997 2.672681 0.712079
v -3.146353 2.672488 0.710487
v -3.146703 2.672488 0.710808
v -3.147031 2.672488 0.711152
v -3.147021 2.672465 0.709710
v -3.147420 2.672465 0.710076
v -3.147794 2.672465 0.710468
v -3.147691 2.672488 0.708931
v -3.148139 2.672488 0.709343
v -3.148559 2.672488 0.709784
v -3.148605 2.672682 0.707866
v -3.149121 2.672682 0.708340
v -3.149605 2.672682 0.708847
v -3.148793 2.672896 0.707648
v -3.149322 2.672896 0.708135
v -3.149819 2.672896 0.708656
v -3.148865 2.673243 0.707564
v -3.149400 2.673243 0.708056
v -3.149901 2.673243 0.708582
v -3.150774 2.677414 0.709742
v -3.151162 2.677414 0.710354
v -3.151510 2.677414 0.710991
v -3.150686 2.677780 0.709802
v -3.151071 2.677780 0.710408
v -3.151416 2.677780 0.711039
v -3.150455 2.678012 0.709960
v -3.150830 2.678012 0.710551
v -3.151166 2.678012 0.711165
v -3.149306 2.678232 0.710744
v -3.149632 2.678232 0.711258
v -3.149924 2.678232 0.711793
v -3.148462 2.678261 0.711322
v -3.148752 2.678261 0.711780
v -3.149012 2.678261 0.712255
v -3.147619 2.678240 0.711900
v -3.147873 2.678240 0.712301
v -3.148101 2.678240 0.712718
v -3.146486 2.678053 0.712685
v -3.146692 2.678053 0.713010
v -3.146877 2.678053 0.713347
v -3.146267 2.677841 0.712843
v -3.146463 2.677841 0.713152
v -3.146639 2.677841 0.713474
v -3.146191 2.677492 0.712901
v -3.146384 2.677492 0.713206
v -3.146556 2.677492 0.713522
v -3.146161 2.673249 0.712898
v -3.146353 2.673249 0.713202
v -3.146526 2.673249 0.713517
v -3.146242 2.672896 0.712840
v -3.146438 2.672896 0.713149
v -3.146613 2.672896 0.713470
v -3.146469 2.672681 0.712683
v -3.146675 2.672681 0.713007
v -3.146859 2.672681 0.713344
v -3.147615 2.672488 0.711899
v -3.147870 2.672488 0.712300
v -3.148097 2.672488 0.712717
v -3.148461 2.672465 0.711321
v -3.148751 2.672465 0.711779
v -3.149011 2.672465 0.712254
v -3.149309 2.672488 0.710742
v -3.149635 2.672488 0.711257
v -3.149927 2.672488 0.711791
v -3.150468 2.672682 0.709951
v -3.150843 2.672682 0.710543
v -3.151180 2.672682 0.711158
v -3.150705 2.672896 0.709789
v -3.151091 2.672896 0.710397
v -3.151436 2.672896 0.711028
v -3.150796 2.673243 0.709727
v -3.151186 2.673243 0.710341
v -3.151534 2.673243 0.710979
v -3.152077 2.677414 0.712325
v -3.152294 2.677414 0.713017
v -3.152465 2.677414 0.713721
v -3.151977 2.677780 0.712360
v -3.152192 2.677780 0.713045
v -3.152361 2.677780 0.713743
v -3.151713 2.678012 0.712452
v -3.151922 2.678012 0.713120
v -3.152087 2.678012 0.713800
v -3.150400 2.678232 0.712913
v -3.150582 2.678232 0.713494
v -3.150726 2.678232 0.714085
v -3.149435 2.678261 0.713252
v -3.149597 2.678261 0.713769
v -3.149725 2.678261 0.714295
v -3.148472 2.678240 0.713591
v -3.148614 2.678240 0.714044
v -3.148726 2.678240 0.714506
v -3.147177 2.678053 0.714054
v -3.147292 2.678053 0.714421
v -3.147383 2.678053 0.714795
v -3.146925 2.677841 0.714148
v -3.147035 2.677841 0.714498
v -3.147122 2.677841 0.714855
v -3.146838 2.677492 0.714184
v -3.146945 2.677492 0.714528
v -3.147031 2.677492 0.714878
v -3.146806 2.673249 0.714177
v -3.146914 2.673249 0.714520
v -3.146999 2.673249 0.714869
v -3.146899 2.672896 0.714143
v -3.147008 2.672896 0.714492
v -3.147095 2.672896 0.714847
v -3.147159 2.672681 0.714050
v -3.147274 2.672681 0.714417
v -3.147364 2.672681 0.714789
v -3.148468 2.672488 0.713590
v -3.148610 2.672488 0.714043
v -3.148722 2.672488 0.714504
v -3.149435 2.672465 0.713251
v -3.149597 2.672465 0.713768
v -3.149725 2.672465 0.714295
v -3.150403 2.672488 0.712911
v -3.150586 2.672488 0.713493
v -3.150729 2.672488 0.714084
v -3.151727 2.672682 0.712447
v -3.151937 2.672682 0.713116
v -3.152102 2.672682 0.713797
v -3.151999 2.672896 0.712352
v -3.152214 2.672896 0.713039
v -3.152384 2.672896 0.713738
v -3.152102 2.673243 0.712316
v -3.152320 2.673243 0.713009
v -3.152492 2.673243 0.713716
v -3.152667 2.677414 0.715156
v -3.152698 2.677414 0.715881
v -3.152681 2.677414 0.716606
v -3.152562 2.677780 0.715164
v -3.152592 2.677780 0.715882
v -3.152575 2.677780 0.716600
v -3.152282 2.678012 0.715186
v -3.152312 2.678012 0.715885
v -3.152295 2.678012 0.716584
v -3.150896 2.678232 0.715290
v -3.150921 2.678232 0.715898
v -3.150907 2.678232 0.716507
v -3.149876 2.678261 0.715367
v -3.149899 2.678261 0.715909
v -3.149886 2.678261 0.716450
v -3.148859 2.678240 0.715446
v -3.148879 2.678240 0.715920
v -3.148868 2.678240 0.716395
v -3.147490 2.678053 0.715555
v -3.147506 2.678053 0.715940
v -3.147497 2.678053 0.716324
v -3.147224 2.677841 0.715580
v -3.147239 2.677841 0.715946
v -3.147231 2.677841 0.716313
v -3.147131 2.677492 0.715591
v -3.147146 2.677492 0.715951
v -3.147138 2.677492 0.716311
v -3.147099 2.673249 0.715580
v -3.147114 2.673249 0.715939
v -3.147105 2.673249 0.716298
v -3.147197 2.672896 0.715571
v -3.147212 2.672896 0.715936
v -3.147203 2.672896 0.716302
v -3.147471 2.672681 0.715549
v -3.147487 2.672681 0.715933
v -3.147479 2.672681 0.716316
v -3.148855 2.672488 0.715444
v -3.148875 2.672488 0.715918
v -3.148864 2.672488 0.716393
v -3.149876 2.672465 0.715367
v -3.149899 2.672465 0.715908
v -3.149886 2.672465 0.716450
v -3.150899 2.672488 0.715290
v -3.150925 2.672488 0.715898
v -3.150910 2.672488 0.716507
v -3.152298 2.672682 0.715184
v -3.152327 2.672682 0.715885
v -3.152311 2.672682 0.716585
v -3.152584 2.672896 0.715163
v -3.152615 2.672896 0.715882
v -3.152598 2.672896 0.716601
v -3.152694 2.673243 0.715154
v -3.152725 2.673243 0.715881
v -3.152708 2.673243 0.716607
v -3.152504 2.677414 0.718045
v -3.152346 2.677414 0.718752
v -3.152142 2.677414 0.719448
v -3.152400 2.677780 0.718025
v -3.152244 2.677780 0.718726
v -3.152041 2.677780 0.719415
v -3.152125 2.678012 0.717973
v -3.151973 2.678012 0.718656
v -3.151776 2.678012 0.719328
v -3.150759 2.678232 0.717715
v -3.150626 2.678232 0.718309
v -3.150455 2.678232 0.718893
v -3.149755 2.678261 0.717525
v -3.149636 2.678261 0.718054
v -3.149484 2.678261 0.718574
v -3.148752 2.678240 0.717337
v -3.148649 2.678240 0.717800
v -3.148515 2.678240 0.718256
v -3.147404 2.678053 0.717087
v -3.147319 2.678053 0.717461
v -3.147210 2.678053 0.717830
v -3.147142 2.677841 0.717040
v -3.147061 2.677841 0.717397
v -3.146956 2.677841 0.717748
v -3.147050 2.677492 0.717025
v -3.146971 2.677492 0.717376
v -3.146867 2.677492 0.717720
v -3.147018 2.673249 0.717010
v -3.146940 2.673249 0.717361
v -3.146838 2.673249 0.717705
v -3.147115 2.672896 0.717027
v -3.147035 2.672896 0.717384
v -3.146932 2.672896 0.717735
v -3.147385 2.672681 0.717078
v -3.147301 2.672681 0.717452
v -3.147193 2.672681 0.717821
v -3.148748 2.672488 0.717335
v -3.148645 2.672488 0.717798
v -3.148511 2.672488 0.718254
v -3.149755 2.672465 0.717525
v -3.149636 2.672465 0.718054
v -3.149484 2.672465 0.718574
v -3.150763 2.672488 0.717715
v -3.150630 2.672488 0.718310
v -3.150458 2.672488 0.718894
v -3.152141 2.672682 0.717976
v -3.151988 2.672682 0.718660
v -3.151791 2.672682 0.719332
v -3.152423 2.672896 0.718029
v -3.152266 2.672896 0.718732
v -3.152063 2.672896 0.719422
v -3.152531 2.673243 0.718050
v -3.152373 2.673243 0.718759
v -3.152168 2.673243 0.719456
v -3.151600 2.677414 0.720792
v -3.151264 2.677414 0.721435
v -3.150887 2.677414 0.722054
v -3.151504 2.677780 0.720746
v -3.151172 2.677780 0.721383
v -3.150798 2.677780 0.721996
v -3.151252 2.678012 0.720625
v -3.150928 2.678012 0.721245
v -3.150564 2.678012 0.721843
v -3.150000 2.678232 0.720022
v -3.149718 2.678232 0.720561
v -3.149401 2.678232 0.721081
v -3.149078 2.678261 0.719578
v -3.148827 2.678261 0.720058
v -3.148545 2.678261 0.720520
v -3.148158 2.678240 0.719135
v -3.147938 2.678240 0.719555
v -3.147690 2.678240 0.719960
v -3.146917 2.678053 0.718538
v -3.146736 2.678053 0.718876
v -3.146533 2.678053 0.719202
v -3.146674 2.677841 0.718422
v -3.146499 2.677841 0.718742
v -3.146304 2.677841 0.719052
v -3.146588 2.677492 0.718380
v -3.146414 2.677492 0.718694
v -3.146221 2.677492 0.718998
v -3.146567 2.673249 0.718369
v -3.146399 2.673249 0.718686
v -3.146211 2.673249 0.718992
v -3.146657 2.672896 0.718412
v -3.146487 2.672896 0.718735
v -3.146296 2.672896 0.719047
v -3.146906 2.672681 0.718532
v -3.146728 2.672681 0.718871
v -3.146528 2.672681 0.719199
v -3.148156 2.672488 0.719134
v -3.147936 2.672488 0.719554
v -3.147689 2.672488 0.719960
v -3.149078 2.672465 0.719578
v -3.148827 2.672465 0.720058
v -3.148546 2.672465 0.720521
v -3.150003 2.672488 0.720023
v -3.149720 2.672488 0.720563
v -3.149404 2.672488 0.721083
v -3.151266 2.672682 0.720632
v -3.150942 2.672682 0.721253
v -3.150577 2.672682 0.721851
v -3.151525 2.672896 0.720756
v -3.151191 2.672896 0.721394
v -3.150817 2.672896 0.722008
v -3.151624 2.673243 0.720804
v -3.151287 2.673243 0.721448
v -3.150909 2.673243 0.722069
v -3.151639 2.674484 0.720811
v -3.151302 2.674484 0.721456
v -3.150923 2.674484 0.722078
v -3.151633 2.675314 0.720808
v -3.151296 2.675314 0.721453
v -3.150918 2.675314 0.722074
v -3.151625 2.676147 0.720805
v -3.151289 2.676147 0.721449
v -3.150910 2.676147 0.722070
v -3.152547 2.674484 0.718053
v -3.152388 2.674484 0.718763
v -3.152183 2.674484 0.719462
v -3.152541 2.675314 0.718051
v -3.152382 2.675314 0.718761
v -3.152177 2.675314 0.719460
v -3.152533 2.676147 0.718050
v -3.152374 2.676147 0.718759
v -3.152169 2.676147 0.719457
v -3.152710 2.674484 0.715153
v -3.152741 2.674484 0.715881
v -3.152724 2.674484 0.716608
v -3.152704 2.675314 0.715154
v -3.152735 2.675314 0.715881
v -3.152717 2.675314 0.716608
v -3.152696 2.676147 0.715154
v -3.152726 2.676147 0.715881
v -3.152709 2.676147 0.716608
v -3.152118 2.674484 0.712310
v -3.152335 2.674484 0.713005
v -3.152507 2.674484 0.713712
v -3.152112 2.675314 0.712313
v -3.152329 2.675314 0.713007
v -3.152501 2.675314 0.713714
v -3.152104 2.676147 0.712315
v -3.152321 2.676147 0.713009
v -3.152493 2.676147 0.713715
v -3.150810 2.674484 0.709718
v -3.151200 2.674484 0.710332
v -3.151549 2.674484 0.710971
v -3.150804 2.675314 0.709721
v -3.151194 2.675314 0.710336
v -3.151543 2.675314 0.710974
v -3.150797 2.676147 0.709726
v -3.151187 2.676147 0.710340
v -3.151536 2.676147 0.710978
v -3.148875 2.674484 0.707552
v -3.149411 2.674484 0.708045
v -3.149913 2.674484 0.708572
v -3.148871 2.675314 0.707557
v -3.149406 2.675314 0.708049
v -3.149909 2.675314 0.708576
v -3.148865 2.676147 0.707563
v -3.149400 2.676147 0.708055
v -3.149902 2.676147 0.708581
v -3.146446 2.674484 0.705961
v -3.147091 2.674484 0.706298
v -3.147713 2.674484 0.706677
v -3.146443 2.675314 0.705967
v -3.147088 2.675314 0.706304
v -3.147709 2.675314 0.706682
v -3.146439 2.676147 0.705974
v -3.147084 2.676147 0.706311
v -3.147704 2.676147 0.706689
v -3.143687 2.674484 0.705053
v -3.144398 2.674484 0.705212
v -3.145097 2.674484 0.705416
v -3.143686 2.675314 0.705059
v -3.144396 2.675314 0.705218
v -3.145094 2.675314 0.705422
v -3.143685 2.676147 0.705067
v -3.144394 2.676147 0.705226
v -3.145092 2.676147 0.705430
v -3.140788 2.674484 0.704889
v -3.141515 2.674484 0.704859
v -3.142243 2.674484 0.704876
v -3.140789 2.675314 0.704896
v -3.141515 2.675314 0.704865
v -3.142243 2.675314 0.704882
v -3.140789 2.676147 0.704904
v -3.141515 2.676147 0.704874
v -3.142242 2.676147 0.704891
v -3.137945 2.674484 0.705482
v -3.138640 2.674484 0.705264
v -3.139347 2.674484 0.705092
v -3.137947 2.675314 0.705488
v -3.138642 2.675314 0.705270
v -3.139349 2.675314 0.705099
v -3.137950 2.676147 0.705496
v -3.138644 2.676147 0.705279
v -3.139350 2.676147 0.705107
v -3.135353 2.674484 0.706790
v -3.135967 2.674484 0.706400
v -3.136606 2.674484 0.706051
v -3.135356 2.675314 0.706795
v -3.135971 2.675314 0.706406
v -3.136609 2.675314 0.706057
v -3.135361 2.676147 0.706802
v -3.135975 2.676147 0.706413
v -3.136613 2.676147 0.706064
v -3.133187 2.674484 0.708725
v -3.133680 2.674484 0.708189
v -3.134206 2.674484 0.707686
v -3.133192 2.675314 0.708729
v -3.133684 2.675314 0.708193
v -3.134211 2.675314 0.707691
v -3.133198 2.676147 0.708734
v -3.133690 2.676147 0.708199
v -3.134216 2.676147 0.707697
v -3.131596 2.674484 0.711154
v -3.131933 2.674484 0.710509
v -3.132312 2.674484 0.709887
v -3.131602 2.675314 0.711157
v -3.131939 2.675314 0.710512
v -3.132317 2.675314 0.709891
v -3.131609 2.676147 0.711160
v -3.131946 2.676147 0.710516
v -3.132324 2.676147 0.709895
v -3.130687 2.674484 0.713912
v -3.130846 2.674484 0.713202
v -3.131051 2.674484 0.712503
v -3.130694 2.675314 0.713913
v -3.130853 2.675314 0.713203
v -3.131057 2.675314 0.712505
v -3.130702 2.676147 0.713915
v -3.130861 2.676147 0.713206
v -3.131065 2.676147 0.712508
v -3.130524 2.674484 0.716812
v -3.130494 2.674484 0.716084
v -3.130511 2.674484 0.715357
v -3.130531 2.675314 0.716811
v -3.130500 2.675314 0.716084
v -3.130517 2.675314 0.715357
v -3.130539 2.676147 0.716811
v -3.130508 2.676147 0.716084
v -3.130526 2.676147 0.715357
v -3.131117 2.674484 0.719655
v -3.130899 2.674484 0.718960
v -3.130727 2.674484 0.718252
v -3.131123 2.675314 0.719652
v -3.130905 2.675314 0.718958
v -3.130733 2.675314 0.718251
v -3.131131 2.676147 0.719650
v -3.130913 2.676147 0.718956
v -3.130742 2.676147 0.718249
v -3.132425 2.674484 0.722247
v -3.132035 2.674484 0.721632
v -3.131686 2.674484 0.720994
v -3.132430 2.675314 0.722243
v -3.132041 2.675314 0.721629
v -3.131691 2.675314 0.720991
v -3.132437 2.676147 0.722239
v -3.132048 2.676147 0.721625
v -3.131699 2.676147 0.720987
v -3.134360 2.674484 0.724413
v -3.133824 2.674484 0.723920
v -3.133321 2.674484 0.723393
v -3.134364 2.675314 0.724408
v -3.133828 2.675314 0.723915
v -3.133326 2.675314 0.723389
v -3.134369 2.676147 0.724402
v -3.133834 2.676147 0.723909
v -3.133332 2.676147 0.723383
v -3.136789 2.674484 0.726004
v -3.136144 2.674484 0.725667
v -3.135522 2.674484 0.725288
v -3.136791 2.675314 0.725998
v -3.136147 2.675314 0.725661
v -3.135525 2.675314 0.725283
v -3.136795 2.676147 0.725991
v -3.136151 2.676147 0.725654
v -3.135530 2.676147 0.725276
v -3.139547 2.674484 0.726912
v -3.138837 2.674484 0.726753
v -3.138138 2.674484 0.726548
v -3.139548 2.675314 0.726906
v -3.138838 2.675314 0.726747
v -3.138140 2.675314 0.726542
v -3.139550 2.676147 0.726898
v -3.138840 2.676147 0.726739
v -3.138143 2.676147 0.726534
v -3.142447 2.674484 0.727076
v -3.141719 2.674484 0.727106
v -3.140991 2.674484 0.727089
v -3.142446 2.675314 0.727069
v -3.141719 2.675314 0.727100
v -3.140992 2.675314 0.727083
v -3.142445 2.676147 0.727061
v -3.141719 2.676147 0.727091
v -3.140992 2.676147 0.727074
v -3.145289 2.674484 0.726483
v -3.144595 2.674484 0.726701
v -3.143887 2.674484 0.726873
v -3.145287 2.675314 0.726477
v -3.144593 2.675314 0.726694
v -3.143886 2.675314 0.726866
v -3.145284 2.676147 0.726469
v -3.144591 2.676147 0.726686
v -3.143884 2.676147 0.726858
v -3.147882 2.674484 0.725175
v -3.147267 2.674484 0.725565
v -3.146629 2.674484 0.725914
v -3.147878 2.675314 0.725170
v -3.147264 2.675314 0.725559
v -3.146626 2.675314 0.725908
v -3.147874 2.676147 0.725163
v -3.147260 2.676147 0.725552
v -3.146622 2.676147 0.725901
v -3.150048 2.674484 0.723240
v -3.149555 2.674484 0.723776
v -3.149028 2.674484 0.724279
v -3.150043 2.675314 0.723236
v -3.149550 2.675314 0.723772
v -3.149024 2.675314 0.724274
v -3.150036 2.676147 0.723231
v -3.149544 2.676147 0.723766
v -3.149018 2.676147 0.724267
v -3.146575 2.676224 0.718375
v -3.146402 2.676224 0.718687
v -3.146209 2.676224 0.718990
v -3.146570 2.675373 0.718372
v -3.146398 2.675373 0.718686
v -3.146207 2.675373 0.718989
v -3.146564 2.674522 0.718368
v -3.146394 2.674522 0.718683
v -3.146204 2.674522 0.718987
v -3.147037 2.676224 0.717023
v -3.146958 2.676224 0.717373
v -3.146855 2.676224 0.717717
v -3.147030 2.675373 0.717020
v -3.146951 2.675373 0.717370
v -3.146848 2.675373 0.717713
v -3.147020 2.674522 0.717015
v -3.146941 2.674522 0.717365
v -3.146839 2.674522 0.717708
v -3.147118 2.676224 0.715593
v -3.147133 2.676224 0.715952
v -3.147125 2.676224 0.716311
v -3.147110 2.675373 0.715590
v -3.147125 2.675373 0.715949
v -3.147117 2.675373 0.716308
v -3.147100 2.674522 0.715587
v -3.147115 2.674522 0.715945
v -3.147107 2.674522 0.716304
v -3.146826 2.676224 0.714189
v -3.146933 2.676224 0.714532
v -3.147018 2.676224 0.714881
v -3.146818 2.675373 0.714188
v -3.146925 2.675373 0.714530
v -3.147010 2.675373 0.714879
v -3.146808 2.674522 0.714186
v -3.146916 2.674522 0.714528
v -3.147000 2.674522 0.714877
v -3.146180 2.676224 0.712910
v -3.146373 2.676224 0.713213
v -3.146545 2.676224 0.713529
v -3.146173 2.675373 0.712909
v -3.146365 2.675373 0.713212
v -3.146538 2.675373 0.713527
v -3.146164 2.674522 0.712908
v -3.146356 2.674522 0.713211
v -3.146528 2.674522 0.713526
v -3.145225 2.676224 0.711841
v -3.145489 2.676224 0.712084
v -3.145738 2.676224 0.712344
v -3.145219 2.675373 0.711841
v -3.145483 2.675373 0.712084
v -3.145731 2.675373 0.712344
v -3.145211 2.674522 0.711841
v -3.145474 2.674522 0.712084
v -3.145722 2.674522 0.712343
v -3.144026 2.676224 0.711056
v -3.144345 2.676224 0.711222
v -3.144651 2.676224 0.711409
v -3.144021 2.675373 0.711056
v -3.144339 2.675373 0.711223
v -3.144645 2.675373 0.711409
v -3.144013 2.674522 0.711057
v -3.144331 2.674522 0.711223
v -3.144638 2.674522 0.711410
v -3.142665 2.676224 0.710607
v -3.143015 2.676224 0.710686
v -3.143360 2.676224 0.710787
v -3.142660 2.675373 0.710608
v -3.143011 2.675373 0.710687
v -3.143355 2.675373 0.710788
v -3.142654 2.674522 0.710609
v -3.143004 2.674522 0.710688
v -3.143348 2.674522 0.710789
v -3.141234 2.676224 0.710527
v -3.141593 2.676224 0.710512
v -3.141952 2.676224 0.710520
v -3.141230 2.675373 0.710528
v -3.141589 2.675373 0.710513
v -3.141948 2.675373 0.710521
v -3.141226 2.674522 0.710529
v -3.141584 2.674522 0.710514
v -3.141943 2.674522 0.710522
v -3.139831 2.676224 0.710819
v -3.140173 2.676224 0.710712
v -3.140523 2.676224 0.710627
v -3.139828 2.675373 0.710820
v -3.140171 2.675373 0.710713
v -3.140520 2.675373 0.710628
v -3.139825 2.674522 0.710821
v -3.140167 2.674522 0.710714
v -3.140516 2.674522 0.710629
v -3.138551 2.676224 0.711465
v -3.138855 2.676224 0.711272
v -3.139170 2.676224 0.711100
v -3.138549 2.675373 0.711465
v -3.138853 2.675373 0.711273
v -3.139168 2.675373 0.711101
v -3.138547 2.674522 0.711465
v -3.138850 2.674522 0.711273
v -3.139165 2.674522 0.711101
v -3.137482 2.676224 0.712420
v -3.137725 2.676224 0.712155
v -3.137985 2.676224 0.711907
v -3.137481 2.675373 0.712419
v -3.137724 2.675373 0.712155
v -3.137984 2.675373 0.711907
v -3.137480 2.674522 0.712419
v -3.137723 2.674522 0.712155
v -3.137982 2.674522 0.711907
v -3.136697 2.676224 0.713619
v -3.136863 2.676224 0.713300
v -3.137050 2.676224 0.712993
v -3.136696 2.675373 0.713617
v -3.136863 2.675373 0.713299
v -3.137050 2.675373 0.712993
v -3.136696 2.674522 0.713616
v -3.136862 2.674522 0.713298
v -3.137049 2.674522 0.712992
v -3.136249 2.676224 0.714980
v -3.136327 2.676224 0.714629
v -3.136428 2.676224 0.714285
v -3.136249 2.675373 0.714978
v -3.136327 2.675373 0.714627
v -3.136428 2.675373 0.714283
v -3.136248 2.674522 0.714975
v -3.136327 2.674522 0.714625
v -3.136428 2.674522 0.714281
v -3.136168 2.676224 0.716411
v -3.136153 2.676224 0.716052
v -3.136161 2.676224 0.715693
v -3.136168 2.675373 0.716408
v -3.136153 2.675373 0.716049
v -3.136161 2.675373 0.715690
v -3.136168 2.674522 0.716404
v -3.136153 2.674522 0.716045
v -3.136161 2.674522 0.715687
v -3.136460 2.676224 0.717814
v -3.136353 2.676224 0.717471
v -3.136268 2.676224 0.717122
v -3.136460 2.675373 0.717810
v -3.136353 2.675373 0.717467
v -3.136268 2.675373 0.717119
v -3.136460 2.674522 0.717805
v -3.136353 2.674522 0.717462
v -3.136268 2.674522 0.717114
v -3.137106 2.676224 0.719094
v -3.136914 2.676224 0.718790
v -3.136741 2.676224 0.718475
v -3.137105 2.675373 0.719089
v -3.136913 2.675373 0.718786
v -3.136741 2.675373 0.718470
v -3.137105 2.674522 0.719082
v -3.136912 2.674522 0.718779
v -3.136740 2.674522 0.718464
v -3.138061 2.676224 0.720163
v -3.137796 2.676224 0.719919
v -3.137548 2.676224 0.719660
v -3.138060 2.675373 0.720157
v -3.137795 2.675373 0.719914
v -3.137547 2.675373 0.719654
v -3.138058 2.674522 0.720149
v -3.137794 2.674522 0.719907
v -3.137546 2.674522 0.719647
v -3.139260 2.676224 0.720948
v -3.138942 2.676224 0.720782
v -3.138635 2.676224 0.720595
v -3.139258 2.675373 0.720942
v -3.138940 2.675373 0.720775
v -3.138633 2.675373 0.720589
v -3.139255 2.674522 0.720933
v -3.138937 2.674522 0.720767
v -3.138631 2.674522 0.720581
v -3.140621 2.676224 0.721396
v -3.140271 2.676224 0.721318
v -3.139926 2.676224 0.721217
v -3.140618 2.675373 0.721390
v -3.140268 2.675373 0.721311
v -3.139923 2.675373 0.721210
v -3.140614 2.674522 0.721381
v -3.140264 2.674522 0.721303
v -3.139920 2.674522 0.721202
v -3.142052 2.676224 0.721477
v -3.141693 2.676224 0.721492
v -3.141334 2.676224 0.721483
v -3.142048 2.675373 0.721470
v -3.141689 2.675373 0.721485
v -3.141330 2.675373 0.721477
v -3.142043 2.674522 0.721461
v -3.141684 2.674522 0.721476
v -3.141326 2.674522 0.721468
v -3.143455 2.676224 0.721184
v -3.143112 2.676224 0.721292
v -3.142763 2.676224 0.721377
v -3.143450 2.675373 0.721178
v -3.143108 2.675373 0.721285
v -3.142759 2.675373 0.721370
v -3.143444 2.674522 0.721169
v -3.143101 2.674522 0.721277
v -3.142753 2.674522 0.721361
v -3.144732 2.676224 0.720536
v -3.144431 2.676224 0.720731
v -3.144116 2.676224 0.720903
v -3.144727 2.675373 0.720531
v -3.144425 2.675373 0.720724
v -3.144111 2.675373 0.720897
v -3.144719 2.674522 0.720523
v -3.144418 2.674522 0.720717
v -3.144104 2.674522 0.720889
v -3.145777 2.676224 0.719564
v -3.145540 2.676224 0.719833
v -3.145287 2.676224 0.720086
v -3.145775 2.675373 0.719562
v -3.145537 2.675373 0.719830
v -3.145283 2.675373 0.720082
v -3.145773 2.674522 0.719560
v -3.145533 2.674522 0.719826
v -3.145278 2.674522 0.720077
v -3.297118 2.675051 0.507799
v -3.297394 2.675105 0.507923
v -3.297184 2.675128 0.507821
v -3.296938 2.675124 0.507790
v -3.296935 2.675024 0.507791
v -3.296972 2.674933 0.507815
v -3.297205 2.675004 0.507837
v -2.983415 2.675051 0.924469
v -2.983609 2.675105 0.924702
v -2.983475 2.675004 0.924543
v -2.983392 2.674933 0.924321
v -2.983359 2.675024 0.924292
v -2.983359 2.675124 0.924295
v -2.983453 2.675128 0.924527
v -2.994590 2.675097 0.908787
v -2.986902 2.675098 0.919033
v -2.983923 2.675103 0.923082
v -2.994607 2.674964 0.908800
v -2.986918 2.674968 0.919045
v -2.983937 2.674977 0.923092
v -2.994635 2.674834 0.908822
v -2.986947 2.674840 0.919067
v -2.983966 2.674855 0.923115
v -3.297238 2.674721 0.507889
v -3.297478 2.674873 0.507987
v -3.297274 2.674814 0.507889
v -3.297043 2.674736 0.507869
v -3.297073 2.674643 0.507895
v -3.297138 2.674574 0.507941
v -3.297336 2.674709 0.507935
v -2.983535 2.674721 0.924559
v -2.983693 2.674873 0.924766
v -2.983606 2.674709 0.924641
v -2.983559 2.674574 0.924446
v -2.983497 2.674643 0.924396
v -2.983464 2.674736 0.924374
v -2.983544 2.674814 0.924595
v -2.994725 2.674587 0.908890
v -2.987036 2.674596 0.919134
v -2.984052 2.674619 0.923179
v -2.994786 2.674472 0.908935
v -2.987095 2.674482 0.919178
v -2.984107 2.674509 0.923221
v -2.994856 2.674365 0.908988
v -2.987164 2.674376 0.919230
v -2.984175 2.674409 0.923272
v -3.297460 2.674468 0.508057
v -3.297634 2.674696 0.508104
v -3.297463 2.674564 0.508031
v -3.297271 2.674423 0.508040
v -3.297329 2.674351 0.508088
v -3.297413 2.674315 0.508147
v -3.297555 2.674494 0.508101
v -2.983757 2.674468 0.924727
v -2.983849 2.674696 0.924883
v -2.983825 2.674494 0.924807
v -2.983833 2.674315 0.924652
v -2.983753 2.674351 0.924589
v -2.983691 2.674423 0.924546
v -2.983733 2.674564 0.924737
v -2.995022 2.674175 0.909113
v -2.987328 2.674190 0.919354
v -2.984334 2.674229 0.923391
v -2.995116 2.674095 0.909184
v -2.987421 2.674110 0.919424
v -2.984421 2.674151 0.923457
v -2.995217 2.674027 0.909260
v -2.987520 2.674043 0.919499
v -2.984518 2.674088 0.923530
v -3.297750 2.674331 0.508275
v -3.297837 2.674600 0.508257
v -3.297722 2.674416 0.508226
v -3.297585 2.674234 0.508277
v -3.297664 2.674193 0.508340
v -3.297753 2.674196 0.508403
v -3.297831 2.674391 0.508308
v -2.984047 2.674331 0.924945
v -2.984052 2.674600 0.925036
v -2.984100 2.674391 0.925014
v -2.984174 2.674196 0.924909
v -2.984088 2.674193 0.924841
v -2.984006 2.674234 0.924783
v -2.983991 2.674416 0.924932
v -2.995434 2.673924 0.909423
v -2.987735 2.673942 0.919660
v -2.984725 2.673991 0.923686
v -2.995548 2.673892 0.909509
v -2.987847 2.673909 0.919745
v -2.984832 2.673957 0.923767
v -2.995665 2.673872 0.909597
v -2.987962 2.673891 0.919831
v -2.984942 2.673941 0.923850
v -3.298064 2.674331 0.508512
v -3.298058 2.674600 0.508423
v -3.298011 2.674391 0.508443
v -3.297940 2.674196 0.508544
v -3.298026 2.674193 0.508612
v -3.298108 2.674234 0.508670
v -3.298120 2.674416 0.508525
v -2.984361 2.674331 0.925182
v -2.984272 2.674600 0.925202
v -2.984389 2.674416 0.925231
v -2.984529 2.674234 0.925176
v -2.984450 2.674193 0.925113
v -2.984361 2.674196 0.925050
v -2.984280 2.674391 0.925150
v -2.995899 2.673872 0.909774
v -2.988194 2.673891 0.920006
v -2.985167 2.673941 0.924018
v -2.996016 2.673892 0.909861
v -2.988308 2.673909 0.920092
v -2.985277 2.673957 0.924101
v -2.996130 2.673924 0.909947
v -2.988421 2.673942 0.920177
v -2.985384 2.673991 0.924182
v -3.298355 2.674468 0.508730
v -3.298261 2.674696 0.508576
v -3.298286 2.674494 0.508650
v -3.298281 2.674315 0.508801
v -3.298361 2.674351 0.508864
v -3.298423 2.674423 0.508908
v -3.298378 2.674564 0.508720
v -2.984651 2.674468 0.925400
v -2.984476 2.674696 0.925355
v -2.984648 2.674564 0.925426
v -2.984843 2.674423 0.925413
v -2.984785 2.674351 0.925365
v -2.984701 2.674315 0.925306
v -2.984555 2.674494 0.925357
v -2.996347 2.674027 0.910111
v -2.988635 2.674043 0.920338
v -2.985591 2.674088 0.924338
v -2.996448 2.674095 0.910187
v -2.988735 2.674110 0.920413
v -2.985687 2.674151 0.924411
v -2.996542 2.674175 0.910258
v -2.988827 2.674190 0.920483
v -2.985775 2.674229 0.924477
v -3.298577 2.674721 0.508897
v -3.298417 2.674873 0.508693
v -3.298506 2.674709 0.508816
v -3.298555 2.674574 0.509007
v -3.298617 2.674643 0.509057
v -3.298650 2.674736 0.509079
v -3.298567 2.674814 0.508862
v -2.984874 2.674721 0.925567
v -2.984631 2.674873 0.925472
v -2.984837 2.674814 0.925568
v -2.985071 2.674736 0.925584
v -2.985041 2.674643 0.925558
v -2.984976 2.674574 0.925513
v -2.984775 2.674709 0.925522
v -2.996708 2.674365 0.910383
v -2.988991 2.674376 0.920606
v -2.985934 2.674409 0.924596
v -2.996778 2.674472 0.910435
v -2.989061 2.674482 0.920659
v -2.986002 2.674509 0.924647
v -2.996839 2.674587 0.910481
v -2.989120 2.674596 0.920703
v -2.986057 2.674619 0.924689
v -3.298697 2.675051 0.508988
v -3.298501 2.675105 0.508756
v -3.298636 2.675004 0.508914
v -3.298722 2.674933 0.509133
v -3.298755 2.675024 0.509161
v -3.298755 2.675124 0.509158
v -3.298658 2.675128 0.508930
v -2.984994 2.675051 0.925658
v -2.984716 2.675105 0.925536
v -2.984927 2.675128 0.925637
v -2.985176 2.675124 0.925663
v -2.985179 2.675024 0.925662
v -2.985142 2.674933 0.925638
v -2.984906 2.675004 0.925620
v -2.996929 2.674834 0.910549
v -2.989209 2.674840 0.920770
v -2.986143 2.674855 0.924753
v -2.996957 2.674964 0.910570
v -2.989238 2.674968 0.920792
v -2.986172 2.674977 0.924775
v -2.996974 2.675097 0.910583
v -2.989254 2.675098 0.920804
v -2.986186 2.675103 0.924786
v -3.298697 2.675409 0.508988
v -3.298501 2.675356 0.508756
v -3.298658 2.675333 0.508930
v -3.298755 2.675337 0.509158
v -3.298755 2.675437 0.509161
v -3.298722 2.675528 0.509133
v -3.298636 2.675457 0.508914
v -2.984994 2.675409 0.925658
v -2.984716 2.675356 0.925536
v -2.984906 2.675457 0.925620
v -2.985142 2.675528 0.925638
v -2.985179 2.675437 0.925662
v -2.985176 2.675337 0.925663
v -2.984927 2.675333 0.925637
v -2.996974 2.675364 0.910583
v -2.989254 2.675363 0.920804
v -2.986186 2.675358 0.924786
v -2.996957 2.675497 0.910570
v -2.989238 2.675493 0.920792
v -2.986172 2.675484 0.924775
v -2.996929 2.675627 0.910549
v -2.989209 2.675621 0.920770
v -2.986143 2.675606 0.924753
v -3.298577 2.675740 0.508897
v -3.298417 2.675587 0.508693
v -3.298567 2.675646 0.508862
v -3.298650 2.675725 0.509079
v -3.298617 2.675818 0.509057
v -3.298555 2.675887 0.509007
v -3.298506 2.675751 0.508816
v -2.984874 2.675740 0.925567
v -2.984631 2.675587 0.925472
v -2.984775 2.675751 0.925522
v -2.984976 2.675887 0.925513
v -2.985041 2.675818 0.925558
v -2.985071 2.675725 0.925584
v -2.984837 2.675646 0.925568
v -2.996839 2.675874 0.910481
v -2.989120 2.675865 0.920703
v -2.986057 2.675842 0.924689
v -2.996778 2.675989 0.910435
v -2.989061 2.675979 0.920659
v -2.986002 2.675951 0.924647
v -2.996708 2.676096 0.910383
v -2.988991 2.676084 0.920606
v -2.985934 2.676052 0.924596
v -3.298355 2.675993 0.508730
v -3.298261 2.675765 0.508576
v -3.298378 2.675896 0.508720
v -3.298423 2.676037 0.508908
v -3.298361 2.676109 0.508864
v -3.298281 2.676145 0.508801
v -3.298286 2.675967 0.508650
v -2.984651 2.675993 0.925400
v -2.984476 2.675765 0.925355
v -2.984555 2.675967 0.925357
v -2.984701 2.676145 0.925306
v -2.984785 2.676109 0.925365
v -2.984843 2.676037 0.925413
v -2.984648 2.675896 0.925426
v -2.996542 2.676286 0.910258
v -2.988827 2.676271 0.920483
v -2.985775 2.676232 0.924477
v -2.996448 2.676365 0.910187
v -2.988735 2.676350 0.920413
v -2.985687 2.676310 0.924411
v -2.996347 2.676434 0.910111
v -2.988635 2.676418 0.920338
v -2.985591 2.676373 0.924338
v -3.298064 2.676130 0.508512
v -3.298058 2.675861 0.508423
v -3.298120 2.676045 0.508525
v -3.298108 2.676227 0.508670
v -3.298026 2.676267 0.508612
v -3.297940 2.676265 0.508544
v -3.298011 2.676070 0.508443
v -2.984361 2.676130 0.925182
v -2.984272 2.675861 0.925202
v -2.984280 2.676070 0.925150
v -2.984361 2.676265 0.925050
v -2.984450 2.676267 0.925113
v -2.984529 2.676227 0.925176
v -2.984389 2.676045 0.925231
v -2.996130 2.676537 0.909947
v -2.988421 2.676519 0.920177
v -2.985384 2.676470 0.924182
v -2.996016 2.676569 0.909861
v -2.988308 2.676552 0.920092
v -2.985277 2.676503 0.924101
v -2.995899 2.676589 0.909774
v -2.988194 2.676570 0.920006
v -2.985167 2.676519 0.924018
v -3.297750 2.676130 0.508275
v -3.297837 2.675861 0.508257
v -3.297831 2.676070 0.508308
v -3.297753 2.676265 0.508403
v -3.297664 2.676267 0.508340
v -3.297585 2.676227 0.508277
v -3.297722 2.676045 0.508226
v -2.984047 2.676130 0.924945
v -2.984052 2.675861 0.925036
v -2.983991 2.676045 0.924932
v -2.984006 2.676227 0.924783
v -2.984088 2.676267 0.924841
v -2.984174 2.676265 0.924909
v -2.984100 2.676070 0.925014
v -2.995665 2.676589 0.909597
v -2.987962 2.676570 0.919831
v -2.984942 2.676519 0.923850
v -2.995548 2.676569 0.909509
v -2.987847 2.676552 0.919745
v -2.984832 2.676503 0.923767
v -2.995434 2.676537 0.909423
v -2.987735 2.676519 0.919660
v -2.984725 2.676470 0.923686
v -3.297460 2.675993 0.508057
v -3.297634 2.675765 0.508104
v -3.297555 2.675967 0.508101
v -3.297413 2.676145 0.508147
v -3.297329 2.676109 0.508088
v -3.297271 2.676037 0.508040
v -3.297463 2.675896 0.508031
v -2.983757 2.675993 0.924727
v -2.983849 2.675765 0.924883
v -2.983733 2.675896 0.924737
v -2.983691 2.676037 0.924546
v -2.983753 2.676109 0.924589
v -2.983833 2.676145 0.924653
v -2.983825 2.675967 0.924807
v -2.995217 2.676434 0.909260
v -2.987520 2.676418 0.919499
v -2.984518 2.676373 0.923530
v -2.995116 2.676365 0.909184
v -2.987421 2.676350 0.919424
v -2.984421 2.676310 0.923457
v -2.995022 2.676286 0.909113
v -2.987328 2.676271 0.919354
v -2.984334 2.676232 0.923391
v -3.297238 2.675740 0.507889
v -3.297478 2.675587 0.507987
v -3.297336 2.675751 0.507935
v -3.297138 2.675887 0.507941
v -3.297073 2.675818 0.507895
v -3.297043 2.675725 0.507869
v -3.297274 2.675646 0.507889
v -2.983535 2.675740 0.924559
v -2.983693 2.675587 0.924766
v -2.983544 2.675646 0.924595
v -2.983464 2.675725 0.924374
v -2.983497 2.675818 0.924396
v -2.983559 2.675887 0.924446
v -2.983606 2.675751 0.924641
v -2.994856 2.676096 0.908988
v -2.987164 2.676084 0.919230
v -2.984175 2.676052 0.923272
v -2.994786 2.675989 0.908935
v -2.987095 2.675979 0.919178
v -2.984107 2.675951 0.923221
v -2.994725 2.675874 0.908890
v -2.987036 2.675865 0.919134
v -2.984052 2.675842 0.923179
v -3.297118 2.675409 0.507799
v -3.297394 2.675356 0.507923
v -3.297205 2.675457 0.507837
v -3.296972 2.675528 0.507815
v -3.296935 2.675437 0.507791
v -3.296938 2.675337 0.507790
v -3.297184 2.675333 0.507821
v -2.983415 2.675409 0.924469
v -2.983609 2.675356 0.924702
v -2.983453 2.675333 0.924527
v -2.983359 2.675337 0.924295
v -2.983359 2.675437 0.924292
v -2.983392 2.675528 0.924321
v -2.983475 2.675457 0.924543
v -2.994635 2.675627 0.908822
v -2.986947 2.675621 0.919067
v -2.983966 2.675606 0.923115
v -2.994607 2.675497 0.908800
v -2.986918 2.675493 0.919045
v -2.983937 2.675484 0.923092
v -2.994590 2.675364 0.908787
v -2.986902 2.675363 0.919033
v -2.983923 2.675358 0.923082
v -3.134382 2.675627 0.723202
v -3.131537 2.675627 0.726981
v -3.124026 2.675627 0.736957
v -3.134353 2.675497 0.723180
v -3.131508 2.675497 0.726959
v -3.123997 2.675497 0.736935
v -3.134336 2.675364 0.723167
v -3.131491 2.675364 0.726946
v -3.123980 2.675364 0.736922
v -3.134603 2.676098 0.723368
v -3.131757 2.676098 0.727147
v -3.124247 2.676098 0.737123
v -3.134532 2.675990 0.723315
v -3.131687 2.675990 0.727094
v -3.124177 2.675990 0.737070
v -3.134472 2.675875 0.723270
v -3.131627 2.675875 0.727049
v -3.124116 2.675875 0.737024
v -3.134965 2.676436 0.723641
v -3.132120 2.676436 0.727420
v -3.124609 2.676436 0.737395
v -3.134864 2.676368 0.723565
v -3.132019 2.676368 0.727344
v -3.124508 2.676368 0.737319
v -3.134769 2.676288 0.723493
v -3.131924 2.676288 0.727272
v -3.124413 2.676288 0.737248
v -3.135413 2.676591 0.723978
v -3.132568 2.676591 0.727757
v -3.125057 2.676591 0.737733
v -3.135296 2.676572 0.723891
v -3.132451 2.676572 0.727669
v -3.124941 2.676572 0.737645
v -3.135182 2.676539 0.723804
v -3.132337 2.676539 0.727583
v -3.124826 2.676539 0.737559
v -3.135879 2.676539 0.724329
v -3.133034 2.676539 0.728108
v -3.125524 2.676539 0.738084
v -3.135765 2.676572 0.724243
v -3.132920 2.676572 0.728022
v -3.125409 2.676572 0.737998
v -3.135648 2.676591 0.724155
v -3.132803 2.676591 0.727934
v -3.125293 2.676591 0.737910
v -3.136292 2.676288 0.724640
v -3.133447 2.676288 0.728419
v -3.125937 2.676288 0.738395
v -3.136198 2.676368 0.724569
v -3.133353 2.676368 0.728348
v -3.125842 2.676368 0.738324
v -3.136097 2.676436 0.724493
v -3.133251 2.676436 0.728272
v -3.125741 2.676436 0.738248
v -3.136590 2.675875 0.724864
v -3.133744 2.675875 0.728643
v -3.126234 2.675875 0.738619
v -3.136529 2.675990 0.724818
v -3.133684 2.675990 0.728597
v -3.126173 2.675990 0.738573
v -3.136459 2.676098 0.724766
v -3.133614 2.676098 0.728545
v -3.126103 2.676098 0.738520
v -3.136725 2.675364 0.724966
v -3.133880 2.675364 0.728745
v -3.126370 2.675364 0.738721
v -3.136708 2.675497 0.724953
v -3.133863 2.675497 0.728732
v -3.126353 2.675497 0.738708
v -3.136680 2.675627 0.724932
v -3.133835 2.675627 0.728711
v -3.126324 2.675627 0.738687
v -3.136680 2.674833 0.724932
v -3.133835 2.674833 0.728711
v -3.126324 2.674833 0.738687
v -3.136708 2.674964 0.724953
v -3.133863 2.674964 0.728732
v -3.126353 2.674964 0.738708
v -3.136725 2.675096 0.724966
v -3.133880 2.675096 0.728745
v -3.126370 2.675096 0.738721
v -3.136459 2.674363 0.724766
v -3.133614 2.674363 0.728545
v -3.126103 2.674363 0.738520
v -3.136529 2.674471 0.724818
v -3.133684 2.674471 0.728597
v -3.126173 2.674471 0.738573
v -3.136590 2.674586 0.724864
v -3.133744 2.674586 0.728643
v -3.126234 2.674586 0.738619
v -3.136097 2.674024 0.724493
v -3.133251 2.674024 0.728272
v -3.125741 2.674024 0.738248
v -3.136198 2.674093 0.724569
v -3.133353 2.674093 0.728348
v -3.125842 2.674093 0.738324
v -3.136292 2.674173 0.724640
v -3.133447 2.674173 0.728419
v -3.125937 2.674173 0.738395
v -3.135648 2.673869 0.724155
v -3.132803 2.673869 0.727934
v -3.125293 2.673869 0.737910
v -3.135765 2.673889 0.724243
v -3.132920 2.673889 0.728022
v -3.125409 2.673889 0.737998
v -3.135879 2.673922 0.724329
v -3.133034 2.673922 0.728108
v -3.125524 2.673922 0.738084
v -3.135182 2.673922 0.723804
v -3.132337 2.673922 0.727583
v -3.124826 2.673922 0.737559
v -3.135296 2.673889 0.723891
v -3.132451 2.673889 0.727669
v -3.124941 2.673889 0.737645
v -3.135413 2.673869 0.723978
v -3.132568 2.673869 0.727757
v -3.125057 2.673869 0.737733
v -3.134769 2.674173 0.723493
v -3.131924 2.674173 0.727272
v -3.124413 2.674173 0.737248
v -3.134864 2.674093 0.723565
v -3.132019 2.674093 0.727344
v -3.124508 2.674093 0.737319
v -3.134965 2.674024 0.723641
v -3.132120 2.674024 0.727420
v -3.124609 2.674024 0.737395
v -3.134472 2.674586 0.723270
v -3.131627 2.674586 0.727049
v -3.124116 2.674586 0.737024
v -3.134532 2.674471 0.723315
v -3.131687 2.674471 0.727094
v -3.124177 2.674471 0.737070
v -3.134603 2.674363 0.723368
v -3.131757 2.674363 0.727147
v -3.124247 2.674363 0.737123
v -3.134336 2.675096 0.723167
v -3.131491 2.675096 0.726946
v -3.123980 2.675096 0.736922
v -3.134353 2.674964 0.723180
v -3.131508 2.674964 0.726959
v -3.123997 2.674964 0.736935
v -3.134382 2.674833 0.723202
v -3.131537 2.674833 0.726981
v -3.124026 2.674833 0.736957
v -3.248044 2.675096 0.572136
v -3.220829 2.675096 0.608284
v -3.193645 2.675096 0.644391
v -3.248062 2.674964 0.572149
v -3.220846 2.674964 0.608297
v -3.193662 2.674964 0.644404
v -3.248090 2.674833 0.572171
v -3.220875 2.674833 0.608319
v -3.193691 2.674833 0.644425
v -3.248180 2.674586 0.572239
v -3.220965 2.674586 0.608387
v -3.193781 2.674586 0.644493
v -3.248241 2.674471 0.572284
v -3.221026 2.674471 0.608432
v -3.193842 2.674471 0.644539
v -3.248311 2.674363 0.572337
v -3.221096 2.674363 0.608485
v -3.193912 2.674363 0.644592
v -3.248477 2.674173 0.572462
v -3.221262 2.674173 0.608610
v -3.194078 2.674173 0.644717
v -3.248572 2.674093 0.572533
v -3.221357 2.674093 0.608682
v -3.194173 2.674093 0.644788
v -3.248673 2.674024 0.572610
v -3.221458 2.674024 0.608758
v -3.194274 2.674024 0.644864
v -3.248891 2.673922 0.572773
v -3.221675 2.673922 0.608922
v -3.194491 2.673922 0.645028
v -3.249005 2.673889 0.572859
v -3.221790 2.673889 0.609008
v -3.194606 2.673889 0.645114
v -3.249122 2.673869 0.572947
v -3.221906 2.673869 0.609095
v -3.194722 2.673869 0.645202
v -3.249357 2.673869 0.573124
v -3.222142 2.673869 0.609272
v -3.194958 2.673869 0.645379
v -3.249474 2.673889 0.573212
v -3.222258 2.673889 0.609360
v -3.195074 2.673889 0.645467
v -3.249588 2.673922 0.573298
v -3.222373 2.673922 0.609446
v -3.195189 2.673922 0.645553
v -3.249805 2.674024 0.573462
v -3.222590 2.674024 0.609610
v -3.195406 2.674024 0.645717
v -3.249906 2.674093 0.573538
v -3.222691 2.674093 0.609686
v -3.195507 2.674093 0.645793
v -3.250001 2.674173 0.573609
v -3.222786 2.674173 0.609757
v -3.195602 2.674173 0.645864
v -3.250167 2.674363 0.573734
v -3.222952 2.674363 0.609883
v -3.195768 2.674363 0.645989
v -3.250237 2.674471 0.573787
v -3.223022 2.674471 0.609935
v -3.195838 2.674471 0.646042
v -3.250298 2.674586 0.573833
v -3.223083 2.674586 0.609981
v -3.195899 2.674586 0.646088
v -3.250388 2.674833 0.573901
v -3.223173 2.674833 0.610049
v -3.195989 2.674833 0.646155
v -3.250417 2.674964 0.573922
v -3.223202 2.674964 0.610070
v -3.196018 2.674964 0.646177
v -3.250434 2.675096 0.573935
v -3.223219 2.675096 0.610083
v -3.196035 2.675096 0.646190
v -3.250434 2.675364 0.573935
v -3.223219 2.675364 0.610083
v -3.196035 2.675364 0.646190
v -3.250417 2.675497 0.573922
v -3.223202 2.675497 0.610070
v -3.196018 2.675497 0.646177
v -3.250388 2.675627 0.573901
v -3.223173 2.675627 0.610049
v -3.195989 2.675627 0.646155
v -3.250298 2.675875 0.573833
v -3.223083 2.675875 0.609981
v -3.195899 2.675875 0.646088
v -3.250237 2.675990 0.573787
v -3.223022 2.675990 0.609935
v -3.195838 2.675990 0.646042
v -3.250167 2.676098 0.573734
v -3.222952 2.676098 0.609883
v -3.195768 2.676098 0.645989
v -3.250001 2.676288 0.573609
v -3.222786 2.676288 0.609757
v -3.195602 2.676288 0.645864
v -3.249906 2.676368 0.573538
v -3.222691 2.676368 0.609686
v -3.195507 2.676368 0.645793
v -3.249805 2.676436 0.573462
v -3.222590 2.676436 0.609610
v -3.195406 2.676436 0.645717
v -3.249588 2.676539 0.573298
v -3.222373 2.676539 0.609446
v -3.195189 2.676539 0.645553
v -3.249474 2.676572 0.573212
v -3.222258 2.676572 0.609360
v -3.195074 2.676572 0.645467
v -3.249357 2.676591 0.573124
v -3.222142 2.676591 0.609272
v -3.194958 2.676591 0.645379
v -3.249122 2.676591 0.572947
v -3.221906 2.676591 0.609095
v -3.194722 2.676591 0.645202
v -3.249005 2.676572 0.572859
v -3.221790 2.676572 0.609008
v -3.194606 2.676572 0.645114
v -3.248891 2.676539 0.572773
v -3.221675 2.676539 0.608922
v -3.194491 2.676539 0.645028
v -3.248673 2.676436 0.572610
v -3.221458 2.676436 0.608758
v -3.194274 2.676436 0.644864
v -3.248572 2.676368 0.572533
v -3.221357 2.676368 0.608682
v -3.194173 2.676368 0.644788
v -3.248477 2.676288 0.572462
v -3.221262 2.676288 0.608610
v -3.194078 2.676288 0.644717
v -3.248311 2.676098 0.572337
v -3.221096 2.676098 0.608485
v -3.193912 2.676098 0.644592
v -3.248241 2.675990 0.572284
v -3.221026 2.675990 0.608432
v -3.193842 2.675990 0.644539
v -3.248180 2.675875 0.572239
v -3.220965 2.675875 0.608387
v -3.193781 2.675875 0.644493
v -3.248090 2.675627 0.572171
v -3.220875 2.675627 0.608319
v -3.193691 2.675627 0.644425
v -3.248062 2.675497 0.572149
v -3.220846 2.675497 0.608297
v -3.193662 2.675497 0.644404
v -3.248044 2.675364 0.572136
v -3.220829 2.675364 0.608284
v -3.193645 2.675364 0.644391
v -3.156688 2.675096 0.693478
v -3.149217 2.675096 0.703402
v -3.146380 2.675096 0.707170
v -3.156706 2.674964 0.693491
v -3.149235 2.674964 0.703415
v -3.146397 2.674964 0.707183
v -3.156734 2.674833 0.693512
v -3.149263 2.674833 0.703436
v -3.146426 2.674833 0.707205
v -3.156825 2.674586 0.693580
v -3.149353 2.674586 0.703504
v -3.146516 2.674586 0.707273
v -3.156885 2.674471 0.693626
v -3.149414 2.674471 0.703550
v -3.146576 2.674471 0.707318
v -3.156955 2.674363 0.693679
v -3.149484 2.674363 0.703602
v -3.146646 2.674363 0.707371
v -3.157122 2.674173 0.693804
v -3.149650 2.674173 0.703728
v -3.146813 2.674173 0.707496
v -3.157216 2.674093 0.693875
v -3.149745 2.674093 0.703799
v -3.146908 2.674093 0.707568
v -3.157317 2.674024 0.693951
v -3.149846 2.674024 0.703875
v -3.147009 2.674024 0.707644
v -3.157535 2.673922 0.694115
v -3.150064 2.673922 0.704039
v -3.147226 2.673922 0.707807
v -3.157649 2.673889 0.694201
v -3.150178 2.673889 0.704125
v -3.147340 2.673889 0.707893
v -3.157766 2.673869 0.694289
v -3.150294 2.673869 0.704212
v -3.147457 2.673869 0.707981
v -3.158001 2.673869 0.694466
v -3.150530 2.673869 0.704390
v -3.147692 2.673869 0.708158
v -3.158118 2.673889 0.694554
v -3.150646 2.673889 0.704477
v -3.147809 2.673889 0.708246
v -3.158232 2.673922 0.694640
v -3.150760 2.673922 0.704563
v -3.147923 2.673922 0.708332
v -3.158449 2.674024 0.694803
v -3.150978 2.674024 0.704727
v -3.148140 2.674024 0.708496
v -3.158550 2.674093 0.694880
v -3.151079 2.674093 0.704803
v -3.148242 2.674093 0.708572
v -3.158645 2.674173 0.694951
v -3.151174 2.674173 0.704875
v -3.148336 2.674173 0.708643
v -3.158811 2.674363 0.695076
v -3.151340 2.674363 0.705000
v -3.148503 2.674363 0.708769
v -3.158882 2.674471 0.695129
v -3.151410 2.674471 0.705053
v -3.148573 2.674471 0.708821
v -3.158942 2.674586 0.695175
v -3.151471 2.674586 0.705098
v -3.148633 2.674586 0.708867
v -3.159032 2.674833 0.695242
v -3.151561 2.674833 0.705166
v -3.148723 2.674833 0.708935
v -3.159061 2.674964 0.695264
v -3.151589 2.674964 0.705188
v -3.148752 2.674964 0.708956
v -3.159078 2.675096 0.695277
v -3.151607 2.675096 0.705201
v -3.148769 2.675096 0.708969
v -3.159078 2.675364 0.695277
v -3.151607 2.675364 0.705201
v -3.148769 2.675364 0.708969
v -3.159061 2.675497 0.695264
v -3.151589 2.675497 0.705188
v -3.148752 2.675497 0.708956
v -3.159032 2.675627 0.695242
v -3.151561 2.675627 0.705166
v -3.148723 2.675627 0.708935
v -3.158942 2.675875 0.695175
v -3.151471 2.675875 0.705098
v -3.148633 2.675875 0.708867
v -3.158882 2.675990 0.695129
v -3.151410 2.675990 0.705053
v -3.148573 2.675990 0.708821
v -3.158811 2.676098 0.695076
v -3.151340 2.676098 0.705000
v -3.148503 2.676098 0.708769
v -3.158645 2.676288 0.694951
v -3.151174 2.676288 0.704875
v -3.148336 2.676288 0.708643
v -3.158550 2.676368 0.694880
v -3.151079 2.676368 0.704803
v -3.148242 2.676368 0.708572
v -3.158449 2.676436 0.694803
v -3.150978 2.676436 0.704727
v -3.148140 2.676436 0.708496
v -3.158232 2.676539 0.694640
v -3.150760 2.676539 0.704563
v -3.147923 2.676539 0.708332
v -3.158118 2.676572 0.694554
v -3.150646 2.676572 0.704477
v -3.147809 2.676572 0.708246
v -3.158001 2.676591 0.694466
v -3.150530 2.676591 0.704390
v -3.147692 2.676591 0.708158
v -3.157766 2.676591 0.694289
v -3.150294 2.676591 0.704212
v -3.147457 2.676591 0.707981
v -3.157649 2.676572 0.694201
v -3.150178 2.676572 0.704125
v -3.147340 2.676572 0.707893
v -3.157535 2.676539 0.694115
v -3.150064 2.676539 0.704039
v -3.147226 2.676539 0.707807
v -3.157317 2.676436 0.693951
v -3.149846 2.676436 0.703875
v -3.147009 2.676436 0.707644
v -3.157216 2.676368 0.693875
v -3.149745 2.676368 0.703799
v -3.146908 2.676368 0.707568
v -3.157122 2.676288 0.693804
v -3.149650 2.676288 0.703728
v -3.146813 2.676288 0.707496
v -3.156955 2.676098 0.693679
v -3.149484 2.676098 0.703602
v -3.146646 2.676098 0.707371
v -3.156885 2.675990 0.693626
v -3.149414 2.675990 0.703550
v -3.146576 2.675990 0.707318
v -3.156825 2.675875 0.693580
v -3.149353 2.675875 0.703504
v -3.146516 2.675875 0.707273
v -3.156734 2.675627 0.693512
v -3.149263 2.675627 0.703436
v -3.146426 2.675627 0.707205
v -3.156706 2.675497 0.693491
v -3.149235 2.675497 0.703415
v -3.146397 2.675497 0.707183
v -3.156688 2.675364 0.693478
v -3.149217 2.675364 0.703402
v -3.146380 2.675364 0.707170
v -3.086795 2.675096 0.786312
v -3.059437 2.675096 0.822651
v -3.032043 2.675096 0.859036
v -3.086813 2.674964 0.786325
v -3.059454 2.674964 0.822664
v -3.032060 2.674964 0.859049
v -3.086841 2.674833 0.786346
v -3.059482 2.674833 0.822685
v -3.032089 2.674833 0.859071
v -3.086931 2.674586 0.786414
v -3.059572 2.674586 0.822753
v -3.032179 2.674586 0.859138
v -3.086992 2.674471 0.786460
v -3.059633 2.674471 0.822799
v -3.032239 2.674471 0.859184
v -3.087062 2.674363 0.786513
v -3.059703 2.674363 0.822852
v -3.032310 2.674363 0.859237
v -3.087229 2.674173 0.786638
v -3.059870 2.674173 0.822977
v -3.032476 2.674173 0.859362
v -3.087323 2.674093 0.786709
v -3.059964 2.674093 0.823048
v -3.032571 2.674093 0.859433
v -3.087424 2.674024 0.786785
v -3.060065 2.674024 0.823124
v -3.032672 2.674024 0.859509
v -3.087642 2.673922 0.786949
v -3.060283 2.673922 0.823288
v -3.032889 2.673922 0.859673
v -3.087756 2.673889 0.787035
v -3.060397 2.673889 0.823374
v -3.033004 2.673889 0.859759
v -3.087873 2.673869 0.787123
v -3.060514 2.673869 0.823462
v -3.033120 2.673869 0.859847
v -3.088108 2.673869 0.787300
v -3.060749 2.673869 0.823639
v -3.033355 2.673869 0.860024
v -3.088224 2.673889 0.787388
v -3.060866 2.673889 0.823727
v -3.033472 2.673889 0.860112
v -3.088339 2.673922 0.787474
v -3.060980 2.673922 0.823813
v -3.033586 2.673922 0.860198
v -3.088556 2.674024 0.787638
v -3.061197 2.674024 0.823977
v -3.033804 2.674024 0.860362
v -3.088657 2.674093 0.787714
v -3.061298 2.674093 0.824053
v -3.033905 2.674093 0.860438
v -3.088752 2.674173 0.787785
v -3.061393 2.674173 0.824124
v -3.033999 2.674173 0.860509
v -3.088918 2.674363 0.787910
v -3.061559 2.674363 0.824249
v -3.034166 2.674363 0.860634
v -3.088989 2.674471 0.787963
v -3.061630 2.674471 0.824302
v -3.034236 2.674471 0.860687
v -3.089049 2.674586 0.788009
v -3.061690 2.674586 0.824348
v -3.034297 2.674586 0.860733
v -3.089139 2.674833 0.788077
v -3.061780 2.674833 0.824415
v -3.034387 2.674833 0.860801
v -3.089168 2.674964 0.788098
v -3.061809 2.674964 0.824437
v -3.034415 2.674964 0.860822
v -3.089185 2.675096 0.788111
v -3.061826 2.675096 0.824450
v -3.034432 2.675096 0.860835
v -3.089185 2.675364 0.788111
v -3.061826 2.675364 0.824450
v -3.034433 2.675364 0.860835
v -3.089168 2.675497 0.788098
v -3.061809 2.675497 0.824437
v -3.034415 2.675497 0.860822
v -3.089139 2.675627 0.788077
v -3.061780 2.675627 0.824415
v -3.034387 2.675627 0.860801
v -3.089049 2.675875 0.788009
v -3.061690 2.675875 0.824348
v -3.034297 2.675875 0.860733
v -3.088989 2.675990 0.787963
v -3.061630 2.675990 0.824302
v -3.034236 2.675990 0.860687
v -3.088918 2.676098 0.787910
v -3.061559 2.676098 0.824249
v -3.034166 2.676098 0.860634
v -3.088752 2.676288 0.787785
v -3.061393 2.676288 0.824124
v -3.033999 2.676288 0.860509
v -3.088657 2.676368 0.787714
v -3.061298 2.676368 0.824053
v -3.033905 2.676368 0.860438
v -3.088556 2.676436 0.787638
v -3.061197 2.676436 0.823977
v -3.033804 2.676436 0.860362
v -3.088339 2.676539 0.787474
v -3.060980 2.676539 0.823813
v -3.033586 2.676539 0.860198
v -3.088224 2.676572 0.787388
v -3.060866 2.676572 0.823727
v -3.033472 2.676572 0.860112
v -3.088108 2.676591 0.787300
v -3.060749 2.676591 0.823639
v -3.033355 2.676591 0.860024
v -3.087873 2.676591 0.787123
v -3.060514 2.676591 0.823462
v -3.033120 2.676591 0.859847
v -3.087756 2.676572 0.787035
v -3.060397 2.676572 0.823374
v -3.033004 2.676572 0.859759
v -3.087642 2.676539 0.786949
v -3.060283 2.676539 0.823288
v -3.032889 2.676539 0.859673
v -3.087424 2.676436 0.786785
v -3.060065 2.676436 0.823124
v -3.032672 2.676436 0.859509
v -3.087323 2.676368 0.786709
v -3.059964 2.676368 0.823048
v -3.032571 2.676368 0.859433
v -3.087229 2.676288 0.786638
v -3.059870 2.676288 0.822977
v -3.032476 2.676288 0.859362
v -3.087062 2.676098 0.786513
v -3.059703 2.676098 0.822852
v -3.032310 2.676098 0.859237
v -3.086992 2.675990 0.786460
v -3.059633 2.675990 0.822799
v -3.032239 2.675990 0.859184
v -3.086931 2.675875 0.786414
v -3.059572 2.675875 0.822753
v -3.032179 2.675875 0.859138
v -3.086841 2.675627 0.786346
v -3.059482 2.675627 0.822685
v -3.032089 2.675627 0.859070
v -3.086813 2.675497 0.786325
v -3.059454 2.675497 0.822664
v -3.032060 2.675497 0.859049
v -3.086795 2.675364 0.786312
v -3.059437 2.675364 0.822651
v -3.032043 2.675364 0.859036
v -3.295990 2.675606 0.508675
v -3.292954 2.675621 0.512619
v -3.285293 2.675627 0.522761
v -3.295961 2.675484 0.508653
v -3.292925 2.675493 0.512597
v -3.285265 2.675497 0.522740
v -3.295947 2.675358 0.508642
v -3.292909 2.675363 0.512585
v -3.285248 2.675364 0.522727
v -3.296199 2.676052 0.508832
v -3.293171 2.676084 0.512783
v -3.285514 2.676096 0.522927
v -3.296131 2.675951 0.508781
v -3.293101 2.675979 0.512730
v -3.285444 2.675989 0.522874
v -3.296076 2.675842 0.508739
v -3.293042 2.675865 0.512686
v -3.285383 2.675874 0.522829
v -3.296542 2.676373 0.509090
v -3.293527 2.676418 0.513051
v -3.285875 2.676434 0.523199
v -3.296445 2.676310 0.509018
v -3.293428 2.676350 0.512976
v -3.285774 2.676365 0.523123
v -3.296357 2.676232 0.508951
v -3.293335 2.676271 0.512906
v -3.285680 2.676286 0.523052
v -3.296966 2.676519 0.509410
v -3.293969 2.676570 0.513383
v -3.286323 2.676589 0.523536
v -3.296856 2.676503 0.509327
v -3.293854 2.676552 0.513297
v -3.286206 2.676569 0.523448
v -3.296749 2.676470 0.509246
v -3.293742 2.676519 0.513213
v -3.286092 2.676537 0.523363
v -3.297408 2.676470 0.509742
v -3.294428 2.676519 0.513729
v -3.286788 2.676537 0.523886
v -3.297301 2.676503 0.509662
v -3.294315 2.676552 0.513644
v -3.286674 2.676569 0.523800
v -3.297190 2.676519 0.509579
v -3.294201 2.676570 0.513558
v -3.286558 2.676589 0.523713
v -3.297799 2.676232 0.510037
v -3.294834 2.676271 0.514035
v -3.287200 2.676286 0.524197
v -3.297712 2.676310 0.509971
v -3.294742 2.676350 0.513965
v -3.287106 2.676365 0.524126
v -3.297615 2.676373 0.509898
v -3.294642 2.676418 0.513890
v -3.287005 2.676434 0.524050
v -3.298081 2.675842 0.510249
v -3.295127 2.675865 0.514255
v -3.287497 2.675874 0.524420
v -3.298026 2.675951 0.510208
v -3.295068 2.675979 0.514211
v -3.287436 2.675989 0.524374
v -3.297958 2.676052 0.510156
v -3.294998 2.676084 0.514159
v -3.287366 2.676096 0.524322
v -3.298210 2.675358 0.510346
v -3.295261 2.675363 0.514356
v -3.287633 2.675364 0.524522
v -3.298196 2.675484 0.510336
v -3.295244 2.675493 0.514344
v -3.287616 2.675497 0.524509
v -3.298167 2.675606 0.510314
v -3.295216 2.675621 0.514322
v -3.287587 2.675627 0.524488
v -3.298167 2.674855 0.510314
v -3.295216 2.674840 0.514322
v -3.287587 2.674834 0.524488
v -3.298196 2.674977 0.510336
v -3.295244 2.674968 0.514344
v -3.287616 2.674964 0.524509
v -3.298210 2.675103 0.510346
v -3.295261 2.675098 0.514356
v -3.287633 2.675097 0.524522
v -3.297958 2.674409 0.510156
v -3.294998 2.674376 0.514159
v -3.287366 2.674365 0.524322
v -3.298026 2.674509 0.510208
v -3.295068 2.674482 0.514211
v -3.287436 2.674472 0.524374
v -3.298081 2.674619 0.510249
v -3.295127 2.674596 0.514255
v -3.287497 2.674587 0.524420
v -3.297615 2.674088 0.509898
v -3.294642 2.674043 0.513890
v -3.287005 2.674027 0.524050
v -3.297712 2.674151 0.509971
v -3.294742 2.674110 0.513965
v -3.287106 2.674095 0.524126
v -3.297799 2.674229 0.510037
v -3.294834 2.674190 0.514035
v -3.287200 2.674175 0.524197
v -3.297190 2.673941 0.509579
v -3.294201 2.673891 0.513558
v -3.286558 2.673872 0.523713
v -3.297301 2.673957 0.509662
v -3.294315 2.673909 0.513644
v -3.286674 2.673892 0.523800
v -3.297408 2.673991 0.509742
v -3.294428 2.673942 0.513729
v -3.286788 2.673924 0.523886
v -3.296749 2.673991 0.509246
v -3.293742 2.673942 0.513213
v -3.286092 2.673924 0.523363
v -3.296856 2.673957 0.509327
v -3.293854 2.673909 0.513297
v -3.286206 2.673892 0.523448
v -3.296966 2.673941 0.509410
v -3.293969 2.673891 0.513383
v -3.286323 2.673872 0.523536
v -3.296357 2.674229 0.508951
v -3.293335 2.674190 0.512906
v -3.285680 2.674175 0.523052
v -3.296445 2.674151 0.509018
v -3.293428 2.674110 0.512976
v -3.285774 2.674095 0.523123
v -3.296542 2.674088 0.509090
v -3.293527 2.674043 0.513051
v -3.285875 2.674027 0.523199
v -3.296076 2.674619 0.508739
v -3.293042 2.674596 0.512686
v -3.285383 2.674587 0.522829
v -3.296131 2.674509 0.508781
v -3.293101 2.674482 0.512730
v -3.285444 2.674472 0.522874
v -3.296199 2.674409 0.508832
v -3.293171 2.674376 0.512783
v -3.285514 2.674365 0.522927
v -3.295947 2.675103 0.508642
v -3.292909 2.675098 0.512585
v -3.285248 2.675097 0.522727
v -3.295961 2.674977 0.508653
v -3.292925 2.674968 0.512597
v -3.285265 2.674964 0.522740
v -3.295990 2.674855 0.508675
v -3.292954 2.674840 0.512619
v -3.285293 2.674834 0.522761
v -2.931920 2.675051 0.559342
v -2.932060 2.675105 0.559078
v -2.931947 2.675128 0.559280
v -2.931886 2.675124 0.559503
v -2.931886 2.675024 0.559506
v -2.931911 2.674933 0.559469
v -2.931963 2.675004 0.559259
v -3.350853 2.675051 0.874749
v -3.351081 2.675105 0.874551
v -3.350925 2.675004 0.874687
v -3.350711 2.674933 0.874776
v -3.350683 2.675024 0.874810
v -3.350686 2.675124 0.874810
v -3.350909 2.675128 0.874709
v -3.335260 2.675097 0.863641
v -3.345494 2.675098 0.871320
v -3.349517 2.675103 0.874280
v -3.335273 2.674964 0.863623
v -3.345506 2.674968 0.871304
v -3.349528 2.674977 0.874266
v -3.335294 2.674834 0.863595
v -3.345528 2.674840 0.871275
v -3.349550 2.674855 0.874236
v -2.932010 2.674721 0.559222
v -2.932124 2.674873 0.558994
v -2.932015 2.674814 0.559190
v -2.931965 2.674736 0.559398
v -2.931990 2.674643 0.559367
v -2.932036 2.674574 0.559303
v -2.932062 2.674709 0.559128
v -3.350943 2.674721 0.874629
v -3.351145 2.674873 0.874467
v -3.351024 2.674709 0.874557
v -3.350837 2.674574 0.874610
v -3.350787 2.674643 0.874672
v -3.350765 2.674736 0.874705
v -3.350977 2.674814 0.874618
v -3.335362 2.674587 0.863505
v -3.345594 2.674596 0.871186
v -3.349615 2.674619 0.874151
v -3.335407 2.674472 0.863445
v -3.345639 2.674482 0.871127
v -3.349656 2.674509 0.874096
v -3.335460 2.674365 0.863374
v -3.345691 2.674376 0.871058
v -3.349707 2.674409 0.874027
v -2.932177 2.674468 0.559000
v -2.932241 2.674696 0.558838
v -2.932158 2.674564 0.559001
v -2.932136 2.674423 0.559171
v -2.932183 2.674351 0.559111
v -2.932243 2.674315 0.559029
v -2.932227 2.674494 0.558908
v -3.351110 2.674468 0.874406
v -3.351262 2.674696 0.874311
v -3.351189 2.674494 0.874337
v -3.351043 2.674315 0.874336
v -3.350980 2.674351 0.874416
v -3.350936 2.674423 0.874478
v -3.351120 2.674564 0.874429
v -3.335585 2.674175 0.863208
v -3.345815 2.674190 0.870893
v -3.349827 2.674229 0.873869
v -3.335656 2.674095 0.863114
v -3.345885 2.674110 0.870801
v -3.349893 2.674151 0.873781
v -3.335732 2.674027 0.863013
v -3.345960 2.674043 0.870701
v -3.349966 2.674088 0.873685
v -2.932396 2.674331 0.558710
v -2.932394 2.674600 0.558635
v -2.932352 2.674416 0.558742
v -2.932373 2.674234 0.558856
v -2.932435 2.674194 0.558777
v -2.932499 2.674196 0.558688
v -2.932434 2.674391 0.558633
v -3.351329 2.674331 0.874116
v -3.351415 2.674600 0.874108
v -3.351396 2.674391 0.874062
v -3.351300 2.674196 0.873995
v -3.351232 2.674193 0.874081
v -3.351174 2.674234 0.874163
v -3.351314 2.674416 0.874171
v -3.335896 2.673924 0.862796
v -3.346121 2.673942 0.870487
v -3.350121 2.673991 0.873478
v -3.335982 2.673892 0.862682
v -3.346205 2.673909 0.870375
v -3.350202 2.673957 0.873370
v -3.336069 2.673872 0.862566
v -3.346292 2.673891 0.870260
v -3.350285 2.673941 0.873260
v -2.932632 2.674331 0.558396
v -2.932560 2.674600 0.558415
v -2.932570 2.674391 0.558453
v -2.932640 2.674196 0.558501
v -2.932708 2.674194 0.558415
v -2.932766 2.674234 0.558333
v -2.932652 2.674416 0.558344
v -3.351565 2.674331 0.873802
v -3.351581 2.674600 0.873888
v -3.351614 2.674416 0.873773
v -3.351567 2.674234 0.873640
v -3.351505 2.674193 0.873719
v -3.351441 2.674196 0.873808
v -3.351532 2.674391 0.873882
v -3.336246 2.673872 0.862331
v -3.346467 2.673891 0.870028
v -3.350454 2.673941 0.873036
v -3.336334 2.673892 0.862214
v -3.346553 2.673909 0.869913
v -3.350537 2.673957 0.872926
v -3.336419 2.673924 0.862100
v -3.346637 2.673942 0.869801
v -3.350618 2.673991 0.872818
v -2.932851 2.674468 0.558105
v -2.932713 2.674696 0.558211
v -2.932777 2.674494 0.558178
v -2.932897 2.674315 0.558160
v -2.932960 2.674351 0.558080
v -2.933003 2.674423 0.558018
v -2.932846 2.674564 0.558086
v -3.351784 2.674468 0.873512
v -3.351734 2.674696 0.873684
v -3.351808 2.674564 0.873515
v -3.351804 2.674423 0.873325
v -3.351756 2.674351 0.873384
v -3.351697 2.674315 0.873467
v -3.351739 2.674494 0.873607
v -3.336583 2.674027 0.861883
v -3.346799 2.674043 0.869587
v -3.350773 2.674088 0.872611
v -3.336659 2.674095 0.861782
v -3.346874 2.674110 0.869487
v -3.350846 2.674151 0.872515
v -3.336730 2.674175 0.861688
v -3.346944 2.674190 0.869394
v -3.350912 2.674229 0.872427
v -2.933018 2.674721 0.557883
v -2.932830 2.674873 0.558056
v -2.932942 2.674709 0.557959
v -2.933103 2.674574 0.557886
v -2.933152 2.674643 0.557824
v -2.933175 2.674736 0.557791
v -2.932988 2.674814 0.557897
v -3.351951 2.674721 0.873290
v -3.351851 2.674873 0.873528
v -3.351950 2.674814 0.873326
v -3.351975 2.674736 0.873098
v -3.351949 2.674643 0.873128
v -3.351904 2.674574 0.873193
v -3.351904 2.674709 0.873387
v -3.336855 2.674365 0.861522
v -3.347067 2.674376 0.869230
v -3.351032 2.674409 0.872269
v -3.336908 2.674472 0.861452
v -3.347119 2.674482 0.869161
v -3.351083 2.674509 0.872200
v -3.336953 2.674587 0.861391
v -3.347164 2.674596 0.869102
v -3.351124 2.674619 0.872145
v -2.933108 2.675051 0.557763
v -2.932894 2.675105 0.557971
v -2.933040 2.675004 0.557828
v -2.933228 2.674933 0.557720
v -2.933257 2.675024 0.557685
v -2.933254 2.675124 0.557686
v -2.933057 2.675128 0.557806
v -3.352041 2.675051 0.873170
v -3.351915 2.675105 0.873444
v -3.352019 2.675128 0.873235
v -3.352054 2.675124 0.872993
v -3.352054 2.675024 0.872990
v -3.352029 2.674933 0.873027
v -3.352002 2.675004 0.873257
v -3.337021 2.674834 0.861301
v -3.347231 2.674840 0.869013
v -3.351189 2.674855 0.872060
v -3.337042 2.674964 0.861273
v -3.347252 2.674968 0.868984
v -3.351211 2.674977 0.872030
v -3.337055 2.675097 0.861256
v -3.347265 2.675098 0.868968
v -3.351221 2.675103 0.872016
v -2.933108 2.675409 0.557763
v -2.932894 2.675356 0.557971
v -2.933057 2.675333 0.557806
v -2.933254 2.675337 0.557686
v -2.933257 2.675437 0.557685
v -2.933228 2.675528 0.557720
v -2.933040 2.675457 0.557828
v -3.352041 2.675409 0.873170
v -3.351915 2.675356 0.873444
v -3.352002 2.675457 0.873257
v -3.352029 2.675528 0.873027
v -3.352054 2.675437 0.872990
v -3.352054 2.675337 0.872993
v -3.352019 2.675333 0.873235
v -3.337055 2.675364 0.861256
v -3.347265 2.675363 0.868968
v -3.351221 2.675358 0.872016
v -3.337042 2.675497 0.861273
v -3.347252 2.675493 0.868984
v -3.351211 2.675484 0.872030
v -3.337021 2.675627 0.861301
v -3.347231 2.675621 0.869013
v -3.351189 2.675606 0.872060
v -2.933018 2.675740 0.557883
v -2.932830 2.675587 0.558055
v -2.932988 2.675646 0.557897
v -2.933175 2.675725 0.557791
v -2.933152 2.675818 0.557824
v -2.933103 2.675887 0.557886
v -2.932942 2.675751 0.557959
v -3.351951 2.675740 0.873290
v -3.351851 2.675587 0.873529
v -3.351904 2.675751 0.873387
v -3.351903 2.675887 0.873193
v -3.351949 2.675818 0.873128
v -3.351975 2.675725 0.873098
v -3.351950 2.675646 0.873326
v -3.336953 2.675874 0.861391
v -3.347164 2.675865 0.869102
v -3.351124 2.675842 0.872145
v -3.336908 2.675989 0.861452
v -3.347119 2.675979 0.869161
v -3.351083 2.675951 0.872200
v -3.336855 2.676096 0.861522
v -3.347067 2.676084 0.869230
v -3.351032 2.676052 0.872269
v -2.932851 2.675993 0.558105
v -2.932713 2.675765 0.558211
v -2.932846 2.675896 0.558086
v -2.933004 2.676037 0.558018
v -2.932960 2.676110 0.558080
v -2.932897 2.676146 0.558160
v -2.932777 2.675967 0.558178
v -3.351784 2.675993 0.873512
v -3.351734 2.675765 0.873684
v -3.351739 2.675967 0.873607
v -3.351697 2.676145 0.873467
v -3.351756 2.676109 0.873384
v -3.351804 2.676037 0.873325
v -3.351808 2.675896 0.873515
v -3.336730 2.676286 0.861688
v -3.346944 2.676271 0.869394
v -3.350912 2.676232 0.872427
v -3.336659 2.676365 0.861782
v -3.346874 2.676350 0.869487
v -3.350846 2.676310 0.872515
v -3.336583 2.676434 0.861883
v -3.346799 2.676418 0.869587
v -3.350773 2.676373 0.872611
v -2.932632 2.676130 0.558396
v -2.932560 2.675861 0.558415
v -2.932652 2.676045 0.558344
v -2.932766 2.676227 0.558333
v -2.932708 2.676267 0.558415
v -2.932640 2.676265 0.558501
v -2.932570 2.676070 0.558453
v -3.351565 2.676130 0.873802
v -3.351581 2.675861 0.873888
v -3.351532 2.676070 0.873882
v -3.351441 2.676265 0.873808
v -3.351505 2.676267 0.873719
v -3.351567 2.676227 0.873640
v -3.351614 2.676045 0.873773
v -3.336419 2.676537 0.862100
v -3.346637 2.676519 0.869801
v -3.350618 2.676470 0.872818
v -3.336334 2.676569 0.862214
v -3.346553 2.676552 0.869913
v -3.350537 2.676503 0.872926
v -3.336246 2.676589 0.862331
v -3.346467 2.676570 0.870028
v -3.350454 2.676519 0.873036
v -2.932396 2.676130 0.558710
v -2.932394 2.675861 0.558635
v -2.932434 2.676070 0.558633
v -2.932499 2.676265 0.558688
v -2.932435 2.676267 0.558777
v -2.932373 2.676227 0.558856
v -2.932352 2.676045 0.558742
v -3.351329 2.676130 0.874116
v -3.351415 2.675861 0.874108
v -3.351314 2.676045 0.874171
v -3.351174 2.676227 0.874163
v -3.351232 2.676267 0.874081
v -3.351300 2.676265 0.873995
v -3.351396 2.676070 0.874062
v -3.336069 2.676589 0.862566
v -3.346292 2.676570 0.870260
v -3.350285 2.676519 0.873260
v -3.335982 2.676569 0.862682
v -3.346205 2.676552 0.870375
v -3.350202 2.676503 0.873370
v -3.335896 2.676537 0.862796
v -3.346121 2.676519 0.870487
v -3.350121 2.676470 0.873478
v -2.932178 2.675993 0.559000
v -2.932241 2.675765 0.558838
v -2.932227 2.675967 0.558908
v -2.932243 2.676146 0.559029
v -2.932183 2.676110 0.559111
v -2.932136 2.676037 0.559171
v -2.932158 2.675896 0.559001
v -3.351110 2.675993 0.874407
v -3.351262 2.675765 0.874311
v -3.351120 2.675896 0.874429
v -3.350936 2.676037 0.874478
v -3.350980 2.676109 0.874416
v -3.351043 2.676145 0.874336
v -3.351189 2.675967 0.874337
v -3.335732 2.676434 0.863013
v -3.345960 2.676418 0.870701
v -3.349966 2.676373 0.873685
v -3.335656 2.676365 0.863114
v -3.345885 2.676350 0.870801
v -3.349893 2.676310 0.873781
v -3.335585 2.676286 0.863208
v -3.345815 2.676271 0.870893
v -3.349827 2.676232 0.873869
v -2.932010 2.675740 0.559222
v -2.932124 2.675587 0.558994
v -2.932062 2.675751 0.559128
v -2.932036 2.675887 0.559303
v -2.931990 2.675818 0.559367
v -2.931965 2.675725 0.559398
v -2.932015 2.675646 0.559190
v -3.350943 2.675740 0.874629
v -3.351145 2.675587 0.874467
v -3.350977 2.675646 0.874618
v -3.350765 2.675725 0.874705
v -3.350787 2.675818 0.874672
v -3.350837 2.675887 0.874610
v -3.351024 2.675751 0.874557
v -3.335460 2.676096 0.863374
v -3.345691 2.676084 0.871058
v -3.349707 2.676052 0.874027
v -3.335407 2.675989 0.863445
v -3.345639 2.675979 0.871127
v -3.349656 2.675951 0.874096
v -3.335362 2.675874 0.863505
v -3.345594 2.675865 0.871186
v -3.349615 2.675842 0.874151
v -2.931920 2.675409 0.559342
v -2.932060 2.675356 0.559078
v -2.931963 2.675457 0.559259
v -2.931911 2.675528 0.559469
v -2.931886 2.675437 0.559506
v -2.931886 2.675337 0.559503
v -2.931947 2.675333 0.559280
v -3.350853 2.675409 0.874749
v -3.351081 2.675356 0.874551
v -3.350909 2.675333 0.874709
v -3.350686 2.675337 0.874810
v -3.350683 2.675437 0.874810
v -3.350712 2.675528 0.874776
v -3.350925 2.675457 0.874687
v -3.335294 2.675627 0.863595
v -3.345528 2.675621 0.871275
v -3.349550 2.675606 0.874236
v -3.335273 2.675497 0.863623
v -3.345506 2.675493 0.871304
v -3.349528 2.675484 0.874266
v -3.335260 2.675364 0.863641
v -3.345494 2.675363 0.871320
v -3.349517 2.675358 0.874280
v -3.118618 2.675096 0.700539
v -3.128589 2.675096 0.708045
v -3.132340 2.675096 0.710870
v -3.118631 2.674964 0.700522
v -3.128602 2.674964 0.708028
v -3.132353 2.674964 0.710853
v -3.118653 2.674833 0.700493
v -3.128623 2.674833 0.708000
v -3.132375 2.674833 0.710824
v -3.118721 2.674586 0.700403
v -3.128691 2.674586 0.707909
v -3.132442 2.674586 0.710734
v -3.118766 2.674471 0.700342
v -3.128736 2.674471 0.707849
v -3.132488 2.674471 0.710673
v -3.118819 2.674363 0.700272
v -3.128789 2.674363 0.707779
v -3.132541 2.674363 0.710603
v -3.118944 2.674173 0.700106
v -3.128915 2.674173 0.707612
v -3.132666 2.674173 0.710437
v -3.119015 2.674093 0.700011
v -3.128986 2.674093 0.707518
v -3.132737 2.674093 0.710342
v -3.119092 2.674024 0.699910
v -3.129062 2.674024 0.707417
v -3.132814 2.674024 0.710241
v -3.119255 2.673922 0.699693
v -3.129226 2.673922 0.707199
v -3.132977 2.673922 0.710024
v -3.119341 2.673889 0.699578
v -3.129312 2.673889 0.707085
v -3.133063 2.673889 0.709909
v -3.119429 2.673869 0.699462
v -3.129400 2.673869 0.706968
v -3.133151 2.673869 0.709793
v -3.119606 2.673869 0.699226
v -3.129577 2.673869 0.706733
v -3.133328 2.673869 0.709557
v -3.119694 2.673889 0.699110
v -3.129664 2.673889 0.706616
v -3.133416 2.673889 0.709441
v -3.119780 2.673922 0.698996
v -3.129750 2.673922 0.706502
v -3.133502 2.673922 0.709327
v -3.119944 2.674024 0.698778
v -3.129914 2.674024 0.706285
v -3.133666 2.674024 0.709109
v -3.120020 2.674093 0.698677
v -3.129990 2.674093 0.706184
v -3.133742 2.674093 0.709008
v -3.120091 2.674173 0.698582
v -3.130062 2.674173 0.706089
v -3.133813 2.674173 0.708913
v -3.120217 2.674363 0.698416
v -3.130187 2.674363 0.705923
v -3.133938 2.674363 0.708747
v -3.120269 2.674471 0.698346
v -3.130240 2.674471 0.705852
v -3.133991 2.674471 0.708677
v -3.120315 2.674586 0.698285
v -3.130285 2.674586 0.705792
v -3.134037 2.674586 0.708616
v -3.120383 2.674833 0.698195
v -3.130353 2.674833 0.705702
v -3.134105 2.674833 0.708526
v -3.120404 2.674964 0.698167
v -3.130375 2.674964 0.705673
v -3.134126 2.674964 0.708498
v -3.120417 2.675096 0.698149
v -3.130388 2.675096 0.705656
v -3.134139 2.675096 0.708480
v -3.120417 2.675364 0.698149
v -3.130388 2.675364 0.705656
v -3.134139 2.675364 0.708480
v -3.120404 2.675497 0.698167
v -3.130375 2.675497 0.705673
v -3.134126 2.675497 0.708498
v -3.120383 2.675627 0.698195
v -3.130353 2.675627 0.705702
v -3.134105 2.675627 0.708526
v -3.120315 2.675875 0.698285
v -3.130285 2.675875 0.705792
v -3.134037 2.675875 0.708616
v -3.120269 2.675990 0.698346
v -3.130240 2.675990 0.705852
v -3.133991 2.675990 0.708677
v -3.120217 2.676098 0.698416
v -3.130187 2.676098 0.705923
v -3.133938 2.676098 0.708747
v -3.120091 2.676288 0.698582
v -3.130062 2.676288 0.706089
v -3.133813 2.676288 0.708913
v -3.120020 2.676368 0.698677
v -3.129990 2.676368 0.706184
v -3.133742 2.676368 0.709008
v -3.119944 2.676436 0.698778
v -3.129914 2.676436 0.706285
v -3.133666 2.676436 0.709109
v -3.119780 2.676539 0.698996
v -3.129750 2.676539 0.706502
v -3.133502 2.676539 0.709327
v -3.119694 2.676572 0.699110
v -3.129664 2.676572 0.706616
v -3.133416 2.676572 0.709441
v -3.119606 2.676591 0.699226
v -3.129577 2.676591 0.706733
v -3.133328 2.676591 0.709557
v -3.119429 2.676591 0.699462
v -3.129400 2.676591 0.706968
v -3.133151 2.676591 0.709793
v -3.119341 2.676572 0.699578
v -3.129312 2.676572 0.707085
v -3.133063 2.676572 0.709909
v -3.119255 2.676539 0.699693
v -3.129226 2.676539 0.707199
v -3.132977 2.676539 0.710024
v -3.119092 2.676436 0.699910
v -3.129062 2.676436 0.707417
v -3.132814 2.676436 0.710241
v -3.119015 2.676368 0.700011
v -3.128986 2.676368 0.707518
v -3.132737 2.676368 0.710342
v -3.118944 2.676288 0.700106
v -3.128915 2.676288 0.707612
v -3.132666 2.676288 0.710437
v -3.118819 2.676098 0.700272
v -3.128789 2.676098 0.707779
v -3.132541 2.676098 0.710603
v -3.118766 2.675990 0.700342
v -3.128736 2.675990 0.707849
v -3.132488 2.675990 0.710673
v -3.118721 2.675875 0.700403
v -3.128691 2.675875 0.707910
v -3.132442 2.675875 0.710734
v -3.118653 2.675627 0.700493
v -3.128623 2.675627 0.708000
v -3.132375 2.675627 0.710824
v -3.118631 2.675497 0.700522
v -3.128602 2.675497 0.708028
v -3.132353 2.675497 0.710853
v -3.118618 2.675364 0.700539
v -3.128589 2.675364 0.708045
v -3.132340 2.675364 0.710870
v -2.996306 2.675627 0.608381
v -3.032753 2.675627 0.635820
v -3.069170 2.675627 0.663238
v -2.996285 2.675497 0.608409
v -3.032731 2.675497 0.635849
v -3.069148 2.675497 0.663267
v -2.996272 2.675364 0.608427
v -3.032718 2.675364 0.635866
v -3.069135 2.675364 0.663284
v -2.996472 2.676098 0.608160
v -3.032919 2.676098 0.635599
v -3.069336 2.676098 0.663017
v -2.996420 2.675990 0.608230
v -3.032866 2.675990 0.635670
v -3.069283 2.675990 0.663088
v -2.996374 2.675875 0.608291
v -3.032820 2.675875 0.635730
v -3.069238 2.675875 0.663148
v -2.996745 2.676436 0.607798
v -3.033191 2.676436 0.635237
v -3.069609 2.676436 0.662655
v -2.996669 2.676368 0.607899
v -3.033115 2.676368 0.635338
v -3.069533 2.676368 0.662756
v -2.996598 2.676288 0.607993
v -3.033044 2.676288 0.635433
v -3.069461 2.676288 0.662851
v -2.997083 2.676591 0.607349
v -3.033529 2.676591 0.634789
v -3.069946 2.676591 0.662207
v -2.996995 2.676572 0.607466
v -3.033441 2.676572 0.634906
v -3.069859 2.676572 0.662324
v -2.996909 2.676539 0.607580
v -3.033355 2.676539 0.635020
v -3.069772 2.676539 0.662438
v -2.997434 2.676539 0.606883
v -3.033880 2.676539 0.634323
v -3.070297 2.676539 0.661741
v -2.997348 2.676572 0.606997
v -3.033794 2.676572 0.634437
v -3.070211 2.676572 0.661855
v -2.997260 2.676591 0.607114
v -3.033706 2.676591 0.634554
v -3.070123 2.676591 0.661972
v -2.997745 2.676288 0.606470
v -3.034191 2.676288 0.633910
v -3.070608 2.676288 0.661328
v -2.997674 2.676368 0.606565
v -3.034120 2.676368 0.634004
v -3.070537 2.676368 0.661422
v -2.997597 2.676436 0.606666
v -3.034044 2.676436 0.634105
v -3.070461 2.676436 0.661523
v -2.997968 2.675875 0.606173
v -3.034415 2.675875 0.633613
v -3.070832 2.675875 0.661031
v -2.997923 2.675990 0.606233
v -3.034369 2.675990 0.633673
v -3.070786 2.675990 0.661091
v -2.997870 2.676098 0.606304
v -3.034316 2.676098 0.633743
v -3.070734 2.676098 0.661161
v -2.998071 2.675364 0.606037
v -3.034517 2.675364 0.633476
v -3.070935 2.675364 0.660895
v -2.998058 2.675497 0.606054
v -3.034504 2.675497 0.633494
v -3.070921 2.675497 0.660912
v -2.998036 2.675627 0.606083
v -3.034482 2.675627 0.633522
v -3.070900 2.675627 0.660940
v -2.998036 2.674833 0.606083
v -3.034482 2.674833 0.633522
v -3.070900 2.674833 0.660940
v -2.998058 2.674964 0.606054
v -3.034504 2.674964 0.633494
v -3.070921 2.674964 0.660912
v -2.998071 2.675096 0.606037
v -3.034517 2.675096 0.633476
v -3.070935 2.675096 0.660895
v -2.997870 2.674363 0.606304
v -3.034316 2.674363 0.633743
v -3.070734 2.674363 0.661161
v -2.997923 2.674471 0.606233
v -3.034369 2.674471 0.633673
v -3.070786 2.674471 0.661091
v -2.997968 2.674586 0.606173
v -3.034415 2.674586 0.633613
v -3.070832 2.674586 0.661031
v -2.997597 2.674024 0.606666
v -3.034044 2.674024 0.634105
v -3.070461 2.674024 0.661523
v -2.997674 2.674093 0.606565
v -3.034120 2.674093 0.634004
v -3.070537 2.674093 0.661422
v -2.997745 2.674173 0.606470
v -3.034191 2.674173 0.633910
v -3.070608 2.674173 0.661328
v -2.997260 2.673869 0.607114
v -3.033706 2.673869 0.634554
v -3.070123 2.673869 0.661972
v -2.997348 2.673889 0.606997
v -3.033794 2.673889 0.634437
v -3.070211 2.673889 0.661855
v -2.997434 2.673922 0.606883
v -3.033880 2.673922 0.634323
v -3.070297 2.673922 0.661741
v -2.996909 2.673922 0.607580
v -3.033355 2.673922 0.635020
v -3.069772 2.673922 0.662438
v -2.996995 2.673889 0.607466
v -3.033441 2.673889 0.634906
v -3.069859 2.673889 0.662324
v -2.997083 2.673869 0.607349
v -3.033529 2.673869 0.634789
v -3.069946 2.673869 0.662207
v -2.996598 2.674173 0.607993
v -3.033044 2.674173 0.635433
v -3.069461 2.674173 0.662851
v -2.996669 2.674093 0.607899
v -3.033115 2.674093 0.635338
v -3.069533 2.674093 0.662756
v -2.996745 2.674024 0.607798
v -3.033191 2.674024 0.635237
v -3.069609 2.674024 0.662655
v -2.996374 2.674586 0.608291
v -3.032820 2.674586 0.635730
v -3.069238 2.674586 0.663148
v -2.996420 2.674471 0.608230
v -3.032866 2.674471 0.635670
v -3.069283 2.674471 0.663088
v -2.996472 2.674363 0.608160
v -3.032919 2.674363 0.635599
v -3.069336 2.674363 0.663017
v -2.996272 2.675096 0.608427
v -3.032718 2.675096 0.635866
v -3.069135 2.675096 0.663284
v -2.996285 2.674964 0.608409
v -3.032731 2.674964 0.635849
v -3.069148 2.674964 0.663267
v -2.996306 2.674833 0.608381
v -3.032753 2.674833 0.635820
v -3.069170 2.674833 0.663238
v -2.932588 2.675103 0.560381
v -2.936449 2.675098 0.563358
v -2.946566 2.675097 0.571001
v -2.932598 2.674977 0.560367
v -2.936461 2.674968 0.563342
v -2.946579 2.674964 0.570983
v -2.932620 2.674855 0.560338
v -2.936483 2.674840 0.563313
v -2.946601 2.674834 0.570955
v -2.932685 2.674619 0.560252
v -2.936550 2.674596 0.563224
v -2.946668 2.674587 0.570865
v -2.932726 2.674509 0.560197
v -2.936594 2.674482 0.563165
v -2.946714 2.674472 0.570804
v -2.932777 2.674409 0.560129
v -2.936647 2.674376 0.563095
v -2.946767 2.674365 0.570734
v -2.932897 2.674229 0.559970
v -2.936770 2.674190 0.562931
v -2.946892 2.674175 0.570568
v -2.932963 2.674151 0.559882
v -2.936840 2.674110 0.562839
v -2.946963 2.674095 0.570474
v -2.933036 2.674088 0.559786
v -2.936915 2.674043 0.562739
v -2.947039 2.674027 0.570373
v -2.933192 2.673991 0.559579
v -2.937076 2.673942 0.562525
v -2.947202 2.673924 0.570156
v -2.933272 2.673957 0.559472
v -2.937161 2.673909 0.562413
v -2.947288 2.673892 0.570042
v -2.933355 2.673941 0.559361
v -2.937247 2.673891 0.562298
v -2.947376 2.673872 0.569925
v -2.933524 2.673941 0.559137
v -2.937422 2.673891 0.562066
v -2.947552 2.673872 0.569691
v -2.933607 2.673957 0.559027
v -2.937508 2.673909 0.561951
v -2.947640 2.673892 0.569574
v -2.933688 2.673991 0.558920
v -2.937593 2.673942 0.561839
v -2.947726 2.673924 0.569460
v -2.933844 2.674088 0.558713
v -2.937754 2.674043 0.561625
v -2.947889 2.674027 0.569243
v -2.933916 2.674151 0.558616
v -2.937829 2.674110 0.561525
v -2.947965 2.674095 0.569142
v -2.933982 2.674229 0.558528
v -2.937899 2.674190 0.561432
v -2.948036 2.674175 0.569048
v -2.934102 2.674409 0.558370
v -2.938022 2.674376 0.561268
v -2.948161 2.674365 0.568882
v -2.934153 2.674509 0.558302
v -2.938075 2.674482 0.561199
v -2.948214 2.674472 0.568812
v -2.934194 2.674619 0.558247
v -2.938119 2.674596 0.561140
v -2.948260 2.674587 0.568751
v -2.934259 2.674855 0.558161
v -2.938186 2.674840 0.561051
v -2.948327 2.674834 0.568661
v -2.934281 2.674977 0.558132
v -2.938208 2.674968 0.561022
v -2.948349 2.674964 0.568633
v -2.934292 2.675103 0.558118
v -2.938220 2.675098 0.561006
v -2.948362 2.675097 0.568615
v -2.934292 2.675358 0.558118
v -2.938220 2.675363 0.561006
v -2.948362 2.675364 0.568615
v -2.934281 2.675484 0.558132
v -2.938208 2.675493 0.561022
v -2.948349 2.675497 0.568633
v -2.934259 2.675606 0.558161
v -2.938186 2.675621 0.561051
v -2.948327 2.675627 0.568661
v -2.934194 2.675842 0.558247
v -2.938119 2.675865 0.561140
v -2.948260 2.675874 0.568751
v -2.934153 2.675951 0.558302
v -2.938075 2.675979 0.561199
v -2.948214 2.675989 0.568812
v -2.934102 2.676052 0.558370
v -2.938022 2.676084 0.561268
v -2.948161 2.676096 0.568882
v -2.933982 2.676232 0.558528
v -2.937899 2.676271 0.561432
v -2.948036 2.676286 0.569048
v -2.933916 2.676310 0.558616
v -2.937829 2.676350 0.561525
v -2.947965 2.676365 0.569142
v -2.933844 2.676373 0.558713
v -2.937754 2.676418 0.561625
v -2.947889 2.676434 0.569243
v -2.933688 2.676470 0.558920
v -2.937593 2.676519 0.561839
v -2.947726 2.676537 0.569460
v -2.933607 2.676504 0.559027
v -2.937508 2.676552 0.561951
v -2.947640 2.676569 0.569574
v -2.933524 2.676519 0.559137
v -2.937422 2.676570 0.562066
v -2.947552 2.676589 0.569691
v -2.933355 2.676519 0.559361
v -2.937247 2.676570 0.562298
v -2.947376 2.676589 0.569925
v -2.933272 2.676504 0.559472
v -2.937161 2.676552 0.562413
v -2.947288 2.676569 0.570042
v -2.933192 2.676470 0.559579
v -2.937076 2.676519 0.562525
v -2.947202 2.676537 0.570156
v -2.933036 2.676373 0.559786
v -2.936915 2.676418 0.562739
v -2.947039 2.676434 0.570373
v -2.932963 2.676310 0.559882
v -2.936840 2.676350 0.562839
v -2.946963 2.676365 0.570474
v -2.932897 2.676232 0.559970
v -2.936770 2.676271 0.562931
v -2.946892 2.676286 0.570568
v -2.932777 2.676052 0.560129
v -2.936647 2.676084 0.563095
v -2.946767 2.676096 0.570734
v -2.932726 2.675951 0.560197
v -2.936594 2.675979 0.563165
v -2.946714 2.675989 0.570804
v -2.932685 2.675842 0.560252
v -2.936550 2.675865 0.563224
v -2.946668 2.675874 0.570865
v -2.932620 2.675606 0.560338
v -2.936483 2.675621 0.563313
v -2.946601 2.675627 0.570955
v -2.932598 2.675484 0.560367
v -2.936461 2.675493 0.563342
v -2.946579 2.675497 0.570983
v -2.932588 2.675358 0.560381
v -2.936449 2.675363 0.563358
v -2.946566 2.675364 0.571001
v -3.149144 2.675627 0.723449
v -3.152984 2.675627 0.726340
v -3.163028 2.675627 0.733902
v -3.149122 2.675497 0.723478
v -3.152962 2.675497 0.726369
v -3.163006 2.675497 0.733931
v -3.149109 2.675364 0.723495
v -3.152949 2.675364 0.726386
v -3.162993 2.675364 0.733948
v -3.149310 2.676098 0.723228
v -3.153150 2.676098 0.726119
v -3.163194 2.676098 0.733681
v -3.149257 2.675990 0.723298
v -3.153097 2.675990 0.726190
v -3.163141 2.675990 0.733751
v -3.149212 2.675875 0.723359
v -3.153052 2.675875 0.726250
v -3.163095 2.675875 0.733812
v -3.149583 2.676436 0.722866
v -3.153423 2.676436 0.725757
v -3.163466 2.676436 0.733319
v -3.149507 2.676368 0.722967
v -3.153347 2.676368 0.725858
v -3.163390 2.676368 0.733420
v -3.149435 2.676288 0.723062
v -3.153275 2.676288 0.725953
v -3.163319 2.676288 0.733515
v -3.149920 2.676591 0.722418
v -3.153760 2.676591 0.725309
v -3.163804 2.676591 0.732871
v -3.149832 2.676572 0.722534
v -3.153672 2.676572 0.725426
v -3.163716 2.676572 0.732987
v -3.149746 2.676539 0.722649
v -3.153586 2.676539 0.725540
v -3.163630 2.676539 0.733102
v -3.150271 2.676539 0.721952
v -3.154111 2.676539 0.724843
v -3.164155 2.676539 0.732405
v -3.150185 2.676572 0.722066
v -3.154025 2.676572 0.724957
v -3.164069 2.676572 0.732519
v -3.150097 2.676591 0.722183
v -3.153937 2.676591 0.725074
v -3.163981 2.676591 0.732635
v -3.150582 2.676288 0.721539
v -3.154422 2.676288 0.724430
v -3.164466 2.676288 0.731991
v -3.150511 2.676368 0.721633
v -3.154351 2.676368 0.724524
v -3.164395 2.676368 0.732086
v -3.150435 2.676436 0.721734
v -3.154275 2.676436 0.724625
v -3.164319 2.676436 0.732187
v -3.150806 2.675875 0.721241
v -3.154646 2.675875 0.724132
v -3.164690 2.675875 0.731694
v -3.150760 2.675990 0.721302
v -3.154600 2.675990 0.724193
v -3.164644 2.675990 0.731755
v -3.150707 2.676098 0.721372
v -3.154548 2.676098 0.724263
v -3.164591 2.676098 0.731825
v -3.150908 2.675364 0.721105
v -3.154748 2.675364 0.723996
v -3.164792 2.675364 0.731558
v -3.150895 2.675497 0.721123
v -3.154735 2.675497 0.724014
v -3.164779 2.675497 0.731576
v -3.150874 2.675627 0.721151
v -3.154714 2.675627 0.724042
v -3.164757 2.675627 0.731604
v -3.150874 2.674833 0.721151
v -3.154714 2.674833 0.724042
v -3.164757 2.674833 0.731604
v -3.150895 2.674964 0.721123
v -3.154735 2.674964 0.724014
v -3.164779 2.674963 0.731576
v -3.150908 2.675096 0.721105
v -3.154748 2.675096 0.723996
v -3.164792 2.675096 0.731558
v -3.150707 2.674363 0.721372
v -3.154548 2.674363 0.724263
v -3.164591 2.674363 0.731825
v -3.150760 2.674471 0.721302
v -3.154600 2.674471 0.724193
v -3.164644 2.674471 0.731755
v -3.150806 2.674586 0.721241
v -3.154646 2.674586 0.724132
v -3.164690 2.674586 0.731694
v -3.150435 2.674024 0.721734
v -3.154275 2.674024 0.724625
v -3.164319 2.674024 0.732187
v -3.150511 2.674093 0.721633
v -3.154351 2.674093 0.724524
v -3.164395 2.674093 0.732086
v -3.150582 2.674173 0.721539
v -3.154422 2.674173 0.724430
v -3.164466 2.674173 0.731991
v -3.150097 2.673869 0.722183
v -3.153937 2.673869 0.725074
v -3.163981 2.673869 0.732635
v -3.150185 2.673889 0.722066
v -3.154025 2.673889 0.724957
v -3.164069 2.673889 0.732519
v -3.150271 2.673922 0.721952
v -3.154111 2.673922 0.724843
v -3.164155 2.673922 0.732405
v -3.149746 2.673922 0.722649
v -3.153586 2.673922 0.725540
v -3.163630 2.673922 0.733102
v -3.149832 2.673889 0.722534
v -3.153672 2.673889 0.725426
v -3.163716 2.673889 0.732987
v -3.149920 2.673869 0.722418
v -3.153760 2.673869 0.725309
v -3.163804 2.673869 0.732871
v -3.149435 2.674173 0.723062
v -3.153275 2.674173 0.725953
v -3.163319 2.674173 0.733515
v -3.149507 2.674093 0.722967
v -3.153347 2.674093 0.725858
v -3.163390 2.674093 0.733420
v -3.149583 2.674024 0.722866
v -3.153423 2.674024 0.725757
v -3.163466 2.674024 0.733319
v -3.149212 2.674586 0.723359
v -3.153052 2.674586 0.726250
v -3.163095 2.674586 0.733812
v -3.149257 2.674471 0.723298
v -3.153097 2.674471 0.726190
v -3.163141 2.674471 0.733751
v -3.149310 2.674363 0.723228
v -3.153150 2.674363 0.726119
v -3.163194 2.674363 0.733681
v -3.149109 2.675096 0.723495
v -3.152949 2.675096 0.726386
v -3.162993 2.675096 0.733948
v -3.149122 2.674964 0.723478
v -3.152962 2.674964 0.726369
v -3.163006 2.674963 0.733931
v -3.149144 2.674833 0.723449
v -3.152984 2.674833 0.726340
v -3.163028 2.674833 0.733902
v -3.212585 2.675627 0.771213
v -3.249014 2.675627 0.798640
v -3.285476 2.675627 0.826091
v -3.212564 2.675497 0.771242
v -3.248993 2.675497 0.798668
v -3.285455 2.675497 0.826120
v -3.212551 2.675364 0.771259
v -3.248980 2.675364 0.798686
v -3.285442 2.675364 0.826137
v -3.212752 2.676098 0.770992
v -3.249181 2.676098 0.798419
v -3.285643 2.676098 0.825871
v -3.212699 2.675990 0.771063
v -3.249128 2.675990 0.798489
v -3.285590 2.675990 0.825941
v -3.212653 2.675875 0.771123
v -3.249082 2.675875 0.798550
v -3.285544 2.675875 0.826001
v -3.213024 2.676436 0.770630
v -3.249453 2.676436 0.798057
v -3.285915 2.676436 0.825509
v -3.212948 2.676368 0.770731
v -3.249377 2.676368 0.798158
v -3.285839 2.676368 0.825610
v -3.212877 2.676288 0.770826
v -3.249306 2.676288 0.798253
v -3.285768 2.676288 0.825704
v -3.213362 2.676591 0.770182
v -3.249791 2.676591 0.797609
v -3.286253 2.676591 0.825060
v -3.213274 2.676572 0.770299
v -3.249703 2.676572 0.797725
v -3.286165 2.676572 0.825177
v -3.213188 2.676539 0.770413
v -3.249617 2.676539 0.797839
v -3.286079 2.676539 0.825291
v -3.213713 2.676539 0.769716
v -3.250142 2.676539 0.797142
v -3.286604 2.676539 0.824594
v -3.213627 2.676572 0.769830
v -3.250056 2.676572 0.797257
v -3.286518 2.676572 0.824708
v -3.213539 2.676591 0.769947
v -3.249968 2.676591 0.797373
v -3.286430 2.676591 0.824825
v -3.214024 2.676288 0.769303
v -3.250453 2.676288 0.796729
v -3.286915 2.676288 0.824181
v -3.213953 2.676368 0.769397
v -3.250381 2.676368 0.796824
v -3.286844 2.676368 0.824276
v -3.213876 2.676436 0.769498
v -3.250305 2.676436 0.796925
v -3.286767 2.676436 0.824377
v -3.214248 2.675875 0.769005
v -3.250677 2.675875 0.796432
v -3.287139 2.675875 0.823884
v -3.214202 2.675990 0.769066
v -3.250631 2.675990 0.796493
v -3.287093 2.675990 0.823944
v -3.214149 2.676098 0.769136
v -3.250578 2.676098 0.796563
v -3.287040 2.676098 0.824014
v -3.214350 2.675364 0.768869
v -3.250779 2.675364 0.796296
v -3.287241 2.675364 0.823748
v -3.214337 2.675497 0.768887
v -3.250766 2.675497 0.796313
v -3.287228 2.675497 0.823765
v -3.214315 2.675627 0.768915
v -3.250744 2.675627 0.796342
v -3.287206 2.675627 0.823794
v -3.214315 2.674833 0.768915
v -3.250744 2.674833 0.796342
v -3.287206 2.674833 0.823794
v -3.214337 2.674963 0.768887
v -3.250766 2.674963 0.796313
v -3.287228 2.674963 0.823765
v -3.214350 2.675096 0.768869
v -3.250779 2.675096 0.796296
v -3.287241 2.675096 0.823748
v -3.214149 2.674363 0.769136
v -3.250578 2.674363 0.796563
v -3.287040 2.674363 0.824014
v -3.214202 2.674471 0.769066
v -3.250631 2.674471 0.796493
v -3.287093 2.674471 0.823944
v -3.214248 2.674586 0.769005
v -3.250677 2.674586 0.796432
v -3.287139 2.674586 0.823884
v -3.213876 2.674024 0.769498
v -3.250305 2.674024 0.796925
v -3.286767 2.674024 0.824377
v -3.213953 2.674093 0.769397
v -3.250381 2.674093 0.796824
v -3.286844 2.674093 0.824276
v -3.214024 2.674173 0.769303
v -3.250453 2.674173 0.796729
v -3.286915 2.674173 0.824181
v -3.213539 2.673869 0.769947
v -3.249968 2.673869 0.797373
v -3.286430 2.673869 0.824825
v -3.213627 2.673889 0.769830
v -3.250056 2.673889 0.797257
v -3.286518 2.673889 0.824708
v -3.213713 2.673922 0.769716
v -3.250142 2.673922 0.797142
v -3.286604 2.673922 0.824594
v -3.213188 2.673922 0.770413
v -3.249617 2.673922 0.797839
v -3.286079 2.673922 0.825291
v -3.213274 2.673889 0.770299
v -3.249703 2.673889 0.797725
v -3.286165 2.673889 0.825177
v -3.213362 2.673869 0.770182
v -3.249791 2.673869 0.797609
v -3.286253 2.673869 0.825060
v -3.212877 2.674173 0.770826
v -3.249306 2.674173 0.798253
v -3.285768 2.674173 0.825704
v -3.212948 2.674093 0.770731
v -3.249377 2.674093 0.798158
v -3.285839 2.674093 0.825610
v -3.213024 2.674024 0.770630
v -3.249453 2.674024 0.798057
v -3.285915 2.674024 0.825509
v -3.212653 2.674586 0.771123
v -3.249082 2.674586 0.798550
v -3.285544 2.674586 0.826001
v -3.212699 2.674471 0.771063
v -3.249128 2.674471 0.798489
v -3.285590 2.674471 0.825941
v -3.212752 2.674363 0.770992
v -3.249181 2.674363 0.798419
v -3.285643 2.674363 0.825871
v -3.212551 2.675096 0.771259
v -3.248980 2.675096 0.798686
v -3.285442 2.675096 0.826137
v -3.212564 2.674963 0.771242
v -3.248993 2.674963 0.798668
v -3.285455 2.674963 0.826120
v -3.212585 2.674833 0.771213
v -3.249014 2.674833 0.798640
v -3.285476 2.674833 0.826091
vn -0.7988 -0.0160 0.6014
vn -0.1386 0.9848 0.1043
vn 0.1180 0.9890 -0.0889
vn 0.7988 0.0132 -0.6014
vn 0.1206 -0.9885 -0.0908
vn -0.1217 -0.9883 0.0916
vn -0.6159 -0.0160 0.7876
vn -0.1068 0.9848 0.1366
vn 0.0923 0.9888 -0.1169
vn 0.6308 0.0119 -0.7758
vn 0.0931 -0.9885 -0.1190
vn -0.0938 -0.9883 0.1200
vn -0.3911 -0.0160 0.9202
vn -0.0678 0.9848 0.1596
vn 0.0584 0.9888 -0.1374
vn 0.3913 0.0114 -0.9202
vn 0.0591 -0.9885 -0.1390
vn -0.0596 -0.9883 0.1402
vn -0.1396 -0.0160 0.9901
vn -0.0242 0.9849 0.1717
vn 0.0208 0.9888 -0.1475
vn 0.1396 0.0116 -0.9901
vn 0.0211 -0.9885 -0.1496
vn -0.0213 -0.9883 0.1508
vn 0.1214 -0.0160 0.9925
vn 0.0211 0.9849 0.1721
vn -0.0181 0.9889 -0.1476
vn -0.1214 0.0119 -0.9925
vn -0.0183 -0.9885 -0.1499
vn 0.0185 -0.9883 0.1511
vn 0.3742 -0.0160 0.9272
vn 0.0649 0.9849 0.1607
vn -0.0555 0.9889 -0.1375
vn -0.3741 0.0123 -0.9273
vn -0.0565 -0.9885 -0.1399
vn 0.0570 -0.9883 0.1412
vn 0.6014 -0.0161 0.7988
vn 0.1042 0.9849 0.1384
vn -0.0890 0.9890 -0.1182
vn -0.6014 0.0126 -0.7989
vn -0.0907 -0.9886 -0.1205
vn 0.0915 -0.9884 0.1216
vn 0.7876 -0.0161 0.6159
vn 0.1365 0.9849 0.1067
vn -0.1162 0.9891 -0.0909
vn -0.7876 0.0130 -0.6160
vn -0.1188 -0.9886 -0.0929
vn 0.1199 -0.9884 0.0937
vn 0.9202 -0.0161 0.3911
vn 0.1594 0.9849 0.0677
vn -0.1355 0.9891 -0.0575
vn -0.9202 0.0133 -0.3911
vn -0.1387 -0.9886 -0.0589
vn 0.1400 -0.9884 0.0595
vn 0.9901 -0.0161 0.1396
vn 0.1715 0.9849 0.0242
vn -0.1454 0.9892 -0.0205
vn -0.9901 0.0136 -0.1396
vn -0.1491 -0.9886 -0.0210
vn 0.1506 -0.9884 0.0212
vn 0.9925 -0.0161 -0.1214
vn 0.1719 0.9849 -0.0210
vn -0.1455 0.9892 0.0178
vn -0.9925 0.0138 0.1214
vn -0.1494 -0.9886 0.0183
vn 0.1509 -0.9884 -0.0185
vn 0.9272 -0.0161 -0.3742
vn 0.1605 0.9849 -0.0648
vn -0.1358 0.9892 0.0548
vn -0.9273 0.0140 0.3742
vn -0.1396 -0.9886 0.0563
vn 0.1410 -0.9884 -0.0569
vn 0.7988 -0.0161 -0.6014
vn 0.1383 0.9849 -0.1041
vn -0.1170 0.9892 0.0881
vn -0.7988 0.0140 0.6014
vn -0.1202 -0.9886 0.0905
vn 0.1215 -0.9884 -0.0915
vn 0.6159 -0.0161 -0.7876
vn 0.1066 0.9849 -0.1364
vn -0.0902 0.9892 0.1154
vn -0.6159 0.0140 0.7877
vn -0.0927 -0.9886 0.1186
vn 0.0937 -0.9884 -0.1198
vn 0.3911 -0.0161 -0.9202
vn 0.0677 0.9849 -0.1593
vn -0.0574 0.9892 0.1349
vn -0.3911 0.0138 0.9203
vn -0.0589 -0.9886 0.1386
vn 0.0595 -0.9884 -0.1400
vn 0.1396 -0.0161 -0.9901
vn 0.0242 0.9849 -0.1715
vn -0.0205 0.9892 0.1454
vn -0.1395 0.0136 0.9901
vn -0.0210 -0.9886 0.1491
vn 0.0212 -0.9884 -0.1506
vn -0.1214 -0.0161 -0.9925
vn -0.0210 0.9849 -0.1719
vn 0.0179 0.9891 0.1461
vn 0.1215 0.0133 0.9925
vn 0.0183 -0.9886 0.1496
vn -0.0185 -0.9884 -0.1510
vn -0.3742 -0.0161 -0.9272
vn -0.0648 0.9849 -0.1607
vn 0.0552 0.9891 0.1368
vn 0.3742 0.0130 0.9272
vn 0.0564 -0.9886 0.1398
vn -0.0569 -0.9884 -0.1411
vn -0.6014 -0.0161 -0.7988
vn -0.1042 0.9849 -0.1384
vn 0.0890 0.9890 0.1182
vn 0.6015 0.0126 0.7988
vn 0.0907 -0.9886 0.1205
vn -0.0915 -0.9884 -0.1216
vn -0.7876 -0.0160 -0.6159
vn -0.1365 0.9849 -0.1068
vn 0.1168 0.9889 0.0914
vn 0.7877 0.0123 0.6159
vn 0.1189 -0.9885 0.0930
vn -0.1199 -0.9883 -0.0938
vn -0.9202 -0.0160 -0.3911
vn -0.1596 0.9849 -0.0678
vn 0.1368 0.9889 0.0582
vn 0.9203 0.0119 0.3910
vn 0.1389 -0.9885 0.0591
vn -0.1401 -0.9883 -0.0596
vn -0.9901 -0.0160 -0.1396
vn -0.1717 0.9849 -0.0242
vn 0.1475 0.9888 0.0208
vn 0.9901 0.0116 0.1395
vn 0.1496 -0.9885 0.0211
vn -0.1508 -0.9883 -0.0213
vn -0.9925 -0.0160 0.1214
vn -0.1721 0.9848 0.0211
vn 0.1481 0.9888 -0.0181
vn 0.9925 0.0114 -0.1217
vn 0.1500 -0.9885 -0.0183
vn -0.1512 -0.9883 0.0185
vn -0.9272 -0.0160 0.3742
vn -0.1608 0.9848 0.0649
vn 0.1379 0.9888 -0.0563
vn 0.9200 0.0119 -0.3918
vn 0.1401 -0.9885 -0.0566
vn -0.1413 -0.9883 0.0570
vn 0.1214 0.0245 0.9923
vn 0.7987 0.0245 -0.6013
vn -0.3910 0.0244 0.9201
vn 0.6013 0.0245 0.7987
vn -0.7987 0.0244 0.6013
vn -0.3741 0.0245 -0.9271
vn 0.9201 0.0245 0.3910
vn 0.9923 0.0245 -0.1214
vn -0.9271 0.0244 0.3741
vn 0.1396 0.0245 -0.9899
vn -0.1396 0.0244 0.9899
vn -0.7875 0.0245 -0.6158
vn -0.9899 0.0244 -0.1396
vn 0.7875 0.0245 0.6158
vn 0.6158 0.0245 -0.7875
vn 0.3741 0.0245 0.9271
vn 0.9271 0.0245 -0.3741
vn -0.6158 0.0244 0.7875
vn -0.6013 0.0245 -0.7987
vn 0.9899 0.0245 0.1396
vn 0.3910 0.0245 -0.9201
vn -0.1214 0.0245 -0.9923
vn -0.9923 0.0244 0.1214
vn -0.9201 0.0244 -0.3910
vn -0.9203 -0.0113 -0.3911
vn 0.7877 -0.0053 0.6160
vn -0.9925 -0.0142 0.1214
vn -0.3911 -0.0142 0.9202
vn 0.9926 -0.0004 -0.1215
vn -0.1214 -0.0033 -0.9926
vn -0.7988 -0.0153 0.6014
vn -0.7877 -0.0094 -0.6160
vn 0.3912 -0.0004 -0.9203
vn -0.3742 -0.0053 -0.9273
vn 0.7989 -0.0100 -0.6014
vn 0.1214 -0.0113 0.9925
vn -0.9901 -0.0130 -0.1396
vn 0.1396 -0.0017 -0.9902
vn -0.6159 -0.0150 0.7877
vn 0.9249 -0.0023 -0.3802
vn -0.1396 -0.0130 0.9901
vn 0.6015 -0.0073 0.7989
vn 0.9203 -0.0033 0.3911
vn -0.9272 -0.0150 0.3742
vn 0.9902 -0.0017 0.1396
vn 0.6211 -0.0023 -0.7837
vn -0.6015 -0.0073 -0.7989
vn 0.3742 -0.0094 0.9273
vn -0.6015 -0.0000 -0.7989
vn 0.6015 -0.0000 0.7989
vn 0.5342 -0.0000 -0.8454
vn 0.9570 0.0001 -0.2901
vn 0.4711 -0.3881 -0.7921
vn 0.8881 -0.3897 -0.2439
vn 0.3019 -0.6958 -0.6517
vn 0.7057 -0.6984 -0.1194
vn 0.0679 -0.8835 -0.4635
vn 0.4593 -0.8866 0.0544
vn -0.1959 -0.9455 -0.2602
vn 0.1901 -0.9487 0.2525
vn -0.4642 -0.8835 -0.0629
vn -0.0747 -0.8866 0.4564
vn -0.7097 -0.6958 0.1100
vn -0.3098 -0.6984 0.6451
vn -0.8915 -0.3881 0.2337
vn -0.4799 -0.3897 0.7860
vn -0.9601 -0.0000 0.2796
vn -0.5434 -0.0000 0.8395
vn -0.8914 0.3882 0.2337
vn -0.4799 0.3896 0.7860
vn -0.7098 0.6958 0.1100
vn -0.3098 0.6984 0.6452
vn -0.4642 0.8835 -0.0629
vn -0.0747 0.8866 0.4565
vn -0.1959 0.9455 -0.2602
vn 0.1901 0.9487 0.2525
vn 0.0679 0.8835 -0.4635
vn 0.4593 0.8866 0.0544
vn 0.3019 0.6958 -0.6517
vn 0.7057 0.6984 -0.1194
vn 0.4711 0.3882 -0.7921
vn 0.8881 0.3897 -0.2439
vn 0.7989 -0.0000 -0.6015
vn 0.7271 -0.4143 -0.5474
vn 0.5377 -0.7396 -0.4048
vn 0.2818 -0.9357 -0.2121
vn -0.0000 -1.0000 -0.0000
vn -0.2818 -0.9357 0.2121
vn -0.5377 -0.7396 0.4048
vn -0.7271 -0.4143 0.5474
vn -0.7989 -0.0000 0.6015
vn -0.7271 0.4143 0.5474
vn -0.5377 0.7396 0.4048
vn -0.2818 0.9357 0.2121
vn -0.0000 1.0000 -0.0000
vn 0.2818 0.9357 -0.2121
vn 0.5377 0.7396 -0.4048
vn 0.7271 0.4143 -0.5474
vn 0.7989 -0.0000 -0.6014
vn -0.2817 -0.9357 0.2122
vn -0.5377 -0.7396 0.4049
vn -0.7271 -0.4143 0.5475
vn -0.7271 0.4143 0.5475
vn -0.5377 0.7396 0.4049
vn -0.2817 0.9357 0.2122
vn 0.7271 -0.4143 -0.5475
vn 0.5377 -0.7396 -0.4049
vn 0.2817 -0.9357 -0.2122
vn -0.7989 -0.0000 0.6014
vn 0.2817 0.9357 -0.2122
vn 0.5377 0.7396 -0.4049
vn 0.7271 0.4143 -0.5475
vn 0.8934 -0.0000 0.4492
vn 0.2677 -0.0000 0.9635
vn 0.8421 -0.3724 0.3900
vn 0.2222 -0.3864 0.8952
vn 0.7066 -0.6691 0.2302
vn 0.0994 -0.6928 0.7143
vn 0.5245 -0.8514 0.0068
vn -0.0725 -0.8798 0.4697
vn 0.3280 -0.9118 -0.2470
vn -0.2689 -0.9416 0.2025
vn 0.1385 -0.8514 -0.5060
vn -0.4715 -0.8798 -0.0602
vn -0.0259 -0.6691 -0.7427
vn -0.6590 -0.6928 -0.2930
vn -0.1420 -0.3724 -0.9171
vn -0.7989 -0.3864 -0.4610
vn -0.1848 -0.0000 -0.9828
vn -0.8519 -0.0000 -0.5237
vn -0.1420 0.3724 -0.9171
vn -0.7989 0.3864 -0.4610
vn -0.0258 0.6691 -0.7427
vn -0.6590 0.6928 -0.2930
vn 0.1385 0.8514 -0.5059
vn -0.4715 0.8798 -0.0602
vn 0.3280 0.9118 -0.2470
vn -0.2689 0.9416 0.2025
vn 0.5246 0.8513 0.0069
vn -0.0725 0.8798 0.4697
vn 0.7066 0.6691 0.2302
vn 0.0994 0.6928 0.7143
vn 0.8421 0.3724 0.3900
vn 0.2222 0.3864 0.8952
vn 0.5474 -0.4143 0.7271
vn 0.4048 -0.7396 0.5377
vn 0.2121 -0.9357 0.2818
vn -0.2121 -0.9357 -0.2818
vn -0.4048 -0.7396 -0.5377
vn -0.5474 -0.4143 -0.7271
vn -0.5474 0.4143 -0.7271
vn -0.4048 0.7396 -0.5377
vn -0.2121 0.9357 -0.2818
vn 0.2121 0.9357 0.2818
vn 0.4048 0.7396 0.5377
vn 0.5474 0.4143 0.7271
vn 0.5475 -0.4143 0.7271
vn 0.4049 -0.7396 0.5377
vn 0.2122 -0.9357 0.2817
vn -0.6014 -0.0000 -0.7989
vn 0.2122 0.9357 0.2817
vn 0.4049 0.7396 0.5377
vn 0.5475 0.4143 0.7271
vn 0.6014 -0.0000 0.7989
vn -0.2122 -0.9357 -0.2817
vn -0.4049 -0.7396 -0.5377
vn -0.5475 -0.4143 -0.7271
vn -0.5475 0.4143 -0.7271
vn -0.4049 0.7396 -0.5377
vn -0.2122 0.9357 -0.2817
vn -0.1437 -0.9883 -0.0502
vn -0.1467 -0.9883 -0.0408
vn -0.1491 -0.9883 -0.0311
vn -0.0661 -0.9884 -0.1371
vn -0.0749 -0.9884 -0.1325
vn -0.0834 -0.9884 -0.1273
vn -0.9008 0.0140 0.4341
vn -0.8705 0.0140 0.4920
vn -0.8365 0.0140 0.5478
vn -0.9095 -0.1531 -0.3865
vn -0.7556 -0.5710 -0.3211
vn -0.3871 -0.9072 -0.1645
vn -0.1464 0.9892 -0.0109
vn -0.1467 0.9892 -0.0013
vn -0.1465 0.9892 0.0083
vn 0.1199 0.1593 0.9799
vn 0.1013 0.5512 0.8282
vn 0.0553 0.8904 0.4519
vn 0.0274 0.9891 0.1447
vn 0.0368 0.9891 0.1427
vn 0.0461 0.9891 0.1401
vn 0.5926 -0.1707 0.7872
vn 0.4880 -0.5846 0.6482
vn 0.2512 -0.9086 0.3337
vn 0.1247 -0.9885 0.0850
vn 0.1300 -0.9885 0.0767
vn 0.1348 -0.9885 0.0680
vn 0.7887 0.1595 -0.5938
vn 0.6663 0.5517 -0.5017
vn 0.3633 0.8906 -0.2735
vn 0.5722 0.0116 -0.8200
vn 0.5122 0.0114 -0.8588
vn 0.4519 0.0114 -0.8920
vn -0.0063 -0.9987 -0.0511
vn 0.0001 -1.0000 0.0006
vn 0.0064 -0.9986 0.0524
vn -0.1141 -0.9886 0.0982
vn -0.1074 -0.9886 0.1055
vn -0.1003 -0.9886 0.1123
vn -0.0411 -0.9987 0.0309
vn 0.0005 -1.0000 -0.0004
vn 0.0421 -0.9986 -0.0317
vn -0.1861 0.0120 -0.9825
vn -0.2499 0.0121 -0.9682
vn -0.3126 0.0122 -0.9498
vn 0.1131 0.9849 0.1313
vn 0.1214 0.9849 0.1236
vn 0.1292 0.9849 0.1154
vn -0.0310 -0.9987 -0.0411
vn 0.0004 -1.0000 0.0005
vn 0.0318 -0.9986 0.0422
vn -0.0825 0.9892 0.1211
vn -0.0744 0.9892 0.1262
vn -0.0661 0.9892 0.1309
vn -0.1729 0.9849 -0.0129
vn -0.1734 0.9848 -0.0016
vn -0.1731 0.9848 0.0097
vn 0.7791 -0.1474 0.6093
vn 0.6484 -0.5679 0.5071
vn 0.3323 -0.9067 0.2598
vn 0.1485 -0.9885 -0.0281
vn 0.1463 -0.9885 -0.0378
vn 0.1435 -0.9885 -0.0473
vn 0.4201 0.9056 0.0593
vn 0.8208 0.5594 0.1157
vn 0.9803 0.1414 0.1381
vn 0.1494 -0.9884 -0.0283
vn 0.1472 -0.9884 -0.0380
vn 0.1444 -0.9884 -0.0475
vn -0.3291 0.9086 -0.2572
vn -0.6468 0.5708 -0.5058
vn -0.7786 0.1513 -0.6090
vn -0.3830 0.9107 0.1546
vn -0.7562 0.5789 0.3051
vn -0.9156 0.1585 0.3695
vn -0.0752 0.9849 -0.1561
vn -0.0853 0.9849 -0.1508
vn -0.0949 0.9849 -0.1450
vn -0.0075 0.9981 -0.0612
vn -0.0006 1.0000 -0.0047
vn 0.0059 0.9988 0.0484
vn -0.4340 0.0124 -0.9008
vn -0.4920 0.0124 -0.8705
vn -0.5478 0.0125 -0.8365
vn 0.2639 0.9058 -0.3316
vn 0.5187 0.5605 -0.6456
vn 0.6229 0.1425 -0.7692
vn -0.8263 -0.0160 -0.5630
vn -0.8613 -0.0160 -0.5078
vn -0.8926 -0.0160 -0.4505
vn 0.3687 -0.1706 0.9137
vn 0.3036 -0.5845 0.7525
vn 0.1563 -0.9086 0.3874
vn 0.0111 0.9888 -0.1485
vn 0.0013 0.9889 -0.1489
vn -0.0084 0.9889 -0.1485
vn -0.0497 -0.9886 0.1421
vn -0.0403 -0.9886 0.1451
vn -0.0307 -0.9886 0.1474
vn 0.9824 -0.0161 -0.1862
vn 0.9681 -0.0161 -0.2499
vn 0.9497 -0.0161 -0.3126
vn -0.9805 -0.1558 0.1200
vn -0.8138 -0.5725 0.0996
vn -0.4170 -0.9075 0.0510
vn 0.0752 0.9849 0.1561
vn 0.0853 0.9849 0.1509
vn 0.0949 0.9849 0.1450
vn -0.0573 0.9981 0.0231
vn -0.0044 1.0000 0.0018
vn 0.0455 0.9988 -0.0185
vn -0.3861 0.1593 0.9086
vn -0.3264 0.5511 0.7680
vn -0.1781 0.8903 0.4191
vn -0.1154 -0.9883 0.0994
vn -0.1087 -0.9883 0.1067
vn -0.1015 -0.9883 0.1136
vn 0.0380 0.9981 -0.0485
vn 0.0029 1.0000 -0.0037
vn -0.0300 0.9988 0.0384
vn -0.1246 -0.9886 -0.0849
vn -0.1298 -0.9886 -0.0765
vn -0.1345 -0.9886 -0.0679
vn 0.5938 0.1594 0.7887
vn 0.5018 0.5514 0.6665
vn 0.2737 0.8905 0.3636
vn -0.9824 -0.0160 0.1862
vn -0.9681 -0.0160 0.2499
vn -0.9497 -0.0160 0.3126
vn 0.0975 0.9849 -0.1431
vn 0.0879 0.9849 -0.1491
vn 0.0780 0.9849 -0.1546
vn 0.0499 -0.9885 -0.1426
vn 0.0404 -0.9885 -0.1456
vn 0.0308 -0.9885 -0.1479
vn 0.1404 0.9889 0.0491
vn 0.1434 0.9889 0.0399
vn 0.1458 0.9888 0.0304
vn 0.1436 -0.9884 0.0502
vn 0.1465 -0.9884 0.0407
vn 0.1489 -0.9884 0.0311
vn -0.0510 -0.9987 0.0062
vn 0.0006 -1.0000 -0.0001
vn 0.0524 -0.9986 -0.0064
vn -0.1314 0.9848 0.1132
vn -0.1238 0.9848 0.1215
vn -0.1156 0.9848 0.1293
vn 0.1234 0.9890 -0.0815
vn 0.1286 0.9890 -0.0737
vn 0.1335 0.9889 -0.0653
vn 0.1862 0.0133 0.9824
vn 0.2500 0.0132 0.9682
vn 0.3127 0.0131 0.9498
vn 0.0411 -0.9987 -0.0310
vn -0.0005 -1.0000 0.0004
vn -0.0422 -0.9986 0.0318
vn -0.3864 -0.1558 0.9091
vn -0.3207 -0.5725 0.7546
vn -0.1643 -0.9075 0.3866
vn -0.3687 -0.1707 -0.9137
vn -0.3036 -0.5846 -0.7524
vn -0.1563 -0.9086 -0.3872
vn -0.0086 0.9981 0.0612
vn -0.0007 1.0000 0.0047
vn 0.0069 0.9988 -0.0486
vn -0.7872 -0.1705 0.5927
vn -0.6484 -0.5843 0.4881
vn -0.3339 -0.9085 0.2514
vn 0.9824 -0.1429 -0.1202
vn 0.8187 -0.5654 -0.1002
vn 0.4196 -0.9063 -0.0513
vn 0.1635 0.9849 0.0572
vn 0.1669 0.9849 0.0464
vn 0.1695 0.9849 0.0354
vn 0.1862 -0.0160 0.9824
vn 0.2499 -0.0160 0.9681
vn 0.3126 -0.0160 0.9497
vn 0.0086 0.9981 -0.0610
vn 0.0007 1.0000 -0.0047
vn -0.0068 0.9988 0.0483
vn 0.0856 -0.9884 -0.1257
vn 0.0772 -0.9884 -0.1310
vn 0.0685 -0.9884 -0.1358
vn -0.1577 0.9070 -0.3905
vn -0.3088 0.5647 -0.7653
vn -0.3701 0.1460 -0.9174
vn 0.6525 0.0125 0.7577
vn 0.7006 0.0124 0.7134
vn 0.7457 0.0124 0.6662
vn 0.2522 0.9078 0.3351
vn 0.4951 0.5677 0.6577
vn 0.5949 0.1486 0.7900
vn 0.7577 -0.0161 -0.6524
vn 0.7135 -0.0161 -0.7005
vn 0.6662 -0.0161 -0.7456
vn -0.1319 0.9892 0.0636
vn -0.1275 0.9892 0.0721
vn -0.1225 0.9892 0.0802
vn -0.3300 -0.0160 0.9439
vn -0.2676 -0.0160 0.9634
vn -0.2041 -0.0160 0.9788
vn 0.1487 0.9888 0.0111
vn 0.1491 0.9888 0.0014
vn 0.1490 0.9888 -0.0084
vn -0.0473 -0.9987 -0.0201
vn 0.0005 -1.0000 0.0002
vn 0.0486 -0.9986 0.0206
vn -0.6524 -0.0161 -0.7577
vn -0.7005 -0.0161 -0.7135
vn -0.7456 -0.0160 -0.6662
vn 0.0192 -0.9987 0.0477
vn -0.0002 -1.0000 -0.0006
vn -0.0198 -0.9986 -0.0489
vn -0.1202 -0.1456 -0.9820
vn -0.1001 -0.5669 -0.8177
vn -0.0513 -0.9065 -0.4190
vn -0.0568 0.9981 -0.0241
vn -0.0044 1.0000 -0.0019
vn 0.0451 0.9988 0.0192
vn -0.9971 0.0137 -0.0745
vn -0.9999 0.0137 -0.0092
vn -0.9983 0.0138 0.0561
vn 0.9068 -0.1707 0.3854
vn 0.7466 -0.5847 0.3173
vn 0.3843 -0.9087 0.1633
vn -0.7887 0.1593 0.5938
vn -0.6666 0.5511 0.5019
vn -0.3638 0.8903 0.2739
vn -0.0112 -0.9886 0.1502
vn -0.0014 -0.9886 0.1506
vn 0.0085 -0.9886 0.1504
vn 0.8263 -0.0161 0.5630
vn 0.8613 -0.0161 0.5078
vn 0.8926 -0.0161 0.4505
vn -0.3694 0.1594 -0.9155
vn -0.3122 0.5515 -0.7736
vn -0.1703 0.8905 -0.4219
vn -0.1432 0.9849 -0.0976
vn -0.1493 0.9849 -0.0880
vn -0.1548 0.9849 -0.0781
vn -0.9971 -0.0160 -0.0744
vn -0.9998 -0.0160 -0.0092
vn -0.9983 -0.0160 0.0562
vn 0.0843 0.9888 -0.1231
vn 0.0760 0.9888 -0.1285
vn 0.0673 0.9888 -0.1333
vn -0.7890 -0.1568 0.5940
vn -0.6547 -0.5731 0.4929
vn -0.3354 -0.9076 0.2525
vn 0.9086 0.1595 0.3861
vn 0.7677 0.5515 0.3263
vn 0.4187 0.8905 0.1779
vn 0.0478 -0.9987 -0.0193
vn -0.0006 -1.0000 0.0002
vn -0.0490 -0.9986 0.0198
vn -0.0965 0.9890 -0.1120
vn -0.1035 0.9890 -0.1054
vn -0.1101 0.9890 -0.0984
vn 0.0231 0.9981 0.0572
vn 0.0018 1.0000 0.0044
vn -0.0183 0.9988 -0.0454
vn -0.0129 0.9849 0.1729
vn -0.0016 0.9849 0.1734
vn 0.0097 0.9849 0.1731
vn 0.9822 0.0114 -0.1877
vn 0.9669 0.0114 -0.2548
vn 0.9463 0.0116 -0.3232
vn -0.0612 0.9981 -0.0086
vn -0.0047 1.0000 -0.0007
vn 0.0486 0.9988 0.0069
vn -0.1618 0.9104 0.3807
vn -0.3192 0.5777 0.7512
vn -0.3862 0.1575 0.9089
vn -0.7577 0.0140 0.6524
vn -0.7135 0.0140 0.7005
vn -0.6662 0.0140 0.7456
vn -0.7787 -0.1513 -0.6089
vn -0.6473 -0.5700 -0.5061
vn -0.3317 -0.9071 -0.2593
vn -0.3299 0.0138 0.9439
vn -0.2676 0.0137 0.9634
vn -0.2041 0.0137 0.9789
vn -0.0317 -0.9987 0.0405
vn 0.0004 -1.0000 -0.0005
vn 0.0325 -0.9986 -0.0415
vn 0.0572 0.9981 -0.0231
vn 0.0044 1.0000 -0.0018
vn -0.0451 0.9988 0.0182
vn -0.4107 0.9100 -0.0578
vn -0.8095 0.5759 -0.1141
vn -0.9781 0.1559 -0.1380
vn 0.0406 -0.9987 0.0317
vn -0.0005 -1.0000 -0.0004
vn -0.0416 -0.9986 -0.0325
vn 0.6069 -0.1708 -0.7762
vn 0.4997 -0.5848 -0.6390
vn 0.2571 -0.9087 -0.3288
vn -0.1479 -0.9886 0.0280
vn -0.1458 -0.9886 0.0376
vn -0.1430 -0.9886 0.0471
vn 0.1432 0.9849 0.0975
vn 0.1492 0.9849 0.0880
vn 0.1546 0.9849 0.0780
vn 0.4341 -0.0160 0.9007
vn 0.4920 -0.0161 0.8705
vn 0.5478 -0.0161 0.8365
vn 0.0371 0.9981 0.0493
vn 0.0028 1.0000 0.0038
vn -0.0294 0.9988 -0.0391
vn -0.7762 -0.1706 -0.6070
vn -0.6392 -0.5845 -0.4998
vn -0.3291 -0.9086 -0.2573
vn 0.0113 -0.9884 -0.1517
vn 0.0014 -0.9884 -0.1521
vn -0.0085 -0.9884 -0.1519
vn 0.9799 0.1595 -0.1199
vn 0.8279 0.5517 -0.1013
vn 0.4514 0.8906 -0.0552
vn -0.9155 0.1593 0.3694
vn -0.7738 0.5511 0.3123
vn -0.4223 0.8903 0.1704
vn 0.0505 0.9093 0.4130
vn 0.0995 0.5735 0.8131
vn 0.1201 0.1537 0.9808
vn 0.1375 -0.1708 -0.9757
vn 0.1132 -0.5848 -0.8033
vn 0.0583 -0.9087 -0.4134
vn 0.9780 -0.1708 -0.1197
vn 0.8052 -0.5848 -0.0985
vn 0.4143 -0.9087 -0.0507
vn -0.0113 -0.9883 0.1519
vn -0.0014 -0.9883 0.1523
vn 0.0086 -0.9883 0.1520
vn -0.1519 -0.9883 -0.0113
vn -0.1523 -0.9883 -0.0014
vn -0.1521 -0.9883 0.0086
vn -0.1258 -0.9883 -0.0857
vn -0.1311 -0.9883 -0.0773
vn -0.1359 -0.9883 -0.0686
vn 0.1378 0.1595 -0.9775
vn 0.1164 0.5516 -0.8259
vn 0.0635 0.8906 -0.4504
vn -0.0655 -0.9886 -0.1359
vn -0.0742 -0.9886 -0.1313
vn -0.0826 -0.9886 -0.1262
vn 0.1144 -0.9885 -0.0984
vn 0.1078 -0.9885 -0.1057
vn 0.1007 -0.9885 -0.1126
vn 0.0641 0.9890 0.1330
vn 0.0727 0.9890 0.1286
vn 0.0810 0.9890 0.1237
vn 0.9971 -0.0161 0.0744
vn 0.9998 -0.0161 0.0092
vn 0.9983 -0.0161 -0.0562
vn 0.3871 -0.1429 -0.9109
vn 0.3226 -0.5654 -0.7591
vn 0.1653 -0.9063 -0.3891
vn -0.1451 0.9848 0.0950
vn -0.1510 0.9848 0.0853
vn -0.1562 0.9848 0.0753
vn 0.0281 -0.9886 0.1481
vn 0.0377 -0.9886 0.1459
vn 0.0471 -0.9886 0.1432
vn -0.9138 -0.1705 0.3687
vn -0.7526 -0.5843 0.3037
vn -0.3876 -0.9085 0.1564
vn 0.1370 -0.9884 -0.0660
vn 0.1324 -0.9884 -0.0748
vn 0.1272 -0.9884 -0.0833
vn 0.0072 -0.9987 -0.0510
vn -0.0001 -1.0000 0.0006
vn -0.0074 -0.9986 0.0523
vn 0.1701 0.9849 -0.0322
vn 0.1676 0.9849 -0.0433
vn 0.1644 0.9849 -0.0541
vn 0.1257 -0.9884 0.0857
vn 0.1310 -0.9884 0.0773
vn 0.1358 -0.9884 0.0685
vn -0.1274 -0.9883 0.0835
vn -0.1326 -0.9883 0.0750
vn -0.1372 -0.9883 0.0661
vn -0.3701 -0.1474 -0.9172
vn -0.3080 -0.5679 -0.7633
vn -0.1579 -0.9067 -0.3911
vn -0.1376 -0.1706 0.9757
vn -0.1133 -0.5843 0.8036
vn -0.0583 -0.9085 0.4138
vn -0.7577 -0.0160 0.6524
vn -0.7135 -0.0160 0.7005
vn -0.6662 -0.0160 0.7456
vn -0.1378 0.1593 0.9776
vn -0.1165 0.5512 0.8262
vn -0.0636 0.8903 0.4508
vn 0.4222 0.9050 -0.0516
vn 0.8240 0.5575 -0.1009
vn 0.9828 0.1397 -0.1205
vn -0.0381 0.9981 0.0487
vn -0.0029 1.0000 0.0037
vn 0.0303 0.9988 -0.0386
vn -0.0072 -0.9987 0.0509
vn 0.0001 -1.0000 -0.0006
vn 0.0074 -0.9986 -0.0522
vn -0.0231 0.9981 -0.0572
vn -0.0018 1.0000 -0.0044
vn 0.0183 0.9988 0.0453
vn -0.0744 0.0136 0.9971
vn -0.0091 0.0135 0.9999
vn 0.0562 0.0134 0.9983
vn -0.7777 0.1594 -0.6081
vn -0.6572 0.5513 -0.5139
vn -0.3585 0.8904 -0.2804
vn 0.7896 -0.1519 -0.5945
vn 0.6565 -0.5698 -0.4943
vn 0.3366 -0.9069 -0.2534
vn -0.3298 0.9108 0.2483
vn -0.6512 0.5793 0.4903
vn -0.7888 0.1588 0.5938
vn -0.0484 0.9892 0.1385
vn -0.0393 0.9892 0.1414
vn -0.0300 0.9892 0.1437
vn 0.1560 0.9849 -0.0752
vn 0.1507 0.9849 -0.0852
vn 0.1448 0.9849 -0.0948
vn -0.1389 0.9891 -0.0485
vn -0.1417 0.9891 -0.0393
vn -0.1438 0.9891 -0.0300
vn -0.0514 0.9062 -0.4197
vn -0.1005 0.5619 -0.8211
vn -0.1201 0.1435 -0.9823
vn 0.3300 0.0115 -0.9439
vn 0.2677 0.0115 -0.9634
vn 0.2042 0.0116 -0.9789
vn -0.9776 0.1593 -0.1378
vn -0.8262 0.5512 -0.1165
vn -0.4508 0.8903 -0.0636
vn -0.1131 0.9849 -0.1313
vn -0.1214 0.9849 -0.1237
vn -0.1292 0.9849 -0.1155
vn -0.5926 -0.1707 -0.7872
vn -0.4880 -0.5846 -0.6482
vn -0.2512 -0.9086 -0.3337
vn 0.1226 0.9889 0.0836
vn 0.1279 0.9889 0.0755
vn 0.1327 0.9889 0.0670
vn -0.0858 -0.9883 0.1259
vn -0.0774 -0.9883 0.1312
vn -0.0686 -0.9883 0.1360
vn 0.3891 0.9062 0.1655
vn 0.7613 0.5619 0.3236
vn 0.9108 0.1435 0.3870
vn 0.0568 0.9981 0.0241
vn 0.0044 1.0000 0.0019
vn -0.0449 0.9988 -0.0191
vn 0.9439 0.0118 0.3299
vn 0.9635 0.0118 0.2676
vn 0.9789 0.0117 0.2041
vn 0.1200 -0.1531 0.9809
vn 0.0997 -0.5710 0.8149
vn 0.0511 -0.9072 0.4175
vn -0.1502 -0.9886 -0.0112
vn -0.1506 -0.9886 -0.0014
vn -0.1503 -0.9886 0.0085
vn 0.7762 -0.1707 0.6070
vn 0.6391 -0.5846 0.4998
vn 0.3290 -0.9086 0.2572
vn -0.1862 -0.0161 -0.9824
vn -0.2499 -0.0161 -0.9681
vn -0.3126 -0.0161 -0.9497
vn 0.0241 0.9981 -0.0567
vn 0.0019 1.0000 -0.0044
vn -0.0191 0.9988 0.0448
vn 0.7777 0.1594 0.6081
vn 0.6571 0.5515 0.5139
vn 0.3584 0.8905 0.2803
vn -0.9757 -0.1706 -0.1376
vn -0.8036 -0.5843 -0.1133
vn -0.4138 -0.9085 -0.0583
vn 0.6081 0.1595 -0.7777
vn 0.5138 0.5517 -0.6570
vn 0.2801 0.8906 -0.3582
vn 0.3694 0.1594 0.9155
vn 0.3122 0.5513 0.7737
vn 0.1703 0.8904 0.4221
vn 0.1467 0.9888 -0.0278
vn 0.1445 0.9888 -0.0375
vn 0.1416 0.9888 -0.0470
vn -0.0848 -0.9886 0.1244
vn -0.0765 -0.9886 0.1297
vn -0.0678 -0.9886 0.1344
vn -0.9783 -0.1546 -0.1379
vn -0.8123 -0.5719 -0.1145
vn -0.4162 -0.9074 -0.0587
vn 0.0317 -0.9987 -0.0406
vn -0.0004 -1.0000 0.0005
vn -0.0326 -0.9986 0.0416
vn 0.0112 -0.9885 -0.1506
vn 0.0014 -0.9885 -0.1510
vn -0.0085 -0.9885 -0.1508
vn 0.7674 0.0132 -0.6410
vn 0.7299 0.0128 -0.6834
vn 0.6844 0.0123 -0.7290
vn 0.5630 -0.0161 -0.8263
vn 0.5078 -0.0161 -0.8613
vn 0.4505 -0.0161 -0.8926
vn -0.0477 -0.9987 0.0192
vn 0.0006 -1.0000 -0.0002
vn 0.0489 -0.9986 -0.0197
vn 0.0612 0.9981 -0.0075
vn 0.0047 1.0000 -0.0006
vn -0.0483 0.9988 0.0059
vn -0.6524 0.0127 -0.7578
vn -0.7005 0.0128 -0.7135
vn -0.7456 0.0129 -0.6663
vn 0.0510 -0.9987 0.0072
vn -0.0006 -1.0000 -0.0001
vn -0.0523 -0.9986 -0.0074
vn 0.4342 0.0129 0.9007
vn 0.4921 0.0128 0.8705
vn 0.5479 0.0127 0.8365
vn 0.9137 -0.1708 -0.3687
vn 0.7522 -0.5848 -0.3035
vn 0.3871 -0.9087 -0.1562
vn -0.0405 -0.9987 -0.0317
vn 0.0005 -1.0000 0.0004
vn 0.0416 -0.9986 0.0325
vn 0.0283 -0.9883 0.1496
vn 0.0381 -0.9883 0.1474
vn 0.0476 -0.9883 0.1446
vn 0.0744 -0.0161 -0.9971
vn 0.0092 -0.0161 -0.9998
vn -0.0562 -0.0161 -0.9983
vn 0.9155 0.1595 -0.3694
vn 0.7735 0.5517 -0.3121
vn 0.4217 0.8906 -0.1702
vn 0.0661 -0.9883 0.1371
vn 0.0749 -0.9883 0.1325
vn 0.0834 -0.9884 0.1273
vn -0.0486 0.9981 -0.0380
vn -0.0037 1.0000 -0.0029
vn 0.0386 0.9988 0.0302
vn -0.6070 -0.1705 0.7762
vn -0.4999 -0.5843 0.6393
vn -0.2575 -0.9085 0.3292
vn 0.0984 -0.9886 0.1143
vn 0.1057 -0.9886 0.1077
vn 0.1125 -0.9886 0.1005
vn 0.1381 -0.1440 -0.9799
vn 0.1151 -0.5660 -0.8163
vn 0.0590 -0.9064 -0.4184
vn 0.1663 0.9050 -0.3914
vn 0.3248 0.5575 -0.7640
vn 0.3875 0.1397 -0.9112
vn -0.6084 -0.1565 0.7780
vn -0.5049 -0.5729 0.6456
vn -0.2587 -0.9076 0.3308
vn -0.2523 0.9078 -0.3350
vn -0.4951 0.5677 -0.6576
vn -0.5947 0.1486 -0.7901
vn -0.0977 0.9848 0.1433
vn -0.0881 0.9848 0.1494
vn -0.0781 0.9848 0.1548
vn -0.0283 -0.9884 -0.1495
vn -0.0380 -0.9884 -0.1473
vn -0.0476 -0.9884 -0.1445
vn -0.8365 -0.0160 0.5478
vn -0.8705 -0.0160 0.4920
vn -0.9007 -0.0160 0.4341
vn 0.9162 -0.1446 -0.3736
vn 0.7638 -0.5662 -0.3100
vn 0.3916 -0.9064 -0.1585
vn -0.0744 -0.0160 0.9971
vn -0.0092 -0.0160 0.9998
vn 0.0562 -0.0160 0.9983
vn -0.9439 -0.0160 -0.3300
vn -0.9634 -0.0160 -0.2676
vn -0.9788 -0.0160 -0.2041
vn -0.1379 -0.1546 0.9783
vn -0.1145 -0.5719 0.8123
vn -0.0587 -0.9074 0.4162
vn 0.9757 -0.1708 0.1375
vn 0.8033 -0.5848 0.1132
vn 0.4134 -0.9087 0.0583
vn -0.1219 0.9891 -0.0830
vn -0.1269 0.9891 -0.0748
vn -0.1315 0.9891 -0.0663
vn -0.0193 -0.9987 -0.0477
vn 0.0002 -1.0000 0.0006
vn 0.0198 -0.9986 0.0490
vn -0.1440 0.9892 0.0273
vn -0.1419 0.9892 0.0366
vn -0.1392 0.9892 0.0458
vn 0.1727 0.9849 0.0129
vn 0.1731 0.9849 0.0016
vn 0.1729 0.9849 -0.0097
vn 0.1262 -0.9885 -0.0827
vn 0.1314 -0.9885 -0.0744
vn 0.1360 -0.9885 -0.0656
vn 0.5947 -0.1493 0.7899
vn 0.4946 -0.5690 0.6570
vn 0.2534 -0.9069 0.3367
vn 0.0492 0.9888 -0.1408
vn 0.0399 0.9888 -0.1437
vn 0.0304 0.9888 -0.1459
vn -0.6081 0.1593 0.7777
vn -0.5140 0.5511 0.6573
vn -0.2805 0.8903 0.3587
vn 0.1506 -0.9885 0.0112
vn 0.1511 -0.9885 0.0014
vn 0.1508 -0.9885 -0.0085
vn 0.1562 0.9086 0.3874
vn 0.3073 0.5708 0.7615
vn 0.3700 0.1513 0.9166
vn -0.1110 0.9892 0.0956
vn -0.1045 0.9892 0.1026
vn -0.0976 0.9892 0.1092
vn -0.9439 0.0134 -0.3300
vn -0.9634 0.0135 -0.2677
vn -0.9788 0.0136 -0.2042
vn -0.0613 0.9981 0.0075
vn -0.0047 1.0000 0.0006
vn 0.0488 0.9988 -0.0060
vn 0.3854 -0.1708 -0.9068
vn 0.3173 -0.5848 -0.7466
vn 0.1633 -0.9087 -0.3842
vn -0.0277 0.9889 -0.1460
vn -0.0371 0.9889 -0.1438
vn -0.0464 0.9889 -0.1410
vn 0.3340 0.9084 -0.2515
vn 0.6560 0.5707 -0.4939
vn 0.7896 0.1519 -0.5945
vn -0.0110 0.9891 0.1465
vn -0.0014 0.9891 0.1470
vn 0.0082 0.9891 0.1469
vn -0.5938 0.1594 -0.7887
vn -0.5018 0.5514 -0.6665
vn -0.2737 0.8905 -0.3635
vn 0.0571 0.9849 -0.1634
vn 0.0463 0.9849 -0.1668
vn 0.0353 0.9849 -0.1695
vn -0.0323 0.9849 -0.1702
vn -0.0433 0.9849 -0.1677
vn -0.0542 0.9849 -0.1645
vn 0.9775 0.1595 0.1378
vn 0.8259 0.5516 0.1164
vn 0.4504 0.8906 0.0635
vn -0.0984 -0.9886 -0.1143
vn -0.1056 -0.9886 -0.1076
vn -0.1124 -0.9886 -0.1005
vn 0.8264 0.0122 0.5630
vn 0.8614 0.0121 0.5078
vn 0.8927 0.0120 0.4505
vn 0.0075 0.9981 0.0613
vn 0.0006 1.0000 0.0047
vn -0.0060 0.9988 -0.0487
vn 0.1425 -0.9885 0.0498
vn 0.1455 -0.9885 0.0404
vn 0.1478 -0.9885 0.0308
vn 0.9105 -0.1456 0.3870
vn 0.7582 -0.5669 0.3222
vn 0.3885 -0.9065 0.1651
vn -0.1356 -0.9886 0.0654
vn -0.1310 -0.9886 0.0741
vn -0.1259 -0.9886 0.0825
vn -0.3830 0.9093 -0.1627
vn -0.7539 0.5735 -0.3204
vn -0.9094 0.1537 -0.3866
vn 0.0966 0.9890 0.1122
vn 0.1038 0.9890 0.1057
vn 0.1105 0.9890 0.0988
vn 0.0062 -0.9987 0.0510
vn -0.0001 -1.0000 -0.0006
vn -0.0064 -0.9986 -0.0524
vn 0.0486 0.9981 0.0380
vn 0.0037 1.0000 0.0029
vn -0.0385 0.9988 -0.0301
vn -0.1197 -0.1707 -0.9780
vn -0.0985 -0.5847 -0.8052
vn -0.0507 -0.9087 -0.4144
vn 0.0492 0.9981 -0.0371
vn 0.0038 1.0000 -0.0029
vn -0.0389 0.9988 0.0293
vn 0.0851 -0.9885 -0.1248
vn 0.0768 -0.9885 -0.1302
vn 0.0681 -0.9885 -0.1349
vn -0.9159 -0.1565 0.3696
vn -0.7601 -0.5729 0.3067
vn -0.3894 -0.9076 0.1571
vn -0.0509 -0.9987 -0.0072
vn 0.0006 -1.0000 0.0001
vn 0.0522 -0.9986 0.0074
vn 0.8282 0.0132 -0.5603
vn 0.8586 0.0128 -0.5125
vn 0.8898 0.0123 -0.4562
vn -0.5630 0.0140 0.8263
vn -0.5078 0.0139 0.8613
vn -0.4505 0.0139 0.8927
vn 0.9799 -0.1440 0.1381
vn 0.8163 -0.5660 0.1151
vn 0.4184 -0.9064 0.0590
vn 0.3861 0.1595 -0.9086
vn 0.3262 0.5517 -0.7676
vn 0.1779 0.8906 -0.4186
vn -0.1497 -0.9883 0.0284
vn -0.1475 -0.9883 0.0381
vn -0.1447 -0.9883 0.0476
vn -0.0993 -0.9884 -0.1153
vn -0.1066 -0.9883 -0.1086
vn -0.1135 -0.9883 -0.1014
vn -0.1199 0.1595 -0.9799
vn -0.1013 0.5515 -0.8280
vn -0.0552 0.8905 -0.4515
vn 0.1152 -0.9884 -0.0992
vn 0.1085 -0.9884 -0.1065
vn 0.1013 -0.9884 -0.1134
vn 0.9007 -0.0161 -0.4341
vn 0.8705 -0.0161 -0.4920
vn 0.8365 -0.0161 -0.5478
vn 0.6524 -0.0161 0.7577
vn 0.7005 -0.0161 0.7135
vn 0.7456 -0.0161 0.6662
vn 0.6124 -0.1446 -0.7772
vn 0.5090 -0.5662 -0.6483
vn 0.2606 -0.9064 -0.3326
vn 0.0745 0.0117 -0.9972
vn 0.0092 0.0118 -0.9999
vn -0.0561 0.0118 -0.9984
vn -0.5630 -0.0160 0.8263
vn -0.5078 -0.0160 0.8613
vn -0.4505 -0.0160 0.8926
vn 0.3317 0.9070 0.2595
vn 0.6501 0.5647 0.5084
vn 0.7794 0.1460 0.6093
vn 0.0502 -0.9884 -0.1436
vn 0.0407 -0.9884 -0.1465
vn 0.0310 -0.9884 -0.1489
vn -0.0242 0.9981 0.0568
vn -0.0019 1.0000 0.0044
vn 0.0192 0.9988 -0.0452
vn 0.1517 -0.9884 0.0113
vn 0.1521 -0.9884 0.0014
vn 0.1518 -0.9884 -0.0085
vn -0.1637 0.9849 -0.0572
vn -0.1671 0.9849 -0.0464
vn -0.1697 0.9849 -0.0354
vn -0.4106 0.9104 0.0503
vn -0.8102 0.5777 0.0991
vn -0.9802 0.1575 0.1199
vn -0.0644 0.9890 -0.1335
vn -0.0729 0.9890 -0.1290
vn -0.0811 0.9890 -0.1238
vn -0.1704 0.9848 0.0323
vn -0.1679 0.9848 0.0434
vn -0.1647 0.9848 0.0542
vn 0.0655 -0.9886 0.1358
vn 0.0742 -0.9886 0.1313
vn 0.0826 -0.9886 0.1262
vn -0.0281 -0.9885 -0.1483
vn -0.0377 -0.9885 -0.1462
vn -0.0472 -0.9885 -0.1434
vn -0.2544 0.9107 0.3253
vn -0.5023 0.5789 0.6423
vn -0.6082 0.1585 0.7778
vn -0.5947 -0.1493 -0.7899
vn -0.4947 -0.5690 -0.6570
vn -0.2535 -0.9069 -0.3366
vn -0.0503 -0.9883 0.1438
vn -0.0408 -0.9883 0.1467
vn -0.0311 -0.9883 0.1491
vn -0.8263 0.0131 -0.5631
vn -0.8613 0.0132 -0.5079
vn -0.8926 0.0133 -0.4506
vn 0.0592 0.9056 -0.4201
vn 0.1157 0.5594 -0.8208
vn 0.1383 0.1414 -0.9803
vn -0.9781 -0.1705 0.1197
vn -0.8055 -0.5843 0.0986
vn -0.4148 -0.9085 0.0508
vn -0.9068 -0.1706 -0.3854
vn -0.7468 -0.5844 -0.3174
vn -0.3845 -0.9085 -0.1634
vn 0.3916 0.9058 -0.1620
vn 0.7639 0.5605 -0.3200
vn 0.9114 0.1425 -0.3860
vn 0.0310 -0.9987 0.0411
vn -0.0004 -1.0000 -0.0005
vn -0.0318 -0.9986 -0.0422
vn -0.1422 -0.9886 -0.0497
vn -0.1452 -0.9886 -0.0403
vn -0.1475 -0.9886 -0.0307
vn -0.4341 -0.0161 -0.9007
vn -0.4920 -0.0161 -0.8705
vn -0.5478 -0.0161 -0.8365
vn -0.0201 -0.9987 0.0473
vn 0.0002 -1.0000 -0.0005
vn 0.0206 -0.9986 -0.0485
vn -0.9824 0.0139 0.1861
vn -0.9682 0.0139 0.2499
vn -0.9498 0.0140 0.3126
vn 0.0323 0.9849 0.1703
vn 0.0433 0.9849 0.1678
vn 0.0542 0.9849 0.1646
vn 0.1124 0.9890 -0.0961
vn 0.1064 0.9890 -0.1033
vn 0.0997 0.9889 -0.1103
vn -0.0371 0.9981 -0.0493
vn -0.0028 1.0000 -0.0038
vn 0.0294 0.9988 0.0391
vn 0.3300 -0.0161 -0.9439
vn 0.2676 -0.0161 -0.9634
vn 0.2041 -0.0161 -0.9788
vn 0.0511 -0.9987 -0.0063
vn -0.0006 -1.0000 0.0001
vn -0.0524 -0.9986 0.0064
vn 0.1312 0.9849 -0.1130
vn 0.1235 0.9849 -0.1213
vn 0.1153 0.9849 -0.1291
vn -0.0580 0.9100 0.4106
vn -0.1141 0.5759 0.8095
vn -0.1378 0.1559 0.9781
vn 0.1197 -0.1706 0.9780
vn 0.0985 -0.5844 0.8055
vn 0.0507 -0.9085 0.4147
vn -0.0572 0.9848 0.1637
vn -0.0464 0.9848 0.1671
vn -0.0354 0.9849 0.1698
vn 0.9972 0.0116 0.0744
vn 0.9999 0.0115 0.0091
vn 0.9984 0.0115 -0.0562
vn 0.3699 -0.1513 0.9167
vn 0.3074 -0.5700 0.7619
vn 0.1575 -0.9071 0.3904
vn 0.9439 -0.0161 0.3300
vn 0.9634 -0.0161 0.2676
vn 0.9788 -0.0161 0.2041
vn 0.0993 -0.9884 0.1153
vn 0.1066 -0.9884 0.1086
vn 0.1135 -0.9884 0.1014
vn 0.0202 -0.9987 -0.0474
vn -0.0002 -1.0000 0.0005
vn -0.0207 -0.9986 0.0486
vn -0.9799 0.1593 0.1199
vn -0.8282 0.5511 0.1013
vn -0.4520 0.8903 0.0553
vn -0.9086 0.1593 -0.3861
vn -0.7679 0.5512 -0.3263
vn -0.4190 0.8904 -0.1780
vn 0.0129 0.9849 -0.1727
vn 0.0016 0.9849 -0.1732
vn -0.0097 0.9849 -0.1729
vn 0.7872 -0.1708 -0.5926
vn 0.6480 -0.5848 -0.4879
vn 0.3334 -0.9087 -0.2510
vn -0.0493 0.9981 0.0371
vn -0.0038 1.0000 0.0029
vn 0.0391 0.9988 -0.0294
vn 0.0610 0.9981 0.0086
vn 0.0047 1.0000 0.0007
vn -0.0483 0.9988 -0.0068
vn -0.3854 -0.1705 0.9069
vn -0.3174 -0.5843 0.7469
vn -0.1635 -0.9085 0.3846
vn 0.0474 -0.9987 0.0201
vn -0.0005 -1.0000 -0.0002
vn -0.0486 -0.9986 -0.0207
vn 0.1214 0.0053 0.9926
vn 0.1214 0.0089 0.9926
vn 0.1214 0.0106 0.9925
vn 0.7989 0.0053 -0.6015
vn 0.7989 0.0089 -0.6014
vn 0.7988 0.0106 -0.6014
vn -0.3911 0.0053 0.9203
vn -0.3911 0.0089 0.9203
vn -0.3911 0.0106 0.9203
vn 0.6015 0.0053 0.7989
vn 0.6014 0.0089 0.7989
vn 0.6014 0.0106 0.7988
vn -0.7989 0.0053 0.6015
vn -0.7989 0.0089 0.6014
vn -0.7988 0.0106 0.6014
vn -0.3742 0.0053 -0.9273
vn -0.3742 0.0089 -0.9273
vn -0.3742 0.0106 -0.9273
vn 0.9203 0.0053 0.3911
vn 0.9203 0.0089 0.3911
vn 0.9203 0.0106 0.3911
vn 0.9926 0.0053 -0.1214
vn 0.9926 0.0089 -0.1214
vn 0.9925 0.0106 -0.1214
vn -0.9273 0.0053 0.3742
vn -0.9273 0.0089 0.3742
vn -0.9273 0.0106 0.3742
vn 0.1396 0.0053 -0.9902
vn 0.1396 0.0089 -0.9902
vn 0.1396 0.0106 -0.9902
vn -0.1396 0.0053 0.9902
vn -0.1396 0.0089 0.9902
vn -0.1396 0.0106 0.9902
vn -0.7877 0.0053 -0.6160
vn -0.7877 0.0089 -0.6160
vn -0.7877 0.0106 -0.6160
vn -0.9902 0.0053 -0.1396
vn -0.9902 0.0089 -0.1396
vn -0.9902 0.0106 -0.1396
vn 0.7877 0.0053 0.6160
vn 0.7877 0.0089 0.6160
vn 0.7877 0.0106 0.6160
vn 0.6160 0.0053 -0.7877
vn 0.6160 0.0089 -0.7877
vn 0.6160 0.0106 -0.7877
vn 0.3742 0.0053 0.9273
vn 0.3742 0.0089 0.9273
vn 0.3742 0.0106 0.9273
vn 0.9273 0.0053 -0.3742
vn 0.9273 0.0089 -0.3742
vn 0.9273 0.0106 -0.3742
vn -0.6160 0.0053 0.7877
vn -0.6160 0.0089 0.7877
vn -0.6160 0.0106 0.7877
vn -0.6015 0.0053 -0.7989
vn -0.6014 0.0089 -0.7989
vn -0.6014 0.0106 -0.7988
vn 0.9902 0.0053 0.1396
vn 0.9902 0.0089 0.1396
vn 0.9902 0.0106 0.1396
vn 0.3911 0.0053 -0.9203
vn 0.3911 0.0089 -0.9203
vn 0.3911 0.0106 -0.9203
vn -0.1214 0.0053 -0.9926
vn -0.1214 0.0089 -0.9926
vn -0.1214 0.0106 -0.9925
vn -0.9926 0.0053 0.1214
vn -0.9926 0.0089 0.1214
vn -0.9925 0.0106 0.1214
vn -0.9203 0.0053 -0.3911
vn -0.9203 0.0089 -0.3911
vn -0.9203 0.0106 -0.3911
vn -0.8363 0.0244 0.5477
vn -0.8703 0.0244 0.4919
vn -0.9006 0.0244 0.4340
vn -0.9496 0.0244 0.3126
vn -0.9680 0.0244 0.2499
vn -0.9822 0.0244 0.1861
vn -0.9981 0.0244 0.0562
vn -0.9997 0.0244 -0.0092
vn -0.9969 0.0244 -0.0744
vn -0.9786 0.0244 -0.2041
vn -0.9632 0.0244 -0.2676
vn -0.9437 0.0244 -0.3299
vn -0.8925 0.0244 -0.4504
vn -0.8612 0.0245 -0.5078
vn -0.8262 0.0245 -0.5629
vn -0.7455 0.0245 -0.6661
vn -0.7004 0.0245 -0.7133
vn -0.6523 0.0245 -0.7576
vn -0.5477 0.0245 -0.8363
vn -0.4919 0.0245 -0.8703
vn -0.4340 0.0245 -0.9006
vn -0.3126 0.0245 -0.9496
vn -0.2499 0.0245 -0.9680
vn -0.1861 0.0245 -0.9822
vn -0.0562 0.0245 -0.9981
vn 0.0092 0.0245 -0.9997
vn 0.0744 0.0245 -0.9969
vn 0.2041 0.0245 -0.9786
vn 0.2676 0.0245 -0.9632
vn 0.3299 0.0245 -0.9437
vn 0.4504 0.0245 -0.8925
vn 0.5078 0.0245 -0.8612
vn 0.5629 0.0245 -0.8262
vn 0.6661 0.0245 -0.7455
vn 0.7133 0.0245 -0.7004
vn 0.7576 0.0245 -0.6523
vn 0.8363 0.0245 -0.5477
vn 0.8703 0.0245 -0.4919
vn 0.9006 0.0245 -0.4340
vn 0.9496 0.0245 -0.3126
vn 0.9680 0.0245 -0.2499
vn 0.9822 0.0245 -0.1861
vn 0.9981 0.0245 -0.0562
vn 0.9997 0.0245 0.0092
vn 0.9969 0.0245 0.0744
vn 0.9786 0.0245 0.2041
vn 0.9632 0.0245 0.2676
vn 0.9437 0.0245 0.3299
vn 0.8925 0.0245 0.4504
vn 0.8612 0.0245 0.5078
vn 0.8262 0.0245 0.5629
vn 0.7455 0.0245 0.6661
vn 0.7004 0.0245 0.7133
vn 0.6523 0.0245 0.7576
vn 0.5477 0.0245 0.8363
vn 0.4919 0.0245 0.8703
vn 0.4340 0.0245 0.9006
vn 0.3126 0.0245 0.9496
vn 0.2499 0.0245 0.9680
vn 0.1861 0.0245 0.9822
vn 0.0562 0.0244 0.9981
vn -0.0092 0.0244 0.9997
vn -0.0744 0.0244 0.9969
vn -0.2041 0.0244 0.9786
vn -0.2676 0.0244 0.9632
vn -0.3299 0.0244 0.9437
vn -0.4504 0.0244 0.8925
vn -0.5078 0.0244 0.8612
vn -0.5629 0.0244 0.8262
vn -0.6661 0.0244 0.7455
vn -0.7133 0.0244 0.7004
vn -0.7576 0.0244 0.6523
vn -0.9203 0.0012 -0.3912
vn -0.9203 0.0019 -0.3911
vn -0.9203 0.0023 -0.3911
vn 0.7878 0.0042 0.6160
vn 0.7877 0.0069 0.6160
vn 0.7877 0.0081 0.6160
vn -0.9926 -0.0003 0.1214
vn -0.9926 -0.0005 0.1214
vn -0.3911 -0.0003 0.9203
vn -0.3911 -0.0005 0.9203
vn 0.9926 0.0066 -0.1216
vn 0.9925 0.0108 -0.1216
vn 0.9925 0.0128 -0.1215
vn -0.1214 0.0051 -0.9926
vn -0.1214 0.0084 -0.9926
vn -0.1214 0.0100 -0.9925
vn -0.7989 -0.0008 0.6015
vn -0.7989 -0.0013 0.6015
vn -0.7989 -0.0016 0.6015
vn -0.7877 0.0021 -0.6160
vn -0.7877 0.0035 -0.6160
vn -0.7877 0.0041 -0.6160
vn 0.3913 0.0066 -0.9202
vn 0.3912 0.0108 -0.9202
vn 0.3912 0.0128 -0.9202
vn -0.3742 0.0042 -0.9273
vn -0.3742 0.0069 -0.9273
vn -0.3742 0.0081 -0.9273
vn 0.7989 0.0019 -0.6015
vn 0.7989 0.0031 -0.6015
vn 0.7989 0.0036 -0.6015
vn 0.1215 0.0012 0.9926
vn 0.1215 0.0019 0.9926
vn 0.1214 0.0023 0.9926
vn -0.9902 0.0003 -0.1396
vn -0.9902 0.0006 -0.1396
vn -0.9902 0.0007 -0.1396
vn 0.1396 0.0059 -0.9902
vn 0.1396 0.0098 -0.9902
vn -0.6160 -0.0007 0.7878
vn -0.6160 -0.0011 0.7877
vn -0.6160 -0.0013 0.7877
vn 0.9204 0.0054 -0.3908
vn 0.9217 0.0091 -0.3878
vn 0.9233 0.0109 -0.3839
vn -0.1396 0.0003 0.9902
vn -0.1396 0.0006 0.9902
vn -0.1396 0.0007 0.9902
vn 0.6015 0.0031 0.7989
vn 0.6015 0.0052 0.7989
vn 0.6015 0.0061 0.7989
vn 0.9203 0.0051 0.3911
vn 0.9203 0.0084 0.3911
vn 0.9203 0.0100 0.3911
vn -0.9273 -0.0007 0.3742
vn -0.9273 -0.0011 0.3742
vn -0.9273 -0.0013 0.3742
vn 0.9902 0.0059 0.1396
vn 0.9902 0.0098 0.1396
vn 0.9901 0.0116 0.1396
vn 0.6301 0.0054 -0.7765
vn 0.6275 0.0091 -0.7785
vn 0.6242 0.0109 -0.7812
vn -0.6014 0.0031 -0.7989
vn -0.6015 0.0052 -0.7989
vn -0.6015 0.0061 -0.7989
vn 0.3742 0.0021 0.9273
vn 0.3742 0.0035 0.9273
vn 0.3742 0.0041 0.9273
vn 0.8336 -0.0095 -0.5523
vn 0.8663 -0.0074 -0.4995
vn 0.8971 -0.0045 -0.4418
vn 0.9487 -0.0009 -0.3163
vn 0.9678 -0.0003 -0.2516
vn 0.9824 -0.0002 -0.1867
vn 0.9984 -0.0007 -0.0562
vn 1.0000 -0.0010 0.0092
vn 0.9972 -0.0013 0.0744
vn 0.9789 -0.0021 0.2042
vn 0.9635 -0.0025 0.2677
vn 0.9440 -0.0029 0.3300
vn 0.8927 -0.0038 0.4506
vn 0.8614 -0.0043 0.5079
vn 0.8264 -0.0047 0.5631
vn 0.7457 -0.0058 0.6663
vn 0.7006 -0.0063 0.7135
vn 0.6525 -0.0068 0.7578
vn 0.5478 -0.0078 0.8365
vn 0.4920 -0.0084 0.8705
vn 0.4341 -0.0089 0.9008
vn 0.3127 -0.0099 0.9498
vn 0.2500 -0.0104 0.9682
vn 0.1862 -0.0109 0.9825
vn 0.0562 -0.0118 0.9984
vn -0.0092 -0.0122 0.9999
vn -0.0744 -0.0126 0.9971
vn -0.2041 -0.0133 0.9789
vn -0.2676 -0.0137 0.9634
vn -0.3300 -0.0140 0.9439
vn -0.4505 -0.0145 0.8926
vn -0.5079 -0.0147 0.8613
vn -0.5630 -0.0149 0.8263
vn -0.6662 -0.0152 0.7456
vn -0.7135 -0.0152 0.7005
vn -0.7577 -0.0153 0.6524
vn -0.8365 -0.0153 0.5478
vn -0.8705 -0.0152 0.4920
vn -0.9007 -0.0152 0.4341
vn -0.9498 -0.0149 0.3126
vn -0.9682 -0.0147 0.2499
vn -0.9824 -0.0145 0.1862
vn -0.9983 -0.0140 0.0562
vn -0.9999 -0.0137 -0.0092
vn -0.9971 -0.0133 -0.0744
vn -0.9789 -0.0126 -0.2041
vn -0.9634 -0.0122 -0.2676
vn -0.9439 -0.0118 -0.3300
vn -0.8927 -0.0109 -0.4505
vn -0.8614 -0.0104 -0.5079
vn -0.8264 -0.0099 -0.5631
vn -0.7457 -0.0089 -0.6662
vn -0.7006 -0.0084 -0.7135
vn -0.6525 -0.0078 -0.7578
vn -0.5478 -0.0068 -0.8366
vn -0.4920 -0.0063 -0.8705
vn -0.4341 -0.0058 -0.9008
vn -0.3127 -0.0048 -0.9499
vn -0.2500 -0.0043 -0.9682
vn -0.1862 -0.0038 -0.9825
vn -0.0562 -0.0029 -0.9984
vn 0.0092 -0.0025 -1.0000
vn 0.0744 -0.0021 -0.9972
vn 0.2042 -0.0013 -0.9789
vn 0.2677 -0.0010 -0.9635
vn 0.3300 -0.0007 -0.9440
vn 0.4510 -0.0002 -0.8925
vn 0.5094 -0.0003 -0.8605
vn 0.5662 -0.0009 -0.8243
vn 0.6726 -0.0045 -0.7400
vn 0.7195 -0.0074 -0.6944
vn 0.7612 -0.0095 -0.6484
vn 0.0280 -0.2735 -0.9615
vn -0.3602 -0.1221 -0.9248
vn -0.5573 -0.0246 -0.8299
vn -0.5538 -0.0000 -0.8326
vn -0.3430 -0.0001 -0.9393
vn 0.0680 -0.0001 -0.9977
vn 0.5439 -0.0402 -0.8382
vn 0.5375 -0.2015 -0.8188
vn 0.4927 -0.3538 -0.7950
vn 0.9814 -0.0000 0.1919
vn 0.8145 -0.0000 0.5801
vn 0.6491 -0.0000 0.7607
vn 0.6453 -0.0257 0.7635
vn 0.7951 -0.1266 0.5931
vn 0.9344 -0.2793 0.2210
vn 0.8970 -0.3550 -0.2635
vn 0.9323 -0.2023 -0.2999
vn 0.9528 -0.0405 -0.3010
vn 0.7994 -0.0000 -0.6008
vn 0.8027 -0.0000 -0.5964
vn 0.8321 -0.0000 -0.5547
vn 0.7266 -0.4143 -0.5481
vn 0.7233 -0.4143 -0.5525
vn 0.6913 -0.4136 -0.5925
vn -0.0833 -0.4976 -0.8634
vn -0.4093 -0.2251 -0.8842
vn -0.5674 -0.0453 -0.8222
vn 0.4682 -0.4252 -0.7746
vn 0.4152 -0.5602 -0.7168
vn 0.3313 -0.6732 -0.6611
vn 0.6347 -0.0474 0.7713
vn 0.7404 -0.2334 0.6303
vn 0.8065 -0.5079 0.3028
vn 0.7230 -0.6755 -0.1447
vn 0.8000 -0.5620 -0.2100
vn 0.8704 -0.4268 -0.2455
vn 0.5372 -0.7396 -0.4055
vn 0.5340 -0.7396 -0.4097
vn 0.5034 -0.7385 -0.4486
vn -0.2456 -0.6406 -0.7276
vn -0.4829 -0.2932 -0.8251
vn -0.5824 -0.0592 -0.8107
vn 0.2897 -0.7231 -0.6271
vn 0.2062 -0.8116 -0.5466
vn 0.1007 -0.8740 -0.4754
vn 0.6188 -0.0619 0.7831
vn 0.6604 -0.3040 0.6867
vn 0.6273 -0.6534 0.4237
vn 0.4801 -0.8768 0.0264
vn 0.5780 -0.8142 -0.0554
vn 0.6786 -0.7256 -0.1139
vn 0.2813 -0.9357 -0.2128
vn 0.2782 -0.9357 -0.2169
vn 0.2490 -0.9344 -0.2549
vn -0.4359 -0.6892 -0.5789
vn -0.5705 -0.3170 -0.7577
vn -0.6002 -0.0641 -0.7973
vn 0.0501 -0.8987 -0.4356
vn -0.0485 -0.9368 -0.3464
vn -0.1625 -0.9485 -0.2718
vn 0.6001 -0.0670 0.7971
vn 0.5681 -0.3285 0.7545
vn 0.4279 -0.7029 0.5683
vn 0.2109 -0.9516 0.2238
vn 0.3144 -0.9397 0.1348
vn 0.4275 -0.9017 0.0643
vn -0.0005 -1.0000 -0.0006
vn -0.0035 -1.0000 -0.0047
vn -0.0320 -0.9986 -0.0425
vn -0.6314 -0.6405 -0.4371
vn -0.6595 -0.2932 -0.6922
vn -0.6181 -0.0592 -0.7838
vn -0.2163 -0.9485 -0.2314
vn -0.3195 -0.9368 -0.1424
vn -0.4324 -0.8988 -0.0723
vn 0.5815 -0.0619 0.8112
vn 0.4773 -0.3039 0.8245
vn 0.2338 -0.6535 0.7199
vn -0.0564 -0.9017 0.4286
vn 0.0426 -0.9397 0.3394
vn 0.1568 -0.9515 0.2645
vn -0.2823 -0.9357 0.2115
vn -0.2854 -0.9357 0.2074
vn -0.3138 -0.9344 0.1688
vn -0.8068 -0.4975 -0.3187
vn -0.7366 -0.2251 -0.6378
vn -0.6333 -0.0453 -0.7726
vn -0.4847 -0.8740 -0.0347
vn -0.5823 -0.8116 0.0471
vn -0.6827 -0.7231 0.1050
vn 0.5658 -0.0473 0.8232
vn 0.4010 -0.2335 0.8858
vn 0.0680 -0.5079 0.8587
vn -0.2970 -0.7256 0.6207
vn -0.2130 -0.8142 0.5401
vn -0.1074 -0.8768 0.4687
vn -0.5382 -0.7396 0.4042
vn -0.5414 -0.7396 0.3999
vn -0.5703 -0.7385 0.3598
vn -0.9318 -0.2735 -0.2389
vn -0.7892 -0.1223 -0.6019
vn -0.6435 -0.0246 -0.7650
vn -0.7269 -0.6732 0.1356
vn -0.8037 -0.5602 0.2008
vn -0.8738 -0.4252 0.2359
vn 0.5554 -0.0255 0.8312
vn 0.3502 -0.1267 0.9281
vn -0.0459 -0.2793 0.9591
vn -0.4766 -0.4268 0.7686
vn -0.4230 -0.5621 0.7108
vn -0.3390 -0.6755 0.6549
vn -0.7276 -0.4143 0.5467
vn -0.7309 -0.4143 0.5423
vn -0.7605 -0.4136 0.5005
vn -0.9776 0.0001 -0.2105
vn -0.8079 -0.0001 -0.5893
vn -0.6471 0.0001 -0.7624
vn -0.9003 -0.3538 0.2537
vn -0.9355 -0.2015 0.2902
vn -0.9559 -0.0402 0.2910
vn 0.5517 -0.0000 0.8341
vn 0.3323 -0.0000 0.9432
vn -0.0869 -0.0000 0.9962
vn -0.5527 -0.0405 0.8324
vn -0.5460 -0.2021 0.8130
vn -0.5012 -0.3550 0.7892
vn -0.7994 -0.0000 0.6008
vn -0.8028 -0.0000 0.5963
vn -0.8327 -0.0000 0.5538
vn -0.9317 0.2735 -0.2389
vn -0.7892 0.1222 -0.6019
vn -0.6435 0.0246 -0.7650
vn -0.9559 0.0403 0.2910
vn -0.9355 0.2015 0.2902
vn -0.9003 0.3538 0.2537
vn 0.5554 0.0256 0.8312
vn 0.3502 0.1267 0.9281
vn -0.0459 0.2792 0.9591
vn -0.5012 0.3550 0.7892
vn -0.5460 0.2023 0.8130
vn -0.5527 0.0404 0.8324
vn -0.7276 0.4143 0.5467
vn -0.7309 0.4143 0.5423
vn -0.7605 0.4136 0.5005
vn -0.8067 0.4976 -0.3187
vn -0.7366 0.2251 -0.6378
vn -0.6333 0.0453 -0.7726
vn -0.8738 0.4253 0.2358
vn -0.8037 0.5602 0.2008
vn -0.7269 0.6732 0.1356
vn 0.5658 0.0473 0.8232
vn 0.4011 0.2335 0.8858
vn 0.0680 0.5079 0.8587
vn -0.3390 0.6755 0.6549
vn -0.4230 0.5620 0.7108
vn -0.4766 0.4268 0.7686
vn -0.5382 0.7396 0.4042
vn -0.5414 0.7396 0.3999
vn -0.5703 0.7385 0.3598
vn -0.6313 0.6406 -0.4372
vn -0.6595 0.2932 -0.6922
vn -0.6181 0.0593 -0.7838
vn -0.6828 0.7230 0.1050
vn -0.5823 0.8116 0.0471
vn -0.4847 0.8740 -0.0347
vn 0.5815 0.0619 0.8112
vn 0.4773 0.3039 0.8245
vn 0.2338 0.6534 0.7200
vn -0.1074 0.8768 0.4687
vn -0.2130 0.8142 0.5401
vn -0.2970 0.7256 0.6207
vn -0.2823 0.9357 0.2115
vn -0.2854 0.9357 0.2074
vn -0.3138 0.9344 0.1688
vn -0.4358 0.6892 -0.5789
vn -0.5705 0.3170 -0.7577
vn -0.6003 0.0642 -0.7972
vn -0.4324 0.8988 -0.0723
vn -0.3195 0.9368 -0.1424
vn -0.2163 0.9485 -0.2314
vn 0.6001 0.0670 0.7971
vn 0.5681 0.3285 0.7545
vn 0.4278 0.7028 0.5683
vn 0.1568 0.9516 0.2645
vn 0.0426 0.9397 0.3394
vn -0.0564 0.9017 0.4287
vn -0.0005 1.0000 -0.0006
vn -0.0035 1.0000 -0.0047
vn -0.0320 0.9986 -0.0425
vn -0.2455 0.6405 -0.7276
vn -0.4829 0.2932 -0.8251
vn -0.5824 0.0593 -0.8107
vn -0.1625 0.9485 -0.2718
vn -0.0485 0.9368 -0.3464
vn 0.0501 0.8988 -0.4356
vn 0.6188 0.0619 0.7831
vn 0.6604 0.3039 0.6867
vn 0.6272 0.6535 0.4237
vn 0.4275 0.9017 0.0643
vn 0.3144 0.9397 0.1348
vn 0.2109 0.9516 0.2238
vn 0.2813 0.9357 -0.2128
vn 0.2782 0.9357 -0.2169
vn 0.2490 0.9344 -0.2549
vn -0.0833 0.4975 -0.8635
vn -0.4093 0.2251 -0.8842
vn -0.5673 0.0452 -0.8222
vn 0.1006 0.8740 -0.4754
vn 0.2062 0.8116 -0.5466
vn 0.2897 0.7231 -0.6271
vn 0.6347 0.0474 0.7713
vn 0.7404 0.2333 0.6303
vn 0.8064 0.5080 0.3028
vn 0.6786 0.7256 -0.1139
vn 0.5780 0.8142 -0.0554
vn 0.4801 0.8768 0.0264
vn 0.5372 0.7396 -0.4055
vn 0.5340 0.7396 -0.4097
vn 0.5034 0.7385 -0.4486
vn 0.0281 0.2734 -0.9615
vn -0.3602 0.1222 -0.9248
vn -0.5573 0.0246 -0.8299
vn 0.3313 0.6732 -0.6611
vn 0.4152 0.5602 -0.7168
vn 0.4682 0.4253 -0.7745
vn 0.6453 0.0257 0.7635
vn 0.7951 0.1267 0.5931
vn 0.9344 0.2793 0.2211
vn 0.8704 0.4268 -0.2455
vn 0.8000 0.5621 -0.2100
vn 0.7230 0.6755 -0.1447
vn 0.7266 0.4143 -0.5481
vn 0.7233 0.4143 -0.5525
vn 0.6913 0.4136 -0.5925
vn 0.4927 0.3538 -0.7950
vn 0.5375 0.2015 -0.8188
vn 0.5439 0.0403 -0.8382
vn 0.9528 0.0405 -0.3010
vn 0.9323 0.2022 -0.2999
vn 0.8970 0.3550 -0.2635
vn 0.7580 0.3159 -0.5707
vn 0.7805 0.2135 -0.5876
vn 0.7942 0.1080 -0.5980
vn 0.5934 0.6695 -0.4468
vn 0.6439 0.5919 -0.4848
vn 0.6887 0.5068 -0.5185
vn 0.3497 0.8991 -0.2633
vn 0.4151 0.8544 -0.3125
vn 0.4778 0.8014 -0.3597
vn 0.0716 0.9960 -0.0539
vn 0.1423 0.9840 -0.1071
vn 0.2123 0.9640 -0.1599
vn -0.2124 0.9640 0.1599
vn -0.1423 0.9840 0.1071
vn -0.0716 0.9960 0.0539
vn -0.4778 0.8014 0.3597
vn -0.4151 0.8544 0.3125
vn -0.3497 0.8991 0.2633
vn -0.6887 0.5068 0.5185
vn -0.6439 0.5919 0.4848
vn -0.5934 0.6695 0.4468
vn -0.7942 0.1080 0.5980
vn -0.7805 0.2135 0.5876
vn -0.7580 0.3159 0.5707
vn -0.7580 -0.3159 0.5707
vn -0.7805 -0.2135 0.5876
vn -0.7942 -0.1080 0.5980
vn -0.5934 -0.6695 0.4468
vn -0.6439 -0.5919 0.4848
vn -0.6887 -0.5068 0.5185
vn -0.3497 -0.8991 0.2633
vn -0.4151 -0.8544 0.3125
vn -0.4778 -0.8014 0.3597
vn -0.0716 -0.9960 0.0539
vn -0.1423 -0.9840 0.1071
vn -0.2124 -0.9640 0.1599
vn 0.2124 -0.9640 -0.1599
vn 0.1423 -0.9840 -0.1071
vn 0.0716 -0.9960 -0.0539
vn 0.4778 -0.8014 -0.3597
vn 0.4151 -0.8544 -0.3125
vn 0.3497 -0.8991 -0.2633
vn 0.6887 -0.5068 -0.5185
vn 0.6439 -0.5919 -0.4848
vn 0.5934 -0.6695 -0.4468
vn 0.7942 -0.1080 -0.5980
vn 0.7805 -0.2135 -0.5876
vn 0.7580 -0.3159 -0.5707
vn 0.2123 -0.9640 -0.1599
vn -0.2123 -0.9640 0.1599
vn 0.2124 0.9640 -0.1599
vn 0.7599 0.4136 -0.5014
vn 0.7309 0.4143 -0.5424
vn 0.7276 0.4143 -0.5467
vn 0.5697 0.7385 -0.3606
vn 0.5413 0.7396 -0.4000
vn 0.5382 0.7396 -0.4041
vn 0.3132 0.9344 -0.1696
vn 0.2853 0.9357 -0.2074
vn 0.2823 0.9357 -0.2115
vn 0.0314 0.9986 0.0417
vn 0.0035 1.0000 0.0046
vn 0.0005 1.0000 0.0007
vn -0.2496 0.9344 0.2541
vn -0.2782 0.9357 0.2169
vn -0.2813 0.9357 0.2128
vn -0.5041 0.7385 0.4478
vn -0.5340 0.7396 0.4096
vn -0.5372 0.7396 0.4055
vn -0.6920 0.4136 0.5917
vn -0.7233 0.4143 0.5524
vn -0.7266 0.4143 0.5481
vn -0.7631 -0.0000 0.6463
vn -0.7950 -0.0000 0.6065
vn -0.7984 -0.0000 0.6022
vn -0.6920 -0.4136 0.5917
vn -0.7233 -0.4143 0.5524
vn -0.7266 -0.4143 0.5481
vn -0.5041 -0.7385 0.4478
vn -0.5340 -0.7396 0.4096
vn -0.5372 -0.7396 0.4055
vn -0.2496 -0.9344 0.2541
vn -0.2782 -0.9357 0.2168
vn -0.2813 -0.9357 0.2128
vn 0.0314 -0.9986 0.0417
vn 0.0035 -1.0000 0.0046
vn 0.0005 -1.0000 0.0007
vn 0.3132 -0.9344 -0.1696
vn 0.2853 -0.9357 -0.2074
vn 0.2823 -0.9357 -0.2115
vn 0.5697 -0.7385 -0.3606
vn 0.5413 -0.7396 -0.4000
vn 0.5382 -0.7396 -0.4041
vn 0.7599 -0.4136 -0.5014
vn 0.7309 -0.4143 -0.5424
vn 0.7276 -0.4143 -0.5467
vn -0.6439 0.5918 0.4848
vn 0.6439 0.5918 -0.4848
vn 0.7580 0.3159 -0.5706
vn 0.7943 0.1080 -0.5979
vn 0.5935 0.6695 -0.4467
vn 0.6440 0.5918 -0.4848
vn 0.6888 0.5068 -0.5185
vn 0.3497 0.8991 -0.2632
vn 0.4151 0.8544 -0.3124
vn 0.4779 0.8014 -0.3597
vn 0.0716 0.9960 -0.0538
vn 0.2124 0.9640 -0.1598
vn -0.2123 0.9640 0.1599
vn -0.1423 0.9840 0.1072
vn -0.0715 0.9960 0.0539
vn -0.4778 0.8014 0.3598
vn -0.4150 0.8544 0.3125
vn -0.3496 0.8991 0.2633
vn -0.6887 0.5068 0.5186
vn -0.6439 0.5918 0.4849
vn -0.7804 0.2135 0.5876
vn -0.7579 0.3159 0.5707
vn -0.7579 -0.3159 0.5707
vn -0.7804 -0.2135 0.5876
vn -0.6439 -0.5918 0.4849
vn -0.6887 -0.5068 0.5186
vn -0.3496 -0.8991 0.2633
vn -0.4150 -0.8544 0.3125
vn -0.4778 -0.8014 0.3598
vn -0.0715 -0.9960 0.0539
vn -0.1423 -0.9840 0.1072
vn 0.2124 -0.9640 -0.1598
vn 0.0716 -0.9960 -0.0538
vn 0.4779 -0.8014 -0.3597
vn 0.4151 -0.8544 -0.3124
vn 0.3497 -0.8991 -0.2632
vn 0.6888 -0.5068 -0.5185
vn 0.6440 -0.5919 -0.4848
vn 0.5935 -0.6695 -0.4467
vn 0.7943 -0.1080 -0.5979
vn 0.7580 -0.3159 -0.5706
vn 0.7624 -0.0000 -0.6471
vn 0.7950 -0.0000 -0.6066
vn 0.7984 -0.0000 -0.6022
vn 0.7579 0.3159 -0.5707
vn 0.7804 0.2135 -0.5876
vn 0.6439 0.5919 -0.4849
vn 0.6887 0.5068 -0.5186
vn 0.3496 0.8991 -0.2633
vn 0.4150 0.8544 -0.3125
vn 0.4778 0.8014 -0.3598
vn 0.0715 0.9960 -0.0539
vn 0.1423 0.9840 -0.1072
vn -0.2124 0.9640 0.1598
vn -0.0716 0.9960 0.0538
vn -0.4779 0.8014 0.3597
vn -0.4151 0.8544 0.3124
vn -0.3497 0.8991 0.2632
vn -0.6888 0.5068 0.5185
vn -0.6440 0.5919 0.4848
vn -0.5935 0.6695 0.4467
vn -0.7943 0.1080 0.5979
vn -0.7580 0.3159 0.5706
vn -0.7580 -0.3159 0.5706
vn -0.7943 -0.1080 0.5979
vn -0.5935 -0.6695 0.4467
vn -0.6440 -0.5919 0.4848
vn -0.6888 -0.5068 0.5185
vn -0.3497 -0.8991 0.2632
vn -0.4151 -0.8544 0.3124
vn -0.4779 -0.8014 0.3597
vn -0.0716 -0.9960 0.0538
vn -0.2124 -0.9640 0.1598
vn 0.1423 -0.9840 -0.1072
vn 0.0715 -0.9960 -0.0539
vn 0.4778 -0.8014 -0.3598
vn 0.4150 -0.8544 -0.3125
vn 0.3496 -0.8991 -0.2633
vn 0.6887 -0.5068 -0.5186
vn 0.6439 -0.5919 -0.4849
vn 0.7804 -0.2135 -0.5876
vn 0.7579 -0.3159 -0.5707
vn 0.9676 -0.2198 -0.1243
vn 0.8966 -0.0876 -0.4341
vn 0.8208 -0.0172 -0.5709
vn 0.8227 -0.0000 -0.5685
vn 0.9067 -0.0000 -0.4217
vn 0.9957 -0.0001 -0.0929
vn 0.8859 -0.0383 0.4623
vn 0.8665 -0.1942 0.4599
vn 0.8442 -0.3406 0.4139
vn -0.2321 0.0001 0.9727
vn -0.5994 0.0001 0.8005
vn -0.7642 -0.0000 0.6450
vn -0.7667 -0.0234 0.6416
vn -0.6114 -0.1171 0.7826
vn -0.2597 -0.2664 0.9282
vn 0.2425 -0.3523 0.9039
vn 0.2793 -0.2007 0.9390
vn 0.2795 -0.0400 0.9593
vn 0.6008 -0.0000 0.7994
vn 0.5962 -0.0000 0.8029
vn 0.5534 -0.0000 0.8329
vn 0.5481 -0.4143 0.7266
vn 0.5526 -0.4143 0.7232
vn 0.5974 -0.4134 0.6871
vn 0.8906 -0.4020 -0.2128
vn 0.8681 -0.1616 -0.4694
vn 0.8155 -0.0317 -0.5779
vn 0.8246 -0.4088 0.3911
vn 0.7676 -0.5408 0.3439
vn 0.7145 -0.6491 0.2609
vn -0.7738 -0.0433 0.6319
vn -0.6459 -0.2159 0.7322
vn -0.3374 -0.4852 0.8067
vn 0.1252 -0.6705 0.7313
vn 0.1905 -0.5579 0.8077
vn 0.2249 -0.4233 0.8776
vn 0.4055 -0.7396 0.5372
vn 0.4098 -0.7396 0.5339
vn 0.4535 -0.7382 0.4995
vn 0.7820 -0.5201 -0.3435
vn 0.8262 -0.2108 -0.5225
vn 0.8075 -0.0413 -0.5885
vn 0.6819 -0.6971 0.2216
vn 0.6022 -0.7852 0.1443
vn 0.5343 -0.8443 0.0404
vn -0.7846 -0.0566 0.6174
vn -0.6982 -0.2813 0.6584
vn -0.4527 -0.6251 0.6359
vn -0.0441 -0.8706 0.4899
vn 0.0376 -0.8086 0.5871
vn 0.0949 -0.7201 0.6873
vn 0.2128 -0.9357 0.2813
vn 0.2170 -0.9357 0.2781
vn 0.2596 -0.9341 0.2452
vn 0.6615 -0.5607 -0.4981
vn 0.7779 -0.2280 -0.5856
vn 0.7981 -0.0447 -0.6009
vn 0.4960 -0.8683 -0.0079
vn 0.4075 -0.9076 -0.1012
vn 0.3370 -0.9170 -0.2133
vn -0.7974 -0.0613 0.6003
vn -0.7611 -0.3040 0.5730
vn -0.5911 -0.6727 0.4450
vn -0.2399 -0.9450 0.2225
vn -0.1510 -0.9335 0.3252
vn -0.0814 -0.8953 0.4380
vn 0.0007 -1.0000 -0.0005
vn 0.0048 -1.0000 -0.0036
vn 0.0473 -0.9982 -0.0356
vn 0.5461 -0.5201 -0.6567
vn 0.7306 -0.2108 -0.6495
vn 0.7887 -0.0413 -0.6134
vn 0.2981 -0.9170 -0.2649
vn 0.2099 -0.9076 -0.3636
vn 0.1447 -0.8683 -0.4745
vn -0.8103 -0.0566 0.5833
vn -0.8257 -0.2812 0.4890
vn -0.7362 -0.6251 0.2594
vn -0.4434 -0.8953 -0.0429
vn -0.3542 -0.9335 0.0552
vn -0.2801 -0.9450 0.1690
vn -0.2115 -0.9357 -0.2823
vn -0.2073 -0.9357 -0.2854
vn -0.1639 -0.9341 -0.3173
vn 0.4505 -0.4019 -0.7972
vn 0.6912 -0.1616 -0.7043
vn 0.7808 -0.0316 -0.6240
vn 0.1090 -0.8443 -0.5246
vn 0.0278 -0.7852 -0.6186
vn -0.0245 -0.6971 -0.7166
vn -0.8213 -0.0434 0.5689
vn -0.8823 -0.2159 0.4183
vn -0.8685 -0.4853 0.1012
vn -0.6343 -0.7201 -0.2812
vn -0.5538 -0.8086 -0.1985
vn -0.4830 -0.8706 -0.0931
vn -0.4041 -0.7396 -0.5382
vn -0.3998 -0.7396 -0.5414
vn -0.3546 -0.7382 -0.5739
vn 0.3870 -0.2197 -0.8955
vn 0.6651 -0.0876 -0.7416
vn 0.7756 -0.0171 -0.6310
vn -0.0532 -0.6491 -0.7588
vn -0.1183 -0.5408 -0.8328
vn -0.1479 -0.4088 -0.9006
vn -0.8286 -0.0235 0.5593
vn -0.9211 -0.1172 0.3713
vn -0.9638 -0.2665 -0.0070
vn -0.7813 -0.4233 -0.4587
vn -0.7236 -0.5579 -0.4064
vn -0.6682 -0.6705 -0.3225
vn -0.5467 -0.4143 -0.7276
vn -0.5423 -0.4143 -0.7310
vn -0.4952 -0.4134 -0.7641
vn 0.3646 0.0001 -0.9312
vn 0.6560 -0.0000 -0.7548
vn 0.7738 -0.0000 -0.6334
vn -0.1644 -0.3406 -0.9257
vn -0.2023 -0.1942 -0.9599
vn -0.1993 -0.0383 -0.9792
vn -0.8312 -0.0000 0.5560
vn -0.9350 -0.0001 0.3547
vn -0.9989 -0.0001 -0.0459
vn -0.8446 -0.0400 -0.5338
vn -0.8252 -0.2007 -0.5280
vn -0.8017 -0.3523 -0.4829
vn -0.6008 -0.0000 -0.7994
vn -0.5962 -0.0000 -0.8028
vn -0.5483 -0.0000 -0.8363
vn 0.3870 0.2197 -0.8955
vn 0.6651 0.0876 -0.7416
vn 0.7756 0.0171 -0.6309
vn -0.1993 0.0383 -0.9792
vn -0.2024 0.1942 -0.9599
vn -0.1644 0.3406 -0.9257
vn -0.8286 0.0234 0.5594
vn -0.9211 0.1171 0.3712
vn -0.9638 0.2664 -0.0070
vn -0.8017 0.3523 -0.4830
vn -0.8252 0.2007 -0.5280
vn -0.8446 0.0400 -0.5338
vn -0.5467 0.4143 -0.7276
vn -0.5423 0.4143 -0.7310
vn -0.4952 0.4134 -0.7641
vn 0.4507 0.4020 -0.7971
vn 0.6911 0.1616 -0.7045
vn 0.7809 0.0316 -0.6239
vn -0.1478 0.4088 -0.9006
vn -0.1183 0.5408 -0.8328
vn -0.0532 0.6491 -0.7588
vn -0.8212 0.0433 0.5689
vn -0.8823 0.2158 0.4183
vn -0.8686 0.4852 0.1011
vn -0.6682 0.6705 -0.3225
vn -0.7236 0.5579 -0.4064
vn -0.7813 0.4233 -0.4587
vn -0.4041 0.7396 -0.5382
vn -0.3998 0.7396 -0.5414
vn -0.3546 0.7382 -0.5739
vn 0.5463 0.5201 -0.6566
vn 0.7306 0.2108 -0.6494
vn 0.7888 0.0412 -0.6133
vn -0.0245 0.6971 -0.7166
vn 0.0278 0.7852 -0.6186
vn 0.1089 0.8443 -0.5246
vn -0.8102 0.0565 0.5834
vn -0.8258 0.2813 0.4888
vn -0.7363 0.6251 0.2593
vn -0.4830 0.8706 -0.0931
vn -0.5538 0.8086 -0.1985
vn -0.6343 0.7201 -0.2812
vn -0.2115 0.9357 -0.2823
vn -0.2073 0.9357 -0.2854
vn -0.1639 0.9341 -0.3173
vn 0.6616 0.5607 -0.4980
vn 0.7778 0.2280 -0.5857
vn 0.7981 0.0447 -0.6009
vn 0.1447 0.8683 -0.4745
vn 0.2099 0.9076 -0.3636
vn 0.2981 0.9170 -0.2649
vn -0.7974 0.0612 0.6004
vn -0.7611 0.3041 0.5729
vn -0.5912 0.6727 0.4449
vn -0.2801 0.9450 0.1691
vn -0.3542 0.9335 0.0552
vn -0.4434 0.8953 -0.0429
vn 0.0007 1.0000 -0.0005
vn 0.0048 1.0000 -0.0036
vn 0.0472 0.9982 -0.0356
vn 0.7821 0.5200 -0.3433
vn 0.8262 0.2108 -0.5225
vn 0.8074 0.0413 -0.5885
vn 0.3369 0.9170 -0.2133
vn 0.4075 0.9076 -0.1012
vn 0.4960 0.8683 -0.0078
vn -0.7846 0.0565 0.6174
vn -0.6982 0.2813 0.6583
vn -0.4528 0.6251 0.6358
vn -0.0814 0.8953 0.4380
vn -0.1510 0.9335 0.3251
vn -0.2399 0.9450 0.2225
vn 0.2128 0.9357 0.2813
vn 0.2170 0.9357 0.2781
vn 0.2596 0.9341 0.2452
vn 0.8907 0.4019 -0.2126
vn 0.8680 0.1616 -0.4695
vn 0.8155 0.0316 -0.5779
vn 0.5343 0.8443 0.0404
vn 0.6022 0.7852 0.1443
vn 0.6819 0.6971 0.2217
vn -0.7738 0.0432 0.6319
vn -0.6459 0.2160 0.7322
vn -0.3373 0.4852 0.8067
vn 0.0949 0.7201 0.6874
vn 0.0377 0.8086 0.5871
vn -0.0440 0.8706 0.4900
vn 0.4055 0.7396 0.5372
vn 0.4098 0.7396 0.5339
vn 0.4535 0.7382 0.4995
vn 0.9676 0.2196 -0.1243
vn 0.8966 0.0876 -0.4342
vn 0.8209 0.0172 -0.5709
vn 0.7145 0.6491 0.2609
vn 0.7676 0.5408 0.3439
vn 0.8246 0.4088 0.3911
vn -0.7667 0.0234 0.6416
vn -0.6114 0.1172 0.7826
vn -0.2597 0.2665 0.9282
vn 0.2248 0.4233 0.8776
vn 0.1905 0.5579 0.8077
vn 0.1252 0.6705 0.7313
vn 0.5481 0.4143 0.7266
vn 0.5526 0.4143 0.7232
vn 0.5974 0.4134 0.6871
vn 0.8442 0.3406 0.4139
vn 0.8665 0.1942 0.4598
vn 0.8859 0.0383 0.4623
vn 0.2795 0.0400 0.9593
vn 0.2792 0.2007 0.9390
vn 0.2425 0.3523 0.9039
vn 0.5707 0.3159 0.7580
vn 0.5876 0.2135 0.7805
vn 0.5980 0.1080 0.7942
vn 0.4468 0.6695 0.5934
vn 0.4848 0.5919 0.6439
vn 0.5185 0.5068 0.6887
vn 0.2633 0.8991 0.3497
vn 0.3125 0.8544 0.4151
vn 0.3597 0.8014 0.4778
vn 0.0539 0.9960 0.0716
vn 0.1071 0.9840 0.1423
vn 0.1599 0.9640 0.2123
vn -0.1599 0.9640 -0.2123
vn -0.1071 0.9840 -0.1423
vn -0.0539 0.9960 -0.0716
vn -0.3597 0.8014 -0.4778
vn -0.3125 0.8544 -0.4151
vn -0.2633 0.8991 -0.3497
vn -0.5185 0.5068 -0.6887
vn -0.4848 0.5919 -0.6439
vn -0.4468 0.6695 -0.5934
vn -0.5980 0.1080 -0.7942
vn -0.5876 0.2135 -0.7805
vn -0.5707 0.3159 -0.7580
vn -0.5707 -0.3159 -0.7580
vn -0.5876 -0.2135 -0.7805
vn -0.5980 -0.1080 -0.7942
vn -0.4468 -0.6695 -0.5934
vn -0.4848 -0.5919 -0.6439
vn -0.5185 -0.5068 -0.6887
vn -0.2633 -0.8991 -0.3497
vn -0.3125 -0.8544 -0.4151
vn -0.3597 -0.8014 -0.4778
vn -0.0539 -0.9960 -0.0716
vn -0.1071 -0.9840 -0.1423
vn -0.1599 -0.9640 -0.2123
vn 0.1599 -0.9640 0.2123
vn 0.1071 -0.9840 0.1423
vn 0.0539 -0.9960 0.0716
vn 0.3597 -0.8014 0.4778
vn 0.3125 -0.8544 0.4151
vn 0.2633 -0.8991 0.3497
vn 0.5185 -0.5068 0.6887
vn 0.4848 -0.5919 0.6439
vn 0.4468 -0.6695 0.5934
vn 0.5980 -0.1080 0.7942
vn 0.5876 -0.2135 0.7805
vn 0.5707 -0.3159 0.7580
vn 0.1599 -0.9640 0.2124
vn -0.1599 -0.9640 -0.2124
vn 0.1599 0.9640 0.2124
vn 0.4848 0.5918 0.6439
vn -0.1599 0.9640 -0.2124
vn 0.6521 -0.0000 0.7581
vn 0.6067 -0.0000 0.7949
vn 0.6022 -0.0000 0.7984
vn 0.5876 -0.2135 0.7804
vn 0.5707 -0.3159 0.7579
vn 0.5186 -0.5068 0.6887
vn 0.4849 -0.5919 0.6439
vn 0.3598 -0.8014 0.4778
vn 0.3125 -0.8544 0.4150
vn 0.2633 -0.8991 0.3496
vn 0.1072 -0.9840 0.1423
vn 0.0539 -0.9960 0.0715
vn -0.0538 -0.9960 -0.0716
vn -0.1598 -0.9640 -0.2124
vn -0.2632 -0.8991 -0.3497
vn -0.3124 -0.8544 -0.4151
vn -0.3597 -0.8014 -0.4779
vn -0.4467 -0.6695 -0.5935
vn -0.4848 -0.5919 -0.6440
vn -0.5185 -0.5068 -0.6888
vn -0.5706 -0.3159 -0.7580
vn -0.5979 -0.1080 -0.7943
vn -0.5979 0.1080 -0.7943
vn -0.5706 0.3159 -0.7580
vn -0.5185 0.5068 -0.6888
vn -0.4848 0.5919 -0.6440
vn -0.4467 0.6695 -0.5935
vn -0.3597 0.8014 -0.4779
vn -0.3124 0.8544 -0.4151
vn -0.2632 0.8991 -0.3497
vn -0.1598 0.9640 -0.2124
vn -0.0538 0.9960 -0.0716
vn 0.0539 0.9960 0.0715
vn 0.1072 0.9840 0.1423
vn 0.2633 0.8991 0.3496
vn 0.3125 0.8544 0.4150
vn 0.3598 0.8014 0.4778
vn 0.4849 0.5919 0.6439
vn 0.5186 0.5068 0.6887
vn 0.5707 0.3159 0.7579
vn 0.5876 0.2135 0.7804
vn -0.4848 0.5918 -0.6439
vn 0.5002 -0.4136 0.7608
vn 0.5422 -0.4143 0.7310
vn 0.5467 -0.4143 0.7276
vn 0.3594 -0.7384 0.5705
vn 0.3998 -0.7396 0.5415
vn 0.4041 -0.7396 0.5382
vn 0.1684 -0.9344 0.3140
vn 0.2073 -0.9357 0.2853
vn 0.2115 -0.9357 0.2823
vn -0.0428 -0.9986 0.0322
vn -0.0048 -1.0000 0.0036
vn -0.0007 -1.0000 0.0005
vn -0.2552 -0.9344 -0.2486
vn -0.2169 -0.9357 -0.2781
vn -0.2128 -0.9357 -0.2813
vn -0.4489 -0.7384 -0.5032
vn -0.4098 -0.7396 -0.5339
vn -0.4055 -0.7396 -0.5372
vn -0.5928 -0.4136 -0.6910
vn -0.5526 -0.4143 -0.7232
vn -0.5481 -0.4143 -0.7266
vn -0.6474 -0.0000 -0.7621
vn -0.6068 -0.0000 -0.7949
vn -0.6022 -0.0000 -0.7984
vn -0.5928 0.4136 -0.6910
vn -0.5526 0.4143 -0.7232
vn -0.5481 0.4143 -0.7266
vn -0.4489 0.7384 -0.5032
vn -0.4098 0.7396 -0.5339
vn -0.4055 0.7396 -0.5372
vn -0.2552 0.9344 -0.2486
vn -0.2169 0.9357 -0.2781
vn -0.2128 0.9357 -0.2813
vn -0.0428 0.9986 0.0322
vn -0.0048 1.0000 0.0036
vn -0.0007 1.0000 0.0005
vn 0.1684 0.9344 0.3140
vn 0.2073 0.9357 0.2853
vn 0.2115 0.9357 0.2823
vn 0.3594 0.7384 0.5705
vn 0.3998 0.7396 0.5415
vn 0.4041 0.7396 0.5382
vn 0.5002 0.4136 0.7608
vn 0.5422 0.4143 0.7310
vn 0.5467 0.4143 0.7276
vn 0.5706 0.3159 0.7580
vn 0.5979 0.1080 0.7943
vn 0.4467 0.6695 0.5935
vn 0.4848 0.5918 0.6440
vn 0.5185 0.5068 0.6888
vn 0.2632 0.8991 0.3497
vn 0.3124 0.8544 0.4151
vn 0.3597 0.8014 0.4779
vn 0.0538 0.9960 0.0716
vn 0.1598 0.9640 0.2124
vn -0.1072 0.9840 -0.1423
vn -0.0539 0.9960 -0.0715
vn -0.3598 0.8014 -0.4778
vn -0.3125 0.8544 -0.4150
vn -0.2633 0.8991 -0.3496
vn -0.5186 0.5068 -0.6887
vn -0.4849 0.5918 -0.6439
vn -0.5876 0.2135 -0.7804
vn -0.5707 0.3159 -0.7579
vn -0.5707 -0.3159 -0.7579
vn -0.5876 -0.2135 -0.7804
vn -0.4849 -0.5919 -0.6439
vn -0.5186 -0.5068 -0.6887
vn -0.2633 -0.8991 -0.3496
vn -0.3125 -0.8544 -0.4150
vn -0.3598 -0.8014 -0.4778
vn -0.0539 -0.9960 -0.0715
vn -0.1072 -0.9840 -0.1423
vn 0.1598 -0.9640 0.2124
vn 0.0538 -0.9960 0.0716
vn 0.3597 -0.8014 0.4779
vn 0.3124 -0.8544 0.4151
vn 0.2632 -0.8991 0.3497
vn 0.5185 -0.5068 0.6888
vn 0.4848 -0.5918 0.6440
vn 0.4467 -0.6695 0.5935
vn 0.5979 -0.1080 0.7943
vn 0.5706 -0.3159 0.7580
vn -0.7481 0.1593 0.6442
vn -0.7044 0.1593 0.6917
vn -0.6578 0.1593 0.7362
vn -0.6323 0.5511 0.5445
vn -0.5954 0.5511 0.5846
vn -0.5560 0.5511 0.6222
vn -0.3451 0.8903 0.2971
vn -0.3249 0.8903 0.3190
vn -0.3034 0.8903 0.3396
vn -0.0468 0.9981 0.0403
vn -0.0441 0.9981 0.0433
vn -0.0412 0.9981 0.0461
vn -0.0036 1.0000 0.0031
vn -0.0034 1.0000 0.0033
vn -0.0032 1.0000 0.0035
vn 0.0371 0.9988 -0.0319
vn 0.0350 0.9988 -0.0343
vn 0.0328 0.9988 -0.0365
vn 0.3193 0.9081 -0.2709
vn 0.3032 0.9074 -0.2911
vn 0.2849 0.9065 -0.3116
vn 0.6286 0.5696 -0.5295
vn 0.5974 0.5669 -0.5672
vn 0.5610 0.5635 -0.6065
vn 0.7579 0.1510 -0.6347
vn 0.7203 0.1486 -0.6776
vn 0.6754 0.1454 -0.7230
vn 0.7512 -0.1510 -0.6426
vn 0.7089 -0.1489 -0.6894
vn 0.6626 -0.1466 -0.7344
vn 0.6239 -0.5694 -0.5353
vn 0.5886 -0.5684 -0.5749
vn 0.5503 -0.5672 -0.6127
vn 0.3197 -0.9068 -0.2748
vn 0.3014 -0.9067 -0.2951
vn 0.2817 -0.9065 -0.3145
vn 0.0390 -0.9987 -0.0336
vn 0.0368 -0.9987 -0.0361
vn 0.0343 -0.9987 -0.0384
vn -0.0004 -1.0000 0.0004
vn -0.0400 -0.9986 0.0345
vn -0.0377 -0.9986 0.0370
vn -0.0352 -0.9986 0.0394
vn -0.3167 -0.9085 0.2727
vn -0.2982 -0.9085 0.2928
vn -0.2785 -0.9085 0.3117
vn -0.6150 -0.5843 0.5295
vn -0.5791 -0.5843 0.5686
vn -0.5407 -0.5843 0.6052
vn -0.7467 -0.1705 0.6429
vn -0.7031 -0.1705 0.6903
vn -0.6565 -0.1705 0.7348
vn -0.5559 0.1593 0.8159
vn -0.5014 0.1593 0.8504
vn -0.4448 0.1593 0.8813
vn -0.4699 0.5511 0.6896
vn -0.4238 0.5511 0.7188
vn -0.3760 0.5511 0.7449
vn -0.2564 0.8903 0.3763
vn -0.2313 0.8903 0.3922
vn -0.2052 0.8903 0.4065
vn -0.0348 0.9981 0.0510
vn -0.0314 0.9981 0.0532
vn -0.0278 0.9981 0.0551
vn -0.0027 1.0000 0.0039
vn -0.0024 1.0000 0.0041
vn -0.0021 1.0000 0.0042
vn 0.0277 0.9988 -0.0406
vn 0.0250 0.9988 -0.0423
vn 0.0221 0.9988 -0.0439
vn 0.2410 0.9052 -0.3499
vn 0.2168 0.9050 -0.3660
vn 0.1919 0.9050 -0.3797
vn 0.4723 0.5584 -0.6820
vn 0.4241 0.5574 -0.7137
vn 0.3749 0.5573 -0.7409
vn 0.5656 0.1406 -0.8126
vn 0.5068 0.1397 -0.8507
vn 0.4474 0.1395 -0.8834
vn 0.5590 -0.1433 -0.8167
vn 0.5035 -0.1428 -0.8521
vn 0.4462 -0.1427 -0.8835
vn 0.4651 -0.5656 -0.6810
vn 0.4193 -0.5653 -0.7104
vn 0.3718 -0.5653 -0.7364
vn 0.2382 -0.9063 -0.3492
vn 0.2148 -0.9062 -0.3641
vn 0.1905 -0.9062 -0.3774
vn 0.0290 -0.9987 -0.0426
vn 0.0262 -0.9987 -0.0444
vn 0.0232 -0.9987 -0.0460
vn -0.0003 -1.0000 0.0005
vn -0.0298 -0.9986 0.0437
vn -0.0268 -0.9986 0.0455
vn -0.0238 -0.9986 0.0472
vn -0.2353 -0.9085 0.3454
vn -0.2123 -0.9085 0.3600
vn -0.1883 -0.9085 0.3731
vn -0.4570 -0.5843 0.6707
vn -0.4122 -0.5843 0.6991
vn -0.3657 -0.5843 0.7245
vn -0.5548 -0.1705 0.8143
vn -0.5005 -0.1705 0.8488
vn -0.4440 -0.1705 0.8797
vn -0.3258 0.1593 0.9319
vn -0.2642 0.1593 0.9512
vn -0.2015 0.1593 0.9664
vn -0.2754 0.5511 0.7877
vn -0.2233 0.5512 0.8040
vn -0.1703 0.5512 0.8168
vn -0.1503 0.8903 0.4298
vn -0.1219 0.8903 0.4387
vn -0.0930 0.8903 0.4457
vn -0.0204 0.9981 0.0583
vn -0.0165 0.9981 0.0595
vn -0.0126 0.9981 0.0605
vn -0.0016 1.0000 0.0045
vn -0.0013 1.0000 0.0046
vn -0.0010 1.0000 0.0046
vn 0.0162 0.9988 -0.0464
vn 0.0131 0.9988 -0.0473
vn 0.0100 0.9988 -0.0481
vn 0.1402 0.9051 -0.4013
vn 0.1137 0.9053 -0.4094
vn 0.0866 0.9054 -0.4156
vn 0.2739 0.5579 -0.7834
vn 0.2220 0.5583 -0.7993
vn 0.1693 0.5588 -0.8118
vn 0.3268 0.1401 -0.9347
vn 0.2651 0.1405 -0.9539
vn 0.2022 0.1409 -0.9692
vn 0.3266 -0.1431 -0.9343
vn 0.2649 -0.1434 -0.9536
vn 0.2020 -0.1437 -0.9688
vn 0.2722 -0.5655 -0.7785
vn 0.2207 -0.5657 -0.7946
vn 0.1683 -0.5658 -0.8072
vn 0.1395 -0.9063 -0.3990
vn 0.1131 -0.9063 -0.4072
vn 0.0863 -0.9063 -0.4137
vn 0.0170 -0.9987 -0.0486
vn 0.0138 -0.9987 -0.0496
vn 0.0105 -0.9987 -0.0504
vn -0.0002 -1.0000 0.0006
vn -0.0174 -0.9986 0.0499
vn -0.0141 -0.9986 0.0509
vn -0.0108 -0.9986 0.0517
vn -0.1379 -0.9085 0.3945
vn -0.1118 -0.9085 0.4026
vn -0.0853 -0.9085 0.4091
vn -0.2678 -0.5843 0.7661
vn -0.2172 -0.5843 0.7819
vn -0.1657 -0.5843 0.7944
vn -0.3252 -0.1705 0.9301
vn -0.2637 -0.1706 0.9494
vn -0.2012 -0.1706 0.9646
vn -0.0735 0.1593 0.9845
vn -0.0090 0.1593 0.9872
vn 0.0555 0.1593 0.9857
vn -0.0621 0.5512 0.8321
vn -0.0076 0.5512 0.8343
vn 0.0469 0.5512 0.8330
vn -0.0339 0.8904 0.4540
vn -0.0042 0.8904 0.4552
vn 0.0256 0.8904 0.4545
vn -0.0046 0.9981 0.0616
vn -0.0006 0.9981 0.0617
vn 0.0035 0.9981 0.0616
vn -0.0004 1.0000 0.0047
vn -0.0000 1.0000 0.0047
vn 0.0003 1.0000 0.0047
vn 0.0037 0.9988 -0.0490
vn 0.0004 0.9988 -0.0491
vn -0.0028 0.9988 -0.0490
vn 0.0315 0.9057 -0.4228
vn 0.0038 0.9059 -0.4236
vn -0.0239 0.9060 -0.4225
vn 0.0617 0.5599 -0.8262
vn 0.0076 0.5605 -0.8281
vn -0.0465 0.5612 -0.8264
vn 0.0738 0.1419 -0.9871
vn 0.0091 0.1424 -0.9898
vn -0.0555 0.1429 -0.9882
vn 0.0737 -0.1444 -0.9868
vn 0.0091 -0.1448 -0.9894
vn -0.0556 -0.1452 -0.9878
vn 0.0613 -0.5662 -0.8220
vn 0.0075 -0.5664 -0.8241
vn -0.0463 -0.5667 -0.8227
vn 0.0314 -0.9064 -0.4213
vn 0.0038 -0.9064 -0.4223
vn -0.0237 -0.9065 -0.4216
vn 0.0038 -0.9987 -0.0514
vn 0.0005 -0.9987 -0.0515
vn -0.0029 -0.9987 -0.0514
vn -0.0000 -1.0000 0.0006
vn -0.0039 -0.9986 0.0527
vn -0.0005 -0.9986 0.0528
vn 0.0030 -0.9986 0.0527
vn -0.0311 -0.9085 0.4167
vn -0.0038 -0.9085 0.4178
vn 0.0235 -0.9085 0.4172
vn -0.0604 -0.5844 0.8092
vn -0.0074 -0.5844 0.8114
vn 0.0456 -0.5844 0.8102
vn -0.0734 -0.1706 0.9826
vn -0.0090 -0.1706 0.9853
vn 0.0553 -0.1706 0.9838
vn 0.1838 0.1594 0.9700
vn 0.2468 0.1594 0.9559
vn 0.3087 0.1594 0.9377
vn 0.1554 0.5513 0.8197
vn 0.2086 0.5513 0.8078
vn 0.2609 0.5513 0.7925
vn 0.0848 0.8904 0.4472
vn 0.1138 0.8904 0.4407
vn 0.1423 0.8904 0.4323
vn 0.0115 0.9981 0.0607
vn 0.0154 0.9981 0.0598
vn 0.0193 0.9981 0.0586
vn 0.0009 1.0000 0.0046
vn 0.0012 1.0000 0.0046
vn 0.0015 1.0000 0.0045
vn -0.0091 0.9988 -0.0482
vn -0.0123 0.9988 -0.0475
vn -0.0153 0.9988 -0.0466
vn -0.0787 0.9064 -0.4150
vn -0.1056 0.9066 -0.4086
vn -0.1319 0.9068 -0.4004
vn -0.1539 0.5625 -0.8123
vn -0.2066 0.5632 -0.8001
vn -0.2582 0.5640 -0.7844
vn -0.1842 0.1441 -0.9723
vn -0.2472 0.1447 -0.9581
vn -0.3093 0.1453 -0.9398
vn -0.1842 -0.1460 -0.9720
vn -0.2473 -0.1465 -0.9578
vn -0.3093 -0.1469 -0.9396
vn -0.1534 -0.5671 -0.8092
vn -0.2059 -0.5674 -0.7973
vn -0.2574 -0.5676 -0.7820
vn -0.0786 -0.9065 -0.4147
vn -0.1055 -0.9066 -0.4086
vn -0.1319 -0.9066 -0.4008
vn -0.0096 -0.9987 -0.0506
vn -0.0129 -0.9987 -0.0499
vn -0.0161 -0.9987 -0.0489
vn 0.0098 -0.9986 0.0519
vn 0.0132 -0.9986 0.0511
vn 0.0165 -0.9986 0.0502
vn 0.0778 -0.9085 0.4105
vn 0.1044 -0.9086 0.4045
vn 0.1306 -0.9086 0.3968
vn 0.1511 -0.5844 0.7973
vn 0.2028 -0.5845 0.7857
vn 0.2537 -0.5845 0.7707
vn 0.1835 -0.1706 0.9681
vn 0.2463 -0.1706 0.9541
vn 0.3081 -0.1706 0.9359
vn 0.4286 0.1594 0.8893
vn 0.4858 0.1594 0.8594
vn 0.5409 0.1594 0.8259
vn 0.3622 0.5513 0.7516
vn 0.4105 0.5514 0.7263
vn 0.4571 0.5514 0.6979
vn 0.1976 0.8904 0.4100
vn 0.2239 0.8904 0.3962
vn 0.2493 0.8905 0.3807
vn 0.0268 0.9981 0.0556
vn 0.0304 0.9981 0.0537
vn 0.0338 0.9981 0.0516
vn 0.0021 1.0000 0.0043
vn 0.0023 1.0000 0.0041
vn 0.0026 1.0000 0.0040
vn -0.0213 0.9988 -0.0441
vn -0.0241 0.9988 -0.0426
vn -0.0268 0.9988 -0.0409
vn -0.1828 0.9072 -0.3790
vn -0.2069 0.9074 -0.3659
vn -0.2301 0.9076 -0.3512
vn -0.3581 0.5654 -0.7430
vn -0.4056 0.5662 -0.7176
vn -0.4513 0.5670 -0.6891
vn -0.4294 0.1466 -0.8912
vn -0.4866 0.1473 -0.8611
vn -0.5417 0.1480 -0.8274
vn -0.4294 -0.1479 -0.8909
vn -0.4866 -0.1484 -0.8609
vn -0.5418 -0.1488 -0.8273
vn -0.3573 -0.5681 -0.7413
vn -0.4049 -0.5684 -0.7162
vn -0.4507 -0.5687 -0.6881
vn -0.1831 -0.9067 -0.3799
vn -0.2075 -0.9068 -0.3670
vn -0.2310 -0.9068 -0.3526
vn -0.0223 -0.9987 -0.0464
vn -0.0253 -0.9987 -0.0448
vn -0.0282 -0.9987 -0.0431
vn 0.0003 -1.0000 0.0005
vn 0.0229 -0.9986 0.0476
vn 0.0260 -0.9986 0.0460
vn 0.0289 -0.9986 0.0442
vn 0.1813 -0.9086 0.3763
vn 0.2055 -0.9086 0.3636
vn 0.2288 -0.9086 0.3494
vn 0.3523 -0.5845 0.7309
vn 0.3992 -0.5845 0.7064
vn 0.4445 -0.5845 0.6788
vn 0.4278 -0.1706 0.8876
vn 0.4848 -0.1706 0.8578
vn 0.5398 -0.1707 0.8243
vn 0.6442 0.1594 0.7481
vn 0.6916 0.1594 0.7044
vn 0.7362 0.1594 0.6577
vn 0.5443 0.5514 0.6322
vn 0.5845 0.5514 0.5953
vn 0.6221 0.5515 0.5558
vn 0.2969 0.8905 0.3448
vn 0.3188 0.8905 0.3247
vn 0.3393 0.8905 0.3032
vn 0.0403 0.9981 0.0468
vn 0.0432 0.9981 0.0440
vn 0.0460 0.9981 0.0411
vn 0.0031 1.0000 0.0036
vn 0.0033 1.0000 0.0034
vn 0.0035 1.0000 0.0032
vn -0.0319 0.9988 -0.0371
vn -0.0343 0.9988 -0.0349
vn -0.0365 0.9988 -0.0326
vn -0.2735 0.9080 -0.3175
vn -0.2933 0.9082 -0.2986
vn -0.3119 0.9084 -0.2785
vn -0.5368 0.5685 -0.6234
vn -0.5760 0.5692 -0.5867
vn -0.6127 0.5700 -0.5474
vn -0.6451 0.1493 -0.7494
vn -0.6926 0.1500 -0.7056
vn -0.7371 0.1506 -0.6587
vn -0.6451 -0.1498 -0.7492
vn -0.6926 -0.1503 -0.7054
vn -0.7372 -0.1508 -0.6587
vn -0.5365 -0.5692 -0.6230
vn -0.5759 -0.5695 -0.5865
vn -0.6129 -0.5697 -0.5475
vn -0.2749 -0.9069 -0.3193
vn -0.2951 -0.9070 -0.3006
vn -0.3141 -0.9070 -0.2806
vn -0.0336 -0.9987 -0.0390
vn -0.0360 -0.9987 -0.0367
vn -0.0384 -0.9987 -0.0343
vn 0.0004 -1.0000 0.0004
vn 0.0344 -0.9986 0.0400
vn 0.0370 -0.9986 0.0377
vn 0.0394 -0.9986 0.0352
vn 0.2725 -0.9086 0.3165
vn 0.2926 -0.9086 0.2980
vn 0.3114 -0.9086 0.2782
vn 0.5294 -0.5846 0.6148
vn 0.5684 -0.5846 0.5789
vn 0.6050 -0.5846 0.5406
vn 0.6429 -0.1707 0.7467
vn 0.6903 -0.1707 0.7031
vn 0.7348 -0.1707 0.6565
vn 0.8158 0.1595 0.5559
vn 0.8504 0.1595 0.5014
vn 0.8813 0.1595 0.4448
vn 0.6894 0.5515 0.4697
vn 0.7186 0.5515 0.4237
vn 0.7447 0.5515 0.3758
vn 0.3760 0.8905 0.2562
vn 0.3919 0.8905 0.2311
vn 0.4061 0.8905 0.2050
vn 0.0510 0.9981 0.0347
vn 0.0531 0.9981 0.0313
vn 0.0551 0.9981 0.0278
vn 0.0039 1.0000 0.0027
vn 0.0041 1.0000 0.0024
vn 0.0042 1.0000 0.0021
vn -0.0404 0.9988 -0.0275
vn -0.0421 0.9988 -0.0248
vn -0.0436 0.9988 -0.0220
vn -0.3449 0.9088 -0.2349
vn -0.3592 0.9090 -0.2117
vn -0.3718 0.9091 -0.1876
vn -0.6782 0.5715 -0.4621
vn -0.7065 0.5722 -0.4165
vn -0.7317 0.5729 -0.3693
vn -0.8168 0.1519 -0.5566
vn -0.8513 0.1525 -0.5020
vn -0.8822 0.1531 -0.4453
vn -0.8168 -0.1517 -0.5566
vn -0.8514 -0.1522 -0.5020
vn -0.8823 -0.1526 -0.4453
vn -0.6789 -0.5703 -0.4625
vn -0.7075 -0.5705 -0.4171
vn -0.7331 -0.5708 -0.3699
vn -0.3479 -0.9071 -0.2370
vn -0.3625 -0.9071 -0.2137
vn -0.3756 -0.9072 -0.1896
vn -0.0425 -0.9987 -0.0290
vn -0.0443 -0.9987 -0.0261
vn -0.0459 -0.9987 -0.0232
vn 0.0005 -1.0000 0.0003
vn 0.0436 -0.9986 0.0297
vn 0.0455 -0.9986 0.0268
vn 0.0471 -0.9986 0.0238
vn 0.3451 -0.9086 0.2351
vn 0.3597 -0.9087 0.2121
vn 0.3727 -0.9087 0.1881
vn 0.6704 -0.5847 0.4568
vn 0.6988 -0.5847 0.4120
vn 0.7242 -0.5847 0.3655
vn 0.8143 -0.1707 0.5548
vn 0.8488 -0.1707 0.5005
vn 0.8796 -0.1707 0.4440
vn 0.9319 0.1595 0.3258
vn 0.9512 0.1595 0.2642
vn 0.9664 0.1595 0.2015
vn 0.7874 0.5516 0.2753
vn 0.8037 0.5516 0.2233
vn 0.8165 0.5516 0.1703
vn 0.4294 0.8906 0.1501
vn 0.4383 0.8906 0.1217
vn 0.4453 0.8906 0.0929
vn 0.0582 0.9981 0.0203
vn 0.0594 0.9981 0.0165
vn 0.0604 0.9981 0.0126
vn 0.0045 1.0000 0.0016
vn 0.0046 1.0000 0.0013
vn 0.0046 1.0000 0.0010
vn -0.0461 0.9988 -0.0161
vn -0.0470 0.9988 -0.0131
vn -0.0477 0.9988 -0.0100
vn -0.3925 0.9095 -0.1371
vn -0.4002 0.9096 -0.1111
vn -0.4063 0.9098 -0.0847
vn -0.7729 0.5742 -0.2702
vn -0.7885 0.5748 -0.2190
vn -0.8007 0.5754 -0.1670
vn -0.9326 0.1543 -0.3261
vn -0.9519 0.1548 -0.2645
vn -0.9670 0.1554 -0.2018
vn -0.9328 -0.1535 -0.3261
vn -0.9520 -0.1539 -0.2645
vn -0.9672 -0.1543 -0.2017
vn -0.7748 -0.5712 -0.2708
vn -0.7907 -0.5714 -0.2196
vn -0.8032 -0.5716 -0.1675
vn -0.3970 -0.9073 -0.1388
vn -0.4052 -0.9073 -0.1125
vn -0.4116 -0.9073 -0.0858
vn -0.0485 -0.9987 -0.0170
vn -0.0495 -0.9987 -0.0138
vn -0.0503 -0.9987 -0.0105
vn 0.0006 -1.0000 0.0002
vn 0.0498 -0.9986 0.0174
vn 0.0508 -0.9986 0.0141
vn 0.0516 -0.9986 0.0108
vn 0.3941 -0.9087 0.1378
vn 0.4022 -0.9087 0.1117
vn 0.4087 -0.9087 0.0852
vn 0.7658 -0.5847 0.2677
vn 0.7816 -0.5847 0.2171
vn 0.7941 -0.5848 0.1656
vn 0.9301 -0.1707 0.3252
vn 0.9494 -0.1708 0.2637
vn 0.9646 -0.1708 0.2012
vn 0.9845 0.1595 0.0735
vn 0.9872 0.1595 0.0090
vn 0.9856 0.1595 -0.0555
vn 0.8318 0.5516 0.0621
vn 0.8340 0.5516 0.0076
vn 0.8328 0.5517 -0.0469
vn 0.4536 0.8906 0.0339
vn 0.4548 0.8906 0.0042
vn 0.4541 0.8906 -0.0255
vn 0.0615 0.9981 0.0046
vn 0.0616 0.9981 0.0006
vn 0.0615 0.9981 -0.0035
vn 0.0047 1.0000 0.0004
vn 0.0047 1.0000 -0.0000
vn 0.0047 1.0000 -0.0003
vn -0.0486 0.9988 -0.0036
vn -0.0487 0.9988 -0.0004
vn -0.0486 0.9988 0.0027
vn -0.4133 0.9101 -0.0308
vn -0.4141 0.9102 -0.0037
vn -0.4132 0.9103 0.0233
vn -0.8149 0.5764 -0.0608
vn -0.8168 0.5769 -0.0075
vn -0.8152 0.5773 0.0459
vn -0.9850 0.1563 -0.0736
vn -0.9876 0.1567 -0.0091
vn -0.9860 0.1571 0.0554
vn -0.9852 -0.1549 -0.0735
vn -0.9878 -0.1553 -0.0090
vn -0.9863 -0.1555 0.0555
vn -0.8180 -0.5720 -0.0610
vn -0.8201 -0.5722 -0.0075
vn -0.8187 -0.5724 0.0461
vn -0.4191 -0.9074 -0.0313
vn -0.4202 -0.9074 -0.0038
vn -0.4195 -0.9075 0.0236
vn -0.0513 -0.9987 -0.0038
vn -0.0514 -0.9987 -0.0005
vn -0.0513 -0.9987 0.0029
vn 0.0006 -1.0000 -0.0000
vn 0.0526 -0.9986 0.0039
vn 0.0527 -0.9986 0.0005
vn 0.0527 -0.9986 -0.0030
vn 0.4163 -0.9087 0.0311
vn 0.4174 -0.9087 0.0038
vn 0.4168 -0.9087 -0.0234
vn 0.8089 -0.5848 0.0604
vn 0.8111 -0.5848 0.0074
vn 0.8099 -0.5848 -0.0456
vn 0.9826 -0.1708 0.0733
vn 0.9853 -0.1708 0.0090
vn 0.9838 -0.1708 -0.0553
vn 0.9699 0.1595 -0.1838
vn 0.9559 0.1595 -0.2468
vn 0.9377 0.1595 -0.3087
vn 0.8195 0.5517 -0.1553
vn 0.8076 0.5517 -0.2085
vn 0.7922 0.5517 -0.2608
vn 0.4468 0.8906 -0.0847
vn 0.4403 0.8906 -0.1137
vn 0.4320 0.8906 -0.1422
vn 0.0606 0.9981 -0.0115
vn 0.0597 0.9981 -0.0154
vn 0.0585 0.9981 -0.0193
vn 0.0047 1.0000 -0.0009
vn 0.0046 1.0000 -0.0012
vn 0.0045 1.0000 -0.0015
vn -0.0479 0.9988 0.0091
vn -0.0472 0.9988 0.0122
vn -0.0463 0.9988 0.0152
vn -0.4062 0.9105 0.0770
vn -0.4002 0.9106 0.1033
vn -0.3924 0.9107 0.1292
vn -0.8017 0.5781 0.1519
vn -0.7899 0.5784 0.2039
vn -0.7747 0.5786 0.2550
vn -0.9702 0.1578 0.1838
vn -0.9561 0.1581 0.2468
vn -0.9379 0.1583 0.3087
vn -0.9705 -0.1560 0.1839
vn -0.9564 -0.1562 0.2469
vn -0.9382 -0.1564 0.3088
vn -0.8055 -0.5726 0.1527
vn -0.7937 -0.5727 0.2049
vn -0.7786 -0.5728 0.2563
vn -0.4127 -0.9075 0.0782
vn -0.4067 -0.9075 0.1050
vn -0.3989 -0.9075 0.1313
vn -0.0505 -0.9987 0.0096
vn -0.0498 -0.9987 0.0128
vn -0.0488 -0.9987 0.0161
vn 0.0518 -0.9986 -0.0098
vn 0.0511 -0.9986 -0.0132
vn 0.0501 -0.9986 -0.0165
vn 0.4101 -0.9087 -0.0777
vn 0.4041 -0.9087 -0.1043
vn 0.3965 -0.9087 -0.1305
vn 0.7970 -0.5848 -0.1510
vn 0.7854 -0.5848 -0.2028
vn 0.7705 -0.5848 -0.2536
vn 0.9681 -0.1708 -0.1835
vn 0.9540 -0.1708 -0.2463
vn 0.9359 -0.1708 -0.3081
vn 0.8893 0.1595 -0.4286
vn 0.8594 0.1595 -0.4857
vn 0.8259 0.1595 -0.5408
vn 0.7513 0.5517 -0.3621
vn 0.7261 0.5517 -0.4104
vn 0.6977 0.5517 -0.4569
vn 0.4097 0.8906 -0.1974
vn 0.3959 0.8906 -0.2238
vn 0.3804 0.8906 -0.2491
vn 0.0555 0.9981 -0.0268
vn 0.0536 0.9981 -0.0303
vn 0.0516 0.9981 -0.0338
vn 0.0043 1.0000 -0.0021
vn 0.0041 1.0000 -0.0023
vn 0.0040 1.0000 -0.0026
vn -0.0439 0.9988 0.0211
vn -0.0424 0.9988 0.0240
vn -0.0407 0.9988 0.0267
vn -0.3720 0.9108 0.1793
vn -0.3594 0.9108 0.2032
vn -0.3453 0.9108 0.2262
vn -0.7345 0.5790 0.3540
vn -0.7097 0.5791 0.4011
vn -0.6819 0.5792 0.4466
vn -0.8894 0.1586 0.4286
vn -0.8595 0.1587 0.4858
vn -0.8260 0.1588 0.5409
vn -0.8897 -0.1567 0.4288
vn -0.8598 -0.1567 0.4860
vn -0.8262 -0.1568 0.5411
vn -0.7383 -0.5730 0.3558
vn -0.7135 -0.5730 0.4033
vn -0.6856 -0.5730 0.4490
vn -0.3783 -0.9076 0.1823
vn -0.3656 -0.9076 0.2066
vn -0.3513 -0.9076 0.2300
vn -0.0463 -0.9987 0.0223
vn -0.0447 -0.9987 0.0253
vn -0.0430 -0.9987 0.0282
vn 0.0005 -1.0000 -0.0003
vn 0.0475 -0.9986 -0.0229
vn 0.0459 -0.9986 -0.0260
vn 0.0441 -0.9986 -0.0289
vn 0.3760 -0.9087 -0.1812
vn 0.3633 -0.9087 -0.2054
vn 0.3492 -0.9087 -0.2287
vn 0.7307 -0.5848 -0.3522
vn 0.7062 -0.5849 -0.3991
vn 0.6786 -0.5848 -0.4444
vn 0.8876 -0.1708 -0.4278
vn 0.8578 -0.1708 -0.4848
vn 0.8243 -0.1708 -0.5398
vn 0.7481 0.1596 -0.6441
vn 0.7044 0.1596 -0.6916
vn 0.6577 0.1596 -0.7362
vn 0.6320 0.5517 -0.5442
vn 0.5951 0.5517 -0.5843
vn 0.5557 0.5517 -0.6220
vn 0.3446 0.8906 -0.2967
vn 0.3245 0.8906 -0.3186
vn 0.3030 0.8906 -0.3391
vn 0.0467 0.9981 -0.0402
vn 0.0440 0.9981 -0.0432
vn 0.0411 0.9981 -0.0460
vn 0.0036 1.0000 -0.0031
vn 0.0034 1.0000 -0.0033
vn 0.0032 1.0000 -0.0035
vn -0.0369 0.9988 0.0318
vn -0.0347 0.9988 0.0341
vn -0.0324 0.9988 0.0363
vn -0.3128 0.9108 0.2694
vn -0.2946 0.9108 0.2892
vn -0.2751 0.9108 0.3079
vn -0.6177 0.5792 0.5319
vn -0.5817 0.5791 0.5711
vn -0.5432 0.5790 0.6080
vn -0.7482 0.1588 0.6442
vn -0.7045 0.1587 0.6917
vn -0.6578 0.1586 0.7363
vn -0.7484 -0.1568 0.6444
vn -0.7047 -0.1567 0.6919
vn -0.6580 -0.1567 0.7365
vn -0.6210 -0.5730 0.5347
vn -0.5848 -0.5730 0.5742
vn -0.5461 -0.5730 0.6112
vn -0.3182 -0.9076 0.2740
vn -0.2996 -0.9076 0.2942
vn -0.2798 -0.9076 0.3131
vn -0.0389 -0.9987 0.0335
vn -0.0367 -0.9987 0.0360
vn -0.0342 -0.9987 0.0383
vn 0.0004 -1.0000 -0.0004
vn 0.0400 -0.9986 -0.0344
vn 0.0376 -0.9986 -0.0369
vn 0.0351 -0.9986 -0.0393
vn 0.3163 -0.9087 -0.2723
vn 0.2978 -0.9087 -0.2924
vn 0.2781 -0.9087 -0.3112
vn 0.6147 -0.5848 -0.5293
vn 0.5788 -0.5849 -0.5683
vn 0.5404 -0.5848 -0.6049
vn 0.7466 -0.1708 -0.6429
vn 0.7031 -0.1708 -0.6903
vn 0.6565 -0.1708 -0.7348
vn 0.5559 0.1595 -0.8158
vn 0.5014 0.1595 -0.8504
vn 0.4448 0.1595 -0.8813
vn 0.4696 0.5517 -0.6893
vn 0.4236 0.5517 -0.7185
vn 0.3758 0.5517 -0.7446
vn 0.2561 0.8906 -0.3758
vn 0.2310 0.8906 -0.3917
vn 0.2049 0.8906 -0.4060
vn 0.0347 0.9981 -0.0509
vn 0.0313 0.9981 -0.0531
vn 0.0278 0.9981 -0.0550
vn 0.0027 1.0000 -0.0039
vn 0.0024 1.0000 -0.0041
vn 0.0021 1.0000 -0.0042
vn -0.0274 0.9988 0.0402
vn -0.0247 0.9988 0.0419
vn -0.0219 0.9988 0.0435
vn -0.2327 0.9107 0.3414
vn -0.2100 0.9106 0.3560
vn -0.1863 0.9105 0.3691
vn -0.4592 0.5786 0.6740
vn -0.4143 0.5784 0.7027
vn -0.3677 0.5781 0.7285
vn -0.5560 0.1583 0.8160
vn -0.5015 0.1581 0.8506
vn -0.4449 0.1578 0.8816
vn -0.5562 -0.1564 0.8162
vn -0.5017 -0.1562 0.8508
vn -0.4450 -0.1560 0.8818
vn -0.4616 -0.5728 0.6774
vn -0.4164 -0.5727 0.7061
vn -0.3694 -0.5726 0.7319
vn -0.2365 -0.9075 0.3471
vn -0.2133 -0.9075 0.3618
vn -0.1893 -0.9075 0.3750
vn -0.0289 -0.9987 0.0425
vn -0.0261 -0.9987 0.0443
vn -0.0232 -0.9987 0.0459
vn 0.0003 -1.0000 -0.0005
vn 0.0297 -0.9986 -0.0436
vn 0.0268 -0.9986 -0.0454
vn 0.0238 -0.9986 -0.0471
vn 0.2350 -0.9087 -0.3449
vn 0.2120 -0.9087 -0.3595
vn 0.1881 -0.9087 -0.3726
vn 0.4567 -0.5848 -0.6703
vn 0.4120 -0.5848 -0.6987
vn 0.3655 -0.5848 -0.7242
vn 0.5548 -0.1708 -0.8143
vn 0.5004 -0.1708 -0.8488
vn 0.4439 -0.1708 -0.8796
vn 0.3258 0.1595 -0.9319
vn 0.2642 0.1595 -0.9512
vn 0.2015 0.1595 -0.9664
vn 0.2753 0.5517 -0.7873
vn 0.2232 0.5516 -0.8036
vn 0.1703 0.5516 -0.8165
vn 0.1501 0.8906 -0.4293
vn 0.1217 0.8906 -0.4382
vn 0.0929 0.8906 -0.4452
vn 0.0203 0.9981 -0.0582
vn 0.0165 0.9981 -0.0594
vn 0.0126 0.9981 -0.0603
vn 0.0016 1.0000 -0.0045
vn 0.0013 1.0000 -0.0046
vn 0.0010 1.0000 -0.0046
vn -0.0161 0.9988 0.0460
vn -0.0130 0.9988 0.0470
vn -0.0100 0.9988 0.0477
vn -0.1366 0.9103 0.3907
vn -0.1109 0.9102 0.3990
vn -0.0847 0.9101 0.4057
vn -0.2695 0.5773 0.7708
vn -0.2186 0.5769 0.7870
vn -0.1668 0.5764 0.7999
vn -0.3259 0.1571 0.9323
vn -0.2643 0.1567 0.9516
vn -0.2016 0.1563 0.9669
vn -0.3260 -0.1555 0.9325
vn -0.2644 -0.1553 0.9518
vn -0.2017 -0.1549 0.9671
vn -0.2706 -0.5724 0.7741
vn -0.2195 -0.5722 0.7902
vn -0.1675 -0.5720 0.8030
vn -0.1387 -0.9075 0.3966
vn -0.1125 -0.9074 0.4049
vn -0.0858 -0.9074 0.4114
vn -0.0170 -0.9987 0.0485
vn -0.0138 -0.9987 0.0495
vn -0.0105 -0.9987 0.0503
vn 0.0002 -1.0000 -0.0006
vn 0.0174 -0.9986 -0.0498
vn 0.0141 -0.9986 -0.0508
vn 0.0108 -0.9986 -0.0516
vn 0.1377 -0.9087 -0.3940
vn 0.1117 -0.9087 -0.4022
vn 0.0852 -0.9087 -0.4086
vn 0.2677 -0.5848 -0.7657
vn 0.2171 -0.5848 -0.7816
vn 0.1656 -0.5848 -0.7941
vn 0.3252 -0.1708 -0.9301
vn 0.2637 -0.1708 -0.9494
vn 0.2012 -0.1708 -0.9646
vn 0.0735 0.1595 -0.9845
vn 0.0090 0.1595 -0.9872
vn -0.0555 0.1595 -0.9856
vn 0.0621 0.5516 -0.8318
vn 0.0076 0.5516 -0.8341
vn -0.0469 0.5516 -0.8328
vn 0.0339 0.8906 -0.4536
vn 0.0042 0.8906 -0.4548
vn -0.0256 0.8905 -0.4542
vn 0.0046 0.9981 -0.0615
vn 0.0006 0.9981 -0.0617
vn -0.0035 0.9981 -0.0616
vn 0.0004 1.0000 -0.0047
vn -0.0000 1.0000 -0.0047
vn -0.0003 1.0000 -0.0047
vn -0.0036 0.9988 0.0486
vn -0.0004 0.9988 0.0488
vn 0.0027 0.9988 0.0487
vn -0.0310 0.9098 0.4139
vn -0.0039 0.9096 0.4154
vn 0.0233 0.9095 0.4151
vn -0.0609 0.5754 0.8156
vn -0.0075 0.5748 0.8183
vn 0.0460 0.5742 0.8174
vn -0.0735 0.1554 0.9851
vn -0.0090 0.1548 0.9879
vn 0.0556 0.1543 0.9865
vn -0.0736 -0.1543 0.9853
vn -0.0091 -0.1539 0.9880
vn 0.0555 -0.1535 0.9866
vn -0.0611 -0.5717 0.8182
vn -0.0075 -0.5714 0.8206
vn 0.0461 -0.5712 0.8195
vn -0.0313 -0.9073 0.4192
vn -0.0039 -0.9073 0.4205
vn 0.0236 -0.9073 0.4199
vn -0.0038 -0.9987 0.0513
vn -0.0005 -0.9987 0.0514
vn 0.0029 -0.9987 0.0513
vn -0.0000 -1.0000 -0.0006
vn 0.0039 -0.9986 -0.0526
vn 0.0005 -0.9986 -0.0528
vn -0.0030 -0.9986 -0.0527
vn 0.0311 -0.9087 -0.4163
vn 0.0038 -0.9087 -0.4175
vn -0.0235 -0.9087 -0.4168
vn 0.0604 -0.5848 -0.8090
vn 0.0074 -0.5847 -0.8112
vn -0.0456 -0.5847 -0.8100
vn 0.0733 -0.1708 -0.9826
vn 0.0090 -0.1708 -0.9853
vn -0.0553 -0.1707 -0.9838
vn -0.1838 0.1595 -0.9699
vn -0.2468 0.1595 -0.9559
vn -0.3087 0.1595 -0.9377
vn -0.1553 0.5515 -0.8196
vn -0.2085 0.5515 -0.8077
vn -0.2608 0.5515 -0.7924
vn -0.0847 0.8905 -0.4470
vn -0.1137 0.8905 -0.4405
vn -0.1423 0.8905 -0.4321
vn -0.0115 0.9981 -0.0606
vn -0.0154 0.9981 -0.0597
vn -0.0193 0.9981 -0.0586
vn -0.0009 1.0000 -0.0047
vn -0.0012 1.0000 -0.0046
vn -0.0015 1.0000 -0.0045
vn 0.0091 0.9988 0.0480
vn 0.0122 0.9988 0.0473
vn 0.0153 0.9988 0.0464
vn 0.0775 0.9091 0.4092
vn 0.1041 0.9090 0.4037
vn 0.1304 0.9088 0.3964
vn 0.1526 0.5729 0.8053
vn 0.2050 0.5722 0.7941
vn 0.2566 0.5715 0.7795
vn 0.1841 0.1531 0.9709
vn 0.2471 0.1525 0.9569
vn 0.3091 0.1519 0.9388
vn 0.1840 -0.1526 0.9710
vn 0.2470 -0.1522 0.9570
vn 0.3090 -0.1517 0.9389
vn 0.1529 -0.5708 0.8068
vn 0.2053 -0.5705 0.7952
vn 0.2568 -0.5703 0.7803
vn 0.0783 -0.9072 0.4134
vn 0.1052 -0.9071 0.4075
vn 0.1316 -0.9071 0.3998
vn 0.0096 -0.9987 0.0505
vn 0.0129 -0.9987 0.0498
vn 0.0161 -0.9987 0.0489
vn -0.0098 -0.9986 -0.0518
vn -0.0132 -0.9986 -0.0511
vn -0.0165 -0.9986 -0.0501
vn -0.0777 -0.9087 -0.4102
vn -0.1044 -0.9087 -0.4043
vn -0.1306 -0.9086 -0.3966
vn -0.1511 -0.5847 -0.7971
vn -0.2028 -0.5847 -0.7855
vn -0.2537 -0.5847 -0.7706
vn -0.1835 -0.1707 -0.9681
vn -0.2463 -0.1707 -0.9540
vn -0.3081 -0.1707 -0.9359
vn -0.4286 0.1594 -0.8893
vn -0.4858 0.1594 -0.8594
vn -0.5408 0.1594 -0.8259
vn -0.3622 0.5515 -0.7515
vn -0.4105 0.5514 -0.7262
vn -0.4570 0.5514 -0.6979
vn -0.1975 0.8905 -0.4099
vn -0.2239 0.8905 -0.3961
vn -0.2493 0.8905 -0.3807
vn -0.0268 0.9981 -0.0556
vn -0.0304 0.9981 -0.0537
vn -0.0338 0.9981 -0.0516
vn -0.0021 1.0000 -0.0043
vn -0.0023 1.0000 -0.0041
vn -0.0026 1.0000 -0.0040
vn 0.0212 0.9988 0.0440
vn 0.0241 0.9988 0.0426
vn 0.0268 0.9988 0.0409
vn 0.1814 0.9084 0.3767
vn 0.2059 0.9082 0.3644
vn 0.2295 0.9080 0.3506
vn 0.3567 0.5700 0.7402
vn 0.4045 0.5692 0.7158
vn 0.4507 0.5685 0.6882
vn 0.4293 0.1506 0.8905
vn 0.4866 0.1500 0.8607
vn 0.5418 0.1493 0.8271
vn 0.4292 -0.1508 0.8905
vn 0.4865 -0.1503 0.8607
vn 0.5417 -0.1498 0.8271
vn 0.3568 -0.5697 0.7403
vn 0.4044 -0.5695 0.7156
vn 0.4504 -0.5692 0.6878
vn 0.1828 -0.9070 0.3794
vn 0.2072 -0.9070 0.3667
vn 0.2308 -0.9069 0.3525
vn 0.0223 -0.9987 0.0463
vn 0.0253 -0.9987 0.0448
vn 0.0282 -0.9987 0.0430
vn -0.0003 -1.0000 -0.0005
vn -0.0229 -0.9986 -0.0475
vn -0.0260 -0.9986 -0.0460
vn -0.0289 -0.9986 -0.0442
vn -0.1813 -0.9086 -0.3762
vn -0.2055 -0.9086 -0.3636
vn -0.2288 -0.9086 -0.3494
vn -0.3522 -0.5846 -0.7309
vn -0.3992 -0.5846 -0.7063
vn -0.4445 -0.5846 -0.6787
vn -0.4278 -0.1707 -0.8876
vn -0.4848 -0.1707 -0.8578
vn -0.5398 -0.1707 -0.8243
vn -0.6442 0.1594 -0.7481
vn -0.6916 0.1594 -0.7044
vn -0.7362 0.1594 -0.6578
vn -0.5444 0.5514 -0.6322
vn -0.5845 0.5514 -0.5953
vn -0.6221 0.5513 -0.5559
vn -0.2969 0.8905 -0.3449
vn -0.3188 0.8904 -0.3247
vn -0.3394 0.8904 -0.3032
vn -0.0403 0.9981 -0.0468
vn -0.0432 0.9981 -0.0440
vn -0.0460 0.9981 -0.0411
vn -0.0031 1.0000 -0.0036
vn -0.0033 1.0000 -0.0034
vn -0.0035 1.0000 -0.0032
vn 0.0319 0.9988 0.0371
vn 0.0343 0.9988 0.0349
vn 0.0365 0.9988 0.0326
vn 0.2739 0.9076 0.3182
vn 0.2944 0.9074 0.3000
vn 0.3137 0.9072 0.2804
vn 0.5375 0.5670 0.6242
vn 0.5775 0.5662 0.5882
vn 0.6150 0.5654 0.5495
vn 0.6454 0.1480 0.7494
vn 0.6930 0.1473 0.7057
vn 0.7377 0.1466 0.6590
vn 0.6452 -0.1488 0.7493
vn 0.6928 -0.1484 0.7057
vn 0.7375 -0.1479 0.6590
vn 0.5367 -0.5687 0.6233
vn 0.5764 -0.5684 0.5871
vn 0.6136 -0.5681 0.5483
vn 0.2750 -0.9068 0.3194
vn 0.2954 -0.9068 0.3009
vn 0.3145 -0.9067 0.2810
vn 0.0336 -0.9987 0.0390
vn 0.0361 -0.9987 0.0367
vn 0.0384 -0.9987 0.0343
vn -0.0004 -1.0000 -0.0004
vn -0.0344 -0.9986 -0.0400
vn -0.0370 -0.9986 -0.0377
vn -0.0394 -0.9986 -0.0352
vn -0.2725 -0.9086 -0.3165
vn -0.2926 -0.9086 -0.2980
vn -0.3115 -0.9086 -0.2783
vn -0.5294 -0.5845 -0.6148
vn -0.5685 -0.5845 -0.5790
vn -0.6051 -0.5845 -0.5406
vn -0.6429 -0.1707 -0.7467
vn -0.6903 -0.1706 -0.7031
vn -0.7348 -0.1706 -0.6565
vn -0.8158 0.1594 -0.5559
vn -0.8504 0.1594 -0.5014
vn -0.8813 0.1594 -0.4448
vn -0.6895 0.5513 -0.4698
vn -0.7187 0.5513 -0.4238
vn -0.7448 0.5513 -0.3759
vn -0.3761 0.8904 -0.2563
vn -0.3921 0.8904 -0.2312
vn -0.4064 0.8904 -0.2051
vn -0.0510 0.9981 -0.0348
vn -0.0532 0.9981 -0.0314
vn -0.0551 0.9981 -0.0278
vn -0.0039 1.0000 -0.0027
vn -0.0041 1.0000 -0.0024
vn -0.0042 1.0000 -0.0021
vn 0.0405 0.9988 0.0276
vn 0.0422 0.9988 0.0249
vn 0.0438 0.9988 0.0221
vn 0.3484 0.9068 0.2375
vn 0.3635 0.9066 0.2144
vn 0.3771 0.9064 0.1904
vn 0.6824 0.5640 0.4650
vn 0.7118 0.5632 0.4197
vn 0.7381 0.5625 0.3725
vn 0.8177 0.1453 0.5570
vn 0.8524 0.1447 0.5025
vn 0.8835 0.1441 0.4458
vn 0.8174 -0.1469 0.5570
vn 0.8521 -0.1465 0.5024
vn 0.8832 -0.1460 0.4457
vn 0.6803 -0.5676 0.4636
vn 0.7093 -0.5674 0.4183
vn 0.7353 -0.5671 0.3711
vn 0.3487 -0.9066 0.2376
vn 0.3635 -0.9066 0.2144
vn 0.3768 -0.9065 0.1902
vn 0.0425 -0.9987 0.0290
vn 0.0444 -0.9987 0.0262
vn 0.0460 -0.9987 0.0232
vn -0.0005 -1.0000 -0.0003
vn -0.0436 -0.9986 -0.0297
vn -0.0455 -0.9986 -0.0268
vn -0.0472 -0.9986 -0.0238
vn -0.3452 -0.9086 -0.2352
vn -0.3599 -0.9086 -0.2122
vn -0.3730 -0.9085 -0.1882
vn -0.6706 -0.5845 -0.4569
vn -0.6990 -0.5845 -0.4121
vn -0.7244 -0.5844 -0.3656
vn -0.8143 -0.1706 -0.5548
vn -0.8488 -0.1706 -0.5005
vn -0.8797 -0.1706 -0.4440
vn -0.9319 0.1593 -0.3258
vn -0.9512 0.1593 -0.2642
vn -0.9664 0.1593 -0.2015
vn -0.7876 0.5512 -0.2753
vn -0.8039 0.5512 -0.2233
vn -0.8168 0.5512 -0.1703
vn -0.4297 0.8904 -0.1502
vn -0.4386 0.8904 -0.1218
vn -0.4457 0.8904 -0.0929
vn -0.0583 0.9981 -0.0204
vn -0.0595 0.9981 -0.0165
vn -0.0604 0.9981 -0.0126
vn -0.0045 1.0000 -0.0016
vn -0.0046 1.0000 -0.0013
vn -0.0046 1.0000 -0.0010
vn 0.0463 0.9988 0.0162
vn 0.0473 0.9988 0.0131
vn 0.0481 0.9988 0.0100
vn 0.3995 0.9060 0.1397
vn 0.4081 0.9059 0.1134
vn 0.4150 0.9057 0.0866
vn 0.7813 0.5612 0.2731
vn 0.7979 0.5605 0.2217
vn 0.8111 0.5599 0.1692
vn 0.9343 0.1429 0.3265
vn 0.9537 0.1424 0.2648
vn 0.9691 0.1419 0.2020
vn 0.9340 -0.1452 0.3265
vn 0.9534 -0.1448 0.2648
vn 0.9687 -0.1444 0.2020
vn 0.7778 -0.5667 0.2719
vn 0.7940 -0.5664 0.2206
vn 0.8069 -0.5662 0.1683
vn 0.3986 -0.9065 0.1394
vn 0.4070 -0.9064 0.1131
vn 0.4135 -0.9064 0.0863
vn 0.0486 -0.9987 0.0170
vn 0.0496 -0.9987 0.0138
vn 0.0504 -0.9987 0.0105
vn -0.0006 -1.0000 -0.0002
vn -0.0499 -0.9986 -0.0174
vn -0.0509 -0.9986 -0.0141
vn -0.0517 -0.9986 -0.0108
vn -0.3944 -0.9085 -0.1379
vn -0.4026 -0.9085 -0.1118
vn -0.4090 -0.9085 -0.0853
vn -0.7660 -0.5844 -0.2678
vn -0.7819 -0.5844 -0.2172
vn -0.7944 -0.5844 -0.1657
vn -0.9301 -0.1706 -0.3252
vn -0.9494 -0.1706 -0.2637
vn -0.9646 -0.1706 -0.2012
vn -0.9845 0.1593 -0.0735
vn -0.9872 0.1593 -0.0090
vn -0.9857 0.1593 0.0555
vn -0.8321 0.5512 -0.0621
vn -0.8344 0.5512 -0.0076
vn -0.8331 0.5511 0.0469
vn -0.4540 0.8903 -0.0339
vn -0.4553 0.8903 -0.0042
vn -0.4546 0.8903 0.0256
vn -0.0616 0.9981 -0.0046
vn -0.0618 0.9981 -0.0006
vn -0.0617 0.9981 0.0035
vn -0.0047 1.0000 -0.0004
vn -0.0047 1.0000 -0.0000
vn -0.0047 1.0000 0.0003
vn 0.0490 0.9988 0.0037
vn 0.0491 0.9988 0.0005
vn 0.0491 0.9988 -0.0028
vn 0.4234 0.9054 0.0317
vn 0.4248 0.9053 0.0039
vn 0.4244 0.9051 -0.0238
vn 0.8270 0.5588 0.0617
vn 0.8296 0.5583 0.0076
vn 0.8286 0.5579 -0.0466
vn 0.9873 0.1409 0.0736
vn 0.9900 0.1405 0.0090
vn 0.9886 0.1401 -0.0557
vn 0.9869 -0.1437 0.0737
vn 0.9896 -0.1434 0.0091
vn 0.9881 -0.1431 -0.0556
vn 0.8222 -0.5658 0.0614
vn 0.8246 -0.5657 0.0076
vn 0.8234 -0.5655 -0.0463
vn 0.4214 -0.9063 0.0315
vn 0.4226 -0.9063 0.0039
vn 0.4220 -0.9063 -0.0237
vn 0.0514 -0.9987 0.0038
vn 0.0515 -0.9987 0.0005
vn 0.0514 -0.9987 -0.0029
vn -0.0006 -1.0000 -0.0000
vn -0.0527 -0.9986 -0.0039
vn -0.0528 -0.9986 -0.0005
vn -0.0528 -0.9986 0.0030
vn -0.4167 -0.9085 -0.0311
vn -0.4179 -0.9085 -0.0038
vn -0.4172 -0.9085 0.0235
vn -0.8093 -0.5843 -0.0604
vn -0.8115 -0.5843 -0.0074
vn -0.8102 -0.5843 0.0456
vn -0.9826 -0.1706 -0.0734
vn -0.9853 -0.1706 -0.0090
vn -0.9838 -0.1705 0.0553
vn -0.9700 0.1593 0.1838
vn -0.9559 0.1593 0.2468
vn -0.9377 0.1593 0.3087
vn -0.8198 0.5511 0.1554
vn -0.8079 0.5511 0.2086
vn -0.7926 0.5511 0.2609
vn -0.4474 0.8903 0.0848
vn -0.4409 0.8903 0.1138
vn -0.4325 0.8903 0.1424
vn -0.0607 0.9981 0.0115
vn -0.0598 0.9981 0.0154
vn -0.0587 0.9981 0.0193
vn -0.0046 1.0000 0.0009
vn -0.0046 1.0000 0.0012
vn -0.0045 1.0000 0.0015
vn 0.0483 0.9988 -0.0092
vn 0.0476 0.9988 -0.0123
vn 0.0467 0.9988 -0.0154
vn 0.4180 0.9050 -0.0794
vn 0.4117 0.9050 -0.1072
vn 0.4029 0.9052 -0.1348
vn 0.8157 0.5573 -0.1554
vn 0.8031 0.5574 -0.2103
vn 0.7860 0.5584 -0.2654
vn 0.9726 0.1395 -0.1857
vn 0.9576 0.1397 -0.2518
vn 0.9373 0.1406 -0.3189
vn 0.9724 -0.1427 -0.1846
vn 0.9581 -0.1428 -0.2483
vn 0.9394 -0.1433 -0.3114
vn 0.8105 -0.5653 -0.1537
vn 0.7986 -0.5653 -0.2066
vn 0.7831 -0.5656 -0.2587
vn 0.4154 -0.9062 -0.0787
vn 0.4093 -0.9062 -0.1058
vn 0.4014 -0.9063 -0.1324
vn 0.0506 -0.9987 -0.0096
vn 0.0499 -0.9987 -0.0129
vn 0.0489 -0.9987 -0.0161
vn -0.0519 -0.9986 0.0098
vn -0.0512 -0.9986 0.0132
vn -0.0502 -0.9986 0.0165
vn -0.4106 -0.9085 0.0778
vn -0.4047 -0.9085 0.1045
vn -0.3970 -0.9085 0.1307
vn -0.7973 -0.5843 0.1511
vn -0.7858 -0.5843 0.2029
vn -0.7709 -0.5843 0.2537
vn -0.9681 -0.1705 0.1835
vn -0.9541 -0.1705 0.2463
vn -0.9360 -0.1705 0.3081
vn -0.8893 0.1593 0.4286
vn -0.8595 0.1593 0.4858
vn -0.8259 0.1593 0.5409
vn -0.7517 0.5511 0.3623
vn -0.7264 0.5511 0.4106
vn -0.6981 0.5511 0.4572
vn -0.4102 0.8903 0.1977
vn -0.3964 0.8903 0.2241
vn -0.3809 0.8903 0.2495
vn -0.0556 0.9981 0.0268
vn -0.0538 0.9981 0.0304
vn -0.0517 0.9981 0.0338
vn -0.0043 1.0000 0.0021
vn -0.0041 1.0000 0.0023
vn -0.0040 1.0000 0.0026
vn 0.0442 0.9988 -0.0214
vn 0.0426 0.9988 -0.0242
vn 0.0409 0.9988 -0.0269
vn 0.3782 0.9065 -0.1876
vn 0.3636 0.9074 -0.2109
vn 0.3486 0.9081 -0.2320
vn 0.7379 0.5635 -0.3714
vn 0.7103 0.5669 -0.4173
vn 0.6826 0.5696 -0.4577
vn 0.8815 0.1454 -0.4492
vn 0.8503 0.1486 -0.5049
vn 0.8195 0.1510 -0.5529
vn 0.8890 -0.1466 -0.4338
vn 0.8585 -0.1489 -0.4906
vn 0.8252 -0.1510 -0.5443
vn 0.7410 -0.5672 -0.3595
vn 0.7152 -0.5684 -0.4067
vn 0.6869 -0.5694 -0.4516
vn 0.3801 -0.9065 -0.1838
vn 0.3670 -0.9067 -0.2081
vn 0.3524 -0.9068 -0.2312
vn 0.0464 -0.9987 -0.0224
vn 0.0448 -0.9987 -0.0254
vn 0.0431 -0.9987 -0.0282
vn -0.0005 -1.0000 0.0003
vn -0.0476 -0.9986 0.0229
vn -0.0460 -0.9986 0.0260
vn -0.0442 -0.9986 0.0290
vn -0.3765 -0.9085 0.1814
vn -0.3638 -0.9085 0.2056
vn -0.3496 -0.9085 0.2290
vn -0.7311 -0.5843 0.3523
vn -0.7065 -0.5843 0.3993
vn -0.6789 -0.5843 0.4446
vn -0.8877 -0.1705 0.4278
vn -0.8578 -0.1705 0.4848
vn -0.8243 -0.1705 0.5398
vn -0.9008 0.0053 0.4341
vn -0.8706 0.0053 0.4920
vn -0.8366 0.0053 0.5478
vn -0.9008 0.0089 0.4341
vn -0.8705 0.0089 0.4920
vn -0.8365 0.0089 0.5478
vn -0.9008 0.0106 0.4341
vn -0.8705 0.0106 0.4920
vn -0.8365 0.0106 0.5478
vn -0.9825 0.0053 0.1862
vn -0.9682 0.0053 0.2500
vn -0.9498 0.0053 0.3127
vn -0.9825 0.0089 0.1862
vn -0.9682 0.0089 0.2500
vn -0.9498 0.0089 0.3127
vn -0.9825 0.0106 0.1862
vn -0.9682 0.0106 0.2500
vn -0.9498 0.0106 0.3126
vn -0.9972 0.0053 -0.0744
vn -0.9999 0.0053 -0.0092
vn -0.9984 0.0053 0.0562
vn -0.9972 0.0089 -0.0744
vn -0.9999 0.0089 -0.0092
vn -0.9984 0.0089 0.0562
vn -0.9972 0.0106 -0.0744
vn -0.9999 0.0106 -0.0092
vn -0.9984 0.0106 0.0562
vn -0.9440 0.0053 -0.3300
vn -0.9635 0.0053 -0.2676
vn -0.9789 0.0053 -0.2042
vn -0.9439 0.0089 -0.3300
vn -0.9635 0.0089 -0.2676
vn -0.9789 0.0089 -0.2041
vn -0.9439 0.0106 -0.3300
vn -0.9635 0.0106 -0.2676
vn -0.9789 0.0106 -0.2041
vn -0.8264 0.0053 -0.5631
vn -0.8614 0.0053 -0.5079
vn -0.8927 0.0053 -0.4506
vn -0.8264 0.0089 -0.5631
vn -0.8614 0.0089 -0.5079
vn -0.8927 0.0089 -0.4505
vn -0.8264 0.0106 -0.5630
vn -0.8614 0.0106 -0.5079
vn -0.8927 0.0106 -0.4505
vn -0.6525 0.0053 -0.7578
vn -0.7006 0.0053 -0.7135
vn -0.7457 0.0053 -0.6663
vn -0.6525 0.0089 -0.7578
vn -0.7006 0.0089 -0.7135
vn -0.7457 0.0089 -0.6662
vn -0.6525 0.0106 -0.7577
vn -0.7006 0.0106 -0.7135
vn -0.7457 0.0106 -0.6662
vn -0.4341 0.0053 -0.9008
vn -0.4920 0.0053 -0.8706
vn -0.5478 0.0053 -0.8366
vn -0.4341 0.0089 -0.9008
vn -0.4920 0.0089 -0.8705
vn -0.5478 0.0089 -0.8365
vn -0.4341 0.0106 -0.9008
vn -0.4920 0.0106 -0.8705
vn -0.5478 0.0106 -0.8365
vn -0.1862 0.0053 -0.9825
vn -0.2500 0.0053 -0.9682
vn -0.3127 0.0053 -0.9498
vn -0.1862 0.0089 -0.9825
vn -0.2500 0.0089 -0.9682
vn -0.3127 0.0089 -0.9498
vn -0.1862 0.0106 -0.9825
vn -0.2500 0.0106 -0.9682
vn -0.3126 0.0106 -0.9498
vn 0.0744 0.0053 -0.9972
vn 0.0092 0.0053 -0.9999
vn -0.0562 0.0053 -0.9984
vn 0.0744 0.0089 -0.9972
vn 0.0092 0.0089 -0.9999
vn -0.0562 0.0089 -0.9984
vn 0.0744 0.0106 -0.9972
vn 0.0092 0.0106 -0.9999
vn -0.0562 0.0106 -0.9984
vn 0.3300 0.0053 -0.9440
vn 0.2676 0.0053 -0.9635
vn 0.2042 0.0053 -0.9789
vn 0.3300 0.0089 -0.9439
vn 0.2676 0.0089 -0.9635
vn 0.2041 0.0089 -0.9789
vn 0.3300 0.0106 -0.9439
vn 0.2676 0.0106 -0.9635
vn 0.2041 0.0106 -0.9789
vn 0.5631 0.0053 -0.8264
vn 0.5079 0.0053 -0.8614
vn 0.4506 0.0053 -0.8927
vn 0.5631 0.0089 -0.8264
vn 0.5079 0.0089 -0.8614
vn 0.4505 0.0089 -0.8927
vn 0.5631 0.0106 -0.8264
vn 0.5079 0.0106 -0.8614
vn 0.4505 0.0106 -0.8927
vn 0.7578 0.0053 -0.6525
vn 0.7135 0.0053 -0.7006
vn 0.6663 0.0053 -0.7457
vn 0.7578 0.0089 -0.6525
vn 0.7135 0.0089 -0.7006
vn 0.6662 0.0089 -0.7457
vn 0.7577 0.0106 -0.6525
vn 0.7135 0.0106 -0.7006
vn 0.6662 0.0106 -0.7457
vn 0.9008 0.0053 -0.4341
vn 0.8706 0.0053 -0.4920
vn 0.8366 0.0053 -0.5478
vn 0.9008 0.0089 -0.4341
vn 0.8705 0.0089 -0.4920
vn 0.8365 0.0089 -0.5478
vn 0.9008 0.0106 -0.4341
vn 0.8705 0.0106 -0.4920
vn 0.8365 0.0106 -0.5478
vn 0.9825 0.0053 -0.1862
vn 0.9682 0.0053 -0.2500
vn 0.9498 0.0053 -0.3127
vn 0.9825 0.0089 -0.1862
vn 0.9682 0.0089 -0.2500
vn 0.9498 0.0089 -0.3127
vn 0.9825 0.0106 -0.1862
vn 0.9682 0.0106 -0.2499
vn 0.9498 0.0106 -0.3126
vn 0.9972 0.0053 0.0744
vn 0.9999 0.0053 0.0092
vn 0.9984 0.0053 -0.0562
vn 0.9972 0.0089 0.0744
vn 0.9999 0.0089 0.0092
vn 0.9984 0.0089 -0.0562
vn 0.9972 0.0106 0.0744
vn 0.9999 0.0106 0.0092
vn 0.9984 0.0106 -0.0562
vn 0.9440 0.0053 0.3300
vn 0.9635 0.0053 0.2676
vn 0.9789 0.0053 0.2042
vn 0.9439 0.0089 0.3300
vn 0.9635 0.0089 0.2676
vn 0.9789 0.0089 0.2041
vn 0.9439 0.0106 0.3300
vn 0.9635 0.0106 0.2676
vn 0.9789 0.0106 0.2041
vn 0.8264 0.0053 0.5631
vn 0.8614 0.0053 0.5079
vn 0.8927 0.0053 0.4506
vn 0.8264 0.0089 0.5631
vn 0.8614 0.0089 0.5079
vn 0.8927 0.0089 0.4505
vn 0.8264 0.0106 0.5630
vn 0.8614 0.0106 0.5079
vn 0.8927 0.0106 0.4505
vn 0.6525 0.0053 0.7578
vn 0.7006 0.0053 0.7135
vn 0.7457 0.0053 0.6663
vn 0.6525 0.0089 0.7578
vn 0.7006 0.0089 0.7135
vn 0.7457 0.0089 0.6662
vn 0.6525 0.0106 0.7577
vn 0.7006 0.0106 0.7135
vn 0.7457 0.0106 0.6662
vn 0.4341 0.0053 0.9008
vn 0.4920 0.0053 0.8706
vn 0.5478 0.0053 0.8366
vn 0.4341 0.0089 0.9008
vn 0.4920 0.0089 0.8705
vn 0.5478 0.0089 0.8365
vn 0.4341 0.0106 0.9008
vn 0.4920 0.0106 0.8705
vn 0.5478 0.0106 0.8365
vn 0.1862 0.0053 0.9825
vn 0.2500 0.0053 0.9682
vn 0.3127 0.0053 0.9498
vn 0.1862 0.0089 0.9825
vn 0.2500 0.0089 0.9682
vn 0.3127 0.0089 0.9498
vn 0.1862 0.0106 0.9825
vn 0.2500 0.0106 0.9682
vn 0.3126 0.0106 0.9498
vn -0.0744 0.0053 0.9972
vn -0.0092 0.0053 0.9999
vn 0.0562 0.0053 0.9984
vn -0.0744 0.0089 0.9972
vn -0.0092 0.0089 0.9999
vn 0.0562 0.0089 0.9984
vn -0.0744 0.0106 0.9972
vn -0.0092 0.0106 0.9999
vn 0.0562 0.0106 0.9984
vn -0.3300 0.0053 0.9440
vn -0.2676 0.0053 0.9635
vn -0.2042 0.0053 0.9789
vn -0.3300 0.0089 0.9439
vn -0.2676 0.0089 0.9635
vn -0.2041 0.0089 0.9789
vn -0.3300 0.0106 0.9439
vn -0.2676 0.0106 0.9635
vn -0.2041 0.0106 0.9789
vn -0.5631 0.0053 0.8264
vn -0.5079 0.0053 0.8614
vn -0.4506 0.0053 0.8927
vn -0.5631 0.0089 0.8264
vn -0.5079 0.0089 0.8614
vn -0.4505 0.0089 0.8927
vn -0.5631 0.0106 0.8264
vn -0.5079 0.0106 0.8614
vn -0.4505 0.0106 0.8927
vn -0.7578 0.0053 0.6525
vn -0.7135 0.0053 0.7006
vn -0.6663 0.0053 0.7457
vn -0.7578 0.0089 0.6525
vn -0.7135 0.0089 0.7006
vn -0.6662 0.0089 0.7457
vn -0.7577 0.0106 0.6525
vn -0.7135 0.0106 0.7006
vn -0.6662 0.0106 0.7457
vn 0.8904 0.0043 -0.4551
vn 0.8592 0.0032 -0.5117
vn 0.8288 0.0024 -0.5596
vn 0.8923 0.0073 -0.4513
vn 0.8611 0.0053 -0.5085
vn 0.8302 0.0038 -0.5575
vn 0.8948 0.0087 -0.4464
vn 0.8637 0.0063 -0.5040
vn 0.8320 0.0044 -0.5547
vn 0.9822 0.0066 -0.1876
vn 0.9670 0.0066 -0.2546
vn 0.9465 0.0062 -0.3226
vn 0.9822 0.0109 -0.1873
vn 0.9672 0.0108 -0.2537
vn 0.9471 0.0103 -0.3208
vn 0.9823 0.0129 -0.1870
vn 0.9675 0.0128 -0.2526
vn 0.9479 0.0122 -0.3184
vn 0.9972 0.0061 0.0744
vn 0.9999 0.0063 0.0091
vn 0.9984 0.0064 -0.0562
vn 0.9972 0.0101 0.0744
vn 0.9999 0.0103 0.0091
vn 0.9972 0.0119 0.0744
vn 0.9999 0.0122 0.0092
vn 0.9983 0.0125 -0.0562
vn 0.9635 0.0056 0.2676
vn 0.9789 0.0058 0.2041
vn 0.9439 0.0088 0.3300
vn 0.9635 0.0091 0.2676
vn 0.9789 0.0095 0.2041
vn 0.9439 0.0104 0.3300
vn 0.9635 0.0108 0.2676
vn 0.9789 0.0112 0.2041
vn 0.8264 0.0044 0.5631
vn 0.8614 0.0047 0.5079
vn 0.8927 0.0049 0.4505
vn 0.8264 0.0073 0.5631
vn 0.8614 0.0077 0.5079
vn 0.8927 0.0081 0.4505
vn 0.8264 0.0086 0.5631
vn 0.8614 0.0091 0.5079
vn 0.8927 0.0095 0.4505
vn 0.6525 0.0034 0.7578
vn 0.7006 0.0037 0.7135
vn 0.7457 0.0039 0.6662
vn 0.6525 0.0056 0.7578
vn 0.7006 0.0060 0.7135
vn 0.7457 0.0064 0.6662
vn 0.6525 0.0066 0.7578
vn 0.7006 0.0071 0.7135
vn 0.7457 0.0076 0.6662
vn 0.4342 0.0024 0.9008
vn 0.4921 0.0026 0.8705
vn 0.5479 0.0029 0.8366
vn 0.4342 0.0039 0.9008
vn 0.4921 0.0043 0.8706
vn 0.5479 0.0047 0.8366
vn 0.4341 0.0046 0.9008
vn 0.4920 0.0051 0.8706
vn 0.5479 0.0056 0.8366
vn 0.1862 0.0014 0.9825
vn 0.2500 0.0016 0.9682
vn 0.3127 0.0019 0.9499
vn 0.1862 0.0023 0.9825
vn 0.2500 0.0027 0.9682
vn 0.3127 0.0031 0.9499
vn 0.1862 0.0027 0.9825
vn 0.2500 0.0032 0.9682
vn 0.3127 0.0036 0.9499
vn -0.0744 0.0005 0.9972
vn -0.0091 0.0007 1.0000
vn 0.0562 0.0009 0.9984
vn -0.0744 0.0009 0.9972
vn -0.0091 0.0012 1.0000
vn 0.0562 0.0016 0.9984
vn -0.0744 0.0010 0.9972
vn -0.0092 0.0014 1.0000
vn 0.0562 0.0018 0.9984
vn -0.3300 -0.0001 0.9440
vn -0.2676 -0.0000 0.9635
vn -0.2041 0.0002 0.9789
vn -0.3300 -0.0002 0.9440
vn -0.2041 0.0003 0.9789
vn -0.3300 -0.0003 0.9440
vn -0.2042 0.0003 0.9789
vn -0.5631 -0.0006 0.8264
vn -0.5079 -0.0005 0.8614
vn -0.4506 -0.0004 0.8927
vn -0.5631 -0.0010 0.8264
vn -0.5079 -0.0008 0.8614
vn -0.4506 -0.0007 0.8927
vn -0.5631 -0.0012 0.8264
vn -0.5079 -0.0010 0.8614
vn -0.4506 -0.0008 0.8927
vn -0.7578 -0.0008 0.6525
vn -0.7135 -0.0008 0.7006
vn -0.6663 -0.0007 0.7457
vn -0.7578 -0.0013 0.6525
vn -0.7136 -0.0013 0.7006
vn -0.6663 -0.0012 0.7457
vn -0.7578 -0.0016 0.6525
vn -0.7135 -0.0015 0.7006
vn -0.6663 -0.0014 0.7457
vn -0.9008 -0.0007 0.4341
vn -0.8706 -0.0008 0.4920
vn -0.8366 -0.0008 0.5479
vn -0.9008 -0.0012 0.4341
vn -0.8706 -0.0013 0.4921
vn -0.8366 -0.0013 0.5479
vn -0.9008 -0.0014 0.4341
vn -0.8706 -0.0015 0.4920
vn -0.8366 -0.0016 0.5479
vn -0.9825 -0.0004 0.1862
vn -0.9683 -0.0005 0.2500
vn -0.9499 -0.0006 0.3127
vn -0.9825 -0.0007 0.1862
vn -0.9683 -0.0008 0.2500
vn -0.9499 -0.0010 0.3127
vn -0.9825 -0.0008 0.1862
vn -0.9683 -0.0010 0.2500
vn -0.9499 -0.0012 0.3127
vn -0.9972 0.0002 -0.0745
vn -1.0000 -0.0000 -0.0092
vn -0.9984 -0.0001 0.0562
vn -0.9972 0.0003 -0.0745
vn -0.9984 -0.0002 0.0562
vn -0.9972 0.0003 -0.0744
vn -0.9984 -0.0003 0.0562
vn -0.9440 0.0009 -0.3300
vn -0.9635 0.0007 -0.2677
vn -0.9789 0.0005 -0.2042
vn -0.9440 0.0016 -0.3300
vn -0.9635 0.0012 -0.2677
vn -0.9789 0.0009 -0.2042
vn -0.9440 0.0018 -0.3300
vn -0.9635 0.0014 -0.2677
vn -0.9789 0.0010 -0.2042
vn -0.8264 0.0019 -0.5631
vn -0.8614 0.0016 -0.5079
vn -0.8927 0.0014 -0.4506
vn -0.8264 0.0031 -0.5631
vn -0.8614 0.0027 -0.5079
vn -0.8927 0.0023 -0.4506
vn -0.8264 0.0036 -0.5631
vn -0.8614 0.0032 -0.5079
vn -0.8927 0.0027 -0.4506
vn -0.6525 0.0029 -0.7578
vn -0.7006 0.0026 -0.7136
vn -0.7457 0.0024 -0.6663
vn -0.6525 0.0047 -0.7578
vn -0.7006 0.0043 -0.7136
vn -0.7457 0.0039 -0.6663
vn -0.6525 0.0056 -0.7578
vn -0.7006 0.0051 -0.7135
vn -0.7457 0.0046 -0.6663
vn -0.4341 0.0039 -0.9009
vn -0.4920 0.0037 -0.8706
vn -0.5478 0.0034 -0.8366
vn -0.4341 0.0064 -0.9008
vn -0.4920 0.0060 -0.8706
vn -0.5478 0.0056 -0.8366
vn -0.4341 0.0076 -0.9008
vn -0.4920 0.0071 -0.8705
vn -0.5478 0.0066 -0.8366
vn -0.1862 0.0049 -0.9825
vn -0.2499 0.0047 -0.9683
vn -0.3126 0.0044 -0.9499
vn -0.1862 0.0081 -0.9825
vn -0.2499 0.0077 -0.9682
vn -0.3126 0.0073 -0.9498
vn -0.1862 0.0095 -0.9825
vn -0.2499 0.0091 -0.9682
vn -0.3126 0.0086 -0.9498
vn 0.0745 0.0058 -0.9972
vn 0.0092 0.0056 -0.9999
vn -0.0561 0.0053 -0.9984
vn 0.0745 0.0095 -0.9972
vn 0.0092 0.0091 -0.9999
vn -0.0562 0.0088 -0.9984
vn 0.0744 0.0112 -0.9972
vn 0.0092 0.0108 -0.9999
vn -0.0562 0.0104 -0.9984
vn 0.3300 0.0064 -0.9440
vn 0.2677 0.0063 -0.9635
vn 0.2042 0.0061 -0.9789
vn 0.2676 0.0103 -0.9635
vn 0.2042 0.0101 -0.9789
vn 0.3300 0.0125 -0.9439
vn 0.2676 0.0122 -0.9634
vn 0.2041 0.0119 -0.9789
vn 0.5717 0.0062 -0.8204
vn 0.5120 0.0066 -0.8590
vn 0.4518 0.0066 -0.8921
vn 0.5701 0.0103 -0.8215
vn 0.5112 0.0108 -0.8594
vn 0.4516 0.0109 -0.8922
vn 0.5681 0.0122 -0.8229
vn 0.5102 0.0128 -0.8599
vn 0.4513 0.0129 -0.8923
vn 0.7669 0.0024 -0.6417
vn 0.7293 0.0032 -0.6842
vn 0.6835 0.0043 -0.7299
vn 0.7653 0.0038 -0.6437
vn 0.7267 0.0053 -0.6869
vn 0.6804 0.0073 -0.7328
vn 0.7631 0.0044 -0.6463
vn 0.7232 0.0063 -0.6907
vn 0.6764 0.0087 -0.7365
vn -0.1936 -0.0945 -0.9765
vn -0.4971 -0.0273 -0.8672
vn -0.3013 0.0512 -0.9522
vn 0.1091 0.0397 -0.9932
vn 0.1393 -0.1529 -0.9784
vn 0.0560 -0.3217 -0.9452
vn -0.3349 -0.1865 -0.9236
vn 0.8915 -0.0976 0.4423
vn 0.6998 -0.0284 0.7138
vn 0.8004 -0.1927 0.5677
vn 0.9253 -0.3283 0.1897
vn 0.9808 -0.1557 0.1176
vn 0.9877 0.0409 0.1510
vn 0.8384 0.0530 0.5425
vn 0.7948 -0.1071 -0.5973
vn 0.7985 -0.1011 -0.5934
vn 0.8286 -0.0835 -0.5536
vn 0.7810 -0.2135 -0.5869
vn 0.7841 -0.2135 -0.5827
vn 0.8122 -0.2132 -0.5429
vn 0.7583 -0.3167 -0.5698
vn 0.7600 -0.3223 -0.5644
vn 0.7840 -0.3381 -0.5207
vn -0.2448 -0.2679 -0.9318
vn -0.5120 -0.0774 -0.8555
vn -0.3071 -0.0921 -0.9472
vn 0.0782 -0.2499 -0.9651
vn 0.0534 -0.4295 -0.9015
vn -0.0696 -0.5456 -0.8351
vn -0.4025 -0.2922 -0.8675
vn 0.8324 -0.2763 0.4804
vn 0.6837 -0.0807 0.7253
vn 0.7252 -0.3020 0.6188
vn 0.7818 -0.5562 0.2820
vn 0.8811 -0.4372 0.1803
vn 0.9514 -0.2545 0.1734
vn 0.8318 -0.0955 0.5469
vn 0.6896 -0.5061 -0.5181
vn 0.6950 -0.5011 -0.5156
vn 0.7300 -0.4857 -0.4808
vn 0.6444 -0.5918 -0.4842
vn 0.6475 -0.5918 -0.4800
vn 0.6751 -0.5910 -0.4415
vn 0.5935 -0.6701 -0.4458
vn 0.5936 -0.6742 -0.4394
vn 0.6128 -0.6850 -0.3940
vn -0.3389 -0.3979 -0.8525
vn -0.5397 -0.1158 -0.8339
vn -0.3512 -0.2207 -0.9099
vn -0.0300 -0.4932 -0.8694
vn -0.0997 -0.6304 -0.7698
vn -0.2448 -0.6814 -0.6898
vn -0.4942 -0.3529 -0.7945
vn 0.7269 -0.4103 0.5508
vn 0.6541 -0.1208 0.7467
vn 0.6264 -0.3648 0.6888
vn 0.5900 -0.6939 0.4127
vn 0.7089 -0.6414 0.2933
vn 0.8268 -0.5026 0.2526
vn 0.7818 -0.2286 0.5801
vn 0.4788 -0.8010 -0.3594
vn 0.4853 -0.7977 -0.3580
vn 0.5229 -0.7871 -0.3272
vn 0.4155 -0.8544 -0.3119
vn 0.4185 -0.8544 -0.3079
vn 0.4455 -0.8533 -0.2710
vn 0.3496 -0.8994 -0.2622
vn 0.3489 -0.9017 -0.2554
vn 0.3653 -0.9069 -0.2099
vn -0.4619 -0.4669 -0.7541
vn -0.5759 -0.1365 -0.8061
vn -0.4270 -0.3148 -0.8477
vn -0.1943 -0.6544 -0.7308
vn -0.2945 -0.7339 -0.6121
vn -0.4456 -0.7182 -0.5344
vn -0.5971 -0.3608 -0.7164
vn 0.5942 -0.4811 0.6445
vn 0.6157 -0.1423 0.7750
vn 0.5194 -0.3731 0.7688
vn 0.3815 -0.7313 0.5654
vn 0.4999 -0.7463 0.4395
vn 0.6447 -0.6664 0.3746
vn 0.6982 -0.3257 0.6376
vn 0.2134 -0.9638 -0.1597
vn 0.2202 -0.9625 -0.1586
vn 0.2588 -0.9571 -0.1304
vn 0.1428 -0.9840 -0.1065
vn 0.1457 -0.9840 -0.1026
vn 0.1723 -0.9828 -0.0669
vn 0.0715 -0.9960 -0.0528
vn 0.0704 -0.9965 -0.0459
vn 0.0861 -0.9963 -0.0008
vn -0.5969 -0.4669 -0.6524
vn -0.6154 -0.1366 -0.7763
vn -0.5234 -0.3608 -0.7719
vn -0.3904 -0.7183 -0.5759
vn -0.5068 -0.7339 -0.4523
vn -0.6486 -0.6544 -0.3887
vn -0.6965 -0.3149 -0.6447
vn 0.4551 -0.4810 0.7493
vn 0.5746 -0.1422 0.8060
vn 0.4197 -0.3257 0.8472
vn 0.1817 -0.6664 0.7231
vn 0.2841 -0.7462 0.6020
vn 0.4379 -0.7313 0.5229
vn 0.5952 -0.3731 0.7117
vn -0.0705 -0.9960 0.0541
vn -0.0636 -0.9965 0.0550
vn -0.0246 -0.9963 0.0825
vn -0.1418 -0.9840 0.1077
vn -0.1389 -0.9840 0.1116
vn -0.1119 -0.9828 0.1471
vn -0.2124 -0.9638 0.1609
vn -0.2133 -0.9625 0.1678
vn -0.1968 -0.9571 0.2127
vn -0.7255 -0.3981 -0.5614
vn -0.6522 -0.1158 -0.7491
vn -0.6269 -0.3529 -0.6946
vn -0.5952 -0.6814 -0.4259
vn -0.7122 -0.6304 -0.3087
vn -0.8272 -0.4932 -0.2692
vn -0.7773 -0.2209 -0.5891
vn 0.3284 -0.4100 0.8509
vn 0.5368 -0.1207 0.8350
vn 0.3413 -0.2286 0.9117
vn 0.0142 -0.5026 0.8644
vn 0.0858 -0.6414 0.7624
vn 0.2335 -0.6939 0.6811
vn 0.4888 -0.3648 0.7924
vn -0.3486 -0.8995 0.2635
vn -0.3419 -0.9017 0.2647
vn -0.3027 -0.9069 0.2931
vn -0.4146 -0.8544 0.3131
vn -0.4116 -0.8544 0.3171
vn -0.3836 -0.8533 0.3532
vn -0.4778 -0.8010 0.3608
vn -0.4782 -0.7977 0.3674
vn -0.4591 -0.7871 0.4120
vn -0.8278 -0.2681 -0.4929
vn -0.6806 -0.0774 -0.7286
vn -0.7225 -0.2921 -0.6266
vn -0.7834 -0.5456 -0.2978
vn -0.8811 -0.4295 -0.1979
vn -0.9491 -0.2499 -0.1917
vn -0.8254 -0.0923 -0.5570
vn 0.2313 -0.2762 0.9328
vn 0.5081 -0.0807 0.8575
vn 0.2955 -0.0957 0.9505
vn -0.0963 -0.2546 0.9622
vn -0.0703 -0.4372 0.8966
vn 0.0549 -0.5560 0.8294
vn 0.3940 -0.3020 0.8681
vn -0.5925 -0.6701 0.4471
vn -0.5864 -0.6742 0.4490
vn -0.5480 -0.6850 0.4800
vn -0.6435 -0.5918 0.4855
vn -0.6404 -0.5918 0.4896
vn -0.6110 -0.5910 0.5267
vn -0.6885 -0.5061 0.5194
vn -0.6877 -0.5011 0.5254
vn -0.6639 -0.4857 0.5687
vn -0.8849 -0.0948 -0.4560
vn -0.6960 -0.0271 -0.7175
vn -0.7951 -0.1865 -0.5771
vn -0.9238 -0.3218 -0.2075
vn -0.9787 -0.1529 -0.1366
vn -0.9847 0.0398 -0.1697
vn -0.8317 0.0511 -0.5528
vn 0.1784 -0.0975 0.9791
vn 0.4925 -0.0283 0.8698
vn 0.2895 0.0528 0.9557
vn -0.1279 0.0408 0.9909
vn -0.1580 -0.1557 0.9751
vn -0.0734 -0.3282 0.9417
vn 0.3241 -0.1927 0.9262
vn -0.7572 -0.3167 0.5712
vn -0.7525 -0.3223 0.5743
vn -0.7171 -0.3381 0.6095
vn -0.7800 -0.2136 0.5883
vn -0.7768 -0.2135 0.5925
vn -0.7463 -0.2132 0.6305
vn -0.7938 -0.1071 0.5987
vn -0.7910 -0.1011 0.6034
vn -0.7611 -0.0835 0.6432
vn -0.8850 0.0944 -0.4560
vn -0.6960 0.0272 -0.7175
vn -0.8317 -0.0513 -0.5528
vn -0.9847 -0.0398 -0.1697
vn -0.9787 0.1529 -0.1366
vn -0.9238 0.3218 -0.2075
vn -0.7951 0.1864 -0.5771
vn 0.1784 0.0976 0.9791
vn 0.4925 0.0283 0.8698
vn 0.3241 0.1928 0.9262
vn -0.0735 0.3283 0.9417
vn -0.1580 0.1558 0.9751
vn -0.1279 -0.0408 0.9909
vn 0.2895 -0.0528 0.9557
vn -0.7938 0.1071 0.5987
vn -0.7910 0.1011 0.6034
vn -0.7611 0.0835 0.6432
vn -0.7800 0.2136 0.5883
vn -0.7768 0.2135 0.5925
vn -0.7463 0.2132 0.6305
vn -0.7572 0.3167 0.5712
vn -0.7525 0.3223 0.5743
vn -0.7171 0.3381 0.6095
vn -0.8279 0.2678 -0.4929
vn -0.6806 0.0773 -0.7286
vn -0.8254 0.0922 -0.5570
vn -0.9491 0.2498 -0.1917
vn -0.8812 0.4294 -0.1979
vn -0.7833 0.5456 -0.2978
vn -0.7226 0.2920 -0.6266
vn 0.2314 0.2763 0.9328
vn 0.5081 0.0807 0.8575
vn 0.3941 0.3020 0.8681
vn 0.0549 0.5561 0.8293
vn -0.0703 0.4373 0.8966
vn -0.0963 0.2546 0.9622
vn 0.2956 0.0955 0.9505
vn -0.6885 0.5061 0.5194
vn -0.6877 0.5011 0.5254
vn -0.6639 0.4857 0.5687
vn -0.6435 0.5918 0.4855
vn -0.6404 0.5918 0.4896
vn -0.6110 0.5910 0.5267
vn -0.5925 0.6701 0.4471
vn -0.5864 0.6742 0.4490
vn -0.5480 0.6850 0.4800
vn -0.7256 0.3979 -0.5614
vn -0.6522 0.1159 -0.7491
vn -0.7773 0.2209 -0.5891
vn -0.8272 0.4933 -0.2692
vn -0.7123 0.6304 -0.3086
vn -0.5952 0.6814 -0.4260
vn -0.6270 0.3529 -0.6945
vn 0.3285 0.4100 0.8509
vn 0.5368 0.1206 0.8350
vn 0.4889 0.3648 0.7924
vn 0.2335 0.6940 0.6811
vn 0.0858 0.6414 0.7624
vn 0.0142 0.5025 0.8644
vn 0.3413 0.2285 0.9117
vn -0.4778 0.8010 0.3608
vn -0.4782 0.7977 0.3674
vn -0.4591 0.7871 0.4120
vn -0.4146 0.8544 0.3131
vn -0.4116 0.8544 0.3171
vn -0.3836 0.8533 0.3532
vn -0.3487 0.8994 0.2635
vn -0.3419 0.9017 0.2647
vn -0.3027 0.9069 0.2931
vn -0.5970 0.4669 -0.6524
vn -0.6154 0.1367 -0.7763
vn -0.6965 0.3148 -0.6448
vn -0.6486 0.6544 -0.3887
vn -0.5068 0.7339 -0.4522
vn -0.3904 0.7182 -0.5759
vn -0.5235 0.3608 -0.7719
vn 0.4552 0.4810 0.7493
vn 0.5746 0.1423 0.8060
vn 0.5953 0.3730 0.7117
vn 0.4380 0.7313 0.5229
vn 0.2841 0.7463 0.6019
vn 0.1817 0.6664 0.7231
vn 0.4197 0.3255 0.8473
vn -0.2124 0.9638 0.1609
vn -0.2133 0.9625 0.1678
vn -0.1968 0.9571 0.2127
vn -0.1418 0.9840 0.1077
vn -0.1389 0.9840 0.1116
vn -0.1119 0.9828 0.1471
vn -0.0705 0.9960 0.0541
vn -0.0636 0.9965 0.0550
vn -0.0246 0.9963 0.0825
vn -0.4619 0.4669 -0.7540
vn -0.5759 0.1366 -0.8060
vn -0.5971 0.3608 -0.7165
vn -0.4455 0.7183 -0.5344
vn -0.2945 0.7340 -0.6120
vn -0.1943 0.6544 -0.7308
vn -0.4271 0.3148 -0.8476
vn 0.5943 0.4809 0.6446
vn 0.6157 0.1424 0.7750
vn 0.6982 0.3255 0.6376
vn 0.6447 0.6664 0.3745
vn 0.4999 0.7463 0.4394
vn 0.3814 0.7313 0.5654
vn 0.5193 0.3730 0.7689
vn 0.0715 0.9960 -0.0528
vn 0.0704 0.9965 -0.0459
vn 0.0861 0.9963 -0.0008
vn 0.1428 0.9840 -0.1065
vn 0.1457 0.9840 -0.1026
vn 0.1723 0.9828 -0.0669
vn 0.2134 0.9638 -0.1597
vn 0.2202 0.9625 -0.1586
vn 0.2588 0.9571 -0.1304
vn -0.3390 0.3980 -0.8524
vn -0.5396 0.1158 -0.8339
vn -0.4941 0.3528 -0.7946
vn -0.2448 0.6814 -0.6898
vn -0.0997 0.6304 -0.7698
vn -0.0300 0.4932 -0.8694
vn -0.3513 0.2210 -0.9098
vn 0.7269 0.4100 0.5509
vn 0.6541 0.1207 0.7467
vn 0.7819 0.2283 0.5801
vn 0.8268 0.5026 0.2525
vn 0.7090 0.6414 0.2932
vn 0.5900 0.6940 0.4127
vn 0.6263 0.3648 0.6890
vn 0.3496 0.8995 -0.2622
vn 0.3489 0.9017 -0.2554
vn 0.3653 0.9069 -0.2099
vn 0.4155 0.8544 -0.3119
vn 0.4185 0.8544 -0.3079
vn 0.4455 0.8533 -0.2710
vn 0.4788 0.8010 -0.3594
vn 0.4853 0.7977 -0.3580
vn 0.5229 0.7871 -0.3272
vn -0.2448 0.2680 -0.9318
vn -0.5120 0.0773 -0.8555
vn -0.4024 0.2920 -0.8677
vn -0.0696 0.5456 -0.8352
vn 0.0534 0.4294 -0.9015
vn 0.0781 0.2499 -0.9651
vn -0.3071 0.0923 -0.9472
vn 0.8325 0.2761 0.4803
vn 0.6837 0.0807 0.7253
vn 0.8318 0.0954 0.5469
vn 0.9514 0.2546 0.1734
vn 0.8811 0.4372 0.1802
vn 0.7818 0.5561 0.2820
vn 0.7252 0.3020 0.6188
vn 0.5935 0.6701 -0.4458
vn 0.5936 0.6742 -0.4394
vn 0.6128 0.6850 -0.3940
vn 0.6444 0.5918 -0.4842
vn 0.6475 0.5918 -0.4800
vn 0.6751 0.5910 -0.4415
vn 0.6896 0.5061 -0.5181
vn 0.6950 0.5011 -0.5156
vn 0.7300 0.4857 -0.4808
vn -0.1936 0.0947 -0.9765
vn -0.4972 0.0272 -0.8672
vn -0.3348 0.1864 -0.9237
vn 0.0560 0.3217 -0.9452
vn 0.1393 0.1529 -0.9784
vn 0.1091 -0.0398 -0.9932
vn -0.3013 -0.0512 -0.9522
vn 0.8916 0.0975 0.4423
vn 0.6998 0.0284 0.7138
vn 0.8384 -0.0529 0.5425
vn 0.9877 -0.0409 0.1510
vn 0.9808 0.1558 0.1176
vn 0.9253 0.3283 0.1897
vn 0.8004 0.1928 0.5677
vn 0.7583 0.3167 -0.5698
vn 0.7600 0.3223 -0.5644
vn 0.7840 0.3381 -0.5207
vn 0.7810 0.2135 -0.5869
vn 0.7841 0.2135 -0.5827
vn 0.8122 0.2132 -0.5429
vn 0.7948 0.1071 -0.5973
vn 0.7985 0.1011 -0.5934
vn 0.8286 0.0835 -0.5536
vn 0.7165 0.3380 -0.6102
vn 0.7524 0.3222 -0.5745
vn 0.7573 0.3167 -0.5712
vn 0.7457 0.2133 -0.6312
vn 0.7767 0.2136 -0.5926
vn 0.7799 0.2135 -0.5883
vn 0.7604 0.0835 -0.6441
vn 0.7910 0.1012 -0.6034
vn 0.7938 0.1071 -0.5987
vn 0.5475 0.6850 -0.4807
vn 0.5864 0.6741 -0.4492
vn 0.5925 0.6700 -0.4472
vn 0.6104 0.5910 -0.5274
vn 0.6402 0.5919 -0.4896
vn 0.6434 0.5918 -0.4855
vn 0.6632 0.4857 -0.5695
vn 0.6876 0.5011 -0.5254
vn 0.6885 0.5061 -0.5194
vn 0.3021 0.9069 -0.2938
vn 0.3419 0.9017 -0.2647
vn 0.3487 0.8994 -0.2635
vn 0.3830 0.8533 -0.3539
vn 0.4116 0.8544 -0.3171
vn 0.4146 0.8544 -0.3131
vn 0.4584 0.7870 -0.4128
vn 0.4781 0.7977 -0.3674
vn 0.4778 0.8010 -0.3608
vn 0.0240 0.9962 -0.0833
vn 0.0636 0.9965 -0.0551
vn 0.0705 0.9960 -0.0541
vn 0.1114 0.9827 -0.1478
vn 0.1389 0.9840 -0.1117
vn 0.1418 0.9840 -0.1078
vn 0.1963 0.9571 -0.2134
vn 0.2132 0.9625 -0.1679
vn 0.2124 0.9638 -0.1609
vn -0.2593 0.9571 0.1296
vn -0.2203 0.9625 0.1585
vn -0.2134 0.9638 0.1596
vn -0.1729 0.9827 0.0662
vn -0.1458 0.9840 0.1026
vn -0.1428 0.9840 0.1065
vn -0.0867 0.9962 -0.0000
vn -0.0705 0.9965 0.0459
vn -0.0715 0.9960 0.0528
vn -0.5235 0.7870 0.3264
vn -0.4853 0.7977 0.3579
vn -0.4788 0.8010 0.3595
vn -0.4460 0.8533 0.2702
vn -0.4185 0.8544 0.3079
vn -0.4155 0.8544 0.3118
vn -0.3659 0.9069 0.2091
vn -0.3489 0.9017 0.2554
vn -0.3496 0.8994 0.2622
vn -0.7306 0.4857 0.4799
vn -0.6951 0.5011 0.5156
vn -0.6896 0.5061 0.5181
vn -0.6756 0.5910 0.4408
vn -0.6476 0.5919 0.4799
vn -0.6445 0.5919 0.4841
vn -0.6133 0.6850 0.3932
vn -0.5938 0.6741 0.4393
vn -0.5935 0.6701 0.4458
vn -0.8292 0.0835 0.5527
vn -0.7986 0.1012 0.5933
vn -0.7948 0.1071 0.5973
vn -0.8128 0.2132 0.5421
vn -0.7842 0.2135 0.5827
vn -0.7810 0.2135 0.5869
vn -0.7846 0.3381 0.5198
vn -0.7600 0.3223 0.5644
vn -0.7583 0.3167 0.5698
vn -0.7845 -0.3380 0.5199
vn -0.7601 -0.3222 0.5643
vn -0.7583 -0.3167 0.5698
vn -0.8127 -0.2133 0.5422
vn -0.7842 -0.2136 0.5826
vn -0.7810 -0.2135 0.5869
vn -0.8292 -0.0835 0.5527
vn -0.7986 -0.1012 0.5933
vn -0.7948 -0.1071 0.5973
vn -0.6133 -0.6850 0.3932
vn -0.5938 -0.6741 0.4393
vn -0.5935 -0.6701 0.4458
vn -0.6756 -0.5910 0.4408
vn -0.6476 -0.5919 0.4799
vn -0.6445 -0.5919 0.4841
vn -0.7306 -0.4857 0.4799
vn -0.6951 -0.5011 0.5156
vn -0.6896 -0.5061 0.5181
vn -0.3659 -0.9069 0.2091
vn -0.3489 -0.9017 0.2554
vn -0.3496 -0.8994 0.2622
vn -0.4460 -0.8533 0.2702
vn -0.4185 -0.8544 0.3079
vn -0.4155 -0.8544 0.3118
vn -0.5235 -0.7870 0.3264
vn -0.4853 -0.7977 0.3579
vn -0.4788 -0.8010 0.3595
vn -0.0867 -0.9962 -0.0000
vn -0.0705 -0.9965 0.0459
vn -0.0715 -0.9960 0.0528
vn -0.1729 -0.9827 0.0662
vn -0.1458 -0.9840 0.1026
vn -0.1428 -0.9840 0.1065
vn -0.2593 -0.9571 0.1296
vn -0.2203 -0.9625 0.1585
vn -0.2134 -0.9638 0.1596
vn 0.1963 -0.9571 -0.2134
vn 0.2132 -0.9625 -0.1679
vn 0.2124 -0.9638 -0.1609
vn 0.1114 -0.9827 -0.1478
vn 0.1389 -0.9840 -0.1117
vn 0.1418 -0.9840 -0.1078
vn 0.0240 -0.9962 -0.0833
vn 0.0636 -0.9965 -0.0551
vn 0.0705 -0.9960 -0.0541
vn 0.4584 -0.7870 -0.4128
vn 0.4781 -0.7977 -0.3674
vn 0.4778 -0.8010 -0.3608
vn 0.3830 -0.8533 -0.3539
vn 0.4116 -0.8544 -0.3171
vn 0.4146 -0.8544 -0.3131
vn 0.3021 -0.9069 -0.2938
vn 0.3419 -0.9017 -0.2647
vn 0.3487 -0.8994 -0.2635
vn 0.6632 -0.4857 -0.5695
vn 0.6876 -0.5011 -0.5254
vn 0.6885 -0.5061 -0.5194
vn 0.6104 -0.5910 -0.5274
vn 0.6402 -0.5919 -0.4896
vn 0.6434 -0.5919 -0.4855
vn 0.5475 -0.6850 -0.4807
vn 0.5864 -0.6741 -0.4492
vn 0.5925 -0.6701 -0.4472
vn 0.7604 -0.0835 -0.6441
vn 0.7910 -0.1012 -0.6034
vn 0.7938 -0.1071 -0.5987
vn 0.7457 -0.2133 -0.6312
vn 0.7767 -0.2136 -0.5926
vn 0.7799 -0.2135 -0.5883
vn 0.7165 -0.3380 -0.6102
vn 0.7524 -0.3222 -0.5745
vn 0.7573 -0.3167 -0.5712
vn 0.9469 -0.0696 -0.3140
vn 0.8480 -0.0190 -0.5296
vn 0.9194 0.0382 -0.3915
vn 0.9980 0.0315 -0.0545
vn 0.9917 -0.1262 -0.0238
vn 0.9603 -0.2617 -0.0966
vn 0.8991 -0.1361 -0.4161
vn -0.4727 -0.0910 0.8765
vn -0.7215 -0.0260 0.6919
vn -0.5880 -0.1791 0.7888
vn -0.2283 -0.3141 0.9215
vn -0.1582 -0.1497 0.9760
vn -0.1915 0.0386 0.9807
vn -0.5647 0.0493 0.8239
vn 0.5973 -0.1071 0.7948
vn 0.5933 -0.1011 0.7986
vn 0.5523 -0.0834 0.8295
vn 0.5869 -0.2135 0.7810
vn 0.5827 -0.2135 0.7842
vn 0.5416 -0.2132 0.8132
vn 0.5698 -0.3167 0.7583
vn 0.5643 -0.3224 0.7600
vn 0.5193 -0.3381 0.7848
vn 0.9150 -0.1978 -0.3517
vn 0.8398 -0.0541 -0.5402
vn 0.9161 -0.0657 -0.3954
vn 0.9757 -0.2043 -0.0793
vn 0.9299 -0.3559 -0.0932
vn 0.8724 -0.4471 -0.1976
vn 0.8590 -0.2129 -0.4656
vn -0.5083 -0.2577 0.8217
vn -0.7320 -0.0740 0.6773
vn -0.6357 -0.2806 0.7191
vn -0.3162 -0.5332 0.7847
vn -0.2179 -0.4204 0.8808
vn -0.2130 -0.2442 0.9461
vn -0.5687 -0.0884 0.8178
vn 0.5181 -0.5061 0.6896
vn 0.5155 -0.5010 0.6951
vn 0.4795 -0.4856 0.7309
vn 0.4842 -0.5919 0.6444
vn 0.4800 -0.5918 0.6475
vn 0.4402 -0.5910 0.6760
vn 0.4458 -0.6701 0.5935
vn 0.4393 -0.6742 0.5937
vn 0.3927 -0.6851 0.6136
vn 0.8577 -0.2948 -0.4212
vn 0.8249 -0.0808 -0.5595
vn 0.8901 -0.1594 -0.4271
vn 0.8993 -0.4045 -0.1663
vn 0.8221 -0.5257 -0.2187
vn 0.7541 -0.5614 -0.3407
vn 0.8064 -0.2571 -0.5325
vn -0.5740 -0.3831 0.7237
vn -0.7517 -0.1107 0.6502
vn -0.7008 -0.3390 0.6277
vn -0.4413 -0.6663 0.6011
vn -0.3263 -0.6175 0.7157
vn -0.2886 -0.4822 0.8272
vn -0.5995 -0.2122 0.7718
vn 0.3595 -0.8010 0.4788
vn 0.3579 -0.7977 0.4854
vn 0.3261 -0.7870 0.5238
vn 0.3119 -0.8544 0.4155
vn 0.3079 -0.8544 0.4185
vn 0.2697 -0.8532 0.4463
vn 0.2622 -0.8995 0.3496
vn 0.2554 -0.9017 0.3489
vn 0.2087 -0.9068 0.3662
vn 0.7854 -0.3468 -0.5127
vn 0.8055 -0.0953 -0.5849
vn 0.8458 -0.2284 -0.4822
vn 0.7869 -0.5391 -0.3001
vn 0.6910 -0.6144 -0.3808
vn 0.6261 -0.5930 -0.5063
vn 0.7496 -0.2625 -0.6076
vn -0.6617 -0.4496 0.6000
vn -0.7776 -0.1305 0.6151
vn -0.7752 -0.3465 0.5282
vn -0.5880 -0.7026 0.4007
vn -0.4669 -0.7193 0.5145
vn -0.4052 -0.6400 0.6529
vn -0.6530 -0.3023 0.6944
vn 0.1597 -0.9638 0.2134
vn 0.1586 -0.9624 0.2204
vn 0.1292 -0.9570 0.2598
vn 0.1065 -0.9840 0.1428
vn 0.1026 -0.9840 0.1457
vn 0.0657 -0.9827 0.1732
vn 0.0528 -0.9960 0.0715
vn 0.0458 -0.9965 0.0705
vn -0.0004 -0.9962 0.0869
vn 0.7099 -0.3468 -0.6130
vn 0.7848 -0.0953 -0.6124
vn 0.7911 -0.2625 -0.5524
vn 0.6597 -0.5930 -0.4617
vn 0.5571 -0.6144 -0.5587
vn 0.5059 -0.5391 -0.6733
vn 0.6972 -0.2283 -0.6795
vn -0.7595 -0.4496 0.4701
vn -0.8061 -0.1305 0.5772
vn -0.8479 -0.3023 0.4356
vn -0.7394 -0.6400 0.2090
vn -0.6236 -0.7193 0.3064
vn -0.5477 -0.7026 0.4543
vn -0.7219 -0.3465 0.5990
vn -0.0541 -0.9960 -0.0705
vn -0.0551 -0.9965 -0.0635
vn -0.0836 -0.9962 -0.0236
vn -0.1077 -0.9840 -0.1418
vn -0.1116 -0.9840 -0.1389
vn -0.1483 -0.9827 -0.1110
vn -0.1609 -0.9638 -0.2124
vn -0.1679 -0.9624 -0.2133
vn -0.2139 -0.9570 -0.1960
vn 0.6421 -0.2949 -0.7076
vn 0.7657 -0.0807 -0.6381
vn 0.7348 -0.2571 -0.6277
vn 0.5360 -0.5614 -0.6305
vn 0.4376 -0.5257 -0.7295
vn 0.4084 -0.4045 -0.8183
vn 0.6566 -0.1593 -0.7372
vn -0.8543 -0.3829 0.3516
vn -0.8326 -0.1107 0.5426
vn -0.9074 -0.2120 0.3628
vn -0.8747 -0.4822 0.0485
vn -0.7780 -0.6175 0.1156
vn -0.6996 -0.6663 0.2580
vn -0.7969 -0.3389 0.5002
vn -0.2635 -0.8995 -0.3486
vn -0.2647 -0.9017 -0.3419
vn -0.2943 -0.9068 -0.3018
vn -0.3131 -0.8544 -0.4146
vn -0.3171 -0.8544 -0.4116
vn -0.3544 -0.8532 -0.3826
vn -0.3608 -0.8010 -0.4778
vn -0.3675 -0.7977 -0.4781
vn -0.4132 -0.7870 -0.4582
vn 0.5909 -0.1979 -0.7821
vn 0.7513 -0.0540 -0.6577
vn 0.6850 -0.2130 -0.6968
vn 0.4310 -0.4470 -0.7838
vn 0.3467 -0.3560 -0.8678
vn 0.3460 -0.2042 -0.9157
vn 0.6332 -0.0657 -0.7712
vn -0.9303 -0.2576 0.2610
vn -0.8533 -0.0740 0.5162
vn -0.9431 -0.0885 0.3204
vn -0.9681 -0.2442 -0.0568
vn -0.9068 -0.4203 -0.0340
vn -0.8416 -0.5331 0.0870
vn -0.8670 -0.2804 0.4119
vn -0.4471 -0.6701 -0.5925
vn -0.4491 -0.6742 -0.5863
vn -0.4811 -0.6850 -0.5470
vn -0.4855 -0.5919 -0.6435
vn -0.4896 -0.5918 -0.6403
vn -0.5280 -0.5910 -0.6099
vn -0.5194 -0.5061 -0.6885
vn -0.5255 -0.5010 -0.6876
vn -0.5699 -0.4856 -0.6629
vn 0.5634 -0.0697 -0.8233
vn 0.7436 -0.0190 -0.6683
vn 0.6483 -0.1362 -0.7491
vn 0.3584 -0.2617 -0.8961
vn 0.2972 -0.1262 -0.9464
vn 0.3284 0.0316 -0.9440
vn 0.6303 0.0382 -0.7754
vn -0.9731 -0.0909 0.2117
vn -0.8645 -0.0260 0.5020
vn -0.9479 0.0492 0.3148
vn -0.9955 0.0385 -0.0871
vn -0.9817 -0.1496 -0.1177
vn -0.9488 -0.3140 -0.0353
vn -0.9206 -0.1789 0.3470
vn -0.5712 -0.3167 -0.7573
vn -0.5744 -0.3224 -0.7524
vn -0.6107 -0.3381 -0.7161
vn -0.5883 -0.2136 -0.7800
vn -0.5925 -0.2136 -0.7768
vn -0.6317 -0.2132 -0.7453
vn -0.5987 -0.1071 -0.7938
vn -0.6035 -0.1011 -0.7909
vn -0.6445 -0.0834 -0.7601
vn 0.5633 0.0697 -0.8233
vn 0.7436 0.0190 -0.6684
vn 0.6303 -0.0382 -0.7754
vn 0.3284 -0.0315 -0.9440
vn 0.2972 0.1261 -0.9464
vn 0.3584 0.2617 -0.8961
vn 0.6483 0.1362 -0.7491
vn -0.9731 0.0910 0.2118
vn -0.8645 0.0260 0.5020
vn -0.9207 0.1790 0.3469
vn -0.9488 0.3140 -0.0353
vn -0.9817 0.1497 -0.1176
vn -0.9955 -0.0385 -0.0870
vn -0.9479 -0.0491 0.3149
vn -0.5987 0.1071 -0.7938
vn -0.6035 0.1011 -0.7909
vn -0.6445 0.0834 -0.7601
vn -0.5883 0.2135 -0.7800
vn -0.5925 0.2135 -0.7767
vn -0.6317 0.2132 -0.7453
vn -0.5712 0.3167 -0.7573
vn -0.5744 0.3224 -0.7524
vn -0.6107 0.3381 -0.7161
vn 0.5907 0.1979 -0.7822
vn 0.7514 0.0540 -0.6577
vn 0.6332 0.0658 -0.7712
vn 0.3461 0.2042 -0.9157
vn 0.3467 0.3559 -0.8678
vn 0.4311 0.4470 -0.7838
vn 0.6848 0.2130 -0.6969
vn -0.9303 0.2577 0.2611
vn -0.8533 0.0740 0.5162
vn -0.8670 0.2805 0.4119
vn -0.8416 0.5331 0.0869
vn -0.9067 0.4204 -0.0339
vn -0.9681 0.2442 -0.0569
vn -0.9431 0.0885 0.3205
vn -0.5194 0.5061 -0.6885
vn -0.5255 0.5010 -0.6876
vn -0.5699 0.4856 -0.6629
vn -0.4855 0.5919 -0.6435
vn -0.4896 0.5918 -0.6403
vn -0.5280 0.5910 -0.6099
vn -0.4471 0.6701 -0.5925
vn -0.4491 0.6742 -0.5863
vn -0.4811 0.6850 -0.5470
vn 0.6419 0.2950 -0.7077
vn 0.7658 0.0807 -0.6380
vn 0.6565 0.1595 -0.7373
vn 0.4084 0.4045 -0.8183
vn 0.4377 0.5256 -0.7295
vn 0.5360 0.5614 -0.6305
vn 0.7348 0.2572 -0.6276
vn -0.8542 0.3830 0.3517
vn -0.8326 0.1107 0.5427
vn -0.7969 0.3390 0.5001
vn -0.6996 0.6664 0.2581
vn -0.7779 0.6177 0.1157
vn -0.8747 0.4821 0.0485
vn -0.9074 0.2120 0.3628
vn -0.3608 0.8010 -0.4778
vn -0.3675 0.7977 -0.4781
vn -0.4132 0.7870 -0.4582
vn -0.3131 0.8544 -0.4146
vn -0.3171 0.8544 -0.4116
vn -0.3544 0.8532 -0.3826
vn -0.2635 0.8995 -0.3486
vn -0.2647 0.9017 -0.3419
vn -0.2943 0.9068 -0.3018
vn 0.7098 0.3470 -0.6130
vn 0.7848 0.0952 -0.6124
vn 0.6972 0.2285 -0.6795
vn 0.5060 0.5391 -0.6733
vn 0.5572 0.6143 -0.5588
vn 0.6597 0.5929 -0.4618
vn 0.7912 0.2626 -0.5523
vn -0.7595 0.4494 0.4702
vn -0.8060 0.1305 0.5773
vn -0.7219 0.3465 0.5990
vn -0.5476 0.7026 0.4543
vn -0.6234 0.7194 0.3065
vn -0.7394 0.6400 0.2089
vn -0.8479 0.3022 0.4356
vn -0.1609 0.9638 -0.2124
vn -0.1679 0.9624 -0.2133
vn -0.2139 0.9570 -0.1960
vn -0.1077 0.9840 -0.1418
vn -0.1116 0.9840 -0.1389
vn -0.1483 0.9827 -0.1110
vn -0.0541 0.9960 -0.0705
vn -0.0551 0.9965 -0.0635
vn -0.0836 0.9962 -0.0236
vn 0.7853 0.3470 -0.5127
vn 0.8055 0.0952 -0.5848
vn 0.7496 0.2626 -0.6075
vn 0.6262 0.5929 -0.5063
vn 0.6909 0.6143 -0.3812
vn 0.7870 0.5391 -0.3002
vn 0.8458 0.2284 -0.4821
vn -0.6617 0.4494 0.6002
vn -0.7777 0.1305 0.6150
vn -0.6529 0.3023 0.6945
vn -0.4052 0.6400 0.6528
vn -0.4668 0.7194 0.5144
vn -0.5880 0.7026 0.4006
vn -0.7752 0.3465 0.5282
vn 0.0528 0.9960 0.0715
vn 0.0458 0.9965 0.0705
vn -0.0004 0.9962 0.0869
vn 0.1065 0.9840 0.1428
vn 0.1026 0.9840 0.1457
vn 0.0657 0.9827 0.1732
vn 0.1597 0.9638 0.2134
vn 0.1586 0.9624 0.2204
vn 0.1292 0.9570 0.2598
vn 0.8577 0.2951 -0.4211
vn 0.8249 0.0808 -0.5595
vn 0.8064 0.2572 -0.5325
vn 0.7541 0.5614 -0.3408
vn 0.8220 0.5256 -0.2191
vn 0.8993 0.4044 -0.1663
vn 0.8901 0.1595 -0.4270
vn -0.5743 0.3828 0.7237
vn -0.7517 0.1106 0.6501
vn -0.5995 0.2119 0.7718
vn -0.2884 0.4822 0.8272
vn -0.3262 0.6176 0.7156
vn -0.4414 0.6664 0.6009
vn -0.7010 0.3389 0.6275
vn 0.2622 0.8995 0.3496
vn 0.2554 0.9017 0.3489
vn 0.2087 0.9068 0.3662
vn 0.3119 0.8544 0.4155
vn 0.3079 0.8544 0.4185
vn 0.2697 0.8532 0.4463
vn 0.3595 0.8010 0.4788
vn 0.3579 0.7977 0.4854
vn 0.3261 0.7870 0.5238
vn 0.9150 0.1980 -0.3515
vn 0.8398 0.0541 -0.5402
vn 0.8590 0.2130 -0.4656
vn 0.8724 0.4470 -0.1977
vn 0.9298 0.3559 -0.0934
vn 0.9757 0.2042 -0.0794
vn 0.9162 0.0658 -0.3953
vn -0.5081 0.2575 0.8219
vn -0.7320 0.0739 0.6772
vn -0.5686 0.0884 0.8178
vn -0.2129 0.2442 0.9461
vn -0.2180 0.4204 0.8808
vn -0.3162 0.5331 0.7847
vn -0.6356 0.2805 0.7193
vn 0.4458 0.6701 0.5935
vn 0.4393 0.6742 0.5937
vn 0.3927 0.6850 0.6136
vn 0.4842 0.5918 0.6444
vn 0.4800 0.5918 0.6475
vn 0.4402 0.5910 0.6760
vn 0.5181 0.5061 0.6896
vn 0.5155 0.5010 0.6951
vn 0.4795 0.4856 0.7309
vn 0.9468 0.0697 -0.3141
vn 0.8480 0.0191 -0.5297
vn 0.8990 0.1363 -0.4162
vn 0.9603 0.2618 -0.0966
vn 0.9917 0.1263 -0.0238
vn 0.9980 -0.0315 -0.0546
vn 0.9194 -0.0382 -0.3915
vn -0.4727 0.0908 0.8766
vn -0.7215 0.0260 0.6920
vn -0.5646 -0.0493 0.8239
vn -0.1915 -0.0386 0.9807
vn -0.1582 0.1496 0.9760
vn -0.2282 0.3140 0.9216
vn -0.5880 0.1790 0.7888
vn 0.5698 0.3167 0.7583
vn 0.5643 0.3224 0.7600
vn 0.5193 0.3381 0.7848
vn 0.5869 0.2136 0.7810
vn 0.5827 0.2135 0.7841
vn 0.5416 0.2132 0.8132
vn 0.5973 0.1071 0.7948
vn 0.5933 0.1011 0.7986
vn 0.5523 0.0834 0.8295
vn 0.4848 -0.5918 0.6439
vn 0.6489 -0.0834 0.7563
vn 0.6035 -0.1011 0.7909
vn 0.5987 -0.1071 0.7938
vn 0.6360 -0.2131 0.7416
vn 0.5926 -0.2135 0.7767
vn 0.5883 -0.2135 0.7800
vn 0.6151 -0.3380 0.7123
vn 0.5745 -0.3223 0.7524
vn 0.5712 -0.3167 0.7572
vn 0.5743 -0.4854 0.6592
vn 0.5255 -0.5011 0.6875
vn 0.5194 -0.5061 0.6885
vn 0.5322 -0.5908 0.6064
vn 0.4897 -0.5918 0.6402
vn 0.4855 -0.5919 0.6435
vn 0.4855 -0.6848 0.5434
vn 0.4492 -0.6742 0.5863
vn 0.4471 -0.6701 0.5925
vn 0.4176 -0.7867 0.4547
vn 0.3675 -0.7977 0.4781
vn 0.3608 -0.8010 0.4778
vn 0.3585 -0.8530 0.3793
vn 0.3172 -0.8544 0.4115
vn 0.3131 -0.8544 0.4146
vn 0.2984 -0.9066 0.2984
vn 0.2648 -0.9017 0.3418
vn 0.2635 -0.8995 0.3486
vn 0.2182 -0.9567 0.1927
vn 0.1679 -0.9625 0.2132
vn 0.1609 -0.9638 0.2124
vn 0.1524 -0.9824 0.1078
vn 0.1117 -0.9840 0.1388
vn 0.1077 -0.9840 0.1418
vn 0.0879 -0.9959 0.0204
vn 0.0551 -0.9965 0.0635
vn 0.0541 -0.9960 0.0705
vn 0.0047 -0.9959 -0.0901
vn -0.0458 -0.9965 -0.0705
vn -0.0528 -0.9960 -0.0715
vn -0.0615 -0.9824 -0.1763
vn -0.1025 -0.9840 -0.1458
vn -0.1065 -0.9840 -0.1428
vn -0.1249 -0.9567 -0.2629
vn -0.1585 -0.9625 -0.2203
vn -0.1597 -0.9638 -0.2134
vn -0.2043 -0.9066 -0.3693
vn -0.2553 -0.9017 -0.3490
vn -0.2622 -0.8994 -0.3496
vn -0.2654 -0.8530 -0.4494
vn -0.3078 -0.8544 -0.4186
vn -0.3119 -0.8544 -0.4155
vn -0.3215 -0.7867 -0.5270
vn -0.3578 -0.7977 -0.4854
vn -0.3595 -0.8010 -0.4788
vn -0.3880 -0.6848 -0.6168
vn -0.4393 -0.6742 -0.5937
vn -0.4458 -0.6701 -0.5935
vn -0.4357 -0.5908 -0.6791
vn -0.4799 -0.5918 -0.6476
vn -0.4842 -0.5918 -0.6444
vn -0.4748 -0.4854 -0.7342
vn -0.5155 -0.5011 -0.6951
vn -0.5181 -0.5061 -0.6895
vn -0.5145 -0.3380 -0.7881
vn -0.5643 -0.3223 -0.7601
vn -0.5698 -0.3167 -0.7583
vn -0.5369 -0.2131 -0.8163
vn -0.5826 -0.2135 -0.7842
vn -0.5869 -0.2135 -0.7810
vn -0.5474 -0.0834 -0.8327
vn -0.5932 -0.1011 -0.7986
vn -0.5973 -0.1071 -0.7948
vn -0.5474 0.0834 -0.8327
vn -0.5932 0.1011 -0.7987
vn -0.5973 0.1071 -0.7948
vn -0.5369 0.2131 -0.8163
vn -0.5826 0.2135 -0.7842
vn -0.5869 0.2135 -0.7810
vn -0.5145 0.3380 -0.7881
vn -0.5643 0.3223 -0.7601
vn -0.5698 0.3167 -0.7583
vn -0.4748 0.4854 -0.7342
vn -0.5155 0.5011 -0.6951
vn -0.5181 0.5061 -0.6895
vn -0.4357 0.5908 -0.6791
vn -0.4799 0.5918 -0.6476
vn -0.4842 0.5918 -0.6444
vn -0.3880 0.6848 -0.6168
vn -0.4393 0.6742 -0.5937
vn -0.4458 0.6701 -0.5935
vn -0.3215 0.7867 -0.5270
vn -0.3578 0.7977 -0.4854
vn -0.3595 0.8010 -0.4788
vn -0.2654 0.8530 -0.4494
vn -0.3078 0.8544 -0.4186
vn -0.3119 0.8544 -0.4155
vn -0.2043 0.9066 -0.3693
vn -0.2553 0.9017 -0.3490
vn -0.2622 0.8995 -0.3496
vn -0.1249 0.9567 -0.2629
vn -0.1585 0.9625 -0.2203
vn -0.1597 0.9638 -0.2134
vn -0.0615 0.9824 -0.1763
vn -0.1025 0.9840 -0.1458
vn -0.1065 0.9840 -0.1428
vn 0.0047 0.9959 -0.0901
vn -0.0458 0.9965 -0.0705
vn -0.0528 0.9960 -0.0715
vn 0.0879 0.9959 0.0204
vn 0.0551 0.9965 0.0635
vn 0.0541 0.9960 0.0705
vn 0.1524 0.9824 0.1078
vn 0.1117 0.9840 0.1388
vn 0.1077 0.9840 0.1418
vn 0.2182 0.9567 0.1927
vn 0.1679 0.9625 0.2132
vn 0.1609 0.9638 0.2124
vn 0.2984 0.9066 0.2984
vn 0.2648 0.9017 0.3418
vn 0.2635 0.8994 0.3487
vn 0.3585 0.8530 0.3793
vn 0.3172 0.8544 0.4115
vn 0.3131 0.8544 0.4146
vn 0.4176 0.7867 0.4547
vn 0.3675 0.7977 0.4781
vn 0.3608 0.8010 0.4778
vn 0.4855 0.6848 0.5434
vn 0.4492 0.6742 0.5863
vn 0.4471 0.6701 0.5925
vn 0.5322 0.5908 0.6064
vn 0.4897 0.5918 0.6402
vn 0.4855 0.5919 0.6435
vn 0.5743 0.4854 0.6592
vn 0.5255 0.5011 0.6875
vn 0.5194 0.5061 0.6885
vn 0.6151 0.3380 0.7123
vn 0.5745 0.3223 0.7524
vn 0.5712 0.3167 0.7572
vn 0.6360 0.2131 0.7416
vn 0.5926 0.2135 0.7767
vn 0.5883 0.2135 0.7800
vn 0.6489 0.0834 0.7563
vn 0.6035 0.1011 0.7909
vn 0.5987 0.1071 0.7938
s 1
f 3141//2300 3145//2304 3144//2303
f 3142//2301 3146//2305 3145//2304
f 3144//2303 3148//2307 3147//2306
f 3145//2304 3149//2308 3148//2307
f 1460//1322 678//540 149//149
f 1459//1321 3141//2300 1460//1322
f 1459//1321 3143//2302 3142//2301
f 1458//1320 1056//918 3143//2302
f 3143//2302 1057//919 3146//2305
f 3146//2305 1058//920 3149//2308
f 3149//2308 8//8 599//461
f 3148//2307 599//461 598//460
f 3147//2306 598//460 597//459
f 3147//2306 2//2 680//542
f 3144//2303 680//542 679//541
f 3141//2300 679//541 678//540
f 3150//2309 3154//2313 3153//2312
f 3151//2310 3155//2314 3154//2313
f 3153//2312 3157//2316 3156//2315
f 3154//2313 3158//2317 3157//2316
f 597//459 1305//1167 2//2
f 597//459 3151//2310 3150//2309
f 598//460 3152//2311 3151//2310
f 599//461 849//711 3152//2311
f 3152//2311 850//712 3155//2314
f 3155//2314 851//713 3158//2317
f 3158//2317 9//9 1256//1118
f 3157//2316 1256//1118 1255//1117
f 3156//2315 1255//1117 1254//1116
f 1307//1169 1254//1116 3//3
f 1306//1168 3156//2315 1307//1169
f 1305//1167 3153//2312 1306//1168
f 3159//2318 3163//2322 3162//2321
f 3160//2319 3164//2323 3163//2322
f 3162//2321 3166//2325 3165//2324
f 3163//2322 3167//2326 3166//2325
f 3//3 3159//2318 1080//942
f 1254//1116 3160//2319 3159//2318
f 1255//1117 3161//2320 3160//2319
f 1256//1118 537//399 3161//2320
f 3161//2320 538//400 3164//2323
f 3164//2323 539//401 3167//2326
f 3167//2326 10//10 953//815
f 3166//2325 953//815 952//814
f 3165//2324 952//814 951//813
f 1082//944 951//813 4//4
f 1081//943 3165//2324 1082//944
f 1080//942 3162//2321 1081//943
f 3169//2328 3171//2330 3168//2327
f 3170//2329 3172//2331 3169//2328
f 3172//2331 3174//2333 3171//2330
f 3173//2332 3175//2334 3172//2331
f 179//179 3168//2327 864//726
f 1603//1462 3168//2327 1604//1463
f 1602//1461 3169//2328 1603//1462
f 190//190 3170//2329 1602//1461
f 1173//1035 3173//2332 3170//2329
f 1174//1036 3176//2335 3173//2332
f 1175//1037 800//662 3176//2335
f 3176//2335 799//661 3175//2334
f 3175//2334 798//660 3174//2333
f 3174//2333 5//5 866//728
f 3171//2330 866//728 865//727
f 3168//2327 865//727 864//726
f 3178//2337 3180//469 3177//2336
f 3179//2338 3181//2339 3178//2337
f 3181//2339 3183//2340 3180//469
f 3182//2339 3184//2341 3181//2339
f 798//660 606//468 5//5
f 799//661 3177//2336 798//660
f 800//662 3178//2337 799//661
f 11//11 3179//2338 800//662
f 945//807 3182//2339 3179//2338
f 946//808 3185//2342 3182//2339
f 947//809 569//431 3185//2342
f 3185//2342 568//430 3184//2341
f 3184//2341 567//429 3183//2340
f 608//470 567//429 6//6
f 607//469 3183//2340 608//470
f 606//468 3180//469 607//469
f 3187//2344 3189//2346 3186//2343
f 3188//2345 3190//2347 3187//2344
f 3190//2347 3192//2349 3189//2346
f 3191//2348 3193//2350 3190//2347
f 6//6 3186//2343 620//482
f 568//430 3186//2343 567//429
f 569//431 3187//2344 568//430
f 12//12 3188//2345 569//431
f 995//857 3191//2348 3188//2345
f 994//856 3194//2351 3191//2348
f 993//855 842//704 3194//2351
f 3194//2351 841//703 3193//2350
f 3192//2349 841//703 840//702
f 618//480 840//702 1//1
f 619//481 3192//2349 618//480
f 620//482 3189//2346 619//481
f 3195//2352 3199//2356 3198//2355
f 3196//2353 3200//2357 3199//2356
f 3198//2355 3202//2359 3201//2358
f 3199//2356 3203//2360 3202//2359
f 162//162 3195//2352 1056//918
f 1457//1319 3196//2353 3195//2352
f 1456//1318 3197//2354 3196//2353
f 1455//1317 564//426 3197//2354
f 3197//2354 565//427 3200//2357
f 3200//2357 566//428 3203//2360
f 3203//2360 14//14 1013//875
f 3202//2359 1013//875 1012//874
f 3201//2358 1012//874 1011//873
f 1058//920 1011//873 8//8
f 1057//919 3201//2358 1058//920
f 1056//918 3198//2355 1057//919
f 3204//2361 3208//2365 3207//2364
f 3205//2362 3209//2366 3208//2365
f 3207//2364 3211//2368 3210//2367
f 3208//2365 3212//2369 3211//2368
f 8//8 3204//2361 849//711
f 1011//873 3205//2362 3204//2361
f 1012//874 3206//2363 3205//2362
f 1013//875 1188//1050 3206//2363
f 3206//2363 1189//1051 3209//2366
f 3209//2366 1190//1052 3212//2369
f 3212//2369 15//15 698//560
f 3211//2368 698//560 697//559
f 3210//2367 697//559 696//558
f 851//713 696//558 9//9
f 850//712 3210//2367 851//713
f 849//711 3207//2364 850//712
f 3213//2370 3217//2374 3216//2373
f 3214//2371 3218//2375 3217//2374
f 3216//2373 3220//2377 3219//2376
f 3217//2374 3221//2378 3220//2377
f 9//9 3213//2370 537//399
f 696//558 3214//2371 3213//2370
f 697//559 3215//2372 3214//2371
f 698//560 1002//864 3215//2372
f 3215//2372 1003//865 3218//2375
f 3218//2375 1004//866 3221//2378
f 3221//2378 16//16 485//347
f 3220//2377 485//347 484//346
f 3219//2376 484//346 483//345
f 539//401 483//345 10//10
f 538//400 3219//2376 539//401
f 537//399 3216//2373 538//400
f 3223//2380 3225//2382 3222//2379
f 3224//2381 3226//2383 3223//2380
f 3226//2383 3228//2385 3225//2382
f 3227//2384 3229//2386 3226//2383
f 1601//1460 1173//1035 190//190
f 1600//1459 3222//2379 1601//1460
f 1599//1458 3223//2380 1600//1459
f 177//177 3224//2381 1599//1458
f 807//669 3227//2384 3224//2381
f 808//670 3230//2387 3227//2384
f 809//671 1136//998 3230//2387
f 3230//2387 1135//997 3229//2386
f 3229//2386 1134//996 3228//2385
f 3228//2385 11//11 1175//1037
f 3225//2382 1175//1037 1174//1036
f 3222//2379 1174//1036 1173//1035
f 3232//2389 3234//2391 3231//2388
f 3233//2390 3235//2391 3232//2389
f 3235//2391 3237//2392 3234//2391
f 3236//2391 3238//2393 3235//2391
f 1134//996 945//807 11//11
f 1135//997 3231//2388 1134//996
f 1136//998 3232//2389 1135//997
f 17//17 3233//2390 1136//998
f 1290//1152 3236//2391 3233//2390
f 1291//1153 3239//2394 3236//2391
f 1292//1154 899//761 3239//2394
f 3239//2394 898//760 3238//2393
f 3238//2393 897//759 3237//2392
f 3237//2392 12//12 947//809
f 3234//2391 947//809 946//808
f 3231//2388 946//808 945//807
f 3241//2396 3243//2398 3240//2395
f 3242//2397 3244//2399 3241//2396
f 3244//2399 3246//2401 3243//2398
f 3245//2400 3247//2402 3244//2399
f 897//759 995//857 12//12
f 898//760 3240//2395 897//759
f 899//761 3241//2396 898//760
f 18//18 3242//2397 899//761
f 1313//1175 3245//2400 3242//2397
f 1312//1174 3248//2403 3245//2400
f 1311//1173 1181//1043 3248//2403
f 3248//2403 1180//1042 3247//2402
f 3247//2402 1179//1041 3246//2401
f 3246//2401 7//7 993//855
f 3243//2398 993//855 994//856
f 3240//2395 994//856 995//857
f 3249//2404 3253//2408 3252//2407
f 3250//2405 3254//2409 3253//2408
f 3252//2407 3256//2411 3255//2410
f 3253//2408 3257//2412 3256//2411
f 147//147 3249//2404 564//426
f 1454//1316 3250//2405 3249//2404
f 1453//1315 3251//2406 3250//2405
f 1452//1314 843//705 3251//2406
f 3251//2406 844//706 3254//2409
f 3254//2409 845//707 3257//2412
f 3257//2412 20//20 1277//1139
f 3256//2411 1277//1139 1276//1138
f 3255//2410 1276//1138 1275//1137
f 566//428 1275//1137 14//14
f 565//427 3255//2410 566//428
f 564//426 3252//2407 565//427
f 3258//2413 3262//2417 3261//2416
f 3259//2414 3263//2418 3262//2417
f 3261//2416 3265//2420 3264//2419
f 3262//2417 3266//2421 3265//2420
f 14//14 3258//2413 1188//1050
f 1275//1137 3259//2414 3258//2413
f 1276//1138 3260//2415 3259//2414
f 1277//1139 615//477 3260//2415
f 3260//2415 616//478 3263//2418
f 3263//2418 617//479 3266//2421
f 3266//2421 21//21 1055//917
f 3265//2420 1055//917 1054//916
f 3264//2419 1054//916 1053//915
f 1190//1052 1053//915 15//15
f 1189//1051 3264//2419 1190//1052
f 1188//1050 3261//2416 1189//1051
f 3267//2422 3271//2426 3270//2425
f 3268//2423 3272//2427 3271//2426
f 3270//2425 3274//2429 3273//2428
f 3271//2426 3275//2430 3274//2429
f 15//15 3267//2422 1002//864
f 1053//915 3268//2423 3267//2422
f 1054//916 3269//2424 3268//2423
f 1055//917 1224//1086 3269//2424
f 3269//2424 1225//1087 3272//2427
f 3272//2427 1226//1088 3275//2430
f 3275//2430 22//22 884//746
f 3274//2429 884//746 883//745
f 3273//2428 883//745 882//744
f 1004//866 882//744 16//16
f 1003//865 3273//2428 1004//866
f 1002//864 3270//2425 1003//865
f 3277//2432 3279//2434 3276//2431
f 3278//2433 3280//2435 3277//2432
f 3280//2435 3282//2437 3279//2434
f 3281//2436 3283//2438 3280//2435
f 1598//1457 807//669 177//177
f 1597//1456 3276//2431 1598//1457
f 1596//1455 3277//2432 1597//1456
f 182//182 3278//2433 1596//1455
f 999//861 3281//2436 3278//2433
f 1000//862 3284//2439 3281//2436
f 1001//863 587//449 3284//2439
f 3284//2439 586//448 3283//2438
f 3283//2438 585//447 3282//2437
f 3282//2437 17//17 809//671
f 3279//2434 809//671 808//670
f 3276//2431 808//670 807//669
f 3286//2441 3288//2443 3285//2440
f 3287//2442 3289//2443 3286//2441
f 3289//2443 3291//2444 3288//2443
f 3290//685 3292//2445 3289//2443
f 585//447 1290//1152 17//17
f 586//448 3285//2440 585//447
f 587//449 3286//2441 586//448
f 23//23 3287//2442 587//449
f 822//684 3290//685 3287//2442
f 823//685 3293//2446 3290//685
f 824//686 1220//1082 3293//2446
f 3293//2446 1219//1081 3292//2445
f 3292//2445 1218//1080 3291//2444
f 3291//2444 18//18 1292//1154
f 3288//2443 1292//1154 1291//1153
f 3285//2440 1291//1153 1290//1152
f 3295//2448 3297//2450 3294//2447
f 3296//2449 3298//2451 3295//2448
f 3298//2451 3300//2453 3297//2450
f 3299//2452 3301//2454 3298//2451
f 1218//1080 1313//1175 18//18
f 1219//1081 3294//2447 1218//1080
f 1220//1082 3295//2448 1219//1081
f 24//24 3296//2449 1220//1082
f 839//701 3299//2452 3296//2449
f 838//700 3302//2455 3299//2452
f 837//699 653//515 3302//2455
f 3302//2455 652//514 3301//2454
f 3301//2454 651//513 3300//2453
f 3300//2453 13//13 1311//1173
f 3297//2450 1311//1173 1312//1174
f 3294//2447 1312//1174 1313//1175
f 3303//2456 3307//2460 3306//2459
f 3304//2457 3308//2461 3307//2460
f 3306//2459 3310//2463 3309//2462
f 3307//2460 3311//2464 3310//2463
f 155//155 3303//2456 843//705
f 1451//1313 3304//2457 3303//2456
f 1450//1312 3305//2458 3304//2457
f 1449//1311 468//330 3305//2458
f 3305//2458 469//331 3308//2461
f 3308//2461 470//332 3311//2464
f 3311//2464 26//26 716//578
f 3310//2463 716//578 715//577
f 3309//2462 715//577 714//576
f 845//707 714//576 20//20
f 844//706 3309//2462 845//707
f 843//705 3306//2459 844//706
f 3312//2465 3316//2469 3315//2468
f 3313//2466 3317//2470 3316//2469
f 3315//2468 3319//2472 3318//2471
f 3316//2469 3320//2473 3319//2472
f 20//20 3312//2465 615//477
f 714//576 3313//2466 3312//2465
f 715//577 3314//2467 3313//2466
f 716//578 1104//966 3314//2467
f 3314//2467 1105//967 3317//2470
f 3317//2470 1106//968 3320//2473
f 3320//2473 27//27 548//410
f 3319//2472 548//410 547//409
f 3318//2471 547//409 546//408
f 617//479 546//408 21//21
f 616//478 3318//2471 617//479
f 615//477 3315//2468 616//478
f 3321//2474 3325//2478 3324//2477
f 3322//2475 3326//2479 3325//2478
f 3324//2477 3328//2481 3327//2480
f 3325//2478 3329//2482 3328//2481
f 21//21 3321//2474 1224//1086
f 546//408 3322//2475 3321//2474
f 547//409 3323//2476 3322//2475
f 548//410 879//741 3323//2476
f 3323//2476 880//742 3326//2479
f 3326//2479 881//743 3329//2482
f 3329//2482 28//28 1178//1040
f 3328//2481 1178//1040 1177//1039
f 3327//2480 1177//1039 1176//1038
f 1226//1088 1176//1038 22//22
f 1225//1087 3327//2480 1226//1088
f 1224//1086 3324//2477 1225//1087
f 3331//2484 3333//2486 3330//2483
f 3332//2485 3334//2487 3331//2484
f 3334//2487 3336//2489 3333//2486
f 3335//2488 3337//2490 3334//2487
f 1595//1454 999//861 182//182
f 1594//1453 3330//2483 1595//1454
f 1593//1452 3331//2484 1594//1453
f 174//174 3332//2485 1593//1452
f 666//528 3335//2488 3332//2485
f 667//529 3338//2491 3335//2488
f 668//530 950//812 3338//2491
f 3338//2491 949//811 3337//2490
f 3337//2490 948//810 3336//2489
f 3336//2489 23//23 1001//863
f 3333//2486 1001//863 1000//862
f 3330//2483 1000//862 999//861
f 3340//2493 3342//2495 3339//2492
f 3341//2494 3343//2495 3340//2493
f 3343//2495 3345//2496 3342//2495
f 3344//2495 3346//2497 3343//2495
f 948//810 822//684 23//23
f 949//811 3339//2492 948//810
f 950//812 3340//2493 949//811
f 29//29 3341//2494 950//812
f 486//348 3344//2495 3341//2494
f 487//349 3347//2498 3344//2495
f 488//350 785//647 3347//2498
f 3347//2498 784//646 3346//2497
f 3346//2497 783//645 3345//2496
f 3345//2496 24//24 824//686
f 3342//2495 824//686 823//685
f 3339//2492 823//685 822//684
f 3349//2500 3351//2502 3348//2499
f 3350//2501 3352//2503 3349//2500
f 3352//2503 3354//2505 3351//2502
f 3353//2504 3355//2506 3352//2503
f 783//645 839//701 24//24
f 784//646 3348//2499 783//645
f 785//647 3349//2500 784//646
f 30//30 3350//2501 785//647
f 1274//1136 3353//2504 3350//2501
f 1273//1135 3356//2507 3353//2504
f 1272//1134 1025//887 3356//2507
f 3356//2507 1024//886 3355//2506
f 3355//2506 1023//885 3354//2505
f 3354//2505 19//19 837//699
f 3351//2502 837//699 838//700
f 3348//2499 838//700 839//701
f 3357//2508 3361//2512 3360//2511
f 3358//2509 3362//2513 3361//2512
f 3360//2511 3364//2515 3363//2514
f 3361//2512 3365//2516 3364//2515
f 145//145 3357//2508 468//330
f 1448//1310 3358//2509 3357//2508
f 1447//1309 3359//2510 3358//2509
f 1446//1308 933//795 3359//2510
f 3359//2510 934//796 3362//2513
f 3362//2513 935//797 3365//2516
f 3365//2516 32//32 1253//1115
f 3364//2515 1253//1115 1252//1114
f 3363//2514 1252//1114 1251//1113
f 470//332 1251//1113 26//26
f 469//331 3363//2514 470//332
f 468//330 3360//2511 469//331
f 3366//2517 3370//2521 3369//2520
f 3367//2518 3371//2522 3370//2521
f 3369//2520 3373//2524 3372//2523
f 3370//2521 3374//2525 3373//2524
f 26//26 3366//2517 1104//966
f 1251//1113 3367//2518 3366//2517
f 1252//1114 3368//2519 3367//2518
f 1253//1115 711//573 3368//2519
f 3368//2519 712//574 3371//2522
f 3371//2522 713//575 3374//2525
f 3374//2525 33//33 1079//941
f 3373//2524 1079//941 1078//940
f 3372//2523 1078//940 1077//939
f 1106//968 1077//939 27//27
f 1105//967 3372//2523 1106//968
f 1104//966 3369//2520 1105//967
f 3375//2526 3379//2530 3378//2529
f 3376//2527 3380//2531 3379//2530
f 3378//2529 3382//2533 3381//2532
f 3379//2530 3383//2534 3382//2533
f 27//27 3375//2526 879//741
f 1077//939 3376//2527 3375//2526
f 1078//940 3377//2528 3376//2527
f 1079//941 636//498 3377//2528
f 3377//2528 637//499 3380//2531
f 3380//2531 638//500 3383//2534
f 3383//2534 34//34 497//359
f 3382//2533 497//359 496//358
f 3381//2532 496//358 495//357
f 881//743 495//357 28//28
f 880//742 3381//2532 881//743
f 879//741 3378//2529 880//742
f 3385//2536 3387//2538 3384//2535
f 3386//2537 3388//2539 3385//2536
f 3388//2539 3390//2541 3387//2538
f 3389//2540 3391//2542 3388//2539
f 1592//1451 666//528 174//174
f 1591//1450 3384//2535 1592//1451
f 1590//1449 3385//2536 1591//1450
f 178//178 3386//2537 1590//1449
f 834//696 3389//2540 3386//2537
f 835//697 3392//2543 3389//2540
f 836//698 1211//1073 3392//2543
f 3392//2543 1210//1072 3391//2542
f 3391//2542 1209//1071 3390//2541
f 3390//2541 29//29 668//530
f 3387//2538 668//530 667//529
f 3384//2535 667//529 666//528
f 3394//2545 3396//349 3393//2544
f 3395//2546 3397//349 3394//2545
f 3397//349 3399//2547 3396//349
f 3398//901 3400//2548 3397//349
f 1209//1071 486//348 29//29
f 1210//1072 3393//2544 1209//1071
f 1211//1073 3394//2545 1210//1072
f 35//35 3395//2546 1211//1073
f 1038//900 3398//901 3395//2546
f 1039//901 3401//2549 3398//901
f 1040//902 980//842 3401//2549
f 3401//2549 979//841 3400//2548
f 3400//2548 978//840 3399//2547
f 3399//2547 30//30 488//350
f 3396//349 488//350 487//349
f 3393//2544 487//349 486//348
f 3403//2551 3405//2553 3402//2550
f 3404//2552 3406//2554 3403//2551
f 3406//2554 3408//2556 3405//2553
f 3407//2555 3409//2557 3406//2554
f 978//840 1274//1136 30//30
f 979//841 3402//2550 978//840
f 980//842 3403//2551 979//841
f 36//36 3404//2552 980//842
f 545//407 3407//2555 3404//2552
f 544//406 3410//2558 3407//2555
f 543//405 629//491 3410//2558
f 3410//2558 628//490 3409//2557
f 3409//2557 627//489 3408//2556
f 3408//2556 25//25 1272//1134
f 3405//2553 1272//1134 1273//1135
f 3402//2550 1273//1135 1274//1136
f 3411//2559 3415//2563 3414//2562
f 3412//2560 3416//2564 3415//2563
f 3414//2562 3418//2566 3417//2565
f 3415//2563 3419//2567 3418//2566
f 160//160 3411//2559 933//795
f 1445//1307 3412//2560 3411//2559
f 1444//1306 3413//2561 3412//2560
f 1443//1305 576//438 3413//2561
f 3413//2561 577//439 3416//2564
f 3416//2564 578//440 3419//2567
f 3419//2567 38//38 560//422
f 3418//2566 560//422 559//421
f 3417//2565 559//421 558//420
f 935//797 558//420 32//32
f 934//796 3417//2565 935//797
f 933//795 3414//2562 934//796
f 3420//2568 3424//2572 3423//2571
f 3421//2569 3425//2573 3424//2572
f 3423//2571 3427//2575 3426//2574
f 3424//2572 3428//2576 3427//2575
f 32//32 3420//2568 711//573
f 558//420 3421//2569 3420//2568
f 559//421 3422//2570 3421//2569
f 560//422 759//621 3422//2570
f 3422//2570 760//622 3425//2573
f 3425//2573 761//623 3428//2576
f 3428//2576 39//39 1202//1064
f 3427//2575 1202//1064 1201//1063
f 3426//2574 1201//1063 1200//1062
f 713//575 1200//1062 33//33
f 712//574 3426//2574 713//575
f 711//573 3423//2571 712//574
f 3429//2577 3433//2581 3432//2580
f 3430//2578 3434//2582 3433//2581
f 3432//2580 3436//2584 3435//2583
f 3433//2581 3437//2585 3436//2584
f 33//33 3429//2577 636//498
f 1200//1062 3430//2578 3429//2577
f 1201//1063 3431//2579 3430//2578
f 1202//1064 1008//870 3431//2579
f 3431//2579 1009//871 3434//2582
f 3434//2582 1010//872 3437//2585
f 3437//2585 40//40 536//398
f 3436//2584 536//398 535//397
f 3435//2583 535//397 534//396
f 638//500 534//396 34//34
f 637//499 3435//2583 638//500
f 636//498 3432//2580 637//499
f 3439//2587 3441//2589 3438//2586
f 3440//2588 3442//2590 3439//2587
f 3442//2590 3444//2592 3441//2589
f 3443//2591 3445//2593 3442//2590
f 1589//1448 834//696 178//178
f 1588//1447 3438//2586 1589//1448
f 1587//1446 3439//2587 1588//1447
f 191//191 3440//2588 1587//1446
f 1215//1077 3443//2591 3440//2588
f 1216//1078 3446//2594 3443//2591
f 1217//1079 797//659 3446//2594
f 3446//2594 796//658 3445//2593
f 3445//2593 795//657 3444//2592
f 3444//2592 35//35 836//698
f 3441//2589 836//698 835//697
f 3438//2586 835//697 834//696
f 3448//2596 3450//2598 3447//2595
f 3449//2597 3451//2598 3448//2596
f 3451//2598 3453//2599 3450//2598
f 3452//2598 3454//2600 3451//2598
f 795//657 1038//900 35//35
f 796//658 3447//2595 795//657
f 797//659 3448//2596 796//658
f 41//41 3449//2597 797//659
f 501//363 3452//2598 3449//2597
f 502//364 3455//2601 3452//2598
f 503//365 989//851 3455//2601
f 3455//2601 988//850 3454//2600
f 3454//2600 987//849 3453//2599
f 3453//2599 36//36 1040//902
f 3450//2598 1040//902 1039//901
f 3447//2595 1039//901 1038//900
f 3457//2603 3459//2605 3456//2602
f 3458//2604 3460//2606 3457//2603
f 3460//2606 3462//2608 3459//2605
f 3461//2607 3463//2609 3460//2606
f 987//849 545//407 36//36
f 988//850 3456//2602 987//849
f 989//851 3457//2603 988//850
f 42//42 3458//2604 989//851
f 476//338 3461//2607 3458//2604
f 475//337 3464//2610 3461//2607
f 474//336 758//620 3464//2610
f 3464//2610 757//619 3463//2609
f 3463//2609 756//618 3462//2608
f 3462//2608 31//31 543//405
f 3459//2605 543//405 544//406
f 3456//2602 544//406 545//407
f 3465//2611 3469//2615 3468//2614
f 3466//2612 3470//2616 3469//2615
f 3468//2614 3472//2618 3471//2617
f 3469//2615 3473//2619 3472//2618
f 148//148 3465//2611 576//438
f 1442//1304 3466//2612 3465//2611
f 1441//1303 3467//2613 3466//2612
f 1440//1302 924//786 3467//2613
f 3467//2613 925//787 3470//2616
f 3470//2616 926//788 3473//2619
f 3473//2619 44//44 500//362
f 3472//2618 500//362 499//361
f 3471//2617 499//361 498//360
f 578//440 498//360 38//38
f 577//439 3471//2617 578//440
f 576//438 3468//2614 577//439
f 3474//2620 3478//2624 3477//2623
f 3475//2621 3479//2625 3478//2624
f 3477//2623 3481//2627 3480//2626
f 3478//2624 3482//2628 3481//2627
f 38//38 3474//2620 759//621
f 498//360 3475//2621 3474//2620
f 499//361 3476//2622 3475//2621
f 500//362 1125//987 3476//2622
f 3476//2622 1126//988 3479//2625
f 3479//2625 1127//989 3482//2628
f 3482//2628 45//45 710//572
f 3481//2627 710//572 709//571
f 3480//2626 709//571 708//570
f 761//623 708//570 39//39
f 760//622 3480//2626 761//623
f 759//621 3477//2623 760//622
f 3483//2629 3487//2633 3486//2632
f 3484//2630 3488//2634 3487//2633
f 3486//2632 3490//2636 3489//2635
f 3487//2633 3491//2637 3490//2636
f 39//39 3483//2629 1008//870
f 708//570 3484//2630 3483//2629
f 709//571 3485//2631 3484//2630
f 710//572 522//384 3485//2631
f 3485//2631 523//385 3488//2634
f 3488//2634 524//386 3491//2637
f 3491//2637 46//46 965//827
f 3490//2636 965//827 964//826
f 3489//2635 964//826 963//825
f 1010//872 963//825 40//40
f 1009//871 3489//2635 1010//872
f 1008//870 3486//2632 1009//871
f 3493//2639 3495//2641 3492//2638
f 3494//2640 3496//2642 3493//2639
f 3496//2642 3498//2644 3495//2641
f 3497//2643 3499//2645 3496//2642
f 1586//1445 1215//1077 191//191
f 1585//1444 3492//2638 1586//1445
f 1584//1443 3493//2639 1585//1444
f 176//176 3494//2640 1584//1443
f 729//591 3497//2643 3494//2640
f 730//592 3500//2646 3497//2643
f 731//593 1100//962 3500//2646
f 3500//2646 1099//961 3499//2645
f 3499//2645 1098//960 3498//2644
f 3498//2644 41//41 1217//1079
f 3495//2641 1217//1079 1216//1078
f 3492//2638 1216//1078 1215//1077
f 3502//2648 3504//364 3501//2647
f 3503//2649 3505//2650 3502//2648
f 3505//2650 3507//2651 3504//364
f 3506//2650 3508//2652 3505//2650
f 1098//960 501//363 41//41
f 1099//961 3501//2647 1098//960
f 1100//962 3502//2648 1099//961
f 47//47 3503//2649 1100//962
f 975//837 3506//2650 3503//2649
f 976//838 3509//2653 3506//2650
f 977//839 1289//1151 3509//2653
f 3509//2653 1288//1150 3508//2652
f 3508//2652 1287//1149 3507//2651
f 3507//2651 42//42 503//365
f 3504//364 503//365 502//364
f 3501//2647 502//364 501//363
f 3511//2655 3513//2657 3510//2654
f 3512//2656 3514//2658 3511//2655
f 3514//2658 3516//2660 3513//2657
f 3515//2659 3517//2661 3514//2658
f 1287//1149 476//338 42//42
f 1288//1150 3510//2654 1287//1149
f 1289//1151 3511//2655 1288//1150
f 48//48 3512//2656 1289//1151
f 917//779 3515//2659 3512//2656
f 916//778 3518//2662 3515//2659
f 915//777 1172//1034 3518//2662
f 3518//2662 1171//1033 3517//2661
f 3517//2661 1170//1032 3516//2660
f 3516//2660 37//37 474//336
f 3513//2657 474//336 475//337
f 3510//2654 475//337 476//338
f 3519//2663 3523//2667 3522//2666
f 3520//2664 3524//2668 3523//2667
f 3522//2666 3526//2670 3525//2669
f 3523//2667 3527//2671 3526//2670
f 158//158 3519//2663 924//786
f 1439//1301 3520//2664 3519//2663
f 1438//1300 3521//2665 3520//2664
f 1437//1299 702//564 3521//2665
f 3521//2665 703//565 3524//2668
f 3524//2668 704//566 3527//2671
f 3527//2671 50//50 755//617
f 3526//2670 755//617 754//616
f 3525//2669 754//616 753//615
f 926//788 753//615 44//44
f 925//787 3525//2669 926//788
f 924//786 3522//2666 925//787
f 3528//2672 3532//2676 3531//2675
f 3529//2673 3533//2677 3532//2676
f 3531//2675 3535//2679 3534//2678
f 3532//2676 3536//2680 3535//2679
f 44//44 3528//2672 1125//987
f 753//615 3529//2673 3528//2672
f 754//616 3530//2674 3529//2673
f 755//617 903//765 3530//2674
f 3530//2674 904//766 3533//2677
f 3533//2677 905//767 3536//2680
f 3536//2680 51//51 1037//899
f 3535//2679 1037//899 1036//898
f 3534//2678 1036//898 1035//897
f 1127//989 1035//897 45//45
f 1126//988 3534//2678 1127//989
f 1125//987 3531//2675 1126//988
f 3537//2681 3541//2685 3540//2684
f 3538//2682 3542//2686 3541//2685
f 3540//2684 3544//2688 3543//2687
f 3541//2685 3545//2689 3544//2688
f 45//45 3537//2681 522//384
f 1035//897 3538//2682 3537//2681
f 1036//898 3539//2683 3538//2682
f 1037//899 1116//978 3539//2683
f 3539//2683 1117//979 3542//2686
f 3542//2686 1118//980 3545//2689
f 3545//2689 52//52 1223//1085
f 3544//2688 1223//1085 1222//1084
f 3543//2687 1222//1084 1221//1083
f 524//386 1221//1083 46//46
f 523//385 3543//2687 524//386
f 522//384 3540//2684 523//385
f 3547//2691 3549//2693 3546//2690
f 3548//2692 3550//2694 3547//2691
f 3550//2694 3552//2696 3549//2693
f 3551//2695 3553//2697 3550//2694
f 1583//1442 729//591 176//176
f 1582//1441 3546//2690 1583//1442
f 1581//1440 3547//2691 1582//1441
f 169//169 3548//2692 1581//1440
f 462//324 3551//2695 3548//2692
f 463//325 3554//2698 3551//2695
f 464//326 575//437 3554//2698
f 3554//2698 574//436 3553//2697
f 3553//2697 573//435 3552//2696
f 3552//2696 47//47 731//593
f 3549//2693 731//593 730//592
f 3546//2690 730//592 729//591
f 3556//2700 3558//2702 3555//2699
f 3557//2701 3559//2702 3556//2700
f 3559//2702 3561//2703 3558//2702
f 3560//2702 3562//2704 3559//2702
f 573//435 975//837 47//47
f 574//436 3555//2699 573//435
f 575//437 3556//2700 574//436
f 53//53 3557//2701 575//437
f 657//519 3560//2702 3557//2701
f 658//520 3563//2705 3560//2702
f 659//521 830//692 3563//2705
f 3563//2705 829//691 3562//2704
f 3562//2704 828//690 3561//2703
f 3561//2703 48//48 977//839
f 3558//2702 977//839 976//838
f 3555//2699 976//838 975//837
f 3565//2707 3567//2709 3564//2706
f 3566//2708 3568//2710 3565//2707
f 3568//2710 3570//2712 3567//2709
f 3569//2711 3571//2713 3568//2710
f 828//690 917//779 48//48
f 829//691 3564//2706 828//690
f 830//692 3565//2707 829//691
f 54//54 3566//2708 830//692
f 677//539 3569//2711 3566//2708
f 676//538 3572//2714 3569//2711
f 675//537 686//548 3572//2714
f 3572//2714 685//547 3571//2713
f 3571//2713 684//546 3570//2712
f 3570//2712 43//43 915//777
f 3567//2709 915//777 916//778
f 3564//2706 916//778 917//779
f 3573//2715 3577//2719 3576//2718
f 3574//2716 3578//2720 3577//2719
f 3576//2718 3580//2722 3579//2721
f 3577//2719 3581//2723 3580//2722
f 151//151 3573//2715 702//564
f 1436//1298 3574//2716 3573//2715
f 1435//1297 3575//2717 3574//2716
f 1434//1296 1095//957 3575//2717
f 3575//2717 1096//958 3578//2720
f 3578//2720 1097//959 3581//2723
f 3581//2723 56//56 626//488
f 3580//2722 626//488 625//487
f 3579//2721 625//487 624//486
f 704//566 624//486 50//50
f 703//565 3579//2721 704//566
f 702//564 3576//2718 703//565
f 3582//2724 3586//2728 3585//2727
f 3583//2725 3587//2729 3586//2728
f 3585//2727 3589//2731 3588//2730
f 3586//2728 3590//2732 3589//2731
f 50//50 3582//2724 903//765
f 624//486 3583//2725 3582//2724
f 625//487 3584//2726 3583//2725
f 626//488 1308//1170 3584//2726
f 3584//2726 1309//1171 3587//2729
f 3587//2729 1310//1172 3590//2732
f 3590//2732 57//57 878//740
f 3589//2731 878//740 877//739
f 3588//2730 877//739 876//738
f 905//767 876//738 51//51
f 904//766 3588//2730 905//767
f 903//765 3585//2727 904//766
f 3591//2733 3595//2737 3594//2736
f 3592//2734 3596//2738 3595//2737
f 3594//2736 3598//2740 3597//2739
f 3595//2737 3599//2741 3598//2740
f 51//51 3591//2733 1116//978
f 876//738 3592//2734 3591//2733
f 877//739 3593//2735 3592//2734
f 878//740 741//603 3593//2735
f 3593//2735 742//604 3596//2738
f 3596//2738 743//605 3599//2741
f 3599//2741 58//58 1070//932
f 3598//2740 1070//932 1069//931
f 3597//2739 1069//931 1068//930
f 1118//980 1068//930 52//52
f 1117//979 3597//2739 1118//980
f 1116//978 3594//2736 1117//979
f 3601//2743 3603//2745 3600//2742
f 3602//2744 3604//2746 3601//2743
f 3604//2746 3606//2748 3603//2745
f 3605//2747 3607//2749 3604//2746
f 1580//1439 462//324 169//169
f 1579//1438 3600//2742 1580//1439
f 1578//1437 3601//2743 1579//1438
f 181//181 3602//2744 1578//1437
f 942//804 3605//2747 3602//2744
f 943//805 3608//2750 3605//2747
f 944//806 1241//1103 3608//2750
f 3608//2750 1240//1102 3607//2749
f 3607//2749 1239//1101 3606//2748
f 3606//2748 53//53 464//326
f 3603//2745 464//326 463//325
f 3600//2742 463//325 462//324
f 3610//2752 3612//2754 3609//2751
f 3611//2753 3613//2754 3610//2752
f 3613//2754 3615//2755 3612//2754
f 3614//1003 3616//2756 3613//2754
f 1239//1101 657//519 53//53
f 1240//1102 3609//2751 1239//1101
f 1241//1103 3610//2752 1240//1102
f 59//59 3611//2753 1241//1103
f 1140//1002 3614//1003 3611//2753
f 1141//1003 3617//2757 3614//1003
f 1142//1004 593//455 3617//2757
f 3617//2757 592//454 3616//2756
f 3616//2756 591//453 3615//2755
f 3615//2755 54//54 659//521
f 3612//2754 659//521 658//520
f 3609//2751 658//520 657//519
f 3619//2759 3621//2761 3618//2758
f 3620//2760 3622//2762 3619//2759
f 3622//2762 3624//2764 3621//2761
f 3623//2763 3625//2765 3622//2762
f 591//453 677//539 54//54
f 592//454 3618//2758 591//453
f 593//455 3619//2759 592//454
f 60//60 3620//2760 593//455
f 1034//896 3623//2763 3620//2760
f 1033//895 3626//2766 3623//2763
f 1032//894 1286//1148 3626//2766
f 3626//2766 1285//1147 3625//2765
f 3625//2765 1284//1146 3624//2764
f 3624//2764 49//49 675//537
f 3621//2761 675//537 676//538
f 3618//2758 676//538 677//539
f 3627//2767 3631//2771 3630//2770
f 3628//2768 3632//2772 3631//2771
f 3630//2770 3634//2774 3633//2773
f 3631//2771 3635//2775 3634//2774
f 164//164 3627//2767 1095//957
f 1433//1295 3628//2768 3627//2767
f 1432//1294 3629//2769 3628//2768
f 1431//1293 768//630 3629//2769
f 3629//2769 769//631 3632//2772
f 3632//2772 770//632 3635//2775
f 3635//2775 62//62 1046//908
f 3634//2774 1046//908 1045//907
f 3633//2773 1045//907 1044//906
f 1097//959 1044//906 56//56
f 1096//958 3633//2773 1097//959
f 1095//957 3630//2770 1096//958
f 3636//2776 3640//2780 3639//2779
f 3637//2777 3641//2781 3640//2780
f 3639//2779 3643//2783 3642//2782
f 3640//2780 3644//2784 3643//2783
f 56//56 3636//2776 1308//1170
f 1044//906 3637//2777 3636//2776
f 1045//907 3638//2778 3637//2777
f 1046//908 960//822 3638//2778
f 3638//2778 961//823 3641//2781
f 3641//2781 962//824 3644//2784
f 3644//2784 63//63 467//329
f 3643//2783 467//329 466//328
f 3642//2782 466//328 465//327
f 1310//1172 465//327 57//57
f 1309//1171 3642//2782 1310//1172
f 1308//1170 3639//2779 1309//1171
f 3645//2785 3649//2789 3648//2788
f 3646//2786 3650//2790 3649//2789
f 3648//2788 3652//2792 3651//2791
f 3649//2789 3653//2793 3652//2792
f 57//57 3645//2785 741//603
f 465//327 3646//2786 3645//2785
f 466//328 3647//2787 3646//2786
f 467//329 1197//1059 3647//2787
f 3647//2787 1198//1060 3650//2790
f 3650//2790 1199//1061 3653//2793
f 3653//2793 64//64 674//536
f 3652//2792 674//536 673//535
f 3651//2791 673//535 672//534
f 743//605 672//534 58//58
f 742//604 3651//2791 743//605
f 741//603 3648//2788 742//604
f 3655//2795 3657//2797 3654//2794
f 3656//2796 3658//2798 3655//2795
f 3658//2798 3660//2800 3657//2797
f 3659//2799 3661//2801 3658//2798
f 1577//1436 942//804 181//181
f 1576//1435 3654//2794 1577//1436
f 1575//1434 3655//2795 1576//1435
f 171//171 3656//2796 1575//1434
f 555//417 3659//2799 3656//2796
f 556//418 3662//2802 3659//2799
f 557//419 914//776 3662//2802
f 3662//2802 913//775 3661//2801
f 3661//2801 912//774 3660//2800
f 3660//2800 59//59 944//806
f 3657//2797 944//806 943//805
f 3654//2794 943//805 942//804
f 3664//2804 3666//2806 3663//2803
f 3665//2805 3667//2806 3664//2804
f 3667//2806 3669//2807 3666//2806
f 3668//2806 3670//2808 3667//2806
f 912//774 1140//1002 59//59
f 913//775 3663//2803 912//774
f 914//776 3664//2804 913//775
f 65//65 3665//2805 914//776
f 594//456 3668//2806 3665//2805
f 595//457 3671//2809 3668//2806
f 596//458 1193//1055 3671//2809
f 3671//2809 1192//1054 3670//2808
f 3670//2808 1191//1053 3669//2807
f 3669//2807 60//60 1142//1004
f 3666//2806 1142//1004 1141//1003
f 3663//2803 1141//1003 1140//1002
f 3673//2811 3675//2813 3672//2810
f 3674//2812 3676//2814 3673//2811
f 3676//2814 3678//2816 3675//2813
f 3677//2815 3679//2817 3676//2814
f 1191//1053 1034//896 60//60
f 1192//1054 3672//2810 1191//1053
f 1193//1055 3673//2811 1192//1054
f 66//66 3674//2812 1193//1055
f 782//644 3677//2815 3674//2812
f 781//643 3680//2818 3677//2815
f 780//642 806//668 3680//2818
f 3680//2818 805//667 3679//2817
f 3679//2817 804//666 3678//2816
f 3678//2816 55//55 1032//894
f 3675//2813 1032//894 1033//895
f 3672//2810 1033//895 1034//896
f 3681//2819 3685//2823 3684//2822
f 3682//2820 3686//2824 3685//2823
f 3684//2822 3688//2826 3687//2825
f 3685//2823 3689//2827 3688//2826
f 152//152 3681//2819 768//630
f 1430//1292 3682//2820 3681//2819
f 1429//1291 3683//2821 3682//2820
f 1428//1290 984//846 3683//2821
f 3683//2821 985//847 3686//2824
f 3686//2824 986//848 3689//2827
f 3689//2827 68//68 827//689
f 3688//2826 827//689 826//688
f 3687//2825 826//688 825//687
f 770//632 825//687 62//62
f 769//631 3687//2825 770//632
f 768//630 3684//2822 769//631
f 3690//2828 3694//2832 3693//2831
f 3691//2829 3695//2833 3694//2832
f 3693//2831 3697//2835 3696//2834
f 3694//2832 3698//2836 3697//2835
f 62//62 3690//2828 960//822
f 825//687 3691//2829 3690//2828
f 826//688 3692//2830 3691//2829
f 827//689 738//600 3692//2830
f 3692//2830 739//601 3695//2833
f 3695//2833 740//602 3698//2836
f 3698//2836 69//69 1043//905
f 3697//2835 1043//905 1042//904
f 3696//2834 1042//904 1041//903
f 962//824 1041//903 63//63
f 961//823 3696//2834 962//824
f 960//822 3693//2831 961//823
f 3699//2837 3703//2841 3702//2840
f 3700//2838 3704//2842 3703//2841
f 3702//2840 3706//2844 3705//2843
f 3703//2841 3707//2845 3706//2844
f 63//63 3699//2837 1197//1059
f 1041//903 3700//2838 3699//2837
f 1042//904 3701//2839 3700//2838
f 1043//905 525//387 3701//2839
f 3701//2839 526//388 3704//2842
f 3704//2842 527//389 3707//2845
f 3707//2845 70//70 1250//1112
f 3706//2844 1250//1112 1249//1111
f 3705//2843 1249//1111 1248//1110
f 1199//1061 1248//1110 64//64
f 1198//1060 3705//2843 1199//1061
f 1197//1059 3702//2840 1198//1060
f 3709//2847 3711//2849 3708//2846
f 3710//2848 3712//2850 3709//2847
f 3712//2850 3714//2852 3711//2849
f 3713//2851 3715//2853 3712//2850
f 1574//1433 555//417 171//171
f 1573//1432 3708//2846 1574//1433
f 1572//1431 3709//2847 1573//1432
f 188//188 3710//2848 1572//1431
f 1137//999 3713//2851 3710//2848
f 1138//1000 3716//2854 3713//2851
f 1139//1001 752//614 3716//2854
f 3716//2854 751//613 3715//2853
f 3715//2853 750//612 3714//2852
f 3714//2852 65//65 557//419
f 3711//2849 557//419 556//418
f 3708//2846 556//418 555//417
f 3718//2856 3720//457 3717//2855
f 3719//2857 3721//457 3718//2856
f 3721//457 3723//2858 3720//457
f 3722//820 3724//2859 3721//457
f 750//612 594//456 65//65
f 751//613 3717//2855 750//612
f 752//614 3718//2856 751//613
f 71//71 3719//2857 752//614
f 957//819 3722//820 3719//2857
f 958//820 3725//2860 3722//820
f 959//821 521//383 3725//2860
f 3725//2860 520//382 3724//2859
f 3724//2859 519//381 3723//2858
f 3723//2858 66//66 596//458
f 3720//457 596//458 595//457
f 3717//2855 595//457 594//456
f 3727//2862 3729//2864 3726//2861
f 3728//2863 3730//2865 3727//2862
f 3730//2865 3732//2867 3729//2864
f 3731//2866 3733//2868 3730//2865
f 519//381 782//644 66//66
f 520//382 3726//2861 519//381
f 521//383 3727//2862 520//382
f 72//72 3728//2863 521//383
f 974//836 3731//2866 3728//2863
f 973//835 3734//2869 3731//2866
f 972//834 554//416 3734//2869
f 3734//2869 553//415 3733//2868
f 3733//2868 552//414 3732//2867
f 3732//2867 61//61 780//642
f 3729//2864 780//642 781//643
f 3726//2861 781//643 782//644
f 3735//2870 3739//2874 3738//2873
f 3736//2871 3740//2875 3739//2874
f 3738//2873 3742//2877 3741//2876
f 3739//2874 3743//2878 3742//2877
f 161//161 3735//2870 984//846
f 1427//1289 3736//2871 3735//2870
f 1426//1288 3737//2872 3736//2871
f 1425//1287 480//342 3737//2872
f 3737//2872 481//343 3740//2875
f 3740//2875 482//344 3743//2878
f 3743//2878 74//74 875//737
f 3742//2877 875//737 874//736
f 3741//2876 874//736 873//735
f 986//848 873//735 68//68
f 985//847 3741//2876 986//848
f 984//846 3738//2873 985//847
f 3744//2879 3748//2883 3747//2882
f 3745//2880 3749//2884 3748//2883
f 3747//2882 3751//2886 3750//2885
f 3748//2883 3752//2887 3751//2886
f 68//68 3744//2879 738//600
f 873//735 3745//2880 3744//2879
f 874//736 3746//2881 3745//2880
f 875//737 1131//993 3746//2881
f 3746//2881 1132//994 3749//2884
f 3749//2884 1133//995 3752//2887
f 3752//2887 75//75 650//512
f 3751//2886 650//512 649//511
f 3750//2885 649//511 648//510
f 740//602 648//510 69//69
f 739//601 3750//2885 740//602
f 738//600 3747//2882 739//601
f 3753//2888 3757//2892 3756//2891
f 3754//2889 3758//2893 3757//2892
f 3756//2891 3760//2895 3759//2894
f 3757//2892 3761//2896 3760//2895
f 69//69 3753//2888 525//387
f 648//510 3754//2889 3753//2888
f 649//511 3755//2890 3754//2889
f 650//512 867//729 3755//2890
f 3755//2890 868//730 3758//2893
f 3758//2893 869//731 3761//2896
f 3761//2896 76//76 461//323
f 3760//2895 461//323 460//322
f 3759//2894 460//322 459//321
f 527//389 459//321 70//70
f 526//388 3759//2894 527//389
f 525//387 3756//2891 526//388
f 3763//2898 3765//2900 3762//2897
f 3764//2899 3766//2901 3763//2898
f 3766//2901 3768//2903 3765//2900
f 3767//2902 3769//2904 3766//2901
f 1571//1430 1137//999 188//188
f 1570//1429 3762//2897 1571//1430
f 1569//1428 3763//2898 1570//1429
f 175//175 3764//2899 1569//1428
f 699//561 3767//2902 3764//2899
f 700//562 3770//2905 3767//2902
f 701//563 1115//977 3770//2905
f 3770//2905 1114//976 3769//2904
f 3769//2904 1113//975 3768//2903
f 3768//2903 71//71 1139//1001
f 3765//2900 1139//1001 1138//1000
f 3762//2897 1138//1000 1137//999
f 3772//2907 3774//2909 3771//2906
f 3773//2908 3775//2909 3772//2907
f 3775//2909 3777//2910 3774//2909
f 3776//2909 3778//2911 3775//2909
f 1113//975 957//819 71//71
f 1114//976 3771//2906 1113//975
f 1115//977 3772//2907 1114//976
f 77//77 3773//2908 1115//977
f 492//354 3776//2909 3773//2908
f 493//355 3779//2912 3776//2909
f 494//356 821//683 3779//2912
f 3779//2912 820//682 3778//2911
f 3778//2911 819//681 3777//2910
f 3777//2910 72//72 959//821
f 3774//2909 959//821 958//820
f 3771//2906 958//820 957//819
f 3781//2914 3783//2916 3780//2913
f 3782//2915 3784//2917 3781//2914
f 3784//2917 3786//2919 3783//2916
f 3785//2918 3787//2920 3784//2917
f 819//681 974//836 72//72
f 820//682 3780//2913 819//681
f 821//683 3781//2914 820//682
f 78//78 3782//2915 821//683
f 1304//1166 3785//2918 3782//2915
f 1303//1165 3788//2921 3785//2918
f 1302//1164 1169//1031 3788//2921
f 3788//2921 1168//1030 3787//2920
f 3787//2920 1167//1029 3786//2919
f 3786//2919 67//67 972//834
f 3783//2916 972//834 973//835
f 3780//2913 973//835 974//836
f 3790//2923 3792//2925 3789//2922
f 3791//2924 3793//2926 3790//2923
f 3793//2926 3795//2928 3792//2925
f 3794//2927 3796//2929 3793//2926
f 1424//1286 480//342 146//146
f 1423//1285 3789//2922 1424//1286
f 1422//1284 3790//2923 1423//1285
f 159//159 3791//2924 1422//1284
f 930//792 3794//2927 3791//2924
f 931//793 3797//2930 3794//2927
f 932//794 1268//1130 3797//2930
f 3797//2930 1267//1129 3796//2929
f 3796//2929 1266//1128 3795//2928
f 3795//2928 74//74 482//344
f 3792//2925 482//344 481//343
f 3789//2922 481//343 480//342
f 3799//2932 3801//2934 3798//2931
f 3800//2933 3802//2935 3799//2932
f 3802//2935 3804//2937 3801//2934
f 3803//2936 3805//2938 3802//2935
f 1266//1128 1131//993 74//74
f 1267//1129 3798//2931 1266//1128
f 1268//1130 3799//2932 1267//1129
f 80//80 3800//2933 1268//1130
f 570//432 3803//2936 3800//2933
f 571//433 3806//2939 3803//2936
f 572//434 1067//929 3806//2939
f 3806//2939 1066//928 3805//2938
f 3805//2938 1065//927 3804//2937
f 3804//2937 75//75 1133//995
f 3801//2934 1133//995 1132//994
f 3798//2931 1132//994 1131//993
f 3808//2941 3810//2943 3807//2940
f 3809//2942 3811//2944 3808//2941
f 3811//2944 3813//2946 3810//2943
f 3812//2945 3814//2947 3811//2944
f 1065//927 867//729 75//75
f 1066//928 3807//2940 1065//927
f 1067//929 3808//2941 1066//928
f 81//81 3809//2942 1067//929
f 1212//1074 3812//2945 3809//2942
f 1213//1075 3815//2948 3812//2945
f 1214//1076 728//590 3815//2948
f 3815//2948 727//589 3814//2947
f 3814//2947 726//588 3813//2946
f 3813//2946 76//76 869//731
f 3810//2943 869//731 868//730
f 3807//2940 868//730 867//729
f 3816//2949 3820//2953 3819//2952
f 3817//2950 3821//2954 3820//2953
f 3819//2952 3823//2956 3822//2955
f 3820//2953 3824//2957 3823//2956
f 175//175 3816//2949 699//561
f 1568//1427 3817//2950 3816//2949
f 1567//1426 3818//2951 3817//2950
f 1566//1425 1005//867 3818//2951
f 3818//2951 1006//868 3821//2954
f 3821//2954 1007//869 3824//2957
f 3824//2957 83//83 491//353
f 3823//2956 491//353 490//352
f 3822//2955 490//352 489//351
f 701//563 489//351 77//77
f 700//562 3822//2955 701//563
f 699//561 3819//2952 700//562
f 3825//2958 3829//2961 3828//355
f 3826//2959 3830//2961 3829//2961
f 3828//355 3832//2963 3831//2962
f 3829//2961 3833//2964 3832//2963
f 77//77 3825//2958 492//354
f 489//351 3826//2959 3825//2958
f 490//352 3827//2960 3826//2959
f 491//353 735//597 3827//2960
f 3827//2960 736//598 3830//2961
f 3830//2961 737//599 3833//2964
f 3833//2964 84//84 1166//1028
f 3832//2963 1166//1028 1165//1027
f 3831//2962 1165//1027 1164//1026
f 494//356 1164//1026 78//78
f 493//355 3831//2962 494//356
f 492//354 3828//355 493//355
f 3834//2965 3838//2969 3837//2968
f 3835//2966 3839//2970 3838//2969
f 3837//2968 3841//2972 3840//2971
f 3838//2969 3842//2973 3841//2972
f 78//78 3834//2965 1304//1166
f 1164//1026 3835//2966 3834//2965
f 1165//1027 3836//2967 3835//2966
f 1166//1028 749//611 3836//2967
f 3836//2967 748//610 3839//2970
f 3839//2970 747//609 3842//2973
f 3842//2973 79//79 647//509
f 3841//2972 647//509 646//508
f 3840//2971 646//508 645//507
f 1302//1164 645//507 73//73
f 1303//1165 3840//2971 1302//1164
f 1304//1166 3837//2968 1303//1165
f 3844//2975 3846//2977 3843//2974
f 3845//2976 3847//2978 3844//2975
f 3847//2978 3849//2980 3846//2977
f 3848//2979 3850//2981 3847//2978
f 1421//1283 930//792 159//159
f 1420//1282 3843//2974 1421//1283
f 1419//1281 3844//2975 1420//1282
f 165//165 3845//2976 1419//1281
f 1152//1014 3848//2979 3845//2976
f 1153//1015 3851//2982 3848//2979
f 1154//1016 584//446 3851//2982
f 3851//2982 583//445 3850//2981
f 3850//2981 582//444 3849//2980
f 3849//2980 80//80 932//794
f 3846//2977 932//794 931//793
f 3843//2974 931//793 930//792
f 3853//2984 3855//2986 3852//2983
f 3854//2985 3856//2987 3853//2984
f 3856//2987 3858//2989 3855//2986
f 3857//2988 3859//2990 3856//2987
f 582//444 570//432 80//80
f 583//445 3852//2983 582//444
f 584//446 3853//2984 583//445
f 86//86 3854//2985 584//446
f 921//783 3857//2988 3854//2985
f 922//784 3860//2991 3857//2988
f 923//785 506//368 3860//2991
f 3860//2991 505//367 3859//2990
f 3859//2990 504//366 3858//2989
f 3858//2989 81//81 572//434
f 3855//2986 572//434 571//433
f 3852//2983 571//433 570//432
f 3862//2993 3864//2995 3861//2992
f 3863//2994 3865//2996 3862//2993
f 3865//2996 3867//2998 3864//2995
f 3866//2997 3868//2999 3865//2996
f 504//366 1212//1074 81//81
f 505//367 3861//2992 504//366
f 506//368 3862//2993 505//367
f 87//87 3863//2994 506//368
f 723//585 3866//2997 3863//2994
f 724//586 3869//3000 3866//2997
f 725//587 1148//1010 3869//3000
f 3869//3000 1147//1009 3868//2999
f 3868//2999 1146//1008 3867//2998
f 3867//2998 82//82 1214//1076
f 3864//2995 1214//1076 1213//1075
f 3861//2992 1213//1075 1212//1074
f 3870//3001 3874//3005 3873//3004
f 3871//3002 3875//3006 3874//3005
f 3873//3004 3877//3008 3876//3007
f 3874//3005 3878//3009 3877//3008
f 183//183 3870//3001 1005//867
f 1565//1424 3871//3002 3870//3001
f 1564//1423 3872//3003 3871//3002
f 1563//1422 609//471 3872//3003
f 3872//3003 610//472 3875//3006
f 3875//3006 611//473 3878//3009
f 3878//3009 89//89 941//803
f 3877//3008 941//803 940//802
f 3876//3007 940//802 939//801
f 1007//869 939//801 83//83
f 1006//868 3876//3007 1007//869
f 1005//867 3873//3004 1006//868
f 3879//3010 3883//3013 3882//3013
f 3880//3011 3884//3013 3883//3013
f 3882//3013 3886//3015 3885//3014
f 3883//3013 3887//3016 3886//3015
f 83//83 3879//3010 735//597
f 939//801 3880//3011 3879//3010
f 940//802 3881//3012 3880//3011
f 941//803 1245//1107 3881//3012
f 3881//3012 1246//1108 3884//3013
f 3884//3013 1247//1109 3887//3016
f 3887//3016 90//90 635//497
f 3886//3015 635//497 634//496
f 3885//3014 634//496 633//495
f 737//599 633//495 84//84
f 736//598 3885//3014 737//599
f 735//597 3882//3013 736//598
f 3888//3017 3892//3021 3891//3020
f 3889//3018 3893//3022 3892//3021
f 3891//3020 3895//3024 3894//3023
f 3892//3021 3896//3025 3895//3024
f 84//84 3888//3017 749//611
f 633//495 3889//3018 3888//3017
f 634//496 3890//3019 3889//3018
f 635//497 1076//938 3890//3019
f 3890//3019 1075//937 3893//3022
f 3893//3022 1074//936 3896//3025
f 3896//3025 85//85 956//818
f 3895//3024 956//818 955//817
f 3894//3023 955//817 954//816
f 747//609 954//816 79//79
f 748//610 3894//3023 747//609
f 749//611 3891//3020 748//610
f 3898//3027 3900//3029 3897//3026
f 3899//3028 3901//3030 3898//3027
f 3901//3030 3903//3032 3900//3029
f 3902//3031 3904//3033 3901//3030
f 1418//1280 1152//1014 165//165
f 1417//1279 3897//3026 1418//1280
f 1416//1278 3898//3027 1417//1279
f 154//154 3899//3028 1416//1278
f 792//654 3902//3031 3899//3028
f 793//655 3905//3034 3902//3031
f 794//656 1091//953 3905//3034
f 3905//3034 1090//952 3904//3033
f 3904//3033 1089//951 3903//3032
f 3903//3032 86//86 1154//1016
f 3900//3029 1154//1016 1153//1015
f 3897//3026 1153//1015 1152//1014
f 3907//3036 3909//3038 3906//3035
f 3908//3037 3910//3039 3907//3036
f 3910//3039 3912//3041 3909//3038
f 3911//3040 3913//3042 3910//3039
f 1089//951 921//783 86//86
f 1090//952 3906//3035 1089//951
f 1091//953 3907//3036 1090//952
f 92//92 3908//3037 1091//953
f 630//492 3911//3040 3908//3037
f 631//493 3914//3043 3911//3040
f 632//494 872//734 3914//3043
f 3914//3043 871//733 3913//3042
f 3913//3042 870//732 3912//3041
f 3912//3041 87//87 923//785
f 3909//3038 923//785 922//784
f 3906//3035 922//784 921//783
f 3916//3045 3918//3047 3915//3044
f 3917//3046 3919//3048 3916//3045
f 3919//3048 3921//3050 3918//3047
f 3920//3049 3922//3051 3919//3048
f 870//732 723//585 87//87
f 871//733 3915//3044 870//732
f 872//734 3916//3045 871//733
f 93//93 3917//3046 872//734
f 1269//1131 3920//3049 3917//3046
f 1270//1132 3923//3052 3920//3049
f 1271//1133 734//596 3923//3052
f 3923//3052 733//595 3922//3051
f 3922//3051 732//594 3921//3050
f 3921//3050 88//88 725//587
f 3918//3047 725//587 724//586
f 3915//3044 724//586 723//585
f 3924//3053 3928//3057 3927//3056
f 3925//3054 3929//3058 3928//3057
f 3927//3056 3931//3060 3930//3059
f 3928//3057 3932//3061 3931//3060
f 172//172 3924//3053 609//471
f 1562//1421 3925//3054 3924//3053
f 1561//1420 3926//3055 3925//3054
f 1560//1419 1029//891 3926//3055
f 3926//3055 1030//892 3929//3058
f 3929//3058 1031//893 3932//3061
f 3932//3061 95//95 551//413
f 3931//3060 551//413 550//412
f 3930//3059 550//412 549//411
f 611//473 549//411 89//89
f 610//472 3930//3059 611//473
f 609//471 3927//3056 610//472
f 3933//3062 3937//3065 3936//3065
f 3934//3063 3938//715 3937//3065
f 3936//3065 3940//3067 3939//3066
f 3937//3065 3941//3068 3940//3067
f 89//89 3933//3062 1245//1107
f 549//411 3934//3063 3933//3062
f 550//412 3935//3064 3934//3063
f 551//413 852//714 3935//3064
f 3935//3064 853//715 3938//715
f 3938//715 854//716 3941//3068
f 3941//3068 96//96 1187//1049
f 3940//3067 1187//1049 1186//1048
f 3939//3066 1186//1048 1185//1047
f 1247//1109 1185//1047 90//90
f 1246//1108 3939//3066 1247//1109
f 1245//1107 3936//3065 1246//1108
f 3942//3069 3946//3073 3945//3072
f 3943//3070 3947//3074 3946//3073
f 3945//3072 3949//3076 3948//3075
f 3946//3073 3950//3077 3949//3076
f 90//90 3942//3069 1076//938
f 1185//1047 3943//3070 3942//3069
f 1186//1048 3944//3071 3943//3070
f 1187//1049 779//641 3944//3071
f 3944//3071 778//640 3947//3074
f 3947//3074 777//639 3950//3077
f 3950//3077 91//91 1262//1124
f 3949//3076 1262//1124 1261//1123
f 3948//3075 1261//1123 1260//1122
f 1074//936 1260//1122 85//85
f 1075//937 3948//3075 1074//936
f 1076//938 3945//3072 1075//937
f 3952//3079 3954//3081 3951//3078
f 3953//3080 3955//3082 3952//3079
f 3955//3082 3957//3084 3954//3081
f 3956//3083 3958//3085 3955//3082
f 1415//1277 792//654 154//154
f 1414//1276 3951//3078 1415//1277
f 1413//1275 3952//3079 1414//1276
f 166//166 3953//3080 1413//1275
f 1161//1023 3956//3083 3953//3080
f 1162//1024 3959//3086 3956//3083
f 1163//1025 1301//1163 3959//3086
f 3959//3086 1300//1162 3958//3085
f 3958//3085 1299//1161 3957//3084
f 3957//3084 92//92 794//656
f 3954//3081 794//656 793//655
f 3951//3078 793//655 792//654
f 3961//3088 3963//3090 3960//3087
f 3962//3089 3964//3091 3961//3088
f 3964//3091 3966//3093 3963//3090
f 3965//3092 3967//3094 3964//3091
f 1299//1161 630//492 92//92
f 1300//1162 3960//3087 1299//1161
f 1301//1163 3961//3088 1300//1162
f 98//98 3962//3089 1301//1163
f 531//393 3965//3092 3962//3089
f 532//394 3968//3095 3965//3092
f 533//395 1085//947 3968//3095
f 3968//3095 1084//946 3967//3094
f 3967//3094 1083//945 3966//3093
f 3966//3093 93//93 632//494
f 3963//3090 632//494 631//493
f 3960//3087 631//493 630//492
f 3970//3097 3972//3099 3969//3096
f 3971//3098 3973//3100 3970//3097
f 3973//3100 3975//3102 3972//3099
f 3974//3101 3976//3103 3973//3100
f 1083//945 1269//1131 93//93
f 1084//946 3969//3096 1083//945
f 1085//947 3970//3097 1084//946
f 99//99 3971//3098 1085//947
f 774//636 3974//3101 3971//3098
f 775//637 3977//3104 3974//3101
f 776//638 860//722 3977//3104
f 3977//3104 859//721 3976//3103
f 3976//3103 858//720 3975//3102
f 3975//3102 94//94 1271//1133
f 3972//3099 1271//1133 1270//1132
f 3969//3096 1270//1132 1269//1131
f 3978//3105 3982//3109 3981//3108
f 3979//3106 3983//3110 3982//3109
f 3981//3108 3985//3112 3984//3111
f 3982//3109 3986//3113 3985//3112
f 185//185 3978//3105 1029//891
f 1559//1418 3979//3106 3978//3105
f 1558//1417 3980//3107 3979//3106
f 1557//1416 909//771 3980//3107
f 3980//3107 910//772 3983//3110
f 3983//3110 911//773 3986//3113
f 3986//3113 101//101 683//545
f 3985//3112 683//545 682//544
f 3984//3111 682//544 681//543
f 1031//893 681//543 95//95
f 1030//892 3984//3111 1031//893
f 1029//891 3981//3108 1030//892
f 3987//3114 3991//3117 3990//3117
f 3988//3115 3992//3117 3991//3117
f 3990//3117 3994//3119 3993//3118
f 3991//3117 3995//3120 3994//3119
f 95//95 3987//3114 852//714
f 681//543 3988//3115 3987//3114
f 682//544 3989//3116 3988//3115
f 683//545 1122//984 3989//3116
f 3989//3116 1123//985 3992//3117
f 3992//3117 1124//986 3995//3120
f 3995//3120 102//102 767//629
f 3994//3119 767//629 766//628
f 3993//3118 766//628 765//627
f 854//716 765//627 96//96
f 853//715 3993//3118 854//716
f 852//714 3990//3117 853//715
f 3996//3121 4000//3125 3999//3124
f 3997//3122 4001//3126 4000//3125
f 3999//3124 4003//3128 4002//3127
f 4000//3125 4004//3129 4003//3128
f 96//96 3996//3121 779//641
f 765//627 3997//3122 3996//3121
f 766//628 3998//3123 3997//3122
f 767//629 1130//992 3998//3123
f 3998//3123 1129//991 4001//3126
f 4001//3126 1128//990 4004//3129
f 4004//3129 97//97 983//845
f 4003//3128 983//845 982//844
f 4002//3127 982//844 981//843
f 777//639 981//843 91//91
f 778//640 4002//3127 777//639
f 779//641 3999//3124 778//640
f 4006//3131 4008//3133 4005//3130
f 4007//3132 4009//3134 4006//3131
f 4009//3134 4011//3136 4008//3133
f 4010//3135 4012//3137 4009//3134
f 1412//1274 1161//1023 166//166
f 1411//1273 4005//3130 1412//1274
f 1410//1272 4006//3131 1411//1273
f 150//150 4007//3132 1410//1272
f 687//549 4010//3135 4007//3132
f 688//550 4013//3138 4010//3135
f 689//551 1094//956 4013//3138
f 4013//3138 1093//955 4012//3137
f 4012//3137 1092//954 4011//3136
f 4011//3136 98//98 1163//1025
f 4008//3133 1163//1025 1162//1024
f 4005//3130 1162//1024 1161//1023
f 4015//3140 4017//3142 4014//3139
f 4016//3141 4018//3143 4015//3140
f 4018//3143 4020//3145 4017//3142
f 4019//3144 4021//3146 4018//3143
f 1092//954 531//393 98//98
f 1093//955 4014//3139 1092//954
f 1094//956 4015//3140 1093//955
f 104//104 4016//3141 1094//956
f 855//717 4019//3144 4016//3141
f 856//718 4022//3147 4019//3144
f 857//719 473//335 4022//3147
f 4022//3147 472//334 4021//3146
f 4021//3146 471//333 4020//3145
f 4020//3145 99//99 533//395
f 4017//3142 533//395 532//394
f 4014//3139 532//394 531//393
f 4024//3149 4026//3151 4023//3148
f 4025//3150 4027//3152 4024//3149
f 4027//3152 4029//3154 4026//3151
f 4028//3153 4030//3155 4027//3152
f 471//333 774//636 99//99
f 472//334 4023//3148 471//333
f 473//335 4024//3149 472//334
f 105//105 4025//3150 473//335
f 1062//924 4028//3153 4025//3150
f 1063//925 4031//3156 4028//3153
f 1064//926 605//467 4031//3156
f 4031//3156 604//466 4030//3155
f 4030//3155 603//465 4029//3154
f 4029//3154 100//100 776//638
f 4026//3151 776//638 775//637
f 4023//3148 775//637 774//636
f 4032//3157 4036//3161 4035//3160
f 4033//3158 4037//3162 4036//3161
f 4035//3160 4039//3164 4038//3163
f 4036//3161 4040//3165 4039//3164
f 180//180 4032//3157 909//771
f 1556//1415 4033//3158 4032//3157
f 1555//1414 4034//3159 4033//3158
f 1554//1413 1281//1143 4034//3159
f 4034//3159 1282//1144 4037//3162
f 4037//3162 1283//1145 4040//3165
f 4040//3165 107//107 815//677
f 4039//3164 815//677 814//676
f 4038//3163 814//676 813//675
f 911//773 813//675 101//101
f 910//772 4038//3163 911//773
f 909//771 4035//3160 910//772
f 4041//3166 4045//985 4044//985
f 4042//3167 4046//526 4045//985
f 4044//985 4048//3170 4047//3169
f 4045//985 4049//3171 4048//3170
f 101//101 4041//3166 1122//984
f 813//675 4042//3167 4041//3166
f 814//676 4043//3168 4042//3167
f 815//677 663//525 4043//3168
f 4043//3168 664//526 4046//526
f 4046//526 665//527 4049//3171
f 4049//3171 108//108 1016//878
f 4048//3170 1016//878 1015//877
f 4047//3169 1015//877 1014//876
f 1124//986 1014//876 102//102
f 1123//985 4047//3169 1124//986
f 1122//984 4044//985 1123//985
f 4050//3172 4054//3176 4053//3175
f 4051//3173 4055//3177 4054//3176
f 4053//3175 4057//3179 4056//3178
f 4054//3176 4058//3180 4057//3179
f 102//102 4050//3172 1130//992
f 1014//876 4051//3173 4050//3172
f 1015//877 4052//3174 4051//3173
f 1016//878 614//476 4052//3174
f 4052//3174 613//475 4055//3177
f 4055//3177 612//474 4058//3180
f 4058//3180 103//103 920//782
f 4057//3179 920//782 919//781
f 4056//3178 919//781 918//780
f 1128//990 918//780 97//97
f 1129//991 4056//3178 1128//990
f 1130//992 4053//3175 1129//991
f 4060//3182 4062//3184 4059//3181
f 4061//3183 4063//3185 4060//3182
f 4063//3185 4065//3187 4062//3184
f 4064//3186 4066//3188 4063//3185
f 1409//1271 687//549 150//150
f 1408//1270 4059//3181 1409//1271
f 1407//1269 4060//3182 1408//1270
f 163//163 4061//3183 1407//1269
f 1086//948 4064//3186 4061//3183
f 1087//949 4067//3189 4064//3186
f 1088//950 530//392 4067//3189
f 4067//3189 529//391 4066//3188
f 4066//3188 528//390 4065//3187
f 4065//3187 104//104 689//551
f 4062//3184 689//551 688//550
f 4059//3181 688//550 687//549
f 4069//3191 4071//3193 4068//3190
f 4070//3192 4072//3194 4069//3191
f 4072//3194 4074//3196 4071//3193
f 4073//3195 4075//3197 4072//3194
f 528//390 855//717 104//104
f 529//391 4068//3190 528//390
f 530//392 4069//3191 529//391
f 110//110 4070//3192 530//392
f 1257//1119 4073//3195 4070//3192
f 1258//1120 4076//3198 4073//3195
f 1259//1121 803//665 4076//3198
f 4076//3198 802//664 4075//3197
f 4075//3197 801//663 4074//3196
f 4074//3196 105//105 857//719
f 4071//3193 857//719 856//718
f 4068//3190 856//718 855//717
f 4078//3200 4080//3202 4077//3199
f 4079//3201 4081//3203 4078//3200
f 4081//3203 4083//3205 4080//3202
f 4082//3204 4084//3206 4081//3203
f 801//663 1062//924 105//105
f 802//664 4077//3199 801//663
f 803//665 4078//3200 802//664
f 111//111 4079//3201 803//665
f 642//504 4082//3204 4079//3201
f 643//505 4085//3207 4082//3204
f 644//506 971//833 4085//3207
f 4085//3207 970//832 4084//3206
f 4084//3206 969//831 4083//3205
f 4083//3205 106//106 1064//926
f 4080//3202 1064//926 1063//925
f 4077//3199 1063//925 1062//924
f 4086//3208 4090//3212 4089//3211
f 4087//3209 4091//3213 4090//3212
f 4089//3211 4093//3215 4092//3214
f 4090//3212 4094//3216 4093//3215
f 192//192 4086//3208 1281//1143
f 1553//1412 4087//3209 4086//3208
f 1552//1411 4088//3210 4087//3209
f 1551//1410 1050//912 4088//3210
f 4088//3210 1051//913 4091//3213
f 4091//3213 1052//914 4094//3216
f 4094//3216 113//113 1208//1070
f 4093//3215 1208//1070 1207//1069
f 4092//3214 1207//1069 1206//1068
f 1283//1145 1206//1068 107//107
f 1282//1144 4092//3214 1283//1145
f 1281//1143 4089//3211 1282//1144
f 4095//3217 4099//3220 4098//3220
f 4096//3218 4100//3220 4099//3220
f 4098//3220 4102//3222 4101//3221
f 4099//3220 4103//3223 4102//3222
f 107//107 4095//3217 663//525
f 1206//1068 4096//3218 4095//3217
f 1207//1069 4097//3219 4096//3218
f 1208//1070 1236//1098 4097//3219
f 4097//3219 1237//1099 4100//3220
f 4100//3220 1238//1100 4103//3223
f 4103//3223 114//114 458//320
f 4102//3222 458//320 457//319
f 4101//3221 457//319 456//318
f 665//527 456//318 108//108
f 664//526 4101//3221 665//527
f 663//525 4098//3220 664//526
f 4104//3224 4108//3228 4107//3227
f 4105//3225 4109//3229 4108//3228
f 4107//3227 4111//3231 4110//3230
f 4108//3228 4112//3232 4111//3231
f 108//108 4104//3224 614//476
f 456//318 4105//3225 4104//3224
f 457//319 4106//3226 4105//3225
f 458//320 893//755 4106//3226
f 4106//3226 892//754 4109//3229
f 4109//3229 891//753 4112//3232
f 4112//3232 109//109 1244//1106
f 4111//3231 1244//1106 1243//1105
f 4110//3230 1243//1105 1242//1104
f 612//474 1242//1104 103//103
f 613//475 4110//3230 612//474
f 614//476 4107//3227 613//475
f 4114//3234 4116//3236 4113//3233
f 4115//3235 4117//3237 4114//3234
f 4117//3237 4119//3239 4116//3236
f 4118//3238 4120//3240 4117//3237
f 1406//1268 1086//948 163//163
f 1405//1267 4113//3233 1406//1268
f 1404//1266 4114//3234 1405//1267
f 156//156 4115//3235 1404//1266
f 861//723 4118//3238 4115//3235
f 862//724 4121//3241 4118//3238
f 863//725 890//752 4121//3241
f 4121//3241 889//751 4120//3240
f 4120//3240 888//750 4119//3239
f 4119//3239 110//110 1088//950
f 4116//3236 1088//950 1087//949
f 4113//3233 1087//949 1086//948
f 4123//3243 4125//3245 4122//3242
f 4124//3244 4126//3246 4123//3243
f 4126//3246 4128//3248 4125//3245
f 4127//3247 4129//3249 4126//3246
f 888//750 1257//1119 110//110
f 889//751 4122//3242 888//750
f 890//752 4123//3243 889//751
f 116//116 4124//3244 890//752
f 990//852 4127//3247 4124//3244
f 991//853 4130//3250 4127//3247
f 992//854 1121//983 4130//3250
f 4130//3250 1120//982 4129//3249
f 4129//3249 1119//981 4128//3248
f 4128//3248 111//111 1259//1121
f 4125//3245 1259//1121 1258//1120
f 4122//3242 1258//1120 1257//1119
f 4132//3252 4134//3254 4131//3251
f 4133//3253 4135//3255 4132//3252
f 4135//3255 4137//3257 4134//3254
f 4136//3256 4138//3258 4135//3255
f 1119//981 642//504 111//111
f 1120//982 4131//3251 1119//981
f 1121//983 4132//3252 1120//982
f 117//117 4133//3253 1121//983
f 1182//1044 4136//3256 4133//3253
f 1183//1045 4139//3259 4136//3256
f 1184//1046 641//503 4139//3259
f 4139//3259 640//502 4138//3258
f 4138//3258 639//501 4137//3257
f 4137//3257 112//112 644//506
f 4134//3254 644//506 643//505
f 4131//3251 643//505 642//504
f 4140//3260 4144//3264 4143//3263
f 4141//3261 4145//3265 4144//3264
f 4143//3263 4147//3267 4146//3266
f 4144//3264 4148//3268 4147//3267
f 186//186 4140//3260 1050//912
f 1550//1409 4141//3261 4140//3260
f 1549//1408 4142//3262 4141//3261
f 1548//1407 510//372 4142//3262
f 4142//3262 511//373 4145//3265
f 4145//3265 512//374 4148//3268
f 4148//3268 119//119 998//860
f 4147//3267 998//860 997//859
f 4146//3266 997//859 996//858
f 1052//914 996//858 113//113
f 1051//913 4146//3266 1052//914
f 1050//912 4143//3263 1051//913
f 4149//3269 4153//3272 4152//3272
f 4150//3270 4154//3272 4153//3272
f 4152//3272 4156//3274 4155//3273
f 4153//3272 4157//3275 4156//3274
f 113//113 4149//3269 1236//1098
f 996//858 4150//3270 4149//3269
f 997//859 4151//3271 4150//3270
f 998//860 744//606 4151//3271
f 4151//3271 745//607 4154//3272
f 4154//3272 746//608 4157//3275
f 4157//3275 120//120 1160//1022
f 4156//3274 1160//1022 1159//1021
f 4155//3273 1159//1021 1158//1020
f 1238//1100 1158//1020 114//114
f 1237//1099 4155//3273 1238//1100
f 1236//1098 4152//3272 1237//1099
f 4158//3276 4162//3280 4161//3279
f 4159//3277 4163//3281 4162//3280
f 4161//3279 4165//3283 4164//3282
f 4162//3280 4166//3284 4165//3283
f 114//114 4158//3276 893//755
f 1158//1020 4159//3277 4158//3276
f 1159//1021 4160//3278 4159//3277
f 1160//1022 764//626 4160//3278
f 4160//3278 763//625 4163//3281
f 4163//3281 762//624 4166//3284
f 4166//3284 115//115 662//524
f 4165//3283 662//524 661//523
f 4164//3282 661//523 660//522
f 891//753 660//522 109//109
f 892//754 4164//3282 891//753
f 893//755 4161//3279 892//754
f 4168//3286 4170//3288 4167//3285
f 4169//3287 4171//3289 4168//3286
f 4171//3289 4173//3291 4170//3288
f 4172//3290 4174//3292 4171//3289
f 1403//1265 861//723 156//156
f 1402//1264 4167//3285 1403//1265
f 1401//1263 4168//3286 1402//1264
f 168//168 4169//3287 1401//1263
f 1296//1158 4172//3290 4169//3287
f 1297//1159 4175//3293 4172//3290
f 1298//1160 692//554 4175//3293
f 4175//3293 691//553 4174//3292
f 4174//3292 690//552 4173//3291
f 4173//3291 116//116 863//725
f 4170//3288 863//725 862//724
f 4167//3285 862//724 861//723
f 4177//3295 4179//3297 4176//3294
f 4178//3296 4180//3298 4177//3295
f 4180//3298 4182//3300 4179//3297
f 4181//3299 4183//3301 4180//3298
f 690//552 990//852 116//116
f 691//553 4176//3294 690//552
f 692//554 4177//3295 691//553
f 122//122 4178//3296 692//554
f 669//531 4181//3299 4178//3296
f 670//532 4184//3302 4181//3299
f 671//533 896//758 4184//3302
f 4184//3302 895//757 4183//3301
f 4183//3301 894//756 4182//3300
f 4182//3300 117//117 992//854
f 4179//3297 992//854 991//853
f 4176//3294 991//853 990//852
f 4186//3304 4188//3306 4185//3303
f 4187//3305 4189//3307 4186//3304
f 4189//3307 4191//3309 4188//3306
f 4190//3308 4192//3310 4189//3307
f 894//756 1182//1044 117//117
f 895//757 4185//3303 894//756
f 896//758 4186//3304 895//757
f 123//123 4187//3305 896//758
f 900//762 4190//3308 4187//3305
f 901//763 4193//3311 4190//3308
f 902//764 1103//965 4193//3311
f 4193//3311 1102//964 4192//3310
f 4192//3310 1101//963 4191//3309
f 4191//3309 118//118 1184//1046
f 4188//3306 1184//1046 1183//1045
f 4185//3303 1183//1045 1182//1044
f 4194//3312 4198//3316 4197//3315
f 4195//3313 4199//3317 4198//3316
f 4197//3315 4201//3319 4200//3318
f 4198//3316 4202//3320 4201//3319
f 170//170 4194//3312 510//372
f 1547//1406 4195//3313 4194//3312
f 1546//1405 4196//3314 4195//3313
f 1545//1404 1110//972 4196//3314
f 4196//3314 1111//973 4199//3317
f 4199//3317 1112//974 4202//3320
f 4202//3320 125//125 479//341
f 4201//3319 479//341 478//340
f 4200//3318 478//340 477//339
f 512//374 477//339 119//119
f 511//373 4200//3318 512//374
f 510//372 4197//3315 511//373
f 4203//3321 4207//3324 4206//3324
f 4204//3322 4208//3324 4207//3324
f 4206//3324 4210//3326 4209//3325
f 4207//3324 4211//3327 4210//3326
f 119//119 4203//3321 744//606
f 477//339 4204//3322 4203//3321
f 478//340 4205//3323 4204//3322
f 479//341 1314//1176 4205//3323
f 4205//3323 1315//1177 4208//3324
f 4208//3324 1316//1178 4211//3327
f 4211//3327 126//126 791//653
f 4210//3326 791//653 790//652
f 4209//3325 790//652 789//651
f 746//608 789//651 120//120
f 745//607 4209//3325 746//608
f 744//606 4206//3324 745//607
f 4212//3328 4216//3332 4215//3331
f 4213//3329 4217//3333 4216//3332
f 4215//3331 4219//3335 4218//3334
f 4216//3332 4220//3336 4219//3335
f 120//120 4212//3328 764//626
f 789//651 4213//3329 4212//3328
f 790//652 4214//3330 4213//3329
f 791//653 1232//1094 4214//3330
f 4214//3330 1231//1093 4217//3333
f 4217//3333 1230//1092 4220//3336
f 4220//3336 121//121 542//404
f 4219//3335 542//404 541//403
f 4218//3334 541//403 540//402
f 762//624 540//402 115//115
f 763//625 4218//3334 762//624
f 764//626 4215//3331 763//625
f 4222//3338 4224//3340 4221//3337
f 4223//3339 4225//3341 4222//3338
f 4225//3341 4227//3343 4224//3340
f 4226//3342 4228//3344 4225//3341
f 1400//1262 1296//1158 168//168
f 1399//1261 4221//3337 1400//1262
f 1398//1260 4222//3338 1399//1261
f 157//157 4223//3339 1398//1260
f 885//747 4226//3342 4223//3339
f 886//748 4229//3345 4226//3342
f 887//749 1196//1058 4229//3345
f 4229//3345 1195//1057 4228//3344
f 4228//3344 1194//1056 4227//3343
f 4227//3343 122//122 1298//1160
f 4224//3340 1298//1160 1297//1159
f 4221//3337 1297//1159 1296//1158
f 4231//3347 4233//3349 4230//3346
f 4232//3348 4234//3350 4231//3347
f 4234//3350 4236//3352 4233//3349
f 4235//3351 4237//3353 4234//3350
f 1194//1056 669//531 122//122
f 1195//1057 4230//3346 1194//1056
f 1196//1058 4231//3347 1195//1057
f 128//128 4232//3348 1196//1058
f 720//582 4235//3351 4232//3348
f 721//583 4238//3354 4235//3351
f 722//584 590//452 4238//3354
f 4238//3354 589//451 4237//3353
f 4237//3353 588//450 4236//3352
f 4236//3352 123//123 671//533
f 4233//3349 671//533 670//532
f 4230//3346 670//532 669//531
f 4240//3356 4242//3358 4239//3355
f 4241//3357 4243//3359 4240//3356
f 4243//3359 4245//3361 4242//3358
f 4244//3360 4246//3362 4243//3359
f 588//450 900//762 123//123
f 589//451 4239//3355 588//450
f 590//452 4240//3356 589//451
f 129//129 4241//3357 590//452
f 516//378 4244//3360 4241//3357
f 517//379 4247//3363 4244//3360
f 518//380 908//770 4247//3363
f 4247//3363 907//769 4246//3362
f 4246//3362 906//768 4245//3361
f 4245//3361 124//124 902//764
f 4242//3358 902//764 901//763
f 4239//3355 901//763 900//762
f 4248//3364 4252//3368 4251//3367
f 4249//3365 4253//3369 4252//3368
f 4251//3367 4255//3371 4254//3370
f 4252//3368 4256//3372 4255//3371
f 187//187 4248//3364 1110//972
f 1544//1403 4249//3365 4248//3364
f 1543//1402 4250//3366 4249//3365
f 1542//1401 1149//1011 4250//3366
f 4250//3366 1150//1012 4253//3369
f 4253//3369 1151//1013 4256//3372
f 4256//3372 131//131 1109//971
f 4255//3371 1109//971 1108//970
f 4254//3370 1108//970 1107//969
f 1112//974 1107//969 125//125
f 1111//973 4254//3370 1112//974
f 1110//972 4251//3367 1111//973
f 4257//3373 4261//3376 4260//3376
f 4258//3374 4262//829 4261//3376
f 4260//3376 4264//3378 4263//3377
f 4261//3376 4265//3379 4264//3378
f 125//125 4257//3373 1314//1176
f 1107//969 4258//3374 4257//3373
f 1108//970 4259//3375 4258//3374
f 1109//971 966//828 4259//3375
f 4259//3375 967//829 4262//829
f 4262//829 968//830 4265//3379
f 4265//3379 132//132 455//317
f 4264//3378 455//317 454//316
f 4263//3377 454//316 453//315
f 1316//1178 453//315 126//126
f 1315//1177 4263//3377 1316//1178
f 1314//1176 4260//3376 1315//1177
f 4266//3380 4270//3384 4269//3383
f 4267//3381 4271//3385 4270//3384
f 4269//3383 4273//3387 4272//3386
f 4270//3384 4274//3388 4273//3387
f 126//126 4266//3380 1232//1094
f 453//315 4267//3381 4266//3380
f 454//316 4268//3382 4267//3381
f 455//317 929//791 4268//3382
f 4268//3382 928//790 4271//3385
f 4271//3385 927//789 4274//3388
f 4274//3388 127//127 1028//890
f 4273//3387 1028//890 1027//889
f 4272//3386 1027//889 1026//888
f 1230//1092 1026//888 121//121
f 1231//1093 4272//3386 1230//1092
f 1232//1094 4269//3383 1231//1093
f 4276//3390 4278//3392 4275//3389
f 4277//3391 4279//3393 4276//3390
f 4279//3393 4281//3395 4278//3392
f 4280//3394 4282//3396 4279//3393
f 1397//1259 885//747 157//157
f 1396//1258 4275//3389 1397//1259
f 1395//1257 4276//3390 1396//1258
f 167//167 4277//3391 1395//1257
f 1293//1155 4280//3394 4277//3391
f 1294//1156 4283//3397 4280//3394
f 1295//1157 509//371 4283//3397
f 4283//3397 508//370 4282//3396
f 4282//3396 507//369 4281//3395
f 4281//3395 128//128 887//749
f 4278//3392 887//749 886//748
f 4275//3389 886//748 885//747
f 4285//3399 4287//3401 4284//3398
f 4286//3400 4288//3402 4285//3399
f 4288//3402 4290//3404 4287//3401
f 4289//3403 4291//3405 4288//3402
f 507//369 720//582 128//128
f 508//370 4284//3398 507//369
f 509//371 4285//3399 508//370
f 134//134 4286//3400 509//371
f 1071//933 4289//3403 4286//3400
f 1072//934 4292//3406 4289//3403
f 1073//935 656//518 4292//3406
f 4292//3406 655//517 4291//3405
f 4291//3405 654//516 4290//3404
f 4290//3404 129//129 722//584
f 4287//3401 722//584 721//583
f 4284//3398 721//583 720//582
f 4294//3408 4296//3410 4293//3407
f 4295//3409 4297//3411 4294//3408
f 4297//3411 4299//3413 4296//3410
f 4298//3412 4300//3414 4297//3411
f 654//516 516//378 129//129
f 655//517 4293//3407 654//516
f 656//518 4294//3408 655//517
f 135//135 4295//3409 656//518
f 846//708 4298//3412 4295//3409
f 847//709 4301//3415 4298//3412
f 848//710 1280//1142 4301//3415
f 4301//3415 1279//1141 4300//3414
f 4300//3414 1278//1140 4299//3413
f 4299//3413 130//130 518//380
f 4296//3410 518//380 517//379
f 4293//3407 517//379 516//378
f 4302//3416 4306//3420 4305//3419
f 4303//3417 4307//3421 4306//3420
f 4305//3419 4309//3423 4308//3422
f 4306//3420 4310//3424 4309//3423
f 189//189 4302//3416 1149//1011
f 1541//1400 4303//3417 4302//3416
f 1540//1399 4304//3418 4303//3417
f 1539//1398 621//483 4304//3418
f 4304//3418 622//484 4307//3421
f 4307//3421 623//485 4310//3424
f 4310//3424 137//137 1061//923
f 4309//3423 1061//923 1060//922
f 4308//3422 1060//922 1059//921
f 1151//1013 1059//921 131//131
f 1150//1012 4308//3422 1151//1013
f 1149//1011 4305//3419 1150//1012
f 4311//3425 4315//3428 4314//3428
f 4312//3426 4316//3428 4315//3428
f 4314//3428 4318//3430 4317//3429
f 4315//3428 4319//3431 4318//3430
f 131//131 4311//3425 966//828
f 1059//921 4312//3426 4311//3425
f 1060//922 4313//3427 4312//3426
f 1061//923 1263//1125 4313//3427
f 4313//3427 1264//1126 4316//3428
f 4316//3428 1265//1127 4319//3431
f 4319//3431 138//138 788//650
f 4318//3430 788//650 787//649
f 4317//3429 787//649 786//648
f 968//830 786//648 132//132
f 967//829 4317//3429 968//830
f 966//828 4314//3428 967//829
f 4320//3432 4324//3436 4323//3435
f 4321//3433 4325//3437 4324//3436
f 4323//3435 4327//3439 4326//3438
f 4324//3436 4328//3440 4327//3439
f 132//132 4320//3432 929//791
f 786//648 4321//3433 4320//3432
f 787//649 4322//3434 4321//3433
f 788//650 1229//1091 4322//3434
f 4322//3434 1228//1090 4325//3437
f 4325//3437 1227//1089 4328//3440
f 4328//3440 133//133 695//557
f 4327//3439 695//557 694//556
f 4326//3438 694//556 693//555
f 927//789 693//555 127//127
f 928//790 4326//3438 927//789
f 929//791 4323//3435 928//790
f 4330//3442 4332//3444 4329//3441
f 4331//3443 4333//3445 4330//3442
f 4333//3445 4335//3447 4332//3444
f 4334//3446 4336//3448 4333//3445
f 1394//1256 1293//1155 167//167
f 1393//1255 4329//3441 1394//1256
f 1392//1254 4330//3442 1393//1255
f 153//153 4331//3443 1392//1254
f 771//633 4334//3446 4331//3443
f 772//634 4337//3449 4334//3446
f 773//635 1205//1067 4337//3449
f 4337//3449 1204//1066 4336//3448
f 4336//3448 1203//1065 4335//3447
f 4335//3447 134//134 1295//1157
f 4332//3444 1295//1157 1294//1156
f 4329//3441 1294//1156 1293//1155
f 4339//3451 4341//3453 4338//3450
f 4340//3452 4342//3454 4339//3451
f 4342//3454 4344//3456 4341//3453
f 4343//3455 4345//3457 4342//3454
f 1203//1065 1071//933 134//134
f 1204//1066 4338//3450 1203//1065
f 1205//1067 4339//3451 1204//1066
f 140//140 4340//3452 1205//1067
f 561//423 4343//3455 4340//3452
f 562//424 4346//3458 4343//3455
f 563//425 938//800 4346//3458
f 4346//3458 937//799 4345//3457
f 4345//3457 936//798 4344//3456
f 4344//3456 135//135 1073//935
f 4341//3453 1073//935 1072//934
f 4338//3450 1072//934 1071//933
f 4348//3460 4350//3462 4347//3459
f 4349//3461 4351//3463 4348//3460
f 4351//3463 4353//3465 4350//3462
f 4352//3464 4354//3466 4351//3463
f 936//798 846//708 135//135
f 937//799 4347//3459 936//798
f 938//800 4348//3460 937//799
f 141//141 4349//3461 938//800
f 1233//1095 4352//3464 4349//3461
f 1234//1096 4355//3467 4352//3464
f 1235//1097 719//581 4355//3467
f 4355//3467 718//580 4354//3466
f 4354//3466 717//579 4353//3465
f 4353//3465 136//136 848//710
f 4350//3462 848//710 847//709
f 4347//3459 847//709 846//708
f 4356//3468 4360//3472 4359//3471
f 4357//3469 4361//3473 4360//3472
f 4359//3471 4363//3475 4362//3474
f 4360//3472 4364//3476 4363//3475
f 173//173 4356//3468 621//483
f 1538//1397 4357//3469 4356//3468
f 1537//1396 4358//3470 4357//3469
f 1536//1395 1020//882 4358//3470
f 4358//3470 1021//883 4361//3473
f 4361//3473 1022//884 4364//3476
f 4364//3476 143//143 515//377
f 4363//3475 515//377 514//376
f 4362//3474 514//376 513//375
f 623//485 513//375 137//137
f 622//484 4362//3474 623//485
f 621//483 4359//3471 622//484
f 4365//3477 4369//1126 4368//1126
f 4366//3478 4370//568 4369//1126
f 4368//1126 4372//3481 4371//3480
f 4369//1126 4373//3482 4372//3481
f 137//137 4365//3477 1263//1125
f 513//375 4366//3478 4365//3477
f 514//376 4367//3479 4366//3478
f 515//377 705//567 4367//3479
f 4367//3479 706//568 4370//568
f 4370//568 707//569 4373//3482
f 4373//3482 144//144 1157//1019
f 4372//3481 1157//1019 1156//1018
f 4371//3480 1156//1018 1155//1017
f 1265//1127 1155//1017 138//138
f 1264//1126 4371//3480 1265//1127
f 1263//1125 4368//1126 1264//1126
f 4374//3483 4378//3487 4377//3486
f 4375//3484 4379//3488 4378//3487
f 4377//3486 4381//3490 4380//3489
f 4378//3487 4382//3491 4381//3490
f 138//138 4374//3483 1229//1091
f 1155//1017 4375//3484 4374//3483
f 1156//1018 4376//3485 4375//3484
f 1157//1019 818//680 4376//3485
f 4376//3485 817//679 4379//3488
f 4379//3488 816//678 4382//3491
f 4382//3491 139//139 581//443
f 4381//3490 581//443 580//442
f 4380//3489 580//442 579//441
f 1227//1089 579//441 133//133
f 1228//1090 4380//3489 1227//1089
f 1229//1091 4377//3486 1228//1090
f 4384//3493 4386//3495 4383//3492
f 4385//3494 4387//3496 4384//3493
f 4387//3496 4389//3498 4386//3495
f 4388//3497 4390//3499 4387//3496
f 1391//1253 771//633 153//153
f 1390//1252 4383//3492 1391//1253
f 1390//1252 4385//3494 4384//3493
f 1389//1251 678//540 4385//3494
f 4385//3494 679//541 4388//3497
f 4388//3497 680//542 4391//3500
f 4391//3500 2//2 810//672
f 4391//3500 811//673 4390//3499
f 4390//3499 812//674 4389//3498
f 4389//3498 140//140 773//635
f 4386//3495 773//635 772//634
f 4383//3492 772//634 771//633
f 4393//3502 4395//3504 4392//3501
f 4394//3503 4396//3505 4393//3502
f 4396//3505 4398//3507 4395//3504
f 4397//3506 4399//3508 4396//3505
f 812//674 561//423 140//140
f 811//673 4392//3501 812//674
f 810//672 4393//3502 811//673
f 810//672 1305//1167 4394//3503
f 1305//1167 4397//3506 4394//3503
f 1306//1168 4400//3509 4397//3506
f 1307//1169 600//462 4400//3509
f 4400//3509 601//463 4399//3508
f 4399//3508 602//464 4398//3507
f 4398//3507 141//141 563//425
f 4395//3504 563//425 562//424
f 4392//3501 562//424 561//423
f 4402//3511 4404//3513 4401//3510
f 4403//3512 4405//3514 4402//3511
f 4405//3514 4407//3516 4404//3513
f 4406//3515 4408//3517 4405//3514
f 602//464 1233//1095 141//141
f 601//463 4401//3510 602//464
f 600//462 4402//3511 601//463
f 3//3 4403//3512 600//462
f 1080//942 4406//3515 4403//3512
f 1081//943 4409//3518 4406//3515
f 1082//944 1143//1005 4409//3518
f 4409//3518 1144//1006 4408//3517
f 4408//3517 1145//1007 4407//3516
f 4407//3516 142//142 1235//1097
f 4404//3513 1235//1097 1234//1096
f 4401//3510 1234//1096 1233//1095
f 4410//3519 4414//3523 4413//3522
f 4411//3520 4415//3524 4414//3523
f 4413//3522 4417//3526 4416//3525
f 4414//3523 4418//3527 4417//3526
f 184//184 4410//3519 1020//882
f 1535//1394 4411//3520 4410//3519
f 1534//1393 4412//3521 4411//3520
f 179//179 4412//3521 1533//1392
f 4412//3521 865//727 4415//3524
f 4415//3524 866//728 4418//3527
f 4418//3527 5//5 1047//909
f 4417//3526 1047//909 1048//910
f 4416//3525 1048//910 1049//911
f 1022//884 1049//911 143//143
f 1021//883 4416//3525 1022//884
f 1020//882 4413//3522 1021//883
f 4419//3528 4423//3531 4422//3531
f 4420//3529 4424//3531 4423//3531
f 4422//3531 4426//3533 4425//3532
f 4423//3531 4427//3534 4426//3533
f 143//143 4419//3528 705//567
f 1049//911 4420//3529 4419//3528
f 1048//910 4421//3530 4420//3529
f 1047//909 606//468 4421//3530
f 606//468 4424//3531 4421//3530
f 607//469 4427//3534 4424//3531
f 608//470 831//693 4427//3534
f 4426//3533 831//693 832//694
f 4425//3532 832//694 833//695
f 707//569 833//695 144//144
f 706//568 4425//3532 707//569
f 705//567 4422//3531 706//568
f 4428//3535 4432//3539 4431//3538
f 4429//3536 4433//3540 4432//3539
f 4431//3538 4435//3542 4434//3541
f 4432//3539 4436//3543 4435//3542
f 144//144 4428//3535 818//680
f 833//695 4429//3536 4428//3535
f 832//694 4430//3537 4429//3536
f 6//6 4430//3537 831//693
f 620//482 4433//3540 4430//3537
f 619//481 4436//3543 4433//3540
f 618//480 1017//879 4436//3543
f 4436//3543 1018//880 4435//3542
f 4434//3541 1018//880 1019//881
f 816//678 1019//881 139//139
f 817//679 4434//3541 816//678
f 818//680 4431//3538 817//679
f 4438//3545 4440//3547 4437//3544
f 4438//3545 4442//3549 4441//3548
f 4441//3548 4443//3550 4440//3547
f 4441//3548 4445//3552 4444//3551
f 1019//881 1341//1203 139//139
f 1018//880 4437//3544 1019//881
f 1018//880 4439//3546 4438//3545
f 1017//879 1329//1191 4439//3546
f 4439//3546 1330//1192 4442//3549
f 4442//3549 1331//1193 4445//3552
f 4445//3552 149//149 1389//1251
f 4444//3551 1389//1251 1390//1252
f 4444//3551 1391//1253 4443//3550
f 4443//3550 153//153 1343//1205
f 4440//3547 1343//1205 1342//1204
f 4437//3544 1342//1204 1341//1203
f 4447//3554 4449//3556 4446//3553
f 4447//3554 4451//3558 4450//3557
f 4450//3557 4452//3559 4449//3556
f 4450//3557 4454//3561 4453//3560
f 133//133 4446//3553 1383//1245
f 580//442 4446//3553 579//441
f 581//443 4447//3554 580//442
f 581//443 1341//1203 4448//3555
f 4448//3555 1342//1204 4451//3558
f 4451//3558 1343//1205 4454//3561
f 4454//3561 153//153 1392//1254
f 4453//3560 1392//1254 1393//1255
f 4453//3560 1394//1256 4452//3559
f 4452//3559 167//167 1385//1247
f 4449//3556 1385//1247 1384//1246
f 4446//3553 1384//1246 1383//1245
f 4456//3563 4458//3565 4455//3562
f 4457//3564 4459//3566 4456//3563
f 4459//3566 4461//3568 4458//3565
f 4459//3566 4463//3570 4462//3569
f 693//555 1353//1215 127//127
f 694//556 4455//3562 693//555
f 694//556 4457//3564 4456//3563
f 695//557 1383//1245 4457//3564
f 4457//3564 1384//1246 4460//3567
f 4460//3567 1385//1247 4463//3570
f 4463//3570 167//167 1395//1257
f 4462//3569 1395//1257 1396//1258
f 4462//3569 1397//1259 4461//3568
f 4461//3568 157//157 1355//1217
f 4458//3565 1355//1217 1354//1216
f 4455//3562 1354//1216 1353//1215
f 4465//3572 4467//3574 4464//3571
f 4465//3572 4469//3576 4468//3575
f 4468//3575 4470//3577 4467//3574
f 4468//3575 4472//3579 4471//3578
f 1026//888 1386//1248 121//121
f 1027//889 4464//3571 1026//888
f 1028//890 4465//3572 1027//889
f 1028//890 1353//1215 4466//3573
f 1353//1215 4469//3576 4466//3573
f 4469//3576 1355//1217 4472//3579
f 4472//3579 157//157 1398//1260
f 4471//3578 1398//1260 1399//1261
f 4470//3577 1399//1261 1400//1262
f 4470//3577 168//168 1388//1250
f 4467//3574 1388//1250 1387//1249
f 4464//3571 1387//1249 1386//1248
f 4474//3581 4476//3583 4473//3580
f 4474//3581 4478//3585 4477//3584
f 4477//3584 4479//3586 4476//3583
f 4477//3584 4481//3588 4480//3587
f 540//402 1350//1212 115//115
f 541//403 4473//3580 540//402
f 541//403 4475//3582 4474//3581
f 542//404 1386//1248 4475//3582
f 4475//3582 1387//1249 4478//3585
f 4478//3585 1388//1250 4481//3588
f 4481//3588 168//168 1401//1263
f 4480//3587 1401//1263 1402//1264
f 4480//3587 1403//1265 4479//3586
f 4479//3586 156//156 1352//1214
f 4476//3583 1352//1214 1351//1213
f 4473//3580 1351//1213 1350//1212
f 4483//3590 4485//3592 4482//3589
f 4484//3591 4486//3593 4483//3590
f 4486//3593 4488//3595 4485//3592
f 4486//3593 4490//3597 4489//3596
f 660//522 1371//1233 109//109
f 661//523 4482//3589 660//522
f 661//523 4484//3591 4483//3590
f 662//524 1350//1212 4484//3591
f 4484//3591 1351//1213 4487//3594
f 4487//3594 1352//1214 4490//3597
f 4490//3597 156//156 1404//1266
f 4489//3596 1404//1266 1405//1267
f 4489//3596 1406//1268 4488//3595
f 4488//3595 163//163 1373//1235
f 4485//3592 1373//1235 1372//1234
f 4482//3589 1372//1234 1371//1233
f 4492//3599 4494//3601 4491//3598
f 4492//3599 4496//3603 4495//3602
f 4495//3602 4497//3604 4494//3601
f 4495//3602 4499//3606 4498//3605
f 1242//1104 1332//1194 103//103
f 1243//1105 4491//3598 1242//1104
f 1243//1105 4493//3600 4492//3599
f 1244//1106 1371//1233 4493//3600
f 4493//3600 1372//1234 4496//3603
f 4496//3603 1373//1235 4499//3606
f 4499//3606 163//163 1407//1269
f 4498//3605 1407//1269 1408//1270
f 4498//3605 1409//1271 4497//3604
f 4497//3604 150//150 1334//1196
f 4494//3601 1334//1196 1333//1195
f 4491//3598 1333//1195 1332//1194
f 4500//3607 4504//3611 4503//3610
f 4501//3608 4505//3612 4504//3611
f 4504//3611 4506//3613 4503//3610
f 4504//3611 4508//3615 4507//3614
f 918//780 1380//1242 97//97
f 919//781 4500//3607 918//780
f 920//782 4501//3608 919//781
f 103//103 4502//3609 920//782
f 4502//3609 1333//1195 4505//3612
f 4505//3612 1334//1196 4508//3615
f 4508//3615 150//150 1410//1272
f 4507//3614 1410//1272 1411//1273
f 4507//3614 1412//1274 4506//3613
f 4506//3613 166//166 1382//1244
f 4503//3610 1382//1244 1381//1243
f 4500//3607 1381//1243 1380//1242
f 4510//3617 4512//3619 4509//3616
f 4510//3617 4514//3621 4513//3620
f 4513//3620 4515//3622 4512//3619
f 4513//3620 4517//3624 4516//3623
f 981//843 1344//1206 91//91
f 982//844 4509//3616 981//843
f 982//844 4511//3618 4510//3617
f 983//845 1380//1242 4511//3618
f 4511//3618 1381//1243 4514//3621
f 4514//3621 1382//1244 4517//3624
f 4517//3624 166//166 1413//1275
f 4516//3623 1413//1275 1414//1276
f 4516//3623 1415//1277 4515//3622
f 4515//3622 154//154 1346//1208
f 4512//3619 1346//1208 1345//1207
f 4509//3616 1345//1207 1344//1206
f 4518//3625 4522//3629 4521//3628
f 4519//3626 4523//3630 4522//3629
f 4522//3629 4524//3631 4521//3628
f 4522//3629 4526//3633 4525//3632
f 1260//1122 1377//1239 85//85
f 1261//1123 4518//3625 1260//1122
f 1262//1124 4519//3626 1261//1123
f 91//91 4520//3627 1262//1124
f 4520//3627 1345//1207 4523//3630
f 4523//3630 1346//1208 4526//3633
f 4526//3633 154//154 1416//1278
f 4525//3632 1416//1278 1417//1279
f 4525//3632 1418//1280 4524//3631
f 4524//3631 165//165 1379//1241
f 4521//3628 1379//1241 1378//1240
f 4518//3625 1378//1240 1377//1239
f 4528//3635 4530//3637 4527//3634
f 4529//3636 4531//3638 4528//3635
f 4531//3638 4533//3640 4530//3637
f 4531//3638 4535//3642 4534//3641
f 954//816 1359//1221 79//79
f 955//817 4527//3634 954//816
f 955//817 4529//3636 4528//3635
f 956//818 1377//1239 4529//3636
f 4529//3636 1378//1240 4532//3639
f 4532//3639 1379//1241 4535//3642
f 4535//3642 165//165 1419//1281
f 4534//3641 1419//1281 1420//1282
f 4534//3641 1421//1283 4533//3640
f 4533//3640 159//159 1361//1223
f 4530//3637 1361//1223 1360//1222
f 4527//3634 1360//1222 1359//1221
f 4537//3644 4539//3646 4536//3643
f 4537//3644 4541//3648 4540//3647
f 4540//3647 4542//3649 4539//3646
f 4540//3647 4544//3651 4543//3650
f 645//507 1320//1182 73//73
f 646//508 4536//3643 645//507
f 646//508 4538//3645 4537//3644
f 79//79 4538//3645 647//509
f 4538//3645 1360//1222 4541//3648
f 4541//3648 1361//1223 4544//3651
f 4544//3651 159//159 1422//1284
f 4543//3650 1422//1284 1423//1285
f 4543//3650 1424//1286 4542//3649
f 4542//3649 146//146 1322//1184
f 4539//3646 1322//1184 1321//1183
f 4536//3643 1321//1183 1320//1182
f 4546//3653 4548//3655 4545//3652
f 4546//3653 4550//3657 4549//3656
f 4549//3656 4551//3658 4548//3655
f 4549//3656 4553//3660 4552//3659
f 1167//1029 1365//1227 67//67
f 1168//1030 4545//3652 1167//1029
f 1168//1030 4547//3654 4546//3653
f 1169//1031 1320//1182 4547//3654
f 4547//3654 1321//1183 4550//3657
f 4550//3657 1322//1184 4553//3660
f 4553//3660 146//146 1425//1287
f 4552//3659 1425//1287 1426//1288
f 4552//3659 1427//1289 4551//3658
f 4551//3658 161//161 1367//1229
f 4548//3655 1367//1229 1366//1228
f 4545//3652 1366//1228 1365//1227
f 4555//3662 4557//3664 4554//3661
f 4555//3662 4559//3666 4558//3665
f 4558//3665 4560//3667 4557//3664
f 4558//3665 4562//3669 4561//3668
f 552//414 1338//1200 61//61
f 553//415 4554//3661 552//414
f 553//415 4556//3663 4555//3662
f 554//416 1365//1227 4556//3663
f 4556//3663 1366//1228 4559//3666
f 4559//3666 1367//1229 4562//3669
f 4562//3669 161//161 1428//1290
f 4561//3668 1428//1290 1429//1291
f 4561//3668 1430//1292 4560//3667
f 4560//3667 152//152 1340//1202
f 4557//3664 1340//1202 1339//1201
f 4554//3661 1339//1201 1338//1200
f 4564//3671 4566//3673 4563//3670
f 4565//3672 4567//3674 4564//3671
f 4567//3674 4569//3676 4566//3673
f 4567//3674 4571//3678 4570//3677
f 804//666 1374//1236 55//55
f 805//667 4563//3670 804//666
f 805//667 4565//3672 4564//3671
f 806//668 1338//1200 4565//3672
f 4565//3672 1339//1201 4568//3675
f 4568//3675 1340//1202 4571//3678
f 4571//3678 152//152 1431//1293
f 4571//3678 1432//1294 4570//3677
f 4570//3677 1433//1295 4569//3676
f 4569//3676 164//164 1376//1238
f 4566//3673 1376//1238 1375//1237
f 4563//3670 1375//1237 1374//1236
f 4572//3679 4576//3683 4575//3682
f 4574//3681 4576//3683 4573//3680
f 4576//3683 4578//3685 4575//3682
f 4577//3684 4579//3686 4576//3683
f 1284//1146 1335//1197 49//49
f 1285//1147 4572//3679 1284//1146
f 1286//1148 4573//3680 1285//1147
f 1286//1148 1374//1236 4574//3681
f 4574//3681 1375//1237 4577//3684
f 4577//3684 1376//1238 4580//3687
f 4580//3687 164//164 1434//1296
f 4579//3686 1434//1296 1435//1297
f 4579//3686 1436//1298 4578//3685
f 4578//3685 151//151 1337//1199
f 4575//3682 1337//1199 1336//1198
f 1335//1197 4575//3682 1336//1198
f 4582//3689 4584//3691 4581//3688
f 4583//3690 4585//3692 4582//3689
f 4585//3692 4587//3694 4584//3691
f 4585//3692 4589//3696 4588//3695
f 684//546 1356//1218 43//43
f 685//547 4581//3688 684//546
f 685//547 4583//3690 4582//3689
f 686//548 1335//1197 4583//3690
f 4583//3690 1336//1198 4586//3693
f 4586//3693 1337//1199 4589//3696
f 4589//3696 151//151 1437//1299
f 4588//3695 1437//1299 1438//1300
f 4588//3695 1439//1301 4587//3694
f 4587//3694 158//158 1358//1220
f 4584//3691 1358//1220 1357//1219
f 4581//3688 1357//1219 1356//1218
f 4591//3698 4593//3700 4590//3697
f 4591//3698 4595//3702 4594//3701
f 4594//3701 4596//3703 4593//3700
f 4594//3701 4598//3705 4597//3704
f 1170//1032 1326//1188 37//37
f 1171//1033 4590//3697 1170//1032
f 1172//1034 4591//3698 1171//1033
f 43//43 4592//3699 1172//1034
f 4592//3699 1357//1219 4595//3702
f 4595//3702 1358//1220 4598//3705
f 4598//3705 158//158 1440//1302
f 4597//3704 1440//1302 1441//1303
f 4597//3704 1442//1304 4596//3703
f 4596//3703 148//148 1328//1190
f 4593//3700 1328//1190 1327//1189
f 4590//3697 1327//1189 1326//1188
f 4600//3707 4602//3709 4599//3706
f 4600//3707 4604//3711 4603//3710
f 4603//3710 4605//3712 4602//3709
f 4603//3710 4607//3714 4606//3713
f 756//618 1362//1224 31//31
f 757//619 4599//3706 756//618
f 757//619 4601//3708 4600//3707
f 758//620 1326//1188 4601//3708
f 4601//3708 1327//1189 4604//3711
f 4604//3711 1328//1190 4607//3714
f 4607//3714 148//148 1443//1305
f 4606//3713 1443//1305 1444//1306
f 4606//3713 1445//1307 4605//3712
f 4605//3712 160//160 1364//1226
f 4602//3709 1364//1226 1363//1225
f 4599//3706 1363//1225 1362//1224
f 4609//3716 4611//3718 4608//3715
f 4609//3716 4613//3720 4612//3719
f 4612//3719 4614//3721 4611//3718
f 4612//3719 4616//3723 4615//3722
f 627//489 1317//1179 25//25
f 627//489 4609//3716 4608//3715
f 628//490 4610//3717 4609//3716
f 31//31 4610//3717 629//491
f 4610//3717 1363//1225 4613//3720
f 4613//3720 1364//1226 4616//3723
f 4616//3723 160//160 1446//1308
f 4615//3722 1446//1308 1447//1309
f 4615//3722 1448//1310 4614//3721
f 4614//3721 145//145 1319//1181
f 4611//3718 1319//1181 1318//1180
f 4608//3715 1318//1180 1317//1179
f 4618//3725 4620//3727 4617//3724
f 4619//3726 4621//3728 4618//3725
f 4621//3728 4623//3730 4620//3727
f 4621//3728 4625//3732 4624//3731
f 1023//885 1347//1209 19//19
f 1023//885 4618//3725 4617//3724
f 1024//886 4619//3726 4618//3725
f 1025//887 1317//1179 4619//3726
f 4619//3726 1318//1180 4622//3729
f 4622//3729 1319//1181 4625//3732
f 4625//3732 145//145 1449//1311
f 4624//3731 1449//1311 1450//1312
f 4624//3731 1451//1313 4623//3730
f 4623//3730 155//155 1349//1211
f 4620//3727 1349//1211 1348//1210
f 1347//1209 4620//3727 1348//1210
f 4626//3733 4630//3737 4629//3736
f 4627//3734 4631//3738 4630//3737
f 4630//3737 4632//3739 4629//3736
f 4630//3737 4634//3741 4633//3740
f 651//513 1323//1185 13//13
f 652//514 4626//3733 651//513
f 652//514 4628//3735 4627//3734
f 653//515 1347//1209 4628//3735
f 4628//3735 1348//1210 4631//3738
f 4631//3738 1349//1211 4634//3741
f 4634//3741 155//155 1452//1314
f 4633//3740 1452//1314 1453//1315
f 4633//3740 1454//1316 4632//3739
f 4632//3739 147//147 1325//1187
f 4629//3736 1325//1187 1324//1186
f 4626//3733 1324//1186 1323//1185
f 4636//3743 4638//3745 4635//3742
f 4636//3743 4640//3747 4639//3746
f 4639//3746 4641//3748 4638//3745
f 4639//3746 4643//3750 4642//3749
f 1179//1041 1368//1230 7//7
f 1180//1042 4635//3742 1179//1041
f 1180//1042 4637//3744 4636//3743
f 1181//1043 1323//1185 4637//3744
f 4637//3744 1324//1186 4640//3747
f 4640//3747 1325//1187 4643//3750
f 4643//3750 147//147 1455//1317
f 4642//3749 1455//1317 1456//1318
f 4642//3749 1457//1319 4641//3748
f 4641//3748 162//162 1370//1232
f 4638//3745 1370//1232 1369//1231
f 4635//3742 1369//1231 1368//1230
f 4645//3752 4647//3754 4644//3751
f 4645//3752 4649//3756 4648//3755
f 4648//3755 4650//3757 4647//3754
f 4648//3755 4652//3759 4651//3758
f 840//702 1329//1191 1//1
f 841//703 4644//3751 840//702
f 841//703 4646//3753 4645//3752
f 842//704 1368//1230 4646//3753
f 4646//3753 1369//1231 4649//3756
f 4649//3756 1370//1232 4652//3759
f 4652//3759 162//162 1458//1320
f 4651//3758 1458//1320 1459//1321
f 4651//3758 1460//1322 4650//3757
f 4650//3757 149//149 1331//1193
f 4647//3754 1331//1193 1330//1192
f 4644//3751 1330//1192 1329//1191
f 4653//3760 4657//3764 4656//3763
f 4655//3762 4657//3764 4654//3761
f 4656//3763 4660//3767 4659//3766
f 4658//3765 4660//3767 4657//3764
f 142//142 4653//3760 1506//1365
f 1145//1007 4654//3761 4653//3760
f 1143//1005 4654//3761 1144//1006
f 4//4 4655//3762 1143//1005
f 1491//1351 4658//3765 4655//3762
f 1492//1352 4661//3768 4658//3765
f 1493//1353 1533//1392 4661//3768
f 4661//3768 1534//1393 4660//3767
f 4659//3766 1534//1393 1535//1394
f 1508//1367 1535//1394 184//184
f 1507//1366 4659//3766 1508//1367
f 1506//1365 4656//3763 1507//1366
f 4662//3769 4666//3773 4665//3772
f 4663//3770 4667//3774 4666//3773
f 4665//3772 4669//3776 4668//3775
f 4666//3773 4670//3777 4669//3776
f 136//136 4662//3769 1473//1333
f 717//579 4663//3770 4662//3769
f 718//580 4664//3771 4663//3770
f 719//581 1506//1365 4664//3771
f 4664//3771 1507//1366 4667//3774
f 4667//3774 1508//1367 4670//3777
f 4670//3777 184//184 1536//1395
f 4669//3776 1536//1395 1537//1396
f 4668//3775 1537//1396 1538//1397
f 1475//1335 1538//1397 173//173
f 1474//1334 4668//3775 1475//1335
f 1473//1333 4665//3772 1474//1334
f 4671//3778 4675//3782 4674//3781
f 4672//3779 4676//3678 4675//3782
f 4674//3781 4678//3784 4677//3783
f 4675//3782 4679//3785 4678//3784
f 130//130 4671//3778 1521//1380
f 1278//1140 4672//3779 4671//3778
f 1279//1141 4673//3780 4672//3779
f 1280//1142 1473//1333 4673//3780
f 4673//3780 1474//1334 4676//3678
f 4676//3678 1475//1335 4679//3785
f 4679//3785 173//173 1539//1398
f 4678//3784 1539//1398 1540//1399
f 4677//3783 1540//1399 1541//1400
f 1523//1382 1541//1400 189//189
f 1522//1381 4677//3783 1523//1382
f 1521//1380 4674//3781 1522//1381
f 4680//3679 4684//3789 4683//3788
f 4681//3786 4685//3790 4684//3789
f 4683//3788 4687//3792 4686//3791
f 4684//3789 4688//3793 4687//3792
f 124//124 4680//3679 1515//1374
f 906//768 4681//3786 4680//3679
f 907//769 4682//3787 4681//3786
f 908//770 1521//1380 4682//3787
f 4682//3787 1522//1381 4685//3790
f 4685//3790 1523//1382 4688//3793
f 4688//3793 189//189 1542//1401
f 4687//3792 1542//1401 1543//1402
f 4686//3791 1543//1402 1544//1403
f 1517//1376 1544//1403 187//187
f 1516//1375 4686//3791 1517//1376
f 1515//1374 4683//3788 1516//1375
f 4689//3794 4693//3798 4692//3797
f 4690//3795 4694//3799 4693//3798
f 4692//3797 4696//3801 4695//3800
f 4693//3798 4697//3802 4696//3801
f 118//118 4689//3794 1464//1326
f 1101//963 4690//3795 4689//3794
f 1102//964 4691//3796 4690//3795
f 1103//965 1515//1374 4691//3796
f 4691//3796 1516//1375 4694//3799
f 4694//3799 1517//1376 4697//3802
f 4697//3802 187//187 1545//1404
f 4696//3801 1545//1404 1546//1405
f 4695//3800 1546//1405 1547//1406
f 1466//1328 1547//1406 170//170
f 1465//1327 4695//3800 1466//1328
f 1464//1326 4692//3797 1465//1327
f 4698//3803 4702//3807 4701//3806
f 4699//3804 4703//3808 4702//3807
f 4701//3806 4705//3810 4704//3809
f 4702//3807 4706//3811 4705//3810
f 112//112 4698//3803 1512//1371
f 639//501 4699//3804 4698//3803
f 640//502 4700//3805 4699//3804
f 641//503 1464//1326 4700//3805
f 4700//3805 1465//1327 4703//3808
f 4703//3808 1466//1328 4706//3811
f 4706//3811 170//170 1548//1407
f 4705//3810 1548//1407 1549//1408
f 4704//3809 1549//1408 1550//1409
f 1514//1373 1550//1409 186//186
f 1513//1372 4704//3809 1514//1373
f 1512//1371 4701//3806 1513//1372
f 4707//3812 4711//3816 4710//3815
f 4708//3813 4712//3817 4711//3816
f 4710//3815 4714//3819 4713//3818
f 4711//3816 4715//3820 4714//3819
f 106//106 4707//3812 1530//1389
f 969//831 4708//3813 4707//3812
f 970//832 4709//3814 4708//3813
f 971//833 1512//1371 4709//3814
f 4709//3814 1513//1372 4712//3817
f 4712//3817 1514//1373 4715//3820
f 4715//3820 186//186 1551//1410
f 4714//3819 1551//1410 1552//1411
f 4713//3818 1552//1411 1553//1412
f 1532//1391 1553//1412 192//192
f 1531//1390 4713//3818 1532//1391
f 1530//1389 4710//3815 1531//1390
f 4716//3821 4720//3825 4719//3824
f 4717//3822 4721//3826 4720//3825
f 4719//3824 4723//3828 4722//3827
f 4720//3825 4724//3829 4723//3828
f 100//100 4716//3821 1494//1354
f 603//465 4717//3822 4716//3821
f 604//466 4718//3823 4717//3822
f 605//467 1530//1389 4718//3823
f 4718//3823 1531//1390 4721//3826
f 4721//3826 1532//1391 4724//3829
f 4724//3829 192//192 1554//1413
f 4723//3828 1554//1413 1555//1414
f 4722//3827 1555//1414 1556//1415
f 1496//1356 1556//1415 180//180
f 1495//1355 4722//3827 1496//1356
f 1494//1354 4719//3824 1495//1355
f 4725//3830 4729//3834 4728//3833
f 4726//3831 4730//3835 4729//3834
f 4728//3833 4732//3837 4731//3836
f 4729//3834 4733//3838 4732//3837
f 94//94 4725//3830 1509//1368
f 858//720 4726//3831 4725//3830
f 859//721 4727//3832 4726//3831
f 860//722 1494//1354 4727//3832
f 4727//3832 1495//1355 4730//3835
f 4730//3835 1496//1356 4733//3838
f 4733//3838 180//180 1557//1416
f 4732//3837 1557//1416 1558//1417
f 4731//3836 1558//1417 1559//1418
f 1511//1370 1559//1418 185//185
f 1510//1369 4731//3836 1511//1370
f 1509//1368 4728//3833 1510//1369
f 4734//3839 4738//3840 4737//3842
f 4735//3840 4739//3843 4738//3840
f 4737//3842 4741//3840 4740//3844
f 4738//3840 4742//3845 4741//3840
f 88//88 4734//3839 1470//1331
f 732//594 4735//3840 4734//3839
f 733//595 4736//3841 4735//3840
f 734//596 1509//1368 4736//3841
f 4736//3841 1510//1369 4739//3843
f 4739//3843 1511//1370 4742//3845
f 4742//3845 185//185 1560//1419
f 4741//3840 1560//1419 1561//1420
f 4740//3844 1561//1420 1562//1421
f 1472//1332 1562//1421 172//172
f 1471//1332 4740//3844 1472//1332
f 1470//1331 4737//3842 1471//1332
f 4743//3846 4747//3850 4746//3849
f 4744//3847 4748//3851 4747//3850
f 4746//3849 4750//3853 4749//3852
f 4747//3850 4751//3854 4750//3853
f 82//82 4743//3846 1503//1362
f 1146//1008 4744//3847 4743//3846
f 1147//1009 4745//3848 4744//3847
f 1148//1010 1470//1331 4745//3848
f 4745//3848 1471//1332 4748//3851
f 4748//3851 1472//1332 4751//3854
f 4751//3854 172//172 1563//1422
f 4750//3853 1563//1422 1564//1423
f 4749//3852 1564//1423 1565//1424
f 1505//1364 1565//1424 183//183
f 1504//1363 4749//3852 1505//1364
f 1503//1362 4746//3849 1504//1363
f 4752//3855 4756//3859 4755//3858
f 4753//3856 4757//3860 4756//3859
f 4755//3858 4759//3862 4758//3861
f 4756//3859 4760//3863 4759//3862
f 76//76 4752//3855 1479//1339
f 726//588 4753//3856 4752//3855
f 727//589 4754//3857 4753//3856
f 728//590 1503//1362 4754//3857
f 4754//3857 1504//1363 4757//3860
f 4757//3860 1505//1364 4760//3863
f 4760//3863 183//183 1566//1425
f 4759//3862 1566//1425 1567//1426
f 4758//3861 1567//1426 1568//1427
f 1481//1341 1568//1427 175//175
f 1480//1340 4758//3861 1481//1341
f 1479//1339 4755//3858 1480//1340
f 4762//3865 4764//3867 4761//3864
f 4763//3866 4765//3868 4762//3865
f 4765//3868 4767//3870 4764//3867
f 4766//3869 4768//3871 4765//3868
f 459//321 1518//1377 70//70
f 460//322 4761//3864 459//321
f 461//323 4762//3865 460//322
f 76//76 4763//3866 461//323
f 1479//1339 4766//3869 4763//3866
f 1480//1340 4769//3872 4766//3869
f 1481//1341 1569//1428 4769//3872
f 4769//3872 1570//1429 4768//3871
f 4768//3871 1571//1430 4767//3870
f 4767//3870 188//188 1520//1379
f 4764//3867 1520//1379 1519//1378
f 4761//3864 1519//1378 1518//1377
f 4771//3874 4773//3876 4770//3873
f 4772//3875 4774//3877 4771//3874
f 4774//3877 4776//3879 4773//3876
f 4775//3878 4777//3880 4774//3877
f 1248//1110 1467//1329 64//64
f 1249//1111 4770//3873 1248//1110
f 1250//1112 4771//3874 1249//1111
f 70//70 4772//3875 1250//1112
f 1518//1377 4775//3878 4772//3875
f 1519//1378 4778//3881 4775//3878
f 1520//1379 1572//1431 4778//3881
f 4778//3881 1573//1432 4777//3880
f 4777//3880 1574//1433 4776//3879
f 4776//3879 171//171 1469//1330
f 4773//3876 1469//1330 1468//1330
f 4770//3873 1468//1330 1467//1329
f 4780//3883 4782//3885 4779//3882
f 4781//3884 4783//3883 4780//3883
f 4783//3883 4785//3887 4782//3885
f 4784//3886 4786//3883 4783//3883
f 672//534 1497//1357 58//58
f 673//535 4779//3882 672//534
f 674//536 4780//3883 673//535
f 64//64 4781//3884 674//536
f 1467//1329 4784//3886 4781//3884
f 1468//1330 4787//3888 4784//3886
f 1469//1330 1575//1434 4787//3888
f 4787//3888 1576//1435 4786//3883
f 4786//3883 1577//1436 4785//3887
f 4785//3887 181//181 1499//1359
f 4782//3885 1499//1359 1498//1358
f 4779//3882 1498//1358 1497//1357
f 4789//3890 4791//3892 4788//3889
f 4790//3891 4792//3893 4789//3890
f 4792//3893 4794//3895 4791//3892
f 4793//3894 4795//3896 4792//3893
f 1068//930 1461//1323 52//52
f 1069//931 4788//3889 1068//930
f 1070//932 4789//3890 1069//931
f 58//58 4790//3891 1070//932
f 1497//1357 4793//3894 4790//3891
f 1498//1358 4796//3897 4793//3894
f 1499//1359 1578//1437 4796//3897
f 4796//3897 1579//1438 4795//3896
f 4795//3896 1580//1439 4794//3895
f 4794//3895 169//169 1463//1325
f 4791//3892 1463//1325 1462//1324
f 4788//3889 1462//1324 1461//1323
f 4798//3899 4800//3901 4797//3898
f 4799//3900 4801//3902 4798//3899
f 4801//3902 4803//3904 4800//3901
f 4802//3903 4804//3905 4801//3902
f 1221//1083 1482//1342 46//46
f 1222//1084 4797//3898 1221//1083
f 1223//1085 4798//3899 1222//1084
f 52//52 4799//3900 1223//1085
f 1461//1323 4802//3903 4799//3900
f 1462//1324 4805//3906 4802//3903
f 1463//1325 1581//1440 4805//3906
f 4805//3906 1582//1441 4804//3905
f 4804//3905 1583//1442 4803//3904
f 4803//3904 176//176 1484//1344
f 4800//3901 1484//1344 1483//1343
f 4797//3898 1483//1343 1482//1342
f 4807//3908 4809//3910 4806//3907
f 4808//3909 4810//3911 4807//3908
f 4810//3911 4812//3913 4809//3910
f 4811//3912 4813//3914 4810//3911
f 963//825 1527//1386 40//40
f 964//826 4806//3907 963//825
f 965//827 4807//3908 964//826
f 46//46 4808//3909 965//827
f 1482//1342 4811//3912 4808//3909
f 1483//1343 4814//3915 4811//3912
f 1484//1344 1584//1443 4814//3915
f 4814//3915 1585//1444 4813//3914
f 4813//3914 1586//1445 4812//3913
f 4812//3913 191//191 1529//1388
f 4809//3910 1529//1388 1528//1387
f 4806//3907 1528//1387 1527//1386
f 4816//3917 4818//3919 4815//3916
f 4817//3918 4819//3920 4816//3917
f 4819//3920 4821//3922 4818//3919
f 4820//3921 4822//3923 4819//3920
f 534//396 1488//1348 34//34
f 535//397 4815//3916 534//396
f 536//398 4816//3917 535//397
f 40//40 4817//3918 536//398
f 1527//1386 4820//3921 4817//3918
f 1528//1387 4823//3924 4820//3921
f 1529//1388 1587//1446 4823//3924
f 4823//3924 1588//1447 4822//3923
f 4822//3923 1589//1448 4821//3922
f 4821//3922 178//178 1490//1350
f 4818//3919 1490//1350 1489//1349
f 4815//3916 1489//1349 1488//1348
f 4825//3926 4827//3928 4824//3925
f 4826//3927 4828//3929 4825//3926
f 4828//3929 4830//3931 4827//3928
f 4829//3930 4831//3932 4828//3929
f 495//357 1476//1336 28//28
f 496//358 4824//3925 495//357
f 497//359 4825//3926 496//358
f 34//34 4826//3927 497//359
f 1488//1348 4829//3930 4826//3927
f 1489//1349 4832//3933 4829//3930
f 1490//1350 1590//1449 4832//3933
f 4832//3933 1591//1450 4831//3932
f 4831//3932 1592//1451 4830//3931
f 4830//3931 174//174 1478//1338
f 4827//3928 1478//1338 1477//1337
f 4824//3925 1477//1337 1476//1336
f 4834//3935 4836//3937 4833//3934
f 4835//3936 4837//3938 4834//3935
f 4837//3938 4839//3940 4836//3937
f 4838//3939 4840//3941 4837//3938
f 1176//1038 1500//1360 22//22
f 1177//1039 4833//3934 1176//1038
f 1178//1040 4834//3935 1177//1039
f 28//28 4835//3936 1178//1040
f 1476//1336 4838//3939 4835//3936
f 1477//1337 4841//3942 4838//3939
f 1478//1338 1593//1452 4841//3942
f 4841//3942 1594//1453 4840//3941
f 4840//3941 1595//1454 4839//3940
f 4839//3940 182//182 1502//22
f 4836//3937 1502//22 1501//1361
f 4833//3934 1501//1361 1500//1360
f 4843//3944 4845//3631 4842//3943
f 4844//3945 4846//3946 4843//3944
f 4846//3946 4848//3948 4845//3631
f 4847//3947 4849//3949 4846//3946
f 882//744 1485//1345 16//16
f 883//745 4842//3943 882//744
f 884//746 4843//3944 883//745
f 22//22 4844//3945 884//746
f 1500//1360 4847//3947 4844//3945
f 1501//1361 4850//3950 4847//3947
f 1502//22 1596//1455 4850//3950
f 4850//3950 1597//1456 4849//3949
f 4849//3949 1598//1457 4848//3948
f 4848//3948 177//177 1487//1347
f 4845//3631 1487//1347 1486//1346
f 4842//3943 1486//1346 1485//1345
f 4852//3952 4854//3954 4851//3951
f 4853//3953 4855//3955 4852//3952
f 4855//3955 4857//3957 4854//3954
f 4856//3956 4858//3958 4855//3955
f 483//345 1524//1383 10//10
f 484//346 4851//3951 483//345
f 485//347 4852//3952 484//346
f 16//16 4853//3953 485//347
f 1485//1345 4856//3956 4853//3953
f 1486//1346 4859//3959 4856//3956
f 1487//1347 1599//1458 4859//3959
f 4859//3959 1600//1459 4858//3958
f 4858//3958 1601//1460 4857//3957
f 4857//3957 190//190 1526//1385
f 4854//3954 1526//1385 1525//1384
f 4851//3951 1525//1384 1524//1383
f 4860//3960 4864//3964 4863//3963
f 4862//3962 4864//3964 4861//3961
f 4863//3963 4867//3967 4866//3966
f 4865//3965 4867//3967 4864//3964
f 4//4 4860//3960 1491//1351
f 951//813 4861//3961 4860//3960
f 953//815 4861//3961 952//814
f 10//10 4862//3962 953//815
f 1524//1383 4865//3965 4862//3962
f 1525//1384 4868//3968 4865//3965
f 1526//1385 1602//1461 4868//3968
f 4868//3968 1603//1462 4867//3967
f 4866//3966 1603//1462 1604//1463
f 1493//1353 1604//1463 179//179
f 1492//1352 4866//3966 1493//1353
f 1491//1351 4863//3963 1492//1352
f 4871//3971 4875//3975 4870//3970
f 4872//3972 4869//3969 4871//3971
f 4874//3974 4869//3969 4873//3973
f 1608//1467 1607//1466 193//193
f 1609//1468 4870//3970 1608//1467
f 4870//3970 1606//1465 1607//1466
f 195//195 4872//3972 1610//1469
f 1611//1470 4873//3973 4872//3972
f 1610//1469 4871//3971 1609//1468
f 197//197 4874//3974 1613//1472
f 1605//1464 4875//3975 4874//3974
f 1613//1472 4873//3973 1612//1471
f 4878//3978 4882//3982 4877//3977
f 4879//3979 4876//3976 4878//3978
f 4881//3981 4876//3976 4880//3980
f 1617//1476 1616//1475 194//194
f 1618//1477 4877//3977 1617//1476
f 4877//3977 1615//1474 1616//1475
f 198//198 4879//3979 1619//1478
f 1620//1479 4880//3980 4879//3979
f 1619//1478 4878//3978 1618//1477
f 196//196 4881//3981 1622//1481
f 1614//1473 4882//3982 4881//3981
f 1622//1481 4880//3980 1621//1480
f 4883//3983 4887//3987 4886//3986
f 4884//3984 4888//3988 4887//3987
f 4887//3987 4889//3989 4886//3986
f 4888//3988 4890//3990 4887//3987
f 1623//1482 2274//1839 291//243
f 1624//1483 4883//3983 1623//1482
f 1624//1483 4885//3985 4884//3984
f 1625//1484 1622//1481 4885//3985
f 4885//3985 1621//1480 4888//3988
f 1621//1480 4891//3991 4888//3988
f 1620//1479 2082//1797 4891//3991
f 4891//3991 2083//1798 4890//3990
f 4889//3989 2083//1798 2084//1799
f 2276//1840 2084//1799 292//228
f 4886//3986 2276//1840 2275//1750
f 2274//1839 4886//3986 2275//1750
f 4894//3994 4898//3998 4893//3993
f 4895//3995 4892//3992 4894//3994
f 4897//3997 4892//3992 4896//3996
f 1607//1466 1631//1490 193//193
f 1606//1465 4893//3993 1607//1466
f 4893//3993 1630//1489 1631//1490
f 197//197 4895//3995 1605//1464
f 1632//1491 4896//3996 4895//3995
f 1605//1464 4894//3994 1606//1465
f 199//199 4897//3997 1634//1493
f 1629//1488 4898//3998 4897//3997
f 1634//1493 4896//3996 1633//1492
f 4901//4001 4905//4005 4900//4000
f 4902//4002 4899//3999 4901//4001
f 4904//4004 4899//3999 4903//4003
f 1635//1494 1617//1476 194//194
f 1636//1495 4900//4000 1635//1494
f 4900//4000 1618//1477 1617//1476
f 200//200 4902//4002 1637//1496
f 1638//1497 4903//4003 4902//4002
f 1637//1496 4901//4001 1636//1495
f 198//198 4904//4004 1640//1499
f 1619//1478 4905//4005 4904//4004
f 1640//1499 4903//4003 1639//1498
f 4906//4006 4910//4010 4909//4009
f 4907//4007 4911//4011 4910//4010
f 4910//4010 4912//4012 4909//4009
f 4911//4011 4913//4013 4910//4010
f 2084//1799 2271//1836 292//228
f 2083//1798 4906//4006 2084//1799
f 2083//1798 4908//4008 4907//4007
f 2082//1797 1640//1499 4908//4008
f 4908//4008 1639//1498 4911//4011
f 1639//1498 4914//4014 4911//4011
f 1638//1497 2079//1794 4914//4014
f 4914//4014 2080//1795 4913//4013
f 4912//4012 2080//1795 2081//1796
f 2273//1838 2081//1796 293//229
f 4909//4009 2273//1838 2272//1837
f 4906//4006 2272//1837 2271//1836
f 4917//4017 4921//4021 4916//4016
f 4918//4018 4915//4015 4917//4017
f 4920//4020 4915//4015 4919//4019
f 1631//1490 1646//1505 193//193
f 1630//1489 4916//4016 1631//1490
f 4916//4016 1645//1504 1646//1505
f 199//199 4918//4018 1629//1488
f 1647//1506 4919//4019 4918//4018
f 1629//1488 4917//4017 1630//1489
f 201//201 4920//4020 1649//1508
f 1644//1503 4921//4021 4920//4020
f 1649//1508 4919//4019 1648//1507
f 4924//4024 4928//4028 4923//4023
f 4925//4025 4922//4022 4924//4024
f 4927//4027 4922//4022 4926//4026
f 1650//1509 1635//1494 194//194
f 1651//1510 4923//4023 1650//1509
f 4923//4023 1636//1495 1635//1494
f 202//202 4925//4025 1652//1511
f 1653//1512 4926//4026 4925//4025
f 1652//1511 4924//4024 1651//1510
f 200//200 4927//4027 1655//1514
f 1637//1496 4928//4028 4927//4027
f 1655//1514 4926//4026 1654//1513
f 4930//4030 4932//4032 4929//4029
f 4930//4030 4934//4034 4933//4033
f 4933//4033 4935//4035 4932//4032
f 4934//4034 4936//4036 4933//4033
f 2081//1796 2268//1833 293//229
f 2080//1795 4929//4029 2081//1796
f 2080//1795 4931//4031 4930//4030
f 2079//1794 1655//1514 4931//4031
f 4931//4031 1654//1513 4934//4034
f 1654//1513 4937//4037 4934//4034
f 1653//1512 2076//1791 4937//4037
f 4937//4037 2077//1792 4936//4036
f 4936//4036 2078//1793 4935//4035
f 2270//1835 2078//1793 294//230
f 2269//1834 4935//4035 2270//1835
f 2268//1833 4932//4032 2269//1834
f 4940//4040 4944//4044 4939//4039
f 4941//4041 4938//4038 4940//4040
f 4943//4043 4938//4038 4942//4042
f 1646//1505 1661//1520 193//193
f 1645//1504 4939//4039 1646//1505
f 4939//4039 1660//1519 1661//1520
f 201//201 4941//4041 1644//1503
f 1662//1521 4942//4042 4941//4041
f 1644//1503 4940//4040 1645//1504
f 203//203 4943//4043 1664//1523
f 1659//1518 4944//4044 4943//4043
f 1664//1523 4942//4042 1663//1522
f 4947//4047 4951//4051 4946//4046
f 4948//4048 4945//4045 4947//4047
f 4950//4050 4945//4045 4949//4049
f 1665//1524 1650//1509 194//194
f 1666//1525 4946//4046 1665//1524
f 4946//4046 1651//1510 1650//1509
f 204//204 4948//4048 1667//1526
f 1668//1527 4949//4049 4948//4048
f 1667//1526 4947//4047 1666//1525
f 202//202 4950//4050 1670//1529
f 1652//1511 4951//4051 4950//4050
f 1670//1529 4949//4049 1669//1528
f 4952//4052 4956//4056 4955//4055
f 4953//4053 4957//4057 4956//4056
f 4956//4056 4958//4058 4955//4055
f 4957//4057 4959//4059 4956//4056
f 2078//1793 2265//1831 294//230
f 2078//1793 4953//4053 4952//4052
f 2077//1792 4954//4054 4953//4053
f 2076//1791 1670//1529 4954//4054
f 4954//4054 1669//1528 4957//4057
f 1669//1528 4960//4060 4957//4057
f 1668//1527 2073//1788 4960//4060
f 4960//4060 2074//1789 4959//4059
f 4958//4058 2074//1789 2075//1790
f 2267//1832 2075//1790 295//231
f 4955//4055 2267//1832 2266//1741
f 4952//4052 2266//1741 2265//1831
f 4963//4063 4967//4067 4962//4062
f 4964//4064 4961//4061 4963//4063
f 4966//4066 4961//4061 4965//4065
f 1661//1520 1676//1535 193//193
f 1660//1519 4962//4062 1661//1520
f 4962//4062 1675//1534 1676//1535
f 203//203 4964//4064 1659//1518
f 1677//1536 4965//4065 4964//4064
f 1659//1518 4963//4063 1660//1519
f 205//205 4966//4066 1679//1538
f 1674//1533 4967//4067 4966//4066
f 1679//1538 4965//4065 1678//1537
f 4970//4070 4974//4074 4969//4069
f 4971//4071 4968//4068 4970//4070
f 4973//4073 4968//4068 4972//4072
f 1680//1539 1665//1524 194//194
f 1681//1540 4969//4069 1680//1539
f 4969//4069 1666//1525 1665//1524
f 206//206 4971//4071 1682//1541
f 1683//1542 4972//4072 4971//4071
f 1682//1541 4970//4070 1681//1540
f 204//204 4973//4073 1685//1544
f 1667//1526 4974//4074 4973//4073
f 1685//1544 4972//4072 1684//1543
f 4975//4075 4979//4079 4978//4078
f 4976//4076 4980//4080 4979//4079
f 4979//4079 4981//4081 4978//4078
f 4980//4080 4982//4082 4979//4079
f 2075//1790 2262//1829 295//231
f 2074//1789 4975//4075 2075//1790
f 2074//1789 4977//4077 4976//4076
f 2073//1788 1685//1544 4977//4077
f 4977//4077 1684//1543 4980//4080
f 1684//1543 4983//4083 4980//4080
f 1683//1542 2070//1785 4983//4083
f 4983//4083 2071//1786 4982//4082
f 4982//4082 2072//1787 4981//4081
f 2264//1753 2072//1787 296//244
f 4978//4078 2264//1753 2263//1830
f 4975//4075 2263//1830 2262//1829
f 4986//4086 4990//4090 4985//4085
f 4987//4087 4984//4084 4986//4086
f 4989//4089 4984//4084 4988//4088
f 1676//1535 1691//1550 193//193
f 1675//1534 4985//4085 1676//1535
f 4985//4085 1690//1549 1691//1550
f 205//205 4987//4087 1674//1533
f 1692//1551 4988//4088 4987//4087
f 1674//1533 4986//4086 1675//1534
f 207//207 4989//4089 1694//1553
f 1689//1548 4990//4090 4989//4089
f 1694//1553 4988//4088 1693//1552
f 4993//4093 4997//4097 4992//4092
f 4994//4094 4991//4091 4993//4093
f 4996//4096 4991//4091 4995//4095
f 1695//1554 1680//1539 194//194
f 1696//1555 4992//4092 1695//1554
f 4992//4092 1681//1540 1680//1539
f 208//208 4994//4094 1697//1556
f 1698//1557 4995//4095 4994//4094
f 1697//1556 4993//4093 1696//1555
f 206//206 4996//4096 1700//1559
f 1682//1541 4997//4097 4996//4096
f 1700//1559 4995//4095 1699//1558
f 4998//4098 5002//4102 5001//4101
f 4999//4099 5003//4103 5002//4102
f 5001//4101 5005//4105 5004//4104
f 5003//4103 5005//4105 5002//4102
f 2072//1787 2259//1826 296//244
f 2071//1786 4998//4098 2072//1787
f 2071//1786 5000//4100 4999//4099
f 2070//1785 1700//1559 5000//4100
f 5000//4100 1699//1558 5003//4103
f 1699//1558 5006//4106 5003//4103
f 1698//1557 2067//1782 5006//4106
f 5006//4106 2068//1783 5005//4105
f 5004//4104 2068//1783 2069//1784
f 2261//1828 2069//1784 297//245
f 5001//4101 2261//1828 2260//1827
f 4998//4098 2260//1827 2259//1826
f 5009//4109 5013//4113 5008//4108
f 5010//4110 5007//4107 5009//4109
f 5012//4112 5007//4107 5011//4111
f 1691//1550 1706//1565 193//193
f 1690//1549 5008//4108 1691//1550
f 5008//4108 1705//1564 1706//1565
f 207//207 5010//4110 1689//1548
f 1707//1566 5011//4111 5010//4110
f 1689//1548 5009//4109 1690//1549
f 209//209 5012//4112 1709//1568
f 1704//1563 5013//4113 5012//4112
f 1709//1568 5011//4111 1708//1567
f 5016//4116 5020//4120 5015//4115
f 5017//4117 5014//4114 5016//4116
f 5019//4119 5014//4114 5018//4118
f 1710//1569 1695//1554 194//194
f 1711//1570 5015//4115 1710//1569
f 5015//4115 1696//1555 1695//1554
f 210//210 5017//4117 1712//1571
f 1713//1572 5018//4118 5017//4117
f 1712//1571 5016//4116 1711//1570
f 208//208 5019//4119 1715//1574
f 1697//1556 5020//4120 5019//4119
f 1715//1574 5018//4118 1714//1573
f 5021//4121 5025//4125 5024//4124
f 5022//4122 5026//4126 5025//4125
f 5025//4125 5027//4127 5024//4124
f 5026//4126 5028//4128 5025//4125
f 2069//1784 2256//1731 297//245
f 2068//1783 5021//4121 2069//1784
f 2068//1783 5023//4123 5022//4122
f 2067//1782 1715//1574 5023//4123
f 5023//4123 1714//1573 5026//4126
f 1714//1573 5029//4129 5026//4126
f 1713//1572 2064//1779 5029//4129
f 5029//4129 2065//1780 5028//4128
f 5027//4127 2065//1780 2066//1781
f 5027//4127 298//246 2258//1825
f 2257//1824 5027//4127 2258//1825
f 2256//1731 5024//4124 2257//1824
f 5032//4132 5036//4136 5031//4131
f 5033//4133 5030//4130 5032//4132
f 5035//4135 5030//4130 5034//4134
f 1706//1565 1721//1580 193//193
f 1705//1564 5031//4131 1706//1565
f 5031//4131 1720//1579 1721//1580
f 209//209 5033//4133 1704//1563
f 1722//1581 5034//4134 5033//4133
f 1704//1563 5032//4132 1705//1564
f 211//211 5035//4135 1724//1583
f 1719//1578 5036//4136 5035//4135
f 1724//1583 5034//4134 1723//1582
f 5039//4139 5043//4143 5038//4138
f 5040//4140 5037//4137 5039//4139
f 5042//4142 5037//4137 5041//4141
f 1725//1584 1710//1569 194//194
f 1726//1585 5038//4138 1725//1584
f 5038//4138 1711//1570 1710//1569
f 212//212 5040//4140 1727//1586
f 1728//1587 5041//4141 5040//4140
f 1727//1586 5039//4139 1726//1585
f 210//210 5042//4142 1730//1589
f 1712//1571 5043//4143 5042//4142
f 1730//1589 5041//4141 1729//1588
f 5045//4145 5047//4147 5044//4144
f 5045//4145 5049//4149 5048//4148
f 5048//4148 5050//4150 5047//4147
f 5049//4149 5051//4151 5048//4148
f 2066//1781 2253//1822 298//246
f 2065//1780 5044//4144 2066//1781
f 2065//1780 5046//4146 5045//4145
f 2064//1779 1730//1589 5046//4146
f 5046//4146 1729//1588 5049//4149
f 1729//1588 5052//4152 5049//4149
f 1728//1587 2061//1776 5052//4152
f 5052//4152 2062//1777 5051//4151
f 5050//4150 2062//1777 2063//1778
f 2255//1730 2063//1778 299//235
f 5047//4147 2255//1730 2254//1823
f 2253//1822 5047//4147 2254//1823
f 5055//4155 5059//4159 5054//4154
f 5056//4156 5053//4153 5055//4155
f 5058//4158 5053//4153 5057//4157
f 1721//1580 1736//1595 193//193
f 1720//1579 5054//4154 1721//1580
f 5054//4154 1735//1594 1736//1595
f 211//211 5056//4156 1719//1578
f 1737//1596 5057//4157 5056//4156
f 1719//1578 5055//4155 1720//1579
f 213//213 5058//4158 1739//1598
f 1734//1593 5059//4159 5058//4158
f 1739//1598 5057//4157 1738//1597
f 5062//4162 5066//4166 5061//4161
f 5063//4163 5060//4160 5062//4162
f 5065//4165 5060//4160 5064//4164
f 1740//1599 1725//1584 194//194
f 1741//1600 5061//4161 1740//1599
f 5061//4161 1726//1585 1725//1584
f 214//214 5063//4163 1742//1601
f 1743//1602 5064//4164 5063//4163
f 1742//1601 5062//4162 1741//1600
f 212//212 5065//4165 1745//1604
f 1727//1586 5066//4166 5065//4165
f 1745//1604 5064//4164 1744//1603
f 5067//4167 5071//4171 5070//4170
f 5068//4168 5072//4172 5071//4171
f 5070//4170 5074//4174 5073//4173
f 5072//4172 5074//4174 5071//4171
f 2063//1778 2250//1725 299//235
f 2062//1777 5067//4167 2063//1778
f 2062//1777 5069//4169 5068//4168
f 2061//1776 1745//1604 5069//4169
f 5069//4169 1744//1603 5072//4172
f 1744//1603 5075//4175 5072//4172
f 1743//1602 2058//1773 5075//4175
f 5075//4175 2059//1774 5074//4174
f 5073//4173 2059//1774 2060//1775
f 2252//1821 2060//1775 300//247
f 5070//4170 2252//1821 2251//1820
f 5067//4167 2251//1820 2250//1725
f 5078//4178 5082//4182 5077//4177
f 5079//4179 5076//4176 5078//4178
f 5081//4181 5076//4176 5080//4180
f 1736//1595 1751//1610 193//193
f 1735//1594 5077//4177 1736//1595
f 5077//4177 1750//1609 1751//1610
f 213//213 5079//4179 1734//1593
f 1752//1611 5080//4180 5079//4179
f 1734//1593 5078//4178 1735//1594
f 215//215 5081//4181 1754//1613
f 1749//1608 5082//4182 5081//4181
f 1754//1613 5080//4180 1753//1612
f 5085//4185 5089//4189 5084//4184
f 5086//4186 5083//4183 5085//4185
f 5088//4188 5083//4183 5087//4187
f 1755//1614 1740//1599 194//194
f 1756//1615 5084//4184 1755//1614
f 5084//4184 1741//1600 1740//1599
f 216//216 5086//4186 1757//1616
f 1758//1617 5087//4187 5086//4186
f 1757//1616 5085//4185 1756//1615
f 214//214 5088//4188 1760//1619
f 1742//1601 5089//4189 5088//4188
f 1760//1619 5087//4187 1759//1618
f 5090//4190 5094//4194 5093//4193
f 5091//4191 5095//4195 5094//4194
f 5094//4194 5096//4196 5093//4193
f 5095//4195 5097//4197 5094//4194
f 2060//1775 2247//1818 300//247
f 2059//1774 5090//4190 2060//1775
f 2059//1774 5092//4192 5091//4191
f 2058//1773 1760//1619 5092//4192
f 5092//4192 1759//1618 5095//4195
f 1759//1618 5098//4198 5095//4195
f 1758//1617 2055//1770 5098//4198
f 5098//4198 2056//1771 5097//4197
f 5096//4196 2056//1771 2057//1772
f 2249//1724 2057//1772 301//248
f 5093//4193 2249//1724 2248//1819
f 5090//4190 2248//1819 2247//1818
f 5101//4201 5105//4205 5100//4200
f 5102//4202 5099//4199 5101//4201
f 5104//4204 5099//4199 5103//4203
f 1751//1610 1766//1625 193//193
f 1750//1609 5100//4200 1751//1610
f 5100//4200 1765//1624 1766//1625
f 215//215 5102//4202 1749//1608
f 1767//1626 5103//4203 5102//4202
f 1749//1608 5101//4201 1750//1609
f 217//217 5104//4204 1769//1628
f 1764//1623 5105//4205 5104//4204
f 1769//1628 5103//4203 1768//1627
f 5108//4208 5112//4212 5107//4207
f 5109//4209 5106//4206 5108//4208
f 5111//4211 5106//4206 5110//4210
f 1770//1629 1755//1614 194//194
f 1771//1630 5107//4207 1770//1629
f 5107//4207 1756//1615 1755//1614
f 218//218 5109//4209 1772//1631
f 1773//1632 5110//4210 5109//4209
f 1772//1631 5108//4208 1771//1630
f 216//216 5111//4211 1775//1634
f 1757//1616 5112//4212 5111//4211
f 1775//1634 5110//4210 1774//1633
f 5114//4214 5116//4216 5113//4213
f 5114//4214 5118//4218 5117//4217
f 5117//4217 5119//4219 5116//4216
f 5118//4218 5120//4220 5117//4217
f 2057//1772 2244//1815 301//248
f 2056//1771 5113//4213 2057//1772
f 2056//1771 5115//4215 5114//4214
f 2055//1770 1775//1634 5115//4215
f 5115//4215 1774//1633 5118//4218
f 1774//1633 5121//4221 5118//4218
f 1773//1632 2052//1767 5121//4221
f 5121//4221 2053//1768 5120//4220
f 5120//4220 2054//1769 5119//4219
f 2246//1817 2054//1769 302//249
f 2245//1816 5119//4219 2246//1817
f 2244//1815 5116//4216 2245//1816
f 5124//4224 5128//4228 5123//4223
f 5125//4225 5122//4222 5124//4224
f 5127//4227 5122//4222 5126//4226
f 1766//1625 1781//1640 193//193
f 1765//1624 5123//4223 1766//1625
f 5123//4223 1780//1639 1781//1640
f 217//217 5125//4225 1764//1623
f 1782//1641 5126//4226 5125//4225
f 1764//1623 5124//4224 1765//1624
f 219//219 5127//4227 1784//1643
f 1779//1638 5128//4228 5127//4227
f 1784//1643 5126//4226 1783//1642
f 5131//4231 5135//4235 5130//4230
f 5132//4232 5129//4229 5131//4231
f 5134//4234 5129//4229 5133//4233
f 1785//1644 1770//1629 194//194
f 1786//1645 5130//4230 1785//1644
f 5130//4230 1771//1630 1770//1629
f 220//220 5132//4232 1787//1646
f 1788//1647 5133//4233 5132//4232
f 1787//1646 5131//4231 1786//1645
f 218//218 5134//4234 1790//1649
f 1772//1631 5135//4235 5134//4234
f 1790//1649 5133//4233 1789//1648
f 5136//4236 5140//4240 5139//4239
f 5137//4237 5141//4241 5140//4240
f 5140//4240 5142//4242 5139//4239
f 5141//4241 5143//4243 5140//4240
f 2054//1769 2241//1812 302//249
f 2054//1769 5137//4237 5136//4236
f 2053//1768 5138//4238 5137//4237
f 2052//1767 1790//1649 5138//4238
f 5138//4238 1789//1648 5141//4241
f 1789//1648 5144//4244 5141//4241
f 1788//1647 2049//1764 5144//4244
f 5144//4244 2050//1765 5143//4243
f 5142//4242 2050//1765 2051//1766
f 2243//1814 2051//1766 303//239
f 5139//4239 2243//1814 2242//1813
f 2241//1812 5139//4239 2242//1813
f 5147//4247 5151//4251 5146//4246
f 5148//4248 5145//4245 5147//4247
f 5150//4250 5145//4245 5149//4249
f 1781//1640 1796//1655 193//193
f 1780//1639 5146//4246 1781//1640
f 5146//4246 1795//1654 1796//1655
f 219//219 5148//4248 1779//1638
f 1797//1656 5149//4249 5148//4248
f 1779//1638 5147//4247 1780//1639
f 221//221 5150//4250 1799//1658
f 1794//1653 5151//4251 5150//4250
f 1799//1658 5149//4249 1798//1657
f 5154//4254 5158//4258 5153//4253
f 5155//4255 5152//4252 5154//4254
f 5157//4257 5152//4252 5156//4256
f 1800//1659 1785//1644 194//194
f 1801//1660 5153//4253 1800//1659
f 5153//4253 1786//1645 1785//1644
f 222//222 5155//4255 1802//1661
f 1803//1662 5156//4256 5155//4255
f 1802//1661 5154//4254 1801//1660
f 220//220 5157//4257 1805//1664
f 1787//1646 5158//4258 5157//4257
f 1805//1664 5156//4256 1804//1663
f 5159//4259 5163//4263 5162//4262
f 5160//4260 5164//4264 5163//4263
f 5163//4263 5165//4265 5162//4262
f 5164//4264 5166//4266 5163//4263
f 2051//1766 2238//1810 303//239
f 2050//1765 5159//4259 2051//1766
f 2050//1765 5161//4261 5160//4260
f 2049//1764 1805//1664 5161//4261
f 5161//4261 1804//1663 5164//4264
f 1804//1663 5167//4267 5164//4264
f 1803//1662 2046//1761 5167//4267
f 5167//4267 2047//1762 5166//4266
f 5166//4266 2048//1763 5165//4265
f 2240//1811 2048//1763 304//240
f 5162//4262 2240//1811 2239//1714
f 5159//4259 2239//1714 2238//1810
f 5170//4270 5174//4274 5169//4269
f 5171//4271 5168//4268 5170//4270
f 5173//4273 5168//4268 5172//4272
f 1796//1655 1811//1670 193//193
f 1795//1654 5169//4269 1796//1655
f 5169//4269 1810//1669 1811//1670
f 221//221 5171//4271 1794//1653
f 1812//1671 5172//4272 5171//4271
f 1794//1653 5170//4270 1795//1654
f 223//223 5173//4273 1814//1673
f 1809//1668 5174//4274 5173//4273
f 1814//1673 5172//4272 1813//1672
f 5177//4277 5181//4281 5176//4276
f 5178//4278 5175//4275 5177//4277
f 5180//4280 5175//4275 5179//4279
f 1815//1674 1800//1659 194//194
f 1816//1675 5176//4276 1815//1674
f 5176//4276 1801//1660 1800//1659
f 224//224 5178//4278 1817//1676
f 1818//1677 5179//4279 5178//4278
f 1817//1676 5177//4277 1816//1675
f 222//222 5180//4280 1820//1679
f 1802//1661 5181//4281 5180//4280
f 1820//1679 5179//4279 1819//1678
f 5182//4282 5186//4286 5185//4285
f 5183//4283 5187//4287 5186//4286
f 5185//4285 5189//4289 5188//4288
f 5187//4287 5189//4289 5186//4286
f 2048//1763 2235//1807 304//240
f 2047//1762 5182//4282 2048//1763
f 2047//1762 5184//4284 5183//4283
f 2046//1761 1820//1679 5184//4284
f 5184//4284 1819//1678 5187//4287
f 1819//1678 5190//4290 5187//4287
f 1818//1677 2043//1758 5190//4290
f 5190//4290 2044//1759 5189//4289
f 5188//4288 2044//1759 2045//1760
f 2237//1809 2045//1760 305//241
f 5185//4285 2237//1809 2236//1808
f 5182//4282 2236//1808 2235//1807
f 5193//4293 5197//4297 5192//4292
f 5194//4294 5191//4291 5193//4293
f 5196//4296 5191//4291 5195//4295
f 1811//1670 1826//1685 193//193
f 1810//1669 5192//4292 1811//1670
f 5192//4292 1825//1684 1826//1685
f 223//223 5194//4294 1809//1668
f 1827//1686 5195//4295 5194//4294
f 1809//1668 5193//4293 1810//1669
f 225//225 5196//4296 1829//1688
f 1824//1683 5197//4297 5196//4296
f 1829//1688 5195//4295 1828//1687
f 5200//4300 5204//4304 5199//4299
f 5201//4301 5198//4298 5200//4300
f 5203//4303 5198//4298 5202//4302
f 1830//1689 1815//1674 194//194
f 1831//1690 5199//4299 1830//1689
f 5199//4299 1816//1675 1815//1674
f 226//226 5201//4301 1832//1691
f 1833//1692 5202//4302 5201//4301
f 1832//1691 5200//4300 1831//1690
f 224//224 5203//4303 1835//1694
f 1817//1676 5204//4304 5203//4303
f 1835//1694 5202//4302 1834//1693
f 5205//4305 5209//4309 5208//4308
f 5206//4306 5210//4310 5209//4309
f 5209//4309 5211//4311 5208//4308
f 5210//4310 5212//4312 5209//4309
f 2045//1760 2232//1804 305//241
f 2044//1759 5205//4305 2045//1760
f 2044//1759 5207//4307 5206//4306
f 2043//1758 1835//1694 5207//4307
f 5207//4307 1834//1693 5210//4310
f 1834//1693 5213//4313 5210//4310
f 1833//1692 2040//1755 5213//4313
f 5213//4313 2041//1756 5212//4312
f 5211//4311 2041//1756 2042//1757
f 5211//4311 306//242 2234//1806
f 2233//1805 5211//4311 2234//1806
f 2232//1804 5208//4308 2233//1805
f 5216//4316 5220//4320 5215//4315
f 5217//4317 5214//4314 5216//4316
f 5219//4319 5214//4314 5218//4318
f 1826//1685 1608//1467 193//193
f 1825//1684 5215//4315 1826//1685
f 5215//4315 1609//1468 1608//1467
f 225//225 5217//4317 1824//1683
f 1839//1698 5218//4318 5217//4317
f 1824//1683 5216//4316 1825//1684
f 195//195 5219//4319 1841//1700
f 1610//1469 5220//4320 5219//4319
f 1841//1700 5218//4318 1840//1699
f 5223//4323 5227//4327 5222//4322
f 5224//4324 5221//4321 5223//4323
f 5226//4326 5221//4321 5225//4325
f 1616//1475 1830//1689 194//194
f 1615//1474 5222//4322 1616//1475
f 5222//4322 1831//1690 1830//1689
f 196//196 5224//4324 1614//1473
f 1842//1701 5225//4325 5224//4324
f 1614//1473 5223//4323 1615//1474
f 226//226 5226//4326 1844//1703
f 1832//1691 5227//4327 5226//4326
f 1844//1703 5225//4325 1843//1702
f 5228//4328 5232//4332 5231//4331
f 5229//4329 5233//4333 5232//4332
f 5232//4332 5234//4334 5231//4331
f 5233//4333 5235//4335 5232//4332
f 2042//1757 2229//1802 306//242
f 2041//1756 5228//4328 2042//1757
f 2041//1756 5230//4330 5229//4329
f 2040//1755 1844//1703 5230//4330
f 5230//4330 1843//1702 5233//4333
f 1843//1702 5236//4336 5233//4333
f 1842//1701 1625//1484 5236//4336
f 5236//4336 1624//1483 5235//4335
f 5234//4334 1624//1483 1623//1482
f 2231//1803 1623//1482 291//243
f 5231//4331 2231//1803 2230//1705
f 2229//1802 5231//4331 2230//1705
f 5238//1704 5240//1705 5237//1704
f 5239//1704 5241//1705 5238//1704
f 5241//1705 5243//1706 5240//1705
f 5242//1705 5244//1706 5241//1705
f 290//242 5237//1704 2226//1704
f 2180//242 5238//1704 5237//1704
f 2178//242 5238//1704 2179//242
f 242//242 5239//1704 2178//242
f 1893//1704 5242//1705 5239//1704
f 1894//1705 5245//1706 5242//1705
f 5245//1706 227//227 1847//227
f 5245//1706 1846//227 5244//1706
f 5244//1706 1845//227 5243//1706
f 5243//1706 275//227 2228//1706
f 2227//1705 5243//1706 2228//1706
f 5237//1704 2227//1705 2226//1704
f 5247//1707 5249//1708 5246//1707
f 5248//1707 5250//1708 5247//1707
f 5250//1708 5252//1709 5249//1708
f 5251//1708 5253//1709 5250//1708
f 289//241 5246//1707 2223//1707
f 2177//241 5247//1707 5246//1707
f 2176//241 5248//1707 5247//1707
f 241//241 5248//1707 2175//241
f 5248//1707 1897//1708 5251//1708
f 1897//1708 5254//1709 5251//1708
f 5254//1709 242//242 2178//242
f 5254//1709 2179//242 5253//1709
f 5253//1709 2180//242 5252//1709
f 5252//1709 290//242 2225//1709
f 2224//1708 5252//1709 2225//1709
f 5246//1707 2224//1708 2223//1707
f 5256//1710 5258//1711 5255//1710
f 5257//1710 5259//1711 5256//1710
f 5259//1711 5261//1712 5258//1711
f 5260//1711 5262//1712 5259//1711
f 288//240 5255//1710 2220//1710
f 2174//240 5256//1710 5255//1710
f 2173//240 5257//1710 5256//1710
f 240//240 5257//1710 2172//240
f 1899//1710 5260//1711 5257//1710
f 1900//1711 5263//1712 5260//1711
f 5263//1712 241//241 2175//241
f 5263//1712 2176//241 5262//1712
f 5262//1712 2177//241 5261//1712
f 5261//1712 289//241 2222//1712
f 2221//1711 5261//1712 2222//1712
f 5255//1710 2221//1711 2220//1710
f 5265//1713 5267//1714 5264//1713
f 5265//1713 5269//1714 5268//1714
f 5268//1714 5270//1754 5267//1714
f 5269//1714 5271//1715 5268//1714
f 287//239 5264//1713 2217//1713
f 2171//239 5265//1713 5264//1713
f 2170//239 5266//1713 5265//1713
f 239//239 5266//1713 2169//239
f 5266//1713 1903//1714 5269//1714
f 1903//1714 5272//1754 5269//1714
f 5272//1754 240//240 2172//240
f 5272//1754 2173//240 5271//1715
f 5271//1715 2174//240 5270//1754
f 5270//1754 288//240 2219//1715
f 2218//1714 5270//1754 2219//1715
f 5264//1713 2218//1714 2217//1713
f 5274//1812 5276//1717 5273//1812
f 5275//1716 5277//1717 5274//1812
f 5277//1717 5279//1718 5276//1717
f 5278//1717 5280//1718 5277//1717
f 286//238 5273//1812 2214//1716
f 2168//238 5274//1812 5273//1812
f 2167//238 5275//1716 5274//1812
f 238//238 5275//1716 2166//238
f 5275//1716 1906//1717 5278//1717
f 1906//1717 5281//1718 5278//1717
f 5281//1718 239//239 2169//239
f 5281//1718 2170//239 5280//1718
f 5280//1718 2171//239 5279//1718
f 5279//1718 287//239 2216//1718
f 2215//1717 5279//1718 2216//1718
f 5273//1812 2215//1717 2214//1716
f 5283//1719 5285//1720 5282//1719
f 5284//1719 5286//1720 5283//1719
f 5286//1720 5288//1721 5285//1720
f 5287//1720 5289//1721 5286//1720
f 285//237 5282//1719 2211//1719
f 2165//237 5283//1719 5282//1719
f 2164//237 5284//1719 5283//1719
f 237//237 5284//1719 2163//237
f 1908//1719 5287//1720 5284//1719
f 1909//1720 5290//1721 5287//1720
f 1910//1721 2166//238 5290//1721
f 5290//1721 2167//238 5289//1721
f 5289//1721 2168//238 5288//1721
f 5288//1721 286//238 2213//1721
f 2212//1720 5288//1721 2213//1721
f 5282//1719 2212//1720 2211//1719
f 5292//1722 5294//1800 5291//1722
f 5293//1722 5295//1723 5292//1722
f 5295//1723 5297//1724 5294//1800
f 5296//1723 5298//1724 5295//1723
f 284//236 5291//1722 2208//1722
f 2162//236 5292//1722 5291//1722
f 2161//236 5293//1722 5292//1722
f 236//236 5293//1722 2160//236
f 5293//1722 1912//1723 5296//1723
f 1912//1723 5299//1724 5296//1723
f 5299//1724 237//237 2163//237
f 5299//1724 2164//237 5298//1724
f 5298//1724 2165//237 5297//1724
f 5297//1724 285//237 2210//1724
f 2209//1723 5297//1724 2210//1724
f 5291//1722 2209//1723 2208//1722
f 5301//1725 5303//1726 5300//1725
f 5302//1725 5304//1726 5301//1725
f 5304//1726 5306//1727 5303//1726
f 5305//1726 5307//1727 5304//1726
f 283//235 5300//1725 2205//1725
f 2159//235 5301//1725 5300//1725
f 2158//235 5302//1725 5301//1725
f 235//235 5302//1725 2157//235
f 1914//1725 5305//1726 5302//1725
f 1915//1726 5308//1727 5305//1726
f 1916//1727 2160//236 5308//1727
f 5308//1727 2161//236 5307//1727
f 5307//1727 2162//236 5306//1727
f 5306//1727 284//236 2207//1727
f 2206//1726 5306//1727 2207//1727
f 5300//1725 2206//1726 2205//1725
f 5310//1728 5312//1729 5309//1728
f 5311//1728 5313//1729 5310//1728
f 5313//1729 5315//1730 5312//1729
f 5314//1729 5316//1730 5313//1729
f 282//234 5309//1728 2202//1728
f 2156//234 5310//1728 5309//1728
f 2154//234 5310//1728 2155//234
f 234//234 5311//1728 2154//234
f 5311//1728 1918//1729 5314//1729
f 1918//1729 5317//1730 5314//1729
f 5317//1730 235//235 2157//235
f 5317//1730 2158//235 5316//1730
f 5316//1730 2159//235 5315//1730
f 5315//1730 283//235 2204//1730
f 2203//1729 5315//1730 2204//1730
f 5309//1728 2203//1729 2202//1728
f 5319//1731 5321//1732 5318//1731
f 5320//1731 5322//1732 5319//1731
f 5322//1732 5324//1733 5321//1732
f 5323//1732 5325//1733 5322//1732
f 281//233 5318//1731 2199//1731
f 2153//233 5319//1731 5318//1731
f 2152//233 5320//1731 5319//1731
f 233//233 5320//1731 2151//233
f 1920//1731 5323//1732 5320//1731
f 1921//1732 5326//1733 5323//1732
f 5326//1733 234//234 2154//234
f 5326//1733 2155//234 5325//1733
f 5325//1733 2156//234 5324//1733
f 5324//1733 282//234 2201//1733
f 2200//1732 5324//1733 2201//1733
f 5318//1731 2200//1732 2199//1731
f 5328//1734 5330//1735 5327//1734
f 5329//1734 5331//1735 5328//1734
f 5331//1735 5333//1736 5330//1735
f 5332//1735 5334//1736 5331//1735
f 280//232 5327//1734 2196//1734
f 2150//232 5328//1734 5327//1734
f 2149//232 5329//1734 5328//1734
f 232//232 5329//1734 2148//232
f 5329//1734 1924//1735 5332//1735
f 1924//1735 5335//1736 5332//1735
f 5335//1736 233//233 2151//233
f 5334//1736 2151//233 2152//233
f 5334//1736 2153//233 5333//1736
f 5333//1736 281//233 2198//1736
f 2197//1735 5333//1736 2198//1736
f 5327//1734 2197//1735 2196//1734
f 5337//1737 5339//1738 5336//1737
f 5338//1737 5340//1738 5337//1737
f 5340//1738 5342//1739 5339//1738
f 5341//1738 5343//1739 5340//1738
f 279//231 5336//1737 2193//1737
f 2147//231 5337//1737 5336//1737
f 2146//231 5338//1737 5337//1737
f 231//231 5338//1737 2145//231
f 1926//1737 5341//1738 5338//1737
f 1927//1738 5344//1753 5341//1738
f 5344//1753 232//232 2148//232
f 5344//1753 2149//232 5343//1739
f 5343//1739 2150//232 5342//1739
f 5342//1739 280//232 2195//1739
f 2194//1738 5342//1739 2195//1739
f 5336//1737 2194//1738 2193//1737
f 5346//1752 5348//1741 5345//1740
f 5347//1740 5349//1741 5346//1752
f 5349//1741 5351//1742 5348//1741
f 5350//1741 5352//1742 5349//1741
f 278//230 5345//1740 2190//1740
f 2144//230 5346//1752 5345//1740
f 2143//230 5347//1740 5346//1752
f 230//230 5347//1740 2142//230
f 5347//1740 1930//1741 5350//1741
f 1930//1741 5353//1742 5350//1741
f 5353//1742 231//231 2145//231
f 5353//1742 2146//231 5352//1742
f 5352//1742 2147//231 5351//1742
f 5351//1742 279//231 2192//1742
f 2191//1741 5351//1742 2192//1742
f 5345//1740 2191//1741 2190//1740
f 5355//1743 5357//1744 5354//1743
f 5356//1743 5358//1744 5355//1743
f 5358//1744 5360//1745 5357//1744
f 5359//1744 5361//1745 5358//1744
f 277//229 5354//1743 2187//1743
f 2141//229 5355//1743 5354//1743
f 2140//229 5356//1743 5355//1743
f 229//229 5356//1743 2139//229
f 1932//1743 5359//1744 5356//1743
f 1933//1744 5362//1745 5359//1744
f 1934//1745 2142//230 5362//1745
f 5362//1745 2143//230 5361//1745
f 5361//1745 2144//230 5360//1745
f 5360//1745 278//230 2189//1745
f 2188//1744 5360//1745 2189//1745
f 5354//1743 2188//1744 2187//1743
f 5364//1746 5366//1747 5363//1746
f 5365//1746 5367//1747 5364//1746
f 5367//1747 5369//1748 5366//1747
f 5368//1747 5370//1748 5367//1747
f 276//228 5363//1746 2184//1746
f 2138//228 5364//1746 5363//1746
f 2137//228 5365//1746 5364//1746
f 228//228 5365//1746 2136//228
f 5365//1746 1936//1747 5368//1747
f 1936//1747 5371//1748 5368//1747
f 5371//1748 229//229 2139//229
f 5371//1748 2140//229 5370//1748
f 5370//1748 2141//229 5369//1748
f 5369//1748 277//229 2186//1748
f 2185//1747 5369//1748 2186//1748
f 5363//1746 2185//1747 2184//1746
f 5373//1749 5375//1750 5372//1749
f 5374//1749 5376//1750 5373//1749
f 5376//1750 5378//1751 5375//1750
f 5377//1750 5379//1751 5376//1750
f 275//227 5372//1749 2181//1749
f 1845//227 5373//1749 5372//1749
f 1846//227 5374//1749 5373//1749
f 227//227 5374//1749 1847//227
f 5374//1749 1939//1750 5377//1750
f 1939//1750 5380//1751 5377//1750
f 1940//1751 2136//228 5380//1751
f 5380//1751 2137//228 5379//1751
f 5379//1751 2138//228 5378//1751
f 5378//1751 276//228 2183//1751
f 2182//1750 5378//1751 2183//1751
f 5372//1749 2182//1750 2181//1749
f 5382//1749 5384//1750 5381//1749
f 5383//1749 5385//1750 5382//1749
f 5385//1750 5387//1751 5384//1750
f 5386//1750 5388//1751 5385//1750
f 1986//227 2370//1749 322//227
f 1987//227 5381//1749 1986//227
f 1988//227 5382//1749 1987//227
f 258//227 5383//1749 1988//227
f 5383//1749 1990//1750 5386//1750
f 1990//1750 5389//1751 5386//1750
f 1991//1751 2277//228 5389//1751
f 5389//1751 2278//228 5388//1751
f 5388//1751 2279//228 5387//1751
f 2372//1881 2279//228 307//250
f 5384//1750 2372//1881 2371//1880
f 2370//1749 5384//1750 2371//1880
f 5391//1746 5393//1747 5390//1746
f 5391//1746 5395//1747 5394//1747
f 5394//1747 5396//1748 5393//1747
f 5395//1747 5397//1748 5394//1747
f 2279//228 2367//1878 307//250
f 2279//228 5391//1746 5390//1746
f 2278//228 5392//1746 5391//1746
f 243//228 5392//1746 2277//228
f 5392//1746 1993//1747 5395//1747
f 1993//1747 5398//1748 5395//1747
f 1994//1748 2280//229 5398//1748
f 5398//1748 2281//229 5397//1748
f 5397//1748 2282//229 5396//1748
f 2369//1748 2282//229 308//251
f 5393//1747 2369//1748 2368//1879
f 2367//1878 5393//1747 2368//1879
f 5400//1743 5402//1744 5399//1743
f 5400//1743 5404//1744 5403//1744
f 5403//1744 5405//1745 5402//1744
f 5404//1744 5406//1745 5403//1744
f 2282//229 2364//1875 308//251
f 2282//229 5400//1743 5399//1743
f 2280//229 5400//1743 2281//229
f 244//229 5401//1743 2280//229
f 5401//1743 1996//1744 5404//1744
f 1996//1744 5407//1745 5404//1744
f 1997//1745 2283//230 5407//1745
f 5407//1745 2284//230 5406//1745
f 5406//1745 2285//230 5405//1745
f 2366//1877 2285//230 309//252
f 5402//1744 2366//1877 2365//1876
f 2364//1875 5402//1744 2365//1876
f 5409//1740 5411//1741 5408//1740
f 5409//1740 5413//1741 5412//1741
f 5412//1741 5414//1742 5411//1741
f 5413//1741 5415//1742 5412//1741
f 2285//230 2361//1752 309//252
f 2284//230 5408//1740 2285//230
f 2283//230 5409//1740 2284//230
f 245//230 5410//1740 2283//230
f 5410//1740 1999//1741 5413//1741
f 1999//1741 5416//1742 5413//1741
f 2000//1742 2286//231 5416//1742
f 5416//1742 2287//231 5415//1742
f 5415//1742 2288//231 5414//1742
f 2363//1874 2288//231 310//231
f 5411//1741 2363//1874 2362//1873
f 2361//1752 5411//1741 2362//1873
f 5418//1737 5420//1738 5417//1737
f 5418//1737 5422//1738 5421//1738
f 5421//1738 5423//1739 5420//1738
f 5422//1738 5424//1739 5421//1738
f 2288//231 2358//1871 310//231
f 2287//231 5417//1737 2288//231
f 2286//231 5418//1737 2287//231
f 246//231 5419//1737 2286//231
f 5419//1737 2002//1738 5422//1738
f 2002//1738 5425//1739 5422//1738
f 2003//1753 2289//232 5425//1739
f 5425//1739 2290//232 5424//1739
f 5424//1739 2291//232 5423//1739
f 2360//1872 2291//232 311//232
f 5420//1738 2360//1872 2359//1738
f 2358//1871 5420//1738 2359//1738
f 5427//1734 5429//1735 5426//1734
f 5427//1734 5431//1735 5430//1735
f 5430//1735 5432//1736 5429//1735
f 5431//1735 5433//1736 5430//1735
f 2291//232 2355//1868 311//232
f 2291//232 5427//1734 5426//1734
f 2290//232 5428//1734 5427//1734
f 247//232 5428//1734 2289//232
f 5428//1734 2005//1735 5431//1735
f 2005//1735 5434//1736 5431//1735
f 2006//1736 2292//233 5434//1736
f 5434//1736 2293//233 5433//1736
f 5433//1736 2294//233 5432//1736
f 2357//1870 2294//233 312//233
f 5429//1735 2357//1870 2356//1869
f 2355//1868 5429//1735 2356//1869
f 5436//1731 5438//1732 5435//1731
f 5436//1731 5440//1732 5439//1732
f 5439//1732 5441//1733 5438//1732
f 5440//1732 5442//1733 5439//1732
f 2294//233 2352//1865 312//233
f 2294//233 5436//1731 5435//1731
f 2293//233 5437//1731 5436//1731
f 248//233 5437//1731 2292//233
f 5437//1731 2008//1732 5440//1732
f 2008//1732 5443//1733 5440//1732
f 2009//1733 2295//234 5443//1733
f 5443//1733 2296//234 5442//1733
f 5442//1733 2297//234 5441//1733
f 2354//1867 2297//234 313//234
f 5438//1732 2354//1867 2353//1866
f 2352//1865 5438//1732 2353//1866
f 5445//1728 5447//1729 5444//1728
f 5445//1728 5449//1729 5448//1729
f 5448//1729 5450//1730 5447//1729
f 5449//1729 5451//1730 5448//1729
f 2297//234 2349//1863 313//234
f 2297//234 5445//1728 5444//1728
f 2296//234 5446//1728 5445//1728
f 249//234 5446//1728 2295//234
f 5446//1728 2011//1729 5449//1729
f 2011//1729 5452//1730 5449//1729
f 2012//1730 2298//235 5452//1730
f 5452//1730 2299//235 5451//1730
f 5451//1730 2300//235 5450//1730
f 2351//1864 2300//235 314//253
f 5447//1729 2351//1864 2350//1729
f 2349//1863 5447//1729 2350//1729
f 5454//1725 5456//1726 5453//1725
f 5454//1725 5458//1726 5457//1726
f 5457//1726 5459//1727 5456//1726
f 5458//1726 5460//1727 5457//1726
f 2300//235 2346//1861 314//253
f 2300//235 5454//1725 5453//1725
f 2299//235 5455//1725 5454//1725
f 250//235 5455//1725 2298//235
f 5455//1725 2014//1726 5458//1726
f 2014//1726 5461//1727 5458//1726
f 2015//1727 2301//236 5461//1727
f 5461//1727 2302//236 5460//1727
f 5460//1727 2303//236 5459//1727
f 2348//1862 2303//236 315//236
f 5456//1726 2348//1862 2347//1726
f 2346//1861 5456//1726 2347//1726
f 5462//1722 5466//1723 5465//1723
f 5463//1722 5467//1723 5466//1723
f 5466//1723 5468//1724 5465//1723
f 5467//1723 5469//1724 5466//1723
f 2303//236 2343//1858 315//236
f 2303//236 5463//1722 5462//1722
f 2302//236 5464//1722 5463//1722
f 251//236 5464//1722 2301//236
f 5464//1722 2017//1723 5467//1723
f 2017//1723 5470//1724 5467//1723
f 2018//1724 2304//237 5470//1724
f 5470//1724 2305//237 5469//1724
f 5469//1724 2306//237 5468//1724
f 2345//1860 2306//237 316//237
f 5465//1723 2345//1860 2344//1859
f 2343//1858 5465//1723 2344//1859
f 5472//1719 5474//1720 5471//1719
f 5472//1719 5476//1720 5475//1720
f 5475//1720 5477//1721 5474//1720
f 5476//1720 5478//1721 5475//1720
f 2306//237 2340//1855 316//237
f 2305//237 5471//1719 2306//237
f 2304//237 5472//1719 2305//237
f 252//237 5473//1719 2304//237
f 5473//1719 2020//1720 5476//1720
f 2020//1720 5479//1721 5476//1720
f 5479//1721 253//238 2307//238
f 5479//1721 2308//238 5478//1721
f 5478//1721 2309//238 5477//1721
f 2342//1857 2309//238 317//238
f 5474//1720 2342//1857 2341//1856
f 2340//1855 5474//1720 2341//1856
f 5481//1812 5483//1717 5480//1716
f 5481//1812 5485//1717 5484//1717
f 5484//1717 5486//1718 5483//1717
f 5485//1717 5487//1718 5484//1717
f 2309//238 2337//1853 317//238
f 2308//238 5480//1716 2309//238
f 2308//238 5482//1716 5481//1812
f 253//238 5482//1716 2307//238
f 5482//1716 2023//1717 5485//1717
f 2023//1717 5488//1718 5485//1717
f 2024//1718 2310//239 5488//1718
f 5488//1718 2311//239 5487//1718
f 5487//1718 2312//239 5486//1718
f 5486//1718 318//239 2339//1854
f 5483//1717 2339//1854 2338//1717
f 2337//1853 5483//1717 2338//1717
f 5490//1713 5492//1714 5489//1713
f 5490//1713 5494//1714 5493//1714
f 5493//1714 5495//1754 5492//1714
f 5494//1714 5496//1715 5493//1714
f 2312//239 2334//1851 318//239
f 2312//239 5490//1713 5489//1713
f 2311//239 5491//1713 5490//1713
f 2310//239 2025//1713 5491//1713
f 5491//1713 2026//1714 5494//1714
f 2026//1714 5497//1754 5494//1714
f 2027//1754 2313//240 5497//1754
f 5497//1754 2314//240 5496//1715
f 5496//1715 2315//240 5495//1754
f 2336//1715 2315//240 319//254
f 5492//1714 2336//1715 2335//1852
f 2334//1851 5492//1714 2335//1852
f 5499//1710 5501//1711 5498//1710
f 5499//1710 5503//1711 5502//1711
f 5502//1711 5504//1712 5501//1711
f 5503//1711 5505//1712 5502//1711
f 2315//240 2331//1848 319//254
f 2315//240 5499//1710 5498//1710
f 2314//240 5500//1710 5499//1710
f 255//240 5500//1710 2313//240
f 5500//1710 2029//1711 5503//1711
f 2029//1711 5506//1712 5503//1711
f 2030//1712 2316//241 5506//1712
f 5506//1712 2317//241 5505//1712
f 5505//1712 2318//241 5504//1712
f 2333//1850 2318//241 320//255
f 5501//1711 2333//1850 2332//1849
f 2331//1848 5501//1711 2332//1849
f 5508//1707 5510//1708 5507//1707
f 5508//1707 5512//1708 5511//1708
f 5511//1708 5513//1709 5510//1708
f 5512//1708 5514//1709 5511//1708
f 2318//241 2328//1707 320//255
f 2318//241 5508//1707 5507//1707
f 2317//241 5509//1707 5508//1707
f 256//241 5509//1707 2316//241
f 5509//1707 2032//1708 5512//1708
f 2032//1708 5515//1709 5512//1708
f 2033//1709 2319//242 5515//1709
f 5515//1709 2320//242 5514//1709
f 5514//1709 2321//242 5513//1709
f 2330//1847 2321//242 321//256
f 5510//1708 2330//1847 2329//1846
f 2328//1707 5510//1708 2329//1846
f 5517//1704 5519//1705 5516//1704
f 5517//1704 5521//1705 5520//1705
f 5520//1705 5522//1706 5519//1705
f 5521//1705 5523//1706 5520//1705
f 2321//242 2325//1844 321//256
f 2321//242 5517//1704 5516//1704
f 2320//242 5518//1704 5517//1704
f 257//242 5518//1704 2319//242
f 5518//1704 2035//1705 5521//1705
f 2035//1705 5524//1706 5521//1705
f 2036//1706 1988//227 5524//1706
f 5524//1706 1987//227 5523//1706
f 5523//1706 1986//227 5522//1706
f 2327//1706 1986//227 322//227
f 5519//1705 2327//1706 2326//1845
f 2325//1844 5519//1705 2326//1845
f 5525//1749 5529//1750 5528//1750
f 5526//1749 5530//1750 5529//1750
f 5528//1750 5532//1751 5531//1751
f 5530//1750 5532//1751 5529//1750
f 2037//227 1989//1749 258//227
f 2038//227 5525//1749 2037//227
f 2039//227 5526//1749 2038//227
f 259//227 5527//1749 2039//227
f 2085//1749 5530//1750 5527//1749
f 2086//1750 5533//1751 5530//1750
f 5533//1751 260//228 1941//228
f 5533//1751 1942//228 5532//1751
f 5531//1751 1942//228 1943//228
f 1991//1751 1943//228 243//228
f 5528//1750 1991//1751 1990//1750
f 1989//1749 5528//1750 1990//1750
f 5534//1746 5538//1747 5537//1747
f 5535//1746 5539//1747 5538//1747
f 5538//1747 5540//1748 5537//1747
f 5539//1747 5541//1748 5538//1747
f 1943//228 1992//1746 243//228
f 1942//228 5534//1746 1943//228
f 1941//228 5535//1746 1942//228
f 260//228 5536//1746 1941//228
f 2088//1746 5539//1747 5536//1746
f 2089//1747 5542//1748 5539//1747
f 5542//1748 261//229 1944//229
f 5542//1748 1945//229 5541//1748
f 5541//1748 1946//229 5540//1748
f 5540//1748 244//229 1994//1748
f 5537//1747 1994//1748 1993//1747
f 1992//1746 5537//1747 1993//1747
f 5543//1743 5547//1744 5546//1744
f 5545//1743 5547//1744 5544//1743
f 5547//1744 5549//1745 5546//1744
f 5548//1744 5550//1745 5547//1744
f 1946//229 1995//1743 244//229
f 1945//229 5543//1743 1946//229
f 1944//229 5544//1743 1945//229
f 261//229 5545//1743 1944//229
f 2091//1743 5548//1744 5545//1743
f 2092//1744 5551//1745 5548//1744
f 5551//1745 262//230 1947//230
f 5551//1745 1948//230 5550//1745
f 5550//1745 1949//230 5549//1745
f 1997//1745 1949//230 245//230
f 5546//1744 1997//1745 1996//1744
f 1995//1743 5546//1744 1996//1744
f 5552//1740 5556//1741 5555//1741
f 5553//1740 5557//1741 5556//1741
f 5556//1741 5558//1742 5555//1741
f 5557//1741 5559//1742 5556//1741
f 1949//230 1998//1752 245//230
f 1948//230 5552//1740 1949//230
f 1947//230 5553//1740 1948//230
f 262//230 5554//1740 1947//230
f 5554//1740 2095//1741 5557//1741
f 2095//1741 5560//1742 5557//1741
f 5560//1742 263//231 1950//231
f 5560//1742 1951//231 5559//1742
f 5559//1742 1952//231 5558//1742
f 2000//1742 1952//231 246//231
f 5555//1741 2000//1742 1999//1741
f 1998//1752 5555//1741 1999//1741
f 5561//1737 5565//1738 5564//1738
f 5563//1737 5565//1738 5562//1737
f 5565//1738 5567//1739 5564//1738
f 5566//1738 5568//1739 5565//1738
f 1952//231 2001//1737 246//231
f 1951//231 5561//1737 1952//231
f 1950//231 5562//1737 1951//231
f 263//231 5563//1737 1950//231
f 5563//1737 2098//1738 5566//1738
f 2098//1738 5569//1753 5566//1738
f 5569//1753 264//232 1953//232
f 5569//1753 1954//232 5568//1739
f 5568//1739 1955//232 5567//1739
f 2003//1753 1955//232 247//232
f 5564//1738 2003//1753 2002//1738
f 2001//1737 5564//1738 2002//1738
f 5570//1734 5574//1735 5573//1735
f 5572//1734 5574//1735 5571//1734
f 5574//1735 5576//1736 5573//1735
f 5575//1735 5577//1736 5574//1735
f 1955//232 2004//1734 247//232
f 1954//232 5570//1734 1955//232
f 1953//232 5571//1734 1954//232
f 264//232 5572//1734 1953//232
f 2100//1734 5575//1735 5572//1734
f 2101//1735 5578//1736 5575//1735
f 5578//1736 265//233 1956//233
f 5578//1736 1957//233 5577//1736
f 5577//1736 1958//233 5576//1736
f 2006//1736 1958//233 248//233
f 5573//1735 2006//1736 2005//1735
f 2004//1734 5573//1735 2005//1735
f 5579//1731 5583//1732 5582//1732
f 5581//1731 5583//1732 5580//1731
f 5583//1732 5585//1733 5582//1732
f 5584//1732 5586//1733 5583//1732
f 1958//233 2007//1731 248//233
f 1957//233 5579//1731 1958//233
f 1956//233 5580//1731 1957//233
f 265//233 5581//1731 1956//233
f 2103//1731 5584//1732 5581//1731
f 2104//1732 5587//1733 5584//1732
f 5587//1733 266//234 1959//234
f 5587//1733 1960//234 5586//1733
f 5586//1733 1961//234 5585//1733
f 2009//1733 1961//234 249//234
f 5582//1732 2009//1733 2008//1732
f 2007//1731 5582//1732 2008//1732
f 5588//1728 5592//1729 5591//1729
f 5589//1728 5593//1729 5592//1729
f 5592//1729 5594//1730 5591//1729
f 5593//1729 5595//1730 5592//1729
f 1961//234 2010//1728 249//234
f 1960//234 5588//1728 1961//234
f 1959//234 5589//1728 1960//234
f 266//234 5590//1728 1959//234
f 2106//1728 5593//1729 5590//1728
f 2107//1729 5596//1730 5593//1729
f 5596//1730 267//235 1962//235
f 5595//1730 1962//235 1963//235
f 5595//1730 1964//235 5594//1730
f 2012//1730 1964//235 250//235
f 5591//1729 2012//1730 2011//1729
f 2010//1728 5591//1729 2011//1729
f 5597//1725 5601//1726 5600//1726
f 5599//1725 5601//1726 5598//1725
f 5601//1726 5603//1727 5600//1726
f 5602//1726 5604//1727 5601//1726
f 1964//235 2013//1725 250//235
f 1963//235 5597//1725 1964//235
f 1962//235 5598//1725 1963//235
f 267//235 5599//1725 1962//235
f 2109//1725 5602//1726 5599//1725
f 2110//1726 5605//1727 5602//1726
f 5605//1727 268//236 1965//236
f 5605//1727 1966//236 5604//1727
f 5604//1727 1967//236 5603//1727
f 2015//1727 1967//236 251//236
f 5600//1726 2015//1727 2014//1726
f 2013//1725 5600//1726 2014//1726
f 5606//1722 5610//1723 5609//1723
f 5607//1722 5611//1800 5610//1723
f 5610//1723 5612//1724 5609//1723
f 5611//1800 5613//1724 5610//1723
f 1967//236 2016//1722 251//236
f 1966//236 5606//1722 1967//236
f 1965//236 5607//1722 1966//236
f 268//236 5608//1722 1965//236
f 2112//1722 5611//1800 5608//1722
f 5611//1800 2114//1724 5614//1724
f 5614//1724 269//237 1968//237
f 5614//1724 1969//237 5613//1724
f 5613//1724 1970//237 5612//1724
f 2018//1724 1970//237 252//237
f 5609//1723 2018//1724 2017//1723
f 2016//1722 5609//1723 2017//1723
f 5615//1719 5619//1720 5618//1720
f 5616//1719 5620//1720 5619//1720
f 5619//1720 5621//1721 5618//1720
f 5620//1720 5622//1721 5619//1720
f 1970//237 2019//1719 252//237
f 1969//237 5615//1719 1970//237
f 1968//237 5616//1719 1969//237
f 269//237 5617//1719 1968//237
f 5617//1719 2116//1720 5620//1720
f 5620//1720 2117//1721 5623//1721
f 5623//1721 270//238 1971//238
f 5623//1721 1972//238 5622//1721
f 5622//1721 1973//238 5621//1721
f 2021//1721 1973//238 253//238
f 5618//1720 2021//1721 2020//1720
f 2019//1719 5618//1720 2020//1720
f 5624//1716 5628//1717 5627//1717
f 5625//1716 5629//1717 5628//1717
f 5628//1717 5630//1718 5627//1717
f 5629//1717 5631//1718 5628//1717
f 1973//238 2022//1716 253//238
f 1972//238 5624//1716 1973//238
f 1971//238 5625//1716 1972//238
f 270//238 5626//1812 1971//238
f 2118//1716 5629//1717 5626//1812
f 2119//1717 5632//1718 5629//1717
f 5632//1718 271//239 1974//239
f 5632//1718 1975//239 5631//1718
f 5631//1718 1976//239 5630//1718
f 2024//1718 1976//239 254//239
f 5627//1717 2024//1718 2023//1717
f 2022//1716 5627//1717 2023//1717
f 5633//1713 5637//1714 5636//1714
f 5634//1713 5638//1714 5637//1714
f 5637//1714 5639//1754 5636//1714
f 5638//1714 5640//1715 5637//1714
f 1976//239 2025//1713 254//239
f 1975//239 5633//1713 1976//239
f 1974//239 5634//1713 1975//239
f 271//239 5635//1713 1974//239
f 2121//1713 5638//1714 5635//1713
f 2122//1714 5641//1754 5638//1714
f 5641//1754 272//240 1977//240
f 5641//1754 1978//240 5640//1715
f 5640//1715 1979//240 5639//1754
f 5639//1754 255//240 2027//1754
f 5636//1714 2027//1754 2026//1714
f 2025//1713 5636//1714 2026//1714
f 5642//1710 5646//1711 5645//1711
f 5643//1710 5647//1711 5646//1711
f 5646//1711 5648//1712 5645//1711
f 5647//1711 5649//1712 5646//1711
f 1979//240 2028//1710 255//240
f 1978//240 5642//1710 1979//240
f 1977//240 5643//1710 1978//240
f 272//240 5644//1710 1977//240
f 2124//1710 5647//1711 5644//1710
f 2125//1711 5650//1712 5647//1711
f 5650//1712 273//241 1980//241
f 5650//1712 1981//241 5649//1712
f 5649//1712 1982//241 5648//1712
f 2030//1712 1982//241 256//241
f 5645//1711 2030//1712 2029//1711
f 2028//1710 5645//1711 2029//1711
f 5651//1707 5655//1708 5654//1708
f 5652//1707 5656//1708 5655//1708
f 5655//1708 5657//1709 5654//1708
f 5656//1708 5658//1709 5655//1708
f 1982//241 2031//1707 256//241
f 1981//241 5651//1707 1982//241
f 1980//241 5652//1707 1981//241
f 273//241 5653//1707 1980//241
f 5653//1707 2128//1801 5656//1708
f 2128//1801 5659//1709 5656//1708
f 5659//1709 274//242 1983//242
f 5659//1709 1984//242 5658//1709
f 5658//1709 1985//242 5657//1709
f 2033//1709 1985//242 257//242
f 5654//1708 2033//1709 2032//1708
f 2031//1707 5654//1708 2032//1708
f 5660//1704 5664//1705 5663//1705
f 5661//1704 5665//1705 5664//1705
f 5663//1705 5667//1706 5666//1706
f 5665//1705 5667//1706 5664//1705
f 1985//242 2034//1704 257//242
f 1984//242 5660//1704 1985//242
f 1983//242 5661//1704 1984//242
f 274//242 5662//1704 1983//242
f 5662//1704 2131//1705 5665//1705
f 2131//1705 5668//1706 5665//1705
f 5668//1706 259//227 2039//227
f 5668//1706 2038//227 5667//1706
f 5667//1706 2037//227 5666//1706
f 2036//1706 2037//227 258//227
f 5663//1705 2036//1706 2035//1705
f 2034//1704 5663//1705 2035//1705
f 5670//1749 5672//1750 5669//1749
f 5671//1749 5673//1750 5670//1749
f 5673//1750 5675//1751 5672//1750
f 5674//1750 5676//1751 5673//1750
f 2133//227 1938//1749 227//227
f 2133//227 5670//1749 5669//1749
f 2134//227 5671//1749 5670//1749
f 291//243 5671//1749 2135//227
f 2274//1839 5674//1750 5671//1749
f 2275//1750 5677//1751 5674//1750
f 5677//1751 292//228 1848//228
f 5677//1751 1849//228 5676//1751
f 5676//1751 1850//228 5675//1751
f 1940//1751 1850//228 228//228
f 5672//1750 1940//1751 1939//1750
f 1938//1749 5672//1750 1939//1750
f 5679//1746 5681//1747 5678//1746
f 5680//1746 5682//1747 5679//1746
f 5682//1747 5684//1748 5681//1747
f 5683//1747 5685//1748 5682//1747
f 1850//228 1935//1746 228//228
f 1850//228 5679//1746 5678//1746
f 1849//228 5680//1746 5679//1746
f 292//228 5680//1746 1848//228
f 2271//1836 5683//1747 5680//1746
f 2272//1837 5686//1748 5683//1747
f 5686//1748 293//229 1851//229
f 5686//1748 1852//229 5685//1748
f 5685//1748 1853//229 5684//1748
f 5684//1748 229//229 1937//1748
f 5681//1747 1937//1748 1936//1747
f 1935//1746 5681//1747 1936//1747
f 5688//1743 5690//1744 5687//1743
f 5689//1743 5691//1744 5688//1743
f 5691//1744 5693//1745 5690//1744
f 5692//1744 5694//1745 5691//1744
f 1853//229 1932//1743 229//229
f 1853//229 5688//1743 5687//1743
f 1852//229 5689//1743 5688//1743
f 293//229 5689//1743 1851//229
f 2268//1833 5692//1744 5689//1743
f 2269//1834 5695//1745 5692//1744
f 5695//1745 294//230 1854//230
f 5695//1745 1855//230 5694//1745
f 5694//1745 1856//230 5693//1745
f 5693//1745 230//230 1934//1745
f 5690//1744 1934//1745 1933//1744
f 1932//1743 5690//1744 1933//1744
f 5697//1740 5699//1741 5696//1752
f 5698//1752 5700//1741 5697//1740
f 5700//1741 5702//1742 5699//1741
f 5701//1741 5703//1742 5700//1741
f 1856//230 1929//1740 230//230
f 1856//230 5697//1740 5696//1752
f 1855//230 5698//1752 5697//1740
f 294//230 5698//1752 1854//230
f 2265//1831 5701//1741 5698//1752
f 2266//1741 5704//1742 5701//1741
f 5704//1742 295//231 1857//231
f 5704//1742 1858//231 5703//1742
f 5703//1742 1859//231 5702//1742
f 1931//1742 1859//231 231//231
f 5699//1741 1931//1742 1930//1741
f 5696//1752 1930//1741 1929//1740
f 5706//1737 5708//1738 5705//1737
f 5707//1737 5709//1738 5706//1737
f 5709//1738 5711//1739 5708//1738
f 5710//1738 5712//1739 5709//1738
f 1859//231 1926//1737 231//231
f 1858//231 5705//1737 1859//231
f 1858//231 5707//1737 5706//1737
f 295//231 5707//1737 1857//231
f 2262//1829 5710//1738 5707//1737
f 2263//1830 5713//1739 5710//1738
f 5713//1739 296//244 1860//232
f 5713//1739 1861//232 5712//1739
f 5712//1739 1862//232 5711//1739
f 5711//1739 232//232 1928//1739
f 5708//1738 1928//1739 1927//1738
f 1926//1737 5708//1738 1927//1738
f 5715//1734 5717//1735 5714//1734
f 5716//1734 5718//1735 5715//1734
f 5718//1735 5720//1736 5717//1735
f 5719//1735 5721//1736 5718//1735
f 1862//232 1923//1734 232//232
f 1862//232 5715//1734 5714//1734
f 1861//232 5716//1734 5715//1734
f 296//244 5716//1734 1860//232
f 2259//1826 5719//1735 5716//1734
f 2260//1827 5722//1736 5719//1735
f 5722//1736 297//245 1863//233
f 5722//1736 1864//233 5721//1736
f 5721//1736 1865//233 5720//1736
f 5720//1736 233//233 1925//1736
f 5717//1735 1925//1736 1924//1735
f 1923//1734 5717//1735 1924//1735
f 5724//1731 5726//1732 5723//1731
f 5725//1731 5727//1732 5724//1731
f 5727//1732 5729//1733 5726//1732
f 5728//1732 5730//1733 5727//1732
f 1865//233 1920//1731 233//233
f 1865//233 5724//1731 5723//1731
f 1864//233 5725//1731 5724//1731
f 297//245 5725//1731 1863//233
f 2256//1731 5728//1732 5725//1731
f 2257//1824 5731//1733 5728//1732
f 5731//1733 298//246 1866//234
f 5731//1733 1867//234 5730//1733
f 5730//1733 1868//234 5729//1733
f 5729//1733 234//234 1922//1733
f 5726//1732 1922//1733 1921//1732
f 1920//1731 5726//1732 1921//1732
f 5733//1728 5735//1729 5732//1728
f 5734//1728 5736//1729 5733//1728
f 5736//1729 5738//1730 5735//1729
f 5737//1729 5739//1730 5736//1729
f 1868//234 1917//1728 234//234
f 1868//234 5733//1728 5732//1728
f 1867//234 5734//1728 5733//1728
f 298//246 5734//1728 1866//234
f 2253//1822 5737//1729 5734//1728
f 2254//1823 5740//1730 5737//1729
f 5740//1730 299//235 1869//235
f 5740//1730 1870//235 5739//1730
f 5739//1730 1871//235 5738//1730
f 1919//1730 1871//235 235//235
f 5735//1729 1919//1730 1918//1729
f 1917//1728 5735//1729 1918//1729
f 5742//1725 5744//1726 5741//1725
f 5743//1725 5745//1726 5742//1725
f 5745//1726 5747//1727 5744//1726
f 5746//1726 5748//1727 5745//1726
f 1871//235 1914//1725 235//235
f 1871//235 5742//1725 5741//1725
f 1870//235 5743//1725 5742//1725
f 299//235 5743//1725 1869//235
f 2250//1725 5746//1726 5743//1725
f 2251//1820 5749//1727 5746//1726
f 5749//1727 300//247 1872//236
f 5749//1727 1873//236 5748//1727
f 5748//1727 1874//236 5747//1727
f 1916//1727 1874//236 236//236
f 5744//1726 1916//1727 1915//1726
f 5741//1725 1915//1726 1914//1725
f 5751//1722 5753//1723 5750//1722
f 5752//1722 5754//1723 5751//1722
f 5754//1723 5756//1724 5753//1723
f 5755//1723 5757//1724 5754//1723
f 1874//236 1911//1722 236//236
f 1874//236 5751//1722 5750//1722
f 1873//236 5752//1722 5751//1722
f 300//247 5752//1722 1872//236
f 2247//1818 5755//1723 5752//1722
f 2248//1819 5758//1724 5755//1723
f 5758//1724 301//248 1875//237
f 5758//1724 1876//237 5757//1724
f 5757//1724 1877//237 5756//1724
f 5756//1724 237//237 1913//1724
f 5753//1723 1913//1724 1912//1723
f 1911//1722 5753//1723 1912//1723
f 5760//1719 5762//1720 5759//1719
f 5761//1719 5763//1720 5760//1719
f 5763//1720 5765//1721 5762//1720
f 5764//1720 5766//1721 5763//1720
f 1877//237 1908//1719 237//237
f 1877//237 5760//1719 5759//1719
f 1876//237 5761//1719 5760//1719
f 301//248 5761//1719 1875//237
f 2244//1815 5764//1720 5761//1719
f 2245//1816 5767//1721 5764//1720
f 5767//1721 302//249 1878//238
f 5767//1721 1879//238 5766//1721
f 5766//1721 1880//238 5765//1721
f 5765//1721 238//238 1910//1721
f 5762//1720 1910//1721 1909//1720
f 1908//1719 5762//1720 1909//1720
f 5769//1716 5771//1717 5768//1812
f 5770//1812 5772//1717 5769//1716
f 5772//1717 5774//1718 5771//1717
f 5773//1717 5775//1718 5772//1717
f 1880//238 1905//1716 238//238
f 1880//238 5769//1716 5768//1812
f 1879//238 5770//1812 5769//1716
f 302//249 5770//1812 1878//238
f 2241//1812 5773//1717 5770//1812
f 2242//1813 5776//1718 5773//1717
f 5776//1718 303//239 1881//239
f 5775//1718 1881//239 1882//239
f 5775//1718 1883//239 5774//1718
f 5774//1718 239//239 1907//1718
f 5771//1717 1907//1718 1906//1717
f 5768//1812 1906//1717 1905//1716
f 5778//1713 5780//1714 5777//1713
f 5779//1713 5781//1714 5778//1713
f 5781//1714 5783//1754 5780//1714
f 5782//1714 5784//1715 5781//1714
f 239//239 5777//1713 1902//1713
f 1883//239 5778//1713 5777//1713
f 1882//239 5779//1713 5778//1713
f 303//239 5779//1713 1881//239
f 2238//1810 5782//1714 5779//1713
f 2239//1714 5785//1754 5782//1714
f 5785//1754 304//240 1884//240
f 5785//1754 1885//240 5784//1715
f 5784//1715 1886//240 5783//1754
f 5783//1754 240//240 1904//1715
f 5780//1714 1904//1715 1903//1714
f 1902//1713 5780//1714 1903//1714
f 5787//1710 5789//1711 5786//1710
f 5788//1710 5790//1711 5787//1710
f 5790//1711 5792//1712 5789//1711
f 5791//1711 5793//1712 5790//1711
f 1886//240 1899//1710 240//240
f 1886//240 5787//1710 5786//1710
f 1885//240 5788//1710 5787//1710
f 304//240 5788//1710 1884//240
f 2235//1807 5791//1711 5788//1710
f 2236//1808 5794//1712 5791//1711
f 5794//1712 305//241 1887//241
f 5794//1712 1888//241 5793//1712
f 5793//1712 1889//241 5792//1712
f 5792//1712 241//241 1901//1712
f 5789//1711 1901//1712 1900//1711
f 1899//1710 5789//1711 1900//1711
f 5796//1707 5798//1708 5795//1707
f 5797//1707 5799//1708 5796//1707
f 5799//1708 5801//1709 5798//1708
f 5800//1708 5802//1709 5799//1708
f 1889//241 1896//1707 241//241
f 1889//241 5796//1707 5795//1707
f 1888//241 5797//1707 5796//1707
f 305//241 5797//1707 1887//241
f 2232//1804 5800//1708 5797//1707
f 2233//1805 5803//1709 5800//1708
f 5803//1709 306//242 1890//242
f 5803//1709 1891//242 5802//1709
f 5802//1709 1892//242 5801//1709
f 5801//1709 242//242 1898//1709
f 5798//1708 1898//1709 1897//1708
f 1896//1707 5798//1708 1897//1708
f 5805//1704 5807//1705 5804//1704
f 5806//1704 5808//1705 5805//1704
f 5808//1705 5810//1706 5807//1705
f 5809//1705 5811//1706 5808//1705
f 1892//242 1893//1704 242//242
f 1892//242 5805//1704 5804//1704
f 1891//242 5806//1704 5805//1704
f 306//242 5806//1704 1890//242
f 2229//1802 5809//1705 5806//1704
f 2230//1705 5812//1706 5809//1705
f 5812//1706 291//243 2135//227
f 5812//1706 2134//227 5811//1706
f 5811//1706 2133//227 5810//1706
f 5810//1706 227//227 1895//1706
f 5807//1705 1895//1706 1894//1705
f 1893//1704 5807//1705 1894//1705
f 5813//4337 5817//4341 5816//4340
f 5814//4338 5818//4342 5817//4341
f 5816//4340 5820//4344 5819//4343
f 5818//4342 5820//4344 5817//4341
f 1838//1697 1839//1698 225//225
f 1837//1696 5813//4337 1838//1697
f 1836//1695 5814//4338 1837//1696
f 321//256 5815//4339 1836//1695
f 5815//4339 2326//1845 5818//4342
f 2326//1845 5821//4345 5818//4342
f 5821//4345 322//227 2324//1843
f 5820//4344 2324//1843 2323//1842
f 5819//4343 2323//1842 2322//1841
f 1841//1700 2322//1841 195//195
f 1840//1699 5819//4343 1841//1700
f 5813//4337 1840//1699 1839//1698
f 5822//4346 5826//4350 5825//4349
f 5823//4347 5827//4351 5826//4350
f 5825//4349 5829//4353 5828//4352
f 5827//4351 5829//4353 5826//4350
f 1823//1682 1827//1686 223//223
f 1822//1681 5822//4346 1823//1682
f 1821//1680 5823//4347 1822//1681
f 320//255 5824//4348 1821//1680
f 5824//4348 2329//1846 5827//4351
f 2329//1846 5830//4354 5827//4351
f 5830//4354 321//256 1836//1695
f 5829//4353 1836//1695 1837//1696
f 5828//4352 1837//1696 1838//1697
f 1829//1688 1838//1697 225//225
f 1828//1687 5828//4352 1829//1688
f 5822//4346 1828//1687 1827//1686
f 5832//4356 5834//4358 5831//4355
f 5832//4356 5836//4360 5835//4359
f 5834//4358 5838//4362 5837//4361
f 5836//4360 5838//4362 5835//4359
f 1808//1667 1812//1671 221//221
f 1807//1666 5831//4355 1808//1667
f 1806//1665 5832//4356 1807//1666
f 319//254 5833//4357 1806//1665
f 5833//4357 2332//1849 5836//4360
f 2332//1849 5839//4363 5836//4360
f 5839//4363 320//255 1821//1680
f 5838//4362 1821//1680 1822//1681
f 5837//4361 1822//1681 1823//1682
f 1814//1673 1823//1682 223//223
f 1813//1672 5837//4361 1814//1673
f 5831//4355 1813//1672 1812//1671
f 5841//4365 5843//4367 5840//4364
f 5841//4365 5845//4369 5844//4368
f 5844//4368 5846//4370 5843//4367
f 5845//4369 5847//4371 5844//4368
f 1793//1652 1797//1656 219//219
f 1792//1651 5840//4364 1793//1652
f 1791//1650 5841//4365 1792//1651
f 318//239 5842//4366 1791//1650
f 5842//4366 2335//1852 5845//4369
f 2335//1852 5848//4372 5845//4369
f 5848//4372 319//254 1806//1665
f 5847//4371 1806//1665 1807//1666
f 5846//4370 1807//1666 1808//1667
f 1799//1658 1808//1667 221//221
f 1798//1657 5846//4370 1799//1658
f 5840//4364 1798//1657 1797//1656
f 5849//4373 5853//4377 5852//4376
f 5850//4374 5854//4378 5853//4377
f 5852//4376 5856//4380 5855//4379
f 5854//4378 5856//4380 5853//4377
f 1778//1637 1782//1641 217//217
f 1777//1636 5849//4373 1778//1637
f 1776//1635 5850//4374 1777//1636
f 317//238 5851//4375 1776//1635
f 5851//4375 2338//1717 5854//4378
f 2338//1717 5857//4381 5854//4378
f 5857//4381 318//239 1791//1650
f 5856//4380 1791//1650 1792//1651
f 5855//4379 1792//1651 1793//1652
f 1784//1643 1793//1652 219//219
f 1783//1642 5855//4379 1784//1643
f 5849//4373 1783//1642 1782//1641
f 5859//4383 5861//4385 5858//4382
f 5859//4383 5863//4387 5862//4386
f 5861//4385 5865//4389 5864//4388
f 5863//4387 5865//4389 5862//4386
f 1763//1622 1767//1626 215//215
f 1762//1621 5858//4382 1763//1622
f 1761//1620 5859//4383 1762//1621
f 316//237 5860//4384 1761//1620
f 5860//4384 2341//1856 5863//4387
f 2341//1856 5866//4390 5863//4387
f 5866//4390 317//238 1776//1635
f 5865//4389 1776//1635 1777//1636
f 5864//4388 1777//1636 1778//1637
f 1769//1628 1778//1637 217//217
f 1768//1627 5864//4388 1769//1628
f 5858//4382 1768//1627 1767//1626
f 5868//4392 5870//4394 5867//4391
f 5868//4392 5872//4396 5871//4395
f 5871//4395 5873//4397 5870//4394
f 5872//4396 5874//4398 5871//4395
f 1748//1607 1752//1611 213//213
f 1747//1606 5867//4391 1748//1607
f 1746//1605 5868//4392 1747//1606
f 315//236 5869//4393 1746//1605
f 5869//4393 2344//1859 5872//4396
f 2344//1859 5875//4399 5872//4396
f 5875//4399 316//237 1761//1620
f 5874//4398 1761//1620 1762//1621
f 5873//4397 1762//1621 1763//1622
f 1754//1613 1763//1622 215//215
f 1753//1612 5873//4397 1754//1613
f 5867//4391 1753//1612 1752//1611
f 5877//4401 5879//4403 5876//4400
f 5877//4401 5881//4405 5880//4404
f 5879//4403 5883//4407 5882//4406
f 5881//4405 5883//4407 5880//4404
f 1733//1592 1737//1596 211//211
f 1732//1591 5876//4400 1733//1592
f 1731//1590 5877//4401 1732//1591
f 314//253 5878//4402 1731//1590
f 5878//4402 2347//1726 5881//4405
f 2347//1726 5884//4408 5881//4405
f 5884//4408 315//236 1746//1605
f 5883//4407 1746//1605 1747//1606
f 5882//4406 1747//1606 1748//1607
f 1739//1598 1748//1607 213//213
f 1738//1597 5882//4406 1739//1598
f 5876//4400 1738//1597 1737//1596
f 5885//4409 5889//4413 5888//4412
f 5886//4410 5890//4414 5889//4413
f 5888//4412 5892//4416 5891//4415
f 5890//4414 5892//4416 5889//4413
f 1718//1577 1722//1581 209//209
f 1717//1576 5885//4409 1718//1577
f 1716//1575 5886//4410 1717//1576
f 313//234 5887//4411 1716//1575
f 5887//4411 2350//1729 5890//4414
f 2350//1729 5893//4417 5890//4414
f 5893//4417 314//253 1731//1590
f 5892//4416 1731//1590 1732//1591
f 5891//4415 1732//1591 1733//1592
f 1724//1583 1733//1592 211//211
f 1723//1582 5891//4415 1724//1583
f 5885//4409 1723//1582 1722//1581
f 5894//4418 5898//4422 5897//4421
f 5895//4419 5899//4423 5898//4422
f 5897//4421 5901//4425 5900//4424
f 5899//4423 5901//4425 5898//4422
f 1703//1562 1707//1566 207//207
f 1702//1561 5894//4418 1703//1562
f 1701//1560 5895//4419 1702//1561
f 312//233 5896//4420 1701//1560
f 5896//4420 2353//1866 5899//4423
f 2353//1866 5902//4426 5899//4423
f 5902//4426 313//234 1716//1575
f 5901//4425 1716//1575 1717//1576
f 5900//4424 1717//1576 1718//1577
f 1709//1568 1718//1577 209//209
f 1708//1567 5900//4424 1709//1568
f 5894//4418 1708//1567 1707//1566
f 5904//4428 5906//4430 5903//4427
f 5904//4428 5908//4432 5907//4431
f 5906//4430 5910//4434 5909//4433
f 5908//4432 5910//4434 5907//4431
f 1688//1547 1692//1551 205//205
f 1687//1546 5903//4427 1688//1547
f 1686//1545 5904//4428 1687//1546
f 311//232 5905//4429 1686//1545
f 5905//4429 2356//1869 5908//4432
f 2356//1869 5911//4435 5908//4432
f 5911//4435 312//233 1701//1560
f 5910//4434 1701//1560 1702//1561
f 5909//4433 1702//1561 1703//1562
f 1694//1553 1703//1562 207//207
f 1693//1552 5909//4433 1694//1553
f 5903//4427 1693//1552 1692//1551
f 5913//4437 5915//4439 5912//4436
f 5913//4437 5917//4441 5916//4440
f 5916//4440 5918//4442 5915//4439
f 5917//4441 5919//4443 5916//4440
f 1673//1532 1677//1536 203//203
f 1672//1531 5912//4436 1673//1532
f 1671//1530 5913//4437 1672//1531
f 310//231 5914//4438 1671//1530
f 5914//4438 2359//1738 5917//4441
f 2359//1738 5920//4444 5917//4441
f 5920//4444 311//232 1686//1545
f 5919//4443 1686//1545 1687//1546
f 5918//4442 1687//1546 1688//1547
f 1679//1538 1688//1547 205//205
f 1678//1537 5918//4442 1679//1538
f 5912//4436 1678//1537 1677//1536
f 5921//4445 5925//4449 5924//4448
f 5922//4446 5926//4450 5925//4449
f 5924//4448 5928//4452 5927//4451
f 5926//4450 5928//4452 5925//4449
f 1658//1517 1662//1521 201//201
f 1657//1516 5921//4445 1658//1517
f 1656//1515 5922//4446 1657//1516
f 309//252 5923//4447 1656//1515
f 5923//4447 2362//1873 5926//4450
f 2362//1873 5929//4453 5926//4450
f 5929//4453 310//231 1671//1530
f 5928//4452 1671//1530 1672//1531
f 5927//4451 1672//1531 1673//1532
f 1664//1523 1673//1532 203//203
f 1663//1522 5927//4451 1664//1523
f 5921//4445 1663//1522 1662//1521
f 5931//4455 5933//4457 5930//4454
f 5931//4455 5935//4459 5934//4458
f 5933//4457 5937//4461 5936//4460
f 5935//4459 5937//4461 5934//4458
f 1643//1502 1647//1506 199//199
f 1642//1501 5930//4454 1643//1502
f 1641//1500 5931//4455 1642//1501
f 308//251 5932//4456 1641//1500
f 5932//4456 2365//1876 5935//4459
f 2365//1876 5938//4462 5935//4459
f 5938//4462 309//252 1656//1515
f 5937//4461 1656//1515 1657//1516
f 5936//4460 1657//1516 1658//1517
f 1649//1508 1658//1517 201//201
f 1648//1507 5936//4460 1649//1508
f 5930//4454 1648//1507 1647//1506
f 5940//4464 5942//4466 5939//4463
f 5940//4464 5944//4468 5943//4467
f 5943//4467 5945//4469 5942//4466
f 5944//4468 5946//4470 5943//4467
f 1628//1487 1632//1491 197//197
f 1627//1486 5939//4463 1628//1487
f 1626//1485 5940//4464 1627//1486
f 307//250 5941//4465 1626//1485
f 5941//4465 2368//1879 5944//4468
f 2368//1879 5947//4471 5944//4468
f 5947//4471 308//251 1641//1500
f 5946//4470 1641//1500 1642//1501
f 5945//4469 1642//1501 1643//1502
f 1634//1493 1643//1502 199//199
f 1633//1492 5945//4469 1634//1493
f 5939//4463 1633//1492 1632//1491
f 5949//4473 5951//4475 5948//4472
f 5949//4473 5953//4477 5952//4476
f 5952//4476 5954//4478 5951//4475
f 5953//4477 5955//4479 5952//4476
f 2322//1841 1611//1470 195//195
f 2323//1842 5948//4472 2322//1841
f 2324//1843 5949//4473 2323//1842
f 322//227 5950//4474 2324//1843
f 5950//4474 2371//1880 5953//4477
f 2371//1880 5956//4480 5953//4477
f 5956//4480 307//250 1626//1485
f 5955//4479 1626//1485 1627//1486
f 5954//4478 1627//1486 1628//1487
f 1613//1472 1628//1487 197//197
f 1612//1471 5954//4478 1613//1472
f 5948//4472 1612//1471 1611//1470
f 5959//4483 5963//4487 5958//4482
f 5960//4484 5957//4481 5959//4483
f 5962//4486 5957//4481 5961//4485
f 2376//1885 2375//1884 323//227
f 2377//1886 5958//4482 2376//1885
f 5958//4482 2374//1883 2375//1884
f 325//257 5960//4484 2378//1887
f 2379//1888 5961//4485 5960//4484
f 2378//1887 5959//4483 2377//1886
f 327//259 5962//4486 2381//1890
f 2373//1882 5963//4487 5962//4486
f 2381//1890 5961//4485 2380//1889
f 5966//4490 5970//4494 5965//4489
f 5967//4491 5964//4488 5966//4490
f 5969//4493 5964//4488 5968//4492
f 2385//1894 2384//1893 324//235
f 2386//1895 5965//4489 2385//1894
f 5965//4489 2383//1892 2384//1893
f 328//260 5967//4491 2387//1896
f 2388//1897 5968//4492 5967//4491
f 2387//1896 5966//4490 2386//1895
f 326//258 5969//4493 2390//1899
f 2382//1891 5970//4494 5969//4493
f 2390//1899 5968//4492 2389//1898
f 5971//4495 5975//4499 5974//4498
f 5972//4496 5976//4500 5975//4499
f 5975//4499 5977//4501 5974//4498
f 5976//4500 5978//4502 5975//4499
f 2391//1900 3138//2298 437//308
f 2391//1900 5972//4496 5971//4495
f 2393//1902 5972//4496 2392//1901
f 2393//1902 2390//1899 5973//4497
f 5973//4497 2389//1898 5976//4500
f 2389//1898 5979//4503 5976//4500
f 2388//1897 3048//2217 5979//4503
f 5978//4502 3048//2217 3049//2218
f 5977//4501 3049//2218 3050//2219
f 3140//2299 3050//2219 438//289
f 5974//4498 3140//2299 3139//2168
f 5971//4495 3139//2168 3138//2298
f 5982//4506 5986//4510 5981//4505
f 5983//4507 5980//4504 5982//4506
f 5985//4509 5980//4504 5984//4508
f 2375//1884 2399//1908 323//227
f 2374//1883 5981//4505 2375//1884
f 5981//4505 2398//1907 2399//1908
f 327//259 5983//4507 2373//1882
f 2400//1909 5984//4508 5983//4507
f 2373//1882 5982//4506 2374//1883
f 329//261 5985//4509 2402//1911
f 2397//1906 5986//4510 5985//4509
f 2402//1911 5984//4508 2401//1910
f 5989//4513 5993//4517 5988//4512
f 5990//4514 5987//4511 5989//4513
f 5992//4516 5987//4511 5991//4515
f 2403//1912 2385//1894 324//235
f 2404//1913 5988//4512 2403//1912
f 5988//4512 2386//1895 2385//1894
f 330//262 5990//4514 2405//1914
f 2406//1915 5991//4515 5990//4514
f 2405//1914 5989//4513 2404//1913
f 328//260 5992//4516 2408//1917
f 2387//1896 5993//4517 5992//4516
f 2408//1917 5991//4515 2407//1916
f 5994//4518 5998//4522 5997//4521
f 5995//4519 5999//4523 5998//4522
f 5998//4522 6000//4524 5997//4521
f 5999//4523 6001//4525 5998//4522
f 438//289 5994//4518 3135//2295
f 3049//2218 5994//4518 3050//2219
f 3048//2217 5995//4519 3049//2218
f 3048//2217 2408//1917 5996//4520
f 5996//4520 2407//1916 5999//4523
f 2407//1916 6002//4526 5999//4523
f 2406//1915 3051//2220 6002//4526
f 6001//4525 3051//2220 3052//2221
f 6000//4524 3052//2221 3053//2222
f 3137//2297 3053//2222 439//290
f 5997//4521 3137//2297 3136//2296
f 5994//4518 3136//2296 3135//2295
f 6005//4529 6009//4533 6004//4528
f 6006//4530 6003//4527 6005//4529
f 6008//4532 6003//4527 6007//4531
f 2399//1908 2414//1923 323//227
f 2398//1907 6004//4528 2399//1908
f 6004//4528 2413//1922 2414//1923
f 329//261 6006//4530 2397//1906
f 2415//1924 6007//4531 6006//4530
f 2397//1906 6005//4529 2398//1907
f 331//263 6008//4532 2417//1926
f 2412//1921 6009//4533 6008//4532
f 2417//1926 6007//4531 2416//1925
f 6012//4536 6016//4540 6011//4535
f 6013//4537 6010//4534 6012//4536
f 6015//4539 6010//4534 6014//4538
f 2418//1927 2403//1912 324//235
f 2419//1928 6011//4535 2418//1927
f 6011//4535 2404//1913 2403//1912
f 332//264 6013//4537 2420//1929
f 2421//1930 6014//4538 6013//4537
f 2420//1929 6012//4536 2419//1928
f 330//262 6015//4539 2423//1932
f 2405//1914 6016//4540 6015//4539
f 2423//1932 6014//4538 2422//1931
f 6017//4541 6021//4545 6020//4544
f 6018//4542 6022//4546 6021//4545
f 6021//4545 6023//4547 6020//4544
f 6022//4546 6024//4548 6021//4545
f 3053//2222 3132//2292 439//290
f 3052//2221 6017//4541 3053//2222
f 3051//2220 6018//4542 3052//2221
f 3051//2220 2423//1932 6019//4543
f 6019//4543 2422//1931 6022//4546
f 2422//1931 6025//4549 6022//4546
f 2421//1930 3054//2223 6025//4549
f 6025//4549 3055//2224 6024//4548
f 6023//4547 3055//2224 3056//2225
f 3134//2294 3056//2225 440//291
f 3133//2293 6023//4547 3134//2294
f 3132//2292 6020//4544 3133//2293
f 6028//4552 6032//4556 6027//4551
f 6029//4553 6026//4550 6028//4552
f 6031//4555 6026//4550 6030//4554
f 2414//1923 2429//1938 323//227
f 2413//1922 6027//4551 2414//1923
f 6027//4551 2428//1937 2429//1938
f 331//263 6029//4553 2412//1921
f 2430//1939 6030//4554 6029//4553
f 2412//1921 6028//4552 2413//1922
f 333//265 6031//4555 2432//1941
f 2427//1936 6032//4556 6031//4555
f 2432//1941 6030//4554 2431//1940
f 6035//4559 6039//4563 6034//4558
f 6036//4560 6033//4557 6035//4559
f 6038//4562 6033//4557 6037//4561
f 2433//1942 2418//1927 324//235
f 2434//1943 6034//4558 2433//1942
f 6034//4558 2419//1928 2418//1927
f 334//266 6036//4560 2435//1944
f 2436//1945 6037//4561 6036//4560
f 2435//1944 6035//4559 2434//1943
f 332//264 6038//4562 2438//1947
f 2420//1929 6039//4563 6038//4562
f 2438//1947 6037//4561 2437//1946
f 6040//4564 6044//4568 6043//4567
f 6041//4565 6045//4569 6044//4568
f 6044//4568 6046//4570 6043//4567
f 6045//4569 6047//4571 6044//4568
f 3056//2225 3129//2290 440//291
f 3055//2224 6040//4564 3056//2225
f 3054//2223 6041//4565 3055//2224
f 3054//2223 2438//1947 6042//4566
f 6042//4566 2437//1946 6045//4569
f 2437//1946 6048//4572 6045//4569
f 2436//1945 3057//2226 6048//4572
f 6047//4571 3057//2226 3058//2227
f 6046//4570 3058//2227 3059//2228
f 3131//2291 3059//2228 441//231
f 6043//4567 3131//2291 3130//2159
f 6040//4564 3130//2159 3129//2290
f 6051//4575 6055//4579 6050//4574
f 6052//4576 6049//4573 6051//4575
f 6054//4578 6049//4573 6053//4577
f 2429//1938 2444//1953 323//227
f 2428//1937 6050//4574 2429//1938
f 6050//4574 2443//1952 2444//1953
f 333//265 6052//4576 2427//1936
f 2445//1954 6053//4577 6052//4576
f 2427//1936 6051//4575 2428//1937
f 335//267 6054//4578 2447//1956
f 2442//1951 6055//4579 6054//4578
f 2447//1956 6053//4577 2446//1955
f 6058//4582 6062//4586 6057//4581
f 6059//4583 6056//4580 6058//4582
f 6061//4585 6056//4580 6060//4584
f 2448//1957 2433//1942 324//235
f 2449//1958 6057//4581 2448//1957
f 6057//4581 2434//1943 2433//1942
f 336//268 6059//4583 2450//1959
f 2451//1960 6060//4584 6059//4583
f 2450//1959 6058//4582 2449//1958
f 334//266 6061//4585 2453//1962
f 2435//1944 6062//4586 6061//4585
f 2453//1962 6060//4584 2452//1961
f 6063//4587 6067//4591 6066//4590
f 6064//4588 6068//4592 6067//4591
f 6067//4591 6069//4593 6066//4590
f 6068//4592 6070//4594 6067//4591
f 441//231 6063//4587 3126//2288
f 3058//2227 6063//4587 3059//2228
f 3057//2226 6064//4588 3058//2227
f 3057//2226 2453//1962 6065//4589
f 6065//4589 2452//1961 6068//4592
f 2452//1961 6071//4595 6068//4592
f 2451//1960 3060//2229 6071//4595
f 6070//4594 3060//2229 3061//2230
f 6069//4593 3061//2230 3062//2231
f 3128//2157 3062//2231 442//309
f 3127//2289 6069//4593 3128//2157
f 6063//4587 3127//2289 3126//2288
f 6074//4598 6078//4602 6073//4597
f 6075//4599 6072//4596 6074//4598
f 6077//4601 6072//4596 6076//4600
f 2444//1953 2459//1968 323//227
f 2443//1952 6073//4597 2444//1953
f 6073//4597 2458//1967 2459//1968
f 335//267 6075//4599 2442//1951
f 2460//1969 6076//4600 6075//4599
f 2442//1951 6074//4598 2443//1952
f 337//269 6077//4601 2462//1971
f 2457//1966 6078//4602 6077//4601
f 2462//1971 6076//4600 2461//1970
f 6081//4605 6085//4609 6080//4604
f 6082//4606 6079//4603 6081//4605
f 6084//4608 6079//4603 6083//4607
f 2463//1972 2448//1957 324//235
f 2464//1973 6080//4604 2463//1972
f 6080//4604 2449//1958 2448//1957
f 338//270 6082//4606 2465//1974
f 2466//1975 6083//4607 6082//4606
f 2465//1974 6081//4605 2464//1973
f 336//268 6084//4608 2468//1977
f 2450//1959 6085//4609 6084//4608
f 2468//1977 6083//4607 2467//1976
f 6086//4610 6090//4614 6089//4613
f 6087//4611 6091//4615 6090//4614
f 6090//4614 6092//4616 6089//4613
f 6091//4615 6093//4617 6090//4614
f 3062//2231 3123//2285 442//309
f 3061//2230 6086//4610 3062//2231
f 3061//2230 6088//4612 6087//4611
f 3060//2229 2468//1977 6088//4612
f 6088//4612 2467//1976 6091//4615
f 2467//1976 6094//4618 6091//4615
f 2466//1975 3063//2232 6094//4618
f 6093//4617 3063//2232 3064//2233
f 6092//4616 3064//2233 3065//2234
f 3125//2287 3065//2234 443//310
f 6089//4613 3125//2287 3124//2286
f 6086//4610 3124//2286 3123//2285
f 6097//4621 6101//4625 6096//4620
f 6098//4622 6095//4619 6097//4621
f 6100//4624 6095//4619 6099//4623
f 2459//1968 2474//1983 323//227
f 2458//1967 6096//4620 2459//1968
f 6096//4620 2473//1982 2474//1983
f 337//269 6098//4622 2457//1966
f 2475//1984 6099//4623 6098//4622
f 2457//1966 6097//4621 2458//1967
f 339//271 6100//4624 2477//1986
f 2472//1981 6101//4625 6100//4624
f 2477//1986 6099//4623 2476//1985
f 6104//4628 6108//4632 6103//4627
f 6105//4629 6102//4626 6104//4628
f 6107//4631 6102//4626 6106//4630
f 2478//1987 2463//1972 324//235
f 2479//1988 6103//4627 2478//1987
f 6103//4627 2464//1973 2463//1972
f 340//272 6105//4629 2480//1989
f 2481//1990 6106//4630 6105//4629
f 2480//1989 6104//4628 2479//1988
f 338//270 6107//4631 2483//1992
f 2465//1974 6108//4632 6107//4631
f 2483//1992 6106//4630 2482//1991
f 6109//4633 6113//4637 6112//4636
f 6110//4634 6114//4638 6113//4637
f 6113//4637 6115//4639 6112//4636
f 6114//4638 6116//4640 6113//4637
f 3065//2234 3120//2149 443//310
f 3064//2233 6109//4633 3065//2234
f 3063//2232 6110//4634 3064//2233
f 3063//2232 2483//1992 6111//4635
f 6111//4635 2482//1991 6114//4638
f 2482//1991 6117//4641 6114//4638
f 2481//1990 3066//2235 6117//4641
f 6116//4640 3066//2235 3067//2236
f 6115//4639 3067//2236 3068//2237
f 6115//4639 444//311 3122//2284
f 3121//2283 6115//4639 3122//2284
f 3120//2149 6112//4636 3121//2283
f 6120//4644 6124//4648 6119//4643
f 6121//4645 6118//4642 6120//4644
f 6123//4647 6118//4642 6122//4646
f 2474//1983 2489//1998 323//227
f 2473//1982 6119//4643 2474//1983
f 6119//4643 2488//1997 2489//1998
f 339//271 6121//4645 2472//1981
f 2490//1999 6122//4646 6121//4645
f 2472//1981 6120//4644 2473//1982
f 341//273 6123//4647 2492//2001
f 2487//1996 6124//4648 6123//4647
f 2492//2001 6122//4646 2491//2000
f 6127//4651 6131//4655 6126//4650
f 6128//4652 6125//4649 6127//4651
f 6130//4654 6125//4649 6129//4653
f 2493//2002 2478//1987 324//235
f 2494//2003 6126//4650 2493//2002
f 6126//4650 2479//1988 2478//1987
f 342//274 6128//4652 2495//2004
f 2496//2005 6129//4653 6128//4652
f 2495//2004 6127//4651 2494//2003
f 340//272 6130//4654 2498//2007
f 2480//1989 6131//4655 6130//4654
f 2498//2007 6129//4653 2497//2006
f 6133//4657 6135//4659 6132//4656
f 6133//4657 6137//4661 6136//4660
f 6136//4660 6138//4662 6135//4659
f 6137//4661 6139//4663 6136//4660
f 3068//2237 3117//2281 444//311
f 3068//2237 6133//4657 6132//4656
f 3066//2235 6133//4657 3067//2236
f 3066//2235 2498//2007 6134//4658
f 6134//4658 2497//2006 6137//4661
f 2497//2006 6140//4664 6137//4661
f 2496//2005 3069//2238 6140//4664
f 6139//4663 3069//2238 3070//2239
f 6138//4662 3070//2239 3071//2240
f 6138//4662 445//193 3119//2148
f 6135//4659 3119//2148 3118//2282
f 3117//2281 6135//4659 3118//2282
f 6143//4667 6147//4671 6142//4666
f 6144//4668 6141//4665 6143//4667
f 6146//4670 6141//4665 6145//4669
f 2489//1998 2504//2013 323//227
f 2488//1997 6142//4666 2489//1998
f 6142//4666 2503//2012 2504//2013
f 341//273 6144//4668 2487//1996
f 2505//2014 6145//4669 6144//4668
f 2487//1996 6143//4667 2488//1997
f 343//275 6146//4670 2507//2016
f 2502//2011 6147//4671 6146//4670
f 2507//2016 6145//4669 2506//2015
f 6150//4674 6154//4678 6149//4673
f 6151//4675 6148//4672 6150//4674
f 6153//4677 6148//4672 6152//4676
f 2508//2017 2493//2002 324//235
f 2509//2018 6149//4673 2508//2017
f 6149//4673 2494//2003 2493//2002
f 344//276 6151//4675 2510//2019
f 2511//2020 6152//4676 6151//4675
f 2510//2019 6150//4674 2509//2018
f 342//274 6153//4677 2513//2022
f 2495//2004 6154//4678 6153//4677
f 2513//2022 6152//4676 2512//2021
f 6155//4679 6159//4683 6158//4682
f 6156//4680 6160//4684 6159//4683
f 6159//4683 6161//4685 6158//4682
f 6160//4684 6162//4686 6159//4683
f 3071//2240 3114//2143 445//193
f 3071//2240 6156//4680 6155//4679
f 3069//2238 6156//4680 3070//2239
f 3069//2238 2513//2022 6157//4681
f 6157//4681 2512//2021 6160//4684
f 2512//2021 6163//4687 6160//4684
f 2511//2020 3072//2241 6163//4687
f 6162//4686 3072//2241 3073//2242
f 6161//4685 3073//2242 3074//2243
f 3116//2280 3074//2243 446//312
f 6158//4682 3116//2280 3115//2279
f 6155//4679 3115//2279 3114//2143
f 6166//4690 6170//4694 6165//4689
f 6167//4691 6164//4688 6166//4690
f 6169//4693 6164//4688 6168//4692
f 2504//2013 2519//2028 323//227
f 2503//2012 6165//4689 2504//2013
f 6165//4689 2518//2027 2519//2028
f 343//275 6167//4691 2502//2011
f 2520//2029 6168//4692 6167//4691
f 2502//2011 6166//4690 2503//2012
f 345//277 6169//4693 2522//2031
f 2517//2026 6170//4694 6169//4693
f 2522//2031 6168//4692 2521//2030
f 6173//4697 6177//4701 6172//4696
f 6174//4698 6171//4695 6173//4697
f 6176//4700 6171//4695 6175//4699
f 2523//2032 2508//2017 324//235
f 2524//2033 6172//4696 2523//2032
f 6172//4696 2509//2018 2508//2017
f 346//278 6174//4698 2525//2034
f 2526//2035 6175//4699 6174//4698
f 2525//2034 6173//4697 2524//2033
f 344//276 6176//4700 2528//2037
f 2510//2019 6177//4701 6176//4700
f 2528//2037 6175//4699 2527//2036
f 6178//4702 6182//4706 6181//4705
f 6179//4703 6183//4707 6182//4706
f 6182//4706 6184//4708 6181//4705
f 6183//4707 6185//4709 6182//4706
f 446//312 6178//4702 3111//2277
f 3073//2242 6178//4702 3074//2243
f 3072//2241 6179//4703 3073//2242
f 3072//2241 2528//2037 6180//4704
f 6180//4704 2527//2036 6183//4707
f 2527//2036 6186//4710 6183//4707
f 2526//2035 3075//2244 6186//4710
f 6185//4709 3075//2244 3076//2245
f 6184//4708 3076//2245 3077//2246
f 3113//2142 3077//2246 447//313
f 6181//4705 3113//2142 3112//2278
f 6178//4702 3112//2278 3111//2277
f 6189//4713 6193//4717 6188//4712
f 6190//4714 6187//4711 6189//4713
f 6192//4716 6187//4711 6191//4715
f 2519//2028 2534//2043 323//227
f 2518//2027 6188//4712 2519//2028
f 6188//4712 2533//2042 2534//2043
f 345//277 6190//4714 2517//2026
f 2535//2044 6191//4715 6190//4714
f 2517//2026 6189//4713 2518//2027
f 347//279 6192//4716 2537//2046
f 2532//2041 6193//4717 6192//4716
f 2537//2046 6191//4715 2536//2045
f 6196//4720 6200//4724 6195//4719
f 6197//4721 6194//4718 6196//4720
f 6199//4723 6194//4718 6198//4722
f 2538//2047 2523//2032 324//235
f 2539//2048 6195//4719 2538//2047
f 6195//4719 2524//2033 2523//2032
f 348//280 6197//4721 2540//2049
f 2541//2050 6198//4722 6197//4721
f 2540//2049 6196//4720 2539//2048
f 346//278 6199//4723 2543//2052
f 2525//2034 6200//4724 6199//4723
f 2543//2052 6198//4722 2542//2051
f 6201//4725 6205//4729 6204//4728
f 6202//4726 6206//4730 6205//4729
f 6205//4729 6207//4731 6204//4728
f 6206//4730 6208//4732 6205//4729
f 3077//2246 3108//2274 447//313
f 3076//2245 6201//4725 3077//2246
f 3075//2244 6202//4726 3076//2245
f 3075//2244 2543//2052 6203//4727
f 6203//4727 2542//2051 6206//4730
f 2542//2051 6209//4733 6206//4730
f 2541//2050 3078//2247 6209//4733
f 6209//4733 3079//2248 6208//4732
f 6207//4731 3079//2248 3080//2249
f 6207//4731 448//314 3110//2276
f 3109//2275 6207//4731 3110//2276
f 3108//2274 6204//4728 3109//2275
f 6212//4736 6216//4740 6211//4735
f 6213//4737 6210//4734 6212//4736
f 6215//4739 6210//4734 6214//4738
f 2534//2043 2549//2058 323//227
f 2533//2042 6211//4735 2534//2043
f 6211//4735 2548//2057 2549//2058
f 347//279 6213//4737 2532//2041
f 2550//2059 6214//4738 6213//4737
f 2532//2041 6212//4736 2533//2042
f 349//281 6215//4739 2552//2061
f 2547//2056 6216//4740 6215//4739
f 2552//2061 6214//4738 2551//2060
f 6219//4743 6223//4747 6218//4742
f 6220//4744 6217//4741 6219//4743
f 6222//4746 6217//4741 6221//4745
f 2553//2062 2538//2047 324//235
f 2554//2063 6218//4742 2553//2062
f 6218//4742 2539//2048 2538//2047
f 350//282 6220//4744 2555//2064
f 2556//2065 6221//4745 6220//4744
f 2555//2064 6219//4743 2554//2063
f 348//280 6222//4746 2558//2067
f 2540//2049 6223//4747 6222//4746
f 2558//2067 6221//4745 2557//2066
f 6224//4748 6228//4752 6227//4751
f 6225//4749 6229//4753 6228//4752
f 6228//4752 6230//4754 6227//4751
f 6229//4753 6231//4755 6228//4752
f 3080//2249 3105//2134 448//314
f 3079//2248 6224//4748 3080//2249
f 3078//2247 6225//4749 3079//2248
f 3078//2247 2558//2067 6226//4750
f 6226//4750 2557//2066 6229//4753
f 2557//2066 6232//4756 6229//4753
f 2556//2065 3081//2250 6232//4756
f 6231//4755 3081//2250 3082//2251
f 6230//4754 3082//2251 3083//2252
f 3107//2273 3083//2252 449//239
f 6227//4751 3107//2273 3106//2272
f 3105//2134 6227//4751 3106//2272
f 6235//4759 6239//4763 6234//4758
f 6236//4760 6233//4757 6235//4759
f 6238//4762 6233//4757 6237//4761
f 2549//2058 2564//2073 323//227
f 2548//2057 6234//4758 2549//2058
f 6234//4758 2563//2072 2564//2073
f 349//281 6236//4760 2547//2056
f 2565//2074 6237//4761 6236//4760
f 2547//2056 6235//4759 2548//2057
f 351//283 6238//4762 2567//2076
f 2562//2071 6239//4763 6238//4762
f 2567//2076 6237//4761 2566//2075
f 6242//4766 6246//4770 6241//4765
f 6243//4767 6240//4764 6242//4766
f 6245//4769 6240//4764 6244//4768
f 2568//2077 2553//2062 324//235
f 2569//2078 6241//4765 2568//2077
f 6241//4765 2554//2063 2553//2062
f 352//284 6243//4767 2570//2079
f 2571//2080 6244//4768 6243//4767
f 2570//2079 6242//4766 2569//2078
f 350//282 6245//4769 2573//2082
f 2555//2064 6246//4770 6245//4769
f 2573//2082 6244//4768 2572//2081
f 6247//4771 6251//4775 6250//4774
f 6248//4772 6252//4776 6251//4775
f 6251//4775 6253//4777 6250//4774
f 6252//4776 6254//4778 6251//4775
f 3083//2252 3102//2270 449//239
f 3082//2251 6247//4771 3083//2252
f 3081//2250 6248//4772 3082//2251
f 3081//2250 2573//2082 6249//4773
f 6249//4773 2572//2081 6252//4776
f 2572//2081 6255//4779 6252//4776
f 2571//2080 3084//2253 6255//4779
f 6254//4778 3084//2253 3085//2254
f 6253//4777 3085//2254 3086//2255
f 3104//2271 3086//2255 450//298
f 6250//4774 3104//2271 3103//2132
f 6247//4771 3103//2132 3102//2270
f 6258//4782 6262//4786 6257//4781
f 6259//4783 6256//4780 6258//4782
f 6261//4785 6256//4780 6260//4784
f 2564//2073 2579//2088 323//227
f 2563//2072 6257//4781 2564//2073
f 6257//4781 2578//2087 2579//2088
f 351//283 6259//4783 2562//2071
f 2580//2089 6260//4784 6259//4783
f 2562//2071 6258//4782 2563//2072
f 353//285 6261//4785 2582//2091
f 2577//2086 6262//4786 6261//4785
f 2582//2091 6260//4784 2581//2090
f 6265//4789 6269//4793 6264//4788
f 6266//4790 6263//4787 6265//4789
f 6268//4792 6263//4787 6267//4791
f 2583//2092 2568//2077 324//235
f 2584//2093 6264//4788 2583//2092
f 6264//4788 2569//2078 2568//2077
f 354//286 6266//4790 2585//2094
f 2586//2095 6267//4791 6266//4790
f 2585//2094 6265//4789 2584//2093
f 352//284 6268//4792 2588//2097
f 2570//2079 6269//4793 6268//4792
f 2588//2097 6267//4791 2587//2096
f 6270//4794 6274//4798 6273//4797
f 6271//4795 6275//4799 6274//4798
f 6274//4798 6276//4800 6273//4797
f 6275//4799 6277//4801 6274//4798
f 3086//2255 3099//2267 450//298
f 3085//2254 6270//4794 3086//2255
f 3085//2254 6272//4796 6271//4795
f 3084//2253 2588//2097 6272//4796
f 6272//4796 2587//2096 6275//4799
f 2587//2096 6278//4802 6275//4799
f 2586//2095 3087//2256 6278//4802
f 6277//4801 3087//2256 3088//2257
f 6276//4800 3088//2257 3089//2258
f 3101//2269 3089//2258 451//299
f 6273//4797 3101//2269 3100//2268
f 6270//4794 3100//2268 3099//2267
f 6281//4805 6285//4809 6280//4804
f 6282//4806 6279//4803 6281//4805
f 6284//4808 6279//4803 6283//4807
f 2579//2088 2594//2103 323//227
f 2578//2087 6280//4804 2579//2088
f 6280//4804 2593//2102 2594//2103
f 353//285 6282//4806 2577//2086
f 2595//2104 6283//4807 6282//4806
f 2577//2086 6281//4805 2578//2087
f 355//287 6284//4808 2597//2106
f 2592//2101 6285//4809 6284//4808
f 2597//2106 6283//4807 2596//2105
f 6288//4812 6292//4816 6287//4811
f 6289//4813 6286//4810 6288//4812
f 6291//4815 6286//4810 6290//4814
f 2598//2107 2583//2092 324//235
f 2599//2108 6287//4811 2598//2107
f 6287//4811 2584//2093 2583//2092
f 356//288 6289//4813 2600//2109
f 2601//2110 6290//4814 6289//4813
f 2600//2109 6288//4812 2599//2108
f 354//286 6291//4815 2603//2112
f 2585//2094 6292//4816 6291//4815
f 2603//2112 6290//4814 2602//2111
f 6293//4817 6297//4821 6296//4820
f 6294//4818 6298//4822 6297//4821
f 6297//4821 6299//4823 6296//4820
f 6298//4822 6300//4824 6297//4821
f 3089//2258 3096//2264 451//299
f 3088//2257 6293//4817 3089//2258
f 3087//2256 6294//4818 3088//2257
f 3087//2256 2603//2112 6295//4819
f 6295//4819 2602//2111 6298//4822
f 2602//2111 6301//4825 6298//4822
f 2601//2110 3090//2259 6301//4825
f 6300//4824 3090//2259 3091//2260
f 6299//4823 3091//2260 3092//2261
f 6299//4823 452//300 3098//2266
f 3097//2265 6299//4823 3098//2266
f 3096//2264 6296//4820 3097//2265
f 6304//4828 6308//4832 6303//4827
f 6305//4829 6302//4826 6304//4828
f 6307//4831 6302//4826 6306//4830
f 2594//2103 2376//1885 323//227
f 2593//2102 6303//4827 2594//2103
f 6303//4827 2377//1886 2376//1885
f 355//287 6305//4829 2592//2101
f 2607//2116 6306//4830 6305//4829
f 2592//2101 6304//4828 2593//2102
f 325//257 6307//4831 2609//2118
f 2378//1887 6308//4832 6307//4831
f 2609//2118 6306//4830 2608//2117
f 6311//4835 6315//4839 6310//4834
f 6312//4836 6309//4833 6311//4835
f 6314//4838 6309//4833 6313//4837
f 2384//1893 2598//2107 324//235
f 2383//1892 6310//4834 2384//1893
f 6310//4834 2599//2108 2598//2107
f 326//258 6312//4836 2382//1891
f 2610//2119 6313//4837 6312//4836
f 2382//1891 6311//4835 2383//1892
f 356//288 6314//4838 2612//2121
f 2600//2109 6315//4839 6314//4838
f 2612//2121 6313//4837 2611//2120
f 6317//4841 6319//4843 6316//4840
f 6317//4841 6321//4845 6320//4844
f 6320//4844 6322//4846 6319//4843
f 6321//4845 6323//4847 6320//4844
f 3092//2261 3093//2262 452//300
f 3092//2261 6317//4841 6316//4840
f 3090//2259 6317//4841 3091//2260
f 3090//2259 2612//2121 6318//4842
f 6318//4842 2611//2120 6321//4845
f 2611//2120 6324//4848 6321//4845
f 2610//2119 2393//1902 6324//4848
f 6323//4847 2393//1902 2392//1901
f 6322//4846 2392//1901 2391//1900
f 6322//4846 437//308 3095//2263
f 3094//2123 6322//4846 3095//2263
f 3093//2262 6319//4843 3094//2123
f 6326//2167 6328//2168 6325//2167
f 6327//2167 6329//2168 6326//2167
f 6329//2168 6331//2169 6328//2168
f 6330//2168 6332//2169 6329//2168
f 404//194 6325//2167 2850//2167
f 2706//194 6326//2167 6325//2167
f 2708//194 6326//2167 2707//194
f 388//194 6327//2167 2708//194
f 6327//2167 2710//2168 6330//2168
f 2710//2168 6333//2169 6330//2168
f 6333//2169 373//289 2757//289
f 6332//2169 2757//289 2758//289
f 6331//2169 2758//289 2759//289
f 6331//2169 389//289 2852//2169
f 6328//2168 2852//2169 2851//2168
f 6325//2167 2851//2168 2850//2167
f 6335//2164 6337//2165 6334//2164
f 6336//2164 6338//2165 6335//2164
f 6338//2165 6340//2166 6337//2165
f 6339//2165 6341//2166 6338//2165
f 389//289 6334//2164 2847//2164
f 2759//289 6335//2164 6334//2164
f 2757//289 6335//2164 2758//289
f 373//289 6336//2164 2757//289
f 6336//2164 2713//2165 6339//2165
f 2713//2165 6342//2166 6339//2165
f 6342//2166 374//290 2760//290
f 6341//2166 2760//290 2761//290
f 6340//2166 2761//290 2762//290
f 6340//2166 390//290 2849//2166
f 6337//2165 2849//2166 2848//2165
f 6334//2164 2848//2165 2847//2164
f 6344//2161 6346//2162 6343//2161
f 6345//2161 6347//2162 6344//2161
f 6347//2162 6349//2163 6346//2162
f 6348//2162 6350//2163 6347//2162
f 390//290 6343//2161 2844//2161
f 2762//290 6344//2161 6343//2161
f 2760//290 6344//2161 2761//290
f 374//290 6345//2161 2760//290
f 6345//2161 2716//2162 6348//2162
f 2716//2162 6351//2163 6348//2162
f 6351//2163 375//291 2763//291
f 6350//2163 2763//291 2764//291
f 6349//2163 2764//291 2765//291
f 6349//2163 391//291 2846//2163
f 6346//2162 2846//2163 2845//2162
f 6343//2161 2845//2162 2844//2161
f 6353//2170 6355//2159 6352//2158
f 6354//2158 6356//2159 6353//2170
f 6356//2159 6358//2160 6355//2159
f 6357//2159 6359//2160 6356//2159
f 391//291 6352//2158 2841//2158
f 2765//291 6353//2170 6352//2158
f 2763//291 6353//2170 2764//291
f 375//291 6354//2158 2763//291
f 6354//2158 2719//2159 6357//2159
f 2719//2159 6360//2160 6357//2159
f 6360//2160 376//231 2766//231
f 6359//2160 2766//231 2767//231
f 6358//2160 2767//231 2768//231
f 2843//2160 2768//231 392//231
f 6355//2159 2843//2160 2842//2159
f 6352//2158 2842//2159 2841//2158
f 6362//2155 6364//2156 6361//2155
f 6363//2155 6365//2156 6362//2155
f 6365//2156 6367//2171 6364//2156
f 6366//2156 6368//2157 6365//2156
f 392//231 6361//2155 2838//2155
f 2768//231 6362//2155 6361//2155
f 2766//231 6362//2155 2767//231
f 376//231 6363//2155 2766//231
f 6363//2155 2722//2156 6366//2156
f 2722//2156 6369//2171 6366//2156
f 6369//2171 377//292 2769//292
f 6368//2157 2769//292 2770//292
f 6368//2157 2771//292 6367//2171
f 6367//2171 393//292 2840//2171
f 6364//2156 2840//2171 2839//2156
f 6361//2155 2839//2156 2838//2155
f 6371//2152 6373//2153 6370//2152
f 6372//2152 6374//2153 6371//2152
f 6374//2153 6376//2154 6373//2153
f 6375//2153 6377//2154 6374//2153
f 393//292 6370//2152 2835//2152
f 2770//292 6370//2152 2771//292
f 2769//292 6371//2152 2770//292
f 377//292 6372//2152 2769//292
f 6372//2152 2725//2153 6375//2153
f 2725//2153 6378//2154 6375//2153
f 6378//2154 378//293 2772//293
f 6377//2154 2772//293 2773//293
f 6376//2154 2773//293 2774//293
f 6376//2154 394//293 2837//2154
f 6373//2153 2837//2154 2836//2153
f 6370//2152 2836//2153 2835//2152
f 6380//2149 6382//2150 6379//2149
f 6380//2149 6384//2150 6383//2150
f 6383//2150 6385//2151 6382//2150
f 6384//2150 6386//2151 6383//2150
f 394//293 6379//2149 2832//2149
f 2774//293 6380//2149 6379//2149
f 2772//293 6380//2149 2773//293
f 378//293 6381//2149 2772//293
f 6381//2149 2728//2150 6384//2150
f 2728//2150 6387//2151 6384//2150
f 6387//2151 379//294 2775//294
f 6386//2151 2775//294 2776//294
f 6386//2151 2777//294 6385//2151
f 6385//2151 395//294 2834//2151
f 6382//2150 2834//2151 2833//2150
f 6379//2149 2833//2150 2832//2149
f 6389//2146 6391//2147 6388//2146
f 6390//2146 6392//2147 6389//2146
f 6392//2147 6394//2148 6391//2147
f 6393//2147 6395//2148 6392//2147
f 395//294 6388//2146 2829//2146
f 2777//294 6389//2146 6388//2146
f 2775//294 6389//2146 2776//294
f 379//294 6390//2146 2775//294
f 6390//2146 2731//2147 6393//2147
f 2731//2147 6396//2148 6393//2147
f 6396//2148 380//193 2778//193
f 6395//2148 2778//193 2779//193
f 6394//2148 2779//193 2780//193
f 6394//2148 396//193 2831//2148
f 6391//2147 2831//2148 2830//2147
f 6388//2146 2830//2147 2829//2146
f 6398//2143 6400//2144 6397//2143
f 6399//2143 6401//2144 6398//2143
f 6401//2144 6403//2145 6400//2144
f 6402//2144 6404//2145 6401//2144
f 396//193 6397//2143 2826//2143
f 2780//193 6398//2143 6397//2143
f 2778//193 6398//2143 2779//193
f 380//193 6399//2143 2778//193
f 6399//2143 2734//2144 6402//2144
f 2734//2144 6405//2145 6402//2144
f 6405//2145 381//295 2781//295
f 6404//2145 2781//295 2782//295
f 6404//2145 2783//295 6403//2145
f 6403//2145 397//295 2828//2145
f 6400//2144 2828//2145 2827//2144
f 6397//2143 2827//2144 2826//2143
f 6407//2140 6409//2141 6406//2140
f 6408//2140 6410//2141 6407//2140
f 6410//2141 6412//2142 6409//2141
f 6411//2141 6413//2142 6410//2141
f 397//295 6406//2140 2823//2140
f 2783//295 6407//2140 6406//2140
f 2781//295 6407//2140 2782//295
f 381//295 6408//2140 2781//295
f 6408//2140 2737//2141 6411//2141
f 2737//2141 6414//2142 6411//2141
f 6414//2142 382//296 2784//296
f 6413//2142 2784//296 2785//296
f 6412//2142 2785//296 2786//296
f 6412//2142 398//296 2825//2142
f 6409//2141 2825//2142 2824//2141
f 6406//2140 2824//2141 2823//2140
f 6416//2137 6418//2138 6415//2137
f 6417//2137 6419//2138 6416//2137
f 6419//2138 6421//2139 6418//2138
f 6420//2138 6422//2139 6419//2138
f 398//296 6415//2137 2820//2137
f 2786//296 6416//2137 6415//2137
f 2784//296 6416//2137 2785//296
f 382//296 6417//2137 2784//296
f 6417//2137 2740//2138 6420//2138
f 2740//2138 6423//2139 6420//2138
f 6423//2139 383//297 2787//297
f 6422//2139 2787//297 2788//297
f 6422//2139 2789//297 6421//2139
f 6421//2139 399//297 2822//2139
f 6418//2138 2822//2139 2821//2138
f 6415//2137 2821//2138 2820//2137
f 6425//2174 6427//2135 6424//2174
f 6426//2134 6428//2135 6425//2174
f 6428//2135 6430//2136 6427//2135
f 6429//2135 6431//2136 6428//2135
f 399//297 6424//2174 2817//2174
f 2789//297 6425//2174 6424//2174
f 2787//297 6425//2174 2788//297
f 383//297 6426//2134 2787//297
f 6426//2134 2743//2135 6429//2135
f 2743//2135 6432//2136 6429//2135
f 6432//2136 384//239 2790//239
f 6431//2136 2790//239 2791//239
f 6430//2136 2791//239 2792//239
f 6430//2136 400//239 2819//2136
f 6427//2135 2819//2136 2818//2135
f 6424//2174 2818//2135 2817//2174
f 6434//2131 6436//2132 6433//2131
f 6435//2131 6437//2132 6434//2131
f 6437//2132 6439//2172 6436//2132
f 6438//2132 6440//2172 6437//2132
f 400//239 6433//2131 2814//2131
f 2792//239 6434//2131 6433//2131
f 2790//239 6434//2131 2791//239
f 384//239 6435//2131 2790//239
f 6435//2131 2746//2132 6438//2132
f 2746//2132 6441//2172 6438//2132
f 6441//2172 385//298 2793//298
f 6440//2172 2793//298 2794//298
f 6439//2172 2794//298 2795//298
f 6439//2172 401//298 2816//2172
f 6436//2132 2816//2172 2815//2132
f 6433//2131 2815//2132 2814//2131
f 6443//2128 6445//2129 6442//2128
f 6443//2128 6447//2129 6446//2129
f 6446//2129 6448//2130 6445//2129
f 6447//2129 6449//2130 6446//2129
f 401//298 6442//2128 2811//2128
f 2795//298 6443//2128 6442//2128
f 2793//298 6443//2128 2794//298
f 385//298 6444//2128 2793//298
f 6444//2128 2749//2129 6447//2129
f 2749//2129 6450//2130 6447//2129
f 6450//2130 386//299 2796//299
f 6449//2130 2796//299 2797//299
f 6449//2130 2798//299 6448//2130
f 6448//2130 402//299 2813//2130
f 6445//2129 2813//2130 2812//2129
f 6442//2128 2812//2129 2811//2128
f 6452//2125 6454//2126 6451//2125
f 6452//2125 6456//2126 6455//2126
f 6455//2126 6457//2127 6454//2126
f 6456//2126 6458//2127 6455//2126
f 402//299 6451//2125 2808//2125
f 2798//299 6452//2125 6451//2125
f 2796//299 6452//2125 2797//299
f 386//299 6453//2125 2796//299
f 6453//2125 2752//2173 6456//2126
f 2752//2173 6459//2127 6456//2126
f 6459//2127 387//300 2799//300
f 6458//2127 2799//300 2800//300
f 6458//2127 2801//300 6457//2127
f 6457//2127 403//300 2810//2127
f 6454//2126 2810//2127 2809//2126
f 6451//2125 2809//2126 2808//2125
f 6461//2122 6463//2123 6460//2122
f 6462//2122 6464//2123 6461//2122
f 6464//2123 6466//2124 6463//2123
f 6465//2123 6467//2124 6464//2123
f 403//300 6460//2122 2805//2122
f 2801//300 6461//2122 6460//2122
f 2799//300 6461//2122 2800//300
f 387//300 6462//2122 2799//300
f 6462//2122 2755//2123 6465//2123
f 2755//2123 6468//2124 6465//2123
f 6468//2124 388//194 2708//194
f 6467//2124 2708//194 2707//194
f 6466//2124 2707//194 2706//194
f 2807//2124 2706//194 404//194
f 6463//2123 2807//2124 2806//2123
f 6460//2122 2806//2123 2805//2122
f 6469//2122 6473//2123 6472//2123
f 6471//2122 6473//2123 6470//2122
f 6473//2123 6475//2124 6472//2123
f 6473//2123 6477//2124 6476//2124
f 2897//300 2946//2214 419//307
f 2896//300 6469//2122 2897//300
f 2895//300 6470//2122 2896//300
f 403//300 6471//2122 2895//300
f 2805//2122 6474//2123 6471//2122
f 2806//2123 6477//2124 6474//2123
f 2807//2124 2804//194 6477//2124
f 6477//2124 2803//194 6476//2124
f 6475//2124 2803//194 2802//194
f 2948//2124 2802//194 420//194
f 6472//2123 2948//2124 2947//2215
f 2946//2214 6472//2123 2947//2215
f 6478//2125 6482//2126 6481//2126
f 6479//2125 6483//2126 6482//2126
f 6481//2126 6485//2127 6484//2127
f 6482//2126 6486//2127 6485//2127
f 2894//299 2943//2125 418//306
f 2893//299 6478//2125 2894//299
f 2892//299 6479//2125 2893//299
f 402//299 6480//2125 2892//299
f 6480//2125 2809//2126 6483//2126
f 2809//2126 6486//2127 6483//2126
f 2810//2127 2895//300 6486//2127
f 6486//2127 2896//300 6485//2127
f 6484//2127 2896//300 2897//300
f 2945//2213 2897//300 419//307
f 6481//2126 2945//2213 2944//2212
f 2943//2125 6481//2126 2944//2212
f 6488//2128 6490//2129 6487//2128
f 6489//2128 6491//2129 6488//2128
f 6491//2129 6493//2130 6490//2129
f 6491//2129 6495//2130 6494//2130
f 2891//298 2940//2209 417//305
f 2890//298 6487//2128 2891//298
f 2889//298 6488//2128 2890//298
f 401//298 6489//2128 2889//298
f 6489//2128 2812//2129 6492//2129
f 2812//2129 6495//2130 6492//2129
f 2813//2130 2892//299 6495//2130
f 6494//2130 2892//299 2893//299
f 6493//2130 2893//299 2894//299
f 2942//2211 2894//299 418//306
f 6490//2129 2942//2211 2941//2210
f 2940//2209 6490//2129 2941//2210
f 6497//2131 6499//2132 6496//2131
f 6498//2131 6500//2132 6497//2131
f 6499//2132 6503//2172 6502//2133
f 6500//2132 6504//2133 6503//2172
f 2888//239 2937//2207 416//239
f 2887//239 6496//2131 2888//239
f 2886//239 6497//2131 2887//239
f 400//239 6498//2131 2886//239
f 6498//2131 2815//2132 6501//2132
f 2815//2132 6504//2133 6501//2132
f 2816//2172 2889//298 6504//2133
f 6504//2133 2890//298 6503//2172
f 6502//2133 2890//298 2891//298
f 2939//2133 2891//298 417//305
f 6499//2132 2939//2133 2938//2208
f 2937//2207 6499//2132 2938//2208
f 6505//2134 6509//2135 6508//2135
f 6507//2174 6509//2135 6506//2134
f 6509//2135 6511//2136 6508//2135
f 6509//2135 6513//2136 6512//2136
f 2885//297 2934//2205 415//297
f 2884//297 6505//2134 2885//297
f 2883//297 6506//2134 2884//297
f 399//297 6507//2174 2883//297
f 6507//2174 2818//2135 6510//2135
f 2818//2135 6513//2136 6510//2135
f 2819//2136 2886//239 6513//2136
f 6513//2136 2887//239 6512//2136
f 6511//2136 2887//239 2888//239
f 2936//2206 2888//239 416//239
f 6508//2135 2936//2206 2935//2135
f 2934//2205 6508//2135 2935//2135
f 6514//2137 6518//2138 6517//2138
f 6515//2137 6519//2138 6518//2138
f 6518//2138 6520//2139 6517//2138
f 6518//2138 6522//2139 6521//2139
f 2882//296 2931//2202 414//296
f 2881//296 6514//2137 2882//296
f 2880//296 6515//2137 2881//296
f 398//296 6516//2137 2880//296
f 6516//2137 2821//2138 6519//2138
f 2821//2138 6522//2139 6519//2138
f 2822//2139 2883//297 6522//2139
f 6522//2139 2884//297 6521//2139
f 6520//2139 2884//297 2885//297
f 2933//2204 2885//297 415//297
f 6517//2138 2933//2204 2932//2203
f 2931//2202 6517//2138 2932//2203
f 6523//2140 6527//2141 6526//2141
f 6525//2140 6527//2141 6524//2140
f 6527//2141 6529//2142 6526//2141
f 6527//2141 6531//2142 6530//2142
f 2879//295 2928//2199 413//295
f 2878//295 6523//2140 2879//295
f 2877//295 6524//2140 2878//295
f 397//295 6525//2140 2877//295
f 6525//2140 2824//2141 6528//2141
f 2824//2141 6531//2142 6528//2141
f 2825//2142 2880//296 6531//2142
f 6531//2142 2881//296 6530//2142
f 6529//2142 2881//296 2882//296
f 2930//2201 2882//296 414//296
f 6526//2141 2930//2201 2929//2200
f 2928//2199 6526//2141 2929//2200
f 6532//2143 6536//2144 6535//2144
f 6534//2143 6536//2144 6533//2143
f 6536//2144 6538//2145 6535//2144
f 6536//2144 6540//2145 6539//2145
f 2876//193 2925//2197 412//304
f 2875//193 6532//2143 2876//193
f 2874//193 6533//2143 2875//193
f 396//193 6534//2143 2874//193
f 6534//2143 2827//2144 6537//2144
f 2827//2144 6540//2145 6537//2144
f 2828//2145 2877//295 6540//2145
f 6540//2145 2878//295 6539//2145
f 6538//2145 2878//295 2879//295
f 2927//2198 2879//295 413//295
f 6535//2144 2927//2198 2926//2144
f 2925//2197 6535//2144 2926//2144
f 6541//2146 6545//2147 6544//2147
f 6542//2146 6546//2147 6545//2147
f 6544//2147 6548//2148 6547//2148
f 6545//2147 6549//2148 6548//2148
f 2873//294 2922//2195 411//294
f 2872//294 6541//2146 2873//294
f 2871//294 6542//2146 2872//294
f 2871//294 2829//2146 6543//2146
f 6543//2146 2830//2147 6546//2147
f 2830//2147 6549//2148 6546//2147
f 2831//2148 2874//193 6549//2148
f 6549//2148 2875//193 6548//2148
f 6547//2148 2875//193 2876//193
f 2924//2196 2876//193 412//304
f 6544//2147 2924//2196 2923//2147
f 2922//2195 6544//2147 2923//2147
f 6550//2149 6554//2150 6553//2150
f 6552//2149 6554//2150 6551//2149
f 6554//2150 6556//2151 6553//2150
f 6554//2150 6558//2151 6557//2151
f 2870//293 2919//2192 410//293
f 2869//293 6550//2149 2870//293
f 2868//293 6551//2149 2869//293
f 394//293 6552//2149 2868//293
f 6552//2149 2833//2150 6555//2150
f 2833//2150 6558//2151 6555//2150
f 2834//2151 2871//294 6558//2151
f 6558//2151 2872//294 6557//2151
f 6556//2151 2872//294 2873//294
f 2921//2194 2873//294 411//294
f 6553//2150 2921//2194 2920//2193
f 2919//2192 6553//2150 2920//2193
f 6559//2152 6563//2153 6562//2153
f 6561//2152 6563//2153 6560//2152
f 6562//2153 6566//2154 6565//2154
f 6563//2153 6567//2154 6566//2154
f 2867//292 2916//2189 409//292
f 2866//292 6559//2152 2867//292
f 2865//292 6560//2152 2866//292
f 393//292 6561//2152 2865//292
f 6561//2152 2836//2153 6564//2153
f 2836//2153 6567//2154 6564//2153
f 2837//2154 2868//293 6567//2154
f 6567//2154 2869//293 6566//2154
f 6565//2154 2869//293 2870//293
f 2918//2191 2870//293 410//293
f 6562//2153 2918//2191 2917//2190
f 2916//2189 6562//2153 2917//2190
f 6568//2155 6572//2156 6571//2156
f 6570//2155 6572//2156 6569//2155
f 6572//2156 6574//2171 6571//2156
f 6572//2156 6576//2171 6575//2171
f 2864//231 2913//2187 408//231
f 2863//231 6568//2155 2864//231
f 2862//231 6569//2155 2863//231
f 2862//231 2838//2155 6570//2155
f 2838//2155 6573//2156 6570//2155
f 2839//2156 6576//2171 6573//2156
f 2840//2171 2865//292 6576//2171
f 6576//2171 2866//292 6575//2171
f 6574//2171 2866//292 2867//292
f 2915//2188 2867//292 409//292
f 6571//2156 2915//2188 2914//2156
f 2913//2187 6571//2156 2914//2156
f 6577//2158 6581//2159 6580//2159
f 6578//2170 6582//2159 6581//2159
f 6581//2159 6583//2160 6580//2159
f 6581//2159 6585//2160 6584//2160
f 2861//291 2910//2158 407//303
f 2860//291 6577//2158 2861//291
f 2859//291 6578//2170 2860//291
f 391//291 6579//2158 2859//291
f 6579//2158 2842//2159 6582//2159
f 2842//2159 6585//2160 6582//2159
f 2843//2160 2862//231 6585//2160
f 6585//2160 2863//231 6584//2160
f 6583//2160 2863//231 2864//231
f 2912//2186 2864//231 408//231
f 6580//2159 2912//2186 2911//2185
f 2910//2158 6580//2159 2911//2185
f 6587//2161 6589//2162 6586//2161
f 6588//2161 6590//2162 6587//2161
f 6590//2162 6592//2163 6589//2162
f 6590//2162 6594//2163 6593//2163
f 2858//290 2907//2182 406//302
f 2857//290 6586//2161 2858//290
f 2856//290 6587//2161 2857//290
f 390//290 6588//2161 2856//290
f 6588//2161 2845//2162 6591//2162
f 2845//2162 6594//2163 6591//2162
f 2846//2163 2859//291 6594//2163
f 6594//2163 2860//291 6593//2163
f 6592//2163 2860//291 2861//291
f 2909//2184 2861//291 407//303
f 6589//2162 2909//2184 2908//2183
f 2907//2182 6589//2162 2908//2183
f 6596//2164 6598//2165 6595//2164
f 6597//2164 6599//4849 6596//2164
f 6599//4849 6601//2166 6598//2165
f 6599//4849 6603//2166 6602//2166
f 2855//289 2904//2180 405//301
f 2854//289 6595//2164 2855//289
f 2853//289 6596//2164 2854//289
f 389//289 6597//2164 2853//289
f 6597//2164 2848//2165 6600//2165
f 2848//2165 6603//2166 6600//2165
f 2849//2166 2856//290 6603//2166
f 6603//2166 2857//290 6602//2166
f 6601//2166 2857//290 2858//290
f 2906//2166 2858//290 406//302
f 6598//2165 2906//2166 2905//2181
f 2904//2180 6598//2165 2905//2181
f 6605//2167 6607//2168 6604//2167
f 6605//2167 6609//2168 6608//2168
f 6608//2168 6610//2169 6607//2168
f 6608//2168 6612//2169 6611//2169
f 2802//194 2901//2167 420//194
f 2803//194 6604//2167 2802//194
f 2804//194 6605//2167 2803//194
f 404//194 6606//2167 2804//194
f 6606//2167 2851//2168 6609//2168
f 2851//2168 6612//2169 6609//2168
f 2852//2169 2853//289 6612//2169
f 6612//2169 2854//289 6611//2169
f 6610//2169 2854//289 2855//289
f 2903//2179 2855//289 405//301
f 6607//2168 2903//2179 2902//2178
f 2901//2167 6607//2168 2902//2178
f 6614//4851 6616//4853 6613//4850
f 6615//4852 6617//4854 6614//4851
f 6616//4853 6620//4857 6619//4856
f 6617//4854 6621//4858 6620//4857
f 2898//2175 2379//1888 325//257
f 2899//2176 6613//4850 2898//2175
f 2900//2177 6614//4851 2899//2176
f 420//194 6615//4852 2900//2177
f 6615//4852 2902//2178 6618//4855
f 2902//2178 6621//4858 6618//4855
f 2903//2179 2394//1903 6621//4858
f 6621//4858 2395//1904 6620//4857
f 6619//4856 2395//1904 2396//1905
f 2381//1890 2396//1905 327//259
f 2380//1889 6619//4856 2381//1890
f 6613//4850 2380//1889 2379//1888
f 6623//4860 6625//4862 6622//4859
f 6624//4861 6626//4863 6623//4860
f 6625//4862 6629//4866 6628//4865
f 6626//4863 6630//4867 6629//4866
f 2396//1905 2400//1909 327//259
f 2395//1904 6622//4859 2396//1905
f 2394//1903 6623//4860 2395//1904
f 405//301 6624//4861 2394//1903
f 6624//4861 2905//2181 6627//4864
f 2905//2181 6630//4867 6627//4864
f 6630//4867 406//302 2409//1918
f 6630//4867 2410//1919 6629//4866
f 6628//4865 2410//1919 2411//1920
f 2402//1911 2411//1920 329//261
f 2401//1910 6628//4865 2402//1911
f 6622//4859 2401//1910 2400//1909
f 6632//4869 6634//4871 6631//4868
f 6633//4870 6635//4872 6632//4869
f 6634//4871 6638//4875 6637//4874
f 6635//4872 6639//4876 6638//4875
f 2411//1920 2415//1924 329//261
f 2410//1919 6631//4868 2411//1920
f 2410//1919 6633//4870 6632//4869
f 2409//1918 2907//2182 6633//4870
f 6633//4870 2908//2183 6636//4873
f 2908//2183 6639//4876 6636//4873
f 6639//4876 407//303 2424//1933
f 6639//4876 2425//1934 6638//4875
f 6637//4874 2425//1934 2426//1935
f 2417//1926 2426//1935 331//263
f 2416//1925 6637//4874 2417//1926
f 6631//4868 2416//1925 2415//1924
f 6641//4878 6643//4880 6640//4877
f 6642//4879 6644//4881 6641//4878
f 6643//4880 6647//4884 6646//4883
f 6644//4881 6648//4885 6647//4884
f 2426//1935 2430//1939 331//263
f 2425//1934 6640//4877 2426//1935
f 2424//1933 6641//4878 2425//1934
f 407//303 6642//4879 2424//1933
f 6642//4879 2911//2185 6645//4882
f 2911//2185 6648//4885 6645//4882
f 6648//4885 408//231 2439//1948
f 6648//4885 2440//1949 6647//4884
f 6646//4883 2440//1949 2441//1950
f 2432//1941 2441//1950 333//265
f 2431//1940 6646//4883 2432//1941
f 6640//4877 2431//1940 2430//1939
f 6650//4887 6652//4889 6649//4886
f 6651//4888 6653//4890 6650//4887
f 6652//4889 6656//4893 6655//4892
f 6653//4890 6657//4894 6656//4893
f 2441//1950 2445//1954 333//265
f 2440//1949 6649//4886 2441//1950
f 2440//1949 6651//4888 6650//4887
f 408//231 6651//4888 2439//1948
f 6651//4888 2914//2156 6654//4891
f 2914//2156 6657//4894 6654//4891
f 6657//4894 409//292 2454//1963
f 6657//4894 2455//1964 6656//4893
f 6655//4892 2455//1964 2456//1965
f 2447//1956 2456//1965 335//267
f 2446//1955 6655//4892 2447//1956
f 6649//4886 2446//1955 2445//1954
f 6659//4896 6661//4898 6658//4895
f 6660//4897 6662//4899 6659//4896
f 6661//4898 6665//4902 6664//4901
f 6662//4899 6666//4903 6665//4902
f 2456//1965 2460//1969 335//267
f 2455//1964 6658//4895 2456//1965
f 2454//1963 6659//4896 2455//1964
f 409//292 6660//4897 2454//1963
f 6660//4897 2917//2190 6663//4900
f 2917//2190 6666//4903 6663//4900
f 2918//2191 2469//1978 6666//4903
f 6666//4903 2470//1979 6665//4902
f 6664//4901 2470//1979 2471//1980
f 2462//1971 2471//1980 337//269
f 2461//1970 6664//4901 2462//1971
f 6658//4895 2461//1970 2460//1969
f 6668//4905 6670//4907 6667//4904
f 6669//4906 6671//4908 6668//4905
f 6670//4907 6674//4911 6673//4910
f 6671//4908 6675//4912 6674//4911
f 2471//1980 2475//1984 337//269
f 2470//1979 6667//4904 2471//1980
f 2470//1979 6669//4906 6668//4905
f 410//293 6669//4906 2469//1978
f 6669//4906 2920//2193 6672//4909
f 2920//2193 6675//4912 6672//4909
f 6675//4912 411//294 2484//1993
f 6674//4911 2484//1993 2485//1994
f 6673//4910 2485//1994 2486//1995
f 2477//1986 2486//1995 339//271
f 2476//1985 6673//4910 2477//1986
f 6667//4904 2476//1985 2475//1984
f 6677//4914 6679//4916 6676//4913
f 6678//4915 6680//4917 6677//4914
f 6679//4916 6683//4920 6682//4919
f 6680//4917 6684//4921 6683//4920
f 2486//1995 2490//1999 339//271
f 2485//1994 6676//4913 2486//1995
f 2485//1994 6678//4915 6677//4914
f 411//294 6678//4915 2484//1993
f 6678//4915 2923//2147 6681//4918
f 2923//2147 6684//4921 6681//4918
f 6684//4921 412//304 2499//2008
f 6684//4921 2500//2009 6683//4920
f 6682//4919 2500//2009 2501//2010
f 2492//2001 2501//2010 341//273
f 2491//2000 6682//4919 2492//2001
f 6676//4913 2491//2000 2490//1999
f 6686//4923 6688//4925 6685//4922
f 6687//4924 6689//4926 6686//4923
f 6688//4925 6692//4929 6691//4928
f 6689//4926 6693//4930 6692//4929
f 2501//2010 2505//2014 341//273
f 2500//2009 6685//4922 2501//2010
f 2499//2008 6686//4923 2500//2009
f 412//304 6687//4924 2499//2008
f 6687//4924 2926//2144 6690//4927
f 2926//2144 6693//4930 6690//4927
f 2927//2198 2514//2023 6693//4930
f 6693//4930 2515//2024 6692//4929
f 6691//4928 2515//2024 2516//2025
f 2507//2016 2516//2025 343//275
f 2506//2015 6691//4928 2507//2016
f 6685//4922 2506//2015 2505//2014
f 6695//4932 6697//4934 6694//4931
f 6696//4933 6698//4935 6695//4932
f 6697//4934 6701//4938 6700//4937
f 6698//4935 6702//4939 6701//4938
f 2516//2025 2520//2029 343//275
f 2515//2024 6694//4931 2516//2025
f 2514//2023 6695//4932 2515//2024
f 413//295 6696//4933 2514//2023
f 6696//4933 2929//2200 6699//4936
f 2929//2200 6702//4939 6699//4936
f 6702//4939 414//296 2529//2038
f 6702//4939 2530//2039 6701//4938
f 6700//4937 2530//2039 2531//2040
f 2522//2031 2531//2040 345//277
f 2521//2030 6700//4937 2522//2031
f 6694//4931 2521//2030 2520//2029
f 6704//4941 6706//4943 6703//4940
f 6705//4942 6707//4944 6704//4941
f 6706//4943 6710//4947 6709//4946
f 6707//4944 6711//4948 6710//4947
f 2531//2040 2535//2044 345//277
f 2530//2039 6703//4940 2531//2040
f 2530//2039 6705//4942 6704//4941
f 2529//2038 2931//2202 6705//4942
f 6705//4942 2932//2203 6708//4945
f 2932//2203 6711//4948 6708//4945
f 2933//2204 2544//2053 6711//4948
f 6711//4948 2545//2054 6710//4947
f 6709//4946 2545//2054 2546//2055
f 2537//2046 2546//2055 347//279
f 2536//2045 6709//4946 2537//2046
f 6703//4940 2536//2045 2535//2044
f 6713//4950 6715//4952 6712//4949
f 6714//4951 6716//4953 6713//4950
f 6715//4952 6719//4956 6718//4955
f 6716//4953 6720//4957 6719//4956
f 2546//2055 2550//2059 347//279
f 2545//2054 6712//4949 2546//2055
f 2544//2053 6713//4950 2545//2054
f 415//297 6714//4951 2544//2053
f 6714//4951 2935//2135 6717//4954
f 2935//2135 6720//4957 6717//4954
f 6720//4957 416//239 2559//2068
f 6720//4957 2560//2069 6719//4956
f 6718//4955 2560//2069 2561//2070
f 2552//2061 2561//2070 349//281
f 2551//2060 6718//4955 2552//2061
f 6712//4949 2551//2060 2550//2059
f 6722//4959 6724//4961 6721//4958
f 6723//4960 6725//4962 6722//4959
f 6724//4961 6728//4965 6727//4964
f 6725//4962 6729//4966 6728//4965
f 2561//2070 2565//2074 349//281
f 2560//2069 6721//4958 2561//2070
f 2560//2069 6723//4960 6722//4959
f 416//239 6723//4960 2559//2068
f 6723//4960 2938//2208 6726//4963
f 2938//2208 6729//4966 6726//4963
f 6729//4966 417//305 2574//2083
f 6729//4966 2575//2084 6728//4965
f 6727//4964 2575//2084 2576//2085
f 2567//2076 2576//2085 351//283
f 2566//2075 6727//4964 2567//2076
f 6721//4958 2566//2075 2565//2074
f 6731//4968 6733//4970 6730//4967
f 6732//4969 6734//4971 6731//4968
f 6733//4970 6737//4974 6736//4973
f 6734//4971 6738//4975 6737//4974
f 2576//2085 2580//2089 351//283
f 2575//2084 6730//4967 2576//2085
f 2574//2083 6731//4968 2575//2084
f 417//305 6732//4969 2574//2083
f 6732//4969 2941//2210 6735//4972
f 2941//2210 6738//4975 6735//4972
f 2942//2211 2589//2098 6738//4975
f 6738//4975 2590//2099 6737//4974
f 6736//4973 2590//2099 2591//2100
f 2582//2091 2591//2100 353//285
f 2581//2090 6736//4973 2582//2091
f 6730//4967 2581//2090 2580//2089
f 6740//4977 6742//4979 6739//4976
f 6741//4978 6743//4980 6740//4977
f 6742//4979 6746//4983 6745//4982
f 6743//4980 6747//4984 6746//4983
f 2591//2100 2595//2104 353//285
f 2590//2099 6739//4976 2591//2100
f 2590//2099 6741//4978 6740//4977
f 418//306 6741//4978 2589//2098
f 6741//4978 2944//2212 6744//4981
f 2944//2212 6747//4984 6744//4981
f 6747//4984 419//307 2604//2113
f 6746//4983 2604//2113 2605//2114
f 6745//4982 2605//2114 2606//2115
f 2597//2106 2606//2115 355//287
f 2596//2105 6745//4982 2597//2106
f 6739//4976 2596//2105 2595//2104
f 6749//4986 6751//4988 6748//4985
f 6750//4987 6752//4989 6749//4986
f 6751//4988 6755//4992 6754//4991
f 6752//4989 6756//4993 6755//4992
f 2606//2115 2607//2116 355//287
f 2605//2114 6748//4985 2606//2115
f 2605//2114 6750//4987 6749//4986
f 419//307 6750//4987 2604//2113
f 6750//4987 2947//2215 6753//4990
f 2947//2215 6756//4993 6753//4990
f 6756//4993 420//194 2900//2177
f 6756//4993 2899//2176 6755//4992
f 6754//4991 2899//2176 2898//2175
f 2609//2118 2898//2175 325//257
f 2608//2117 6754//4991 2609//2118
f 6748//4985 2608//2117 2607//2116
f 6758//2122 6760//2123 6757//2122
f 6759//2122 6761//2123 6758//2122
f 6761//2123 6763//2124 6760//2123
f 6761//2123 6765//2124 6764//2124
f 372//300 6757//2122 2658//2122
f 2657//300 6758//2122 6757//2122
f 2655//300 6758//2122 2656//300
f 436//300 6759//2122 2655//300
f 2997//2122 6762//2123 6759//2122
f 6762//2123 2999//2124 6765//2124
f 6765//2124 421//194 2951//194
f 6765//2124 2950//194 6764//2124
f 6764//2124 2949//194 6763//2124
f 6763//2124 357//194 2660//2124
f 2659//2123 6763//2124 2660//2124
f 6757//2122 2659//2123 2658//2122
f 6767//2125 6769//2126 6766//2125
f 6768//2125 6770//2126 6767//2125
f 6770//2126 6772//2127 6769//2126
f 6771//2126 6773//2127 6770//2126
f 371//299 6766//2125 2661//2125
f 2654//299 6767//2125 6766//2125
f 2652//299 6767//2125 2653//299
f 2652//299 3000//2125 6768//2125
f 3000//2125 6771//2126 6768//2125
f 6771//2126 3002//2127 6774//2127
f 3002//2127 2655//300 6774//2127
f 6774//2127 2656//300 6773//2127
f 6773//2127 2657//300 6772//2127
f 6772//2127 372//300 2663//2127
f 6769//2126 2663//2127 2662//2126
f 6766//2125 2662//2126 2661//2125
f 6776//2128 6778//2129 6775//2128
f 6777//2128 6779//2129 6776//2128
f 6779//2129 6781//2130 6778//2129
f 6780//2129 6782//2130 6779//2129
f 370//298 6775//2128 2664//2128
f 2651//298 6776//2128 6775//2128
f 2649//298 6776//2128 2650//298
f 2649//298 3003//2128 6777//2128
f 3003//2128 6780//2129 6777//2128
f 6780//2129 3005//2130 6783//2130
f 3005//2130 2652//299 6783//2130
f 6783//2130 2653//299 6782//2130
f 6782//2130 2654//299 6781//2130
f 6781//2130 371//299 2666//2130
f 6778//2129 2666//2130 2665//2129
f 6775//2128 2665//2129 2664//2128
f 6785//2131 6787//2132 6784//2131
f 6786//2131 6788//2132 6785//2131
f 6788//2132 6790//2172 6787//2132
f 6788//2132 6792//2172 6791//2133
f 369//239 6784//2131 2667//2131
f 2648//239 6785//2131 6784//2131
f 2646//239 6785//2131 2647//239
f 433//239 6786//2131 2646//239
f 3006//2131 6789//2132 6786//2131
f 6789//2132 3008//2172 6792//2172
f 3008//2172 2649//298 6792//2172
f 6792//2172 2650//298 6791//2133
f 6791//2133 2651//298 6790//2172
f 6790//2172 370//298 2669//2133
f 6787//2132 2669//2133 2668//2132
f 6784//2131 2668//2132 2667//2131
f 6794//2174 6796//2135 6793//2174
f 6795//2174 6797//2135 6794//2174
f 6797//2135 6799//2136 6796//2135
f 6797//2135 6801//2136 6800//2136
f 368//297 6793//2174 2670//2134
f 2645//297 6794//2174 6793//2174
f 2643//297 6794//2174 2644//297
f 2643//297 3009//2174 6795//2174
f 3009//2174 6798//2135 6795//2174
f 6798//2135 3011//2136 6801//2136
f 3011//2136 2646//239 6801//2136
f 6801//2136 2647//239 6800//2136
f 6800//2136 2648//239 6799//2136
f 6799//2136 369//239 2672//2136
f 6796//2135 2672//2136 2671//2135
f 6793//2174 2671//2135 2670//2134
f 6803//2137 6805//2138 6802//2137
f 6804//2137 6806//2138 6803//2137
f 6806//2138 6808//2139 6805//2138
f 6807//2138 6809//2139 6806//2138
f 367//296 6802//2137 2673//2137
f 2642//296 6803//2137 6802//2137
f 2640//296 6803//2137 2641//296
f 2640//296 3012//2137 6804//2137
f 3012//2137 6807//2138 6804//2137
f 3013//2138 6810//2139 6807//2138
f 3014//2139 2643//297 6810//2139
f 6810//2139 2644//297 6809//2139
f 6809//2139 2645//297 6808//2139
f 6808//2139 368//297 2675//2139
f 6805//2138 2675//2139 2674//2138
f 6802//2137 2674//2138 2673//2137
f 6812//2140 6814//2141 6811//2140
f 6813//2140 6815//2216 6812//2140
f 6815//2216 6817//2142 6814//2141
f 6815//2216 6819//2142 6818//2142
f 366//295 6811//2140 2676//2140
f 2639//295 6812//2140 6811//2140
f 2637//295 6812//2140 2638//295
f 2637//295 3015//2140 6813//2140
f 3015//2140 6816//2141 6813//2140
f 3016//2216 6819//2142 6816//2141
f 6819//2142 431//296 2640//296
f 6819//2142 2641//296 6818//2142
f 6818//2142 2642//296 6817//2142
f 6817//2142 367//296 2678//2142
f 6814//2141 2678//2142 2677//2141
f 6811//2140 2677//2141 2676//2140
f 6821//2143 6823//2144 6820//2143
f 6822//2143 6824//2144 6821//2143
f 6824//2144 6826//2145 6823//2144
f 6825//2144 6827//2145 6824//2144
f 365//193 6820//2143 2679//2143
f 2636//193 6821//2143 6820//2143
f 2634//193 6821//2143 2635//193
f 2634//193 3018//2143 6822//2143
f 3018//2143 6825//2144 6822//2143
f 6825//2144 3020//2145 6828//2145
f 3020//2145 2637//295 6828//2145
f 6828//2145 2638//295 6827//2145
f 6827//2145 2639//295 6826//2145
f 6826//2145 366//295 2681//2145
f 6823//2144 2681//2145 2680//2144
f 6820//2143 2680//2144 2679//2143
f 6830//2146 6832//2147 6829//2146
f 6831//2146 6833//2147 6830//2146
f 6833//2147 6835//2148 6832//2147
f 6833//2147 6837//2148 6836//2148
f 364//294 6829//2146 2682//2146
f 2633//294 6830//2146 6829//2146
f 2631//294 6830//2146 2632//294
f 2631//294 3021//2146 6831//2146
f 3021//2146 6834//2147 6831//2146
f 6834//2147 3023//2148 6837//2148
f 6837//2148 429//193 2634//193
f 6837//2148 2635//193 6836//2148
f 6836//2148 2636//193 6835//2148
f 6835//2148 365//193 2684//2148
f 6832//2147 2684//2148 2683//2147
f 6829//2146 2683//2147 2682//2146
f 6839//2149 6841//2150 6838//2149
f 6840//2149 6842//2150 6839//2149
f 6842//2150 6844//2151 6841//2150
f 6843//2150 6845//2151 6842//2150
f 363//293 6838//2149 2685//2149
f 2630//293 6839//2149 6838//2149
f 2628//293 6839//2149 2629//293
f 2628//293 3024//2149 6840//2149
f 3024//2149 6843//2150 6840//2149
f 3025//2150 6846//2151 6843//2150
f 3026//2151 2631//294 6846//2151
f 6846//2151 2632//294 6845//2151
f 6845//2151 2633//294 6844//2151
f 6844//2151 364//294 2687//2151
f 6841//2150 2687//2151 2686//2150
f 6838//2149 2686//2150 2685//2149
f 6848//2152 6850//2153 6847//2152
f 6849//2152 6851//2153 6848//2152
f 6851//2153 6853//2154 6850//2153
f 6852//2153 6854//2154 6851//2153
f 362//292 6847//2152 2688//2152
f 2627//292 6848//2152 6847//2152
f 2625//292 6848//2152 2626//292
f 2625//292 3027//2152 6849//2152
f 3027//2152 6852//2153 6849//2152
f 6852//2153 3029//2154 6855//2154
f 3029//2154 2628//293 6855//2154
f 6855//2154 2629//293 6854//2154
f 6854//2154 2630//293 6853//2154
f 6853//2154 363//293 2690//2154
f 6850//2153 2690//2154 2689//2153
f 6847//2152 2689//2153 2688//2152
f 6857//2155 6859//2156 6856//2155
f 6858//2155 6860//2156 6857//2155
f 6860//2156 6862//2157 6859//2156
f 6861//2156 6863//2157 6860//2156
f 361//231 6856//2155 2691//2155
f 2624//231 6857//2155 6856//2155
f 2622//231 6857//2155 2623//231
f 2622//231 3030//2155 6858//2155
f 3030//2155 6861//2156 6858//2155
f 6861//2156 3032//2171 6864//2157
f 3032//2171 2625//292 6864//2157
f 6864//2157 2626//292 6863//2157
f 6863//2157 2627//292 6862//2157
f 6862//2157 362//292 2693//2157
f 2692//2156 6862//2157 2693//2157
f 6856//2155 2692//2156 2691//2155
f 6866//2170 6868//2159 6865//2170
f 6866//2170 6870//2159 6869//2159
f 6869//2159 6871//2160 6868//2159
f 6869//2159 6873//2160 6872//2160
f 360//291 6865//2170 2694//2158
f 2621//291 6866//2170 6865//2170
f 2619//291 6866//2170 2620//291
f 424//291 6867//2158 2619//291
f 3033//2158 6870//2159 6867//2158
f 6870//2159 3035//2160 6873//2160
f 3035//2160 2622//231 6873//2160
f 6873//2160 2623//231 6872//2160
f 6872//2160 2624//231 6871//2160
f 6871//2160 361//231 2696//2160
f 6868//2159 2696//2160 2695//2159
f 6865//2170 2695//2159 2694//2158
f 6875//2161 6877//2162 6874//2161
f 6876//2161 6878//2162 6875//2161
f 6878//2162 6880//2163 6877//2162
f 6879//2162 6881//2163 6878//2162
f 359//290 6874//2161 2697//2161
f 2618//290 6875//2161 6874//2161
f 2616//290 6875//2161 2617//290
f 2616//290 3036//2161 6876//2161
f 3036//2161 6879//2162 6876//2161
f 6879//2162 3038//2163 6882//2163
f 3038//2163 2619//291 6882//2163
f 6882//2163 2620//291 6881//2163
f 6881//2163 2621//291 6880//2163
f 6880//2163 360//291 2699//2163
f 2698//2162 6880//2163 2699//2163
f 6874//2161 2698//2162 2697//2161
f 6884//2164 6886//2165 6883//2164
f 6884//2164 6888//2165 6887//2165
f 6887//2165 6889//2166 6886//2165
f 6888//2165 6890//2166 6887//2165
f 358//289 6883//2164 2700//2164
f 2615//289 6884//2164 6883//2164
f 2613//289 6884//2164 2614//289
f 422//289 6885//2164 2613//289
f 3039//2164 6888//2165 6885//2164
f 3040//2165 6891//2166 6888//2165
f 3041//2166 2616//290 6891//2166
f 6891//2166 2617//290 6890//2166
f 6890//2166 2618//290 6889//2166
f 6889//2166 359//290 2702//2166
f 6886//2165 2702//2166 2701//2165
f 6883//2164 2701//2165 2700//2164
f 6893//2167 6895//2168 6892//2167
f 6894//2167 6896//2168 6893//2167
f 6896//2168 6898//2169 6895//2168
f 6897//2168 6899//2169 6896//2168
f 357//194 6892//2167 2703//2167
f 2949//194 6893//2167 6892//2167
f 2951//194 6893//2167 2950//194
f 2951//194 3042//2167 6894//2167
f 3042//2167 6897//2168 6894//2167
f 3043//2168 6900//2169 6897//2168
f 3044//2169 2613//289 6900//2169
f 6900//2169 2614//289 6899//2169
f 6899//2169 2615//289 6898//2169
f 6898//2169 358//289 2705//2169
f 6895//2168 2705//2169 2704//2168
f 6892//2167 2704//2168 2703//2167
f 6902//2122 6904//2123 6901//2122
f 6903//2122 6905//2123 6902//2122
f 6905//2123 6907//2124 6904//2123
f 6906//2123 6908//2124 6905//2123
f 436//300 6901//2122 2997//2122
f 2996//300 6902//2122 6901//2122
f 2995//300 6903//2122 6902//2122
f 452//300 6903//2122 2994//300
f 6903//2122 3094//2123 6906//2123
f 3094//2123 6909//2124 6906//2123
f 3095//2263 3047//194 6909//2124
f 6909//2124 3046//194 6908//2124
f 6908//2124 3045//194 6907//2124
f 6907//2124 421//194 2999//2124
f 2998//2123 6907//2124 2999//2124
f 6901//2122 2998//2123 2997//2122
f 6911//2125 6913//2126 6910//2125
f 6912//2125 6914//2126 6911//2125
f 6914//2126 6916//2127 6913//2126
f 6915//2126 6917//2127 6914//2126
f 435//299 6910//2125 3000//2125
f 2993//299 6911//2125 6910//2125
f 2992//299 6912//2125 6911//2125
f 451//299 6912//2125 2991//299
f 6912//2125 3097//2265 6915//2126
f 3097//2265 6918//2127 6915//2126
f 3098//2266 2994//300 6918//2127
f 6918//2127 2995//300 6917//2127
f 6917//2127 2996//300 6916//2127
f 6916//2127 436//300 3002//2127
f 3001//2126 6916//2127 3002//2127
f 6910//2125 3001//2126 3000//2125
f 6920//2128 6922//2129 6919//2128
f 6921//2128 6923//2129 6920//2128
f 6922//2129 6926//2130 6925//2130
f 6924//2129 6926//2130 6923//2129
f 434//298 6919//2128 3003//2128
f 2990//298 6920//2128 6919//2128
f 2989//298 6921//2128 6920//2128
f 450//298 6921//2128 2988//298
f 6921//2128 3100//2268 6924//2129
f 3100//2268 6927//2130 6924//2129
f 3101//2269 2991//299 6927//2130
f 6927//2130 2992//299 6926//2130
f 6926//2130 2993//299 6925//2130
f 6925//2130 435//299 3005//2130
f 3004//2129 6925//2130 3005//2130
f 6919//2128 3004//2129 3003//2128
f 6929//2131 6931//2132 6928//2131
f 6930//2131 6932//2132 6929//2131
f 6931//2132 6935//2133 6934//2172
f 6933//2132 6935//2133 6932//2132
f 433//239 6928//2131 3006//2131
f 2987//239 6929//2131 6928//2131
f 2986//239 6930//2131 6929//2131
f 449//239 6930//2131 2985//239
f 6930//2131 3103//2132 6933//2132
f 3103//2132 6936//2172 6933//2132
f 3104//2271 2988//298 6936//2172
f 6936//2172 2989//298 6935//2133
f 6935//2133 2990//298 6934//2172
f 6934//2172 434//298 3008//2172
f 3007//2132 6934//2172 3008//2172
f 6928//2131 3007//2132 3006//2131
f 6938//2134 6940//2135 6937//2174
f 6939//2174 6941//2135 6938//2134
f 6940//2135 6944//2136 6943//2136
f 6942//2135 6944//2136 6941//2135
f 432//297 6937//2174 3009//2174
f 2984//297 6938//2134 6937//2174
f 2983//297 6939//2174 6938//2134
f 448//314 6939//2174 2982//297
f 6939//2174 3106//2272 6942//2135
f 3106//2272 6945//2136 6942//2135
f 3107//2273 2985//239 6945//2136
f 6945//2136 2986//239 6944//2136
f 6943//2136 2986//239 2987//239
f 6943//2136 433//239 3011//2136
f 3010//2135 6943//2136 3011//2136
f 6937//2174 3010//2135 3009//2174
f 6947//2137 6949//2138 6946//2137
f 6948//2137 6950//2138 6947//2137
f 6949//2138 6953//2139 6952//2139
f 6951//2138 6953//2139 6950//2138
f 431//296 6946//2137 3012//2137
f 2981//296 6947//2137 6946//2137
f 2980//296 6948//2137 6947//2137
f 447//313 6948//2137 2979//296
f 6948//2137 3109//2275 6951//2138
f 3109//2275 6954//2139 6951//2138
f 3110//2276 2982//297 6954//2139
f 6954//2139 2983//297 6953//2139
f 6953//2139 2984//297 6952//2139
f 6952//2139 432//297 3014//2139
f 6949//2138 3014//2139 3013//2138
f 6946//2137 3013//2138 3012//2137
f 6956//2140 6958//2141 6955//2140
f 6957//2140 6959//2141 6956//2140
f 6959//2141 6961//2142 6958//2141
f 6960//2141 6962//2142 6959//2141
f 430//295 6955//2140 3015//2140
f 2978//295 6956//2140 6955//2140
f 2977//295 6957//2140 6956//2140
f 446//312 6957//2140 2976//295
f 6957//2140 3112//2278 6960//2141
f 3112//2278 6963//2142 6960//2141
f 3113//2142 2979//296 6963//2142
f 6963//2142 2980//296 6962//2142
f 6962//2142 2981//296 6961//2142
f 6961//2142 431//296 3017//2142
f 3016//2216 6961//2142 3017//2142
f 6955//2140 3016//2216 3015//2140
f 6965//2143 6967//2144 6964//2143
f 6966//2143 6968//2144 6965//2143
f 6968//2144 6970//2145 6967//2144
f 6969//2144 6971//2145 6968//2144
f 429//193 6964//2143 3018//2143
f 2975//193 6965//2143 6964//2143
f 2974//193 6966//2143 6965//2143
f 445//193 6966//2143 2973//193
f 6966//2143 3115//2279 6969//2144
f 3115//2279 6972//2145 6969//2144
f 3116//2280 2976//295 6972//2145
f 6972//2145 2977//295 6971//2145
f 6971//2145 2978//295 6970//2145
f 6970//2145 430//295 3020//2145
f 3019//2144 6970//2145 3020//2145
f 6964//2143 3019//2144 3018//2143
f 6974//2146 6976//2147 6973//2146
f 6975//2146 6977//2147 6974//2146
f 6976//2147 6980//2148 6979//2148
f 6978//2147 6980//2148 6977//2147
f 428//294 6973//2146 3021//2146
f 2972//294 6974//2146 6973//2146
f 2971//294 6975//2146 6974//2146
f 444//311 6975//2146 2970//294
f 6975//2146 3118//2282 6978//2147
f 3118//2282 6981//2148 6978//2147
f 3119//2148 2973//193 6981//2148
f 6981//2148 2974//193 6980//2148
f 6980//2148 2975//193 6979//2148
f 6979//2148 429//193 3023//2148
f 6976//2147 3023//2148 3022//2147
f 6973//2146 3022//2147 3021//2146
f 6983//2149 6985//2150 6982//2149
f 6984//2149 6986//2150 6983//2149
f 6986//2150 6988//2151 6985//2150
f 6987//2150 6989//2151 6986//2150
f 2969//293 3024//2149 427//293
f 2969//293 6983//2149 6982//2149
f 2968//293 6984//2149 6983//2149
f 443//310 6984//2149 2967//293
f 6984//2149 3121//2283 6987//2150
f 3121//2283 6990//2151 6987//2150
f 3122//2284 2970//294 6990//2151
f 6990//2151 2971//294 6989//2151
f 6989//2151 2972//294 6988//2151
f 6988//2151 428//294 3026//2151
f 3025//2150 6988//2151 3026//2151
f 6982//2149 3025//2150 3024//2149
f 6992//2152 6994//2153 6991//2152
f 6993//2152 6995//2153 6992//2152
f 6995//2153 6997//2154 6994//2153
f 6996//2153 6998//2154 6995//2153
f 426//292 6991//2152 3027//2152
f 2966//292 6992//2152 6991//2152
f 2965//292 6993//2152 6992//2152
f 442//309 6993//2152 2964//292
f 6993//2152 3124//2286 6996//2153
f 3124//2286 6999//2154 6996//2153
f 3125//2287 2967//293 6999//2154
f 6999//2154 2968//293 6998//2154
f 6998//2154 2969//293 6997//2154
f 6997//2154 427//293 3029//2154
f 3028//2153 6997//2154 3029//2154
f 6991//2152 3028//2153 3027//2152
f 7001//2155 7003//2156 7000//2155
f 7002//2155 7004//2156 7001//2155
f 7004//2156 7006//2157 7003//2156
f 7005//2156 7007//2157 7004//2156
f 425//231 7000//2155 3030//2155
f 2963//231 7001//2155 7000//2155
f 2962//231 7002//2155 7001//2155
f 441//231 7002//2155 2961//231
f 7002//2155 3127//2289 7005//2156
f 3127//2289 7008//2171 7005//2156
f 3128//2157 2964//292 7008//2171
f 7008//2171 2965//292 7007//2157
f 7007//2157 2966//292 7006//2157
f 7006//2157 426//292 3032//2171
f 3031//2156 7006//2157 3032//2171
f 7000//2155 3031//2156 3030//2155
f 7010//2170 7012//2159 7009//2158
f 7011//2158 7013//2159 7010//2170
f 7013//2159 7015//2160 7012//2159
f 7013//2159 7017//2160 7016//2160
f 424//291 7009//2158 3033//2158
f 2960//291 7010//2170 7009//2158
f 2959//291 7011//2158 7010//2170
f 440//291 7011//2158 2958//291
f 7011//2158 3130//2159 7014//2159
f 3130//2159 7017//2160 7014//2159
f 3131//2291 2961//231 7017//2160
f 7017//2160 2962//231 7016//2160
f 7016//2160 2963//231 7015//2160
f 7015//2160 425//231 3035//2160
f 7012//2159 3035//2160 3034//2159
f 7009//2158 3034//2159 3033//2158
f 7019//2161 7021//2162 7018//2161
f 7020//2161 7022//2162 7019//2161
f 7021//2162 7025//2163 7024//2163
f 7023//2162 7025//2163 7022//2162
f 423//290 7018//2161 3036//2161
f 2957//290 7019//2161 7018//2161
f 2956//290 7020//2161 7019//2161
f 439//290 7020//2161 2955//290
f 7020//2161 3133//2293 7023//2162
f 3133//2293 7026//2163 7023//2162
f 3134//2294 2958//291 7026//2163
f 7026//2163 2959//291 7025//2163
f 7025//2163 2960//291 7024//2163
f 7024//2163 424//291 3038//2163
f 3037//2162 7024//2163 3038//2163
f 7018//2161 3037//2162 3036//2161
f 7028//2164 7030//2165 7027//2164
f 7029//2164 7031//4849 7028//2164
f 7030//2165 7034//2166 7033//2166
f 7032//2165 7034//2166 7031//4849
f 422//289 7027//2164 3039//2164
f 2954//289 7028//2164 7027//2164
f 2953//289 7029//2164 7028//2164
f 438//289 7029//2164 2952//289
f 7029//2164 3136//2296 7032//2165
f 3136//2296 7035//2166 7032//2165
f 3137//2297 2955//290 7035//2166
f 7035//2166 2956//290 7034//2166
f 7033//2166 2956//290 2957//290
f 7033//2166 423//290 3041//2166
f 3040//2165 7033//2166 3041//2166
f 7027//2164 3040//2165 3039//2164
f 7037//2167 7039//2168 7036//2167
f 7038//2167 7040//2168 7037//2167
f 7040//2168 7042//2169 7039//2168
f 7041//2168 7043//2169 7040//2168
f 421//194 7036//2167 3042//2167
f 3045//194 7037//2167 7036//2167
f 3046//194 7038//2167 7037//2167
f 437//308 7038//2167 3047//194
f 7038//2167 3139//2168 7041//2168
f 3139//2168 7044//2169 7041//2168
f 3140//2299 2952//289 7044//2169
f 7044//2169 2953//289 7043//2169
f 7042//2169 2953//289 2954//289
f 7042//2169 422//289 3044//2169
f 3043//2168 7042//2169 3044//2169
f 7036//2167 3043//2168 3042//2167
f 3141//2300 3142//2301 3145//2304
f 3142//2301 3143//2302 3146//2305
f 3144//2303 3145//2304 3148//2307
f 3145//2304 3146//2305 3149//2308
f 1460//1322 3141//2300 678//540
f 1459//1321 3142//2301 3141//2300
f 1459//1321 1458//1320 3143//2302
f 1458//1320 162//162 1056//918
f 3143//2302 1056//918 1057//919
f 3146//2305 1057//919 1058//920
f 3149//2308 1058//920 8//8
f 3148//2307 3149//2308 599//461
f 3147//2306 3148//2307 598//460
f 3147//2306 597//459 2//2
f 3144//2303 3147//2306 680//542
f 3141//2300 3144//2303 679//541
f 3150//2309 3151//2310 3154//2313
f 3151//2310 3152//2311 3155//2314
f 3153//2312 3154//2313 3157//2316
f 3154//2313 3155//2314 3158//2317
f 597//459 3150//2309 1305//1167
f 597//459 598//460 3151//2310
f 598//460 599//461 3152//2311
f 599//461 8//8 849//711
f 3152//2311 849//711 850//712
f 3155//2314 850//712 851//713
f 3158//2317 851//713 9//9
f 3157//2316 3158//2317 1256//1118
f 3156//2315 3157//2316 1255//1117
f 1307//1169 3156//2315 1254//1116
f 1306//1168 3153//2312 3156//2315
f 1305//1167 3150//2309 3153//2312
f 3159//2318 3160//2319 3163//2322
f 3160//2319 3161//2320 3164//2323
f 3162//2321 3163//2322 3166//2325
f 3163//2322 3164//2323 3167//2326
f 3//3 1254//1116 3159//2318
f 1254//1116 1255//1117 3160//2319
f 1255//1117 1256//1118 3161//2320
f 1256//1118 9//9 537//399
f 3161//2320 537//399 538//400
f 3164//2323 538//400 539//401
f 3167//2326 539//401 10//10
f 3166//2325 3167//2326 953//815
f 3165//2324 3166//2325 952//814
f 1082//944 3165//2324 951//813
f 1081//943 3162//2321 3165//2324
f 1080//942 3159//2318 3162//2321
f 3169//2328 3172//2331 3171//2330
f 3170//2329 3173//2332 3172//2331
f 3172//2331 3175//2334 3174//2333
f 3173//2332 3176//2335 3175//2334
f 179//179 1604//1463 3168//2327
f 1603//1462 3169//2328 3168//2327
f 1602//1461 3170//2329 3169//2328
f 190//190 1173//1035 3170//2329
f 1173//1035 1174//1036 3173//2332
f 1174//1036 1175//1037 3176//2335
f 1175//1037 11//11 800//662
f 3176//2335 800//662 799//661
f 3175//2334 799//661 798//660
f 3174//2333 798//660 5//5
f 3171//2330 3174//2333 866//728
f 3168//2327 3171//2330 865//727
f 3178//2337 3181//2339 3180//469
f 3179//2338 3182//2339 3181//2339
f 3181//2339 3184//2341 3183//2340
f 3182//2339 3185//2342 3184//2341
f 798//660 3177//2336 606//468
f 799//661 3178//2337 3177//2336
f 800//662 3179//2338 3178//2337
f 11//11 945//807 3179//2338
f 945//807 946//808 3182//2339
f 946//808 947//809 3185//2342
f 947//809 12//12 569//431
f 3185//2342 569//431 568//430
f 3184//2341 568//430 567//429
f 608//470 3183//2340 567//429
f 607//469 3180//469 3183//2340
f 606//468 3177//2336 3180//469
f 3187//2344 3190//2347 3189//2346
f 3188//2345 3191//2348 3190//2347
f 3190//2347 3193//2350 3192//2349
f 3191//2348 3194//2351 3193//2350
f 6//6 567//429 3186//2343
f 568//430 3187//2344 3186//2343
f 569//431 3188//2345 3187//2344
f 12//12 995//857 3188//2345
f 995//857 994//856 3191//2348
f 994//856 993//855 3194//2351
f 993//855 7//7 842//704
f 3194//2351 842//704 841//703
f 3192//2349 3193//2350 841//703
f 618//480 3192//2349 840//702
f 619//481 3189//2346 3192//2349
f 620//482 3186//2343 3189//2346
f 3195//2352 3196//2353 3199//2356
f 3196//2353 3197//2354 3200//2357
f 3198//2355 3199//2356 3202//2359
f 3199//2356 3200//2357 3203//2360
f 162//162 1457//1319 3195//2352
f 1457//1319 1456//1318 3196//2353
f 1456//1318 1455//1317 3197//2354
f 1455//1317 147//147 564//426
f 3197//2354 564//426 565//427
f 3200//2357 565//427 566//428
f 3203//2360 566//428 14//14
f 3202//2359 3203//2360 1013//875
f 3201//2358 3202//2359 1012//874
f 1058//920 3201//2358 1011//873
f 1057//919 3198//2355 3201//2358
f 1056//918 3195//2352 3198//2355
f 3204//2361 3205//2362 3208//2365
f 3205//2362 3206//2363 3209//2366
f 3207//2364 3208//2365 3211//2368
f 3208//2365 3209//2366 3212//2369
f 8//8 1011//873 3204//2361
f 1011//873 1012//874 3205//2362
f 1012//874 1013//875 3206//2363
f 1013//875 14//14 1188//1050
f 3206//2363 1188//1050 1189//1051
f 3209//2366 1189//1051 1190//1052
f 3212//2369 1190//1052 15//15
f 3211//2368 3212//2369 698//560
f 3210//2367 3211//2368 697//559
f 851//713 3210//2367 696//558
f 850//712 3207//2364 3210//2367
f 849//711 3204//2361 3207//2364
f 3213//2370 3214//2371 3217//2374
f 3214//2371 3215//2372 3218//2375
f 3216//2373 3217//2374 3220//2377
f 3217//2374 3218//2375 3221//2378
f 9//9 696//558 3213//2370
f 696//558 697//559 3214//2371
f 697//559 698//560 3215//2372
f 698//560 15//15 1002//864
f 3215//2372 1002//864 1003//865
f 3218//2375 1003//865 1004//866
f 3221//2378 1004//866 16//16
f 3220//2377 3221//2378 485//347
f 3219//2376 3220//2377 484//346
f 539//401 3219//2376 483//345
f 538//400 3216//2373 3219//2376
f 537//399 3213//2370 3216//2373
f 3223//2380 3226//2383 3225//2382
f 3224//2381 3227//2384 3226//2383
f 3226//2383 3229//2386 3228//2385
f 3227//2384 3230//2387 3229//2386
f 1601//1460 3222//2379 1173//1035
f 1600//1459 3223//2380 3222//2379
f 1599//1458 3224//2381 3223//2380
f 177//177 807//669 3224//2381
f 807//669 808//670 3227//2384
f 808//670 809//671 3230//2387
f 809//671 17//17 1136//998
f 3230//2387 1136//998 1135//997
f 3229//2386 1135//997 1134//996
f 3228//2385 1134//996 11//11
f 3225//2382 3228//2385 1175//1037
f 3222//2379 3225//2382 1174//1036
f 3232//2389 3235//2391 3234//2391
f 3233//2390 3236//2391 3235//2391
f 3235//2391 3238//2393 3237//2392
f 3236//2391 3239//2394 3238//2393
f 1134//996 3231//2388 945//807
f 1135//997 3232//2389 3231//2388
f 1136//998 3233//2390 3232//2389
f 17//17 1290//1152 3233//2390
f 1290//1152 1291//1153 3236//2391
f 1291//1153 1292//1154 3239//2394
f 1292//1154 18//18 899//761
f 3239//2394 899//761 898//760
f 3238//2393 898//760 897//759
f 3237//2392 897//759 12//12
f 3234//2391 3237//2392 947//809
f 3231//2388 3234//2391 946//808
f 3241//2396 3244//2399 3243//2398
f 3242//2397 3245//2400 3244//2399
f 3244//2399 3247//2402 3246//2401
f 3245//2400 3248//2403 3247//2402
f 897//759 3240//2395 995//857
f 898//760 3241//2396 3240//2395
f 899//761 3242//2397 3241//2396
f 18//18 1313//1175 3242//2397
f 1313//1175 1312//1174 3245//2400
f 1312//1174 1311//1173 3248//2403
f 1311//1173 13//13 1181//1043
f 3248//2403 1181//1043 1180//1042
f 3247//2402 1180//1042 1179//1041
f 3246//2401 1179//1041 7//7
f 3243//2398 3246//2401 993//855
f 3240//2395 3243//2398 994//856
f 3249//2404 3250//2405 3253//2408
f 3250//2405 3251//2406 3254//2409
f 3252//2407 3253//2408 3256//2411
f 3253//2408 3254//2409 3257//2412
f 147//147 1454//1316 3249//2404
f 1454//1316 1453//1315 3250//2405
f 1453//1315 1452//1314 3251//2406
f 1452//1314 155//155 843//705
f 3251//2406 843//705 844//706
f 3254//2409 844//706 845//707
f 3257//2412 845//707 20//20
f 3256//2411 3257//2412 1277//1139
f 3255//2410 3256//2411 1276//1138
f 566//428 3255//2410 1275//1137
f 565//427 3252//2407 3255//2410
f 564//426 3249//2404 3252//2407
f 3258//2413 3259//2414 3262//2417
f 3259//2414 3260//2415 3263//2418
f 3261//2416 3262//2417 3265//2420
f 3262//2417 3263//2418 3266//2421
f 14//14 1275//1137 3258//2413
f 1275//1137 1276//1138 3259//2414
f 1276//1138 1277//1139 3260//2415
f 1277//1139 20//20 615//477
f 3260//2415 615//477 616//478
f 3263//2418 616//478 617//479
f 3266//2421 617//479 21//21
f 3265//2420 3266//2421 1055//917
f 3264//2419 3265//2420 1054//916
f 1190//1052 3264//2419 1053//915
f 1189//1051 3261//2416 3264//2419
f 1188//1050 3258//2413 3261//2416
f 3267//2422 3268//2423 3271//2426
f 3268//2423 3269//2424 3272//2427
f 3270//2425 3271//2426 3274//2429
f 3271//2426 3272//2427 3275//2430
f 15//15 1053//915 3267//2422
f 1053//915 1054//916 3268//2423
f 1054//916 1055//917 3269//2424
f 1055//917 21//21 1224//1086
f 3269//2424 1224//1086 1225//1087
f 3272//2427 1225//1087 1226//1088
f 3275//2430 1226//1088 22//22
f 3274//2429 3275//2430 884//746
f 3273//2428 3274//2429 883//745
f 1004//866 3273//2428 882//744
f 1003//865 3270//2425 3273//2428
f 1002//864 3267//2422 3270//2425
f 3277//2432 3280//2435 3279//2434
f 3278//2433 3281//2436 3280//2435
f 3280//2435 3283//2438 3282//2437
f 3281//2436 3284//2439 3283//2438
f 1598//1457 3276//2431 807//669
f 1597//1456 3277//2432 3276//2431
f 1596//1455 3278//2433 3277//2432
f 182//182 999//861 3278//2433
f 999//861 1000//862 3281//2436
f 1000//862 1001//863 3284//2439
f 1001//863 23//23 587//449
f 3284//2439 587//449 586//448
f 3283//2438 586//448 585//447
f 3282//2437 585//447 17//17
f 3279//2434 3282//2437 809//671
f 3276//2431 3279//2434 808//670
f 3286//2441 3289//2443 3288//2443
f 3287//2442 3290//685 3289//2443
f 3289//2443 3292//2445 3291//2444
f 3290//685 3293//2446 3292//2445
f 585//447 3285//2440 1290//1152
f 586//448 3286//2441 3285//2440
f 587//449 3287//2442 3286//2441
f 23//23 822//684 3287//2442
f 822//684 823//685 3290//685
f 823//685 824//686 3293//2446
f 824//686 24//24 1220//1082
f 3293//2446 1220//1082 1219//1081
f 3292//2445 1219//1081 1218//1080
f 3291//2444 1218//1080 18//18
f 3288//2443 3291//2444 1292//1154
f 3285//2440 3288//2443 1291//1153
f 3295//2448 3298//2451 3297//2450
f 3296//2449 3299//2452 3298//2451
f 3298//2451 3301//2454 3300//2453
f 3299//2452 3302//2455 3301//2454
f 1218//1080 3294//2447 1313//1175
f 1219//1081 3295//2448 3294//2447
f 1220//1082 3296//2449 3295//2448
f 24//24 839//701 3296//2449
f 839//701 838//700 3299//2452
f 838//700 837//699 3302//2455
f 837//699 19//19 653//515
f 3302//2455 653//515 652//514
f 3301//2454 652//514 651//513
f 3300//2453 651//513 13//13
f 3297//2450 3300//2453 1311//1173
f 3294//2447 3297//2450 1312//1174
f 3303//2456 3304//2457 3307//2460
f 3304//2457 3305//2458 3308//2461
f 3306//2459 3307//2460 3310//2463
f 3307//2460 3308//2461 3311//2464
f 155//155 1451//1313 3303//2456
f 1451//1313 1450//1312 3304//2457
f 1450//1312 1449//1311 3305//2458
f 1449//1311 145//145 468//330
f 3305//2458 468//330 469//331
f 3308//2461 469//331 470//332
f 3311//2464 470//332 26//26
f 3310//2463 3311//2464 716//578
f 3309//2462 3310//2463 715//577
f 845//707 3309//2462 714//576
f 844//706 3306//2459 3309//2462
f 843//705 3303//2456 3306//2459
f 3312//2465 3313//2466 3316//2469
f 3313//2466 3314//2467 3317//2470
f 3315//2468 3316//2469 3319//2472
f 3316//2469 3317//2470 3320//2473
f 20//20 714//576 3312//2465
f 714//576 715//577 3313//2466
f 715//577 716//578 3314//2467
f 716//578 26//26 1104//966
f 3314//2467 1104//966 1105//967
f 3317//2470 1105//967 1106//968
f 3320//2473 1106//968 27//27
f 3319//2472 3320//2473 548//410
f 3318//2471 3319//2472 547//409
f 617//479 3318//2471 546//408
f 616//478 3315//2468 3318//2471
f 615//477 3312//2465 3315//2468
f 3321//2474 3322//2475 3325//2478
f 3322//2475 3323//2476 3326//2479
f 3324//2477 3325//2478 3328//2481
f 3325//2478 3326//2479 3329//2482
f 21//21 546//408 3321//2474
f 546//408 547//409 3322//2475
f 547//409 548//410 3323//2476
f 548//410 27//27 879//741
f 3323//2476 879//741 880//742
f 3326//2479 880//742 881//743
f 3329//2482 881//743 28//28
f 3328//2481 3329//2482 1178//1040
f 3327//2480 3328//2481 1177//1039
f 1226//1088 3327//2480 1176//1038
f 1225//1087 3324//2477 3327//2480
f 1224//1086 3321//2474 3324//2477
f 3331//2484 3334//2487 3333//2486
f 3332//2485 3335//2488 3334//2487
f 3334//2487 3337//2490 3336//2489
f 3335//2488 3338//2491 3337//2490
f 1595//1454 3330//2483 999//861
f 1594//1453 3331//2484 3330//2483
f 1593//1452 3332//2485 3331//2484
f 174//174 666//528 3332//2485
f 666//528 667//529 3335//2488
f 667//529 668//530 3338//2491
f 668//530 29//29 950//812
f 3338//2491 950//812 949//811
f 3337//2490 949//811 948//810
f 3336//2489 948//810 23//23
f 3333//2486 3336//2489 1001//863
f 3330//2483 3333//2486 1000//862
f 3340//2493 3343//2495 3342//2495
f 3341//2494 3344//2495 3343//2495
f 3343//2495 3346//2497 3345//2496
f 3344//2495 3347//2498 3346//2497
f 948//810 3339//2492 822//684
f 949//811 3340//2493 3339//2492
f 950//812 3341//2494 3340//2493
f 29//29 486//348 3341//2494
f 486//348 487//349 3344//2495
f 487//349 488//350 3347//2498
f 488//350 30//30 785//647
f 3347//2498 785//647 784//646
f 3346//2497 784//646 783//645
f 3345//2496 783//645 24//24
f 3342//2495 3345//2496 824//686
f 3339//2492 3342//2495 823//685
f 3349//2500 3352//2503 3351//2502
f 3350//2501 3353//2504 3352//2503
f 3352//2503 3355//2506 3354//2505
f 3353//2504 3356//2507 3355//2506
f 783//645 3348//2499 839//701
f 784//646 3349//2500 3348//2499
f 785//647 3350//2501 3349//2500
f 30//30 1274//1136 3350//2501
f 1274//1136 1273//1135 3353//2504
f 1273//1135 1272//1134 3356//2507
f 1272//1134 25//25 1025//887
f 3356//2507 1025//887 1024//886
f 3355//2506 1024//886 1023//885
f 3354//2505 1023//885 19//19
f 3351//2502 3354//2505 837//699
f 3348//2499 3351//2502 838//700
f 3357//2508 3358//2509 3361//2512
f 3358//2509 3359//2510 3362//2513
f 3360//2511 3361//2512 3364//2515
f 3361//2512 3362//2513 3365//2516
f 145//145 1448//1310 3357//2508
f 1448//1310 1447//1309 3358//2509
f 1447//1309 1446//1308 3359//2510
f 1446//1308 160//160 933//795
f 3359//2510 933//795 934//796
f 3362//2513 934//796 935//797
f 3365//2516 935//797 32//32
f 3364//2515 3365//2516 1253//1115
f 3363//2514 3364//2515 1252//1114
f 470//332 3363//2514 1251//1113
f 469//331 3360//2511 3363//2514
f 468//330 3357//2508 3360//2511
f 3366//2517 3367//2518 3370//2521
f 3367//2518 3368//2519 3371//2522
f 3369//2520 3370//2521 3373//2524
f 3370//2521 3371//2522 3374//2525
f 26//26 1251//1113 3366//2517
f 1251//1113 1252//1114 3367//2518
f 1252//1114 1253//1115 3368//2519
f 1253//1115 32//32 711//573
f 3368//2519 711//573 712//574
f 3371//2522 712//574 713//575
f 3374//2525 713//575 33//33
f 3373//2524 3374//2525 1079//941
f 3372//2523 3373//2524 1078//940
f 1106//968 3372//2523 1077//939
f 1105//967 3369//2520 3372//2523
f 1104//966 3366//2517 3369//2520
f 3375//2526 3376//2527 3379//2530
f 3376//2527 3377//2528 3380//2531
f 3378//2529 3379//2530 3382//2533
f 3379//2530 3380//2531 3383//2534
f 27//27 1077//939 3375//2526
f 1077//939 1078//940 3376//2527
f 1078//940 1079//941 3377//2528
f 1079//941 33//33 636//498
f 3377//2528 636//498 637//499
f 3380//2531 637//499 638//500
f 3383//2534 638//500 34//34
f 3382//2533 3383//2534 497//359
f 3381//2532 3382//2533 496//358
f 881//743 3381//2532 495//357
f 880//742 3378//2529 3381//2532
f 879//741 3375//2526 3378//2529
f 3385//2536 3388//2539 3387//2538
f 3386//2537 3389//2540 3388//2539
f 3388//2539 3391//2542 3390//2541
f 3389//2540 3392//2543 3391//2542
f 1592//1451 3384//2535 666//528
f 1591//1450 3385//2536 3384//2535
f 1590//1449 3386//2537 3385//2536
f 178//178 834//696 3386//2537
f 834//696 835//697 3389//2540
f 835//697 836//698 3392//2543
f 836//698 35//35 1211//1073
f 3392//2543 1211//1073 1210//1072
f 3391//2542 1210//1072 1209//1071
f 3390//2541 1209//1071 29//29
f 3387//2538 3390//2541 668//530
f 3384//2535 3387//2538 667//529
f 3394//2545 3397//349 3396//349
f 3395//2546 3398//901 3397//349
f 3397//349 3400//2548 3399//2547
f 3398//901 3401//2549 3400//2548
f 1209//1071 3393//2544 486//348
f 1210//1072 3394//2545 3393//2544
f 1211//1073 3395//2546 3394//2545
f 35//35 1038//900 3395//2546
f 1038//900 1039//901 3398//901
f 1039//901 1040//902 3401//2549
f 1040//902 36//36 980//842
f 3401//2549 980//842 979//841
f 3400//2548 979//841 978//840
f 3399//2547 978//840 30//30
f 3396//349 3399//2547 488//350
f 3393//2544 3396//349 487//349
f 3403//2551 3406//2554 3405//2553
f 3404//2552 3407//2555 3406//2554
f 3406//2554 3409//2557 3408//2556
f 3407//2555 3410//2558 3409//2557
f 978//840 3402//2550 1274//1136
f 979//841 3403//2551 3402//2550
f 980//842 3404//2552 3403//2551
f 36//36 545//407 3404//2552
f 545//407 544//406 3407//2555
f 544//406 543//405 3410//2558
f 543//405 31//31 629//491
f 3410//2558 629//491 628//490
f 3409//2557 628//490 627//489
f 3408//2556 627//489 25//25
f 3405//2553 3408//2556 1272//1134
f 3402//2550 3405//2553 1273//1135
f 3411//2559 3412//2560 3415//2563
f 3412//2560 3413//2561 3416//2564
f 3414//2562 3415//2563 3418//2566
f 3415//2563 3416//2564 3419//2567
f 160//160 1445//1307 3411//2559
f 1445//1307 1444//1306 3412//2560
f 1444//1306 1443//1305 3413//2561
f 1443//1305 148//148 576//438
f 3413//2561 576//438 577//439
f 3416//2564 577//439 578//440
f 3419//2567 578//440 38//38
f 3418//2566 3419//2567 560//422
f 3417//2565 3418//2566 559//421
f 935//797 3417//2565 558//420
f 934//796 3414//2562 3417//2565
f 933//795 3411//2559 3414//2562
f 3420//2568 3421//2569 3424//2572
f 3421//2569 3422//2570 3425//2573
f 3423//2571 3424//2572 3427//2575
f 3424//2572 3425//2573 3428//2576
f 32//32 558//420 3420//2568
f 558//420 559//421 3421//2569
f 559//421 560//422 3422//2570
f 560//422 38//38 759//621
f 3422//2570 759//621 760//622
f 3425//2573 760//622 761//623
f 3428//2576 761//623 39//39
f 3427//2575 3428//2576 1202//1064
f 3426//2574 3427//2575 1201//1063
f 713//575 3426//2574 1200//1062
f 712//574 3423//2571 3426//2574
f 711//573 3420//2568 3423//2571
f 3429//2577 3430//2578 3433//2581
f 3430//2578 3431//2579 3434//2582
f 3432//2580 3433//2581 3436//2584
f 3433//2581 3434//2582 3437//2585
f 33//33 1200//1062 3429//2577
f 1200//1062 1201//1063 3430//2578
f 1201//1063 1202//1064 3431//2579
f 1202//1064 39//39 1008//870
f 3431//2579 1008//870 1009//871
f 3434//2582 1009//871 1010//872
f 3437//2585 1010//872 40//40
f 3436//2584 3437//2585 536//398
f 3435//2583 3436//2584 535//397
f 638//500 3435//2583 534//396
f 637//499 3432//2580 3435//2583
f 636//498 3429//2577 3432//2580
f 3439//2587 3442//2590 3441//2589
f 3440//2588 3443//2591 3442//2590
f 3442//2590 3445//2593 3444//2592
f 3443//2591 3446//2594 3445//2593
f 1589//1448 3438//2586 834//696
f 1588//1447 3439//2587 3438//2586
f 1587//1446 3440//2588 3439//2587
f 191//191 1215//1077 3440//2588
f 1215//1077 1216//1078 3443//2591
f 1216//1078 1217//1079 3446//2594
f 1217//1079 41//41 797//659
f 3446//2594 797//659 796//658
f 3445//2593 796//658 795//657
f 3444//2592 795//657 35//35
f 3441//2589 3444//2592 836//698
f 3438//2586 3441//2589 835//697
f 3448//2596 3451//2598 3450//2598
f 3449//2597 3452//2598 3451//2598
f 3451//2598 3454//2600 3453//2599
f 3452//2598 3455//2601 3454//2600
f 795//657 3447//2595 1038//900
f 796//658 3448//2596 3447//2595
f 797//659 3449//2597 3448//2596
f 41//41 501//363 3449//2597
f 501//363 502//364 3452//2598
f 502//364 503//365 3455//2601
f 503//365 42//42 989//851
f 3455//2601 989//851 988//850
f 3454//2600 988//850 987//849
f 3453//2599 987//849 36//36
f 3450//2598 3453//2599 1040//902
f 3447//2595 3450//2598 1039//901
f 3457//2603 3460//2606 3459//2605
f 3458//2604 3461//2607 3460//2606
f 3460//2606 3463//2609 3462//2608
f 3461//2607 3464//2610 3463//2609
f 987//849 3456//2602 545//407
f 988//850 3457//2603 3456//2602
f 989//851 3458//2604 3457//2603
f 42//42 476//338 3458//2604
f 476//338 475//337 3461//2607
f 475//337 474//336 3464//2610
f 474//336 37//37 758//620
f 3464//2610 758//620 757//619
f 3463//2609 757//619 756//618
f 3462//2608 756//618 31//31
f 3459//2605 3462//2608 543//405
f 3456//2602 3459//2605 544//406
f 3465//2611 3466//2612 3469//2615
f 3466//2612 3467//2613 3470//2616
f 3468//2614 3469//2615 3472//2618
f 3469//2615 3470//2616 3473//2619
f 148//148 1442//1304 3465//2611
f 1442//1304 1441//1303 3466//2612
f 1441//1303 1440//1302 3467//2613
f 1440//1302 158//158 924//786
f 3467//2613 924//786 925//787
f 3470//2616 925//787 926//788
f 3473//2619 926//788 44//44
f 3472//2618 3473//2619 500//362
f 3471//2617 3472//2618 499//361
f 578//440 3471//2617 498//360
f 577//439 3468//2614 3471//2617
f 576//438 3465//2611 3468//2614
f 3474//2620 3475//2621 3478//2624
f 3475//2621 3476//2622 3479//2625
f 3477//2623 3478//2624 3481//2627
f 3478//2624 3479//2625 3482//2628
f 38//38 498//360 3474//2620
f 498//360 499//361 3475//2621
f 499//361 500//362 3476//2622
f 500//362 44//44 1125//987
f 3476//2622 1125//987 1126//988
f 3479//2625 1126//988 1127//989
f 3482//2628 1127//989 45//45
f 3481//2627 3482//2628 710//572
f 3480//2626 3481//2627 709//571
f 761//623 3480//2626 708//570
f 760//622 3477//2623 3480//2626
f 759//621 3474//2620 3477//2623
f 3483//2629 3484//2630 3487//2633
f 3484//2630 3485//2631 3488//2634
f 3486//2632 3487//2633 3490//2636
f 3487//2633 3488//2634 3491//2637
f 39//39 708//570 3483//2629
f 708//570 709//571 3484//2630
f 709//571 710//572 3485//2631
f 710//572 45//45 522//384
f 3485//2631 522//384 523//385
f 3488//2634 523//385 524//386
f 3491//2637 524//386 46//46
f 3490//2636 3491//2637 965//827
f 3489//2635 3490//2636 964//826
f 1010//872 3489//2635 963//825
f 1009//871 3486//2632 3489//2635
f 1008//870 3483//2629 3486//2632
f 3493//2639 3496//2642 3495//2641
f 3494//2640 3497//2643 3496//2642
f 3496//2642 3499//2645 3498//2644
f 3497//2643 3500//2646 3499//2645
f 1586//1445 3492//2638 1215//1077
f 1585//1444 3493//2639 3492//2638
f 1584//1443 3494//2640 3493//2639
f 176//176 729//591 3494//2640
f 729//591 730//592 3497//2643
f 730//592 731//593 3500//2646
f 731//593 47//47 1100//962
f 3500//2646 1100//962 1099//961
f 3499//2645 1099//961 1098//960
f 3498//2644 1098//960 41//41
f 3495//2641 3498//2644 1217//1079
f 3492//2638 3495//2641 1216//1078
f 3502//2648 3505//2650 3504//364
f 3503//2649 3506//2650 3505//2650
f 3505//2650 3508//2652 3507//2651
f 3506//2650 3509//2653 3508//2652
f 1098//960 3501//2647 501//363
f 1099//961 3502//2648 3501//2647
f 1100//962 3503//2649 3502//2648
f 47//47 975//837 3503//2649
f 975//837 976//838 3506//2650
f 976//838 977//839 3509//2653
f 977//839 48//48 1289//1151
f 3509//2653 1289//1151 1288//1150
f 3508//2652 1288//1150 1287//1149
f 3507//2651 1287//1149 42//42
f 3504//364 3507//2651 503//365
f 3501//2647 3504//364 502//364
f 3511//2655 3514//2658 3513//2657
f 3512//2656 3515//2659 3514//2658
f 3514//2658 3517//2661 3516//2660
f 3515//2659 3518//2662 3517//2661
f 1287//1149 3510//2654 476//338
f 1288//1150 3511//2655 3510//2654
f 1289//1151 3512//2656 3511//2655
f 48//48 917//779 3512//2656
f 917//779 916//778 3515//2659
f 916//778 915//777 3518//2662
f 915//777 43//43 1172//1034
f 3518//2662 1172//1034 1171//1033
f 3517//2661 1171//1033 1170//1032
f 3516//2660 1170//1032 37//37
f 3513//2657 3516//2660 474//336
f 3510//2654 3513//2657 475//337
f 3519//2663 3520//2664 3523//2667
f 3520//2664 3521//2665 3524//2668
f 3522//2666 3523//2667 3526//2670
f 3523//2667 3524//2668 3527//2671
f 158//158 1439//1301 3519//2663
f 1439//1301 1438//1300 3520//2664
f 1438//1300 1437//1299 3521//2665
f 1437//1299 151//151 702//564
f 3521//2665 702//564 703//565
f 3524//2668 703//565 704//566
f 3527//2671 704//566 50//50
f 3526//2670 3527//2671 755//617
f 3525//2669 3526//2670 754//616
f 926//788 3525//2669 753//615
f 925//787 3522//2666 3525//2669
f 924//786 3519//2663 3522//2666
f 3528//2672 3529//2673 3532//2676
f 3529//2673 3530//2674 3533//2677
f 3531//2675 3532//2676 3535//2679
f 3532//2676 3533//2677 3536//2680
f 44//44 753//615 3528//2672
f 753//615 754//616 3529//2673
f 754//616 755//617 3530//2674
f 755//617 50//50 903//765
f 3530//2674 903//765 904//766
f 3533//2677 904//766 905//767
f 3536//2680 905//767 51//51
f 3535//2679 3536//2680 1037//899
f 3534//2678 3535//2679 1036//898
f 1127//989 3534//2678 1035//897
f 1126//988 3531//2675 3534//2678
f 1125//987 3528//2672 3531//2675
f 3537//2681 3538//2682 3541//2685
f 3538//2682 3539//2683 3542//2686
f 3540//2684 3541//2685 3544//2688
f 3541//2685 3542//2686 3545//2689
f 45//45 1035//897 3537//2681
f 1035//897 1036//898 3538//2682
f 1036//898 1037//899 3539//2683
f 1037//899 51//51 1116//978
f 3539//2683 1116//978 1117//979
f 3542//2686 1117//979 1118//980
f 3545//2689 1118//980 52//52
f 3544//2688 3545//2689 1223//1085
f 3543//2687 3544//2688 1222//1084
f 524//386 3543//2687 1221//1083
f 523//385 3540//2684 3543//2687
f 522//384 3537//2681 3540//2684
f 3547//2691 3550//2694 3549//2693
f 3548//2692 3551//2695 3550//2694
f 3550//2694 3553//2697 3552//2696
f 3551//2695 3554//2698 3553//2697
f 1583//1442 3546//2690 729//591
f 1582//1441 3547//2691 3546//2690
f 1581//1440 3548//2692 3547//2691
f 169//169 462//324 3548//2692
f 462//324 463//325 3551//2695
f 463//325 464//326 3554//2698
f 464//326 53//53 575//437
f 3554//2698 575//437 574//436
f 3553//2697 574//436 573//435
f 3552//2696 573//435 47//47
f 3549//2693 3552//2696 731//593
f 3546//2690 3549//2693 730//592
f 3556//2700 3559//2702 3558//2702
f 3557//2701 3560//2702 3559//2702
f 3559//2702 3562//2704 3561//2703
f 3560//2702 3563//2705 3562//2704
f 573//435 3555//2699 975//837
f 574//436 3556//2700 3555//2699
f 575//437 3557//2701 3556//2700
f 53//53 657//519 3557//2701
f 657//519 658//520 3560//2702
f 658//520 659//521 3563//2705
f 659//521 54//54 830//692
f 3563//2705 830//692 829//691
f 3562//2704 829//691 828//690
f 3561//2703 828//690 48//48
f 3558//2702 3561//2703 977//839
f 3555//2699 3558//2702 976//838
f 3565//2707 3568//2710 3567//2709
f 3566//2708 3569//2711 3568//2710
f 3568//2710 3571//2713 3570//2712
f 3569//2711 3572//2714 3571//2713
f 828//690 3564//2706 917//779
f 829//691 3565//2707 3564//2706
f 830//692 3566//2708 3565//2707
f 54//54 677//539 3566//2708
f 677//539 676//538 3569//2711
f 676//538 675//537 3572//2714
f 675//537 49//49 686//548
f 3572//2714 686//548 685//547
f 3571//2713 685//547 684//546
f 3570//2712 684//546 43//43
f 3567//2709 3570//2712 915//777
f 3564//2706 3567//2709 916//778
f 3573//2715 3574//2716 3577//2719
f 3574//2716 3575//2717 3578//2720
f 3576//2718 3577//2719 3580//2722
f 3577//2719 3578//2720 3581//2723
f 151//151 1436//1298 3573//2715
f 1436//1298 1435//1297 3574//2716
f 1435//1297 1434//1296 3575//2717
f 1434//1296 164//164 1095//957
f 3575//2717 1095//957 1096//958
f 3578//2720 1096//958 1097//959
f 3581//2723 1097//959 56//56
f 3580//2722 3581//2723 626//488
f 3579//2721 3580//2722 625//487
f 704//566 3579//2721 624//486
f 703//565 3576//2718 3579//2721
f 702//564 3573//2715 3576//2718
f 3582//2724 3583//2725 3586//2728
f 3583//2725 3584//2726 3587//2729
f 3585//2727 3586//2728 3589//2731
f 3586//2728 3587//2729 3590//2732
f 50//50 624//486 3582//2724
f 624//486 625//487 3583//2725
f 625//487 626//488 3584//2726
f 626//488 56//56 1308//1170
f 3584//2726 1308//1170 1309//1171
f 3587//2729 1309//1171 1310//1172
f 3590//2732 1310//1172 57//57
f 3589//2731 3590//2732 878//740
f 3588//2730 3589//2731 877//739
f 905//767 3588//2730 876//738
f 904//766 3585//2727 3588//2730
f 903//765 3582//2724 3585//2727
f 3591//2733 3592//2734 3595//2737
f 3592//2734 3593//2735 3596//2738
f 3594//2736 3595//2737 3598//2740
f 3595//2737 3596//2738 3599//2741
f 51//51 876//738 3591//2733
f 876//738 877//739 3592//2734
f 877//739 878//740 3593//2735
f 878//740 57//57 741//603
f 3593//2735 741//603 742//604
f 3596//2738 742//604 743//605
f 3599//2741 743//605 58//58
f 3598//2740 3599//2741 1070//932
f 3597//2739 3598//2740 1069//931
f 1118//980 3597//2739 1068//930
f 1117//979 3594//2736 3597//2739
f 1116//978 3591//2733 3594//2736
f 3601//2743 3604//2746 3603//2745
f 3602//2744 3605//2747 3604//2746
f 3604//2746 3607//2749 3606//2748
f 3605//2747 3608//2750 3607//2749
f 1580//1439 3600//2742 462//324
f 1579//1438 3601//2743 3600//2742
f 1578//1437 3602//2744 3601//2743
f 181//181 942//804 3602//2744
f 942//804 943//805 3605//2747
f 943//805 944//806 3608//2750
f 944//806 59//59 1241//1103
f 3608//2750 1241//1103 1240//1102
f 3607//2749 1240//1102 1239//1101
f 3606//2748 1239//1101 53//53
f 3603//2745 3606//2748 464//326
f 3600//2742 3603//2745 463//325
f 3610//2752 3613//2754 3612//2754
f 3611//2753 3614//1003 3613//2754
f 3613//2754 3616//2756 3615//2755
f 3614//1003 3617//2757 3616//2756
f 1239//1101 3609//2751 657//519
f 1240//1102 3610//2752 3609//2751
f 1241//1103 3611//2753 3610//2752
f 59//59 1140//1002 3611//2753
f 1140//1002 1141//1003 3614//1003
f 1141//1003 1142//1004 3617//2757
f 1142//1004 60//60 593//455
f 3617//2757 593//455 592//454
f 3616//2756 592//454 591//453
f 3615//2755 591//453 54//54
f 3612//2754 3615//2755 659//521
f 3609//2751 3612//2754 658//520
f 3619//2759 3622//2762 3621//2761
f 3620//2760 3623//2763 3622//2762
f 3622//2762 3625//2765 3624//2764
f 3623//2763 3626//2766 3625//2765
f 591//453 3618//2758 677//539
f 592//454 3619//2759 3618//2758
f 593//455 3620//2760 3619//2759
f 60//60 1034//896 3620//2760
f 1034//896 1033//895 3623//2763
f 1033//895 1032//894 3626//2766
f 1032//894 55//55 1286//1148
f 3626//2766 1286//1148 1285//1147
f 3625//2765 1285//1147 1284//1146
f 3624//2764 1284//1146 49//49
f 3621//2761 3624//2764 675//537
f 3618//2758 3621//2761 676//538
f 3627//2767 3628//2768 3631//2771
f 3628//2768 3629//2769 3632//2772
f 3630//2770 3631//2771 3634//2774
f 3631//2771 3632//2772 3635//2775
f 164//164 1433//1295 3627//2767
f 1433//1295 1432//1294 3628//2768
f 1432//1294 1431//1293 3629//2769
f 1431//1293 152//152 768//630
f 3629//2769 768//630 769//631
f 3632//2772 769//631 770//632
f 3635//2775 770//632 62//62
f 3634//2774 3635//2775 1046//908
f 3633//2773 3634//2774 1045//907
f 1097//959 3633//2773 1044//906
f 1096//958 3630//2770 3633//2773
f 1095//957 3627//2767 3630//2770
f 3636//2776 3637//2777 3640//2780
f 3637//2777 3638//2778 3641//2781
f 3639//2779 3640//2780 3643//2783
f 3640//2780 3641//2781 3644//2784
f 56//56 1044//906 3636//2776
f 1044//906 1045//907 3637//2777
f 1045//907 1046//908 3638//2778
f 1046//908 62//62 960//822
f 3638//2778 960//822 961//823
f 3641//2781 961//823 962//824
f 3644//2784 962//824 63//63
f 3643//2783 3644//2784 467//329
f 3642//2782 3643//2783 466//328
f 1310//1172 3642//2782 465//327
f 1309//1171 3639//2779 3642//2782
f 1308//1170 3636//2776 3639//2779
f 3645//2785 3646//2786 3649//2789
f 3646//2786 3647//2787 3650//2790
f 3648//2788 3649//2789 3652//2792
f 3649//2789 3650//2790 3653//2793
f 57//57 465//327 3645//2785
f 465//327 466//328 3646//2786
f 466//328 467//329 3647//2787
f 467//329 63//63 1197//1059
f 3647//2787 1197//1059 1198//1060
f 3650//2790 1198//1060 1199//1061
f 3653//2793 1199//1061 64//64
f 3652//2792 3653//2793 674//536
f 3651//2791 3652//2792 673//535
f 743//605 3651//2791 672//534
f 742//604 3648//2788 3651//2791
f 741//603 3645//2785 3648//2788
f 3655//2795 3658//2798 3657//2797
f 3656//2796 3659//2799 3658//2798
f 3658//2798 3661//2801 3660//2800
f 3659//2799 3662//2802 3661//2801
f 1577//1436 3654//2794 942//804
f 1576//1435 3655//2795 3654//2794
f 1575//1434 3656//2796 3655//2795
f 171//171 555//417 3656//2796
f 555//417 556//418 3659//2799
f 556//418 557//419 3662//2802
f 557//419 65//65 914//776
f 3662//2802 914//776 913//775
f 3661//2801 913//775 912//774
f 3660//2800 912//774 59//59
f 3657//2797 3660//2800 944//806
f 3654//2794 3657//2797 943//805
f 3664//2804 3667//2806 3666//2806
f 3665//2805 3668//2806 3667//2806
f 3667//2806 3670//2808 3669//2807
f 3668//2806 3671//2809 3670//2808
f 912//774 3663//2803 1140//1002
f 913//775 3664//2804 3663//2803
f 914//776 3665//2805 3664//2804
f 65//65 594//456 3665//2805
f 594//456 595//457 3668//2806
f 595//457 596//458 3671//2809
f 596//458 66//66 1193//1055
f 3671//2809 1193//1055 1192//1054
f 3670//2808 1192//1054 1191//1053
f 3669//2807 1191//1053 60//60
f 3666//2806 3669//2807 1142//1004
f 3663//2803 3666//2806 1141//1003
f 3673//2811 3676//2814 3675//2813
f 3674//2812 3677//2815 3676//2814
f 3676//2814 3679//2817 3678//2816
f 3677//2815 3680//2818 3679//2817
f 1191//1053 3672//2810 1034//896
f 1192//1054 3673//2811 3672//2810
f 1193//1055 3674//2812 3673//2811
f 66//66 782//644 3674//2812
f 782//644 781//643 3677//2815
f 781//643 780//642 3680//2818
f 780//642 61//61 806//668
f 3680//2818 806//668 805//667
f 3679//2817 805//667 804//666
f 3678//2816 804//666 55//55
f 3675//2813 3678//2816 1032//894
f 3672//2810 3675//2813 1033//895
f 3681//2819 3682//2820 3685//2823
f 3682//2820 3683//2821 3686//2824
f 3684//2822 3685//2823 3688//2826
f 3685//2823 3686//2824 3689//2827
f 152//152 1430//1292 3681//2819
f 1430//1292 1429//1291 3682//2820
f 1429//1291 1428//1290 3683//2821
f 1428//1290 161//161 984//846
f 3683//2821 984//846 985//847
f 3686//2824 985//847 986//848
f 3689//2827 986//848 68//68
f 3688//2826 3689//2827 827//689
f 3687//2825 3688//2826 826//688
f 770//632 3687//2825 825//687
f 769//631 3684//2822 3687//2825
f 768//630 3681//2819 3684//2822
f 3690//2828 3691//2829 3694//2832
f 3691//2829 3692//2830 3695//2833
f 3693//2831 3694//2832 3697//2835
f 3694//2832 3695//2833 3698//2836
f 62//62 825//687 3690//2828
f 825//687 826//688 3691//2829
f 826//688 827//689 3692//2830
f 827//689 68//68 738//600
f 3692//2830 738//600 739//601
f 3695//2833 739//601 740//602
f 3698//2836 740//602 69//69
f 3697//2835 3698//2836 1043//905
f 3696//2834 3697//2835 1042//904
f 962//824 3696//2834 1041//903
f 961//823 3693//2831 3696//2834
f 960//822 3690//2828 3693//2831
f 3699//2837 3700//2838 3703//2841
f 3700//2838 3701//2839 3704//2842
f 3702//2840 3703//2841 3706//2844
f 3703//2841 3704//2842 3707//2845
f 63//63 1041//903 3699//2837
f 1041//903 1042//904 3700//2838
f 1042//904 1043//905 3701//2839
f 1043//905 69//69 525//387
f 3701//2839 525//387 526//388
f 3704//2842 526//388 527//389
f 3707//2845 527//389 70//70
f 3706//2844 3707//2845 1250//1112
f 3705//2843 3706//2844 1249//1111
f 1199//1061 3705//2843 1248//1110
f 1198//1060 3702//2840 3705//2843
f 1197//1059 3699//2837 3702//2840
f 3709//2847 3712//2850 3711//2849
f 3710//2848 3713//2851 3712//2850
f 3712//2850 3715//2853 3714//2852
f 3713//2851 3716//2854 3715//2853
f 1574//1433 3708//2846 555//417
f 1573//1432 3709//2847 3708//2846
f 1572//1431 3710//2848 3709//2847
f 188//188 1137//999 3710//2848
f 1137//999 1138//1000 3713//2851
f 1138//1000 1139//1001 3716//2854
f 1139//1001 71//71 752//614
f 3716//2854 752//614 751//613
f 3715//2853 751//613 750//612
f 3714//2852 750//612 65//65
f 3711//2849 3714//2852 557//419
f 3708//2846 3711//2849 556//418
f 3718//2856 3721//457 3720//457
f 3719//2857 3722//820 3721//457
f 3721//457 3724//2859 3723//2858
f 3722//820 3725//2860 3724//2859
f 750//612 3717//2855 594//456
f 751//613 3718//2856 3717//2855
f 752//614 3719//2857 3718//2856
f 71//71 957//819 3719//2857
f 957//819 958//820 3722//820
f 958//820 959//821 3725//2860
f 959//821 72//72 521//383
f 3725//2860 521//383 520//382
f 3724//2859 520//382 519//381
f 3723//2858 519//381 66//66
f 3720//457 3723//2858 596//458
f 3717//2855 3720//457 595//457
f 3727//2862 3730//2865 3729//2864
f 3728//2863 3731//2866 3730//2865
f 3730//2865 3733//2868 3732//2867
f 3731//2866 3734//2869 3733//2868
f 519//381 3726//2861 782//644
f 520//382 3727//2862 3726//2861
f 521//383 3728//2863 3727//2862
f 72//72 974//836 3728//2863
f 974//836 973//835 3731//2866
f 973//835 972//834 3734//2869
f 972//834 67//67 554//416
f 3734//2869 554//416 553//415
f 3733//2868 553//415 552//414
f 3732//2867 552//414 61//61
f 3729//2864 3732//2867 780//642
f 3726//2861 3729//2864 781//643
f 3735//2870 3736//2871 3739//2874
f 3736//2871 3737//2872 3740//2875
f 3738//2873 3739//2874 3742//2877
f 3739//2874 3740//2875 3743//2878
f 161//161 1427//1289 3735//2870
f 1427//1289 1426//1288 3736//2871
f 1426//1288 1425//1287 3737//2872
f 1425//1287 146//146 480//342
f 3737//2872 480//342 481//343
f 3740//2875 481//343 482//344
f 3743//2878 482//344 74//74
f 3742//2877 3743//2878 875//737
f 3741//2876 3742//2877 874//736
f 986//848 3741//2876 873//735
f 985//847 3738//2873 3741//2876
f 984//846 3735//2870 3738//2873
f 3744//2879 3745//2880 3748//2883
f 3745//2880 3746//2881 3749//2884
f 3747//2882 3748//2883 3751//2886
f 3748//2883 3749//2884 3752//2887
f 68//68 873//735 3744//2879
f 873//735 874//736 3745//2880
f 874//736 875//737 3746//2881
f 875//737 74//74 1131//993
f 3746//2881 1131//993 1132//994
f 3749//2884 1132//994 1133//995
f 3752//2887 1133//995 75//75
f 3751//2886 3752//2887 650//512
f 3750//2885 3751//2886 649//511
f 740//602 3750//2885 648//510
f 739//601 3747//2882 3750//2885
f 738//600 3744//2879 3747//2882
f 3753//2888 3754//2889 3757//2892
f 3754//2889 3755//2890 3758//2893
f 3756//2891 3757//2892 3760//2895
f 3757//2892 3758//2893 3761//2896
f 69//69 648//510 3753//2888
f 648//510 649//511 3754//2889
f 649//511 650//512 3755//2890
f 650//512 75//75 867//729
f 3755//2890 867//729 868//730
f 3758//2893 868//730 869//731
f 3761//2896 869//731 76//76
f 3760//2895 3761//2896 461//323
f 3759//2894 3760//2895 460//322
f 527//389 3759//2894 459//321
f 526//388 3756//2891 3759//2894
f 525//387 3753//2888 3756//2891
f 3763//2898 3766//2901 3765//2900
f 3764//2899 3767//2902 3766//2901
f 3766//2901 3769//2904 3768//2903
f 3767//2902 3770//2905 3769//2904
f 1571//1430 3762//2897 1137//999
f 1570//1429 3763//2898 3762//2897
f 1569//1428 3764//2899 3763//2898
f 175//175 699//561 3764//2899
f 699//561 700//562 3767//2902
f 700//562 701//563 3770//2905
f 701//563 77//77 1115//977
f 3770//2905 1115//977 1114//976
f 3769//2904 1114//976 1113//975
f 3768//2903 1113//975 71//71
f 3765//2900 3768//2903 1139//1001
f 3762//2897 3765//2900 1138//1000
f 3772//2907 3775//2909 3774//2909
f 3773//2908 3776//2909 3775//2909
f 3775//2909 3778//2911 3777//2910
f 3776//2909 3779//2912 3778//2911
f 1113//975 3771//2906 957//819
f 1114//976 3772//2907 3771//2906
f 1115//977 3773//2908 3772//2907
f 77//77 492//354 3773//2908
f 492//354 493//355 3776//2909
f 493//355 494//356 3779//2912
f 494//356 78//78 821//683
f 3779//2912 821//683 820//682
f 3778//2911 820//682 819//681
f 3777//2910 819//681 72//72
f 3774//2909 3777//2910 959//821
f 3771//2906 3774//2909 958//820
f 3781//2914 3784//2917 3783//2916
f 3782//2915 3785//2918 3784//2917
f 3784//2917 3787//2920 3786//2919
f 3785//2918 3788//2921 3787//2920
f 819//681 3780//2913 974//836
f 820//682 3781//2914 3780//2913
f 821//683 3782//2915 3781//2914
f 78//78 1304//1166 3782//2915
f 1304//1166 1303//1165 3785//2918
f 1303//1165 1302//1164 3788//2921
f 1302//1164 73//73 1169//1031
f 3788//2921 1169//1031 1168//1030
f 3787//2920 1168//1030 1167//1029
f 3786//2919 1167//1029 67//67
f 3783//2916 3786//2919 972//834
f 3780//2913 3783//2916 973//835
f 3790//2923 3793//2926 3792//2925
f 3791//2924 3794//2927 3793//2926
f 3793//2926 3796//2929 3795//2928
f 3794//2927 3797//2930 3796//2929
f 1424//1286 3789//2922 480//342
f 1423//1285 3790//2923 3789//2922
f 1422//1284 3791//2924 3790//2923
f 159//159 930//792 3791//2924
f 930//792 931//793 3794//2927
f 931//793 932//794 3797//2930
f 932//794 80//80 1268//1130
f 3797//2930 1268//1130 1267//1129
f 3796//2929 1267//1129 1266//1128
f 3795//2928 1266//1128 74//74
f 3792//2925 3795//2928 482//344
f 3789//2922 3792//2925 481//343
f 3799//2932 3802//2935 3801//2934
f 3800//2933 3803//2936 3802//2935
f 3802//2935 3805//2938 3804//2937
f 3803//2936 3806//2939 3805//2938
f 1266//1128 3798//2931 1131//993
f 1267//1129 3799//2932 3798//2931
f 1268//1130 3800//2933 3799//2932
f 80//80 570//432 3800//2933
f 570//432 571//433 3803//2936
f 571//433 572//434 3806//2939
f 572//434 81//81 1067//929
f 3806//2939 1067//929 1066//928
f 3805//2938 1066//928 1065//927
f 3804//2937 1065//927 75//75
f 3801//2934 3804//2937 1133//995
f 3798//2931 3801//2934 1132//994
f 3808//2941 3811//2944 3810//2943
f 3809//2942 3812//2945 3811//2944
f 3811//2944 3814//2947 3813//2946
f 3812//2945 3815//2948 3814//2947
f 1065//927 3807//2940 867//729
f 1066//928 3808//2941 3807//2940
f 1067//929 3809//2942 3808//2941
f 81//81 1212//1074 3809//2942
f 1212//1074 1213//1075 3812//2945
f 1213//1075 1214//1076 3815//2948
f 1214//1076 82//82 728//590
f 3815//2948 728//590 727//589
f 3814//2947 727//589 726//588
f 3813//2946 726//588 76//76
f 3810//2943 3813//2946 869//731
f 3807//2940 3810//2943 868//730
f 3816//2949 3817//2950 3820//2953
f 3817//2950 3818//2951 3821//2954
f 3819//2952 3820//2953 3823//2956
f 3820//2953 3821//2954 3824//2957
f 175//175 1568//1427 3816//2949
f 1568//1427 1567//1426 3817//2950
f 1567//1426 1566//1425 3818//2951
f 1566//1425 183//183 1005//867
f 3818//2951 1005//867 1006//868
f 3821//2954 1006//868 1007//869
f 3824//2957 1007//869 83//83
f 3823//2956 3824//2957 491//353
f 3822//2955 3823//2956 490//352
f 701//563 3822//2955 489//351
f 700//562 3819//2952 3822//2955
f 699//561 3816//2949 3819//2952
f 3825//2958 3826//2959 3829//2961
f 3826//2959 3827//2960 3830//2961
f 3828//355 3829//2961 3832//2963
f 3829//2961 3830//2961 3833//2964
f 77//77 489//351 3825//2958
f 489//351 490//352 3826//2959
f 490//352 491//353 3827//2960
f 491//353 83//83 735//597
f 3827//2960 735//597 736//598
f 3830//2961 736//598 737//599
f 3833//2964 737//599 84//84
f 3832//2963 3833//2964 1166//1028
f 3831//2962 3832//2963 1165//1027
f 494//356 3831//2962 1164//1026
f 493//355 3828//355 3831//2962
f 492//354 3825//2958 3828//355
f 3834//2965 3835//2966 3838//2969
f 3835//2966 3836//2967 3839//2970
f 3837//2968 3838//2969 3841//2972
f 3838//2969 3839//2970 3842//2973
f 78//78 1164//1026 3834//2965
f 1164//1026 1165//1027 3835//2966
f 1165//1027 1166//1028 3836//2967
f 1166//1028 84//84 749//611
f 3836//2967 749//611 748//610
f 3839//2970 748//610 747//609
f 3842//2973 747//609 79//79
f 3841//2972 3842//2973 647//509
f 3840//2971 3841//2972 646//508
f 1302//1164 3840//2971 645//507
f 1303//1165 3837//2968 3840//2971
f 1304//1166 3834//2965 3837//2968
f 3844//2975 3847//2978 3846//2977
f 3845//2976 3848//2979 3847//2978
f 3847//2978 3850//2981 3849//2980
f 3848//2979 3851//2982 3850//2981
f 1421//1283 3843//2974 930//792
f 1420//1282 3844//2975 3843//2974
f 1419//1281 3845//2976 3844//2975
f 165//165 1152//1014 3845//2976
f 1152//1014 1153//1015 3848//2979
f 1153//1015 1154//1016 3851//2982
f 1154//1016 86//86 584//446
f 3851//2982 584//446 583//445
f 3850//2981 583//445 582//444
f 3849//2980 582//444 80//80
f 3846//2977 3849//2980 932//794
f 3843//2974 3846//2977 931//793
f 3853//2984 3856//2987 3855//2986
f 3854//2985 3857//2988 3856//2987
f 3856//2987 3859//2990 3858//2989
f 3857//2988 3860//2991 3859//2990
f 582//444 3852//2983 570//432
f 583//445 3853//2984 3852//2983
f 584//446 3854//2985 3853//2984
f 86//86 921//783 3854//2985
f 921//783 922//784 3857//2988
f 922//784 923//785 3860//2991
f 923//785 87//87 506//368
f 3860//2991 506//368 505//367
f 3859//2990 505//367 504//366
f 3858//2989 504//366 81//81
f 3855//2986 3858//2989 572//434
f 3852//2983 3855//2986 571//433
f 3862//2993 3865//2996 3864//2995
f 3863//2994 3866//2997 3865//2996
f 3865//2996 3868//2999 3867//2998
f 3866//2997 3869//3000 3868//2999
f 504//366 3861//2992 1212//1074
f 505//367 3862//2993 3861//2992
f 506//368 3863//2994 3862//2993
f 87//87 723//585 3863//2994
f 723//585 724//586 3866//2997
f 724//586 725//587 3869//3000
f 725//587 88//88 1148//1010
f 3869//3000 1148//1010 1147//1009
f 3868//2999 1147//1009 1146//1008
f 3867//2998 1146//1008 82//82
f 3864//2995 3867//2998 1214//1076
f 3861//2992 3864//2995 1213//1075
f 3870//3001 3871//3002 3874//3005
f 3871//3002 3872//3003 3875//3006
f 3873//3004 3874//3005 3877//3008
f 3874//3005 3875//3006 3878//3009
f 183//183 1565//1424 3870//3001
f 1565//1424 1564//1423 3871//3002
f 1564//1423 1563//1422 3872//3003
f 1563//1422 172//172 609//471
f 3872//3003 609//471 610//472
f 3875//3006 610//472 611//473
f 3878//3009 611//473 89//89
f 3877//3008 3878//3009 941//803
f 3876//3007 3877//3008 940//802
f 1007//869 3876//3007 939//801
f 1006//868 3873//3004 3876//3007
f 1005//867 3870//3001 3873//3004
f 3879//3010 3880//3011 3883//3013
f 3880//3011 3881//3012 3884//3013
f 3882//3013 3883//3013 3886//3015
f 3883//3013 3884//3013 3887//3016
f 83//83 939//801 3879//3010
f 939//801 940//802 3880//3011
f 940//802 941//803 3881//3012
f 941//803 89//89 1245//1107
f 3881//3012 1245//1107 1246//1108
f 3884//3013 1246//1108 1247//1109
f 3887//3016 1247//1109 90//90
f 3886//3015 3887//3016 635//497
f 3885//3014 3886//3015 634//496
f 737//599 3885//3014 633//495
f 736//598 3882//3013 3885//3014
f 735//597 3879//3010 3882//3013
f 3888//3017 3889//3018 3892//3021
f 3889//3018 3890//3019 3893//3022
f 3891//3020 3892//3021 3895//3024
f 3892//3021 3893//3022 3896//3025
f 84//84 633//495 3888//3017
f 633//495 634//496 3889//3018
f 634//496 635//497 3890//3019
f 635//497 90//90 1076//938
f 3890//3019 1076//938 1075//937
f 3893//3022 1075//937 1074//936
f 3896//3025 1074//936 85//85
f 3895//3024 3896//3025 956//818
f 3894//3023 3895//3024 955//817
f 747//609 3894//3023 954//816
f 748//610 3891//3020 3894//3023
f 749//611 3888//3017 3891//3020
f 3898//3027 3901//3030 3900//3029
f 3899//3028 3902//3031 3901//3030
f 3901//3030 3904//3033 3903//3032
f 3902//3031 3905//3034 3904//3033
f 1418//1280 3897//3026 1152//1014
f 1417//1279 3898//3027 3897//3026
f 1416//1278 3899//3028 3898//3027
f 154//154 792//654 3899//3028
f 792//654 793//655 3902//3031
f 793//655 794//656 3905//3034
f 794//656 92//92 1091//953
f 3905//3034 1091//953 1090//952
f 3904//3033 1090//952 1089//951
f 3903//3032 1089//951 86//86
f 3900//3029 3903//3032 1154//1016
f 3897//3026 3900//3029 1153//1015
f 3907//3036 3910//3039 3909//3038
f 3908//3037 3911//3040 3910//3039
f 3910//3039 3913//3042 3912//3041
f 3911//3040 3914//3043 3913//3042
f 1089//951 3906//3035 921//783
f 1090//952 3907//3036 3906//3035
f 1091//953 3908//3037 3907//3036
f 92//92 630//492 3908//3037
f 630//492 631//493 3911//3040
f 631//493 632//494 3914//3043
f 632//494 93//93 872//734
f 3914//3043 872//734 871//733
f 3913//3042 871//733 870//732
f 3912//3041 870//732 87//87
f 3909//3038 3912//3041 923//785
f 3906//3035 3909//3038 922//784
f 3916//3045 3919//3048 3918//3047
f 3917//3046 3920//3049 3919//3048
f 3919//3048 3922//3051 3921//3050
f 3920//3049 3923//3052 3922//3051
f 870//732 3915//3044 723//585
f 871//733 3916//3045 3915//3044
f 872//734 3917//3046 3916//3045
f 93//93 1269//1131 3917//3046
f 1269//1131 1270//1132 3920//3049
f 1270//1132 1271//1133 3923//3052
f 1271//1133 94//94 734//596
f 3923//3052 734//596 733//595
f 3922//3051 733//595 732//594
f 3921//3050 732//594 88//88
f 3918//3047 3921//3050 725//587
f 3915//3044 3918//3047 724//586
f 3924//3053 3925//3054 3928//3057
f 3925//3054 3926//3055 3929//3058
f 3927//3056 3928//3057 3931//3060
f 3928//3057 3929//3058 3932//3061
f 172//172 1562//1421 3924//3053
f 1562//1421 1561//1420 3925//3054
f 1561//1420 1560//1419 3926//3055
f 1560//1419 185//185 1029//891
f 3926//3055 1029//891 1030//892
f 3929//3058 1030//892 1031//893
f 3932//3061 1031//893 95//95
f 3931//3060 3932//3061 551//413
f 3930//3059 3931//3060 550//412
f 611//473 3930//3059 549//411
f 610//472 3927//3056 3930//3059
f 609//471 3924//3053 3927//3056
f 3933//3062 3934//3063 3937//3065
f 3934//3063 3935//3064 3938//715
f 3936//3065 3937//3065 3940//3067
f 3937//3065 3938//715 3941//3068
f 89//89 549//411 3933//3062
f 549//411 550//412 3934//3063
f 550//412 551//413 3935//3064
f 551//413 95//95 852//714
f 3935//3064 852//714 853//715
f 3938//715 853//715 854//716
f 3941//3068 854//716 96//96
f 3940//3067 3941//3068 1187//1049
f 3939//3066 3940//3067 1186//1048
f 1247//1109 3939//3066 1185//1047
f 1246//1108 3936//3065 3939//3066
f 1245//1107 3933//3062 3936//3065
f 3942//3069 3943//3070 3946//3073
f 3943//3070 3944//3071 3947//3074
f 3945//3072 3946//3073 3949//3076
f 3946//3073 3947//3074 3950//3077
f 90//90 1185//1047 3942//3069
f 1185//1047 1186//1048 3943//3070
f 1186//1048 1187//1049 3944//3071
f 1187//1049 96//96 779//641
f 3944//3071 779//641 778//640
f 3947//3074 778//640 777//639
f 3950//3077 777//639 91//91
f 3949//3076 3950//3077 1262//1124
f 3948//3075 3949//3076 1261//1123
f 1074//936 3948//3075 1260//1122
f 1075//937 3945//3072 3948//3075
f 1076//938 3942//3069 3945//3072
f 3952//3079 3955//3082 3954//3081
f 3953//3080 3956//3083 3955//3082
f 3955//3082 3958//3085 3957//3084
f 3956//3083 3959//3086 3958//3085
f 1415//1277 3951//3078 792//654
f 1414//1276 3952//3079 3951//3078
f 1413//1275 3953//3080 3952//3079
f 166//166 1161//1023 3953//3080
f 1161//1023 1162//1024 3956//3083
f 1162//1024 1163//1025 3959//3086
f 1163//1025 98//98 1301//1163
f 3959//3086 1301//1163 1300//1162
f 3958//3085 1300//1162 1299//1161
f 3957//3084 1299//1161 92//92
f 3954//3081 3957//3084 794//656
f 3951//3078 3954//3081 793//655
f 3961//3088 3964//3091 3963//3090
f 3962//3089 3965//3092 3964//3091
f 3964//3091 3967//3094 3966//3093
f 3965//3092 3968//3095 3967//3094
f 1299//1161 3960//3087 630//492
f 1300//1162 3961//3088 3960//3087
f 1301//1163 3962//3089 3961//3088
f 98//98 531//393 3962//3089
f 531//393 532//394 3965//3092
f 532//394 533//395 3968//3095
f 533//395 99//99 1085//947
f 3968//3095 1085//947 1084//946
f 3967//3094 1084//946 1083//945
f 3966//3093 1083//945 93//93
f 3963//3090 3966//3093 632//494
f 3960//3087 3963//3090 631//493
f 3970//3097 3973//3100 3972//3099
f 3971//3098 3974//3101 3973//3100
f 3973//3100 3976//3103 3975//3102
f 3974//3101 3977//3104 3976//3103
f 1083//945 3969//3096 1269//1131
f 1084//946 3970//3097 3969//3096
f 1085//947 3971//3098 3970//3097
f 99//99 774//636 3971//3098
f 774//636 775//637 3974//3101
f 775//637 776//638 3977//3104
f 776//638 100//100 860//722
f 3977//3104 860//722 859//721
f 3976//3103 859//721 858//720
f 3975//3102 858//720 94//94
f 3972//3099 3975//3102 1271//1133
f 3969//3096 3972//3099 1270//1132
f 3978//3105 3979//3106 3982//3109
f 3979//3106 3980//3107 3983//3110
f 3981//3108 3982//3109 3985//3112
f 3982//3109 3983//3110 3986//3113
f 185//185 1559//1418 3978//3105
f 1559//1418 1558//1417 3979//3106
f 1558//1417 1557//1416 3980//3107
f 1557//1416 180//180 909//771
f 3980//3107 909//771 910//772
f 3983//3110 910//772 911//773
f 3986//3113 911//773 101//101
f 3985//3112 3986//3113 683//545
f 3984//3111 3985//3112 682//544
f 1031//893 3984//3111 681//543
f 1030//892 3981//3108 3984//3111
f 1029//891 3978//3105 3981//3108
f 3987//3114 3988//3115 3991//3117
f 3988//3115 3989//3116 3992//3117
f 3990//3117 3991//3117 3994//3119
f 3991//3117 3992//3117 3995//3120
f 95//95 681//543 3987//3114
f 681//543 682//544 3988//3115
f 682//544 683//545 3989//3116
f 683//545 101//101 1122//984
f 3989//3116 1122//984 1123//985
f 3992//3117 1123//985 1124//986
f 3995//3120 1124//986 102//102
f 3994//3119 3995//3120 767//629
f 3993//3118 3994//3119 766//628
f 854//716 3993//3118 765//627
f 853//715 3990//3117 3993//3118
f 852//714 3987//3114 3990//3117
f 3996//3121 3997//3122 4000//3125
f 3997//3122 3998//3123 4001//3126
f 3999//3124 4000//3125 4003//3128
f 4000//3125 4001//3126 4004//3129
f 96//96 765//627 3996//3121
f 765//627 766//628 3997//3122
f 766//628 767//629 3998//3123
f 767//629 102//102 1130//992
f 3998//3123 1130//992 1129//991
f 4001//3126 1129//991 1128//990
f 4004//3129 1128//990 97//97
f 4003//3128 4004//3129 983//845
f 4002//3127 4003//3128 982//844
f 777//639 4002//3127 981//843
f 778//640 3999//3124 4002//3127
f 779//641 3996//3121 3999//3124
f 4006//3131 4009//3134 4008//3133
f 4007//3132 4010//3135 4009//3134
f 4009//3134 4012//3137 4011//3136
f 4010//3135 4013//3138 4012//3137
f 1412//1274 4005//3130 1161//1023
f 1411//1273 4006//3131 4005//3130
f 1410//1272 4007//3132 4006//3131
f 150//150 687//549 4007//3132
f 687//549 688//550 4010//3135
f 688//550 689//551 4013//3138
f 689//551 104//104 1094//956
f 4013//3138 1094//956 1093//955
f 4012//3137 1093//955 1092//954
f 4011//3136 1092//954 98//98
f 4008//3133 4011//3136 1163//1025
f 4005//3130 4008//3133 1162//1024
f 4015//3140 4018//3143 4017//3142
f 4016//3141 4019//3144 4018//3143
f 4018//3143 4021//3146 4020//3145
f 4019//3144 4022//3147 4021//3146
f 1092//954 4014//3139 531//393
f 1093//955 4015//3140 4014//3139
f 1094//956 4016//3141 4015//3140
f 104//104 855//717 4016//3141
f 855//717 856//718 4019//3144
f 856//718 857//719 4022//3147
f 857//719 105//105 473//335
f 4022//3147 473//335 472//334
f 4021//3146 472//334 471//333
f 4020//3145 471//333 99//99
f 4017//3142 4020//3145 533//395
f 4014//3139 4017//3142 532//394
f 4024//3149 4027//3152 4026//3151
f 4025//3150 4028//3153 4027//3152
f 4027//3152 4030//3155 4029//3154
f 4028//3153 4031//3156 4030//3155
f 471//333 4023//3148 774//636
f 472//334 4024//3149 4023//3148
f 473//335 4025//3150 4024//3149
f 105//105 1062//924 4025//3150
f 1062//924 1063//925 4028//3153
f 1063//925 1064//926 4031//3156
f 1064//926 106//106 605//467
f 4031//3156 605//467 604//466
f 4030//3155 604//466 603//465
f 4029//3154 603//465 100//100
f 4026//3151 4029//3154 776//638
f 4023//3148 4026//3151 775//637
f 4032//3157 4033//3158 4036//3161
f 4033//3158 4034//3159 4037//3162
f 4035//3160 4036//3161 4039//3164
f 4036//3161 4037//3162 4040//3165
f 180//180 1556//1415 4032//3157
f 1556//1415 1555//1414 4033//3158
f 1555//1414 1554//1413 4034//3159
f 1554//1413 192//192 1281//1143
f 4034//3159 1281//1143 1282//1144
f 4037//3162 1282//1144 1283//1145
f 4040//3165 1283//1145 107//107
f 4039//3164 4040//3165 815//677
f 4038//3163 4039//3164 814//676
f 911//773 4038//3163 813//675
f 910//772 4035//3160 4038//3163
f 909//771 4032//3157 4035//3160
f 4041//3166 4042//3167 4045//985
f 4042//3167 4043//3168 4046//526
f 4044//985 4045//985 4048//3170
f 4045//985 4046//526 4049//3171
f 101//101 813//675 4041//3166
f 813//675 814//676 4042//3167
f 814//676 815//677 4043//3168
f 815//677 107//107 663//525
f 4043//3168 663//525 664//526
f 4046//526 664//526 665//527
f 4049//3171 665//527 108//108
f 4048//3170 4049//3171 1016//878
f 4047//3169 4048//3170 1015//877
f 1124//986 4047//3169 1014//876
f 1123//985 4044//985 4047//3169
f 1122//984 4041//3166 4044//985
f 4050//3172 4051//3173 4054//3176
f 4051//3173 4052//3174 4055//3177
f 4053//3175 4054//3176 4057//3179
f 4054//3176 4055//3177 4058//3180
f 102//102 1014//876 4050//3172
f 1014//876 1015//877 4051//3173
f 1015//877 1016//878 4052//3174
f 1016//878 108//108 614//476
f 4052//3174 614//476 613//475
f 4055//3177 613//475 612//474
f 4058//3180 612//474 103//103
f 4057//3179 4058//3180 920//782
f 4056//3178 4057//3179 919//781
f 1128//990 4056//3178 918//780
f 1129//991 4053//3175 4056//3178
f 1130//992 4050//3172 4053//3175
f 4060//3182 4063//3185 4062//3184
f 4061//3183 4064//3186 4063//3185
f 4063//3185 4066//3188 4065//3187
f 4064//3186 4067//3189 4066//3188
f 1409//1271 4059//3181 687//549
f 1408//1270 4060//3182 4059//3181
f 1407//1269 4061//3183 4060//3182
f 163//163 1086//948 4061//3183
f 1086//948 1087//949 4064//3186
f 1087//949 1088//950 4067//3189
f 1088//950 110//110 530//392
f 4067//3189 530//392 529//391
f 4066//3188 529//391 528//390
f 4065//3187 528//390 104//104
f 4062//3184 4065//3187 689//551
f 4059//3181 4062//3184 688//550
f 4069//3191 4072//3194 4071//3193
f 4070//3192 4073//3195 4072//3194
f 4072//3194 4075//3197 4074//3196
f 4073//3195 4076//3198 4075//3197
f 528//390 4068//3190 855//717
f 529//391 4069//3191 4068//3190
f 530//392 4070//3192 4069//3191
f 110//110 1257//1119 4070//3192
f 1257//1119 1258//1120 4073//3195
f 1258//1120 1259//1121 4076//3198
f 1259//1121 111//111 803//665
f 4076//3198 803//665 802//664
f 4075//3197 802//664 801//663
f 4074//3196 801//663 105//105
f 4071//3193 4074//3196 857//719
f 4068//3190 4071//3193 856//718
f 4078//3200 4081//3203 4080//3202
f 4079//3201 4082//3204 4081//3203
f 4081//3203 4084//3206 4083//3205
f 4082//3204 4085//3207 4084//3206
f 801//663 4077//3199 1062//924
f 802//664 4078//3200 4077//3199
f 803//665 4079//3201 4078//3200
f 111//111 642//504 4079//3201
f 642//504 643//505 4082//3204
f 643//505 644//506 4085//3207
f 644//506 112//112 971//833
f 4085//3207 971//833 970//832
f 4084//3206 970//832 969//831
f 4083//3205 969//831 106//106
f 4080//3202 4083//3205 1064//926
f 4077//3199 4080//3202 1063//925
f 4086//3208 4087//3209 4090//3212
f 4087//3209 4088//3210 4091//3213
f 4089//3211 4090//3212 4093//3215
f 4090//3212 4091//3213 4094//3216
f 192//192 1553//1412 4086//3208
f 1553//1412 1552//1411 4087//3209
f 1552//1411 1551//1410 4088//3210
f 1551//1410 186//186 1050//912
f 4088//3210 1050//912 1051//913
f 4091//3213 1051//913 1052//914
f 4094//3216 1052//914 113//113
f 4093//3215 4094//3216 1208//1070
f 4092//3214 4093//3215 1207//1069
f 1283//1145 4092//3214 1206//1068
f 1282//1144 4089//3211 4092//3214
f 1281//1143 4086//3208 4089//3211
f 4095//3217 4096//3218 4099//3220
f 4096//3218 4097//3219 4100//3220
f 4098//3220 4099//3220 4102//3222
f 4099//3220 4100//3220 4103//3223
f 107//107 1206//1068 4095//3217
f 1206//1068 1207//1069 4096//3218
f 1207//1069 1208//1070 4097//3219
f 1208//1070 113//113 1236//1098
f 4097//3219 1236//1098 1237//1099
f 4100//3220 1237//1099 1238//1100
f 4103//3223 1238//1100 114//114
f 4102//3222 4103//3223 458//320
f 4101//3221 4102//3222 457//319
f 665//527 4101//3221 456//318
f 664//526 4098//3220 4101//3221
f 663//525 4095//3217 4098//3220
f 4104//3224 4105//3225 4108//3228
f 4105//3225 4106//3226 4109//3229
f 4107//3227 4108//3228 4111//3231
f 4108//3228 4109//3229 4112//3232
f 108//108 456//318 4104//3224
f 456//318 457//319 4105//3225
f 457//319 458//320 4106//3226
f 458//320 114//114 893//755
f 4106//3226 893//755 892//754
f 4109//3229 892//754 891//753
f 4112//3232 891//753 109//109
f 4111//3231 4112//3232 1244//1106
f 4110//3230 4111//3231 1243//1105
f 612//474 4110//3230 1242//1104
f 613//475 4107//3227 4110//3230
f 614//476 4104//3224 4107//3227
f 4114//3234 4117//3237 4116//3236
f 4115//3235 4118//3238 4117//3237
f 4117//3237 4120//3240 4119//3239
f 4118//3238 4121//3241 4120//3240
f 1406//1268 4113//3233 1086//948
f 1405//1267 4114//3234 4113//3233
f 1404//1266 4115//3235 4114//3234
f 156//156 861//723 4115//3235
f 861//723 862//724 4118//3238
f 862//724 863//725 4121//3241
f 863//725 116//116 890//752
f 4121//3241 890//752 889//751
f 4120//3240 889//751 888//750
f 4119//3239 888//750 110//110
f 4116//3236 4119//3239 1088//950
f 4113//3233 4116//3236 1087//949
f 4123//3243 4126//3246 4125//3245
f 4124//3244 4127//3247 4126//3246
f 4126//3246 4129//3249 4128//3248
f 4127//3247 4130//3250 4129//3249
f 888//750 4122//3242 1257//1119
f 889//751 4123//3243 4122//3242
f 890//752 4124//3244 4123//3243
f 116//116 990//852 4124//3244
f 990//852 991//853 4127//3247
f 991//853 992//854 4130//3250
f 992//854 117//117 1121//983
f 4130//3250 1121//983 1120//982
f 4129//3249 1120//982 1119//981
f 4128//3248 1119//981 111//111
f 4125//3245 4128//3248 1259//1121
f 4122//3242 4125//3245 1258//1120
f 4132//3252 4135//3255 4134//3254
f 4133//3253 4136//3256 4135//3255
f 4135//3255 4138//3258 4137//3257
f 4136//3256 4139//3259 4138//3258
f 1119//981 4131//3251 642//504
f 1120//982 4132//3252 4131//3251
f 1121//983 4133//3253 4132//3252
f 117//117 1182//1044 4133//3253
f 1182//1044 1183//1045 4136//3256
f 1183//1045 1184//1046 4139//3259
f 1184//1046 118//118 641//503
f 4139//3259 641//503 640//502
f 4138//3258 640//502 639//501
f 4137//3257 639//501 112//112
f 4134//3254 4137//3257 644//506
f 4131//3251 4134//3254 643//505
f 4140//3260 4141//3261 4144//3264
f 4141//3261 4142//3262 4145//3265
f 4143//3263 4144//3264 4147//3267
f 4144//3264 4145//3265 4148//3268
f 186//186 1550//1409 4140//3260
f 1550//1409 1549//1408 4141//3261
f 1549//1408 1548//1407 4142//3262
f 1548//1407 170//170 510//372
f 4142//3262 510//372 511//373
f 4145//3265 511//373 512//374
f 4148//3268 512//374 119//119
f 4147//3267 4148//3268 998//860
f 4146//3266 4147//3267 997//859
f 1052//914 4146//3266 996//858
f 1051//913 4143//3263 4146//3266
f 1050//912 4140//3260 4143//3263
f 4149//3269 4150//3270 4153//3272
f 4150//3270 4151//3271 4154//3272
f 4152//3272 4153//3272 4156//3274
f 4153//3272 4154//3272 4157//3275
f 113//113 996//858 4149//3269
f 996//858 997//859 4150//3270
f 997//859 998//860 4151//3271
f 998//860 119//119 744//606
f 4151//3271 744//606 745//607
f 4154//3272 745//607 746//608
f 4157//3275 746//608 120//120
f 4156//3274 4157//3275 1160//1022
f 4155//3273 4156//3274 1159//1021
f 1238//1100 4155//3273 1158//1020
f 1237//1099 4152//3272 4155//3273
f 1236//1098 4149//3269 4152//3272
f 4158//3276 4159//3277 4162//3280
f 4159//3277 4160//3278 4163//3281
f 4161//3279 4162//3280 4165//3283
f 4162//3280 4163//3281 4166//3284
f 114//114 1158//1020 4158//3276
f 1158//1020 1159//1021 4159//3277
f 1159//1021 1160//1022 4160//3278
f 1160//1022 120//120 764//626
f 4160//3278 764//626 763//625
f 4163//3281 763//625 762//624
f 4166//3284 762//624 115//115
f 4165//3283 4166//3284 662//524
f 4164//3282 4165//3283 661//523
f 891//753 4164//3282 660//522
f 892//754 4161//3279 4164//3282
f 893//755 4158//3276 4161//3279
f 4168//3286 4171//3289 4170//3288
f 4169//3287 4172//3290 4171//3289
f 4171//3289 4174//3292 4173//3291
f 4172//3290 4175//3293 4174//3292
f 1403//1265 4167//3285 861//723
f 1402//1264 4168//3286 4167//3285
f 1401//1263 4169//3287 4168//3286
f 168//168 1296//1158 4169//3287
f 1296//1158 1297//1159 4172//3290
f 1297//1159 1298//1160 4175//3293
f 1298//1160 122//122 692//554
f 4175//3293 692//554 691//553
f 4174//3292 691//553 690//552
f 4173//3291 690//552 116//116
f 4170//3288 4173//3291 863//725
f 4167//3285 4170//3288 862//724
f 4177//3295 4180//3298 4179//3297
f 4178//3296 4181//3299 4180//3298
f 4180//3298 4183//3301 4182//3300
f 4181//3299 4184//3302 4183//3301
f 690//552 4176//3294 990//852
f 691//553 4177//3295 4176//3294
f 692//554 4178//3296 4177//3295
f 122//122 669//531 4178//3296
f 669//531 670//532 4181//3299
f 670//532 671//533 4184//3302
f 671//533 123//123 896//758
f 4184//3302 896//758 895//757
f 4183//3301 895//757 894//756
f 4182//3300 894//756 117//117
f 4179//3297 4182//3300 992//854
f 4176//3294 4179//3297 991//853
f 4186//3304 4189//3307 4188//3306
f 4187//3305 4190//3308 4189//3307
f 4189//3307 4192//3310 4191//3309
f 4190//3308 4193//3311 4192//3310
f 894//756 4185//3303 1182//1044
f 895//757 4186//3304 4185//3303
f 896//758 4187//3305 4186//3304
f 123//123 900//762 4187//3305
f 900//762 901//763 4190//3308
f 901//763 902//764 4193//3311
f 902//764 124//124 1103//965
f 4193//3311 1103//965 1102//964
f 4192//3310 1102//964 1101//963
f 4191//3309 1101//963 118//118
f 4188//3306 4191//3309 1184//1046
f 4185//3303 4188//3306 1183//1045
f 4194//3312 4195//3313 4198//3316
f 4195//3313 4196//3314 4199//3317
f 4197//3315 4198//3316 4201//3319
f 4198//3316 4199//3317 4202//3320
f 170//170 1547//1406 4194//3312
f 1547//1406 1546//1405 4195//3313
f 1546//1405 1545//1404 4196//3314
f 1545//1404 187//187 1110//972
f 4196//3314 1110//972 1111//973
f 4199//3317 1111//973 1112//974
f 4202//3320 1112//974 125//125
f 4201//3319 4202//3320 479//341
f 4200//3318 4201//3319 478//340
f 512//374 4200//3318 477//339
f 511//373 4197//3315 4200//3318
f 510//372 4194//3312 4197//3315
f 4203//3321 4204//3322 4207//3324
f 4204//3322 4205//3323 4208//3324
f 4206//3324 4207//3324 4210//3326
f 4207//3324 4208//3324 4211//3327
f 119//119 477//339 4203//3321
f 477//339 478//340 4204//3322
f 478//340 479//341 4205//3323
f 479//341 125//125 1314//1176
f 4205//3323 1314//1176 1315//1177
f 4208//3324 1315//1177 1316//1178
f 4211//3327 1316//1178 126//126
f 4210//3326 4211//3327 791//653
f 4209//3325 4210//3326 790//652
f 746//608 4209//3325 789//651
f 745//607 4206//3324 4209//3325
f 744//606 4203//3321 4206//3324
f 4212//3328 4213//3329 4216//3332
f 4213//3329 4214//3330 4217//3333
f 4215//3331 4216//3332 4219//3335
f 4216//3332 4217//3333 4220//3336
f 120//120 789//651 4212//3328
f 789//651 790//652 4213//3329
f 790//652 791//653 4214//3330
f 791//653 126//126 1232//1094
f 4214//3330 1232//1094 1231//1093
f 4217//3333 1231//1093 1230//1092
f 4220//3336 1230//1092 121//121
f 4219//3335 4220//3336 542//404
f 4218//3334 4219//3335 541//403
f 762//624 4218//3334 540//402
f 763//625 4215//3331 4218//3334
f 764//626 4212//3328 4215//3331
f 4222//3338 4225//3341 4224//3340
f 4223//3339 4226//3342 4225//3341
f 4225//3341 4228//3344 4227//3343
f 4226//3342 4229//3345 4228//3344
f 1400//1262 4221//3337 1296//1158
f 1399//1261 4222//3338 4221//3337
f 1398//1260 4223//3339 4222//3338
f 157//157 885//747 4223//3339
f 885//747 886//748 4226//3342
f 886//748 887//749 4229//3345
f 887//749 128//128 1196//1058
f 4229//3345 1196//1058 1195//1057
f 4228//3344 1195//1057 1194//1056
f 4227//3343 1194//1056 122//122
f 4224//3340 4227//3343 1298//1160
f 4221//3337 4224//3340 1297//1159
f 4231//3347 4234//3350 4233//3349
f 4232//3348 4235//3351 4234//3350
f 4234//3350 4237//3353 4236//3352
f 4235//3351 4238//3354 4237//3353
f 1194//1056 4230//3346 669//531
f 1195//1057 4231//3347 4230//3346
f 1196//1058 4232//3348 4231//3347
f 128//128 720//582 4232//3348
f 720//582 721//583 4235//3351
f 721//583 722//584 4238//3354
f 722//584 129//129 590//452
f 4238//3354 590//452 589//451
f 4237//3353 589//451 588//450
f 4236//3352 588//450 123//123
f 4233//3349 4236//3352 671//533
f 4230//3346 4233//3349 670//532
f 4240//3356 4243//3359 4242//3358
f 4241//3357 4244//3360 4243//3359
f 4243//3359 4246//3362 4245//3361
f 4244//3360 4247//3363 4246//3362
f 588//450 4239//3355 900//762
f 589//451 4240//3356 4239//3355
f 590//452 4241//3357 4240//3356
f 129//129 516//378 4241//3357
f 516//378 517//379 4244//3360
f 517//379 518//380 4247//3363
f 518//380 130//130 908//770
f 4247//3363 908//770 907//769
f 4246//3362 907//769 906//768
f 4245//3361 906//768 124//124
f 4242//3358 4245//3361 902//764
f 4239//3355 4242//3358 901//763
f 4248//3364 4249//3365 4252//3368
f 4249//3365 4250//3366 4253//3369
f 4251//3367 4252//3368 4255//3371
f 4252//3368 4253//3369 4256//3372
f 187//187 1544//1403 4248//3364
f 1544//1403 1543//1402 4249//3365
f 1543//1402 1542//1401 4250//3366
f 1542//1401 189//189 1149//1011
f 4250//3366 1149//1011 1150//1012
f 4253//3369 1150//1012 1151//1013
f 4256//3372 1151//1013 131//131
f 4255//3371 4256//3372 1109//971
f 4254//3370 4255//3371 1108//970
f 1112//974 4254//3370 1107//969
f 1111//973 4251//3367 4254//3370
f 1110//972 4248//3364 4251//3367
f 4257//3373 4258//3374 4261//3376
f 4258//3374 4259//3375 4262//829
f 4260//3376 4261//3376 4264//3378
f 4261//3376 4262//829 4265//3379
f 125//125 1107//969 4257//3373
f 1107//969 1108//970 4258//3374
f 1108//970 1109//971 4259//3375
f 1109//971 131//131 966//828
f 4259//3375 966//828 967//829
f 4262//829 967//829 968//830
f 4265//3379 968//830 132//132
f 4264//3378 4265//3379 455//317
f 4263//3377 4264//3378 454//316
f 1316//1178 4263//3377 453//315
f 1315//1177 4260//3376 4263//3377
f 1314//1176 4257//3373 4260//3376
f 4266//3380 4267//3381 4270//3384
f 4267//3381 4268//3382 4271//3385
f 4269//3383 4270//3384 4273//3387
f 4270//3384 4271//3385 4274//3388
f 126//126 453//315 4266//3380
f 453//315 454//316 4267//3381
f 454//316 455//317 4268//3382
f 455//317 132//132 929//791
f 4268//3382 929//791 928//790
f 4271//3385 928//790 927//789
f 4274//3388 927//789 127//127
f 4273//3387 4274//3388 1028//890
f 4272//3386 4273//3387 1027//889
f 1230//1092 4272//3386 1026//888
f 1231//1093 4269//3383 4272//3386
f 1232//1094 4266//3380 4269//3383
f 4276//3390 4279//3393 4278//3392
f 4277//3391 4280//3394 4279//3393
f 4279//3393 4282//3396 4281//3395
f 4280//3394 4283//3397 4282//3396
f 1397//1259 4275//3389 885//747
f 1396//1258 4276//3390 4275//3389
f 1395//1257 4277//3391 4276//3390
f 167//167 1293//1155 4277//3391
f 1293//1155 1294//1156 4280//3394
f 1294//1156 1295//1157 4283//3397
f 1295//1157 134//134 509//371
f 4283//3397 509//371 508//370
f 4282//3396 508//370 507//369
f 4281//3395 507//369 128//128
f 4278//3392 4281//3395 887//749
f 4275//3389 4278//3392 886//748
f 4285//3399 4288//3402 4287//3401
f 4286//3400 4289//3403 4288//3402
f 4288//3402 4291//3405 4290//3404
f 4289//3403 4292//3406 4291//3405
f 507//369 4284//3398 720//582
f 508//370 4285//3399 4284//3398
f 509//371 4286//3400 4285//3399
f 134//134 1071//933 4286//3400
f 1071//933 1072//934 4289//3403
f 1072//934 1073//935 4292//3406
f 1073//935 135//135 656//518
f 4292//3406 656//518 655//517
f 4291//3405 655//517 654//516
f 4290//3404 654//516 129//129
f 4287//3401 4290//3404 722//584
f 4284//3398 4287//3401 721//583
f 4294//3408 4297//3411 4296//3410
f 4295//3409 4298//3412 4297//3411
f 4297//3411 4300//3414 4299//3413
f 4298//3412 4301//3415 4300//3414
f 654//516 4293//3407 516//378
f 655//517 4294//3408 4293//3407
f 656//518 4295//3409 4294//3408
f 135//135 846//708 4295//3409
f 846//708 847//709 4298//3412
f 847//709 848//710 4301//3415
f 848//710 136//136 1280//1142
f 4301//3415 1280//1142 1279//1141
f 4300//3414 1279//1141 1278//1140
f 4299//3413 1278//1140 130//130
f 4296//3410 4299//3413 518//380
f 4293//3407 4296//3410 517//379
f 4302//3416 4303//3417 4306//3420
f 4303//3417 4304//3418 4307//3421
f 4305//3419 4306//3420 4309//3423
f 4306//3420 4307//3421 4310//3424
f 189//189 1541//1400 4302//3416
f 1541//1400 1540//1399 4303//3417
f 1540//1399 1539//1398 4304//3418
f 1539//1398 173//173 621//483
f 4304//3418 621//483 622//484
f 4307//3421 622//484 623//485
f 4310//3424 623//485 137//137
f 4309//3423 4310//3424 1061//923
f 4308//3422 4309//3423 1060//922
f 1151//1013 4308//3422 1059//921
f 1150//1012 4305//3419 4308//3422
f 1149//1011 4302//3416 4305//3419
f 4311//3425 4312//3426 4315//3428
f 4312//3426 4313//3427 4316//3428
f 4314//3428 4315//3428 4318//3430
f 4315//3428 4316//3428 4319//3431
f 131//131 1059//921 4311//3425
f 1059//921 1060//922 4312//3426
f 1060//922 1061//923 4313//3427
f 1061//923 137//137 1263//1125
f 4313//3427 1263//1125 1264//1126
f 4316//3428 1264//1126 1265//1127
f 4319//3431 1265//1127 138//138
f 4318//3430 4319//3431 788//650
f 4317//3429 4318//3430 787//649
f 968//830 4317//3429 786//648
f 967//829 4314//3428 4317//3429
f 966//828 4311//3425 4314//3428
f 4320//3432 4321//3433 4324//3436
f 4321//3433 4322//3434 4325//3437
f 4323//3435 4324//3436 4327//3439
f 4324//3436 4325//3437 4328//3440
f 132//132 786//648 4320//3432
f 786//648 787//649 4321//3433
f 787//649 788//650 4322//3434
f 788//650 138//138 1229//1091
f 4322//3434 1229//1091 1228//1090
f 4325//3437 1228//1090 1227//1089
f 4328//3440 1227//1089 133//133
f 4327//3439 4328//3440 695//557
f 4326//3438 4327//3439 694//556
f 927//789 4326//3438 693//555
f 928//790 4323//3435 4326//3438
f 929//791 4320//3432 4323//3435
f 4330//3442 4333//3445 4332//3444
f 4331//3443 4334//3446 4333//3445
f 4333//3445 4336//3448 4335//3447
f 4334//3446 4337//3449 4336//3448
f 1394//1256 4329//3441 1293//1155
f 1393//1255 4330//3442 4329//3441
f 1392//1254 4331//3443 4330//3442
f 153//153 771//633 4331//3443
f 771//633 772//634 4334//3446
f 772//634 773//635 4337//3449
f 773//635 140//140 1205//1067
f 4337//3449 1205//1067 1204//1066
f 4336//3448 1204//1066 1203//1065
f 4335//3447 1203//1065 134//134
f 4332//3444 4335//3447 1295//1157
f 4329//3441 4332//3444 1294//1156
f 4339//3451 4342//3454 4341//3453
f 4340//3452 4343//3455 4342//3454
f 4342//3454 4345//3457 4344//3456
f 4343//3455 4346//3458 4345//3457
f 1203//1065 4338//3450 1071//933
f 1204//1066 4339//3451 4338//3450
f 1205//1067 4340//3452 4339//3451
f 140//140 561//423 4340//3452
f 561//423 562//424 4343//3455
f 562//424 563//425 4346//3458
f 563//425 141//141 938//800
f 4346//3458 938//800 937//799
f 4345//3457 937//799 936//798
f 4344//3456 936//798 135//135
f 4341//3453 4344//3456 1073//935
f 4338//3450 4341//3453 1072//934
f 4348//3460 4351//3463 4350//3462
f 4349//3461 4352//3464 4351//3463
f 4351//3463 4354//3466 4353//3465
f 4352//3464 4355//3467 4354//3466
f 936//798 4347//3459 846//708
f 937//799 4348//3460 4347//3459
f 938//800 4349//3461 4348//3460
f 141//141 1233//1095 4349//3461
f 1233//1095 1234//1096 4352//3464
f 1234//1096 1235//1097 4355//3467
f 1235//1097 142//142 719//581
f 4355//3467 719//581 718//580
f 4354//3466 718//580 717//579
f 4353//3465 717//579 136//136
f 4350//3462 4353//3465 848//710
f 4347//3459 4350//3462 847//709
f 4356//3468 4357//3469 4360//3472
f 4357//3469 4358//3470 4361//3473
f 4359//3471 4360//3472 4363//3475
f 4360//3472 4361//3473 4364//3476
f 173//173 1538//1397 4356//3468
f 1538//1397 1537//1396 4357//3469
f 1537//1396 1536//1395 4358//3470
f 1536//1395 184//184 1020//882
f 4358//3470 1020//882 1021//883
f 4361//3473 1021//883 1022//884
f 4364//3476 1022//884 143//143
f 4363//3475 4364//3476 515//377
f 4362//3474 4363//3475 514//376
f 623//485 4362//3474 513//375
f 622//484 4359//3471 4362//3474
f 621//483 4356//3468 4359//3471
f 4365//3477 4366//3478 4369//1126
f 4366//3478 4367//3479 4370//568
f 4368//1126 4369//1126 4372//3481
f 4369//1126 4370//568 4373//3482
f 137//137 513//375 4365//3477
f 513//375 514//376 4366//3478
f 514//376 515//377 4367//3479
f 515//377 143//143 705//567
f 4367//3479 705//567 706//568
f 4370//568 706//568 707//569
f 4373//3482 707//569 144//144
f 4372//3481 4373//3482 1157//1019
f 4371//3480 4372//3481 1156//1018
f 1265//1127 4371//3480 1155//1017
f 1264//1126 4368//1126 4371//3480
f 1263//1125 4365//3477 4368//1126
f 4374//3483 4375//3484 4378//3487
f 4375//3484 4376//3485 4379//3488
f 4377//3486 4378//3487 4381//3490
f 4378//3487 4379//3488 4382//3491
f 138//138 1155//1017 4374//3483
f 1155//1017 1156//1018 4375//3484
f 1156//1018 1157//1019 4376//3485
f 1157//1019 144//144 818//680
f 4376//3485 818//680 817//679
f 4379//3488 817//679 816//678
f 4382//3491 816//678 139//139
f 4381//3490 4382//3491 581//443
f 4380//3489 4381//3490 580//442
f 1227//1089 4380//3489 579//441
f 1228//1090 4377//3486 4380//3489
f 1229//1091 4374//3483 4377//3486
f 4384//3493 4387//3496 4386//3495
f 4385//3494 4388//3497 4387//3496
f 4387//3496 4390//3499 4389//3498
f 4388//3497 4391//3500 4390//3499
f 1391//1253 4383//3492 771//633
f 1390//1252 4384//3493 4383//3492
f 1390//1252 1389//1251 4385//3494
f 1389//1251 149//149 678//540
f 4385//3494 678//540 679//541
f 4388//3497 679//541 680//542
f 4391//3500 680//542 2//2
f 4391//3500 810//672 811//673
f 4390//3499 811//673 812//674
f 4389//3498 812//674 140//140
f 4386//3495 4389//3498 773//635
f 4383//3492 4386//3495 772//634
f 4393//3502 4396//3505 4395//3504
f 4394//3503 4397//3506 4396//3505
f 4396//3505 4399//3508 4398//3507
f 4397//3506 4400//3509 4399//3508
f 812//674 4392//3501 561//423
f 811//673 4393//3502 4392//3501
f 810//672 4394//3503 4393//3502
f 810//672 2//2 1305//1167
f 1305//1167 1306//1168 4397//3506
f 1306//1168 1307//1169 4400//3509
f 1307//1169 3//3 600//462
f 4400//3509 600//462 601//463
f 4399//3508 601//463 602//464
f 4398//3507 602//464 141//141
f 4395//3504 4398//3507 563//425
f 4392//3501 4395//3504 562//424
f 4402//3511 4405//3514 4404//3513
f 4403//3512 4406//3515 4405//3514
f 4405//3514 4408//3517 4407//3516
f 4406//3515 4409//3518 4408//3517
f 602//464 4401//3510 1233//1095
f 601//463 4402//3511 4401//3510
f 600//462 4403//3512 4402//3511
f 3//3 1080//942 4403//3512
f 1080//942 1081//943 4406//3515
f 1081//943 1082//944 4409//3518
f 1082//944 4//4 1143//1005
f 4409//3518 1143//1005 1144//1006
f 4408//3517 1144//1006 1145//1007
f 4407//3516 1145//1007 142//142
f 4404//3513 4407//3516 1235//1097
f 4401//3510 4404//3513 1234//1096
f 4410//3519 4411//3520 4414//3523
f 4411//3520 4412//3521 4415//3524
f 4413//3522 4414//3523 4417//3526
f 4414//3523 4415//3524 4418//3527
f 184//184 1535//1394 4410//3519
f 1535//1394 1534//1393 4411//3520
f 1534//1393 1533//1392 4412//3521
f 179//179 864//726 4412//3521
f 4412//3521 864//726 865//727
f 4415//3524 865//727 866//728
f 4418//3527 866//728 5//5
f 4417//3526 4418//3527 1047//909
f 4416//3525 4417//3526 1048//910
f 1022//884 4416//3525 1049//911
f 1021//883 4413//3522 4416//3525
f 1020//882 4410//3519 4413//3522
f 4419//3528 4420//3529 4423//3531
f 4420//3529 4421//3530 4424//3531
f 4422//3531 4423//3531 4426//3533
f 4423//3531 4424//3531 4427//3534
f 143//143 1049//911 4419//3528
f 1049//911 1048//910 4420//3529
f 1048//910 1047//909 4421//3530
f 1047//909 5//5 606//468
f 606//468 607//469 4424//3531
f 607//469 608//470 4427//3534
f 608//470 6//6 831//693
f 4426//3533 4427//3534 831//693
f 4425//3532 4426//3533 832//694
f 707//569 4425//3532 833//695
f 706//568 4422//3531 4425//3532
f 705//567 4419//3528 4422//3531
f 4428//3535 4429//3536 4432//3539
f 4429//3536 4430//3537 4433//3540
f 4431//3538 4432//3539 4435//3542
f 4432//3539 4433//3540 4436//3543
f 144//144 833//695 4428//3535
f 833//695 832//694 4429//3536
f 832//694 831//693 4430//3537
f 6//6 620//482 4430//3537
f 620//482 619//481 4433//3540
f 619//481 618//480 4436//3543
f 618//480 1//1 1017//879
f 4436//3543 1017//879 1018//880
f 4434//3541 4435//3542 1018//880
f 816//678 4434//3541 1019//881
f 817//679 4431//3538 4434//3541
f 818//680 4428//3535 4431//3538
f 4438//3545 4441//3548 4440//3547
f 4438//3545 4439//3546 4442//3549
f 4441//3548 4444//3551 4443//3550
f 4441//3548 4442//3549 4445//3552
f 1019//881 4437//3544 1341//1203
f 1018//880 4438//3545 4437//3544
f 1018//880 1017//879 4439//3546
f 1017//879 1//1 1329//1191
f 4439//3546 1329//1191 1330//1192
f 4442//3549 1330//1192 1331//1193
f 4445//3552 1331//1193 149//149
f 4444//3551 4445//3552 1389//1251
f 4444//3551 1390//1252 1391//1253
f 4443//3550 1391//1253 153//153
f 4440//3547 4443//3550 1343//1205
f 4437//3544 4440//3547 1342//1204
f 4447//3554 4450//3557 4449//3556
f 4447//3554 4448//3555 4451//3558
f 4450//3557 4453//3560 4452//3559
f 4450//3557 4451//3558 4454//3561
f 133//133 579//441 4446//3553
f 580//442 4447//3554 4446//3553
f 581//443 4448//3555 4447//3554
f 581//443 139//139 1341//1203
f 4448//3555 1341//1203 1342//1204
f 4451//3558 1342//1204 1343//1205
f 4454//3561 1343//1205 153//153
f 4453//3560 4454//3561 1392//1254
f 4453//3560 1393//1255 1394//1256
f 4452//3559 1394//1256 167//167
f 4449//3556 4452//3559 1385//1247
f 4446//3553 4449//3556 1384//1246
f 4456//3563 4459//3566 4458//3565
f 4457//3564 4460//3567 4459//3566
f 4459//3566 4462//3569 4461//3568
f 4459//3566 4460//3567 4463//3570
f 693//555 4455//3562 1353//1215
f 694//556 4456//3563 4455//3562
f 694//556 695//557 4457//3564
f 695//557 133//133 1383//1245
f 4457//3564 1383//1245 1384//1246
f 4460//3567 1384//1246 1385//1247
f 4463//3570 1385//1247 167//167
f 4462//3569 4463//3570 1395//1257
f 4462//3569 1396//1258 1397//1259
f 4461//3568 1397//1259 157//157
f 4458//3565 4461//3568 1355//1217
f 4455//3562 4458//3565 1354//1216
f 4465//3572 4468//3575 4467//3574
f 4465//3572 4466//3573 4469//3576
f 4468//3575 4471//3578 4470//3577
f 4468//3575 4469//3576 4472//3579
f 1026//888 4464//3571 1386//1248
f 1027//889 4465//3572 4464//3571
f 1028//890 4466//3573 4465//3572
f 1028//890 127//127 1353//1215
f 1353//1215 1354//1216 4469//3576
f 4469//3576 1354//1216 1355//1217
f 4472//3579 1355//1217 157//157
f 4471//3578 4472//3579 1398//1260
f 4470//3577 4471//3578 1399//1261
f 4470//3577 1400//1262 168//168
f 4467//3574 4470//3577 1388//1250
f 4464//3571 4467//3574 1387//1249
f 4474//3581 4477//3584 4476//3583
f 4474//3581 4475//3582 4478//3585
f 4477//3584 4480//3587 4479//3586
f 4477//3584 4478//3585 4481//3588
f 540//402 4473//3580 1350//1212
f 541//403 4474//3581 4473//3580
f 541//403 542//404 4475//3582
f 542//404 121//121 1386//1248
f 4475//3582 1386//1248 1387//1249
f 4478//3585 1387//1249 1388//1250
f 4481//3588 1388//1250 168//168
f 4480//3587 4481//3588 1401//1263
f 4480//3587 1402//1264 1403//1265
f 4479//3586 1403//1265 156//156
f 4476//3583 4479//3586 1352//1214
f 4473//3580 4476//3583 1351//1213
f 4483//3590 4486//3593 4485//3592
f 4484//3591 4487//3594 4486//3593
f 4486//3593 4489//3596 4488//3595
f 4486//3593 4487//3594 4490//3597
f 660//522 4482//3589 1371//1233
f 661//523 4483//3590 4482//3589
f 661//523 662//524 4484//3591
f 662//524 115//115 1350//1212
f 4484//3591 1350//1212 1351//1213
f 4487//3594 1351//1213 1352//1214
f 4490//3597 1352//1214 156//156
f 4489//3596 4490//3597 1404//1266
f 4489//3596 1405//1267 1406//1268
f 4488//3595 1406//1268 163//163
f 4485//3592 4488//3595 1373//1235
f 4482//3589 4485//3592 1372//1234
f 4492//3599 4495//3602 4494//3601
f 4492//3599 4493//3600 4496//3603
f 4495//3602 4498//3605 4497//3604
f 4495//3602 4496//3603 4499//3606
f 1242//1104 4491//3598 1332//1194
f 1243//1105 4492//3599 4491//3598
f 1243//1105 1244//1106 4493//3600
f 1244//1106 109//109 1371//1233
f 4493//3600 1371//1233 1372//1234
f 4496//3603 1372//1234 1373//1235
f 4499//3606 1373//1235 163//163
f 4498//3605 4499//3606 1407//1269
f 4498//3605 1408//1270 1409//1271
f 4497//3604 1409//1271 150//150
f 4494//3601 4497//3604 1334//1196
f 4491//3598 4494//3601 1333//1195
f 4500//3607 4501//3608 4504//3611
f 4501//3608 4502//3609 4505//3612
f 4504//3611 4507//3614 4506//3613
f 4504//3611 4505//3612 4508//3615
f 918//780 4500//3607 1380//1242
f 919//781 4501//3608 4500//3607
f 920//782 4502//3609 4501//3608
f 103//103 1332//1194 4502//3609
f 4502//3609 1332//1194 1333//1195
f 4505//3612 1333//1195 1334//1196
f 4508//3615 1334//1196 150//150
f 4507//3614 4508//3615 1410//1272
f 4507//3614 1411//1273 1412//1274
f 4506//3613 1412//1274 166//166
f 4503//3610 4506//3613 1382//1244
f 4500//3607 4503//3610 1381//1243
f 4510//3617 4513//3620 4512//3619
f 4510//3617 4511//3618 4514//3621
f 4513//3620 4516//3623 4515//3622
f 4513//3620 4514//3621 4517//3624
f 981//843 4509//3616 1344//1206
f 982//844 4510//3617 4509//3616
f 982//844 983//845 4511//3618
f 983//845 97//97 1380//1242
f 4511//3618 1380//1242 1381//1243
f 4514//3621 1381//1243 1382//1244
f 4517//3624 1382//1244 166//166
f 4516//3623 4517//3624 1413//1275
f 4516//3623 1414//1276 1415//1277
f 4515//3622 1415//1277 154//154
f 4512//3619 4515//3622 1346//1208
f 4509//3616 4512//3619 1345//1207
f 4518//3625 4519//3626 4522//3629
f 4519//3626 4520//3627 4523//3630
f 4522//3629 4525//3632 4524//3631
f 4522//3629 4523//3630 4526//3633
f 1260//1122 4518//3625 1377//1239
f 1261//1123 4519//3626 4518//3625
f 1262//1124 4520//3627 4519//3626
f 91//91 1344//1206 4520//3627
f 4520//3627 1344//1206 1345//1207
f 4523//3630 1345//1207 1346//1208
f 4526//3633 1346//1208 154//154
f 4525//3632 4526//3633 1416//1278
f 4525//3632 1417//1279 1418//1280
f 4524//3631 1418//1280 165//165
f 4521//3628 4524//3631 1379//1241
f 4518//3625 4521//3628 1378//1240
f 4528//3635 4531//3638 4530//3637
f 4529//3636 4532//3639 4531//3638
f 4531//3638 4534//3641 4533//3640
f 4531//3638 4532//3639 4535//3642
f 954//816 4527//3634 1359//1221
f 955//817 4528//3635 4527//3634
f 955//817 956//818 4529//3636
f 956//818 85//85 1377//1239
f 4529//3636 1377//1239 1378//1240
f 4532//3639 1378//1240 1379//1241
f 4535//3642 1379//1241 165//165
f 4534//3641 4535//3642 1419//1281
f 4534//3641 1420//1282 1421//1283
f 4533//3640 1421//1283 159//159
f 4530//3637 4533//3640 1361//1223
f 4527//3634 4530//3637 1360//1222
f 4537//3644 4540//3647 4539//3646
f 4537//3644 4538//3645 4541//3648
f 4540//3647 4543//3650 4542//3649
f 4540//3647 4541//3648 4544//3651
f 645//507 4536//3643 1320//1182
f 646//508 4537//3644 4536//3643
f 646//508 647//509 4538//3645
f 79//79 1359//1221 4538//3645
f 4538//3645 1359//1221 1360//1222
f 4541//3648 1360//1222 1361//1223
f 4544//3651 1361//1223 159//159
f 4543//3650 4544//3651 1422//1284
f 4543//3650 1423//1285 1424//1286
f 4542//3649 1424//1286 146//146
f 4539//3646 4542//3649 1322//1184
f 4536//3643 4539//3646 1321//1183
f 4546//3653 4549//3656 4548//3655
f 4546//3653 4547//3654 4550//3657
f 4549//3656 4552//3659 4551//3658
f 4549//3656 4550//3657 4553//3660
f 1167//1029 4545//3652 1365//1227
f 1168//1030 4546//3653 4545//3652
f 1168//1030 1169//1031 4547//3654
f 1169//1031 73//73 1320//1182
f 4547//3654 1320//1182 1321//1183
f 4550//3657 1321//1183 1322//1184
f 4553//3660 1322//1184 146//146
f 4552//3659 4553//3660 1425//1287
f 4552//3659 1426//1288 1427//1289
f 4551//3658 1427//1289 161//161
f 4548//3655 4551//3658 1367//1229
f 4545//3652 4548//3655 1366//1228
f 4555//3662 4558//3665 4557//3664
f 4555//3662 4556//3663 4559//3666
f 4558//3665 4561//3668 4560//3667
f 4558//3665 4559//3666 4562//3669
f 552//414 4554//3661 1338//1200
f 553//415 4555//3662 4554//3661
f 553//415 554//416 4556//3663
f 554//416 67//67 1365//1227
f 4556//3663 1365//1227 1366//1228
f 4559//3666 1366//1228 1367//1229
f 4562//3669 1367//1229 161//161
f 4561//3668 4562//3669 1428//1290
f 4561//3668 1429//1291 1430//1292
f 4560//3667 1430//1292 152//152
f 4557//3664 4560//3667 1340//1202
f 4554//3661 4557//3664 1339//1201
f 4564//3671 4567//3674 4566//3673
f 4565//3672 4568//3675 4567//3674
f 4567//3674 4570//3677 4569//3676
f 4567//3674 4568//3675 4571//3678
f 804//666 4563//3670 1374//1236
f 805//667 4564//3671 4563//3670
f 805//667 806//668 4565//3672
f 806//668 61//61 1338//1200
f 4565//3672 1338//1200 1339//1201
f 4568//3675 1339//1201 1340//1202
f 4571//3678 1340//1202 152//152
f 4571//3678 1431//1293 1432//1294
f 4570//3677 1432//1294 1433//1295
f 4569//3676 1433//1295 164//164
f 4566//3673 4569//3676 1376//1238
f 4563//3670 4566//3673 1375//1237
f 4572//3679 4573//3680 4576//3683
f 4574//3681 4577//3684 4576//3683
f 4576//3683 4579//3686 4578//3685
f 4577//3684 4580//3687 4579//3686
f 1284//1146 4572//3679 1335//1197
f 1285//1147 4573//3680 4572//3679
f 1286//1148 4574//3681 4573//3680
f 1286//1148 55//55 1374//1236
f 4574//3681 1374//1236 1375//1237
f 4577//3684 1375//1237 1376//1238
f 4580//3687 1376//1238 164//164
f 4579//3686 4580//3687 1434//1296
f 4579//3686 1435//1297 1436//1298
f 4578//3685 1436//1298 151//151
f 4575//3682 4578//3685 1337//1199
f 1335//1197 4572//3679 4575//3682
f 4582//3689 4585//3692 4584//3691
f 4583//3690 4586//3693 4585//3692
f 4585//3692 4588//3695 4587//3694
f 4585//3692 4586//3693 4589//3696
f 684//546 4581//3688 1356//1218
f 685//547 4582//3689 4581//3688
f 685//547 686//548 4583//3690
f 686//548 49//49 1335//1197
f 4583//3690 1335//1197 1336//1198
f 4586//3693 1336//1198 1337//1199
f 4589//3696 1337//1199 151//151
f 4588//3695 4589//3696 1437//1299
f 4588//3695 1438//1300 1439//1301
f 4587//3694 1439//1301 158//158
f 4584//3691 4587//3694 1358//1220
f 4581//3688 4584//3691 1357//1219
f 4591//3698 4594//3701 4593//3700
f 4591//3698 4592//3699 4595//3702
f 4594//3701 4597//3704 4596//3703
f 4594//3701 4595//3702 4598//3705
f 1170//1032 4590//3697 1326//1188
f 1171//1033 4591//3698 4590//3697
f 1172//1034 4592//3699 4591//3698
f 43//43 1356//1218 4592//3699
f 4592//3699 1356//1218 1357//1219
f 4595//3702 1357//1219 1358//1220
f 4598//3705 1358//1220 158//158
f 4597//3704 4598//3705 1440//1302
f 4597//3704 1441//1303 1442//1304
f 4596//3703 1442//1304 148//148
f 4593//3700 4596//3703 1328//1190
f 4590//3697 4593//3700 1327//1189
f 4600//3707 4603//3710 4602//3709
f 4600//3707 4601//3708 4604//3711
f 4603//3710 4606//3713 4605//3712
f 4603//3710 4604//3711 4607//3714
f 756//618 4599//3706 1362//1224
f 757//619 4600//3707 4599//3706
f 757//619 758//620 4601//3708
f 758//620 37//37 1326//1188
f 4601//3708 1326//1188 1327//1189
f 4604//3711 1327//1189 1328//1190
f 4607//3714 1328//1190 148//148
f 4606//3713 4607//3714 1443//1305
f 4606//3713 1444//1306 1445//1307
f 4605//3712 1445//1307 160//160
f 4602//3709 4605//3712 1364//1226
f 4599//3706 4602//3709 1363//1225
f 4609//3716 4612//3719 4611//3718
f 4609//3716 4610//3717 4613//3720
f 4612//3719 4615//3722 4614//3721
f 4612//3719 4613//3720 4616//3723
f 627//489 4608//3715 1317//1179
f 627//489 628//490 4609//3716
f 628//490 629//491 4610//3717
f 31//31 1362//1224 4610//3717
f 4610//3717 1362//1224 1363//1225
f 4613//3720 1363//1225 1364//1226
f 4616//3723 1364//1226 160//160
f 4615//3722 4616//3723 1446//1308
f 4615//3722 1447//1309 1448//1310
f 4614//3721 1448//1310 145//145
f 4611//3718 4614//3721 1319//1181
f 4608//3715 4611//3718 1318//1180
f 4618//3725 4621//3728 4620//3727
f 4619//3726 4622//3729 4621//3728
f 4621//3728 4624//3731 4623//3730
f 4621//3728 4622//3729 4625//3732
f 1023//885 4617//3724 1347//1209
f 1023//885 1024//886 4618//3725
f 1024//886 1025//887 4619//3726
f 1025//887 25//25 1317//1179
f 4619//3726 1317//1179 1318//1180
f 4622//3729 1318//1180 1319//1181
f 4625//3732 1319//1181 145//145
f 4624//3731 4625//3732 1449//1311
f 4624//3731 1450//1312 1451//1313
f 4623//3730 1451//1313 155//155
f 4620//3727 4623//3730 1349//1211
f 1347//1209 4617//3724 4620//3727
f 4626//3733 4627//3734 4630//3737
f 4627//3734 4628//3735 4631//3738
f 4630//3737 4633//3740 4632//3739
f 4630//3737 4631//3738 4634//3741
f 651//513 4626//3733 1323//1185
f 652//514 4627//3734 4626//3733
f 652//514 653//515 4628//3735
f 653//515 19//19 1347//1209
f 4628//3735 1347//1209 1348//1210
f 4631//3738 1348//1210 1349//1211
f 4634//3741 1349//1211 155//155
f 4633//3740 4634//3741 1452//1314
f 4633//3740 1453//1315 1454//1316
f 4632//3739 1454//1316 147//147
f 4629//3736 4632//3739 1325//1187
f 4626//3733 4629//3736 1324//1186
f 4636//3743 4639//3746 4638//3745
f 4636//3743 4637//3744 4640//3747
f 4639//3746 4642//3749 4641//3748
f 4639//3746 4640//3747 4643//3750
f 1179//1041 4635//3742 1368//1230
f 1180//1042 4636//3743 4635//3742
f 1180//1042 1181//1043 4637//3744
f 1181//1043 13//13 1323//1185
f 4637//3744 1323//1185 1324//1186
f 4640//3747 1324//1186 1325//1187
f 4643//3750 1325//1187 147//147
f 4642//3749 4643//3750 1455//1317
f 4642//3749 1456//1318 1457//1319
f 4641//3748 1457//1319 162//162
f 4638//3745 4641//3748 1370//1232
f 4635//3742 4638//3745 1369//1231
f 4645//3752 4648//3755 4647//3754
f 4645//3752 4646//3753 4649//3756
f 4648//3755 4651//3758 4650//3757
f 4648//3755 4649//3756 4652//3759
f 840//702 4644//3751 1329//1191
f 841//703 4645//3752 4644//3751
f 841//703 842//704 4646//3753
f 842//704 7//7 1368//1230
f 4646//3753 1368//1230 1369//1231
f 4649//3756 1369//1231 1370//1232
f 4652//3759 1370//1232 162//162
f 4651//3758 4652//3759 1458//1320
f 4651//3758 1459//1321 1460//1322
f 4650//3757 1460//1322 149//149
f 4647//3754 4650//3757 1331//1193
f 4644//3751 4647//3754 1330//1192
f 4653//3760 4654//3761 4657//3764
f 4655//3762 4658//3765 4657//3764
f 4656//3763 4657//3764 4660//3767
f 4658//3765 4661//3768 4660//3767
f 142//142 1145//1007 4653//3760
f 1145//1007 1144//1006 4654//3761
f 1143//1005 4655//3762 4654//3761
f 4//4 1491//1351 4655//3762
f 1491//1351 1492//1352 4658//3765
f 1492//1352 1493//1353 4661//3768
f 1493//1353 179//179 1533//1392
f 4661//3768 1533//1392 1534//1393
f 4659//3766 4660//3767 1534//1393
f 1508//1367 4659//3766 1535//1394
f 1507//1366 4656//3763 4659//3766
f 1506//1365 4653//3760 4656//3763
f 4662//3769 4663//3770 4666//3773
f 4663//3770 4664//3771 4667//3774
f 4665//3772 4666//3773 4669//3776
f 4666//3773 4667//3774 4670//3777
f 136//136 717//579 4662//3769
f 717//579 718//580 4663//3770
f 718//580 719//581 4664//3771
f 719//581 142//142 1506//1365
f 4664//3771 1506//1365 1507//1366
f 4667//3774 1507//1366 1508//1367
f 4670//3777 1508//1367 184//184
f 4669//3776 4670//3777 1536//1395
f 4668//3775 4669//3776 1537//1396
f 1475//1335 4668//3775 1538//1397
f 1474//1334 4665//3772 4668//3775
f 1473//1333 4662//3769 4665//3772
f 4671//3778 4672//3779 4675//3782
f 4672//3779 4673//3780 4676//3678
f 4674//3781 4675//3782 4678//3784
f 4675//3782 4676//3678 4679//3785
f 130//130 1278//1140 4671//3778
f 1278//1140 1279//1141 4672//3779
f 1279//1141 1280//1142 4673//3780
f 1280//1142 136//136 1473//1333
f 4673//3780 1473//1333 1474//1334
f 4676//3678 1474//1334 1475//1335
f 4679//3785 1475//1335 173//173
f 4678//3784 4679//3785 1539//1398
f 4677//3783 4678//3784 1540//1399
f 1523//1382 4677//3783 1541//1400
f 1522//1381 4674//3781 4677//3783
f 1521//1380 4671//3778 4674//3781
f 4680//3679 4681//3786 4684//3789
f 4681//3786 4682//3787 4685//3790
f 4683//3788 4684//3789 4687//3792
f 4684//3789 4685//3790 4688//3793
f 124//124 906//768 4680//3679
f 906//768 907//769 4681//3786
f 907//769 908//770 4682//3787
f 908//770 130//130 1521//1380
f 4682//3787 1521//1380 1522//1381
f 4685//3790 1522//1381 1523//1382
f 4688//3793 1523//1382 189//189
f 4687//3792 4688//3793 1542//1401
f 4686//3791 4687//3792 1543//1402
f 1517//1376 4686//3791 1544//1403
f 1516//1375 4683//3788 4686//3791
f 1515//1374 4680//3679 4683//3788
f 4689//3794 4690//3795 4693//3798
f 4690//3795 4691//3796 4694//3799
f 4692//3797 4693//3798 4696//3801
f 4693//3798 4694//3799 4697//3802
f 118//118 1101//963 4689//3794
f 1101//963 1102//964 4690//3795
f 1102//964 1103//965 4691//3796
f 1103//965 124//124 1515//1374
f 4691//3796 1515//1374 1516//1375
f 4694//3799 1516//1375 1517//1376
f 4697//3802 1517//1376 187//187
f 4696//3801 4697//3802 1545//1404
f 4695//3800 4696//3801 1546//1405
f 1466//1328 4695//3800 1547//1406
f 1465//1327 4692//3797 4695//3800
f 1464//1326 4689//3794 4692//3797
f 4698//3803 4699//3804 4702//3807
f 4699//3804 4700//3805 4703//3808
f 4701//3806 4702//3807 4705//3810
f 4702//3807 4703//3808 4706//3811
f 112//112 639//501 4698//3803
f 639//501 640//502 4699//3804
f 640//502 641//503 4700//3805
f 641//503 118//118 1464//1326
f 4700//3805 1464//1326 1465//1327
f 4703//3808 1465//1327 1466//1328
f 4706//3811 1466//1328 170//170
f 4705//3810 4706//3811 1548//1407
f 4704//3809 4705//3810 1549//1408
f 1514//1373 4704//3809 1550//1409
f 1513//1372 4701//3806 4704//3809
f 1512//1371 4698//3803 4701//3806
f 4707//3812 4708//3813 4711//3816
f 4708//3813 4709//3814 4712//3817
f 4710//3815 4711//3816 4714//3819
f 4711//3816 4712//3817 4715//3820
f 106//106 969//831 4707//3812
f 969//831 970//832 4708//3813
f 970//832 971//833 4709//3814
f 971//833 112//112 1512//1371
f 4709//3814 1512//1371 1513//1372
f 4712//3817 1513//1372 1514//1373
f 4715//3820 1514//1373 186//186
f 4714//3819 4715//3820 1551//1410
f 4713//3818 4714//3819 1552//1411
f 1532//1391 4713//3818 1553//1412
f 1531//1390 4710//3815 4713//3818
f 1530//1389 4707//3812 4710//3815
f 4716//3821 4717//3822 4720//3825
f 4717//3822 4718//3823 4721//3826
f 4719//3824 4720//3825 4723//3828
f 4720//3825 4721//3826 4724//3829
f 100//100 603//465 4716//3821
f 603//465 604//466 4717//3822
f 604//466 605//467 4718//3823
f 605//467 106//106 1530//1389
f 4718//3823 1530//1389 1531//1390
f 4721//3826 1531//1390 1532//1391
f 4724//3829 1532//1391 192//192
f 4723//3828 4724//3829 1554//1413
f 4722//3827 4723//3828 1555//1414
f 1496//1356 4722//3827 1556//1415
f 1495//1355 4719//3824 4722//3827
f 1494//1354 4716//3821 4719//3824
f 4725//3830 4726//3831 4729//3834
f 4726//3831 4727//3832 4730//3835
f 4728//3833 4729//3834 4732//3837
f 4729//3834 4730//3835 4733//3838
f 94//94 858//720 4725//3830
f 858//720 859//721 4726//3831
f 859//721 860//722 4727//3832
f 860//722 100//100 1494//1354
f 4727//3832 1494//1354 1495//1355
f 4730//3835 1495//1355 1496//1356
f 4733//3838 1496//1356 180//180
f 4732//3837 4733//3838 1557//1416
f 4731//3836 4732//3837 1558//1417
f 1511//1370 4731//3836 1559//1418
f 1510//1369 4728//3833 4731//3836
f 1509//1368 4725//3830 4728//3833
f 4734//3839 4735//3840 4738//3840
f 4735//3840 4736//3841 4739//3843
f 4737//3842 4738//3840 4741//3840
f 4738//3840 4739//3843 4742//3845
f 88//88 732//594 4734//3839
f 732//594 733//595 4735//3840
f 733//595 734//596 4736//3841
f 734//596 94//94 1509//1368
f 4736//3841 1509//1368 1510//1369
f 4739//3843 1510//1369 1511//1370
f 4742//3845 1511//1370 185//185
f 4741//3840 4742//3845 1560//1419
f 4740//3844 4741//3840 1561//1420
f 1472//1332 4740//3844 1562//1421
f 1471//1332 4737//3842 4740//3844
f 1470//1331 4734//3839 4737//3842
f 4743//3846 4744//3847 4747//3850
f 4744//3847 4745//3848 4748//3851
f 4746//3849 4747//3850 4750//3853
f 4747//3850 4748//3851 4751//3854
f 82//82 1146//1008 4743//3846
f 1146//1008 1147//1009 4744//3847
f 1147//1009 1148//1010 4745//3848
f 1148//1010 88//88 1470//1331
f 4745//3848 1470//1331 1471//1332
f 4748//3851 1471//1332 1472//1332
f 4751//3854 1472//1332 172//172
f 4750//3853 4751//3854 1563//1422
f 4749//3852 4750//3853 1564//1423
f 1505//1364 4749//3852 1565//1424
f 1504//1363 4746//3849 4749//3852
f 1503//1362 4743//3846 4746//3849
f 4752//3855 4753//3856 4756//3859
f 4753//3856 4754//3857 4757//3860
f 4755//3858 4756//3859 4759//3862
f 4756//3859 4757//3860 4760//3863
f 76//76 726//588 4752//3855
f 726//588 727//589 4753//3856
f 727//589 728//590 4754//3857
f 728//590 82//82 1503//1362
f 4754//3857 1503//1362 1504//1363
f 4757//3860 1504//1363 1505//1364
f 4760//3863 1505//1364 183//183
f 4759//3862 4760//3863 1566//1425
f 4758//3861 4759//3862 1567//1426
f 1481//1341 4758//3861 1568//1427
f 1480//1340 4755//3858 4758//3861
f 1479//1339 4752//3855 4755//3858
f 4762//3865 4765//3868 4764//3867
f 4763//3866 4766//3869 4765//3868
f 4765//3868 4768//3871 4767//3870
f 4766//3869 4769//3872 4768//3871
f 459//321 4761//3864 1518//1377
f 460//322 4762//3865 4761//3864
f 461//323 4763//3866 4762//3865
f 76//76 1479//1339 4763//3866
f 1479//1339 1480//1340 4766//3869
f 1480//1340 1481//1341 4769//3872
f 1481//1341 175//175 1569//1428
f 4769//3872 1569//1428 1570//1429
f 4768//3871 1570//1429 1571//1430
f 4767//3870 1571//1430 188//188
f 4764//3867 4767//3870 1520//1379
f 4761//3864 4764//3867 1519//1378
f 4771//3874 4774//3877 4773//3876
f 4772//3875 4775//3878 4774//3877
f 4774//3877 4777//3880 4776//3879
f 4775//3878 4778//3881 4777//3880
f 1248//1110 4770//3873 1467//1329
f 1249//1111 4771//3874 4770//3873
f 1250//1112 4772//3875 4771//3874
f 70//70 1518//1377 4772//3875
f 1518//1377 1519//1378 4775//3878
f 1519//1378 1520//1379 4778//3881
f 1520//1379 188//188 1572//1431
f 4778//3881 1572//1431 1573//1432
f 4777//3880 1573//1432 1574//1433
f 4776//3879 1574//1433 171//171
f 4773//3876 4776//3879 1469//1330
f 4770//3873 4773//3876 1468//1330
f 4780//3883 4783//3883 4782//3885
f 4781//3884 4784//3886 4783//3883
f 4783//3883 4786//3883 4785//3887
f 4784//3886 4787//3888 4786//3883
f 672//534 4779//3882 1497//1357
f 673//535 4780//3883 4779//3882
f 674//536 4781//3884 4780//3883
f 64//64 1467//1329 4781//3884
f 1467//1329 1468//1330 4784//3886
f 1468//1330 1469//1330 4787//3888
f 1469//1330 171//171 1575//1434
f 4787//3888 1575//1434 1576//1435
f 4786//3883 1576//1435 1577//1436
f 4785//3887 1577//1436 181//181
f 4782//3885 4785//3887 1499//1359
f 4779//3882 4782//3885 1498//1358
f 4789//3890 4792//3893 4791//3892
f 4790//3891 4793//3894 4792//3893
f 4792//3893 4795//3896 4794//3895
f 4793//3894 4796//3897 4795//3896
f 1068//930 4788//3889 1461//1323
f 1069//931 4789//3890 4788//3889
f 1070//932 4790//3891 4789//3890
f 58//58 1497//1357 4790//3891
f 1497//1357 1498//1358 4793//3894
f 1498//1358 1499//1359 4796//3897
f 1499//1359 181//181 1578//1437
f 4796//3897 1578//1437 1579//1438
f 4795//3896 1579//1438 1580//1439
f 4794//3895 1580//1439 169//169
f 4791//3892 4794//3895 1463//1325
f 4788//3889 4791//3892 1462//1324
f 4798//3899 4801//3902 4800//3901
f 4799//3900 4802//3903 4801//3902
f 4801//3902 4804//3905 4803//3904
f 4802//3903 4805//3906 4804//3905
f 1221//1083 4797//3898 1482//1342
f 1222//1084 4798//3899 4797//3898
f 1223//1085 4799//3900 4798//3899
f 52//52 1461//1323 4799//3900
f 1461//1323 1462//1324 4802//3903
f 1462//1324 1463//1325 4805//3906
f 1463//1325 169//169 1581//1440
f 4805//3906 1581//1440 1582//1441
f 4804//3905 1582//1441 1583//1442
f 4803//3904 1583//1442 176//176
f 4800//3901 4803//3904 1484//1344
f 4797//3898 4800//3901 1483//1343
f 4807//3908 4810//3911 4809//3910
f 4808//3909 4811//3912 4810//3911
f 4810//3911 4813//3914 4812//3913
f 4811//3912 4814//3915 4813//3914
f 963//825 4806//3907 1527//1386
f 964//826 4807//3908 4806//3907
f 965//827 4808//3909 4807//3908
f 46//46 1482//1342 4808//3909
f 1482//1342 1483//1343 4811//3912
f 1483//1343 1484//1344 4814//3915
f 1484//1344 176//176 1584//1443
f 4814//3915 1584//1443 1585//1444
f 4813//3914 1585//1444 1586//1445
f 4812//3913 1586//1445 191//191
f 4809//3910 4812//3913 1529//1388
f 4806//3907 4809//3910 1528//1387
f 4816//3917 4819//3920 4818//3919
f 4817//3918 4820//3921 4819//3920
f 4819//3920 4822//3923 4821//3922
f 4820//3921 4823//3924 4822//3923
f 534//396 4815//3916 1488//1348
f 535//397 4816//3917 4815//3916
f 536//398 4817//3918 4816//3917
f 40//40 1527//1386 4817//3918
f 1527//1386 1528//1387 4820//3921
f 1528//1387 1529//1388 4823//3924
f 1529//1388 191//191 1587//1446
f 4823//3924 1587//1446 1588//1447
f 4822//3923 1588//1447 1589//1448
f 4821//3922 1589//1448 178//178
f 4818//3919 4821//3922 1490//1350
f 4815//3916 4818//3919 1489//1349
f 4825//3926 4828//3929 4827//3928
f 4826//3927 4829//3930 4828//3929
f 4828//3929 4831//3932 4830//3931
f 4829//3930 4832//3933 4831//3932
f 495//357 4824//3925 1476//1336
f 496//358 4825//3926 4824//3925
f 497//359 4826//3927 4825//3926
f 34//34 1488//1348 4826//3927
f 1488//1348 1489//1349 4829//3930
f 1489//1349 1490//1350 4832//3933
f 1490//1350 178//178 1590//1449
f 4832//3933 1590//1449 1591//1450
f 4831//3932 1591//1450 1592//1451
f 4830//3931 1592//1451 174//174
f 4827//3928 4830//3931 1478//1338
f 4824//3925 4827//3928 1477//1337
f 4834//3935 4837//3938 4836//3937
f 4835//3936 4838//3939 4837//3938
f 4837//3938 4840//3941 4839//3940
f 4838//3939 4841//3942 4840//3941
f 1176//1038 4833//3934 1500//1360
f 1177//1039 4834//3935 4833//3934
f 1178//1040 4835//3936 4834//3935
f 28//28 1476//1336 4835//3936
f 1476//1336 1477//1337 4838//3939
f 1477//1337 1478//1338 4841//3942
f 1478//1338 174//174 1593//1452
f 4841//3942 1593//1452 1594//1453
f 4840//3941 1594//1453 1595//1454
f 4839//3940 1595//1454 182//182
f 4836//3937 4839//3940 1502//22
f 4833//3934 4836//3937 1501//1361
f 4843//3944 4846//3946 4845//3631
f 4844//3945 4847//3947 4846//3946
f 4846//3946 4849//3949 4848//3948
f 4847//3947 4850//3950 4849//3949
f 882//744 4842//3943 1485//1345
f 883//745 4843//3944 4842//3943
f 884//746 4844//3945 4843//3944
f 22//22 1500//1360 4844//3945
f 1500//1360 1501//1361 4847//3947
f 1501//1361 1502//22 4850//3950
f 1502//22 182//182 1596//1455
f 4850//3950 1596//1455 1597//1456
f 4849//3949 1597//1456 1598//1457
f 4848//3948 1598//1457 177//177
f 4845//3631 4848//3948 1487//1347
f 4842//3943 4845//3631 1486//1346
f 4852//3952 4855//3955 4854//3954
f 4853//3953 4856//3956 4855//3955
f 4855//3955 4858//3958 4857//3957
f 4856//3956 4859//3959 4858//3958
f 483//345 4851//3951 1524//1383
f 484//346 4852//3952 4851//3951
f 485//347 4853//3953 4852//3952
f 16//16 1485//1345 4853//3953
f 1485//1345 1486//1346 4856//3956
f 1486//1346 1487//1347 4859//3959
f 1487//1347 177//177 1599//1458
f 4859//3959 1599//1458 1600//1459
f 4858//3958 1600//1459 1601//1460
f 4857//3957 1601//1460 190//190
f 4854//3954 4857//3957 1526//1385
f 4851//3951 4854//3954 1525//1384
f 4860//3960 4861//3961 4864//3964
f 4862//3962 4865//3965 4864//3964
f 4863//3963 4864//3964 4867//3967
f 4865//3965 4868//3968 4867//3967
f 4//4 951//813 4860//3960
f 951//813 952//814 4861//3961
f 953//815 4862//3962 4861//3961
f 10//10 1524//1383 4862//3962
f 1524//1383 1525//1384 4865//3965
f 1525//1384 1526//1385 4868//3968
f 1526//1385 190//190 1602//1461
f 4868//3968 1602//1461 1603//1462
f 4866//3966 4867//3967 1603//1462
f 1493//1353 4866//3966 1604//1463
f 1492//1352 4863//3963 4866//3966
f 1491//1351 4860//3960 4863//3963
f 4871//3971 4869//3969 4875//3975
f 4872//3972 4873//3973 4869//3969
f 4874//3974 4875//3975 4869//3969
f 1608//1467 4870//3970 1607//1466
f 1609//1468 4871//3971 4870//3970
f 4870//3970 4875//3975 1606//1465
f 195//195 1611//1470 4872//3972
f 1611//1470 1612//1471 4873//3973
f 1610//1469 4872//3972 4871//3971
f 197//197 1605//1464 4874//3974
f 1605//1464 1606//1465 4875//3975
f 1613//1472 4874//3974 4873//3973
f 4878//3978 4876//3976 4882//3982
f 4879//3979 4880//3980 4876//3976
f 4881//3981 4882//3982 4876//3976
f 1617//1476 4877//3977 1616//1475
f 1618//1477 4878//3978 4877//3977
f 4877//3977 4882//3982 1615//1474
f 198//198 1620//1479 4879//3979
f 1620//1479 1621//1480 4880//3980
f 1619//1478 4879//3979 4878//3978
f 196//196 1614//1473 4881//3981
f 1614//1473 1615//1474 4882//3982
f 1622//1481 4881//3981 4880//3980
f 4883//3983 4884//3984 4887//3987
f 4884//3984 4885//3985 4888//3988
f 4887//3987 4890//3990 4889//3989
f 4888//3988 4891//3991 4890//3990
f 1623//1482 4883//3983 2274//1839
f 1624//1483 4884//3984 4883//3983
f 1624//1483 1625//1484 4885//3985
f 1625//1484 196//196 1622//1481
f 4885//3985 1622//1481 1621//1480
f 1621//1480 1620//1479 4891//3991
f 1620//1479 198//198 2082//1797
f 4891//3991 2082//1797 2083//1798
f 4889//3989 4890//3990 2083//1798
f 2276//1840 4889//3989 2084//1799
f 4886//3986 4889//3989 2276//1840
f 2274//1839 4883//3983 4886//3986
f 4894//3994 4892//3992 4898//3998
f 4895//3995 4896//3996 4892//3992
f 4897//3997 4898//3998 4892//3992
f 1607//1466 4893//3993 1631//1490
f 1606//1465 4894//3994 4893//3993
f 4893//3993 4898//3998 1630//1489
f 197//197 1632//1491 4895//3995
f 1632//1491 1633//1492 4896//3996
f 1605//1464 4895//3995 4894//3994
f 199//199 1629//1488 4897//3997
f 1629//1488 1630//1489 4898//3998
f 1634//1493 4897//3997 4896//3996
f 4901//4001 4899//3999 4905//4005
f 4902//4002 4903//4003 4899//3999
f 4904//4004 4905//4005 4899//3999
f 1635//1494 4900//4000 1617//1476
f 1636//1495 4901//4001 4900//4000
f 4900//4000 4905//4005 1618//1477
f 200//200 1638//1497 4902//4002
f 1638//1497 1639//1498 4903//4003
f 1637//1496 4902//4002 4901//4001
f 198//198 1619//1478 4904//4004
f 1619//1478 1618//1477 4905//4005
f 1640//1499 4904//4004 4903//4003
f 4906//4006 4907//4007 4910//4010
f 4907//4007 4908//4008 4911//4011
f 4910//4010 4913//4013 4912//4012
f 4911//4011 4914//4014 4913//4013
f 2084//1799 4906//4006 2271//1836
f 2083//1798 4907//4007 4906//4006
f 2083//1798 2082//1797 4908//4008
f 2082//1797 198//198 1640//1499
f 4908//4008 1640//1499 1639//1498
f 1639//1498 1638//1497 4914//4014
f 1638//1497 200//200 2079//1794
f 4914//4014 2079//1794 2080//1795
f 4912//4012 4913//4013 2080//1795
f 2273//1838 4912//4012 2081//1796
f 4909//4009 4912//4012 2273//1838
f 4906//4006 4909//4009 2272//1837
f 4917//4017 4915//4015 4921//4021
f 4918//4018 4919//4019 4915//4015
f 4920//4020 4921//4021 4915//4015
f 1631//1490 4916//4016 1646//1505
f 1630//1489 4917//4017 4916//4016
f 4916//4016 4921//4021 1645//1504
f 199//199 1647//1506 4918//4018
f 1647//1506 1648//1507 4919//4019
f 1629//1488 4918//4018 4917//4017
f 201//201 1644//1503 4920//4020
f 1644//1503 1645//1504 4921//4021
f 1649//1508 4920//4020 4919//4019
f 4924//4024 4922//4022 4928//4028
f 4925//4025 4926//4026 4922//4022
f 4927//4027 4928//4028 4922//4022
f 1650//1509 4923//4023 1635//1494
f 1651//1510 4924//4024 4923//4023
f 4923//4023 4928//4028 1636//1495
f 202//202 1653//1512 4925//4025
f 1653//1512 1654//1513 4926//4026
f 1652//1511 4925//4025 4924//4024
f 200//200 1637//1496 4927//4027
f 1637//1496 1636//1495 4928//4028
f 1655//1514 4927//4027 4926//4026
f 4930//4030 4933//4033 4932//4032
f 4930//4030 4931//4031 4934//4034
f 4933//4033 4936//4036 4935//4035
f 4934//4034 4937//4037 4936//4036
f 2081//1796 4929//4029 2268//1833
f 2080//1795 4930//4030 4929//4029
f 2080//1795 2079//1794 4931//4031
f 2079//1794 200//200 1655//1514
f 4931//4031 1655//1514 1654//1513
f 1654//1513 1653//1512 4937//4037
f 1653//1512 202//202 2076//1791
f 4937//4037 2076//1791 2077//1792
f 4936//4036 2077//1792 2078//1793
f 2270//1835 4935//4035 2078//1793
f 2269//1834 4932//4032 4935//4035
f 2268//1833 4929//4029 4932//4032
f 4940//4040 4938//4038 4944//4044
f 4941//4041 4942//4042 4938//4038
f 4943//4043 4944//4044 4938//4038
f 1646//1505 4939//4039 1661//1520
f 1645//1504 4940//4040 4939//4039
f 4939//4039 4944//4044 1660//1519
f 201//201 1662//1521 4941//4041
f 1662//1521 1663//1522 4942//4042
f 1644//1503 4941//4041 4940//4040
f 203//203 1659//1518 4943//4043
f 1659//1518 1660//1519 4944//4044
f 1664//1523 4943//4043 4942//4042
f 4947//4047 4945//4045 4951//4051
f 4948//4048 4949//4049 4945//4045
f 4950//4050 4951//4051 4945//4045
f 1665//1524 4946//4046 1650//1509
f 1666//1525 4947//4047 4946//4046
f 4946//4046 4951//4051 1651//1510
f 204//204 1668//1527 4948//4048
f 1668//1527 1669//1528 4949//4049
f 1667//1526 4948//4048 4947//4047
f 202//202 1652//1511 4950//4050
f 1652//1511 1651//1510 4951//4051
f 1670//1529 4950//4050 4949//4049
f 4952//4052 4953//4053 4956//4056
f 4953//4053 4954//4054 4957//4057
f 4956//4056 4959//4059 4958//4058
f 4957//4057 4960//4060 4959//4059
f 2078//1793 4952//4052 2265//1831
f 2078//1793 2077//1792 4953//4053
f 2077//1792 2076//1791 4954//4054
f 2076//1791 202//202 1670//1529
f 4954//4054 1670//1529 1669//1528
f 1669//1528 1668//1527 4960//4060
f 1668//1527 204//204 2073//1788
f 4960//4060 2073//1788 2074//1789
f 4958//4058 4959//4059 2074//1789
f 2267//1832 4958//4058 2075//1790
f 4955//4055 4958//4058 2267//1832
f 4952//4052 4955//4055 2266//1741
f 4963//4063 4961//4061 4967//4067
f 4964//4064 4965//4065 4961//4061
f 4966//4066 4967//4067 4961//4061
f 1661//1520 4962//4062 1676//1535
f 1660//1519 4963//4063 4962//4062
f 4962//4062 4967//4067 1675//1534
f 203//203 1677//1536 4964//4064
f 1677//1536 1678//1537 4965//4065
f 1659//1518 4964//4064 4963//4063
f 205//205 1674//1533 4966//4066
f 1674//1533 1675//1534 4967//4067
f 1679//1538 4966//4066 4965//4065
f 4970//4070 4968//4068 4974//4074
f 4971//4071 4972//4072 4968//4068
f 4973//4073 4974//4074 4968//4068
f 1680//1539 4969//4069 1665//1524
f 1681//1540 4970//4070 4969//4069
f 4969//4069 4974//4074 1666//1525
f 206//206 1683//1542 4971//4071
f 1683//1542 1684//1543 4972//4072
f 1682//1541 4971//4071 4970//4070
f 204//204 1667//1526 4973//4073
f 1667//1526 1666//1525 4974//4074
f 1685//1544 4973//4073 4972//4072
f 4975//4075 4976//4076 4979//4079
f 4976//4076 4977//4077 4980//4080
f 4979//4079 4982//4082 4981//4081
f 4980//4080 4983//4083 4982//4082
f 2075//1790 4975//4075 2262//1829
f 2074//1789 4976//4076 4975//4075
f 2074//1789 2073//1788 4977//4077
f 2073//1788 204//204 1685//1544
f 4977//4077 1685//1544 1684//1543
f 1684//1543 1683//1542 4983//4083
f 1683//1542 206//206 2070//1785
f 4983//4083 2070//1785 2071//1786
f 4982//4082 2071//1786 2072//1787
f 2264//1753 4981//4081 2072//1787
f 4978//4078 4981//4081 2264//1753
f 4975//4075 4978//4078 2263//1830
f 4986//4086 4984//4084 4990//4090
f 4987//4087 4988//4088 4984//4084
f 4989//4089 4990//4090 4984//4084
f 1676//1535 4985//4085 1691//1550
f 1675//1534 4986//4086 4985//4085
f 4985//4085 4990//4090 1690//1549
f 205//205 1692//1551 4987//4087
f 1692//1551 1693//1552 4988//4088
f 1674//1533 4987//4087 4986//4086
f 207//207 1689//1548 4989//4089
f 1689//1548 1690//1549 4990//4090
f 1694//1553 4989//4089 4988//4088
f 4993//4093 4991//4091 4997//4097
f 4994//4094 4995//4095 4991//4091
f 4996//4096 4997//4097 4991//4091
f 1695//1554 4992//4092 1680//1539
f 1696//1555 4993//4093 4992//4092
f 4992//4092 4997//4097 1681//1540
f 208//208 1698//1557 4994//4094
f 1698//1557 1699//1558 4995//4095
f 1697//1556 4994//4094 4993//4093
f 206//206 1682//1541 4996//4096
f 1682//1541 1681//1540 4997//4097
f 1700//1559 4996//4096 4995//4095
f 4998//4098 4999//4099 5002//4102
f 4999//4099 5000//4100 5003//4103
f 5001//4101 5002//4102 5005//4105
f 5003//4103 5006//4106 5005//4105
f 2072//1787 4998//4098 2259//1826
f 2071//1786 4999//4099 4998//4098
f 2071//1786 2070//1785 5000//4100
f 2070//1785 206//206 1700//1559
f 5000//4100 1700//1559 1699//1558
f 1699//1558 1698//1557 5006//4106
f 1698//1557 208//208 2067//1782
f 5006//4106 2067//1782 2068//1783
f 5004//4104 5005//4105 2068//1783
f 2261//1828 5004//4104 2069//1784
f 5001//4101 5004//4104 2261//1828
f 4998//4098 5001//4101 2260//1827
f 5009//4109 5007//4107 5013//4113
f 5010//4110 5011//4111 5007//4107
f 5012//4112 5013//4113 5007//4107
f 1691//1550 5008//4108 1706//1565
f 1690//1549 5009//4109 5008//4108
f 5008//4108 5013//4113 1705//1564
f 207//207 1707//1566 5010//4110
f 1707//1566 1708//1567 5011//4111
f 1689//1548 5010//4110 5009//4109
f 209//209 1704//1563 5012//4112
f 1704//1563 1705//1564 5013//4113
f 1709//1568 5012//4112 5011//4111
f 5016//4116 5014//4114 5020//4120
f 5017//4117 5018//4118 5014//4114
f 5019//4119 5020//4120 5014//4114
f 1710//1569 5015//4115 1695//1554
f 1711//1570 5016//4116 5015//4115
f 5015//4115 5020//4120 1696//1555
f 210//210 1713//1572 5017//4117
f 1713//1572 1714//1573 5018//4118
f 1712//1571 5017//4117 5016//4116
f 208//208 1697//1556 5019//4119
f 1697//1556 1696//1555 5020//4120
f 1715//1574 5019//4119 5018//4118
f 5021//4121 5022//4122 5025//4125
f 5022//4122 5023//4123 5026//4126
f 5025//4125 5028//4128 5027//4127
f 5026//4126 5029//4129 5028//4128
f 2069//1784 5021//4121 2256//1731
f 2068//1783 5022//4122 5021//4121
f 2068//1783 2067//1782 5023//4123
f 2067//1782 208//208 1715//1574
f 5023//4123 1715//1574 1714//1573
f 1714//1573 1713//1572 5029//4129
f 1713//1572 210//210 2064//1779
f 5029//4129 2064//1779 2065//1780
f 5027//4127 5028//4128 2065//1780
f 5027//4127 2066//1781 298//246
f 2257//1824 5024//4124 5027//4127
f 2256//1731 5021//4121 5024//4124
f 5032//4132 5030//4130 5036//4136
f 5033//4133 5034//4134 5030//4130
f 5035//4135 5036//4136 5030//4130
f 1706//1565 5031//4131 1721//1580
f 1705//1564 5032//4132 5031//4131
f 5031//4131 5036//4136 1720//1579
f 209//209 1722//1581 5033//4133
f 1722//1581 1723//1582 5034//4134
f 1704//1563 5033//4133 5032//4132
f 211//211 1719//1578 5035//4135
f 1719//1578 1720//1579 5036//4136
f 1724//1583 5035//4135 5034//4134
f 5039//4139 5037//4137 5043//4143
f 5040//4140 5041//4141 5037//4137
f 5042//4142 5043//4143 5037//4137
f 1725//1584 5038//4138 1710//1569
f 1726//1585 5039//4139 5038//4138
f 5038//4138 5043//4143 1711//1570
f 212//212 1728//1587 5040//4140
f 1728//1587 1729//1588 5041//4141
f 1727//1586 5040//4140 5039//4139
f 210//210 1712//1571 5042//4142
f 1712//1571 1711//1570 5043//4143
f 1730//1589 5042//4142 5041//4141
f 5045//4145 5048//4148 5047//4147
f 5045//4145 5046//4146 5049//4149
f 5048//4148 5051//4151 5050//4150
f 5049//4149 5052//4152 5051//4151
f 2066//1781 5044//4144 2253//1822
f 2065//1780 5045//4145 5044//4144
f 2065//1780 2064//1779 5046//4146
f 2064//1779 210//210 1730//1589
f 5046//4146 1730//1589 1729//1588
f 1729//1588 1728//1587 5052//4152
f 1728//1587 212//212 2061//1776
f 5052//4152 2061//1776 2062//1777
f 5050//4150 5051//4151 2062//1777
f 2255//1730 5050//4150 2063//1778
f 5047//4147 5050//4150 2255//1730
f 2253//1822 5044//4144 5047//4147
f 5055//4155 5053//4153 5059//4159
f 5056//4156 5057//4157 5053//4153
f 5058//4158 5059//4159 5053//4153
f 1721//1580 5054//4154 1736//1595
f 1720//1579 5055//4155 5054//4154
f 5054//4154 5059//4159 1735//1594
f 211//211 1737//1596 5056//4156
f 1737//1596 1738//1597 5057//4157
f 1719//1578 5056//4156 5055//4155
f 213//213 1734//1593 5058//4158
f 1734//1593 1735//1594 5059//4159
f 1739//1598 5058//4158 5057//4157
f 5062//4162 5060//4160 5066//4166
f 5063//4163 5064//4164 5060//4160
f 5065//4165 5066//4166 5060//4160
f 1740//1599 5061//4161 1725//1584
f 1741//1600 5062//4162 5061//4161
f 5061//4161 5066//4166 1726//1585
f 214//214 1743//1602 5063//4163
f 1743//1602 1744//1603 5064//4164
f 1742//1601 5063//4163 5062//4162
f 212//212 1727//1586 5065//4165
f 1727//1586 1726//1585 5066//4166
f 1745//1604 5065//4165 5064//4164
f 5067//4167 5068//4168 5071//4171
f 5068//4168 5069//4169 5072//4172
f 5070//4170 5071//4171 5074//4174
f 5072//4172 5075//4175 5074//4174
f 2063//1778 5067//4167 2250//1725
f 2062//1777 5068//4168 5067//4167
f 2062//1777 2061//1776 5069//4169
f 2061//1776 212//212 1745//1604
f 5069//4169 1745//1604 1744//1603
f 1744//1603 1743//1602 5075//4175
f 1743//1602 214//214 2058//1773
f 5075//4175 2058//1773 2059//1774
f 5073//4173 5074//4174 2059//1774
f 2252//1821 5073//4173 2060//1775
f 5070//4170 5073//4173 2252//1821
f 5067//4167 5070//4170 2251//1820
f 5078//4178 5076//4176 5082//4182
f 5079//4179 5080//4180 5076//4176
f 5081//4181 5082//4182 5076//4176
f 1736//1595 5077//4177 1751//1610
f 1735//1594 5078//4178 5077//4177
f 5077//4177 5082//4182 1750//1609
f 213//213 1752//1611 5079//4179
f 1752//1611 1753//1612 5080//4180
f 1734//1593 5079//4179 5078//4178
f 215//215 1749//1608 5081//4181
f 1749//1608 1750//1609 5082//4182
f 1754//1613 5081//4181 5080//4180
f 5085//4185 5083//4183 5089//4189
f 5086//4186 5087//4187 5083//4183
f 5088//4188 5089//4189 5083//4183
f 1755//1614 5084//4184 1740//1599
f 1756//1615 5085//4185 5084//4184
f 5084//4184 5089//4189 1741//1600
f 216//216 1758//1617 5086//4186
f 1758//1617 1759//1618 5087//4187
f 1757//1616 5086//4186 5085//4185
f 214//214 1742//1601 5088//4188
f 1742//1601 1741//1600 5089//4189
f 1760//1619 5088//4188 5087//4187
f 5090//4190 5091//4191 5094//4194
f 5091//4191 5092//4192 5095//4195
f 5094//4194 5097//4197 5096//4196
f 5095//4195 5098//4198 5097//4197
f 2060//1775 5090//4190 2247//1818
f 2059//1774 5091//4191 5090//4190
f 2059//1774 2058//1773 5092//4192
f 2058//1773 214//214 1760//1619
f 5092//4192 1760//1619 1759//1618
f 1759//1618 1758//1617 5098//4198
f 1758//1617 216//216 2055//1770
f 5098//4198 2055//1770 2056//1771
f 5096//4196 5097//4197 2056//1771
f 2249//1724 5096//4196 2057//1772
f 5093//4193 5096//4196 2249//1724
f 5090//4190 5093//4193 2248//1819
f 5101//4201 5099//4199 5105//4205
f 5102//4202 5103//4203 5099//4199
f 5104//4204 5105//4205 5099//4199
f 1751//1610 5100//4200 1766//1625
f 1750//1609 5101//4201 5100//4200
f 5100//4200 5105//4205 1765//1624
f 215//215 1767//1626 5102//4202
f 1767//1626 1768//1627 5103//4203
f 1749//1608 5102//4202 5101//4201
f 217//217 1764//1623 5104//4204
f 1764//1623 1765//1624 5105//4205
f 1769//1628 5104//4204 5103//4203
f 5108//4208 5106//4206 5112//4212
f 5109//4209 5110//4210 5106//4206
f 5111//4211 5112//4212 5106//4206
f 1770//1629 5107//4207 1755//1614
f 1771//1630 5108//4208 5107//4207
f 5107//4207 5112//4212 1756//1615
f 218//218 1773//1632 5109//4209
f 1773//1632 1774//1633 5110//4210
f 1772//1631 5109//4209 5108//4208
f 216//216 1757//1616 5111//4211
f 1757//1616 1756//1615 5112//4212
f 1775//1634 5111//4211 5110//4210
f 5114//4214 5117//4217 5116//4216
f 5114//4214 5115//4215 5118//4218
f 5117//4217 5120//4220 5119//4219
f 5118//4218 5121//4221 5120//4220
f 2057//1772 5113//4213 2244//1815
f 2056//1771 5114//4214 5113//4213
f 2056//1771 2055//1770 5115//4215
f 2055//1770 216//216 1775//1634
f 5115//4215 1775//1634 1774//1633
f 1774//1633 1773//1632 5121//4221
f 1773//1632 218//218 2052//1767
f 5121//4221 2052//1767 2053//1768
f 5120//4220 2053//1768 2054//1769
f 2246//1817 5119//4219 2054//1769
f 2245//1816 5116//4216 5119//4219
f 2244//1815 5113//4213 5116//4216
f 5124//4224 5122//4222 5128//4228
f 5125//4225 5126//4226 5122//4222
f 5127//4227 5128//4228 5122//4222
f 1766//1625 5123//4223 1781//1640
f 1765//1624 5124//4224 5123//4223
f 5123//4223 5128//4228 1780//1639
f 217//217 1782//1641 5125//4225
f 1782//1641 1783//1642 5126//4226
f 1764//1623 5125//4225 5124//4224
f 219//219 1779//1638 5127//4227
f 1779//1638 1780//1639 5128//4228
f 1784//1643 5127//4227 5126//4226
f 5131//4231 5129//4229 5135//4235
f 5132//4232 5133//4233 5129//4229
f 5134//4234 5135//4235 5129//4229
f 1785//1644 5130//4230 1770//1629
f 1786//1645 5131//4231 5130//4230
f 5130//4230 5135//4235 1771//1630
f 220//220 1788//1647 5132//4232
f 1788//1647 1789//1648 5133//4233
f 1787//1646 5132//4232 5131//4231
f 218//218 1772//1631 5134//4234
f 1772//1631 1771//1630 5135//4235
f 1790//1649 5134//4234 5133//4233
f 5136//4236 5137//4237 5140//4240
f 5137//4237 5138//4238 5141//4241
f 5140//4240 5143//4243 5142//4242
f 5141//4241 5144//4244 5143//4243
f 2054//1769 5136//4236 2241//1812
f 2054//1769 2053//1768 5137//4237
f 2053//1768 2052//1767 5138//4238
f 2052//1767 218//218 1790//1649
f 5138//4238 1790//1649 1789//1648
f 1789//1648 1788//1647 5144//4244
f 1788//1647 220//220 2049//1764
f 5144//4244 2049//1764 2050//1765
f 5142//4242 5143//4243 2050//1765
f 2243//1814 5142//4242 2051//1766
f 5139//4239 5142//4242 2243//1814
f 2241//1812 5136//4236 5139//4239
f 5147//4247 5145//4245 5151//4251
f 5148//4248 5149//4249 5145//4245
f 5150//4250 5151//4251 5145//4245
f 1781//1640 5146//4246 1796//1655
f 1780//1639 5147//4247 5146//4246
f 5146//4246 5151//4251 1795//1654
f 219//219 1797//1656 5148//4248
f 1797//1656 1798//1657 5149//4249
f 1779//1638 5148//4248 5147//4247
f 221//221 1794//1653 5150//4250
f 1794//1653 1795//1654 5151//4251
f 1799//1658 5150//4250 5149//4249
f 5154//4254 5152//4252 5158//4258
f 5155//4255 5156//4256 5152//4252
f 5157//4257 5158//4258 5152//4252
f 1800//1659 5153//4253 1785//1644
f 1801//1660 5154//4254 5153//4253
f 5153//4253 5158//4258 1786//1645
f 222//222 1803//1662 5155//4255
f 1803//1662 1804//1663 5156//4256
f 1802//1661 5155//4255 5154//4254
f 220//220 1787//1646 5157//4257
f 1787//1646 1786//1645 5158//4258
f 1805//1664 5157//4257 5156//4256
f 5159//4259 5160//4260 5163//4263
f 5160//4260 5161//4261 5164//4264
f 5163//4263 5166//4266 5165//4265
f 5164//4264 5167//4267 5166//4266
f 2051//1766 5159//4259 2238//1810
f 2050//1765 5160//4260 5159//4259
f 2050//1765 2049//1764 5161//4261
f 2049//1764 220//220 1805//1664
f 5161//4261 1805//1664 1804//1663
f 1804//1663 1803//1662 5167//4267
f 1803//1662 222//222 2046//1761
f 5167//4267 2046//1761 2047//1762
f 5166//4266 2047//1762 2048//1763
f 2240//1811 5165//4265 2048//1763
f 5162//4262 5165//4265 2240//1811
f 5159//4259 5162//4262 2239//1714
f 5170//4270 5168//4268 5174//4274
f 5171//4271 5172//4272 5168//4268
f 5173//4273 5174//4274 5168//4268
f 1796//1655 5169//4269 1811//1670
f 1795//1654 5170//4270 5169//4269
f 5169//4269 5174//4274 1810//1669
f 221//221 1812//1671 5171//4271
f 1812//1671 1813//1672 5172//4272
f 1794//1653 5171//4271 5170//4270
f 223//223 1809//1668 5173//4273
f 1809//1668 1810//1669 5174//4274
f 1814//1673 5173//4273 5172//4272
f 5177//4277 5175//4275 5181//4281
f 5178//4278 5179//4279 5175//4275
f 5180//4280 5181//4281 5175//4275
f 1815//1674 5176//4276 1800//1659
f 1816//1675 5177//4277 5176//4276
f 5176//4276 5181//4281 1801//1660
f 224//224 1818//1677 5178//4278
f 1818//1677 1819//1678 5179//4279
f 1817//1676 5178//4278 5177//4277
f 222//222 1802//1661 5180//4280
f 1802//1661 1801//1660 5181//4281
f 1820//1679 5180//4280 5179//4279
f 5182//4282 5183//4283 5186//4286
f 5183//4283 5184//4284 5187//4287
f 5185//4285 5186//4286 5189//4289
f 5187//4287 5190//4290 5189//4289
f 2048//1763 5182//4282 2235//1807
f 2047//1762 5183//4283 5182//4282
f 2047//1762 2046//1761 5184//4284
f 2046//1761 222//222 1820//1679
f 5184//4284 1820//1679 1819//1678
f 1819//1678 1818//1677 5190//4290
f 1818//1677 224//224 2043//1758
f 5190//4290 2043//1758 2044//1759
f 5188//4288 5189//4289 2044//1759
f 2237//1809 5188//4288 2045//1760
f 5185//4285 5188//4288 2237//1809
f 5182//4282 5185//4285 2236//1808
f 5193//4293 5191//4291 5197//4297
f 5194//4294 5195//4295 5191//4291
f 5196//4296 5197//4297 5191//4291
f 1811//1670 5192//4292 1826//1685
f 1810//1669 5193//4293 5192//4292
f 5192//4292 5197//4297 1825//1684
f 223//223 1827//1686 5194//4294
f 1827//1686 1828//1687 5195//4295
f 1809//1668 5194//4294 5193//4293
f 225//225 1824//1683 5196//4296
f 1824//1683 1825//1684 5197//4297
f 1829//1688 5196//4296 5195//4295
f 5200//4300 5198//4298 5204//4304
f 5201//4301 5202//4302 5198//4298
f 5203//4303 5204//4304 5198//4298
f 1830//1689 5199//4299 1815//1674
f 1831//1690 5200//4300 5199//4299
f 5199//4299 5204//4304 1816//1675
f 226//226 1833//1692 5201//4301
f 1833//1692 1834//1693 5202//4302
f 1832//1691 5201//4301 5200//4300
f 224//224 1817//1676 5203//4303
f 1817//1676 1816//1675 5204//4304
f 1835//1694 5203//4303 5202//4302
f 5205//4305 5206//4306 5209//4309
f 5206//4306 5207//4307 5210//4310
f 5209//4309 5212//4312 5211//4311
f 5210//4310 5213//4313 5212//4312
f 2045//1760 5205//4305 2232//1804
f 2044//1759 5206//4306 5205//4305
f 2044//1759 2043//1758 5207//4307
f 2043//1758 224//224 1835//1694
f 5207//4307 1835//1694 1834//1693
f 1834//1693 1833//1692 5213//4313
f 1833//1692 226//226 2040//1755
f 5213//4313 2040//1755 2041//1756
f 5211//4311 5212//4312 2041//1756
f 5211//4311 2042//1757 306//242
f 2233//1805 5208//4308 5211//4311
f 2232//1804 5205//4305 5208//4308
f 5216//4316 5214//4314 5220//4320
f 5217//4317 5218//4318 5214//4314
f 5219//4319 5220//4320 5214//4314
f 1826//1685 5215//4315 1608//1467
f 1825//1684 5216//4316 5215//4315
f 5215//4315 5220//4320 1609//1468
f 225//225 1839//1698 5217//4317
f 1839//1698 1840//1699 5218//4318
f 1824//1683 5217//4317 5216//4316
f 195//195 1610//1469 5219//4319
f 1610//1469 1609//1468 5220//4320
f 1841//1700 5219//4319 5218//4318
f 5223//4323 5221//4321 5227//4327
f 5224//4324 5225//4325 5221//4321
f 5226//4326 5227//4327 5221//4321
f 1616//1475 5222//4322 1830//1689
f 1615//1474 5223//4323 5222//4322
f 5222//4322 5227//4327 1831//1690
f 196//196 1842//1701 5224//4324
f 1842//1701 1843//1702 5225//4325
f 1614//1473 5224//4324 5223//4323
f 226//226 1832//1691 5226//4326
f 1832//1691 1831//1690 5227//4327
f 1844//1703 5226//4326 5225//4325
f 5228//4328 5229//4329 5232//4332
f 5229//4329 5230//4330 5233//4333
f 5232//4332 5235//4335 5234//4334
f 5233//4333 5236//4336 5235//4335
f 2042//1757 5228//4328 2229//1802
f 2041//1756 5229//4329 5228//4328
f 2041//1756 2040//1755 5230//4330
f 2040//1755 226//226 1844//1703
f 5230//4330 1844//1703 1843//1702
f 1843//1702 1842//1701 5236//4336
f 1842//1701 196//196 1625//1484
f 5236//4336 1625//1484 1624//1483
f 5234//4334 5235//4335 1624//1483
f 2231//1803 5234//4334 1623//1482
f 5231//4331 5234//4334 2231//1803
f 2229//1802 5228//4328 5231//4331
f 5238//1704 5241//1705 5240//1705
f 5239//1704 5242//1705 5241//1705
f 5241//1705 5244//1706 5243//1706
f 5242//1705 5245//1706 5244//1706
f 290//242 2180//242 5237//1704
f 2180//242 2179//242 5238//1704
f 2178//242 5239//1704 5238//1704
f 242//242 1893//1704 5239//1704
f 1893//1704 1894//1705 5242//1705
f 1894//1705 1895//1706 5245//1706
f 5245//1706 1895//1706 227//227
f 5245//1706 1847//227 1846//227
f 5244//1706 1846//227 1845//227
f 5243//1706 1845//227 275//227
f 2227//1705 5240//1705 5243//1706
f 5237//1704 5240//1705 2227//1705
f 5247//1707 5250//1708 5249//1708
f 5248//1707 5251//1708 5250//1708
f 5250//1708 5253//1709 5252//1709
f 5251//1708 5254//1709 5253//1709
f 289//241 2177//241 5246//1707
f 2177//241 2176//241 5247//1707
f 2176//241 2175//241 5248//1707
f 241//241 1896//1707 5248//1707
f 5248//1707 1896//1707 1897//1708
f 1897//1708 1898//1709 5254//1709
f 5254//1709 1898//1709 242//242
f 5254//1709 2178//242 2179//242
f 5253//1709 2179//242 2180//242
f 5252//1709 2180//242 290//242
f 2224//1708 5249//1708 5252//1709
f 5246//1707 5249//1708 2224//1708
f 5256//1710 5259//1711 5258//1711
f 5257//1710 5260//1711 5259//1711
f 5259//1711 5262//1712 5261//1712
f 5260//1711 5263//1712 5262//1712
f 288//240 2174//240 5255//1710
f 2174//240 2173//240 5256//1710
f 2173//240 2172//240 5257//1710
f 240//240 1899//1710 5257//1710
f 1899//1710 1900//1711 5260//1711
f 1900//1711 1901//1712 5263//1712
f 5263//1712 1901//1712 241//241
f 5263//1712 2175//241 2176//241
f 5262//1712 2176//241 2177//241
f 5261//1712 2177//241 289//241
f 2221//1711 5258//1711 5261//1712
f 5255//1710 5258//1711 2221//1711
f 5265//1713 5268//1714 5267//1714
f 5265//1713 5266//1713 5269//1714
f 5268//1714 5271//1715 5270//1754
f 5269//1714 5272//1754 5271//1715
f 287//239 2171//239 5264//1713
f 2171//239 2170//239 5265//1713
f 2170//239 2169//239 5266//1713
f 239//239 1902//1713 5266//1713
f 5266//1713 1902//1713 1903//1714
f 1903//1714 1904//1715 5272//1754
f 5272//1754 1904//1715 240//240
f 5272//1754 2172//240 2173//240
f 5271//1715 2173//240 2174//240
f 5270//1754 2174//240 288//240
f 2218//1714 5267//1714 5270//1754
f 5264//1713 5267//1714 2218//1714
f 5274//1812 5277//1717 5276//1717
f 5275//1716 5278//1717 5277//1717
f 5277//1717 5280//1718 5279//1718
f 5278//1717 5281//1718 5280//1718
f 286//238 2168//238 5273//1812
f 2168//238 2167//238 5274//1812
f 2167//238 2166//238 5275//1716
f 238//238 1905//1716 5275//1716
f 5275//1716 1905//1716 1906//1717
f 1906//1717 1907//1718 5281//1718
f 5281//1718 1907//1718 239//239
f 5281//1718 2169//239 2170//239
f 5280//1718 2170//239 2171//239
f 5279//1718 2171//239 287//239
f 2215//1717 5276//1717 5279//1718
f 5273//1812 5276//1717 2215//1717
f 5283//1719 5286//1720 5285//1720
f 5284//1719 5287//1720 5286//1720
f 5286//1720 5289//1721 5288//1721
f 5287//1720 5290//1721 5289//1721
f 285//237 2165//237 5282//1719
f 2165//237 2164//237 5283//1719
f 2164//237 2163//237 5284//1719
f 237//237 1908//1719 5284//1719
f 1908//1719 1909//1720 5287//1720
f 1909//1720 1910//1721 5290//1721
f 1910//1721 238//238 2166//238
f 5290//1721 2166//238 2167//238
f 5289//1721 2167//238 2168//238
f 5288//1721 2168//238 286//238
f 2212//1720 5285//1720 5288//1721
f 5282//1719 5285//1720 2212//1720
f 5292//1722 5295//1723 5294//1800
f 5293//1722 5296//1723 5295//1723
f 5295//1723 5298//1724 5297//1724
f 5296//1723 5299//1724 5298//1724
f 284//236 2162//236 5291//1722
f 2162//236 2161//236 5292//1722
f 2161//236 2160//236 5293//1722
f 236//236 1911//1722 5293//1722
f 5293//1722 1911//1722 1912//1723
f 1912//1723 1913//1724 5299//1724
f 5299//1724 1913//1724 237//237
f 5299//1724 2163//237 2164//237
f 5298//1724 2164//237 2165//237
f 5297//1724 2165//237 285//237
f 2209//1723 5294//1800 5297//1724
f 5291//1722 5294//1800 2209//1723
f 5301//1725 5304//1726 5303//1726
f 5302//1725 5305//1726 5304//1726
f 5304//1726 5307//1727 5306//1727
f 5305//1726 5308//1727 5307//1727
f 283//235 2159//235 5300//1725
f 2159//235 2158//235 5301//1725
f 2158//235 2157//235 5302//1725
f 235//235 1914//1725 5302//1725
f 1914//1725 1915//1726 5305//1726
f 1915//1726 1916//1727 5308//1727
f 1916//1727 236//236 2160//236
f 5308//1727 2160//236 2161//236
f 5307//1727 2161//236 2162//236
f 5306//1727 2162//236 284//236
f 2206//1726 5303//1726 5306//1727
f 5300//1725 5303//1726 2206//1726
f 5310//1728 5313//1729 5312//1729
f 5311//1728 5314//1729 5313//1729
f 5313//1729 5316//1730 5315//1730
f 5314//1729 5317//1730 5316//1730
f 282//234 2156//234 5309//1728
f 2156//234 2155//234 5310//1728
f 2154//234 5311//1728 5310//1728
f 234//234 1917//1728 5311//1728
f 5311//1728 1917//1728 1918//1729
f 1918//1729 1919//1730 5317//1730
f 5317//1730 1919//1730 235//235
f 5317//1730 2157//235 2158//235
f 5316//1730 2158//235 2159//235
f 5315//1730 2159//235 283//235
f 2203//1729 5312//1729 5315//1730
f 5309//1728 5312//1729 2203//1729
f 5319//1731 5322//1732 5321//1732
f 5320//1731 5323//1732 5322//1732
f 5322//1732 5325//1733 5324//1733
f 5323//1732 5326//1733 5325//1733
f 281//233 2153//233 5318//1731
f 2153//233 2152//233 5319//1731
f 2152//233 2151//233 5320//1731
f 233//233 1920//1731 5320//1731
f 1920//1731 1921//1732 5323//1732
f 1921//1732 1922//1733 5326//1733
f 5326//1733 1922//1733 234//234
f 5326//1733 2154//234 2155//234
f 5325//1733 2155//234 2156//234
f 5324//1733 2156//234 282//234
f 2200//1732 5321//1732 5324//1733
f 5318//1731 5321//1732 2200//1732
f 5328//1734 5331//1735 5330//1735
f 5329//1734 5332//1735 5331//1735
f 5331//1735 5334//1736 5333//1736
f 5332//1735 5335//1736 5334//1736
f 280//232 2150//232 5327//1734
f 2150//232 2149//232 5328//1734
f 2149//232 2148//232 5329//1734
f 232//232 1923//1734 5329//1734
f 5329//1734 1923//1734 1924//1735
f 1924//1735 1925//1736 5335//1736
f 5335//1736 1925//1736 233//233
f 5334//1736 5335//1736 2151//233
f 5334//1736 2152//233 2153//233
f 5333//1736 2153//233 281//233
f 2197//1735 5330//1735 5333//1736
f 5327//1734 5330//1735 2197//1735
f 5337//1737 5340//1738 5339//1738
f 5338//1737 5341//1738 5340//1738
f 5340//1738 5343//1739 5342//1739
f 5341//1738 5344//1753 5343//1739
f 279//231 2147//231 5336//1737
f 2147//231 2146//231 5337//1737
f 2146//231 2145//231 5338//1737
f 231//231 1926//1737 5338//1737
f 1926//1737 1927//1738 5341//1738
f 1927//1738 1928//1739 5344//1753
f 5344//1753 1928//1739 232//232
f 5344//1753 2148//232 2149//232
f 5343//1739 2149//232 2150//232
f 5342//1739 2150//232 280//232
f 2194//1738 5339//1738 5342//1739
f 5336//1737 5339//1738 2194//1738
f 5346//1752 5349//1741 5348//1741
f 5347//1740 5350//1741 5349//1741
f 5349//1741 5352//1742 5351//1742
f 5350//1741 5353//1742 5352//1742
f 278//230 2144//230 5345//1740
f 2144//230 2143//230 5346//1752
f 2143//230 2142//230 5347//1740
f 230//230 1929//1740 5347//1740
f 5347//1740 1929//1740 1930//1741
f 1930//1741 1931//1742 5353//1742
f 5353//1742 1931//1742 231//231
f 5353//1742 2145//231 2146//231
f 5352//1742 2146//231 2147//231
f 5351//1742 2147//231 279//231
f 2191//1741 5348//1741 5351//1742
f 5345//1740 5348//1741 2191//1741
f 5355//1743 5358//1744 5357//1744
f 5356//1743 5359//1744 5358//1744
f 5358//1744 5361//1745 5360//1745
f 5359//1744 5362//1745 5361//1745
f 277//229 2141//229 5354//1743
f 2141//229 2140//229 5355//1743
f 2140//229 2139//229 5356//1743
f 229//229 1932//1743 5356//1743
f 1932//1743 1933//1744 5359//1744
f 1933//1744 1934//1745 5362//1745
f 1934//1745 230//230 2142//230
f 5362//1745 2142//230 2143//230
f 5361//1745 2143//230 2144//230
f 5360//1745 2144//230 278//230
f 2188//1744 5357//1744 5360//1745
f 5354//1743 5357//1744 2188//1744
f 5364//1746 5367//1747 5366//1747
f 5365//1746 5368//1747 5367//1747
f 5367//1747 5370//1748 5369//1748
f 5368//1747 5371//1748 5370//1748
f 276//228 2138//228 5363//1746
f 2138//228 2137//228 5364//1746
f 2137//228 2136//228 5365//1746
f 228//228 1935//1746 5365//1746
f 5365//1746 1935//1746 1936//1747
f 1936//1747 1937//1748 5371//1748
f 5371//1748 1937//1748 229//229
f 5371//1748 2139//229 2140//229
f 5370//1748 2140//229 2141//229
f 5369//1748 2141//229 277//229
f 2185//1747 5366//1747 5369//1748
f 5363//1746 5366//1747 2185//1747
f 5373//1749 5376//1750 5375//1750
f 5374//1749 5377//1750 5376//1750
f 5376//1750 5379//1751 5378//1751
f 5377//1750 5380//1751 5379//1751
f 275//227 1845//227 5372//1749
f 1845//227 1846//227 5373//1749
f 1846//227 1847//227 5374//1749
f 227//227 1938//1749 5374//1749
f 5374//1749 1938//1749 1939//1750
f 1939//1750 1940//1751 5380//1751
f 1940//1751 228//228 2136//228
f 5380//1751 2136//228 2137//228
f 5379//1751 2137//228 2138//228
f 5378//1751 2138//228 276//228
f 2182//1750 5375//1750 5378//1751
f 5372//1749 5375//1750 2182//1750
f 5382//1749 5385//1750 5384//1750
f 5383//1749 5386//1750 5385//1750
f 5385//1750 5388//1751 5387//1751
f 5386//1750 5389//1751 5388//1751
f 1986//227 5381//1749 2370//1749
f 1987//227 5382//1749 5381//1749
f 1988//227 5383//1749 5382//1749
f 258//227 1989//1749 5383//1749
f 5383//1749 1989//1749 1990//1750
f 1990//1750 1991//1751 5389//1751
f 1991//1751 243//228 2277//228
f 5389//1751 2277//228 2278//228
f 5388//1751 2278//228 2279//228
f 2372//1881 5387//1751 2279//228
f 5384//1750 5387//1751 2372//1881
f 2370//1749 5381//1749 5384//1750
f 5391//1746 5394//1747 5393//1747
f 5391//1746 5392//1746 5395//1747
f 5394//1747 5397//1748 5396//1748
f 5395//1747 5398//1748 5397//1748
f 2279//228 5390//1746 2367//1878
f 2279//228 2278//228 5391//1746
f 2278//228 2277//228 5392//1746
f 243//228 1992//1746 5392//1746
f 5392//1746 1992//1746 1993//1747
f 1993//1747 1994//1748 5398//1748
f 1994//1748 244//229 2280//229
f 5398//1748 2280//229 2281//229
f 5397//1748 2281//229 2282//229
f 2369//1748 5396//1748 2282//229
f 5393//1747 5396//1748 2369//1748
f 2367//1878 5390//1746 5393//1747
f 5400//1743 5403//1744 5402//1744
f 5400//1743 5401//1743 5404//1744
f 5403//1744 5406//1745 5405//1745
f 5404//1744 5407//1745 5406//1745
f 2282//229 5399//1743 2364//1875
f 2282//229 2281//229 5400//1743
f 2280//229 5401//1743 5400//1743
f 244//229 1995//1743 5401//1743
f 5401//1743 1995//1743 1996//1744
f 1996//1744 1997//1745 5407//1745
f 1997//1745 245//230 2283//230
f 5407//1745 2283//230 2284//230
f 5406//1745 2284//230 2285//230
f 2366//1877 5405//1745 2285//230
f 5402//1744 5405//1745 2366//1877
f 2364//1875 5399//1743 5402//1744
f 5409//1740 5412//1741 5411//1741
f 5409//1740 5410//1740 5413//1741
f 5412//1741 5415//1742 5414//1742
f 5413//1741 5416//1742 5415//1742
f 2285//230 5408//1740 2361//1752
f 2284//230 5409//1740 5408//1740
f 2283//230 5410//1740 5409//1740
f 245//230 1998//1752 5410//1740
f 5410//1740 1998//1752 1999//1741
f 1999//1741 2000//1742 5416//1742
f 2000//1742 246//231 2286//231
f 5416//1742 2286//231 2287//231
f 5415//1742 2287//231 2288//231
f 2363//1874 5414//1742 2288//231
f 5411//1741 5414//1742 2363//1874
f 2361//1752 5408//1740 5411//1741
f 5418//1737 5421//1738 5420//1738
f 5418//1737 5419//1737 5422//1738
f 5421//1738 5424//1739 5423//1739
f 5422//1738 5425//1739 5424//1739
f 2288//231 5417//1737 2358//1871
f 2287//231 5418//1737 5417//1737
f 2286//231 5419//1737 5418//1737
f 246//231 2001//1737 5419//1737
f 5419//1737 2001//1737 2002//1738
f 2002//1738 2003//1753 5425//1739
f 2003//1753 247//232 2289//232
f 5425//1739 2289//232 2290//232
f 5424//1739 2290//232 2291//232
f 2360//1872 5423//1739 2291//232
f 5420//1738 5423//1739 2360//1872
f 2358//1871 5417//1737 5420//1738
f 5427//1734 5430//1735 5429//1735
f 5427//1734 5428//1734 5431//1735
f 5430//1735 5433//1736 5432//1736
f 5431//1735 5434//1736 5433//1736
f 2291//232 5426//1734 2355//1868
f 2291//232 2290//232 5427//1734
f 2290//232 2289//232 5428//1734
f 247//232 2004//1734 5428//1734
f 5428//1734 2004//1734 2005//1735
f 2005//1735 2006//1736 5434//1736
f 2006//1736 248//233 2292//233
f 5434//1736 2292//233 2293//233
f 5433//1736 2293//233 2294//233
f 2357//1870 5432//1736 2294//233
f 5429//1735 5432//1736 2357//1870
f 2355//1868 5426//1734 5429//1735
f 5436//1731 5439//1732 5438//1732
f 5436//1731 5437//1731 5440//1732
f 5439//1732 5442//1733 5441//1733
f 5440//1732 5443//1733 5442//1733
f 2294//233 5435//1731 2352//1865
f 2294//233 2293//233 5436//1731
f 2293//233 2292//233 5437//1731
f 248//233 2007//1731 5437//1731
f 5437//1731 2007//1731 2008//1732
f 2008//1732 2009//1733 5443//1733
f 2009//1733 249//234 2295//234
f 5443//1733 2295//234 2296//234
f 5442//1733 2296//234 2297//234
f 2354//1867 5441//1733 2297//234
f 5438//1732 5441//1733 2354//1867
f 2352//1865 5435//1731 5438//1732
f 5445//1728 5448//1729 5447//1729
f 5445//1728 5446//1728 5449//1729
f 5448//1729 5451//1730 5450//1730
f 5449//1729 5452//1730 5451//1730
f 2297//234 5444//1728 2349//1863
f 2297//234 2296//234 5445//1728
f 2296//234 2295//234 5446//1728
f 249//234 2010//1728 5446//1728
f 5446//1728 2010//1728 2011//1729
f 2011//1729 2012//1730 5452//1730
f 2012//1730 250//235 2298//235
f 5452//1730 2298//235 2299//235
f 5451//1730 2299//235 2300//235
f 2351//1864 5450//1730 2300//235
f 5447//1729 5450//1730 2351//1864
f 2349//1863 5444//1728 5447//1729
f 5454//1725 5457//1726 5456//1726
f 5454//1725 5455//1725 5458//1726
f 5457//1726 5460//1727 5459//1727
f 5458//1726 5461//1727 5460//1727
f 2300//235 5453//1725 2346//1861
f 2300//235 2299//235 5454//1725
f 2299//235 2298//235 5455//1725
f 250//235 2013//1725 5455//1725
f 5455//1725 2013//1725 2014//1726
f 2014//1726 2015//1727 5461//1727
f 2015//1727 251//236 2301//236
f 5461//1727 2301//236 2302//236
f 5460//1727 2302//236 2303//236
f 2348//1862 5459//1727 2303//236
f 5456//1726 5459//1727 2348//1862
f 2346//1861 5453//1725 5456//1726
f 5462//1722 5463//1722 5466//1723
f 5463//1722 5464//1722 5467//1723
f 5466//1723 5469//1724 5468//1724
f 5467//1723 5470//1724 5469//1724
f 2303//236 5462//1722 2343//1858
f 2303//236 2302//236 5463//1722
f 2302//236 2301//236 5464//1722
f 251//236 2016//1722 5464//1722
f 5464//1722 2016//1722 2017//1723
f 2017//1723 2018//1724 5470//1724
f 2018//1724 252//237 2304//237
f 5470//1724 2304//237 2305//237
f 5469//1724 2305//237 2306//237
f 2345//1860 5468//1724 2306//237
f 5465//1723 5468//1724 2345//1860
f 2343//1858 5462//1722 5465//1723
f 5472//1719 5475//1720 5474//1720
f 5472//1719 5473//1719 5476//1720
f 5475//1720 5478//1721 5477//1721
f 5476//1720 5479//1721 5478//1721
f 2306//237 5471//1719 2340//1855
f 2305//237 5472//1719 5471//1719
f 2304//237 5473//1719 5472//1719
f 252//237 2019//1719 5473//1719
f 5473//1719 2019//1719 2020//1720
f 2020//1720 2021//1721 5479//1721
f 5479//1721 2021//1721 253//238
f 5479//1721 2307//238 2308//238
f 5478//1721 2308//238 2309//238
f 2342//1857 5477//1721 2309//238
f 5474//1720 5477//1721 2342//1857
f 2340//1855 5471//1719 5474//1720
f 5481//1812 5484//1717 5483//1717
f 5481//1812 5482//1716 5485//1717
f 5484//1717 5487//1718 5486//1718
f 5485//1717 5488//1718 5487//1718
f 2309//238 5480//1716 2337//1853
f 2308//238 5481//1812 5480//1716
f 2308//238 2307//238 5482//1716
f 253//238 2022//1716 5482//1716
f 5482//1716 2022//1716 2023//1717
f 2023//1717 2024//1718 5488//1718
f 2024//1718 254//239 2310//239
f 5488//1718 2310//239 2311//239
f 5487//1718 2311//239 2312//239
f 5486//1718 2312//239 318//239
f 5483//1717 5486//1718 2339//1854
f 2337//1853 5480//1716 5483//1717
f 5490//1713 5493//1714 5492//1714
f 5490//1713 5491//1713 5494//1714
f 5493//1714 5496//1715 5495//1754
f 5494//1714 5497//1754 5496//1715
f 2312//239 5489//1713 2334//1851
f 2312//239 2311//239 5490//1713
f 2311//239 2310//239 5491//1713
f 2310//239 254//239 2025//1713
f 5491//1713 2025//1713 2026//1714
f 2026//1714 2027//1754 5497//1754
f 2027//1754 255//240 2313//240
f 5497//1754 2313//240 2314//240
f 5496//1715 2314//240 2315//240
f 2336//1715 5495//1754 2315//240
f 5492//1714 5495//1754 2336//1715
f 2334//1851 5489//1713 5492//1714
f 5499//1710 5502//1711 5501//1711
f 5499//1710 5500//1710 5503//1711
f 5502//1711 5505//1712 5504//1712
f 5503//1711 5506//1712 5505//1712
f 2315//240 5498//1710 2331//1848
f 2315//240 2314//240 5499//1710
f 2314//240 2313//240 5500//1710
f 255//240 2028//1710 5500//1710
f 5500//1710 2028//1710 2029//1711
f 2029//1711 2030//1712 5506//1712
f 2030//1712 256//241 2316//241
f 5506//1712 2316//241 2317//241
f 5505//1712 2317//241 2318//241
f 2333//1850 5504//1712 2318//241
f 5501//1711 5504//1712 2333//1850
f 2331//1848 5498//1710 5501//1711
f 5508//1707 5511//1708 5510//1708
f 5508//1707 5509//1707 5512//1708
f 5511//1708 5514//1709 5513//1709
f 5512//1708 5515//1709 5514//1709
f 2318//241 5507//1707 2328//1707
f 2318//241 2317//241 5508//1707
f 2317//241 2316//241 5509//1707
f 256//241 2031//1707 5509//1707
f 5509//1707 2031//1707 2032//1708
f 2032//1708 2033//1709 5515//1709
f 2033//1709 257//242 2319//242
f 5515//1709 2319//242 2320//242
f 5514//1709 2320//242 2321//242
f 2330//1847 5513//1709 2321//242
f 5510//1708 5513//1709 2330//1847
f 2328//1707 5507//1707 5510//1708
f 5517//1704 5520//1705 5519//1705
f 5517//1704 5518//1704 5521//1705
f 5520//1705 5523//1706 5522//1706
f 5521//1705 5524//1706 5523//1706
f 2321//242 5516//1704 2325//1844
f 2321//242 2320//242 5517//1704
f 2320//242 2319//242 5518//1704
f 257//242 2034//1704 5518//1704
f 5518//1704 2034//1704 2035//1705
f 2035//1705 2036//1706 5524//1706
f 2036//1706 258//227 1988//227
f 5524//1706 1988//227 1987//227
f 5523//1706 1987//227 1986//227
f 2327//1706 5522//1706 1986//227
f 5519//1705 5522//1706 2327//1706
f 2325//1844 5516//1704 5519//1705
f 5525//1749 5526//1749 5529//1750
f 5526//1749 5527//1749 5530//1750
f 5528//1750 5529//1750 5532//1751
f 5530//1750 5533//1751 5532//1751
f 2037//227 5525//1749 1989//1749
f 2038//227 5526//1749 5525//1749
f 2039//227 5527//1749 5526//1749
f 259//227 2085//1749 5527//1749
f 2085//1749 2086//1750 5530//1750
f 2086//1750 2087//1751 5533//1751
f 5533//1751 2087//1751 260//228
f 5533//1751 1941//228 1942//228
f 5531//1751 5532//1751 1942//228
f 1991//1751 5531//1751 1943//228
f 5528//1750 5531//1751 1991//1751
f 1989//1749 5525//1749 5528//1750
f 5534//1746 5535//1746 5538//1747
f 5535//1746 5536//1746 5539//1747
f 5538//1747 5541//1748 5540//1748
f 5539//1747 5542//1748 5541//1748
f 1943//228 5534//1746 1992//1746
f 1942//228 5535//1746 5534//1746
f 1941//228 5536//1746 5535//1746
f 260//228 2088//1746 5536//1746
f 2088//1746 2089//1747 5539//1747
f 2089//1747 2090//1748 5542//1748
f 5542//1748 2090//1748 261//229
f 5542//1748 1944//229 1945//229
f 5541//1748 1945//229 1946//229
f 5540//1748 1946//229 244//229
f 5537//1747 5540//1748 1994//1748
f 1992//1746 5534//1746 5537//1747
f 5543//1743 5544//1743 5547//1744
f 5545//1743 5548//1744 5547//1744
f 5547//1744 5550//1745 5549//1745
f 5548//1744 5551//1745 5550//1745
f 1946//229 5543//1743 1995//1743
f 1945//229 5544//1743 5543//1743
f 1944//229 5545//1743 5544//1743
f 261//229 2091//1743 5545//1743
f 2091//1743 2092//1744 5548//1744
f 2092//1744 2093//1745 5551//1745
f 5551//1745 2093//1745 262//230
f 5551//1745 1947//230 1948//230
f 5550//1745 1948//230 1949//230
f 1997//1745 5549//1745 1949//230
f 5546//1744 5549//1745 1997//1745
f 1995//1743 5543//1743 5546//1744
f 5552//1740 5553//1740 5556//1741
f 5553//1740 5554//1740 5557//1741
f 5556//1741 5559//1742 5558//1742
f 5557//1741 5560//1742 5559//1742
f 1949//230 5552//1740 1998//1752
f 1948//230 5553//1740 5552//1740
f 1947//230 5554//1740 5553//1740
f 262//230 2094//1740 5554//1740
f 5554//1740 2094//1740 2095//1741
f 2095//1741 2096//1742 5560//1742
f 5560//1742 2096//1742 263//231
f 5560//1742 1950//231 1951//231
f 5559//1742 1951//231 1952//231
f 2000//1742 5558//1742 1952//231
f 5555//1741 5558//1742 2000//1742
f 1998//1752 5552//1740 5555//1741
f 5561//1737 5562//1737 5565//1738
f 5563//1737 5566//1738 5565//1738
f 5565//1738 5568//1739 5567//1739
f 5566//1738 5569//1753 5568//1739
f 1952//231 5561//1737 2001//1737
f 1951//231 5562//1737 5561//1737
f 1950//231 5563//1737 5562//1737
f 263//231 2097//1737 5563//1737
f 5563//1737 2097//1737 2098//1738
f 2098//1738 2099//1739 5569//1753
f 5569//1753 2099//1739 264//232
f 5569//1753 1953//232 1954//232
f 5568//1739 1954//232 1955//232
f 2003//1753 5567//1739 1955//232
f 5564//1738 5567//1739 2003//1753
f 2001//1737 5561//1737 5564//1738
f 5570//1734 5571//1734 5574//1735
f 5572//1734 5575//1735 5574//1735
f 5574//1735 5577//1736 5576//1736
f 5575//1735 5578//1736 5577//1736
f 1955//232 5570//1734 2004//1734
f 1954//232 5571//1734 5570//1734
f 1953//232 5572//1734 5571//1734
f 264//232 2100//1734 5572//1734
f 2100//1734 2101//1735 5575//1735
f 2101//1735 2102//1736 5578//1736
f 5578//1736 2102//1736 265//233
f 5578//1736 1956//233 1957//233
f 5577//1736 1957//233 1958//233
f 2006//1736 5576//1736 1958//233
f 5573//1735 5576//1736 2006//1736
f 2004//1734 5570//1734 5573//1735
f 5579//1731 5580//1731 5583//1732
f 5581//1731 5584//1732 5583//1732
f 5583//1732 5586//1733 5585//1733
f 5584//1732 5587//1733 5586//1733
f 1958//233 5579//1731 2007//1731
f 1957//233 5580//1731 5579//1731
f 1956//233 5581//1731 5580//1731
f 265//233 2103//1731 5581//1731
f 2103//1731 2104//1732 5584//1732
f 2104//1732 2105//1733 5587//1733
f 5587//1733 2105//1733 266//234
f 5587//1733 1959//234 1960//234
f 5586//1733 1960//234 1961//234
f 2009//1733 5585//1733 1961//234
f 5582//1732 5585//1733 2009//1733
f 2007//1731 5579//1731 5582//1732
f 5588//1728 5589//1728 5592//1729
f 5589//1728 5590//1728 5593//1729
f 5592//1729 5595//1730 5594//1730
f 5593//1729 5596//1730 5595//1730
f 1961//234 5588//1728 2010//1728
f 1960//234 5589//1728 5588//1728
f 1959//234 5590//1728 5589//1728
f 266//234 2106//1728 5590//1728
f 2106//1728 2107//1729 5593//1729
f 2107//1729 2108//1730 5596//1730
f 5596//1730 2108//1730 267//235
f 5595//1730 5596//1730 1962//235
f 5595//1730 1963//235 1964//235
f 2012//1730 5594//1730 1964//235
f 5591//1729 5594//1730 2012//1730
f 2010//1728 5588//1728 5591//1729
f 5597//1725 5598//1725 5601//1726
f 5599//1725 5602//1726 5601//1726
f 5601//1726 5604//1727 5603//1727
f 5602//1726 5605//1727 5604//1727
f 1964//235 5597//1725 2013//1725
f 1963//235 5598//1725 5597//1725
f 1962//235 5599//1725 5598//1725
f 267//235 2109//1725 5599//1725
f 2109//1725 2110//1726 5602//1726
f 2110//1726 2111//1727 5605//1727
f 5605//1727 2111//1727 268//236
f 5605//1727 1965//236 1966//236
f 5604//1727 1966//236 1967//236
f 2015//1727 5603//1727 1967//236
f 5600//1726 5603//1727 2015//1727
f 2013//1725 5597//1725 5600//1726
f 5606//1722 5607//1722 5610//1723
f 5607//1722 5608//1722 5611//1800
f 5610//1723 5613//1724 5612//1724
f 5611//1800 5614//1724 5613//1724
f 1967//236 5606//1722 2016//1722
f 1966//236 5607//1722 5606//1722
f 1965//236 5608//1722 5607//1722
f 268//236 2112//1722 5608//1722
f 2112//1722 2113//1800 5611//1800
f 5611//1800 2113//1800 2114//1724
f 5614//1724 2114//1724 269//237
f 5614//1724 1968//237 1969//237
f 5613//1724 1969//237 1970//237
f 2018//1724 5612//1724 1970//237
f 5609//1723 5612//1724 2018//1724
f 2016//1722 5606//1722 5609//1723
f 5615//1719 5616//1719 5619//1720
f 5616//1719 5617//1719 5620//1720
f 5619//1720 5622//1721 5621//1721
f 5620//1720 5623//1721 5622//1721
f 1970//237 5615//1719 2019//1719
f 1969//237 5616//1719 5615//1719
f 1968//237 5617//1719 5616//1719
f 269//237 2115//1719 5617//1719
f 5617//1719 2115//1719 2116//1720
f 5620//1720 2116//1720 2117//1721
f 5623//1721 2117//1721 270//238
f 5623//1721 1971//238 1972//238
f 5622//1721 1972//238 1973//238
f 2021//1721 5621//1721 1973//238
f 5618//1720 5621//1721 2021//1721
f 2019//1719 5615//1719 5618//1720
f 5624//1716 5625//1716 5628//1717
f 5625//1716 5626//1812 5629//1717
f 5628//1717 5631//1718 5630//1718
f 5629//1717 5632//1718 5631//1718
f 1973//238 5624//1716 2022//1716
f 1972//238 5625//1716 5624//1716
f 1971//238 5626//1812 5625//1716
f 270//238 2118//1716 5626//1812
f 2118//1716 2119//1717 5629//1717
f 2119//1717 2120//1718 5632//1718
f 5632//1718 2120//1718 271//239
f 5632//1718 1974//239 1975//239
f 5631//1718 1975//239 1976//239
f 2024//1718 5630//1718 1976//239
f 5627//1717 5630//1718 2024//1718
f 2022//1716 5624//1716 5627//1717
f 5633//1713 5634//1713 5637//1714
f 5634//1713 5635//1713 5638//1714
f 5637//1714 5640//1715 5639//1754
f 5638//1714 5641//1754 5640//1715
f 1976//239 5633//1713 2025//1713
f 1975//239 5634//1713 5633//1713
f 1974//239 5635//1713 5634//1713
f 271//239 2121//1713 5635//1713
f 2121//1713 2122//1714 5638//1714
f 2122//1714 2123//1715 5641//1754
f 5641//1754 2123//1715 272//240
f 5641//1754 1977//240 1978//240
f 5640//1715 1978//240 1979//240
f 5639//1754 1979//240 255//240
f 5636//1714 5639//1754 2027//1754
f 2025//1713 5633//1713 5636//1714
f 5642//1710 5643//1710 5646//1711
f 5643//1710 5644//1710 5647//1711
f 5646//1711 5649//1712 5648//1712
f 5647//1711 5650//1712 5649//1712
f 1979//240 5642//1710 2028//1710
f 1978//240 5643//1710 5642//1710
f 1977//240 5644//1710 5643//1710
f 272//240 2124//1710 5644//1710
f 2124//1710 2125//1711 5647//1711
f 2125//1711 2126//1712 5650//1712
f 5650//1712 2126//1712 273//241
f 5650//1712 1980//241 1981//241
f 5649//1712 1981//241 1982//241
f 2030//1712 5648//1712 1982//241
f 5645//1711 5648//1712 2030//1712
f 2028//1710 5642//1710 5645//1711
f 5651//1707 5652//1707 5655//1708
f 5652//1707 5653//1707 5656//1708
f 5655//1708 5658//1709 5657//1709
f 5656//1708 5659//1709 5658//1709
f 1982//241 5651//1707 2031//1707
f 1981//241 5652//1707 5651//1707
f 1980//241 5653//1707 5652//1707
f 273//241 2127//1707 5653//1707
f 5653//1707 2127//1707 2128//1801
f 2128//1801 2129//1709 5659//1709
f 5659//1709 2129//1709 274//242
f 5659//1709 1983//242 1984//242
f 5658//1709 1984//242 1985//242
f 2033//1709 5657//1709 1985//242
f 5654//1708 5657//1709 2033//1709
f 2031//1707 5651//1707 5654//1708
f 5660//1704 5661//1704 5664//1705
f 5661//1704 5662//1704 5665//1705
f 5663//1705 5664//1705 5667//1706
f 5665//1705 5668//1706 5667//1706
f 1985//242 5660//1704 2034//1704
f 1984//242 5661//1704 5660//1704
f 1983//242 5662//1704 5661//1704
f 274//242 2130//1704 5662//1704
f 5662//1704 2130//1704 2131//1705
f 2131//1705 2132//1706 5668//1706
f 5668//1706 2132//1706 259//227
f 5668//1706 2039//227 2038//227
f 5667//1706 2038//227 2037//227
f 2036//1706 5666//1706 2037//227
f 5663//1705 5666//1706 2036//1706
f 2034//1704 5660//1704 5663//1705
f 5670//1749 5673//1750 5672//1750
f 5671//1749 5674//1750 5673//1750
f 5673//1750 5676//1751 5675//1751
f 5674//1750 5677//1751 5676//1751
f 2133//227 5669//1749 1938//1749
f 2133//227 2134//227 5670//1749
f 2134//227 2135//227 5671//1749
f 291//243 2274//1839 5671//1749
f 2274//1839 2275//1750 5674//1750
f 2275//1750 2276//1840 5677//1751
f 5677//1751 2276//1840 292//228
f 5677//1751 1848//228 1849//228
f 5676//1751 1849//228 1850//228
f 1940//1751 5675//1751 1850//228
f 5672//1750 5675//1751 1940//1751
f 1938//1749 5669//1749 5672//1750
f 5679//1746 5682//1747 5681//1747
f 5680//1746 5683//1747 5682//1747
f 5682//1747 5685//1748 5684//1748
f 5683//1747 5686//1748 5685//1748
f 1850//228 5678//1746 1935//1746
f 1850//228 1849//228 5679//1746
f 1849//228 1848//228 5680//1746
f 292//228 2271//1836 5680//1746
f 2271//1836 2272//1837 5683//1747
f 2272//1837 2273//1838 5686//1748
f 5686//1748 2273//1838 293//229
f 5686//1748 1851//229 1852//229
f 5685//1748 1852//229 1853//229
f 5684//1748 1853//229 229//229
f 5681//1747 5684//1748 1937//1748
f 1935//1746 5678//1746 5681//1747
f 5688//1743 5691//1744 5690//1744
f 5689//1743 5692//1744 5691//1744
f 5691//1744 5694//1745 5693//1745
f 5692//1744 5695//1745 5694//1745
f 1853//229 5687//1743 1932//1743
f 1853//229 1852//229 5688//1743
f 1852//229 1851//229 5689//1743
f 293//229 2268//1833 5689//1743
f 2268//1833 2269//1834 5692//1744
f 2269//1834 2270//1835 5695//1745
f 5695//1745 2270//1835 294//230
f 5695//1745 1854//230 1855//230
f 5694//1745 1855//230 1856//230
f 5693//1745 1856//230 230//230
f 5690//1744 5693//1745 1934//1745
f 1932//1743 5687//1743 5690//1744
f 5697//1740 5700//1741 5699//1741
f 5698//1752 5701//1741 5700//1741
f 5700//1741 5703//1742 5702//1742
f 5701//1741 5704//1742 5703//1742
f 1856//230 5696//1752 1929//1740
f 1856//230 1855//230 5697//1740
f 1855//230 1854//230 5698//1752
f 294//230 2265//1831 5698//1752
f 2265//1831 2266//1741 5701//1741
f 2266//1741 2267//1832 5704//1742
f 5704//1742 2267//1832 295//231
f 5704//1742 1857//231 1858//231
f 5703//1742 1858//231 1859//231
f 1931//1742 5702//1742 1859//231
f 5699//1741 5702//1742 1931//1742
f 5696//1752 5699//1741 1930//1741
f 5706//1737 5709//1738 5708//1738
f 5707//1737 5710//1738 5709//1738
f 5709//1738 5712//1739 5711//1739
f 5710//1738 5713//1739 5712//1739
f 1859//231 5705//1737 1926//1737
f 1858//231 5706//1737 5705//1737
f 1858//231 1857//231 5707//1737
f 295//231 2262//1829 5707//1737
f 2262//1829 2263//1830 5710//1738
f 2263//1830 2264//1753 5713//1739
f 5713//1739 2264//1753 296//244
f 5713//1739 1860//232 1861//232
f 5712//1739 1861//232 1862//232
f 5711//1739 1862//232 232//232
f 5708//1738 5711//1739 1928//1739
f 1926//1737 5705//1737 5708//1738
f 5715//1734 5718//1735 5717//1735
f 5716//1734 5719//1735 5718//1735
f 5718//1735 5721//1736 5720//1736
f 5719//1735 5722//1736 5721//1736
f 1862//232 5714//1734 1923//1734
f 1862//232 1861//232 5715//1734
f 1861//232 1860//232 5716//1734
f 296//244 2259//1826 5716//1734
f 2259//1826 2260//1827 5719//1735
f 2260//1827 2261//1828 5722//1736
f 5722//1736 2261//1828 297//245
f 5722//1736 1863//233 1864//233
f 5721//1736 1864//233 1865//233
f 5720//1736 1865//233 233//233
f 5717//1735 5720//1736 1925//1736
f 1923//1734 5714//1734 5717//1735
f 5724//1731 5727//1732 5726//1732
f 5725//1731 5728//1732 5727//1732
f 5727//1732 5730//1733 5729//1733
f 5728//1732 5731//1733 5730//1733
f 1865//233 5723//1731 1920//1731
f 1865//233 1864//233 5724//1731
f 1864//233 1863//233 5725//1731
f 297//245 2256//1731 5725//1731
f 2256//1731 2257//1824 5728//1732
f 2257//1824 2258//1825 5731//1733
f 5731//1733 2258//1825 298//246
f 5731//1733 1866//234 1867//234
f 5730//1733 1867//234 1868//234
f 5729//1733 1868//234 234//234
f 5726//1732 5729//1733 1922//1733
f 1920//1731 5723//1731 5726//1732
f 5733//1728 5736//1729 5735//1729
f 5734//1728 5737//1729 5736//1729
f 5736//1729 5739//1730 5738//1730
f 5737//1729 5740//1730 5739//1730
f 1868//234 5732//1728 1917//1728
f 1868//234 1867//234 5733//1728
f 1867//234 1866//234 5734//1728
f 298//246 2253//1822 5734//1728
f 2253//1822 2254//1823 5737//1729
f 2254//1823 2255//1730 5740//1730
f 5740//1730 2255//1730 299//235
f 5740//1730 1869//235 1870//235
f 5739//1730 1870//235 1871//235
f 1919//1730 5738//1730 1871//235
f 5735//1729 5738//1730 1919//1730
f 1917//1728 5732//1728 5735//1729
f 5742//1725 5745//1726 5744//1726
f 5743//1725 5746//1726 5745//1726
f 5745//1726 5748//1727 5747//1727
f 5746//1726 5749//1727 5748//1727
f 1871//235 5741//1725 1914//1725
f 1871//235 1870//235 5742//1725
f 1870//235 1869//235 5743//1725
f 299//235 2250//1725 5743//1725
f 2250//1725 2251//1820 5746//1726
f 2251//1820 2252//1821 5749//1727
f 5749//1727 2252//1821 300//247
f 5749//1727 1872//236 1873//236
f 5748//1727 1873//236 1874//236
f 1916//1727 5747//1727 1874//236
f 5744//1726 5747//1727 1916//1727
f 5741//1725 5744//1726 1915//1726
f 5751//1722 5754//1723 5753//1723
f 5752//1722 5755//1723 5754//1723
f 5754//1723 5757//1724 5756//1724
f 5755//1723 5758//1724 5757//1724
f 1874//236 5750//1722 1911//1722
f 1874//236 1873//236 5751//1722
f 1873//236 1872//236 5752//1722
f 300//247 2247//1818 5752//1722
f 2247//1818 2248//1819 5755//1723
f 2248//1819 2249//1724 5758//1724
f 5758//1724 2249//1724 301//248
f 5758//1724 1875//237 1876//237
f 5757//1724 1876//237 1877//237
f 5756//1724 1877//237 237//237
f 5753//1723 5756//1724 1913//1724
f 1911//1722 5750//1722 5753//1723
f 5760//1719 5763//1720 5762//1720
f 5761//1719 5764//1720 5763//1720
f 5763//1720 5766//1721 5765//1721
f 5764//1720 5767//1721 5766//1721
f 1877//237 5759//1719 1908//1719
f 1877//237 1876//237 5760//1719
f 1876//237 1875//237 5761//1719
f 301//248 2244//1815 5761//1719
f 2244//1815 2245//1816 5764//1720
f 2245//1816 2246//1817 5767//1721
f 5767//1721 2246//1817 302//249
f 5767//1721 1878//238 1879//238
f 5766//1721 1879//238 1880//238
f 5765//1721 1880//238 238//238
f 5762//1720 5765//1721 1910//1721
f 1908//1719 5759//1719 5762//1720
f 5769//1716 5772//1717 5771//1717
f 5770//1812 5773//1717 5772//1717
f 5772//1717 5775//1718 5774//1718
f 5773//1717 5776//1718 5775//1718
f 1880//238 5768//1812 1905//1716
f 1880//238 1879//238 5769//1716
f 1879//238 1878//238 5770//1812
f 302//249 2241//1812 5770//1812
f 2241//1812 2242//1813 5773//1717
f 2242//1813 2243//1814 5776//1718
f 5776//1718 2243//1814 303//239
f 5775//1718 5776//1718 1881//239
f 5775//1718 1882//239 1883//239
f 5774//1718 1883//239 239//239
f 5771//1717 5774//1718 1907//1718
f 5768//1812 5771//1717 1906//1717
f 5778//1713 5781//1714 5780//1714
f 5779//1713 5782//1714 5781//1714
f 5781//1714 5784//1715 5783//1754
f 5782//1714 5785//1754 5784//1715
f 239//239 1883//239 5777//1713
f 1883//239 1882//239 5778//1713
f 1882//239 1881//239 5779//1713
f 303//239 2238//1810 5779//1713
f 2238//1810 2239//1714 5782//1714
f 2239//1714 2240//1811 5785//1754
f 5785//1754 2240//1811 304//240
f 5785//1754 1884//240 1885//240
f 5784//1715 1885//240 1886//240
f 5783//1754 1886//240 240//240
f 5780//1714 5783//1754 1904//1715
f 1902//1713 5777//1713 5780//1714
f 5787//1710 5790//1711 5789//1711
f 5788//1710 5791//1711 5790//1711
f 5790//1711 5793//1712 5792//1712
f 5791//1711 5794//1712 5793//1712
f 1886//240 5786//1710 1899//1710
f 1886//240 1885//240 5787//1710
f 1885//240 1884//240 5788//1710
f 304//240 2235//1807 5788//1710
f 2235//1807 2236//1808 5791//1711
f 2236//1808 2237//1809 5794//1712
f 5794//1712 2237//1809 305//241
f 5794//1712 1887//241 1888//241
f 5793//1712 1888//241 1889//241
f 5792//1712 1889//241 241//241
f 5789//1711 5792//1712 1901//1712
f 1899//1710 5786//1710 5789//1711
f 5796//1707 5799//1708 5798//1708
f 5797//1707 5800//1708 5799//1708
f 5799//1708 5802//1709 5801//1709
f 5800//1708 5803//1709 5802//1709
f 1889//241 5795//1707 1896//1707
f 1889//241 1888//241 5796//1707
f 1888//241 1887//241 5797//1707
f 305//241 2232//1804 5797//1707
f 2232//1804 2233//1805 5800//1708
f 2233//1805 2234//1806 5803//1709
f 5803//1709 2234//1806 306//242
f 5803//1709 1890//242 1891//242
f 5802//1709 1891//242 1892//242
f 5801//1709 1892//242 242//242
f 5798//1708 5801//1709 1898//1709
f 1896//1707 5795//1707 5798//1708
f 5805//1704 5808//1705 5807//1705
f 5806//1704 5809//1705 5808//1705
f 5808//1705 5811//1706 5810//1706
f 5809//1705 5812//1706 5811//1706
f 1892//242 5804//1704 1893//1704
f 1892//242 1891//242 5805//1704
f 1891//242 1890//242 5806//1704
f 306//242 2229//1802 5806//1704
f 2229//1802 2230//1705 5809//1705
f 2230//1705 2231//1803 5812//1706
f 5812//1706 2231//1803 291//243
f 5812//1706 2135//227 2134//227
f 5811//1706 2134//227 2133//227
f 5810//1706 2133//227 227//227
f 5807//1705 5810//1706 1895//1706
f 1893//1704 5804//1704 5807//1705
f 5813//4337 5814//4338 5817//4341
f 5814//4338 5815//4339 5818//4342
f 5816//4340 5817//4341 5820//4344
f 5818//4342 5821//4345 5820//4344
f 1838//1697 5813//4337 1839//1698
f 1837//1696 5814//4338 5813//4337
f 1836//1695 5815//4339 5814//4338
f 321//256 2325//1844 5815//4339
f 5815//4339 2325//1844 2326//1845
f 2326//1845 2327//1706 5821//4345
f 5821//4345 2327//1706 322//227
f 5820//4344 5821//4345 2324//1843
f 5819//4343 5820//4344 2323//1842
f 1841//1700 5819//4343 2322//1841
f 1840//1699 5816//4340 5819//4343
f 5813//4337 5816//4340 1840//1699
f 5822//4346 5823//4347 5826//4350
f 5823//4347 5824//4348 5827//4351
f 5825//4349 5826//4350 5829//4353
f 5827//4351 5830//4354 5829//4353
f 1823//1682 5822//4346 1827//1686
f 1822//1681 5823//4347 5822//4346
f 1821//1680 5824//4348 5823//4347
f 320//255 2328//1707 5824//4348
f 5824//4348 2328//1707 2329//1846
f 2329//1846 2330//1847 5830//4354
f 5830//4354 2330//1847 321//256
f 5829//4353 5830//4354 1836//1695
f 5828//4352 5829//4353 1837//1696
f 1829//1688 5828//4352 1838//1697
f 1828//1687 5825//4349 5828//4352
f 5822//4346 5825//4349 1828//1687
f 5832//4356 5835//4359 5834//4358
f 5832//4356 5833//4357 5836//4360
f 5834//4358 5835//4359 5838//4362
f 5836//4360 5839//4363 5838//4362
f 1808//1667 5831//4355 1812//1671
f 1807//1666 5832//4356 5831//4355
f 1806//1665 5833//4357 5832//4356
f 319//254 2331//1848 5833//4357
f 5833//4357 2331//1848 2332//1849
f 2332//1849 2333//1850 5839//4363
f 5839//4363 2333//1850 320//255
f 5838//4362 5839//4363 1821//1680
f 5837//4361 5838//4362 1822//1681
f 1814//1673 5837//4361 1823//1682
f 1813//1672 5834//4358 5837//4361
f 5831//4355 5834//4358 1813//1672
f 5841//4365 5844//4368 5843//4367
f 5841//4365 5842//4366 5845//4369
f 5844//4368 5847//4371 5846//4370
f 5845//4369 5848//4372 5847//4371
f 1793//1652 5840//4364 1797//1656
f 1792//1651 5841//4365 5840//4364
f 1791//1650 5842//4366 5841//4365
f 318//239 2334//1851 5842//4366
f 5842//4366 2334//1851 2335//1852
f 2335//1852 2336//1715 5848//4372
f 5848//4372 2336//1715 319//254
f 5847//4371 5848//4372 1806//1665
f 5846//4370 5847//4371 1807//1666
f 1799//1658 5846//4370 1808//1667
f 1798//1657 5843//4367 5846//4370
f 5840//4364 5843//4367 1798//1657
f 5849//4373 5850//4374 5853//4377
f 5850//4374 5851//4375 5854//4378
f 5852//4376 5853//4377 5856//4380
f 5854//4378 5857//4381 5856//4380
f 1778//1637 5849//4373 1782//1641
f 1777//1636 5850//4374 5849//4373
f 1776//1635 5851//4375 5850//4374
f 317//238 2337//1853 5851//4375
f 5851//4375 2337//1853 2338//1717
f 2338//1717 2339//1854 5857//4381
f 5857//4381 2339//1854 318//239
f 5856//4380 5857//4381 1791//1650
f 5855//4379 5856//4380 1792//1651
f 1784//1643 5855//4379 1793//1652
f 1783//1642 5852//4376 5855//4379
f 5849//4373 5852//4376 1783//1642
f 5859//4383 5862//4386 5861//4385
f 5859//4383 5860//4384 5863//4387
f 5861//4385 5862//4386 5865//4389
f 5863//4387 5866//4390 5865//4389
f 1763//1622 5858//4382 1767//1626
f 1762//1621 5859//4383 5858//4382
f 1761//1620 5860//4384 5859//4383
f 316//237 2340//1855 5860//4384
f 5860//4384 2340//1855 2341//1856
f 2341//1856 2342//1857 5866//4390
f 5866//4390 2342//1857 317//238
f 5865//4389 5866//4390 1776//1635
f 5864//4388 5865//4389 1777//1636
f 1769//1628 5864//4388 1778//1637
f 1768//1627 5861//4385 5864//4388
f 5858//4382 5861//4385 1768//1627
f 5868//4392 5871//4395 5870//4394
f 5868//4392 5869//4393 5872//4396
f 5871//4395 5874//4398 5873//4397
f 5872//4396 5875//4399 5874//4398
f 1748//1607 5867//4391 1752//1611
f 1747//1606 5868//4392 5867//4391
f 1746//1605 5869//4393 5868//4392
f 315//236 2343//1858 5869//4393
f 5869//4393 2343//1858 2344//1859
f 2344//1859 2345//1860 5875//4399
f 5875//4399 2345//1860 316//237
f 5874//4398 5875//4399 1761//1620
f 5873//4397 5874//4398 1762//1621
f 1754//1613 5873//4397 1763//1622
f 1753//1612 5870//4394 5873//4397
f 5867//4391 5870//4394 1753//1612
f 5877//4401 5880//4404 5879//4403
f 5877//4401 5878//4402 5881//4405
f 5879//4403 5880//4404 5883//4407
f 5881//4405 5884//4408 5883//4407
f 1733//1592 5876//4400 1737//1596
f 1732//1591 5877//4401 5876//4400
f 1731//1590 5878//4402 5877//4401
f 314//253 2346//1861 5878//4402
f 5878//4402 2346//1861 2347//1726
f 2347//1726 2348//1862 5884//4408
f 5884//4408 2348//1862 315//236
f 5883//4407 5884//4408 1746//1605
f 5882//4406 5883//4407 1747//1606
f 1739//1598 5882//4406 1748//1607
f 1738//1597 5879//4403 5882//4406
f 5876//4400 5879//4403 1738//1597
f 5885//4409 5886//4410 5889//4413
f 5886//4410 5887//4411 5890//4414
f 5888//4412 5889//4413 5892//4416
f 5890//4414 5893//4417 5892//4416
f 1718//1577 5885//4409 1722//1581
f 1717//1576 5886//4410 5885//4409
f 1716//1575 5887//4411 5886//4410
f 313//234 2349//1863 5887//4411
f 5887//4411 2349//1863 2350//1729
f 2350//1729 2351//1864 5893//4417
f 5893//4417 2351//1864 314//253
f 5892//4416 5893//4417 1731//1590
f 5891//4415 5892//4416 1732//1591
f 1724//1583 5891//4415 1733//1592
f 1723//1582 5888//4412 5891//4415
f 5885//4409 5888//4412 1723//1582
f 5894//4418 5895//4419 5898//4422
f 5895//4419 5896//4420 5899//4423
f 5897//4421 5898//4422 5901//4425
f 5899//4423 5902//4426 5901//4425
f 1703//1562 5894//4418 1707//1566
f 1702//1561 5895//4419 5894//4418
f 1701//1560 5896//4420 5895//4419
f 312//233 2352//1865 5896//4420
f 5896//4420 2352//1865 2353//1866
f 2353//1866 2354//1867 5902//4426
f 5902//4426 2354//1867 313//234
f 5901//4425 5902//4426 1716//1575
f 5900//4424 5901//4425 1717//1576
f 1709//1568 5900//4424 1718//1577
f 1708//1567 5897//4421 5900//4424
f 5894//4418 5897//4421 1708//1567
f 5904//4428 5907//4431 5906//4430
f 5904//4428 5905//4429 5908//4432
f 5906//4430 5907//4431 5910//4434
f 5908//4432 5911//4435 5910//4434
f 1688//1547 5903//4427 1692//1551
f 1687//1546 5904//4428 5903//4427
f 1686//1545 5905//4429 5904//4428
f 311//232 2355//1868 5905//4429
f 5905//4429 2355//1868 2356//1869
f 2356//1869 2357//1870 5911//4435
f 5911//4435 2357//1870 312//233
f 5910//4434 5911//4435 1701//1560
f 5909//4433 5910//4434 1702//1561
f 1694//1553 5909//4433 1703//1562
f 1693//1552 5906//4430 5909//4433
f 5903//4427 5906//4430 1693//1552
f 5913//4437 5916//4440 5915//4439
f 5913//4437 5914//4438 5917//4441
f 5916//4440 5919//4443 5918//4442
f 5917//4441 5920//4444 5919//4443
f 1673//1532 5912//4436 1677//1536
f 1672//1531 5913//4437 5912//4436
f 1671//1530 5914//4438 5913//4437
f 310//231 2358//1871 5914//4438
f 5914//4438 2358//1871 2359//1738
f 2359//1738 2360//1872 5920//4444
f 5920//4444 2360//1872 311//232
f 5919//4443 5920//4444 1686//1545
f 5918//4442 5919//4443 1687//1546
f 1679//1538 5918//4442 1688//1547
f 1678//1537 5915//4439 5918//4442
f 5912//4436 5915//4439 1678//1537
f 5921//4445 5922//4446 5925//4449
f 5922//4446 5923//4447 5926//4450
f 5924//4448 5925//4449 5928//4452
f 5926//4450 5929//4453 5928//4452
f 1658//1517 5921//4445 1662//1521
f 1657//1516 5922//4446 5921//4445
f 1656//1515 5923//4447 5922//4446
f 309//252 2361//1752 5923//4447
f 5923//4447 2361//1752 2362//1873
f 2362//1873 2363//1874 5929//4453
f 5929//4453 2363//1874 310//231
f 5928//4452 5929//4453 1671//1530
f 5927//4451 5928//4452 1672//1531
f 1664//1523 5927//4451 1673//1532
f 1663//1522 5924//4448 5927//4451
f 5921//4445 5924//4448 1663//1522
f 5931//4455 5934//4458 5933//4457
f 5931//4455 5932//4456 5935//4459
f 5933//4457 5934//4458 5937//4461
f 5935//4459 5938//4462 5937//4461
f 1643//1502 5930//4454 1647//1506
f 1642//1501 5931//4455 5930//4454
f 1641//1500 5932//4456 5931//4455
f 308//251 2364//1875 5932//4456
f 5932//4456 2364//1875 2365//1876
f 2365//1876 2366//1877 5938//4462
f 5938//4462 2366//1877 309//252
f 5937//4461 5938//4462 1656//1515
f 5936//4460 5937//4461 1657//1516
f 1649//1508 5936//4460 1658//1517
f 1648//1507 5933//4457 5936//4460
f 5930//4454 5933//4457 1648//1507
f 5940//4464 5943//4467 5942//4466
f 5940//4464 5941//4465 5944//4468
f 5943//4467 5946//4470 5945//4469
f 5944//4468 5947//4471 5946//4470
f 1628//1487 5939//4463 1632//1491
f 1627//1486 5940//4464 5939//4463
f 1626//1485 5941//4465 5940//4464
f 307//250 2367//1878 5941//4465
f 5941//4465 2367//1878 2368//1879
f 2368//1879 2369//1748 5947//4471
f 5947//4471 2369//1748 308//251
f 5946//4470 5947//4471 1641//1500
f 5945//4469 5946//4470 1642//1501
f 1634//1493 5945//4469 1643//1502
f 1633//1492 5942//4466 5945//4469
f 5939//4463 5942//4466 1633//1492
f 5949//4473 5952//4476 5951//4475
f 5949//4473 5950//4474 5953//4477
f 5952//4476 5955//4479 5954//4478
f 5953//4477 5956//4480 5955//4479
f 2322//1841 5948//4472 1611//1470
f 2323//1842 5949//4473 5948//4472
f 2324//1843 5950//4474 5949//4473
f 322//227 2370//1749 5950//4474
f 5950//4474 2370//1749 2371//1880
f 2371//1880 2372//1881 5956//4480
f 5956//4480 2372//1881 307//250
f 5955//4479 5956//4480 1626//1485
f 5954//4478 5955//4479 1627//1486
f 1613//1472 5954//4478 1628//1487
f 1612//1471 5951//4475 5954//4478
f 5948//4472 5951//4475 1612//1471
f 5959//4483 5957//4481 5963//4487
f 5960//4484 5961//4485 5957//4481
f 5962//4486 5963//4487 5957//4481
f 2376//1885 5958//4482 2375//1884
f 2377//1886 5959//4483 5958//4482
f 5958//4482 5963//4487 2374//1883
f 325//257 2379//1888 5960//4484
f 2379//1888 2380//1889 5961//4485
f 2378//1887 5960//4484 5959//4483
f 327//259 2373//1882 5962//4486
f 2373//1882 2374//1883 5963//4487
f 2381//1890 5962//4486 5961//4485
f 5966//4490 5964//4488 5970//4494
f 5967//4491 5968//4492 5964//4488
f 5969//4493 5970//4494 5964//4488
f 2385//1894 5965//4489 2384//1893
f 2386//1895 5966//4490 5965//4489
f 5965//4489 5970//4494 2383//1892
f 328//260 2388//1897 5967//4491
f 2388//1897 2389//1898 5968//4492
f 2387//1896 5967//4491 5966//4490
f 326//258 2382//1891 5969//4493
f 2382//1891 2383//1892 5970//4494
f 2390//1899 5969//4493 5968//4492
f 5971//4495 5972//4496 5975//4499
f 5972//4496 5973//4497 5976//4500
f 5975//4499 5978//4502 5977//4501
f 5976//4500 5979//4503 5978//4502
f 2391//1900 5971//4495 3138//2298
f 2391//1900 2392//1901 5972//4496
f 2393//1902 5973//4497 5972//4496
f 2393//1902 326//258 2390//1899
f 5973//4497 2390//1899 2389//1898
f 2389//1898 2388//1897 5979//4503
f 2388//1897 328//260 3048//2217
f 5978//4502 5979//4503 3048//2217
f 5977//4501 5978//4502 3049//2218
f 3140//2299 5977//4501 3050//2219
f 5974//4498 5977//4501 3140//2299
f 5971//4495 5974//4498 3139//2168
f 5982//4506 5980//4504 5986//4510
f 5983//4507 5984//4508 5980//4504
f 5985//4509 5986//4510 5980//4504
f 2375//1884 5981//4505 2399//1908
f 2374//1883 5982//4506 5981//4505
f 5981//4505 5986//4510 2398//1907
f 327//259 2400//1909 5983//4507
f 2400//1909 2401//1910 5984//4508
f 2373//1882 5983//4507 5982//4506
f 329//261 2397//1906 5985//4509
f 2397//1906 2398//1907 5986//4510
f 2402//1911 5985//4509 5984//4508
f 5989//4513 5987//4511 5993//4517
f 5990//4514 5991//4515 5987//4511
f 5992//4516 5993//4517 5987//4511
f 2403//1912 5988//4512 2385//1894
f 2404//1913 5989//4513 5988//4512
f 5988//4512 5993//4517 2386//1895
f 330//262 2406//1915 5990//4514
f 2406//1915 2407//1916 5991//4515
f 2405//1914 5990//4514 5989//4513
f 328//260 2387//1896 5992//4516
f 2387//1896 2386//1895 5993//4517
f 2408//1917 5992//4516 5991//4515
f 5994//4518 5995//4519 5998//4522
f 5995//4519 5996//4520 5999//4523
f 5998//4522 6001//4525 6000//4524
f 5999//4523 6002//4526 6001//4525
f 438//289 3050//2219 5994//4518
f 3049//2218 5995//4519 5994//4518
f 3048//2217 5996//4520 5995//4519
f 3048//2217 328//260 2408//1917
f 5996//4520 2408//1917 2407//1916
f 2407//1916 2406//1915 6002//4526
f 2406//1915 330//262 3051//2220
f 6001//4525 6002//4526 3051//2220
f 6000//4524 6001//4525 3052//2221
f 3137//2297 6000//4524 3053//2222
f 5997//4521 6000//4524 3137//2297
f 5994//4518 5997//4521 3136//2296
f 6005//4529 6003//4527 6009//4533
f 6006//4530 6007//4531 6003//4527
f 6008//4532 6009//4533 6003//4527
f 2399//1908 6004//4528 2414//1923
f 2398//1907 6005//4529 6004//4528
f 6004//4528 6009//4533 2413//1922
f 329//261 2415//1924 6006//4530
f 2415//1924 2416//1925 6007//4531
f 2397//1906 6006//4530 6005//4529
f 331//263 2412//1921 6008//4532
f 2412//1921 2413//1922 6009//4533
f 2417//1926 6008//4532 6007//4531
f 6012//4536 6010//4534 6016//4540
f 6013//4537 6014//4538 6010//4534
f 6015//4539 6016//4540 6010//4534
f 2418//1927 6011//4535 2403//1912
f 2419//1928 6012//4536 6011//4535
f 6011//4535 6016//4540 2404//1913
f 332//264 2421//1930 6013//4537
f 2421//1930 2422//1931 6014//4538
f 2420//1929 6013//4537 6012//4536
f 330//262 2405//1914 6015//4539
f 2405//1914 2404//1913 6016//4540
f 2423//1932 6015//4539 6014//4538
f 6017//4541 6018//4542 6021//4545
f 6018//4542 6019//4543 6022//4546
f 6021//4545 6024//4548 6023//4547
f 6022//4546 6025//4549 6024//4548
f 3053//2222 6017//4541 3132//2292
f 3052//2221 6018//4542 6017//4541
f 3051//2220 6019//4543 6018//4542
f 3051//2220 330//262 2423//1932
f 6019//4543 2423//1932 2422//1931
f 2422//1931 2421//1930 6025//4549
f 2421//1930 332//264 3054//2223
f 6025//4549 3054//2223 3055//2224
f 6023//4547 6024//4548 3055//2224
f 3134//2294 6023//4547 3056//2225
f 3133//2293 6020//4544 6023//4547
f 3132//2292 6017//4541 6020//4544
f 6028//4552 6026//4550 6032//4556
f 6029//4553 6030//4554 6026//4550
f 6031//4555 6032//4556 6026//4550
f 2414//1923 6027//4551 2429//1938
f 2413//1922 6028//4552 6027//4551
f 6027//4551 6032//4556 2428//1937
f 331//263 2430//1939 6029//4553
f 2430//1939 2431//1940 6030//4554
f 2412//1921 6029//4553 6028//4552
f 333//265 2427//1936 6031//4555
f 2427//1936 2428//1937 6032//4556
f 2432//1941 6031//4555 6030//4554
f 6035//4559 6033//4557 6039//4563
f 6036//4560 6037//4561 6033//4557
f 6038//4562 6039//4563 6033//4557
f 2433//1942 6034//4558 2418//1927
f 2434//1943 6035//4559 6034//4558
f 6034//4558 6039//4563 2419//1928
f 334//266 2436//1945 6036//4560
f 2436//1945 2437//1946 6037//4561
f 2435//1944 6036//4560 6035//4559
f 332//264 2420//1929 6038//4562
f 2420//1929 2419//1928 6039//4563
f 2438//1947 6038//4562 6037//4561
f 6040//4564 6041//4565 6044//4568
f 6041//4565 6042//4566 6045//4569
f 6044//4568 6047//4571 6046//4570
f 6045//4569 6048//4572 6047//4571
f 3056//2225 6040//4564 3129//2290
f 3055//2224 6041//4565 6040//4564
f 3054//2223 6042//4566 6041//4565
f 3054//2223 332//264 2438//1947
f 6042//4566 2438//1947 2437//1946
f 2437//1946 2436//1945 6048//4572
f 2436//1945 334//266 3057//2226
f 6047//4571 6048//4572 3057//2226
f 6046//4570 6047//4571 3058//2227
f 3131//2291 6046//4570 3059//2228
f 6043//4567 6046//4570 3131//2291
f 6040//4564 6043//4567 3130//2159
f 6051//4575 6049//4573 6055//4579
f 6052//4576 6053//4577 6049//4573
f 6054//4578 6055//4579 6049//4573
f 2429//1938 6050//4574 2444//1953
f 2428//1937 6051//4575 6050//4574
f 6050//4574 6055//4579 2443//1952
f 333//265 2445//1954 6052//4576
f 2445//1954 2446//1955 6053//4577
f 2427//1936 6052//4576 6051//4575
f 335//267 2442//1951 6054//4578
f 2442//1951 2443//1952 6055//4579
f 2447//1956 6054//4578 6053//4577
f 6058//4582 6056//4580 6062//4586
f 6059//4583 6060//4584 6056//4580
f 6061//4585 6062//4586 6056//4580
f 2448//1957 6057//4581 2433//1942
f 2449//1958 6058//4582 6057//4581
f 6057//4581 6062//4586 2434//1943
f 336//268 2451//1960 6059//4583
f 2451//1960 2452//1961 6060//4584
f 2450//1959 6059//4583 6058//4582
f 334//266 2435//1944 6061//4585
f 2435//1944 2434//1943 6062//4586
f 2453//1962 6061//4585 6060//4584
f 6063//4587 6064//4588 6067//4591
f 6064//4588 6065//4589 6068//4592
f 6067//4591 6070//4594 6069//4593
f 6068//4592 6071//4595 6070//4594
f 441//231 3059//2228 6063//4587
f 3058//2227 6064//4588 6063//4587
f 3057//2226 6065//4589 6064//4588
f 3057//2226 334//266 2453//1962
f 6065//4589 2453//1962 2452//1961
f 2452//1961 2451//1960 6071//4595
f 2451//1960 336//268 3060//2229
f 6070//4594 6071//4595 3060//2229
f 6069//4593 6070//4594 3061//2230
f 3128//2157 6069//4593 3062//2231
f 3127//2289 6066//4590 6069//4593
f 6063//4587 6066//4590 3127//2289
f 6074//4598 6072//4596 6078//4602
f 6075//4599 6076//4600 6072//4596
f 6077//4601 6078//4602 6072//4596
f 2444//1953 6073//4597 2459//1968
f 2443//1952 6074//4598 6073//4597
f 6073//4597 6078//4602 2458//1967
f 335//267 2460//1969 6075//4599
f 2460//1969 2461//1970 6076//4600
f 2442//1951 6075//4599 6074//4598
f 337//269 2457//1966 6077//4601
f 2457//1966 2458//1967 6078//4602
f 2462//1971 6077//4601 6076//4600
f 6081//4605 6079//4603 6085//4609
f 6082//4606 6083//4607 6079//4603
f 6084//4608 6085//4609 6079//4603
f 2463//1972 6080//4604 2448//1957
f 2464//1973 6081//4605 6080//4604
f 6080//4604 6085//4609 2449//1958
f 338//270 2466//1975 6082//4606
f 2466//1975 2467//1976 6083//4607
f 2465//1974 6082//4606 6081//4605
f 336//268 2450//1959 6084//4608
f 2450//1959 2449//1958 6085//4609
f 2468//1977 6084//4608 6083//4607
f 6086//4610 6087//4611 6090//4614
f 6087//4611 6088//4612 6091//4615
f 6090//4614 6093//4617 6092//4616
f 6091//4615 6094//4618 6093//4617
f 3062//2231 6086//4610 3123//2285
f 3061//2230 6087//4611 6086//4610
f 3061//2230 3060//2229 6088//4612
f 3060//2229 336//268 2468//1977
f 6088//4612 2468//1977 2467//1976
f 2467//1976 2466//1975 6094//4618
f 2466//1975 338//270 3063//2232
f 6093//4617 6094//4618 3063//2232
f 6092//4616 6093//4617 3064//2233
f 3125//2287 6092//4616 3065//2234
f 6089//4613 6092//4616 3125//2287
f 6086//4610 6089//4613 3124//2286
f 6097//4621 6095//4619 6101//4625
f 6098//4622 6099//4623 6095//4619
f 6100//4624 6101//4625 6095//4619
f 2459//1968 6096//4620 2474//1983
f 2458//1967 6097//4621 6096//4620
f 6096//4620 6101//4625 2473//1982
f 337//269 2475//1984 6098//4622
f 2475//1984 2476//1985 6099//4623
f 2457//1966 6098//4622 6097//4621
f 339//271 2472//1981 6100//4624
f 2472//1981 2473//1982 6101//4625
f 2477//1986 6100//4624 6099//4623
f 6104//4628 6102//4626 6108//4632
f 6105//4629 6106//4630 6102//4626
f 6107//4631 6108//4632 6102//4626
f 2478//1987 6103//4627 2463//1972
f 2479//1988 6104//4628 6103//4627
f 6103//4627 6108//4632 2464//1973
f 340//272 2481//1990 6105//4629
f 2481//1990 2482//1991 6106//4630
f 2480//1989 6105//4629 6104//4628
f 338//270 2465//1974 6107//4631
f 2465//1974 2464//1973 6108//4632
f 2483//1992 6107//4631 6106//4630
f 6109//4633 6110//4634 6113//4637
f 6110//4634 6111//4635 6114//4638
f 6113//4637 6116//4640 6115//4639
f 6114//4638 6117//4641 6116//4640
f 3065//2234 6109//4633 3120//2149
f 3064//2233 6110//4634 6109//4633
f 3063//2232 6111//4635 6110//4634
f 3063//2232 338//270 2483//1992
f 6111//4635 2483//1992 2482//1991
f 2482//1991 2481//1990 6117//4641
f 2481//1990 340//272 3066//2235
f 6116//4640 6117//4641 3066//2235
f 6115//4639 6116//4640 3067//2236
f 6115//4639 3068//2237 444//311
f 3121//2283 6112//4636 6115//4639
f 3120//2149 6109//4633 6112//4636
f 6120//4644 6118//4642 6124//4648
f 6121//4645 6122//4646 6118//4642
f 6123//4647 6124//4648 6118//4642
f 2474//1983 6119//4643 2489//1998
f 2473//1982 6120//4644 6119//4643
f 6119//4643 6124//4648 2488//1997
f 339//271 2490//1999 6121//4645
f 2490//1999 2491//2000 6122//4646
f 2472//1981 6121//4645 6120//4644
f 341//273 2487//1996 6123//4647
f 2487//1996 2488//1997 6124//4648
f 2492//2001 6123//4647 6122//4646
f 6127//4651 6125//4649 6131//4655
f 6128//4652 6129//4653 6125//4649
f 6130//4654 6131//4655 6125//4649
f 2493//2002 6126//4650 2478//1987
f 2494//2003 6127//4651 6126//4650
f 6126//4650 6131//4655 2479//1988
f 342//274 2496//2005 6128//4652
f 2496//2005 2497//2006 6129//4653
f 2495//2004 6128//4652 6127//4651
f 340//272 2480//1989 6130//4654
f 2480//1989 2479//1988 6131//4655
f 2498//2007 6130//4654 6129//4653
f 6133//4657 6136//4660 6135//4659
f 6133//4657 6134//4658 6137//4661
f 6136//4660 6139//4663 6138//4662
f 6137//4661 6140//4664 6139//4663
f 3068//2237 6132//4656 3117//2281
f 3068//2237 3067//2236 6133//4657
f 3066//2235 6134//4658 6133//4657
f 3066//2235 340//272 2498//2007
f 6134//4658 2498//2007 2497//2006
f 2497//2006 2496//2005 6140//4664
f 2496//2005 342//274 3069//2238
f 6139//4663 6140//4664 3069//2238
f 6138//4662 6139//4663 3070//2239
f 6138//4662 3071//2240 445//193
f 6135//4659 6138//4662 3119//2148
f 3117//2281 6132//4656 6135//4659
f 6143//4667 6141//4665 6147//4671
f 6144//4668 6145//4669 6141//4665
f 6146//4670 6147//4671 6141//4665
f 2489//1998 6142//4666 2504//2013
f 2488//1997 6143//4667 6142//4666
f 6142//4666 6147//4671 2503//2012
f 341//273 2505//2014 6144//4668
f 2505//2014 2506//2015 6145//4669
f 2487//1996 6144//4668 6143//4667
f 343//275 2502//2011 6146//4670
f 2502//2011 2503//2012 6147//4671
f 2507//2016 6146//4670 6145//4669
f 6150//4674 6148//4672 6154//4678
f 6151//4675 6152//4676 6148//4672
f 6153//4677 6154//4678 6148//4672
f 2508//2017 6149//4673 2493//2002
f 2509//2018 6150//4674 6149//4673
f 6149//4673 6154//4678 2494//2003
f 344//276 2511//2020 6151//4675
f 2511//2020 2512//2021 6152//4676
f 2510//2019 6151//4675 6150//4674
f 342//274 2495//2004 6153//4677
f 2495//2004 2494//2003 6154//4678
f 2513//2022 6153//4677 6152//4676
f 6155//4679 6156//4680 6159//4683
f 6156//4680 6157//4681 6160//4684
f 6159//4683 6162//4686 6161//4685
f 6160//4684 6163//4687 6162//4686
f 3071//2240 6155//4679 3114//2143
f 3071//2240 3070//2239 6156//4680
f 3069//2238 6157//4681 6156//4680
f 3069//2238 342//274 2513//2022
f 6157//4681 2513//2022 2512//2021
f 2512//2021 2511//2020 6163//4687
f 2511//2020 344//276 3072//2241
f 6162//4686 6163//4687 3072//2241
f 6161//4685 6162//4686 3073//2242
f 3116//2280 6161//4685 3074//2243
f 6158//4682 6161//4685 3116//2280
f 6155//4679 6158//4682 3115//2279
f 6166//4690 6164//4688 6170//4694
f 6167//4691 6168//4692 6164//4688
f 6169//4693 6170//4694 6164//4688
f 2504//2013 6165//4689 2519//2028
f 2503//2012 6166//4690 6165//4689
f 6165//4689 6170//4694 2518//2027
f 343//275 2520//2029 6167//4691
f 2520//2029 2521//2030 6168//4692
f 2502//2011 6167//4691 6166//4690
f 345//277 2517//2026 6169//4693
f 2517//2026 2518//2027 6170//4694
f 2522//2031 6169//4693 6168//4692
f 6173//4697 6171//4695 6177//4701
f 6174//4698 6175//4699 6171//4695
f 6176//4700 6177//4701 6171//4695
f 2523//2032 6172//4696 2508//2017
f 2524//2033 6173//4697 6172//4696
f 6172//4696 6177//4701 2509//2018
f 346//278 2526//2035 6174//4698
f 2526//2035 2527//2036 6175//4699
f 2525//2034 6174//4698 6173//4697
f 344//276 2510//2019 6176//4700
f 2510//2019 2509//2018 6177//4701
f 2528//2037 6176//4700 6175//4699
f 6178//4702 6179//4703 6182//4706
f 6179//4703 6180//4704 6183//4707
f 6182//4706 6185//4709 6184//4708
f 6183//4707 6186//4710 6185//4709
f 446//312 3074//2243 6178//4702
f 3073//2242 6179//4703 6178//4702
f 3072//2241 6180//4704 6179//4703
f 3072//2241 344//276 2528//2037
f 6180//4704 2528//2037 2527//2036
f 2527//2036 2526//2035 6186//4710
f 2526//2035 346//278 3075//2244
f 6185//4709 6186//4710 3075//2244
f 6184//4708 6185//4709 3076//2245
f 3113//2142 6184//4708 3077//2246
f 6181//4705 6184//4708 3113//2142
f 6178//4702 6181//4705 3112//2278
f 6189//4713 6187//4711 6193//4717
f 6190//4714 6191//4715 6187//4711
f 6192//4716 6193//4717 6187//4711
f 2519//2028 6188//4712 2534//2043
f 2518//2027 6189//4713 6188//4712
f 6188//4712 6193//4717 2533//2042
f 345//277 2535//2044 6190//4714
f 2535//2044 2536//2045 6191//4715
f 2517//2026 6190//4714 6189//4713
f 347//279 2532//2041 6192//4716
f 2532//2041 2533//2042 6193//4717
f 2537//2046 6192//4716 6191//4715
f 6196//4720 6194//4718 6200//4724
f 6197//4721 6198//4722 6194//4718
f 6199//4723 6200//4724 6194//4718
f 2538//2047 6195//4719 2523//2032
f 2539//2048 6196//4720 6195//4719
f 6195//4719 6200//4724 2524//2033
f 348//280 2541//2050 6197//4721
f 2541//2050 2542//2051 6198//4722
f 2540//2049 6197//4721 6196//4720
f 346//278 2525//2034 6199//4723
f 2525//2034 2524//2033 6200//4724
f 2543//2052 6199//4723 6198//4722
f 6201//4725 6202//4726 6205//4729
f 6202//4726 6203//4727 6206//4730
f 6205//4729 6208//4732 6207//4731
f 6206//4730 6209//4733 6208//4732
f 3077//2246 6201//4725 3108//2274
f 3076//2245 6202//4726 6201//4725
f 3075//2244 6203//4727 6202//4726
f 3075//2244 346//278 2543//2052
f 6203//4727 2543//2052 2542//2051
f 2542//2051 2541//2050 6209//4733
f 2541//2050 348//280 3078//2247
f 6209//4733 3078//2247 3079//2248
f 6207//4731 6208//4732 3079//2248
f 6207//4731 3080//2249 448//314
f 3109//2275 6204//4728 6207//4731
f 3108//2274 6201//4725 6204//4728
f 6212//4736 6210//4734 6216//4740
f 6213//4737 6214//4738 6210//4734
f 6215//4739 6216//4740 6210//4734
f 2534//2043 6211//4735 2549//2058
f 2533//2042 6212//4736 6211//4735
f 6211//4735 6216//4740 2548//2057
f 347//279 2550//2059 6213//4737
f 2550//2059 2551//2060 6214//4738
f 2532//2041 6213//4737 6212//4736
f 349//281 2547//2056 6215//4739
f 2547//2056 2548//2057 6216//4740
f 2552//2061 6215//4739 6214//4738
f 6219//4743 6217//4741 6223//4747
f 6220//4744 6221//4745 6217//4741
f 6222//4746 6223//4747 6217//4741
f 2553//2062 6218//4742 2538//2047
f 2554//2063 6219//4743 6218//4742
f 6218//4742 6223//4747 2539//2048
f 350//282 2556//2065 6220//4744
f 2556//2065 2557//2066 6221//4745
f 2555//2064 6220//4744 6219//4743
f 348//280 2540//2049 6222//4746
f 2540//2049 2539//2048 6223//4747
f 2558//2067 6222//4746 6221//4745
f 6224//4748 6225//4749 6228//4752
f 6225//4749 6226//4750 6229//4753
f 6228//4752 6231//4755 6230//4754
f 6229//4753 6232//4756 6231//4755
f 3080//2249 6224//4748 3105//2134
f 3079//2248 6225//4749 6224//4748
f 3078//2247 6226//4750 6225//4749
f 3078//2247 348//280 2558//2067
f 6226//4750 2558//2067 2557//2066
f 2557//2066 2556//2065 6232//4756
f 2556//2065 350//282 3081//2250
f 6231//4755 6232//4756 3081//2250
f 6230//4754 6231//4755 3082//2251
f 3107//2273 6230//4754 3083//2252
f 6227//4751 6230//4754 3107//2273
f 3105//2134 6224//4748 6227//4751
f 6235//4759 6233//4757 6239//4763
f 6236//4760 6237//4761 6233//4757
f 6238//4762 6239//4763 6233//4757
f 2549//2058 6234//4758 2564//2073
f 2548//2057 6235//4759 6234//4758
f 6234//4758 6239//4763 2563//2072
f 349//281 2565//2074 6236//4760
f 2565//2074 2566//2075 6237//4761
f 2547//2056 6236//4760 6235//4759
f 351//283 2562//2071 6238//4762
f 2562//2071 2563//2072 6239//4763
f 2567//2076 6238//4762 6237//4761
f 6242//4766 6240//4764 6246//4770
f 6243//4767 6244//4768 6240//4764
f 6245//4769 6246//4770 6240//4764
f 2568//2077 6241//4765 2553//2062
f 2569//2078 6242//4766 6241//4765
f 6241//4765 6246//4770 2554//2063
f 352//284 2571//2080 6243//4767
f 2571//2080 2572//2081 6244//4768
f 2570//2079 6243//4767 6242//4766
f 350//282 2555//2064 6245//4769
f 2555//2064 2554//2063 6246//4770
f 2573//2082 6245//4769 6244//4768
f 6247//4771 6248//4772 6251//4775
f 6248//4772 6249//4773 6252//4776
f 6251//4775 6254//4778 6253//4777
f 6252//4776 6255//4779 6254//4778
f 3083//2252 6247//4771 3102//2270
f 3082//2251 6248//4772 6247//4771
f 3081//2250 6249//4773 6248//4772
f 3081//2250 350//282 2573//2082
f 6249//4773 2573//2082 2572//2081
f 2572//2081 2571//2080 6255//4779
f 2571//2080 352//284 3084//2253
f 6254//4778 6255//4779 3084//2253
f 6253//4777 6254//4778 3085//2254
f 3104//2271 6253//4777 3086//2255
f 6250//4774 6253//4777 3104//2271
f 6247//4771 6250//4774 3103//2132
f 6258//4782 6256//4780 6262//4786
f 6259//4783 6260//4784 6256//4780
f 6261//4785 6262//4786 6256//4780
f 2564//2073 6257//4781 2579//2088
f 2563//2072 6258//4782 6257//4781
f 6257//4781 6262//4786 2578//2087
f 351//283 2580//2089 6259//4783
f 2580//2089 2581//2090 6260//4784
f 2562//2071 6259//4783 6258//4782
f 353//285 2577//2086 6261//4785
f 2577//2086 2578//2087 6262//4786
f 2582//2091 6261//4785 6260//4784
f 6265//4789 6263//4787 6269//4793
f 6266//4790 6267//4791 6263//4787
f 6268//4792 6269//4793 6263//4787
f 2583//2092 6264//4788 2568//2077
f 2584//2093 6265//4789 6264//4788
f 6264//4788 6269//4793 2569//2078
f 354//286 2586//2095 6266//4790
f 2586//2095 2587//2096 6267//4791
f 2585//2094 6266//4790 6265//4789
f 352//284 2570//2079 6268//4792
f 2570//2079 2569//2078 6269//4793
f 2588//2097 6268//4792 6267//4791
f 6270//4794 6271//4795 6274//4798
f 6271//4795 6272//4796 6275//4799
f 6274//4798 6277//4801 6276//4800
f 6275//4799 6278//4802 6277//4801
f 3086//2255 6270//4794 3099//2267
f 3085//2254 6271//4795 6270//4794
f 3085//2254 3084//2253 6272//4796
f 3084//2253 352//284 2588//2097
f 6272//4796 2588//2097 2587//2096
f 2587//2096 2586//2095 6278//4802
f 2586//2095 354//286 3087//2256
f 6277//4801 6278//4802 3087//2256
f 6276//4800 6277//4801 3088//2257
f 3101//2269 6276//4800 3089//2258
f 6273//4797 6276//4800 3101//2269
f 6270//4794 6273//4797 3100//2268
f 6281//4805 6279//4803 6285//4809
f 6282//4806 6283//4807 6279//4803
f 6284//4808 6285//4809 6279//4803
f 2579//2088 6280//4804 2594//2103
f 2578//2087 6281//4805 6280//4804
f 6280//4804 6285//4809 2593//2102
f 353//285 2595//2104 6282//4806
f 2595//2104 2596//2105 6283//4807
f 2577//2086 6282//4806 6281//4805
f 355//287 2592//2101 6284//4808
f 2592//2101 2593//2102 6285//4809
f 2597//2106 6284//4808 6283//4807
f 6288//4812 6286//4810 6292//4816
f 6289//4813 6290//4814 6286//4810
f 6291//4815 6292//4816 6286//4810
f 2598//2107 6287//4811 2583//2092
f 2599//2108 6288//4812 6287//4811
f 6287//4811 6292//4816 2584//2093
f 356//288 2601//2110 6289//4813
f 2601//2110 2602//2111 6290//4814
f 2600//2109 6289//4813 6288//4812
f 354//286 2585//2094 6291//4815
f 2585//2094 2584//2093 6292//4816
f 2603//2112 6291//4815 6290//4814
f 6293//4817 6294//4818 6297//4821
f 6294//4818 6295//4819 6298//4822
f 6297//4821 6300//4824 6299//4823
f 6298//4822 6301//4825 6300//4824
f 3089//2258 6293//4817 3096//2264
f 3088//2257 6294//4818 6293//4817
f 3087//2256 6295//4819 6294//4818
f 3087//2256 354//286 2603//2112
f 6295//4819 2603//2112 2602//2111
f 2602//2111 2601//2110 6301//4825
f 2601//2110 356//288 3090//2259
f 6300//4824 6301//4825 3090//2259
f 6299//4823 6300//4824 3091//2260
f 6299//4823 3092//2261 452//300
f 3097//2265 6296//4820 6299//4823
f 3096//2264 6293//4817 6296//4820
f 6304//4828 6302//4826 6308//4832
f 6305//4829 6306//4830 6302//4826
f 6307//4831 6308//4832 6302//4826
f 2594//2103 6303//4827 2376//1885
f 2593//2102 6304//4828 6303//4827
f 6303//4827 6308//4832 2377//1886
f 355//287 2607//2116 6305//4829
f 2607//2116 2608//2117 6306//4830
f 2592//2101 6305//4829 6304//4828
f 325//257 2378//1887 6307//4831
f 2378//1887 2377//1886 6308//4832
f 2609//2118 6307//4831 6306//4830
f 6311//4835 6309//4833 6315//4839
f 6312//4836 6313//4837 6309//4833
f 6314//4838 6315//4839 6309//4833
f 2384//1893 6310//4834 2598//2107
f 2383//1892 6311//4835 6310//4834
f 6310//4834 6315//4839 2599//2108
f 326//258 2610//2119 6312//4836
f 2610//2119 2611//2120 6313//4837
f 2382//1891 6312//4836 6311//4835
f 356//288 2600//2109 6314//4838
f 2600//2109 2599//2108 6315//4839
f 2612//2121 6314//4838 6313//4837
f 6317//4841 6320//4844 6319//4843
f 6317//4841 6318//4842 6321//4845
f 6320//4844 6323//4847 6322//4846
f 6321//4845 6324//4848 6323//4847
f 3092//2261 6316//4840 3093//2262
f 3092//2261 3091//2260 6317//4841
f 3090//2259 6318//4842 6317//4841
f 3090//2259 356//288 2612//2121
f 6318//4842 2612//2121 2611//2120
f 2611//2120 2610//2119 6324//4848
f 2610//2119 326//258 2393//1902
f 6323//4847 6324//4848 2393//1902
f 6322//4846 6323//4847 2392//1901
f 6322//4846 2391//1900 437//308
f 3094//2123 6319//4843 6322//4846
f 3093//2262 6316//4840 6319//4843
f 6326//2167 6329//2168 6328//2168
f 6327//2167 6330//2168 6329//2168
f 6329//2168 6332//2169 6331//2169
f 6330//2168 6333//2169 6332//2169
f 404//194 2706//194 6325//2167
f 2706//194 2707//194 6326//2167
f 2708//194 6327//2167 6326//2167
f 388//194 2709//2167 6327//2167
f 6327//2167 2709//2167 2710//2168
f 2710//2168 2711//2169 6333//2169
f 6333//2169 2711//2169 373//289
f 6332//2169 6333//2169 2757//289
f 6331//2169 6332//2169 2758//289
f 6331//2169 2759//289 389//289
f 6328//2168 6331//2169 2852//2169
f 6325//2167 6328//2168 2851//2168
f 6335//2164 6338//2165 6337//2165
f 6336//2164 6339//2165 6338//2165
f 6338//2165 6341//2166 6340//2166
f 6339//2165 6342//2166 6341//2166
f 389//289 2759//289 6334//2164
f 2759//289 2758//289 6335//2164
f 2757//289 6336//2164 6335//2164
f 373//289 2712//2164 6336//2164
f 6336//2164 2712//2164 2713//2165
f 2713//2165 2714//2166 6342//2166
f 6342//2166 2714//2166 374//290
f 6341//2166 6342//2166 2760//290
f 6340//2166 6341//2166 2761//290
f 6340//2166 2762//290 390//290
f 6337//2165 6340//2166 2849//2166
f 6334//2164 6337//2165 2848//2165
f 6344//2161 6347//2162 6346//2162
f 6345//2161 6348//2162 6347//2162
f 6347//2162 6350//2163 6349//2163
f 6348//2162 6351//2163 6350//2163
f 390//290 2762//290 6343//2161
f 2762//290 2761//290 6344//2161
f 2760//290 6345//2161 6344//2161
f 374//290 2715//2161 6345//2161
f 6345//2161 2715//2161 2716//2162
f 2716//2162 2717//2163 6351//2163
f 6351//2163 2717//2163 375//291
f 6350//2163 6351//2163 2763//291
f 6349//2163 6350//2163 2764//291
f 6349//2163 2765//291 391//291
f 6346//2162 6349//2163 2846//2163
f 6343//2161 6346//2162 2845//2162
f 6353//2170 6356//2159 6355//2159
f 6354//2158 6357//2159 6356//2159
f 6356//2159 6359//2160 6358//2160
f 6357//2159 6360//2160 6359//2160
f 391//291 2765//291 6352//2158
f 2765//291 2764//291 6353//2170
f 2763//291 6354//2158 6353//2170
f 375//291 2718//2170 6354//2158
f 6354//2158 2718//2170 2719//2159
f 2719//2159 2720//2160 6360//2160
f 6360//2160 2720//2160 376//231
f 6359//2160 6360//2160 2766//231
f 6358//2160 6359//2160 2767//231
f 2843//2160 6358//2160 2768//231
f 6355//2159 6358//2160 2843//2160
f 6352//2158 6355//2159 2842//2159
f 6362//2155 6365//2156 6364//2156
f 6363//2155 6366//2156 6365//2156
f 6365//2156 6368//2157 6367//2171
f 6366//2156 6369//2171 6368//2157
f 392//231 2768//231 6361//2155
f 2768//231 2767//231 6362//2155
f 2766//231 6363//2155 6362//2155
f 376//231 2721//2155 6363//2155
f 6363//2155 2721//2155 2722//2156
f 2722//2156 2723//2171 6369//2171
f 6369//2171 2723//2171 377//292
f 6368//2157 6369//2171 2769//292
f 6368//2157 2770//292 2771//292
f 6367//2171 2771//292 393//292
f 6364//2156 6367//2171 2840//2171
f 6361//2155 6364//2156 2839//2156
f 6371//2152 6374//2153 6373//2153
f 6372//2152 6375//2153 6374//2153
f 6374//2153 6377//2154 6376//2154
f 6375//2153 6378//2154 6377//2154
f 393//292 2771//292 6370//2152
f 2770//292 6371//2152 6370//2152
f 2769//292 6372//2152 6371//2152
f 377//292 2724//2152 6372//2152
f 6372//2152 2724//2152 2725//2153
f 2725//2153 2726//2154 6378//2154
f 6378//2154 2726//2154 378//293
f 6377//2154 6378//2154 2772//293
f 6376//2154 6377//2154 2773//293
f 6376//2154 2774//293 394//293
f 6373//2153 6376//2154 2837//2154
f 6370//2152 6373//2153 2836//2153
f 6380//2149 6383//2150 6382//2150
f 6380//2149 6381//2149 6384//2150
f 6383//2150 6386//2151 6385//2151
f 6384//2150 6387//2151 6386//2151
f 394//293 2774//293 6379//2149
f 2774//293 2773//293 6380//2149
f 2772//293 6381//2149 6380//2149
f 378//293 2727//2149 6381//2149
f 6381//2149 2727//2149 2728//2150
f 2728//2150 2729//2151 6387//2151
f 6387//2151 2729//2151 379//294
f 6386//2151 6387//2151 2775//294
f 6386//2151 2776//294 2777//294
f 6385//2151 2777//294 395//294
f 6382//2150 6385//2151 2834//2151
f 6379//2149 6382//2150 2833//2150
f 6389//2146 6392//2147 6391//2147
f 6390//2146 6393//2147 6392//2147
f 6392//2147 6395//2148 6394//2148
f 6393//2147 6396//2148 6395//2148
f 395//294 2777//294 6388//2146
f 2777//294 2776//294 6389//2146
f 2775//294 6390//2146 6389//2146
f 379//294 2730//2146 6390//2146
f 6390//2146 2730//2146 2731//2147
f 2731//2147 2732//2148 6396//2148
f 6396//2148 2732//2148 380//193
f 6395//2148 6396//2148 2778//193
f 6394//2148 6395//2148 2779//193
f 6394//2148 2780//193 396//193
f 6391//2147 6394//2148 2831//2148
f 6388//2146 6391//2147 2830//2147
f 6398//2143 6401//2144 6400//2144
f 6399//2143 6402//2144 6401//2144
f 6401//2144 6404//2145 6403//2145
f 6402//2144 6405//2145 6404//2145
f 396//193 2780//193 6397//2143
f 2780//193 2779//193 6398//2143
f 2778//193 6399//2143 6398//2143
f 380//193 2733//2143 6399//2143
f 6399//2143 2733//2143 2734//2144
f 2734//2144 2735//2145 6405//2145
f 6405//2145 2735//2145 381//295
f 6404//2145 6405//2145 2781//295
f 6404//2145 2782//295 2783//295
f 6403//2145 2783//295 397//295
f 6400//2144 6403//2145 2828//2145
f 6397//2143 6400//2144 2827//2144
f 6407//2140 6410//2141 6409//2141
f 6408//2140 6411//2141 6410//2141
f 6410//2141 6413//2142 6412//2142
f 6411//2141 6414//2142 6413//2142
f 397//295 2783//295 6406//2140
f 2783//295 2782//295 6407//2140
f 2781//295 6408//2140 6407//2140
f 381//295 2736//2140 6408//2140
f 6408//2140 2736//2140 2737//2141
f 2737//2141 2738//2142 6414//2142
f 6414//2142 2738//2142 382//296
f 6413//2142 6414//2142 2784//296
f 6412//2142 6413//2142 2785//296
f 6412//2142 2786//296 398//296
f 6409//2141 6412//2142 2825//2142
f 6406//2140 6409//2141 2824//2141
f 6416//2137 6419//2138 6418//2138
f 6417//2137 6420//2138 6419//2138
f 6419//2138 6422//2139 6421//2139
f 6420//2138 6423//2139 6422//2139
f 398//296 2786//296 6415//2137
f 2786//296 2785//296 6416//2137
f 2784//296 6417//2137 6416//2137
f 382//296 2739//2137 6417//2137
f 6417//2137 2739//2137 2740//2138
f 2740//2138 2741//2139 6423//2139
f 6423//2139 2741//2139 383//297
f 6422//2139 6423//2139 2787//297
f 6422//2139 2788//297 2789//297
f 6421//2139 2789//297 399//297
f 6418//2138 6421//2139 2822//2139
f 6415//2137 6418//2138 2821//2138
f 6425//2174 6428//2135 6427//2135
f 6426//2134 6429//2135 6428//2135
f 6428//2135 6431//2136 6430//2136
f 6429//2135 6432//2136 6431//2136
f 399//297 2789//297 6424//2174
f 2789//297 2788//297 6425//2174
f 2787//297 6426//2134 6425//2174
f 383//297 2742//2134 6426//2134
f 6426//2134 2742//2134 2743//2135
f 2743//2135 2744//2136 6432//2136
f 6432//2136 2744//2136 384//239
f 6431//2136 6432//2136 2790//239
f 6430//2136 6431//2136 2791//239
f 6430//2136 2792//239 400//239
f 6427//2135 6430//2136 2819//2136
f 6424//2174 6427//2135 2818//2135
f 6434//2131 6437//2132 6436//2132
f 6435//2131 6438//2132 6437//2132
f 6437//2132 6440//2172 6439//2172
f 6438//2132 6441//2172 6440//2172
f 400//239 2792//239 6433//2131
f 2792//239 2791//239 6434//2131
f 2790//239 6435//2131 6434//2131
f 384//239 2745//2131 6435//2131
f 6435//2131 2745//2131 2746//2132
f 2746//2132 2747//2172 6441//2172
f 6441//2172 2747//2172 385//298
f 6440//2172 6441//2172 2793//298
f 6439//2172 6440//2172 2794//298
f 6439//2172 2795//298 401//298
f 6436//2132 6439//2172 2816//2172
f 6433//2131 6436//2132 2815//2132
f 6443//2128 6446//2129 6445//2129
f 6443//2128 6444//2128 6447//2129
f 6446//2129 6449//2130 6448//2130
f 6447//2129 6450//2130 6449//2130
f 401//298 2795//298 6442//2128
f 2795//298 2794//298 6443//2128
f 2793//298 6444//2128 6443//2128
f 385//298 2748//2128 6444//2128
f 6444//2128 2748//2128 2749//2129
f 2749//2129 2750//2130 6450//2130
f 6450//2130 2750//2130 386//299
f 6449//2130 6450//2130 2796//299
f 6449//2130 2797//299 2798//299
f 6448//2130 2798//299 402//299
f 6445//2129 6448//2130 2813//2130
f 6442//2128 6445//2129 2812//2129
f 6452//2125 6455//2126 6454//2126
f 6452//2125 6453//2125 6456//2126
f 6455//2126 6458//2127 6457//2127
f 6456//2126 6459//2127 6458//2127
f 402//299 2798//299 6451//2125
f 2798//299 2797//299 6452//2125
f 2796//299 6453//2125 6452//2125
f 386//299 2751//2125 6453//2125
f 6453//2125 2751//2125 2752//2173
f 2752//2173 2753//2127 6459//2127
f 6459//2127 2753//2127 387//300
f 6458//2127 6459//2127 2799//300
f 6458//2127 2800//300 2801//300
f 6457//2127 2801//300 403//300
f 6454//2126 6457//2127 2810//2127
f 6451//2125 6454//2126 2809//2126
f 6461//2122 6464//2123 6463//2123
f 6462//2122 6465//2123 6464//2123
f 6464//2123 6467//2124 6466//2124
f 6465//2123 6468//2124 6467//2124
f 403//300 2801//300 6460//2122
f 2801//300 2800//300 6461//2122
f 2799//300 6462//2122 6461//2122
f 387//300 2754//2122 6462//2122
f 6462//2122 2754//2122 2755//2123
f 2755//2123 2756//2124 6468//2124
f 6468//2124 2756//2124 388//194
f 6467//2124 6468//2124 2708//194
f 6466//2124 6467//2124 2707//194
f 2807//2124 6466//2124 2706//194
f 6463//2123 6466//2124 2807//2124
f 6460//2122 6463//2123 2806//2123
f 6469//2122 6470//2122 6473//2123
f 6471//2122 6474//2123 6473//2123
f 6473//2123 6476//2124 6475//2124
f 6473//2123 6474//2123 6477//2124
f 2897//300 6469//2122 2946//2214
f 2896//300 6470//2122 6469//2122
f 2895//300 6471//2122 6470//2122
f 403//300 2805//2122 6471//2122
f 2805//2122 2806//2123 6474//2123
f 2806//2123 2807//2124 6477//2124
f 2807//2124 404//194 2804//194
f 6477//2124 2804//194 2803//194
f 6475//2124 6476//2124 2803//194
f 2948//2124 6475//2124 2802//194
f 6472//2123 6475//2124 2948//2124
f 2946//2214 6469//2122 6472//2123
f 6478//2125 6479//2125 6482//2126
f 6479//2125 6480//2125 6483//2126
f 6481//2126 6482//2126 6485//2127
f 6482//2126 6483//2126 6486//2127
f 2894//299 6478//2125 2943//2125
f 2893//299 6479//2125 6478//2125
f 2892//299 6480//2125 6479//2125
f 402//299 2808//2125 6480//2125
f 6480//2125 2808//2125 2809//2126
f 2809//2126 2810//2127 6486//2127
f 2810//2127 403//300 2895//300
f 6486//2127 2895//300 2896//300
f 6484//2127 6485//2127 2896//300
f 2945//2213 6484//2127 2897//300
f 6481//2126 6484//2127 2945//2213
f 2943//2125 6478//2125 6481//2126
f 6488//2128 6491//2129 6490//2129
f 6489//2128 6492//2129 6491//2129
f 6491//2129 6494//2130 6493//2130
f 6491//2129 6492//2129 6495//2130
f 2891//298 6487//2128 2940//2209
f 2890//298 6488//2128 6487//2128
f 2889//298 6489//2128 6488//2128
f 401//298 2811//2128 6489//2128
f 6489//2128 2811//2128 2812//2129
f 2812//2129 2813//2130 6495//2130
f 2813//2130 402//299 2892//299
f 6494//2130 6495//2130 2892//299
f 6493//2130 6494//2130 2893//299
f 2942//2211 6493//2130 2894//299
f 6490//2129 6493//2130 2942//2211
f 2940//2209 6487//2128 6490//2129
f 6497//2131 6500//2132 6499//2132
f 6498//2131 6501//2132 6500//2132
f 6499//2132 6500//2132 6503//2172
f 6500//2132 6501//2132 6504//2133
f 2888//239 6496//2131 2937//2207
f 2887//239 6497//2131 6496//2131
f 2886//239 6498//2131 6497//2131
f 400//239 2814//2131 6498//2131
f 6498//2131 2814//2131 2815//2132
f 2815//2132 2816//2172 6504//2133
f 2816//2172 401//298 2889//298
f 6504//2133 2889//298 2890//298
f 6502//2133 6503//2172 2890//298
f 2939//2133 6502//2133 2891//298
f 6499//2132 6502//2133 2939//2133
f 2937//2207 6496//2131 6499//2132
f 6505//2134 6506//2134 6509//2135
f 6507//2174 6510//2135 6509//2135
f 6509//2135 6512//2136 6511//2136
f 6509//2135 6510//2135 6513//2136
f 2885//297 6505//2134 2934//2205
f 2884//297 6506//2134 6505//2134
f 2883//297 6507//2174 6506//2134
f 399//297 2817//2174 6507//2174
f 6507//2174 2817//2174 2818//2135
f 2818//2135 2819//2136 6513//2136
f 2819//2136 400//239 2886//239
f 6513//2136 2886//239 2887//239
f 6511//2136 6512//2136 2887//239
f 2936//2206 6511//2136 2888//239
f 6508//2135 6511//2136 2936//2206
f 2934//2205 6505//2134 6508//2135
f 6514//2137 6515//2137 6518//2138
f 6515//2137 6516//2137 6519//2138
f 6518//2138 6521//2139 6520//2139
f 6518//2138 6519//2138 6522//2139
f 2882//296 6514//2137 2931//2202
f 2881//296 6515//2137 6514//2137
f 2880//296 6516//2137 6515//2137
f 398//296 2820//2137 6516//2137
f 6516//2137 2820//2137 2821//2138
f 2821//2138 2822//2139 6522//2139
f 2822//2139 399//297 2883//297
f 6522//2139 2883//297 2884//297
f 6520//2139 6521//2139 2884//297
f 2933//2204 6520//2139 2885//297
f 6517//2138 6520//2139 2933//2204
f 2931//2202 6514//2137 6517//2138
f 6523//2140 6524//2140 6527//2141
f 6525//2140 6528//2141 6527//2141
f 6527//2141 6530//2142 6529//2142
f 6527//2141 6528//2141 6531//2142
f 2879//295 6523//2140 2928//2199
f 2878//295 6524//2140 6523//2140
f 2877//295 6525//2140 6524//2140
f 397//295 2823//2140 6525//2140
f 6525//2140 2823//2140 2824//2141
f 2824//2141 2825//2142 6531//2142
f 2825//2142 398//296 2880//296
f 6531//2142 2880//296 2881//296
f 6529//2142 6530//2142 2881//296
f 2930//2201 6529//2142 2882//296
f 6526//2141 6529//2142 2930//2201
f 2928//2199 6523//2140 6526//2141
f 6532//2143 6533//2143 6536//2144
f 6534//2143 6537//2144 6536//2144
f 6536//2144 6539//2145 6538//2145
f 6536//2144 6537//2144 6540//2145
f 2876//193 6532//2143 2925//2197
f 2875//193 6533//2143 6532//2143
f 2874//193 6534//2143 6533//2143
f 396//193 2826//2143 6534//2143
f 6534//2143 2826//2143 2827//2144
f 2827//2144 2828//2145 6540//2145
f 2828//2145 397//295 2877//295
f 6540//2145 2877//295 2878//295
f 6538//2145 6539//2145 2878//295
f 2927//2198 6538//2145 2879//295
f 6535//2144 6538//2145 2927//2198
f 2925//2197 6532//2143 6535//2144
f 6541//2146 6542//2146 6545//2147
f 6542//2146 6543//2146 6546//2147
f 6544//2147 6545//2147 6548//2148
f 6545//2147 6546//2147 6549//2148
f 2873//294 6541//2146 2922//2195
f 2872//294 6542//2146 6541//2146
f 2871//294 6543//2146 6542//2146
f 2871//294 395//294 2829//2146
f 6543//2146 2829//2146 2830//2147
f 2830//2147 2831//2148 6549//2148
f 2831//2148 396//193 2874//193
f 6549//2148 2874//193 2875//193
f 6547//2148 6548//2148 2875//193
f 2924//2196 6547//2148 2876//193
f 6544//2147 6547//2148 2924//2196
f 2922//2195 6541//2146 6544//2147
f 6550//2149 6551//2149 6554//2150
f 6552//2149 6555//2150 6554//2150
f 6554//2150 6557//2151 6556//2151
f 6554//2150 6555//2150 6558//2151
f 2870//293 6550//2149 2919//2192
f 2869//293 6551//2149 6550//2149
f 2868//293 6552//2149 6551//2149
f 394//293 2832//2149 6552//2149
f 6552//2149 2832//2149 2833//2150
f 2833//2150 2834//2151 6558//2151
f 2834//2151 395//294 2871//294
f 6558//2151 2871//294 2872//294
f 6556//2151 6557//2151 2872//294
f 2921//2194 6556//2151 2873//294
f 6553//2150 6556//2151 2921//2194
f 2919//2192 6550//2149 6553//2150
f 6559//2152 6560//2152 6563//2153
f 6561//2152 6564//2153 6563//2153
f 6562//2153 6563//2153 6566//2154
f 6563//2153 6564//2153 6567//2154
f 2867//292 6559//2152 2916//2189
f 2866//292 6560//2152 6559//2152
f 2865//292 6561//2152 6560//2152
f 393//292 2835//2152 6561//2152
f 6561//2152 2835//2152 2836//2153
f 2836//2153 2837//2154 6567//2154
f 2837//2154 394//293 2868//293
f 6567//2154 2868//293 2869//293
f 6565//2154 6566//2154 2869//293
f 2918//2191 6565//2154 2870//293
f 6562//2153 6565//2154 2918//2191
f 2916//2189 6559//2152 6562//2153
f 6568//2155 6569//2155 6572//2156
f 6570//2155 6573//2156 6572//2156
f 6572//2156 6575//2171 6574//2171
f 6572//2156 6573//2156 6576//2171
f 2864//231 6568//2155 2913//2187
f 2863//231 6569//2155 6568//2155
f 2862//231 6570//2155 6569//2155
f 2862//231 392//231 2838//2155
f 2838//2155 2839//2156 6573//2156
f 2839//2156 2840//2171 6576//2171
f 2840//2171 393//292 2865//292
f 6576//2171 2865//292 2866//292
f 6574//2171 6575//2171 2866//292
f 2915//2188 6574//2171 2867//292
f 6571//2156 6574//2171 2915//2188
f 2913//2187 6568//2155 6571//2156
f 6577//2158 6578//2170 6581//2159
f 6578//2170 6579//2158 6582//2159
f 6581//2159 6584//2160 6583//2160
f 6581//2159 6582//2159 6585//2160
f 2861//291 6577//2158 2910//2158
f 2860//291 6578//2170 6577//2158
f 2859//291 6579//2158 6578//2170
f 391//291 2841//2158 6579//2158
f 6579//2158 2841//2158 2842//2159
f 2842//2159 2843//2160 6585//2160
f 2843//2160 392//231 2862//231
f 6585//2160 2862//231 2863//231
f 6583//2160 6584//2160 2863//231
f 2912//2186 6583//2160 2864//231
f 6580//2159 6583//2160 2912//2186
f 2910//2158 6577//2158 6580//2159
f 6587//2161 6590//2162 6589//2162
f 6588//2161 6591//2162 6590//2162
f 6590//2162 6593//2163 6592//2163
f 6590//2162 6591//2162 6594//2163
f 2858//290 6586//2161 2907//2182
f 2857//290 6587//2161 6586//2161
f 2856//290 6588//2161 6587//2161
f 390//290 2844//2161 6588//2161
f 6588//2161 2844//2161 2845//2162
f 2845//2162 2846//2163 6594//2163
f 2846//2163 391//291 2859//291
f 6594//2163 2859//291 2860//291
f 6592//2163 6593//2163 2860//291
f 2909//2184 6592//2163 2861//291
f 6589//2162 6592//2163 2909//2184
f 2907//2182 6586//2161 6589//2162
f 6596//2164 6599//4849 6598//2165
f 6597//2164 6600//2165 6599//4849
f 6599//4849 6602//2166 6601//2166
f 6599//4849 6600//2165 6603//2166
f 2855//289 6595//2164 2904//2180
f 2854//289 6596//2164 6595//2164
f 2853//289 6597//2164 6596//2164
f 389//289 2847//2164 6597//2164
f 6597//2164 2847//2164 2848//2165
f 2848//2165 2849//2166 6603//2166
f 2849//2166 390//290 2856//290
f 6603//2166 2856//290 2857//290
f 6601//2166 6602//2166 2857//290
f 2906//2166 6601//2166 2858//290
f 6598//2165 6601//2166 2906//2166
f 2904//2180 6595//2164 6598//2165
f 6605//2167 6608//2168 6607//2168
f 6605//2167 6606//2167 6609//2168
f 6608//2168 6611//2169 6610//2169
f 6608//2168 6609//2168 6612//2169
f 2802//194 6604//2167 2901//2167
f 2803//194 6605//2167 6604//2167
f 2804//194 6606//2167 6605//2167
f 404//194 2850//2167 6606//2167
f 6606//2167 2850//2167 2851//2168
f 2851//2168 2852//2169 6612//2169
f 2852//2169 389//289 2853//289
f 6612//2169 2853//289 2854//289
f 6610//2169 6611//2169 2854//289
f 2903//2179 6610//2169 2855//289
f 6607//2168 6610//2169 2903//2179
f 2901//2167 6604//2167 6607//2168
f 6614//4851 6617//4854 6616//4853
f 6615//4852 6618//4855 6617//4854
f 6616//4853 6617//4854 6620//4857
f 6617//4854 6618//4855 6621//4858
f 2898//2175 6613//4850 2379//1888
f 2899//2176 6614//4851 6613//4850
f 2900//2177 6615//4852 6614//4851
f 420//194 2901//2167 6615//4852
f 6615//4852 2901//2167 2902//2178
f 2902//2178 2903//2179 6621//4858
f 2903//2179 405//301 2394//1903
f 6621//4858 2394//1903 2395//1904
f 6619//4856 6620//4857 2395//1904
f 2381//1890 6619//4856 2396//1905
f 2380//1889 6616//4853 6619//4856
f 6613//4850 6616//4853 2380//1889
f 6623//4860 6626//4863 6625//4862
f 6624//4861 6627//4864 6626//4863
f 6625//4862 6626//4863 6629//4866
f 6626//4863 6627//4864 6630//4867
f 2396//1905 6622//4859 2400//1909
f 2395//1904 6623//4860 6622//4859
f 2394//1903 6624//4861 6623//4860
f 405//301 2904//2180 6624//4861
f 6624//4861 2904//2180 2905//2181
f 2905//2181 2906//2166 6630//4867
f 6630//4867 2906//2166 406//302
f 6630//4867 2409//1918 2410//1919
f 6628//4865 6629//4866 2410//1919
f 2402//1911 6628//4865 2411//1920
f 2401//1910 6625//4862 6628//4865
f 6622//4859 6625//4862 2401//1910
f 6632//4869 6635//4872 6634//4871
f 6633//4870 6636//4873 6635//4872
f 6634//4871 6635//4872 6638//4875
f 6635//4872 6636//4873 6639//4876
f 2411//1920 6631//4868 2415//1924
f 2410//1919 6632//4869 6631//4868
f 2410//1919 2409//1918 6633//4870
f 2409//1918 406//302 2907//2182
f 6633//4870 2907//2182 2908//2183
f 2908//2183 2909//2184 6639//4876
f 6639//4876 2909//2184 407//303
f 6639//4876 2424//1933 2425//1934
f 6637//4874 6638//4875 2425//1934
f 2417//1926 6637//4874 2426//1935
f 2416//1925 6634//4871 6637//4874
f 6631//4868 6634//4871 2416//1925
f 6641//4878 6644//4881 6643//4880
f 6642//4879 6645//4882 6644//4881
f 6643//4880 6644//4881 6647//4884
f 6644//4881 6645//4882 6648//4885
f 2426//1935 6640//4877 2430//1939
f 2425//1934 6641//4878 6640//4877
f 2424//1933 6642//4879 6641//4878
f 407//303 2910//2158 6642//4879
f 6642//4879 2910//2158 2911//2185
f 2911//2185 2912//2186 6648//4885
f 6648//4885 2912//2186 408//231
f 6648//4885 2439//1948 2440//1949
f 6646//4883 6647//4884 2440//1949
f 2432//1941 6646//4883 2441//1950
f 2431//1940 6643//4880 6646//4883
f 6640//4877 6643//4880 2431//1940
f 6650//4887 6653//4890 6652//4889
f 6651//4888 6654//4891 6653//4890
f 6652//4889 6653//4890 6656//4893
f 6653//4890 6654//4891 6657//4894
f 2441//1950 6649//4886 2445//1954
f 2440//1949 6650//4887 6649//4886
f 2440//1949 2439//1948 6651//4888
f 408//231 2913//2187 6651//4888
f 6651//4888 2913//2187 2914//2156
f 2914//2156 2915//2188 6657//4894
f 6657//4894 2915//2188 409//292
f 6657//4894 2454//1963 2455//1964
f 6655//4892 6656//4893 2455//1964
f 2447//1956 6655//4892 2456//1965
f 2446//1955 6652//4889 6655//4892
f 6649//4886 6652//4889 2446//1955
f 6659//4896 6662//4899 6661//4898
f 6660//4897 6663//4900 6662//4899
f 6661//4898 6662//4899 6665//4902
f 6662//4899 6663//4900 6666//4903
f 2456//1965 6658//4895 2460//1969
f 2455//1964 6659//4896 6658//4895
f 2454//1963 6660//4897 6659//4896
f 409//292 2916//2189 6660//4897
f 6660//4897 2916//2189 2917//2190
f 2917//2190 2918//2191 6666//4903
f 2918//2191 410//293 2469//1978
f 6666//4903 2469//1978 2470//1979
f 6664//4901 6665//4902 2470//1979
f 2462//1971 6664//4901 2471//1980
f 2461//1970 6661//4898 6664//4901
f 6658//4895 6661//4898 2461//1970
f 6668//4905 6671//4908 6670//4907
f 6669//4906 6672//4909 6671//4908
f 6670//4907 6671//4908 6674//4911
f 6671//4908 6672//4909 6675//4912
f 2471//1980 6667//4904 2475//1984
f 2470//1979 6668//4905 6667//4904
f 2470//1979 2469//1978 6669//4906
f 410//293 2919//2192 6669//4906
f 6669//4906 2919//2192 2920//2193
f 2920//2193 2921//2194 6675//4912
f 6675//4912 2921//2194 411//294
f 6674//4911 6675//4912 2484//1993
f 6673//4910 6674//4911 2485//1994
f 2477//1986 6673//4910 2486//1995
f 2476//1985 6670//4907 6673//4910
f 6667//4904 6670//4907 2476//1985
f 6677//4914 6680//4917 6679//4916
f 6678//4915 6681//4918 6680//4917
f 6679//4916 6680//4917 6683//4920
f 6680//4917 6681//4918 6684//4921
f 2486//1995 6676//4913 2490//1999
f 2485//1994 6677//4914 6676//4913
f 2485//1994 2484//1993 6678//4915
f 411//294 2922//2195 6678//4915
f 6678//4915 2922//2195 2923//2147
f 2923//2147 2924//2196 6684//4921
f 6684//4921 2924//2196 412//304
f 6684//4921 2499//2008 2500//2009
f 6682//4919 6683//4920 2500//2009
f 2492//2001 6682//4919 2501//2010
f 2491//2000 6679//4916 6682//4919
f 6676//4913 6679//4916 2491//2000
f 6686//4923 6689//4926 6688//4925
f 6687//4924 6690//4927 6689//4926
f 6688//4925 6689//4926 6692//4929
f 6689//4926 6690//4927 6693//4930
f 2501//2010 6685//4922 2505//2014
f 2500//2009 6686//4923 6685//4922
f 2499//2008 6687//4924 6686//4923
f 412//304 2925//2197 6687//4924
f 6687//4924 2925//2197 2926//2144
f 2926//2144 2927//2198 6693//4930
f 2927//2198 413//295 2514//2023
f 6693//4930 2514//2023 2515//2024
f 6691//4928 6692//4929 2515//2024
f 2507//2016 6691//4928 2516//2025
f 2506//2015 6688//4925 6691//4928
f 6685//4922 6688//4925 2506//2015
f 6695//4932 6698//4935 6697//4934
f 6696//4933 6699//4936 6698//4935
f 6697//4934 6698//4935 6701//4938
f 6698//4935 6699//4936 6702//4939
f 2516//2025 6694//4931 2520//2029
f 2515//2024 6695//4932 6694//4931
f 2514//2023 6696//4933 6695//4932
f 413//295 2928//2199 6696//4933
f 6696//4933 2928//2199 2929//2200
f 2929//2200 2930//2201 6702//4939
f 6702//4939 2930//2201 414//296
f 6702//4939 2529//2038 2530//2039
f 6700//4937 6701//4938 2530//2039
f 2522//2031 6700//4937 2531//2040
f 2521//2030 6697//4934 6700//4937
f 6694//4931 6697//4934 2521//2030
f 6704//4941 6707//4944 6706//4943
f 6705//4942 6708//4945 6707//4944
f 6706//4943 6707//4944 6710//4947
f 6707//4944 6708//4945 6711//4948
f 2531//2040 6703//4940 2535//2044
f 2530//2039 6704//4941 6703//4940
f 2530//2039 2529//2038 6705//4942
f 2529//2038 414//296 2931//2202
f 6705//4942 2931//2202 2932//2203
f 2932//2203 2933//2204 6711//4948
f 2933//2204 415//297 2544//2053
f 6711//4948 2544//2053 2545//2054
f 6709//4946 6710//4947 2545//2054
f 2537//2046 6709//4946 2546//2055
f 2536//2045 6706//4943 6709//4946
f 6703//4940 6706//4943 2536//2045
f 6713//4950 6716//4953 6715//4952
f 6714//4951 6717//4954 6716//4953
f 6715//4952 6716//4953 6719//4956
f 6716//4953 6717//4954 6720//4957
f 2546//2055 6712//4949 2550//2059
f 2545//2054 6713//4950 6712//4949
f 2544//2053 6714//4951 6713//4950
f 415//297 2934//2205 6714//4951
f 6714//4951 2934//2205 2935//2135
f 2935//2135 2936//2206 6720//4957
f 6720//4957 2936//2206 416//239
f 6720//4957 2559//2068 2560//2069
f 6718//4955 6719//4956 2560//2069
f 2552//2061 6718//4955 2561//2070
f 2551//2060 6715//4952 6718//4955
f 6712//4949 6715//4952 2551//2060
f 6722//4959 6725//4962 6724//4961
f 6723//4960 6726//4963 6725//4962
f 6724//4961 6725//4962 6728//4965
f 6725//4962 6726//4963 6729//4966
f 2561//2070 6721//4958 2565//2074
f 2560//2069 6722//4959 6721//4958
f 2560//2069 2559//2068 6723//4960
f 416//239 2937//2207 6723//4960
f 6723//4960 2937//2207 2938//2208
f 2938//2208 2939//2133 6729//4966
f 6729//4966 2939//2133 417//305
f 6729//4966 2574//2083 2575//2084
f 6727//4964 6728//4965 2575//2084
f 2567//2076 6727//4964 2576//2085
f 2566//2075 6724//4961 6727//4964
f 6721//4958 6724//4961 2566//2075
f 6731//4968 6734//4971 6733//4970
f 6732//4969 6735//4972 6734//4971
f 6733//4970 6734//4971 6737//4974
f 6734//4971 6735//4972 6738//4975
f 2576//2085 6730//4967 2580//2089
f 2575//2084 6731//4968 6730//4967
f 2574//2083 6732//4969 6731//4968
f 417//305 2940//2209 6732//4969
f 6732//4969 2940//2209 2941//2210
f 2941//2210 2942//2211 6738//4975
f 2942//2211 418//306 2589//2098
f 6738//4975 2589//2098 2590//2099
f 6736//4973 6737//4974 2590//2099
f 2582//2091 6736//4973 2591//2100
f 2581//2090 6733//4970 6736//4973
f 6730//4967 6733//4970 2581//2090
f 6740//4977 6743//4980 6742//4979
f 6741//4978 6744//4981 6743//4980
f 6742//4979 6743//4980 6746//4983
f 6743//4980 6744//4981 6747//4984
f 2591//2100 6739//4976 2595//2104
f 2590//2099 6740//4977 6739//4976
f 2590//2099 2589//2098 6741//4978
f 418//306 2943//2125 6741//4978
f 6741//4978 2943//2125 2944//2212
f 2944//2212 2945//2213 6747//4984
f 6747//4984 2945//2213 419//307
f 6746//4983 6747//4984 2604//2113
f 6745//4982 6746//4983 2605//2114
f 2597//2106 6745//4982 2606//2115
f 2596//2105 6742//4979 6745//4982
f 6739//4976 6742//4979 2596//2105
f 6749//4986 6752//4989 6751//4988
f 6750//4987 6753//4990 6752//4989
f 6751//4988 6752//4989 6755//4992
f 6752//4989 6753//4990 6756//4993
f 2606//2115 6748//4985 2607//2116
f 2605//2114 6749//4986 6748//4985
f 2605//2114 2604//2113 6750//4987
f 419//307 2946//2214 6750//4987
f 6750//4987 2946//2214 2947//2215
f 2947//2215 2948//2124 6756//4993
f 6756//4993 2948//2124 420//194
f 6756//4993 2900//2177 2899//2176
f 6754//4991 6755//4992 2899//2176
f 2609//2118 6754//4991 2898//2175
f 2608//2117 6751//4988 6754//4991
f 6748//4985 6751//4988 2608//2117
f 6758//2122 6761//2123 6760//2123
f 6759//2122 6762//2123 6761//2123
f 6761//2123 6764//2124 6763//2124
f 6761//2123 6762//2123 6765//2124
f 372//300 2657//300 6757//2122
f 2657//300 2656//300 6758//2122
f 2655//300 6759//2122 6758//2122
f 436//300 2997//2122 6759//2122
f 2997//2122 2998//2123 6762//2123
f 6762//2123 2998//2123 2999//2124
f 6765//2124 2999//2124 421//194
f 6765//2124 2951//194 2950//194
f 6764//2124 2950//194 2949//194
f 6763//2124 2949//194 357//194
f 2659//2123 6760//2123 6763//2124
f 6757//2122 6760//2123 2659//2123
f 6767//2125 6770//2126 6769//2126
f 6768//2125 6771//2126 6770//2126
f 6770//2126 6773//2127 6772//2127
f 6771//2126 6774//2127 6773//2127
f 371//299 2654//299 6766//2125
f 2654//299 2653//299 6767//2125
f 2652//299 6768//2125 6767//2125
f 2652//299 435//299 3000//2125
f 3000//2125 3001//2126 6771//2126
f 6771//2126 3001//2126 3002//2127
f 3002//2127 436//300 2655//300
f 6774//2127 2655//300 2656//300
f 6773//2127 2656//300 2657//300
f 6772//2127 2657//300 372//300
f 6769//2126 6772//2127 2663//2127
f 6766//2125 6769//2126 2662//2126
f 6776//2128 6779//2129 6778//2129
f 6777//2128 6780//2129 6779//2129
f 6779//2129 6782//2130 6781//2130
f 6780//2129 6783//2130 6782//2130
f 370//298 2651//298 6775//2128
f 2651//298 2650//298 6776//2128
f 2649//298 6777//2128 6776//2128
f 2649//298 434//298 3003//2128
f 3003//2128 3004//2129 6780//2129
f 6780//2129 3004//2129 3005//2130
f 3005//2130 435//299 2652//299
f 6783//2130 2652//299 2653//299
f 6782//2130 2653//299 2654//299
f 6781//2130 2654//299 371//299
f 6778//2129 6781//2130 2666//2130
f 6775//2128 6778//2129 2665//2129
f 6785//2131 6788//2132 6787//2132
f 6786//2131 6789//2132 6788//2132
f 6788//2132 6791//2133 6790//2172
f 6788//2132 6789//2132 6792//2172
f 369//239 2648//239 6784//2131
f 2648//239 2647//239 6785//2131
f 2646//239 6786//2131 6785//2131
f 433//239 3006//2131 6786//2131
f 3006//2131 3007//2132 6789//2132
f 6789//2132 3007//2132 3008//2172
f 3008//2172 434//298 2649//298
f 6792//2172 2649//298 2650//298
f 6791//2133 2650//298 2651//298
f 6790//2172 2651//298 370//298
f 6787//2132 6790//2172 2669//2133
f 6784//2131 6787//2132 2668//2132
f 6794//2174 6797//2135 6796//2135
f 6795//2174 6798//2135 6797//2135
f 6797//2135 6800//2136 6799//2136
f 6797//2135 6798//2135 6801//2136
f 368//297 2645//297 6793//2174
f 2645//297 2644//297 6794//2174
f 2643//297 6795//2174 6794//2174
f 2643//297 432//297 3009//2174
f 3009//2174 3010//2135 6798//2135
f 6798//2135 3010//2135 3011//2136
f 3011//2136 433//239 2646//239
f 6801//2136 2646//239 2647//239
f 6800//2136 2647//239 2648//239
f 6799//2136 2648//239 369//239
f 6796//2135 6799//2136 2672//2136
f 6793//2174 6796//2135 2671//2135
f 6803//2137 6806//2138 6805//2138
f 6804//2137 6807//2138 6806//2138
f 6806//2138 6809//2139 6808//2139
f 6807//2138 6810//2139 6809//2139
f 367//296 2642//296 6802//2137
f 2642//296 2641//296 6803//2137
f 2640//296 6804//2137 6803//2137
f 2640//296 431//296 3012//2137
f 3012//2137 3013//2138 6807//2138
f 3013//2138 3014//2139 6810//2139
f 3014//2139 432//297 2643//297
f 6810//2139 2643//297 2644//297
f 6809//2139 2644//297 2645//297
f 6808//2139 2645//297 368//297
f 6805//2138 6808//2139 2675//2139
f 6802//2137 6805//2138 2674//2138
f 6812//2140 6815//2216 6814//2141
f 6813//2140 6816//2141 6815//2216
f 6815//2216 6818//2142 6817//2142
f 6815//2216 6816//2141 6819//2142
f 366//295 2639//295 6811//2140
f 2639//295 2638//295 6812//2140
f 2637//295 6813//2140 6812//2140
f 2637//295 430//295 3015//2140
f 3015//2140 3016//2216 6816//2141
f 3016//2216 3017//2142 6819//2142
f 6819//2142 3017//2142 431//296
f 6819//2142 2640//296 2641//296
f 6818//2142 2641//296 2642//296
f 6817//2142 2642//296 367//296
f 6814//2141 6817//2142 2678//2142
f 6811//2140 6814//2141 2677//2141
f 6821//2143 6824//2144 6823//2144
f 6822//2143 6825//2144 6824//2144
f 6824//2144 6827//2145 6826//2145
f 6825//2144 6828//2145 6827//2145
f 365//193 2636//193 6820//2143
f 2636//193 2635//193 6821//2143
f 2634//193 6822//2143 6821//2143
f 2634//193 429//193 3018//2143
f 3018//2143 3019//2144 6825//2144
f 6825//2144 3019//2144 3020//2145
f 3020//2145 430//295 2637//295
f 6828//2145 2637//295 2638//295
f 6827//2145 2638//295 2639//295
f 6826//2145 2639//295 366//295
f 6823//2144 6826//2145 2681//2145
f 6820//2143 6823//2144 2680//2144
f 6830//2146 6833//2147 6832//2147
f 6831//2146 6834//2147 6833//2147
f 6833//2147 6836//2148 6835//2148
f 6833//2147 6834//2147 6837//2148
f 364//294 2633//294 6829//2146
f 2633//294 2632//294 6830//2146
f 2631//294 6831//2146 6830//2146
f 2631//294 428//294 3021//2146
f 3021//2146 3022//2147 6834//2147
f 6834//2147 3022//2147 3023//2148
f 6837//2148 3023//2148 429//193
f 6837//2148 2634//193 2635//193
f 6836//2148 2635//193 2636//193
f 6835//2148 2636//193 365//193
f 6832//2147 6835//2148 2684//2148
f 6829//2146 6832//2147 2683//2147
f 6839//2149 6842//2150 6841//2150
f 6840//2149 6843//2150 6842//2150
f 6842//2150 6845//2151 6844//2151
f 6843//2150 6846//2151 6845//2151
f 363//293 2630//293 6838//2149
f 2630//293 2629//293 6839//2149
f 2628//293 6840//2149 6839//2149
f 2628//293 427//293 3024//2149
f 3024//2149 3025//2150 6843//2150
f 3025//2150 3026//2151 6846//2151
f 3026//2151 428//294 2631//294
f 6846//2151 2631//294 2632//294
f 6845//2151 2632//294 2633//294
f 6844//2151 2633//294 364//294
f 6841//2150 6844//2151 2687//2151
f 6838//2149 6841//2150 2686//2150
f 6848//2152 6851//2153 6850//2153
f 6849//2152 6852//2153 6851//2153
f 6851//2153 6854//2154 6853//2154
f 6852//2153 6855//2154 6854//2154
f 362//292 2627//292 6847//2152
f 2627//292 2626//292 6848//2152
f 2625//292 6849//2152 6848//2152
f 2625//292 426//292 3027//2152
f 3027//2152 3028//2153 6852//2153
f 6852//2153 3028//2153 3029//2154
f 3029//2154 427//293 2628//293
f 6855//2154 2628//293 2629//293
f 6854//2154 2629//293 2630//293
f 6853//2154 2630//293 363//293
f 6850//2153 6853//2154 2690//2154
f 6847//2152 6850//2153 2689//2153
f 6857//2155 6860//2156 6859//2156
f 6858//2155 6861//2156 6860//2156
f 6860//2156 6863//2157 6862//2157
f 6861//2156 6864//2157 6863//2157
f 361//231 2624//231 6856//2155
f 2624//231 2623//231 6857//2155
f 2622//231 6858//2155 6857//2155
f 2622//231 425//231 3030//2155
f 3030//2155 3031//2156 6861//2156
f 6861//2156 3031//2156 3032//2171
f 3032//2171 426//292 2625//292
f 6864//2157 2625//292 2626//292
f 6863//2157 2626//292 2627//292
f 6862//2157 2627//292 362//292
f 2692//2156 6859//2156 6862//2157
f 6856//2155 6859//2156 2692//2156
f 6866//2170 6869//2159 6868//2159
f 6866//2170 6867//2158 6870//2159
f 6869//2159 6872//2160 6871//2160
f 6869//2159 6870//2159 6873//2160
f 360//291 2621//291 6865//2170
f 2621//291 2620//291 6866//2170
f 2619//291 6867//2158 6866//2170
f 424//291 3033//2158 6867//2158
f 3033//2158 3034//2159 6870//2159
f 6870//2159 3034//2159 3035//2160
f 3035//2160 425//231 2622//231
f 6873//2160 2622//231 2623//231
f 6872//2160 2623//231 2624//231
f 6871//2160 2624//231 361//231
f 6868//2159 6871//2160 2696//2160
f 6865//2170 6868//2159 2695//2159
f 6875//2161 6878//2162 6877//2162
f 6876//2161 6879//2162 6878//2162
f 6878//2162 6881//2163 6880//2163
f 6879//2162 6882//2163 6881//2163
f 359//290 2618//290 6874//2161
f 2618//290 2617//290 6875//2161
f 2616//290 6876//2161 6875//2161
f 2616//290 423//290 3036//2161
f 3036//2161 3037//2162 6879//2162
f 6879//2162 3037//2162 3038//2163
f 3038//2163 424//291 2619//291
f 6882//2163 2619//291 2620//291
f 6881//2163 2620//291 2621//291
f 6880//2163 2621//291 360//291
f 2698//2162 6877//2162 6880//2163
f 6874//2161 6877//2162 2698//2162
f 6884//2164 6887//2165 6886//2165
f 6884//2164 6885//2164 6888//2165
f 6887//2165 6890//2166 6889//2166
f 6888//2165 6891//2166 6890//2166
f 358//289 2615//289 6883//2164
f 2615//289 2614//289 6884//2164
f 2613//289 6885//2164 6884//2164
f 422//289 3039//2164 6885//2164
f 3039//2164 3040//2165 6888//2165
f 3040//2165 3041//2166 6891//2166
f 3041//2166 423//290 2616//290
f 6891//2166 2616//290 2617//290
f 6890//2166 2617//290 2618//290
f 6889//2166 2618//290 359//290
f 6886//2165 6889//2166 2702//2166
f 6883//2164 6886//2165 2701//2165
f 6893//2167 6896//2168 6895//2168
f 6894//2167 6897//2168 6896//2168
f 6896//2168 6899//2169 6898//2169
f 6897//2168 6900//2169 6899//2169
f 357//194 2949//194 6892//2167
f 2949//194 2950//194 6893//2167
f 2951//194 6894//2167 6893//2167
f 2951//194 421//194 3042//2167
f 3042//2167 3043//2168 6897//2168
f 3043//2168 3044//2169 6900//2169
f 3044//2169 422//289 2613//289
f 6900//2169 2613//289 2614//289
f 6899//2169 2614//289 2615//289
f 6898//2169 2615//289 358//289
f 6895//2168 6898//2169 2705//2169
f 6892//2167 6895//2168 2704//2168
f 6902//2122 6905//2123 6904//2123
f 6903//2122 6906//2123 6905//2123
f 6905//2123 6908//2124 6907//2124
f 6906//2123 6909//2124 6908//2124
f 436//300 2996//300 6901//2122
f 2996//300 2995//300 6902//2122
f 2995//300 2994//300 6903//2122
f 452//300 3093//2262 6903//2122
f 6903//2122 3093//2262 3094//2123
f 3094//2123 3095//2263 6909//2124
f 3095//2263 437//308 3047//194
f 6909//2124 3047//194 3046//194
f 6908//2124 3046//194 3045//194
f 6907//2124 3045//194 421//194
f 2998//2123 6904//2123 6907//2124
f 6901//2122 6904//2123 2998//2123
f 6911//2125 6914//2126 6913//2126
f 6912//2125 6915//2126 6914//2126
f 6914//2126 6917//2127 6916//2127
f 6915//2126 6918//2127 6917//2127
f 435//299 2993//299 6910//2125
f 2993//299 2992//299 6911//2125
f 2992//299 2991//299 6912//2125
f 451//299 3096//2264 6912//2125
f 6912//2125 3096//2264 3097//2265
f 3097//2265 3098//2266 6918//2127
f 3098//2266 452//300 2994//300
f 6918//2127 2994//300 2995//300
f 6917//2127 2995//300 2996//300
f 6916//2127 2996//300 436//300
f 3001//2126 6913//2126 6916//2127
f 6910//2125 6913//2126 3001//2126
f 6920//2128 6923//2129 6922//2129
f 6921//2128 6924//2129 6923//2129
f 6922//2129 6923//2129 6926//2130
f 6924//2129 6927//2130 6926//2130
f 434//298 2990//298 6919//2128
f 2990//298 2989//298 6920//2128
f 2989//298 2988//298 6921//2128
f 450//298 3099//2267 6921//2128
f 6921//2128 3099//2267 3100//2268
f 3100//2268 3101//2269 6927//2130
f 3101//2269 451//299 2991//299
f 6927//2130 2991//299 2992//299
f 6926//2130 2992//299 2993//299
f 6925//2130 2993//299 435//299
f 3004//2129 6922//2129 6925//2130
f 6919//2128 6922//2129 3004//2129
f 6929//2131 6932//2132 6931//2132
f 6930//2131 6933//2132 6932//2132
f 6931//2132 6932//2132 6935//2133
f 6933//2132 6936//2172 6935//2133
f 433//239 2987//239 6928//2131
f 2987//239 2986//239 6929//2131
f 2986//239 2985//239 6930//2131
f 449//239 3102//2270 6930//2131
f 6930//2131 3102//2270 3103//2132
f 3103//2132 3104//2271 6936//2172
f 3104//2271 450//298 2988//298
f 6936//2172 2988//298 2989//298
f 6935//2133 2989//298 2990//298
f 6934//2172 2990//298 434//298
f 3007//2132 6931//2132 6934//2172
f 6928//2131 6931//2132 3007//2132
f 6938//2134 6941//2135 6940//2135
f 6939//2174 6942//2135 6941//2135
f 6940//2135 6941//2135 6944//2136
f 6942//2135 6945//2136 6944//2136
f 432//297 2984//297 6937//2174
f 2984//297 2983//297 6938//2134
f 2983//297 2982//297 6939//2174
f 448//314 3105//2134 6939//2174
f 6939//2174 3105//2134 3106//2272
f 3106//2272 3107//2273 6945//2136
f 3107//2273 449//239 2985//239
f 6945//2136 2985//239 2986//239
f 6943//2136 6944//2136 2986//239
f 6943//2136 2987//239 433//239
f 3010//2135 6940//2135 6943//2136
f 6937//2174 6940//2135 3010//2135
f 6947//2137 6950//2138 6949//2138
f 6948//2137 6951//2138 6950//2138
f 6949//2138 6950//2138 6953//2139
f 6951//2138 6954//2139 6953//2139
f 431//296 2981//296 6946//2137
f 2981//296 2980//296 6947//2137
f 2980//296 2979//296 6948//2137
f 447//313 3108//2274 6948//2137
f 6948//2137 3108//2274 3109//2275
f 3109//2275 3110//2276 6954//2139
f 3110//2276 448//314 2982//297
f 6954//2139 2982//297 2983//297
f 6953//2139 2983//297 2984//297
f 6952//2139 2984//297 432//297
f 6949//2138 6952//2139 3014//2139
f 6946//2137 6949//2138 3013//2138
f 6956//2140 6959//2141 6958//2141
f 6957//2140 6960//2141 6959//2141
f 6959//2141 6962//2142 6961//2142
f 6960//2141 6963//2142 6962//2142
f 430//295 2978//295 6955//2140
f 2978//295 2977//295 6956//2140
f 2977//295 2976//295 6957//2140
f 446//312 3111//2277 6957//2140
f 6957//2140 3111//2277 3112//2278
f 3112//2278 3113//2142 6963//2142
f 3113//2142 447//313 2979//296
f 6963//2142 2979//296 2980//296
f 6962//2142 2980//296 2981//296
f 6961//2142 2981//296 431//296
f 3016//2216 6958//2141 6961//2142
f 6955//2140 6958//2141 3016//2216
f 6965//2143 6968//2144 6967//2144
f 6966//2143 6969//2144 6968//2144
f 6968//2144 6971//2145 6970//2145
f 6969//2144 6972//2145 6971//2145
f 429//193 2975//193 6964//2143
f 2975//193 2974//193 6965//2143
f 2974//193 2973//193 6966//2143
f 445//193 3114//2143 6966//2143
f 6966//2143 3114//2143 3115//2279
f 3115//2279 3116//2280 6972//2145
f 3116//2280 446//312 2976//295
f 6972//2145 2976//295 2977//295
f 6971//2145 2977//295 2978//295
f 6970//2145 2978//295 430//295
f 3019//2144 6967//2144 6970//2145
f 6964//2143 6967//2144 3019//2144
f 6974//2146 6977//2147 6976//2147
f 6975//2146 6978//2147 6977//2147
f 6976//2147 6977//2147 6980//2148
f 6978//2147 6981//2148 6980//2148
f 428//294 2972//294 6973//2146
f 2972//294 2971//294 6974//2146
f 2971//294 2970//294 6975//2146
f 444//311 3117//2281 6975//2146
f 6975//2146 3117//2281 3118//2282
f 3118//2282 3119//2148 6981//2148
f 3119//2148 445//193 2973//193
f 6981//2148 2973//193 2974//193
f 6980//2148 2974//193 2975//193
f 6979//2148 2975//193 429//193
f 6976//2147 6979//2148 3023//2148
f 6973//2146 6976//2147 3022//2147
f 6983//2149 6986//2150 6985//2150
f 6984//2149 6987//2150 6986//2150
f 6986//2150 6989//2151 6988//2151
f 6987//2150 6990//2151 6989//2151
f 2969//293 6982//2149 3024//2149
f 2969//293 2968//293 6983//2149
f 2968//293 2967//293 6984//2149
f 443//310 3120//2149 6984//2149
f 6984//2149 3120//2149 3121//2283
f 3121//2283 3122//2284 6990//2151
f 3122//2284 444//311 2970//294
f 6990//2151 2970//294 2971//294
f 6989//2151 2971//294 2972//294
f 6988//2151 2972//294 428//294
f 3025//2150 6985//2150 6988//2151
f 6982//2149 6985//2150 3025//2150
f 6992//2152 6995//2153 6994//2153
f 6993//2152 6996//2153 6995//2153
f 6995//2153 6998//2154 6997//2154
f 6996//2153 6999//2154 6998//2154
f 426//292 2966//292 6991//2152
f 2966//292 2965//292 6992//2152
f 2965//292 2964//292 6993//2152
f 442//309 3123//2285 6993//2152
f 6993//2152 3123//2285 3124//2286
f 3124//2286 3125//2287 6999//2154
f 3125//2287 443//310 2967//293
f 6999//2154 2967//293 2968//293
f 6998//2154 2968//293 2969//293
f 6997//2154 2969//293 427//293
f 3028//2153 6994//2153 6997//2154
f 6991//2152 6994//2153 3028//2153
f 7001//2155 7004//2156 7003//2156
f 7002//2155 7005//2156 7004//2156
f 7004//2156 7007//2157 7006//2157
f 7005//2156 7008//2171 7007//2157
f 425//231 2963//231 7000//2155
f 2963//231 2962//231 7001//2155
f 2962//231 2961//231 7002//2155
f 441//231 3126//2288 7002//2155
f 7002//2155 3126//2288 3127//2289
f 3127//2289 3128//2157 7008//2171
f 3128//2157 442//309 2964//292
f 7008//2171 2964//292 2965//292
f 7007//2157 2965//292 2966//292
f 7006//2157 2966//292 426//292
f 3031//2156 7003//2156 7006//2157
f 7000//2155 7003//2156 3031//2156
f 7010//2170 7013//2159 7012//2159
f 7011//2158 7014//2159 7013//2159
f 7013//2159 7016//2160 7015//2160
f 7013//2159 7014//2159 7017//2160
f 424//291 2960//291 7009//2158
f 2960//291 2959//291 7010//2170
f 2959//291 2958//291 7011//2158
f 440//291 3129//2290 7011//2158
f 7011//2158 3129//2290 3130//2159
f 3130//2159 3131//2291 7017//2160
f 3131//2291 441//231 2961//231
f 7017//2160 2961//231 2962//231
f 7016//2160 2962//231 2963//231
f 7015//2160 2963//231 425//231
f 7012//2159 7015//2160 3035//2160
f 7009//2158 7012//2159 3034//2159
f 7019//2161 7022//2162 7021//2162
f 7020//2161 7023//2162 7022//2162
f 7021//2162 7022//2162 7025//2163
f 7023//2162 7026//2163 7025//2163
f 423//290 2957//290 7018//2161
f 2957//290 2956//290 7019//2161
f 2956//290 2955//290 7020//2161
f 439//290 3132//2292 7020//2161
f 7020//2161 3132//2292 3133//2293
f 3133//2293 3134//2294 7026//2163
f 3134//2294 440//291 2958//291
f 7026//2163 2958//291 2959//291
f 7025//2163 2959//291 2960//291
f 7024//2163 2960//291 424//291
f 3037//2162 7021//2162 7024//2163
f 7018//2161 7021//2162 3037//2162
f 7028//2164 7031//4849 7030//2165
f 7029//2164 7032//2165 7031//4849
f 7030//2165 7031//4849 7034//2166
f 7032//2165 7035//2166 7034//2166
f 422//289 2954//289 7027//2164
f 2954//289 2953//289 7028//2164
f 2953//289 2952//289 7029//2164
f 438//289 3135//2295 7029//2164
f 7029//2164 3135//2295 3136//2296
f 3136//2296 3137//2297 7035//2166
f 3137//2297 439//290 2955//290
f 7035//2166 2955//290 2956//290
f 7033//2166 7034//2166 2956//290
f 7033//2166 2957//290 423//290
f 3040//2165 7030//2165 7033//2166
f 7027//2164 7030//2165 3040//2165
f 7037//2167 7040//2168 7039//2168
f 7038//2167 7041//2168 7040//2168
f 7040//2168 7043//2169 7042//2169
f 7041//2168 7044//2169 7043//2169
f 421//194 3045//194 7036//2167
f 3045//194 3046//194 7037//2167
f 3046//194 3047//194 7038//2167
f 437//308 3138//2298 7038//2167
f 7038//2167 3138//2298 3139//2168
f 3139//2168 3140//2299 7044//2169
f 3140//2299 438//289 2952//289
f 7044//2169 2952//289 2953//289
f 7042//2169 7043//2169 2953//289
f 7042//2169 2954//289 422//289
f 3043//2168 7039//2168 7042//2169
f 7036//2167 7039//2168 3043//2168
