# Blender 5.0.1
# www.blender.org
o Floor_Lamp_base_CHD_Bakelite_black
v -3.380443 0.084474 0.529248
v -3.374177 0.084289 0.537865
v -3.371356 0.084289 0.534811
v -3.369919 0.084289 0.530911
v -3.370083 0.084289 0.526756
v -3.371825 0.084289 0.522982
v -3.374879 0.084289 0.520161
v -3.378780 0.084289 0.518723
v -3.382934 0.084289 0.518888
v -3.386709 0.084289 0.520630
v -3.389530 0.084289 0.523684
v -3.390967 0.084289 0.527585
v -3.390803 0.084289 0.531739
v -3.389060 0.084289 0.535513
v -3.386007 0.084289 0.538334
v -3.382106 0.084289 0.539772
v -3.377952 0.084289 0.539607
v -3.371244 0.081888 0.534880
v -3.369789 0.081888 0.530931
v -3.369955 0.081888 0.526726
v -3.371719 0.081888 0.522904
v -3.374810 0.081888 0.520048
v -3.378759 0.081888 0.518593
v -3.382965 0.081888 0.518760
v -3.386786 0.081888 0.520523
v -3.389642 0.081888 0.523615
v -3.391097 0.081888 0.527564
v -3.390930 0.081888 0.531769
v -3.389167 0.081888 0.535591
v -3.386075 0.081888 0.538447
v -3.382126 0.081888 0.539902
v -3.377921 0.081888 0.539735
v -3.374099 0.081888 0.537972
v -3.373585 0.078109 0.538680
v -3.370497 0.078109 0.535338
v -3.368923 0.078109 0.531068
v -3.369104 0.078109 0.526521
v -3.371010 0.078109 0.522389
v -3.374353 0.078109 0.519301
v -3.378623 0.078109 0.517728
v -3.383169 0.078109 0.517908
v -3.387301 0.078109 0.519815
v -3.390389 0.078109 0.523157
v -3.391963 0.078109 0.527427
v -3.391782 0.078109 0.531974
v -3.389876 0.078109 0.536106
v -3.386533 0.078109 0.539194
v -3.382263 0.078109 0.540767
v -3.377716 0.078109 0.540587
v -3.371129 0.076017 0.534951
v -3.369655 0.076017 0.530952
v -3.369824 0.076017 0.526694
v -3.371609 0.076017 0.522825
v -3.374740 0.076017 0.519933
v -3.378738 0.076017 0.518460
v -3.382996 0.076017 0.518629
v -3.386866 0.076017 0.520414
v -3.389757 0.076017 0.523544
v -3.391231 0.076017 0.527543
v -3.391062 0.076017 0.531801
v -3.389276 0.076017 0.535670
v -3.386146 0.076017 0.538562
v -3.382148 0.076017 0.540035
v -3.377889 0.076017 0.539866
v -3.374020 0.076017 0.538081
v -3.375787 0.084474 0.532098
v -3.377233 0.084474 0.533663
v -3.375051 0.084474 0.530100
v -3.375135 0.084474 0.527971
v -3.376028 0.084474 0.526037
v -3.377592 0.084474 0.524592
v -3.379591 0.084474 0.523856
v -3.381719 0.084474 0.523940
v -3.383653 0.084474 0.524832
v -3.385098 0.084474 0.526397
v -3.385835 0.084474 0.528396
v -3.385751 0.084474 0.530524
v -3.384858 0.084474 0.532458
v -3.383293 0.084474 0.533903
v -3.381295 0.084474 0.534639
v -3.379167 0.084474 0.534555
v -3.374938 0.084474 0.536819
v -3.372459 0.084474 0.534136
v -3.371196 0.084474 0.530709
v -3.371341 0.084474 0.527059
v -3.372871 0.084474 0.523742
v -3.375554 0.084474 0.521264
v -3.378982 0.084474 0.520001
v -3.382632 0.084474 0.520146
v -3.385948 0.084474 0.521676
v -3.388427 0.084474 0.524359
v -3.389690 0.084474 0.527786
v -3.389545 0.084474 0.531436
v -3.388014 0.084474 0.534753
v -3.385331 0.084474 0.537231
v -3.381904 0.084474 0.538494
v -3.378254 0.084474 0.538350
v -3.308818 0.031536 0.477176
v -3.325947 0.030426 0.489630
v -3.304279 0.031526 0.483735
v -3.318786 0.030430 0.499343
v -3.304506 0.028479 0.483150
v -3.319130 0.025819 0.498458
v -3.305413 0.025895 0.481672
v -3.320503 0.021909 0.496222
v -3.306862 0.024169 0.479526
v -3.322695 0.019297 0.492975
v -3.308630 0.023563 0.477039
v -3.325371 0.018380 0.489212
v -3.310451 0.024169 0.474590
v -3.328126 0.019297 0.485505
v -3.312045 0.025895 0.472551
v -3.330539 0.021909 0.482419
v -3.313171 0.028479 0.471232
v -3.332243 0.025819 0.480424
v -3.313658 0.031526 0.470835
v -3.332979 0.030430 0.479823
v -3.313430 0.034574 0.471420
v -3.332634 0.035042 0.480708
v -3.312523 0.037157 0.472898
v -3.331261 0.038951 0.482944
v -3.311074 0.038884 0.475043
v -3.329070 0.041564 0.486191
v -3.309306 0.039490 0.477530
v -3.326393 0.042481 0.489954
v -3.307485 0.038884 0.479980
v -3.323638 0.041564 0.493661
v -3.305891 0.037157 0.482019
v -3.321225 0.038951 0.496747
v -3.304765 0.034574 0.483338
v -3.319521 0.035042 0.498742
v -3.316454 0.030513 0.499879
v -3.316850 0.025211 0.498862
v -3.318428 0.020717 0.496291
v -3.320947 0.017714 0.492559
v -3.324024 0.016659 0.488232
v -3.327191 0.017714 0.483971
v -3.329965 0.020717 0.480424
v -3.331924 0.025211 0.478130
v -3.332770 0.030513 0.477439
v -3.332373 0.035814 0.478457
v -3.330796 0.040308 0.481028
v -3.328276 0.043311 0.484760
v -3.325199 0.044366 0.489086
v -3.322032 0.043311 0.493347
v -3.319258 0.040308 0.496895
v -3.317300 0.035814 0.499188
v -3.306390 0.028316 0.484632
v -3.307308 0.025700 0.483136
v -3.308774 0.023953 0.480964
v -3.310565 0.023339 0.478446
v -3.312408 0.023953 0.475966
v -3.314022 0.025700 0.473902
v -3.315162 0.028316 0.472567
v -3.315654 0.031401 0.472165
v -3.315423 0.034486 0.472757
v -3.314505 0.037101 0.474253
v -3.313039 0.038849 0.476425
v -3.311248 0.039462 0.478943
v -3.309406 0.038849 0.481423
v -3.307791 0.037101 0.483487
v -3.306651 0.034486 0.484822
v -3.306159 0.031401 0.485224
v -3.313294 0.030933 0.490584
v -3.312792 0.025533 0.495749
v -3.314353 0.021085 0.493205
v -3.316847 0.018113 0.489510
v -3.319893 0.017069 0.485228
v -3.323027 0.018112 0.481011
v -3.325773 0.021085 0.477499
v -3.327712 0.025533 0.475229
v -3.328549 0.030781 0.474545
v -3.328157 0.036028 0.475552
v -3.326595 0.040477 0.478097
v -3.324101 0.043449 0.481791
v -3.321055 0.044493 0.486073
v -3.317921 0.043449 0.490291
v -3.315175 0.040477 0.493802
v -3.313236 0.036028 0.496073
v -3.312399 0.030781 0.496756
v -3.313529 0.027795 0.489982
v -3.314463 0.025134 0.488460
v -3.315954 0.023356 0.486250
v -3.317776 0.022732 0.483689
v -3.319651 0.023356 0.481166
v -3.321293 0.025134 0.479066
v -3.322452 0.027795 0.477709
v -3.322953 0.030933 0.477300
v -3.322718 0.034071 0.477902
v -3.321784 0.036732 0.479424
v -3.320293 0.038510 0.481633
v -3.318471 0.039134 0.484195
v -3.316597 0.038510 0.486717
v -3.314955 0.036732 0.488817
v -3.313795 0.034071 0.490175
v -3.311965 0.027954 0.488686
v -3.312884 0.025339 0.487190
v -3.314350 0.023591 0.485017
v -3.316141 0.022978 0.482500
v -3.317983 0.023591 0.480020
v -3.319597 0.025339 0.477956
v -3.320738 0.027954 0.476621
v -3.321230 0.031039 0.476219
v -3.320999 0.034124 0.476811
v -3.320081 0.036740 0.478307
v -3.318615 0.038487 0.480479
v -3.316824 0.039101 0.482997
v -3.314981 0.038487 0.485477
v -3.313367 0.036740 0.487541
v -3.312227 0.034124 0.488876
v -3.311735 0.031039 0.489278
v -3.311836 0.030865 0.494800
v -3.312193 0.026096 0.493885
v -3.313612 0.022052 0.491572
v -3.315879 0.019351 0.488214
v -3.318647 0.018402 0.484323
v -3.321496 0.019351 0.480489
v -3.323992 0.022053 0.477298
v -3.325754 0.026096 0.475234
v -3.326514 0.030865 0.474613
v -3.326158 0.035634 0.475528
v -3.324739 0.039677 0.477841
v -3.322472 0.042379 0.481199
v -3.319704 0.043327 0.485091
v -3.316855 0.042379 0.488924
v -3.314360 0.039677 0.492115
v -3.312597 0.035634 0.494179
v -3.313187 0.027296 0.491154
v -3.314263 0.024233 0.489402
v -3.315980 0.022186 0.486857
v -3.318078 0.021467 0.483908
v -3.320236 0.022186 0.481004
v -3.322127 0.024233 0.478586
v -3.323462 0.027296 0.477022
v -3.324039 0.030910 0.476551
v -3.323769 0.034524 0.477245
v -3.322693 0.037587 0.478997
v -3.320976 0.039634 0.481542
v -3.318878 0.040353 0.484490
v -3.316720 0.039634 0.487395
v -3.314829 0.037587 0.489813
v -3.313493 0.034524 0.491377
v -3.312917 0.030910 0.491847
v -3.306532 0.029975 0.480181
v -3.306416 0.031536 0.480480
v -3.306997 0.028651 0.479424
v -3.307739 0.027767 0.478324
v -3.308645 0.027456 0.477050
v -3.309578 0.027767 0.475795
v -3.310395 0.028651 0.474751
v -3.310972 0.029975 0.474075
v -3.311221 0.031536 0.473872
v -3.311104 0.033097 0.474171
v -3.310639 0.034421 0.474928
v -3.309897 0.035305 0.476028
v -3.308991 0.035616 0.477302
v -3.308059 0.035305 0.478557
v -3.307242 0.034421 0.479601
v -3.306665 0.033097 0.480277
v -3.304698 0.031536 0.482843
v -3.304898 0.028858 0.482329
v -3.305695 0.026589 0.481030
v -3.306967 0.025072 0.479145
v -3.308522 0.024539 0.476960
v -3.310121 0.025072 0.474808
v -3.311522 0.026589 0.473017
v -3.312511 0.028858 0.471858
v -3.312938 0.031536 0.471509
v -3.312738 0.034213 0.472023
v -3.311941 0.036483 0.473321
v -3.310669 0.038000 0.475207
v -3.309115 0.038533 0.477392
v -3.307516 0.038000 0.479544
v -3.306115 0.036483 0.481335
v -3.305125 0.034213 0.482494
v -3.376721 0.084474 0.531526
v -3.377662 0.084474 0.530950
v -3.378680 0.084474 0.530327
v -3.374607 0.084471 0.537274
v -3.374388 0.084451 0.537575
v -3.374254 0.084396 0.537759
v -3.373363 0.084289 0.537209
v -3.372617 0.084289 0.536477
v -3.371945 0.084289 0.535675
v -3.371246 0.083015 0.534879
v -3.371258 0.083711 0.534872
v -3.371291 0.084095 0.534851
v -3.376132 0.084474 0.529929
v -3.377222 0.084474 0.529757
v -3.378401 0.084474 0.529570
v -3.370855 0.084289 0.533894
v -3.370446 0.084289 0.532932
v -3.370132 0.084289 0.531934
v -3.369791 0.083015 0.530931
v -3.369805 0.083711 0.530928
v -3.369843 0.084095 0.530922
v -3.376200 0.084474 0.528227
v -3.377272 0.084474 0.528485
v -3.378433 0.084474 0.528764
v -3.369807 0.084289 0.529871
v -3.369797 0.084289 0.528825
v -3.369889 0.084289 0.527784
v -3.369957 0.083015 0.526726
v -3.369971 0.083711 0.526730
v -3.370009 0.084095 0.526739
v -3.376913 0.084474 0.526681
v -3.377805 0.084474 0.527330
v -3.378771 0.084474 0.528032
v -3.370378 0.084289 0.525753
v -3.370769 0.084289 0.524784
v -3.371253 0.084289 0.523857
v -3.371720 0.083015 0.522905
v -3.371732 0.083711 0.522914
v -3.371764 0.084095 0.522937
v -3.378164 0.084474 0.525526
v -3.378740 0.084474 0.526466
v -3.379364 0.084474 0.527485
v -3.372481 0.084289 0.522167
v -3.373214 0.084289 0.521421
v -3.374015 0.084289 0.520750
v -3.374811 0.083015 0.520050
v -3.374819 0.083711 0.520063
v -3.374839 0.084095 0.520096
v -3.379762 0.084474 0.524937
v -3.379934 0.084474 0.526026
v -3.380120 0.084474 0.527206
v -3.375797 0.084289 0.519659
v -3.376759 0.084289 0.519250
v -3.377757 0.084289 0.518937
v -3.378760 0.083015 0.518595
v -3.378762 0.083711 0.518610
v -3.378768 0.084095 0.518648
v -3.381463 0.084474 0.525005
v -3.381205 0.084474 0.526077
v -3.380926 0.084474 0.527238
v -3.379819 0.084289 0.518611
v -3.380865 0.084289 0.518602
v -3.381907 0.084289 0.518694
v -3.382964 0.083015 0.518762
v -3.382961 0.083711 0.518776
v -3.382952 0.084095 0.518814
v -3.383009 0.084474 0.525718
v -3.382361 0.084474 0.526610
v -3.381659 0.084474 0.527576
v -3.383937 0.084289 0.519182
v -3.384907 0.084289 0.519574
v -3.385834 0.084289 0.520057
v -3.386785 0.083015 0.520525
v -3.386776 0.083711 0.520537
v -3.386754 0.084095 0.520568
v -3.384165 0.084474 0.526969
v -3.383224 0.084474 0.527545
v -3.382206 0.084474 0.528168
v -3.387523 0.084289 0.521286
v -3.388269 0.084289 0.522018
v -3.388940 0.084289 0.522820
v -3.389640 0.083015 0.523616
v -3.389628 0.083711 0.523624
v -3.389595 0.084095 0.523644
v -3.384753 0.084474 0.528566
v -3.383664 0.084474 0.528738
v -3.382485 0.084474 0.528925
v -3.390031 0.084289 0.524601
v -3.390440 0.084289 0.525564
v -3.390753 0.084289 0.526561
v -3.391095 0.083015 0.527564
v -3.391081 0.083711 0.527567
v -3.391042 0.084095 0.527573
v -3.384686 0.084474 0.530268
v -3.383614 0.084474 0.530010
v -3.382453 0.084474 0.529731
v -3.391079 0.084289 0.528624
v -3.391089 0.084289 0.529670
v -3.390996 0.084289 0.530711
v -3.390929 0.083015 0.531769
v -3.390914 0.083711 0.531766
v -3.390877 0.084095 0.531756
v -3.383972 0.084474 0.531814
v -3.383080 0.084474 0.531165
v -3.382115 0.084474 0.530463
v -3.390508 0.084289 0.532742
v -3.390117 0.084289 0.533712
v -3.389633 0.084289 0.534638
v -3.389165 0.083015 0.535590
v -3.389154 0.083711 0.535581
v -3.389122 0.084095 0.535558
v -3.382722 0.084474 0.532969
v -3.382146 0.084474 0.532029
v -3.381522 0.084474 0.531010
v -3.388405 0.084289 0.536328
v -3.387672 0.084289 0.537074
v -3.386870 0.084289 0.537745
v -3.386074 0.083015 0.538445
v -3.386067 0.083711 0.538433
v -3.386046 0.084095 0.538399
v -3.381124 0.084474 0.533558
v -3.380952 0.084474 0.532469
v -3.380765 0.084474 0.531289
v -3.385089 0.084289 0.538836
v -3.384127 0.084289 0.539245
v -3.383129 0.084289 0.539558
v -3.382126 0.083015 0.539900
v -3.382124 0.083711 0.539886
v -3.382118 0.084095 0.539847
v -3.379423 0.084474 0.533491
v -3.379680 0.084474 0.532418
v -3.379960 0.084474 0.531257
v -3.381066 0.084289 0.539884
v -3.380021 0.084289 0.539893
v -3.378979 0.084289 0.539801
v -3.377922 0.083015 0.539733
v -3.377925 0.083711 0.539719
v -3.377934 0.084095 0.539681
v -3.376949 0.084289 0.539313
v -3.375979 0.084289 0.538922
v -3.375052 0.084289 0.538438
v -3.371195 0.076975 0.534910
v -3.371229 0.078528 0.534889
v -3.371242 0.080293 0.534881
v -3.369732 0.076975 0.530940
v -3.369772 0.078528 0.530934
v -3.369787 0.080293 0.530931
v -3.369900 0.076975 0.526712
v -3.369939 0.078528 0.526722
v -3.369953 0.080293 0.526725
v -3.371673 0.076975 0.522871
v -3.371705 0.078528 0.522894
v -3.371717 0.080293 0.522903
v -3.374780 0.076975 0.520000
v -3.374801 0.078528 0.520034
v -3.374809 0.080293 0.520047
v -3.378751 0.076975 0.518537
v -3.378757 0.078528 0.518577
v -3.378759 0.080293 0.518591
v -3.382978 0.076975 0.518705
v -3.382969 0.078528 0.518744
v -3.382965 0.080293 0.518758
v -3.386820 0.076975 0.520477
v -3.386796 0.078528 0.520510
v -3.386787 0.080293 0.520522
v -3.389690 0.076975 0.523585
v -3.389656 0.078528 0.523606
v -3.389644 0.080293 0.523614
v -3.391154 0.076975 0.527555
v -3.391114 0.078528 0.527561
v -3.391099 0.080293 0.527564
v -3.390986 0.076975 0.531783
v -3.390947 0.078528 0.531773
v -3.390933 0.080293 0.531770
v -3.389213 0.076975 0.535624
v -3.389181 0.078528 0.535601
v -3.389169 0.080293 0.535592
v -3.386105 0.076975 0.538495
v -3.386084 0.078528 0.538461
v -3.386076 0.080293 0.538448
v -3.382135 0.076975 0.539958
v -3.382129 0.078528 0.539918
v -3.382127 0.080293 0.539904
v -3.377908 0.076975 0.539791
v -3.377917 0.078528 0.539751
v -3.377921 0.080293 0.539737
v -3.374132 0.084095 0.537927
v -3.374109 0.083711 0.537958
v -3.374101 0.083015 0.537970
v -3.373275 0.081889 0.537308
v -3.372520 0.081888 0.536566
v -3.371840 0.081889 0.535754
v -3.370736 0.081889 0.533951
v -3.370322 0.081888 0.532977
v -3.370005 0.081889 0.531967
v -3.369675 0.081889 0.529879
v -3.369666 0.081888 0.528820
v -3.369759 0.081889 0.527766
v -3.370253 0.081889 0.525710
v -3.370649 0.081888 0.524728
v -3.371139 0.081889 0.523790
v -3.372383 0.081889 0.522080
v -3.373124 0.081888 0.521325
v -3.373936 0.081889 0.520645
v -3.375739 0.081889 0.519541
v -3.376713 0.081888 0.519127
v -3.377723 0.081889 0.518810
v -3.379812 0.081889 0.518480
v -3.380870 0.081888 0.518470
v -3.381925 0.081889 0.518564
v -3.383980 0.081889 0.519058
v -3.384962 0.081888 0.519454
v -3.385900 0.081889 0.519944
v -3.387610 0.081889 0.521187
v -3.388366 0.081888 0.521929
v -3.389045 0.081889 0.522741
v -3.390149 0.081889 0.524544
v -3.390563 0.081888 0.525518
v -3.390881 0.081889 0.526528
v -3.391211 0.081889 0.528616
v -3.391220 0.081888 0.529675
v -3.391127 0.081889 0.530729
v -3.390632 0.081889 0.532785
v -3.390236 0.081888 0.533767
v -3.389746 0.081889 0.534705
v -3.388503 0.081889 0.536415
v -3.387761 0.081888 0.537170
v -3.386950 0.081889 0.537850
v -3.385147 0.081889 0.538954
v -3.384172 0.081888 0.539368
v -3.383162 0.081889 0.539685
v -3.381074 0.081889 0.540015
v -3.380016 0.081888 0.540025
v -3.378961 0.081889 0.539931
v -3.376905 0.081889 0.539437
v -3.375924 0.081888 0.539041
v -3.374985 0.081889 0.538551
v -3.373946 0.075916 0.538183
v -3.373847 0.076456 0.538320
v -3.373724 0.077299 0.538487
v -3.372693 0.078109 0.537962
v -3.371876 0.078109 0.537160
v -3.371142 0.078109 0.536283
v -3.369948 0.078109 0.534333
v -3.369500 0.078109 0.533280
v -3.369158 0.078109 0.532188
v -3.368801 0.078109 0.529930
v -3.368790 0.078109 0.528785
v -3.368891 0.078109 0.527645
v -3.369426 0.078109 0.525423
v -3.369854 0.078109 0.524361
v -3.370384 0.078109 0.523347
v -3.371728 0.078109 0.521498
v -3.372530 0.078109 0.520681
v -3.373408 0.078110 0.519947
v -3.375357 0.078109 0.518753
v -3.376410 0.078109 0.518305
v -3.377502 0.078110 0.517962
v -3.379761 0.078109 0.517605
v -3.380905 0.078109 0.517595
v -3.382045 0.078110 0.517696
v -3.384268 0.078109 0.518230
v -3.385329 0.078109 0.518659
v -3.386343 0.078110 0.519188
v -3.388192 0.078109 0.520533
v -3.389009 0.078109 0.521335
v -3.389744 0.078109 0.522212
v -3.390938 0.078109 0.524162
v -3.391385 0.078109 0.525215
v -3.391728 0.078109 0.526307
v -3.392085 0.078109 0.528565
v -3.392096 0.078109 0.529710
v -3.391994 0.078109 0.530850
v -3.391460 0.078109 0.533072
v -3.391032 0.078109 0.534134
v -3.390502 0.078109 0.535148
v -3.389158 0.078109 0.536997
v -3.388356 0.078109 0.537814
v -3.387478 0.078109 0.538549
v -3.385529 0.078109 0.539742
v -3.384475 0.078109 0.540190
v -3.383383 0.078109 0.540533
v -3.381125 0.078109 0.540890
v -3.379981 0.078109 0.540900
v -3.378841 0.078109 0.540799
v -3.376618 0.078109 0.540265
v -3.375557 0.078109 0.539836
v -3.374542 0.078109 0.539307
v -3.370700 0.077299 0.535213
v -3.370877 0.076456 0.535105
v -3.371022 0.075916 0.535016
v -3.369159 0.077299 0.531031
v -3.369363 0.076456 0.530998
v -3.369531 0.075916 0.530972
v -3.369335 0.077299 0.526577
v -3.369537 0.076456 0.526625
v -3.369702 0.075916 0.526665
v -3.371203 0.077299 0.522529
v -3.371371 0.076456 0.522651
v -3.371508 0.075916 0.522751
v -3.374477 0.077299 0.519505
v -3.374586 0.076456 0.519681
v -3.374674 0.075916 0.519826
v -3.378660 0.077299 0.517963
v -3.378692 0.076456 0.518168
v -3.378719 0.075916 0.518336
v -3.383114 0.077299 0.518140
v -3.383065 0.076456 0.518341
v -3.383026 0.075916 0.518507
v -3.387161 0.077299 0.520008
v -3.387039 0.076456 0.520175
v -3.386940 0.075916 0.520313
v -3.390186 0.077299 0.523282
v -3.390009 0.076456 0.523390
v -3.389864 0.075916 0.523479
v -3.391727 0.077299 0.527465
v -3.391522 0.076456 0.527497
v -3.391355 0.075916 0.527523
v -3.391551 0.077299 0.531918
v -3.391349 0.076456 0.531870
v -3.391184 0.075916 0.531830
v -3.389683 0.077299 0.535966
v -3.389515 0.076456 0.535844
v -3.389378 0.075916 0.535744
v -3.386409 0.077299 0.538990
v -3.386300 0.076456 0.538814
v -3.386212 0.075916 0.538669
v -3.382226 0.077299 0.540532
v -3.382194 0.076456 0.540327
v -3.382167 0.075916 0.540159
v -3.377772 0.077299 0.540355
v -3.377820 0.076456 0.540154
v -3.377860 0.075916 0.539989
v -3.374098 0.080293 0.537973
v -3.374090 0.078528 0.537985
v -3.374066 0.076975 0.538018
v -3.376861 0.076017 0.539565
v -3.375867 0.076017 0.539164
v -3.374917 0.076017 0.538668
v -3.381082 0.076017 0.540150
v -3.380010 0.076017 0.540160
v -3.378942 0.076017 0.540065
v -3.385206 0.076017 0.539076
v -3.384219 0.076017 0.539495
v -3.383196 0.076017 0.539816
v -3.388604 0.076017 0.536505
v -3.387853 0.076017 0.537270
v -3.387031 0.076017 0.537958
v -3.390760 0.076017 0.532829
v -3.390359 0.076017 0.533823
v -3.389863 0.076017 0.534773
v -3.391345 0.076017 0.528608
v -3.391355 0.076017 0.529680
v -3.391261 0.076017 0.530748
v -3.390271 0.076017 0.524485
v -3.390690 0.076017 0.525471
v -3.391011 0.076017 0.526494
v -3.387700 0.076017 0.521086
v -3.388465 0.076017 0.521837
v -3.389153 0.076017 0.522659
v -3.384025 0.076017 0.518930
v -3.385019 0.076017 0.519331
v -3.385969 0.076017 0.519827
v -3.379804 0.076017 0.518345
v -3.380876 0.076017 0.518335
v -3.381943 0.076017 0.518430
v -3.375680 0.076017 0.519420
v -3.376667 0.076017 0.519000
v -3.377689 0.076017 0.518679
v -3.372282 0.076017 0.521990
v -3.373033 0.076017 0.521225
v -3.373855 0.076017 0.520537
v -3.370126 0.076017 0.525666
v -3.370527 0.076017 0.524672
v -3.371023 0.076017 0.523722
v -3.369540 0.076017 0.529887
v -3.369530 0.076017 0.528815
v -3.369625 0.076017 0.527747
v -3.370615 0.076017 0.534010
v -3.370196 0.076017 0.533024
v -3.369874 0.076017 0.532001
v -3.373186 0.076017 0.537409
v -3.372421 0.076017 0.536658
v -3.371733 0.076017 0.535836
v -3.373127 0.084474 0.533727
v -3.373941 0.084474 0.533229
v -3.374847 0.084474 0.532674
v -3.379227 0.084474 0.530919
v -3.378525 0.084474 0.531885
v -3.377877 0.084474 0.532777
v -3.371969 0.084474 0.530587
v -3.372912 0.084474 0.530437
v -3.373961 0.084474 0.530272
v -3.372102 0.084474 0.527242
v -3.373030 0.084474 0.527465
v -3.374063 0.084474 0.527713
v -3.373504 0.084474 0.524202
v -3.374277 0.084474 0.524764
v -3.375135 0.084474 0.525389
v -3.375963 0.084474 0.521931
v -3.376462 0.084474 0.522746
v -3.377016 0.084474 0.523651
v -3.379104 0.084474 0.520774
v -3.379253 0.084474 0.521717
v -3.379419 0.084474 0.522766
v -3.382449 0.084474 0.520906
v -3.382225 0.084474 0.521835
v -3.381977 0.084474 0.522867
v -3.385488 0.084474 0.522309
v -3.384926 0.084474 0.523081
v -3.384302 0.084474 0.523940
v -3.387759 0.084474 0.524768
v -3.386945 0.084474 0.525266
v -3.386039 0.084474 0.525821
v -3.388917 0.084474 0.527909
v -3.387973 0.084474 0.528058
v -3.386925 0.084474 0.528223
v -3.388784 0.084474 0.531253
v -3.387856 0.084474 0.531030
v -3.386823 0.084474 0.530782
v -3.387382 0.084474 0.534293
v -3.386609 0.084474 0.533731
v -3.385750 0.084474 0.533107
v -3.384923 0.084474 0.536564
v -3.384424 0.084474 0.535749
v -3.383869 0.084474 0.534844
v -3.381782 0.084474 0.537721
v -3.381633 0.084474 0.536778
v -3.381467 0.084474 0.535729
v -3.378437 0.084474 0.537589
v -3.378660 0.084474 0.536660
v -3.378909 0.084474 0.535628
v -3.378638 0.084474 0.534427
v -3.378134 0.084474 0.534251
v -3.377673 0.084474 0.533982
v -3.380758 0.084474 0.534723
v -3.380224 0.084474 0.534754
v -3.379696 0.084474 0.534681
v -3.382829 0.084474 0.534186
v -3.382348 0.084474 0.534418
v -3.381832 0.084474 0.534554
v -3.384537 0.084474 0.532897
v -3.384182 0.084474 0.533296
v -3.383757 0.084474 0.533618
v -3.385622 0.084474 0.531052
v -3.385447 0.084474 0.531556
v -3.385177 0.084474 0.532017
v -3.385919 0.084474 0.528933
v -3.385949 0.084474 0.529466
v -3.385876 0.084474 0.529995
v -3.385381 0.084474 0.526861
v -3.385614 0.084474 0.527342
v -3.385749 0.084474 0.527859
v -3.384092 0.084474 0.525153
v -3.384491 0.084474 0.525508
v -3.384813 0.084474 0.525934
v -3.382248 0.084474 0.524068
v -3.382752 0.084474 0.524244
v -3.383213 0.084474 0.524513
v -3.380128 0.084474 0.523772
v -3.380661 0.084474 0.523741
v -3.381190 0.084474 0.523814
v -3.378057 0.084474 0.524309
v -3.378537 0.084474 0.524077
v -3.379054 0.084474 0.523942
v -3.376348 0.084474 0.525598
v -3.376704 0.084474 0.525200
v -3.377129 0.084474 0.524877
v -3.375263 0.084474 0.527443
v -3.375439 0.084474 0.526939
v -3.375709 0.084474 0.526478
v -3.374967 0.084474 0.529562
v -3.374937 0.084474 0.529029
v -3.375009 0.084474 0.528500
v -3.375504 0.084474 0.531634
v -3.375272 0.084474 0.531153
v -3.375137 0.084474 0.530637
v -3.376793 0.084474 0.533342
v -3.376395 0.084474 0.532987
v -3.376072 0.084474 0.532561
v -3.376584 0.084474 0.534555
v -3.375959 0.084474 0.535414
v -3.375398 0.084474 0.536186
v -3.371468 0.084396 0.534743
v -3.371662 0.084451 0.534624
v -3.371979 0.084471 0.534430
v -3.370048 0.084396 0.530890
v -3.370273 0.084451 0.530855
v -3.370640 0.084471 0.530797
v -3.370211 0.084396 0.526787
v -3.370432 0.084451 0.526840
v -3.370794 0.084471 0.526927
v -3.371931 0.084396 0.523059
v -3.372115 0.084451 0.523193
v -3.372416 0.084471 0.523411
v -3.374948 0.084396 0.520273
v -3.375067 0.084451 0.520467
v -3.375261 0.084471 0.520784
v -3.378800 0.084396 0.518853
v -3.378836 0.084451 0.519078
v -3.378894 0.084471 0.519445
v -3.382903 0.084396 0.519015
v -3.382850 0.084451 0.519237
v -3.382763 0.084471 0.519598
v -3.386632 0.084396 0.520736
v -3.386498 0.084451 0.520920
v -3.386279 0.084471 0.521221
v -3.389418 0.084396 0.523752
v -3.389224 0.084451 0.523871
v -3.388906 0.084471 0.524065
v -3.390838 0.084396 0.527605
v -3.390613 0.084451 0.527641
v -3.390245 0.084471 0.527699
v -3.390675 0.084396 0.531708
v -3.390453 0.084451 0.531655
v -3.390092 0.084471 0.531568
v -3.388955 0.084396 0.535436
v -3.388770 0.084451 0.535302
v -3.388470 0.084471 0.535084
v -3.385938 0.084396 0.538222
v -3.385819 0.084451 0.538028
v -3.385625 0.084471 0.537711
v -3.382085 0.084396 0.539642
v -3.382050 0.084451 0.539417
v -3.381992 0.084471 0.539050
v -3.377982 0.084396 0.539480
v -3.378036 0.084451 0.539258
v -3.378123 0.084471 0.538897
v -3.377373 0.084474 0.538091
v -3.376521 0.084474 0.537747
v -3.375706 0.084474 0.537322
v -3.380991 0.084474 0.538593
v -3.380072 0.084474 0.538601
v -3.379157 0.084474 0.538520
v -3.384525 0.084474 0.537672
v -3.383680 0.084474 0.538031
v -3.382803 0.084474 0.538306
v -3.387438 0.084474 0.535468
v -3.386795 0.084474 0.536124
v -3.386090 0.084474 0.536713
v -3.389286 0.084474 0.532318
v -3.388942 0.084474 0.533170
v -3.388517 0.084474 0.533984
v -3.389788 0.084474 0.528700
v -3.389796 0.084474 0.529618
v -3.389715 0.084474 0.530534
v -3.388867 0.084474 0.525165
v -3.389226 0.084474 0.526011
v -3.389502 0.084474 0.526887
v -3.386663 0.084474 0.522252
v -3.387319 0.084474 0.522896
v -3.387909 0.084474 0.523600
v -3.383513 0.084474 0.520404
v -3.384365 0.084474 0.520748
v -3.385179 0.084474 0.521173
v -3.379895 0.084474 0.519902
v -3.380814 0.084474 0.519894
v -3.381729 0.084474 0.519975
v -3.376361 0.084474 0.520823
v -3.377206 0.084474 0.520464
v -3.378083 0.084474 0.520189
v -3.373448 0.084474 0.523027
v -3.374091 0.084474 0.522371
v -3.374796 0.084474 0.521782
v -3.371599 0.084474 0.526177
v -3.371943 0.084474 0.525325
v -3.372368 0.084474 0.524511
v -3.371098 0.084474 0.529795
v -3.371089 0.084474 0.528877
v -3.371171 0.084474 0.527962
v -3.372019 0.084474 0.533330
v -3.371660 0.084474 0.532484
v -3.371384 0.084474 0.531608
v -3.374222 0.084474 0.536243
v -3.373567 0.084474 0.535599
v -3.372977 0.084474 0.534895
v -3.306991 0.030288 0.479578
v -3.307453 0.030603 0.478971
v -3.307953 0.030945 0.478314
v -3.304453 0.031536 0.483185
v -3.304306 0.031535 0.483422
v -3.304250 0.031532 0.483592
v -3.304268 0.030746 0.483679
v -3.304303 0.029973 0.483562
v -3.304383 0.029215 0.483385
v -3.319808 0.030428 0.498016
v -3.321151 0.030427 0.496209
v -3.322838 0.030426 0.493905
v -3.322989 0.028406 0.493517
v -3.321384 0.027315 0.495612
v -3.320105 0.026456 0.497253
v -3.318902 0.026928 0.498870
v -3.318744 0.028053 0.499188
v -3.318731 0.029226 0.499311
v -3.317113 0.030471 0.500324
v -3.317600 0.030447 0.500434
v -3.318097 0.030435 0.500133
v -3.305480 0.028375 0.483969
v -3.304925 0.028416 0.483553
v -3.304631 0.028447 0.483305
v -3.307362 0.029230 0.478973
v -3.307730 0.029812 0.478519
v -3.308129 0.030444 0.478027
v -3.304673 0.027773 0.482857
v -3.304882 0.027102 0.482511
v -3.305129 0.026474 0.482115
v -3.323590 0.026693 0.492538
v -3.322310 0.024678 0.494103
v -3.321287 0.023090 0.495328
v -3.320035 0.022756 0.496941
v -3.319629 0.023661 0.497579
v -3.319351 0.024704 0.498056
v -3.306399 0.025760 0.482473
v -3.305842 0.025804 0.482059
v -3.305545 0.025845 0.481817
v -3.307956 0.028523 0.478094
v -3.308174 0.029284 0.477862
v -3.308410 0.030109 0.477611
v -3.305732 0.025371 0.481187
v -3.306082 0.024905 0.480664
v -3.306460 0.024503 0.480109
v -3.324550 0.025549 0.491115
v -3.323789 0.022915 0.491913
v -3.323175 0.020840 0.492531
v -3.322057 0.019751 0.493892
v -3.321466 0.020300 0.494753
v -3.320965 0.021053 0.495510
v -3.307864 0.024013 0.480301
v -3.307306 0.024059 0.479890
v -3.307003 0.024106 0.479656
v -3.308680 0.028274 0.477075
v -3.308715 0.029099 0.477101
v -3.308753 0.029991 0.477128
v -3.307284 0.023906 0.478922
v -3.307722 0.023716 0.478302
v -3.308172 0.023601 0.477673
v -3.325722 0.025147 0.489467
v -3.325594 0.022296 0.489374
v -3.325480 0.020050 0.489291
v -3.324662 0.018373 0.490186
v -3.323976 0.018480 0.491140
v -3.323328 0.018830 0.492062
v -3.309655 0.023399 0.477784
v -3.309094 0.023447 0.477376
v -3.308785 0.023496 0.477152
v -3.309426 0.028523 0.476072
v -3.309272 0.029284 0.476351
v -3.309106 0.030109 0.476653
v -3.309092 0.023601 0.476409
v -3.309552 0.023716 0.475786
v -3.310006 0.023906 0.475178
v -3.326929 0.025549 0.487843
v -3.327453 0.022915 0.486873
v -3.327852 0.020840 0.486098
v -3.327453 0.018830 0.486389
v -3.326775 0.018480 0.487290
v -3.326080 0.018373 0.488237
v -3.311497 0.024013 0.475305
v -3.310934 0.024059 0.474900
v -3.310618 0.024106 0.474685
v -3.310079 0.029230 0.475237
v -3.309760 0.029812 0.475727
v -3.309415 0.030443 0.476258
v -3.310881 0.024503 0.474028
v -3.311293 0.024905 0.473498
v -3.311682 0.025371 0.473004
v -3.327986 0.026693 0.486491
v -3.329081 0.024678 0.484791
v -3.329930 0.023090 0.483441
v -3.330004 0.021053 0.483078
v -3.329439 0.020300 0.483788
v -3.328802 0.019751 0.484616
v -3.313111 0.025760 0.473241
v -3.312546 0.025804 0.472839
v -3.312224 0.025845 0.472631
v -3.310540 0.030288 0.474697
v -3.310105 0.030603 0.475323
v -3.309634 0.030945 0.476002
v -3.312379 0.026475 0.472144
v -3.312680 0.027102 0.471786
v -3.312945 0.027773 0.471481
v -3.328733 0.028406 0.485617
v -3.330231 0.027315 0.483445
v -3.331398 0.026456 0.481723
v -3.331928 0.024704 0.480758
v -3.331561 0.023661 0.481169
v -3.331079 0.022756 0.481752
v -3.314251 0.028375 0.471906
v -3.313684 0.028416 0.471506
v -3.313358 0.028447 0.471303
v -3.310739 0.031536 0.474534
v -3.310254 0.031536 0.475202
v -3.309728 0.031536 0.475925
v -3.313358 0.029215 0.471042
v -3.313501 0.029973 0.470912
v -3.313602 0.030746 0.470842
v -3.329055 0.030426 0.485354
v -3.330727 0.030427 0.483040
v -3.332031 0.030428 0.481205
v -3.332932 0.029227 0.479780
v -3.332819 0.028053 0.479831
v -3.332565 0.026928 0.480080
v -3.314743 0.031460 0.471505
v -3.314175 0.031496 0.471105
v -3.313848 0.031516 0.470903
v -3.310646 0.032784 0.474774
v -3.310184 0.032469 0.475381
v -3.309684 0.032127 0.476038
v -3.313668 0.032307 0.470891
v -3.313633 0.033080 0.471007
v -3.313553 0.033838 0.471184
v -3.328904 0.032446 0.485742
v -3.330494 0.033538 0.483637
v -3.331734 0.034399 0.481968
v -3.332862 0.033932 0.480296
v -3.333020 0.032807 0.479978
v -3.333034 0.031634 0.479855
v -3.314512 0.034544 0.472097
v -3.313945 0.034576 0.471696
v -3.313618 0.034585 0.471492
v -3.310274 0.033842 0.475379
v -3.309906 0.033260 0.475833
v -3.309508 0.032628 0.476325
v -3.313263 0.035280 0.471713
v -3.313055 0.035950 0.472059
v -3.312807 0.036578 0.472455
v -3.328303 0.034159 0.486722
v -3.329568 0.036176 0.485145
v -3.330552 0.037766 0.483893
v -3.331729 0.038105 0.482225
v -3.332135 0.037199 0.481587
v -3.332414 0.036156 0.481110
v -3.313594 0.037159 0.473592
v -3.313028 0.037188 0.473190
v -3.312705 0.037187 0.472980
v -3.309681 0.034549 0.476258
v -3.309463 0.033788 0.476490
v -3.309227 0.032963 0.476741
v -3.312204 0.037682 0.473383
v -3.311854 0.038147 0.473906
v -3.311476 0.038549 0.474461
v -3.327343 0.035303 0.488144
v -3.328090 0.037938 0.487336
v -3.328665 0.040016 0.486689
v -3.329707 0.041109 0.485274
v -3.330298 0.040561 0.484413
v -3.330799 0.039807 0.483656
v -3.312129 0.038906 0.475764
v -3.311564 0.038933 0.475359
v -3.311246 0.038926 0.475141
v -3.308957 0.034798 0.477277
v -3.308922 0.033973 0.477251
v -3.308884 0.033081 0.477224
v -3.310652 0.039147 0.475648
v -3.310214 0.039336 0.476267
v -3.309764 0.039451 0.476897
v -3.326170 0.035705 0.489792
v -3.326284 0.038557 0.489875
v -3.326360 0.040806 0.489930
v -3.327102 0.042488 0.488980
v -3.327789 0.042380 0.488026
v -3.328436 0.042030 0.487104
v -3.310338 0.039520 0.478281
v -3.309776 0.039545 0.477872
v -3.309465 0.039536 0.477646
v -3.308211 0.034549 0.478280
v -3.308364 0.033788 0.478001
v -3.308531 0.032963 0.477699
v -3.308844 0.039451 0.478161
v -3.308384 0.039336 0.478784
v -3.307930 0.039147 0.479392
v -3.324963 0.035303 0.491416
v -3.324425 0.037938 0.492376
v -3.323987 0.040016 0.493122
v -3.324311 0.042030 0.492777
v -3.324989 0.042380 0.491876
v -3.325684 0.042488 0.490929
v -3.308496 0.038906 0.480760
v -3.307936 0.038933 0.480348
v -3.307631 0.038926 0.480113
v -3.307558 0.033842 0.479115
v -3.307876 0.033259 0.478625
v -3.308221 0.032629 0.478094
v -3.307055 0.038549 0.480542
v -3.306643 0.038147 0.481072
v -3.306254 0.037682 0.481566
v -3.323906 0.034159 0.492768
v -3.322797 0.036176 0.494458
v -3.321909 0.037766 0.495780
v -3.321760 0.039807 0.496088
v -3.322325 0.040561 0.495378
v -3.322963 0.041109 0.494550
v -3.306882 0.037159 0.482824
v -3.306324 0.037188 0.482410
v -3.306026 0.037187 0.482167
v -3.307097 0.032784 0.479655
v -3.307532 0.032469 0.479029
v -3.308003 0.032127 0.478350
v -3.305557 0.036578 0.482426
v -3.305257 0.035950 0.482784
v -3.304991 0.035280 0.483088
v -3.323160 0.032446 0.493642
v -3.321648 0.033538 0.495804
v -3.320442 0.034399 0.497498
v -3.319836 0.036156 0.498409
v -3.320203 0.037199 0.497997
v -3.320686 0.038105 0.497414
v -3.305742 0.034544 0.484159
v -3.305186 0.034576 0.483742
v -3.304891 0.034585 0.483495
v -3.304579 0.033838 0.483528
v -3.304435 0.033080 0.483658
v -3.304334 0.032307 0.483727
v -3.318833 0.031634 0.499386
v -3.318946 0.032807 0.499335
v -3.319200 0.033932 0.499086
v -3.313287 0.030720 0.497502
v -3.314383 0.030647 0.498352
v -3.315502 0.030575 0.499184
v -3.318472 0.025425 0.499171
v -3.317990 0.025232 0.499433
v -3.317509 0.025180 0.499308
v -3.319963 0.021177 0.496741
v -3.319543 0.020811 0.496904
v -3.319083 0.020695 0.496743
v -3.322344 0.018339 0.493214
v -3.322021 0.017857 0.493232
v -3.321598 0.017698 0.493018
v -3.325253 0.017343 0.489125
v -3.325048 0.016819 0.488977
v -3.324669 0.016646 0.488701
v -3.328245 0.018339 0.485098
v -3.328163 0.017857 0.484785
v -3.327829 0.017698 0.484448
v -3.330867 0.021177 0.481745
v -3.330892 0.020810 0.481295
v -3.330597 0.020695 0.480908
v -3.332718 0.025425 0.479577
v -3.332819 0.025232 0.479039
v -3.332552 0.025180 0.478619
v -3.333518 0.030435 0.478925
v -3.333651 0.030447 0.478359
v -3.333396 0.030471 0.477930
v -3.333143 0.035445 0.479886
v -3.333261 0.035662 0.479360
v -3.333000 0.035762 0.478945
v -3.331652 0.039693 0.482316
v -3.331709 0.040083 0.481889
v -3.331426 0.040247 0.481511
v -3.329271 0.042531 0.485843
v -3.329231 0.043037 0.485561
v -3.328912 0.043244 0.485235
v -3.326362 0.043528 0.489932
v -3.326203 0.044075 0.489817
v -3.325841 0.044296 0.489553
v -3.323370 0.042531 0.493959
v -3.323088 0.043037 0.494008
v -3.322680 0.043244 0.493805
v -3.320748 0.039693 0.497312
v -3.320359 0.040083 0.497498
v -3.319912 0.040247 0.497346
v -3.318897 0.035445 0.499480
v -3.318433 0.035662 0.499754
v -3.317957 0.035761 0.499635
v -3.316976 0.034534 0.499520
v -3.316726 0.033215 0.499746
v -3.316551 0.031870 0.499867
v -3.318678 0.039301 0.497603
v -3.318155 0.038208 0.498225
v -3.317694 0.037043 0.498755
v -3.321284 0.042730 0.494325
v -3.320568 0.042030 0.495247
v -3.319890 0.041221 0.496107
v -3.324397 0.044298 0.490184
v -3.323596 0.044099 0.491267
v -3.322806 0.043769 0.492325
v -3.327542 0.043769 0.485811
v -3.326779 0.044099 0.486889
v -3.325996 0.044299 0.487985
v -3.330241 0.041221 0.481872
v -3.329632 0.042030 0.482781
v -3.328975 0.042730 0.483747
v -3.332083 0.037042 0.478966
v -3.331721 0.038208 0.479568
v -3.331290 0.039301 0.480257
v -3.332788 0.031870 0.477536
v -3.332727 0.033215 0.477739
v -3.332588 0.034534 0.478047
v -3.332248 0.026491 0.477799
v -3.332498 0.027810 0.477572
v -3.332673 0.029155 0.477452
v -3.330545 0.021725 0.479716
v -3.331068 0.022817 0.479094
v -3.331529 0.023983 0.478563
v -3.327939 0.018296 0.482994
v -3.328655 0.018995 0.482071
v -3.329333 0.019804 0.481212
v -3.324827 0.016727 0.487135
v -3.325627 0.016927 0.486052
v -3.326418 0.017256 0.484994
v -3.321682 0.017256 0.491508
v -3.322444 0.016927 0.490429
v -3.323228 0.016727 0.489334
v -3.318983 0.019804 0.495447
v -3.319592 0.018995 0.494537
v -3.320249 0.018295 0.493572
v -3.317141 0.023983 0.498353
v -3.317503 0.022817 0.497750
v -3.317933 0.021725 0.497061
v -3.316436 0.029155 0.499783
v -3.316497 0.027810 0.499580
v -3.316635 0.026491 0.499272
v -3.310710 0.028036 0.487773
v -3.309209 0.028133 0.486681
v -3.307692 0.028231 0.485578
v -3.311628 0.025420 0.486277
v -3.310127 0.025517 0.485185
v -3.308610 0.025616 0.484082
v -3.313095 0.023673 0.484105
v -3.311593 0.023770 0.483013
v -3.310076 0.023868 0.481910
v -3.314885 0.023059 0.481587
v -3.313384 0.023156 0.480495
v -3.311867 0.023255 0.479392
v -3.316728 0.023673 0.479107
v -3.315226 0.023770 0.478016
v -3.313709 0.023868 0.476913
v -3.318342 0.025420 0.477043
v -3.316841 0.025517 0.475951
v -3.315324 0.025616 0.474848
v -3.319482 0.028036 0.475708
v -3.317981 0.028133 0.474617
v -3.316464 0.028231 0.473513
v -3.319974 0.031121 0.475306
v -3.318473 0.031218 0.474215
v -3.316956 0.031316 0.473112
v -3.319744 0.034206 0.475898
v -3.318242 0.034303 0.474807
v -3.316725 0.034401 0.473704
v -3.318825 0.036821 0.477394
v -3.317324 0.036918 0.476303
v -3.315807 0.037017 0.475200
v -3.317359 0.038569 0.479567
v -3.315858 0.038666 0.478475
v -3.314341 0.038764 0.477372
v -3.315569 0.039182 0.482084
v -3.314067 0.039280 0.480992
v -3.312550 0.039378 0.479889
v -3.313726 0.038569 0.484564
v -3.312224 0.038666 0.483472
v -3.310707 0.038764 0.482369
v -3.312112 0.036821 0.486628
v -3.310610 0.036918 0.485536
v -3.309093 0.037017 0.484433
v -3.310972 0.034206 0.487963
v -3.309470 0.034303 0.486871
v -3.307953 0.034401 0.485768
v -3.304402 0.031516 0.483894
v -3.304695 0.031496 0.484144
v -3.305250 0.031460 0.484561
v -3.306149 0.030611 0.485168
v -3.306184 0.029828 0.485049
v -3.306265 0.029061 0.484870
v -3.306559 0.027601 0.484335
v -3.306770 0.026922 0.483985
v -3.307020 0.026287 0.483584
v -3.307631 0.025169 0.482644
v -3.307985 0.024698 0.482115
v -3.308367 0.024291 0.481553
v -3.309202 0.023686 0.480352
v -3.309645 0.023494 0.479724
v -3.310101 0.023378 0.479087
v -3.311032 0.023378 0.477807
v -3.311498 0.023494 0.477177
v -3.311958 0.023686 0.476561
v -3.312843 0.024291 0.475398
v -3.313260 0.024698 0.474861
v -3.313654 0.025169 0.474360
v -3.314360 0.026287 0.473490
v -3.314664 0.026922 0.473128
v -3.314932 0.027601 0.472819
v -3.315350 0.029060 0.472374
v -3.315496 0.029828 0.472243
v -3.315598 0.030611 0.472172
v -3.315665 0.032191 0.472221
v -3.315629 0.032973 0.472339
v -3.315549 0.033741 0.472519
v -3.315254 0.035201 0.473053
v -3.315044 0.035879 0.473404
v -3.314793 0.036515 0.473805
v -3.314183 0.037632 0.474744
v -3.313828 0.038103 0.475274
v -3.313446 0.038510 0.475836
v -3.312612 0.039115 0.477037
v -3.312168 0.039307 0.477664
v -3.311712 0.039423 0.478302
v -3.310781 0.039423 0.479582
v -3.310316 0.039307 0.480212
v -3.309855 0.039115 0.480828
v -3.308970 0.038510 0.481991
v -3.308553 0.038103 0.482528
v -3.308159 0.037632 0.483029
v -3.307454 0.036515 0.483899
v -3.307149 0.035879 0.484261
v -3.306881 0.035201 0.484570
v -3.306463 0.033741 0.485014
v -3.306317 0.032973 0.485146
v -3.306216 0.032191 0.485216
v -3.312570 0.030985 0.489887
v -3.313035 0.030955 0.490245
v -3.313241 0.030940 0.490446
v -3.315898 0.025274 0.498167
v -3.314779 0.025353 0.497336
v -3.313681 0.025442 0.496489
v -3.317476 0.020780 0.495597
v -3.316355 0.020864 0.494768
v -3.315252 0.020967 0.493930
v -3.319994 0.017778 0.491865
v -3.318871 0.017865 0.491040
v -3.317761 0.017977 0.490213
v -3.323071 0.016723 0.487539
v -3.321944 0.016812 0.486720
v -3.320825 0.016927 0.485906
v -3.326237 0.017778 0.483279
v -3.325107 0.017865 0.482464
v -3.323977 0.017977 0.481663
v -3.329011 0.020780 0.479732
v -3.327877 0.020864 0.478921
v -3.326740 0.020967 0.478131
v -3.330969 0.025274 0.477439
v -3.329834 0.025353 0.476630
v -3.328690 0.025442 0.475847
v -3.331815 0.030574 0.476748
v -3.330678 0.030647 0.475941
v -3.329532 0.030720 0.475159
v -3.331419 0.035875 0.477765
v -3.330282 0.035942 0.476957
v -3.329138 0.035999 0.476172
v -3.329841 0.040368 0.480336
v -3.328707 0.040431 0.479524
v -3.327566 0.040474 0.478732
v -3.327322 0.043371 0.484067
v -3.326190 0.043430 0.483252
v -3.325058 0.043464 0.482448
v -3.324245 0.044425 0.488393
v -3.323117 0.044483 0.487573
v -3.321994 0.044514 0.486756
v -3.321079 0.043371 0.492653
v -3.319955 0.043430 0.491828
v -3.318841 0.043464 0.490999
v -3.318306 0.040368 0.496200
v -3.317184 0.040431 0.495371
v -3.316079 0.040474 0.494531
v -3.316347 0.035875 0.498494
v -3.315228 0.035942 0.497662
v -3.314128 0.035999 0.496815
v -3.313283 0.030129 0.490527
v -3.313319 0.029333 0.490407
v -3.313401 0.028552 0.490224
v -3.313701 0.027067 0.489680
v -3.313915 0.026377 0.489324
v -3.314170 0.025731 0.488916
v -3.314791 0.024594 0.487960
v -3.315152 0.024114 0.487422
v -3.315541 0.023701 0.486850
v -3.316389 0.023085 0.485628
v -3.316840 0.022890 0.484990
v -3.317304 0.022772 0.484341
v -3.318251 0.022772 0.483039
v -3.318725 0.022890 0.482398
v -3.319193 0.023085 0.481772
v -3.320093 0.023701 0.480588
v -3.320518 0.024115 0.480042
v -3.320919 0.024594 0.479533
v -3.321636 0.025731 0.478647
v -3.321946 0.026377 0.478279
v -3.322219 0.027067 0.477965
v -3.322644 0.028552 0.477513
v -3.322792 0.029333 0.477378
v -3.322896 0.030129 0.477307
v -3.322964 0.031737 0.477357
v -3.322928 0.032533 0.477477
v -3.322846 0.033314 0.477659
v -3.322546 0.034799 0.478203
v -3.322332 0.035489 0.478560
v -3.322077 0.036135 0.478968
v -3.321456 0.037272 0.479924
v -3.321095 0.037751 0.480462
v -3.320707 0.038165 0.481034
v -3.319858 0.038781 0.482256
v -3.319407 0.038976 0.482894
v -3.318943 0.039094 0.483542
v -3.317996 0.039094 0.484844
v -3.317522 0.038976 0.485485
v -3.317054 0.038781 0.486112
v -3.316154 0.038165 0.487296
v -3.315730 0.037751 0.487842
v -3.315329 0.037272 0.488351
v -3.314611 0.036136 0.489236
v -3.314301 0.035489 0.489605
v -3.314028 0.034799 0.489919
v -3.313603 0.033314 0.490371
v -3.313455 0.032533 0.490505
v -3.313352 0.031737 0.490576
v -3.312382 0.029437 0.496661
v -3.312442 0.028106 0.496460
v -3.312579 0.026800 0.496155
v -3.313079 0.024317 0.495246
v -3.313438 0.023163 0.494649
v -3.313864 0.022082 0.493967
v -3.314902 0.020182 0.492369
v -3.315505 0.019380 0.491469
v -3.316155 0.018688 0.490513
v -3.317574 0.017660 0.488470
v -3.318329 0.017333 0.487403
v -3.319104 0.017135 0.486319
v -3.320687 0.017135 0.484142
v -3.321479 0.017333 0.483070
v -3.322262 0.017660 0.482023
v -3.323768 0.018688 0.480043
v -3.324477 0.019380 0.479130
v -3.325147 0.020182 0.478279
v -3.326347 0.022082 0.476798
v -3.326865 0.023163 0.476183
v -3.327321 0.024317 0.475658
v -3.328032 0.026800 0.474901
v -3.328280 0.028106 0.474677
v -3.328453 0.029437 0.474558
v -3.328567 0.032125 0.474641
v -3.328507 0.033456 0.474842
v -3.328370 0.034761 0.475147
v -3.327869 0.037244 0.476056
v -3.327510 0.038398 0.476652
v -3.327085 0.039479 0.477335
v -3.326046 0.041380 0.478932
v -3.325443 0.042181 0.479833
v -3.324793 0.042873 0.480789
v -3.323374 0.043902 0.482832
v -3.322619 0.044228 0.483899
v -3.321844 0.044426 0.484983
v -3.320261 0.044426 0.487160
v -3.319469 0.044228 0.488232
v -3.318686 0.043902 0.489279
v -3.317180 0.042873 0.491258
v -3.316472 0.042181 0.492172
v -3.315801 0.041380 0.493023
v -3.314601 0.039479 0.494503
v -3.314084 0.038398 0.495119
v -3.313627 0.037244 0.495644
v -3.312916 0.034761 0.496400
v -3.312668 0.033456 0.496625
v -3.312495 0.032125 0.496744
v -3.311665 0.030856 0.495324
v -3.311647 0.030844 0.495754
v -3.311865 0.030821 0.496196
v -3.313358 0.027504 0.490681
v -3.313468 0.027646 0.490354
v -3.313523 0.027738 0.490134
v -3.314374 0.024610 0.489025
v -3.314443 0.024867 0.488764
v -3.314472 0.025033 0.488586
v -3.315996 0.022676 0.486622
v -3.316001 0.023010 0.486457
v -3.315989 0.023225 0.486340
v -3.317978 0.021997 0.483836
v -3.317904 0.022359 0.483782
v -3.317841 0.022591 0.483736
v -3.320017 0.022676 0.481092
v -3.319861 0.023010 0.481147
v -3.319747 0.023225 0.481171
v -3.321804 0.024610 0.478808
v -3.321577 0.024867 0.478954
v -3.321416 0.025033 0.479036
v -3.323065 0.027504 0.477331
v -3.322788 0.027646 0.477536
v -3.322595 0.027738 0.477656
v -3.323610 0.030918 0.476886
v -3.323311 0.030924 0.477109
v -3.323104 0.030928 0.477240
v -3.323354 0.034332 0.477541
v -3.323066 0.034202 0.477738
v -3.322866 0.034119 0.477852
v -3.322338 0.037226 0.479196
v -3.322090 0.036980 0.479327
v -3.321916 0.036824 0.479400
v -3.320716 0.039160 0.481600
v -3.320532 0.038837 0.481635
v -3.320400 0.038632 0.481646
v -3.318734 0.039839 0.484386
v -3.318630 0.039489 0.484310
v -3.318548 0.039266 0.484250
v -3.316695 0.039160 0.487130
v -3.316672 0.038837 0.486944
v -3.316642 0.038632 0.486815
v -3.314909 0.037226 0.489414
v -3.314957 0.036980 0.489138
v -3.314972 0.036824 0.488950
v -3.313648 0.034332 0.490891
v -3.313746 0.034202 0.490556
v -3.313793 0.034119 0.490330
v -3.313473 0.027832 0.489849
v -3.313267 0.027863 0.489652
v -3.312800 0.027899 0.489295
v -3.314398 0.025198 0.488342
v -3.314187 0.025242 0.488152
v -3.313719 0.025283 0.487799
v -3.315875 0.023437 0.486154
v -3.315656 0.023490 0.485976
v -3.315185 0.023535 0.485626
v -3.317679 0.022819 0.483618
v -3.317451 0.022875 0.483453
v -3.316977 0.022921 0.483108
v -3.319535 0.023437 0.481121
v -3.319298 0.023490 0.480967
v -3.318820 0.023535 0.480627
v -3.321161 0.025198 0.479041
v -3.320915 0.025242 0.478899
v -3.320434 0.025283 0.478562
v -3.322309 0.027832 0.477697
v -3.322058 0.027863 0.477561
v -3.321575 0.027899 0.477227
v -3.322805 0.030940 0.477292
v -3.322551 0.030954 0.477158
v -3.322067 0.030985 0.476825
v -3.322573 0.034047 0.477888
v -3.322320 0.034046 0.477752
v -3.321836 0.034071 0.477417
v -3.321648 0.036682 0.479395
v -3.321399 0.036667 0.479251
v -3.320918 0.036687 0.478914
v -3.320171 0.038442 0.481583
v -3.319930 0.038418 0.481428
v -3.319451 0.038435 0.481087
v -3.318367 0.039060 0.484119
v -3.318136 0.039034 0.483951
v -3.317660 0.039049 0.483605
v -3.316511 0.038442 0.486617
v -3.316289 0.038419 0.486436
v -3.315817 0.038435 0.486085
v -3.314885 0.036682 0.488696
v -3.314671 0.036667 0.488505
v -3.314202 0.036687 0.488150
v -3.313737 0.034047 0.490041
v -3.313529 0.034046 0.489842
v -3.313062 0.034071 0.489485
v -3.307461 0.031316 0.486170
v -3.308978 0.031218 0.487273
v -3.310480 0.031121 0.488365
v -3.312039 0.033380 0.489068
v -3.311893 0.032612 0.489200
v -3.311791 0.031829 0.489270
v -3.313029 0.036154 0.487953
v -3.312725 0.035518 0.488315
v -3.312457 0.034840 0.488624
v -3.314546 0.038149 0.486045
v -3.314129 0.037742 0.486582
v -3.313735 0.037271 0.487082
v -3.316357 0.039062 0.483636
v -3.315891 0.038946 0.484266
v -3.315431 0.038754 0.484881
v -3.318187 0.038754 0.481091
v -3.317744 0.038946 0.481718
v -3.317288 0.039062 0.482356
v -3.319758 0.037271 0.478798
v -3.319404 0.037742 0.479328
v -3.319021 0.038149 0.479890
v -3.320830 0.034840 0.477107
v -3.320619 0.035518 0.477458
v -3.320369 0.036153 0.477859
v -3.321240 0.031830 0.476275
v -3.321205 0.032612 0.476393
v -3.321124 0.033379 0.476573
v -3.320926 0.028699 0.476428
v -3.321071 0.029467 0.476296
v -3.321173 0.030249 0.476226
v -3.319935 0.025925 0.477544
v -3.320240 0.026561 0.477182
v -3.320508 0.027239 0.476873
v -3.318419 0.023930 0.479452
v -3.318835 0.024337 0.478915
v -3.319230 0.024808 0.478414
v -3.316607 0.023017 0.481861
v -3.317073 0.023133 0.481231
v -3.317533 0.023325 0.480615
v -3.314777 0.023325 0.484406
v -3.315221 0.023133 0.483778
v -3.315677 0.023017 0.483141
v -3.313206 0.024808 0.486698
v -3.313561 0.024337 0.486169
v -3.313943 0.023930 0.485607
v -3.312135 0.027239 0.488389
v -3.312346 0.026561 0.488039
v -3.312596 0.025925 0.487638
v -3.311724 0.030249 0.489222
v -3.311760 0.029467 0.489103
v -3.311840 0.028699 0.488924
v -3.312665 0.030900 0.492535
v -3.312377 0.030888 0.493323
v -3.312088 0.030875 0.494111
v -3.312253 0.025626 0.495199
v -3.312029 0.025737 0.494774
v -3.312036 0.025886 0.494370
v -3.313799 0.021223 0.492681
v -3.313549 0.021408 0.492298
v -3.313515 0.021673 0.491960
v -3.316268 0.018280 0.489023
v -3.315976 0.018515 0.488702
v -3.315877 0.018858 0.488461
v -3.319283 0.017247 0.484785
v -3.318940 0.017499 0.484535
v -3.318762 0.017870 0.484406
v -3.322386 0.018280 0.480610
v -3.321990 0.018515 0.480431
v -3.321730 0.018858 0.480411
v -3.325103 0.021223 0.477134
v -3.324662 0.021408 0.477014
v -3.324331 0.021673 0.477086
v -3.327023 0.025626 0.474886
v -3.326549 0.025737 0.474804
v -3.326167 0.025886 0.474936
v -3.327851 0.030821 0.474210
v -3.327363 0.030844 0.474139
v -3.326960 0.030856 0.474288
v -3.327463 0.036015 0.475207
v -3.326982 0.035950 0.475119
v -3.326588 0.035826 0.475242
v -3.325917 0.040418 0.477725
v -3.325462 0.040279 0.477595
v -3.325109 0.040039 0.477652
v -3.323449 0.043361 0.481383
v -3.323035 0.043172 0.481191
v -3.322747 0.042854 0.481151
v -3.320434 0.044394 0.485621
v -3.320071 0.044188 0.485358
v -3.319863 0.043842 0.485206
v -3.317331 0.043361 0.489796
v -3.317021 0.043172 0.489462
v -3.316894 0.042854 0.489201
v -3.314613 0.040418 0.493272
v -3.314349 0.040279 0.492879
v -3.314294 0.040039 0.492526
v -3.312694 0.036015 0.495520
v -3.312462 0.035950 0.495089
v -3.312458 0.035826 0.494677
v -3.311924 0.032086 0.494789
v -3.312081 0.033296 0.494681
v -3.312306 0.034482 0.494477
v -3.312952 0.036739 0.493789
v -3.313367 0.037788 0.493312
v -3.313838 0.038771 0.492752
v -3.314928 0.040498 0.491407
v -3.315538 0.041227 0.490633
v -3.316182 0.041855 0.489803
v -3.317551 0.042790 0.488004
v -3.318262 0.043087 0.487052
v -3.318982 0.043267 0.486078
v -3.320421 0.043267 0.484100
v -3.321125 0.043087 0.483114
v -3.321811 0.042790 0.482144
v -3.323101 0.041856 0.480287
v -3.323692 0.041226 0.479419
v -3.324239 0.040498 0.478600
v -3.325184 0.038771 0.477148
v -3.325571 0.037788 0.476528
v -3.325897 0.036739 0.475986
v -3.326352 0.034483 0.475160
v -3.326476 0.033296 0.474883
v -3.326531 0.032086 0.474700
v -3.326427 0.029643 0.474624
v -3.326270 0.028434 0.474733
v -3.326045 0.027247 0.474936
v -3.325399 0.024990 0.475624
v -3.324984 0.023941 0.476101
v -3.324513 0.022959 0.476661
v -3.323423 0.021232 0.478007
v -3.322813 0.020503 0.478780
v -3.322169 0.019874 0.479610
v -3.320800 0.018939 0.481409
v -3.320089 0.018642 0.482361
v -3.319369 0.018463 0.483335
v -3.317930 0.018463 0.485314
v -3.317226 0.018642 0.486299
v -3.316540 0.018939 0.487269
v -3.315250 0.019874 0.489126
v -3.314659 0.020503 0.489995
v -3.314111 0.021232 0.490813
v -3.313168 0.022959 0.492265
v -3.312780 0.023941 0.492885
v -3.312454 0.024990 0.493427
v -3.312000 0.027247 0.494254
v -3.311875 0.028434 0.494531
v -3.311820 0.029643 0.494714
v -3.312425 0.026376 0.493248
v -3.312690 0.026696 0.492519
v -3.312956 0.027017 0.491790
v -3.313764 0.022561 0.491066
v -3.313938 0.023143 0.490486
v -3.314111 0.023725 0.489907
v -3.315902 0.020012 0.487898
v -3.315929 0.020769 0.487536
v -3.315957 0.021526 0.487173
v -3.318514 0.019117 0.484226
v -3.318362 0.019935 0.484115
v -3.318210 0.020753 0.484005
v -3.321202 0.020012 0.480609
v -3.320866 0.020769 0.480747
v -3.320529 0.021526 0.480884
v -3.323556 0.022561 0.477598
v -3.323059 0.023143 0.477942
v -3.322561 0.023725 0.478286
v -3.325219 0.026376 0.475651
v -3.324607 0.026696 0.476129
v -3.323996 0.027017 0.476606
v -3.325937 0.030875 0.475065
v -3.325276 0.030888 0.475583
v -3.324615 0.030900 0.476100
v -3.325601 0.035375 0.475929
v -3.324963 0.035079 0.476387
v -3.324325 0.034782 0.476845
v -3.324261 0.039190 0.478111
v -3.323715 0.038632 0.478419
v -3.323169 0.038074 0.478728
v -3.322123 0.041739 0.481279
v -3.321723 0.041006 0.481370
v -3.321324 0.040273 0.481462
v -3.319511 0.042634 0.484951
v -3.319291 0.041840 0.484790
v -3.319070 0.041046 0.484630
v -3.316823 0.041739 0.488567
v -3.316787 0.041006 0.488159
v -3.316751 0.040273 0.487751
v -3.314469 0.039190 0.491578
v -3.314594 0.038632 0.490964
v -3.314719 0.038074 0.490349
v -3.312806 0.035375 0.493525
v -3.313046 0.035079 0.492777
v -3.313285 0.034782 0.492029
v -3.313284 0.030928 0.490746
v -3.313223 0.030924 0.490983
v -3.313103 0.030918 0.491336
v -3.312983 0.031835 0.491839
v -3.313102 0.032752 0.491757
v -3.313273 0.033651 0.491602
v -3.313762 0.035361 0.491081
v -3.314077 0.036156 0.490720
v -3.314433 0.036900 0.490296
v -3.315260 0.038209 0.489276
v -3.315722 0.038761 0.488690
v -3.316210 0.039238 0.488061
v -3.317247 0.039946 0.486698
v -3.317786 0.040171 0.485977
v -3.318331 0.040307 0.485239
v -3.319421 0.040307 0.483739
v -3.319955 0.040171 0.482993
v -3.320475 0.039946 0.482258
v -3.321452 0.039238 0.480851
v -3.321900 0.038761 0.480193
v -3.322315 0.038209 0.479573
v -3.323030 0.036900 0.478472
v -3.323324 0.036156 0.478002
v -3.323571 0.035361 0.477592
v -3.323915 0.033651 0.476965
v -3.324010 0.032752 0.476756
v -3.324051 0.031835 0.476617
v -3.323972 0.029984 0.476560
v -3.323853 0.029068 0.476642
v -3.323683 0.028169 0.476797
v -3.323193 0.026459 0.477317
v -3.322879 0.025664 0.477679
v -3.322522 0.024920 0.478103
v -3.321696 0.023611 0.479123
v -3.321234 0.023059 0.479709
v -3.320746 0.022582 0.480338
v -3.319709 0.021874 0.481701
v -3.319170 0.021649 0.482422
v -3.318624 0.021513 0.483160
v -3.317534 0.021513 0.484659
v -3.317001 0.021649 0.485406
v -3.316481 0.021874 0.486141
v -3.315504 0.022582 0.487548
v -3.315056 0.023059 0.488206
v -3.314641 0.023611 0.488826
v -3.313926 0.024920 0.489927
v -3.313632 0.025664 0.490396
v -3.313385 0.026459 0.490807
v -3.313040 0.028169 0.491433
v -3.312946 0.029068 0.491643
v -3.312905 0.029984 0.491782
v -3.305226 0.029082 0.481898
v -3.305626 0.029355 0.481372
v -3.306071 0.029659 0.480788
v -3.307909 0.031536 0.478427
v -3.307383 0.031536 0.479150
v -3.306898 0.031536 0.479818
v -3.305956 0.027002 0.480708
v -3.306275 0.027507 0.480315
v -3.306629 0.028068 0.479878
v -3.307122 0.025612 0.478981
v -3.307311 0.026272 0.478780
v -3.307521 0.027005 0.478556
v -3.308547 0.025124 0.476978
v -3.308577 0.025838 0.477000
v -3.308610 0.026632 0.477025
v -3.310012 0.025612 0.475006
v -3.309879 0.026272 0.475248
v -3.309731 0.027005 0.475516
v -3.311296 0.027002 0.473364
v -3.311020 0.027507 0.473789
v -3.310714 0.028068 0.474260
v -3.312203 0.029082 0.472303
v -3.311826 0.029355 0.472845
v -3.311407 0.029659 0.473448
v -3.312594 0.031536 0.471983
v -3.312174 0.031536 0.472561
v -3.311706 0.031536 0.473204
v -3.312411 0.033990 0.472454
v -3.312011 0.033716 0.472980
v -3.311566 0.033413 0.473564
v -3.311680 0.036070 0.473644
v -3.311362 0.035565 0.474037
v -3.311007 0.035004 0.474474
v -3.310514 0.037460 0.475371
v -3.310326 0.036800 0.475572
v -3.310116 0.036067 0.475796
v -3.309090 0.037948 0.477374
v -3.309060 0.037234 0.477352
v -3.309026 0.036440 0.477327
v -3.307624 0.037460 0.479346
v -3.307757 0.036800 0.479104
v -3.307905 0.036067 0.478836
v -3.306340 0.036070 0.480988
v -3.306616 0.035565 0.480563
v -3.306923 0.035004 0.480092
v -3.305434 0.033990 0.482049
v -3.305811 0.033716 0.481507
v -3.306230 0.033413 0.480904
v -3.306558 0.032722 0.480391
v -3.306473 0.032339 0.480472
v -3.306433 0.031943 0.480492
v -3.307061 0.034133 0.479825
v -3.306899 0.033824 0.480020
v -3.306773 0.033472 0.480162
v -3.307831 0.035149 0.478856
v -3.307616 0.034961 0.479135
v -3.307423 0.034708 0.479377
v -3.308752 0.035615 0.477631
v -3.308516 0.035575 0.477951
v -3.308286 0.035460 0.478257
v -3.309683 0.035460 0.476337
v -3.309463 0.035575 0.476650
v -3.309231 0.035615 0.476972
v -3.310482 0.034708 0.475170
v -3.310311 0.034961 0.475428
v -3.310112 0.035149 0.475719
v -3.311028 0.033473 0.474309
v -3.310932 0.033824 0.474473
v -3.310796 0.034133 0.474687
v -3.311238 0.031942 0.473885
v -3.311231 0.032339 0.473929
v -3.311179 0.032721 0.474034
v -3.311079 0.030351 0.473961
v -3.311163 0.030732 0.473880
v -3.311203 0.031130 0.473860
v -3.310576 0.028939 0.474527
v -3.310738 0.029248 0.474332
v -3.310864 0.029599 0.474190
v -3.309806 0.027923 0.475496
v -3.310021 0.028111 0.475217
v -3.310213 0.028364 0.474975
v -3.308885 0.027457 0.476721
v -3.309120 0.027496 0.476401
v -3.309350 0.027612 0.476095
v -3.307954 0.027612 0.478015
v -3.308174 0.027496 0.477702
v -3.308406 0.027457 0.477379
v -3.307155 0.028364 0.479182
v -3.307326 0.028111 0.478924
v -3.307525 0.027923 0.478633
v -3.306609 0.029599 0.480043
v -3.306705 0.029248 0.479879
v -3.306840 0.028939 0.479665
v -3.306399 0.031129 0.480467
v -3.306406 0.030732 0.480423
v -3.306457 0.030351 0.480318
v -3.305930 0.031536 0.481148
v -3.305463 0.031536 0.481791
v -3.305043 0.031536 0.482369
v -3.304475 0.028522 0.483014
v -3.304526 0.028590 0.482857
v -3.304665 0.028697 0.482640
v -3.305371 0.025970 0.481555
v -3.305402 0.026093 0.481429
v -3.305510 0.026291 0.481264
v -3.306801 0.024265 0.479436
v -3.306802 0.024425 0.479356
v -3.306859 0.024683 0.479265
v -3.308548 0.023667 0.476979
v -3.308511 0.023840 0.476952
v -3.308506 0.024119 0.476949
v -3.310346 0.024265 0.474560
v -3.310270 0.024426 0.474585
v -3.310202 0.024683 0.474668
v -3.311921 0.025970 0.472546
v -3.311810 0.026093 0.472615
v -3.311687 0.026291 0.472768
v -3.313033 0.028522 0.471244
v -3.312899 0.028590 0.471341
v -3.312736 0.028697 0.471540
v -3.313513 0.031532 0.470852
v -3.313369 0.031535 0.470957
v -3.313189 0.031536 0.471170
v -3.313288 0.034542 0.471429
v -3.313148 0.034480 0.471522
v -3.312976 0.034374 0.471715
v -3.312392 0.037094 0.472889
v -3.312272 0.036976 0.472950
v -3.312132 0.036781 0.473091
v -3.310962 0.038799 0.475008
v -3.310873 0.038644 0.475024
v -3.310783 0.038388 0.475090
v -3.309215 0.039397 0.477464
v -3.309163 0.039230 0.477427
v -3.309135 0.038953 0.477406
v -3.307417 0.038799 0.479884
v -3.307404 0.038644 0.479794
v -3.307440 0.038388 0.479688
v -3.305842 0.037094 0.481898
v -3.305863 0.036976 0.481764
v -3.305954 0.036781 0.481587
v -3.304730 0.034542 0.483200
v -3.304775 0.034479 0.483038
v -3.304905 0.034374 0.482815
v -3.304962 0.033567 0.482661
v -3.304835 0.032901 0.482776
v -3.304747 0.032222 0.482836
v -3.305822 0.035975 0.481693
v -3.305557 0.035423 0.482007
v -3.305325 0.034834 0.482275
v -3.307138 0.037706 0.480037
v -3.306776 0.037353 0.480503
v -3.306434 0.036944 0.480937
v -3.308710 0.038499 0.477946
v -3.308306 0.038398 0.478493
v -3.307906 0.038231 0.479027
v -3.310298 0.038231 0.475737
v -3.309913 0.038398 0.476282
v -3.309517 0.038499 0.476835
v -3.311661 0.036944 0.473748
v -3.311354 0.037353 0.474207
v -3.311022 0.037706 0.474695
v -3.312592 0.034834 0.472280
v -3.312409 0.035423 0.472584
v -3.312191 0.035974 0.472933
v -3.312948 0.032222 0.471558
v -3.312917 0.032901 0.471661
v -3.312847 0.033567 0.471816
v -3.312675 0.029505 0.471691
v -3.312801 0.030171 0.471576
v -3.312890 0.030850 0.471516
v -3.311815 0.027097 0.472659
v -3.312079 0.027649 0.472345
v -3.312312 0.028238 0.472077
v -3.310499 0.025366 0.474315
v -3.310861 0.025719 0.473849
v -3.311203 0.026128 0.473414
v -3.308927 0.024573 0.476406
v -3.309331 0.024674 0.475859
v -3.309731 0.024841 0.475325
v -3.307338 0.024841 0.478615
v -3.307724 0.024674 0.478070
v -3.308119 0.024573 0.477517
v -3.305975 0.026128 0.480604
v -3.306283 0.025719 0.480145
v -3.306615 0.025366 0.479657
v -3.305045 0.028238 0.482072
v -3.305228 0.027649 0.481768
v -3.305445 0.027097 0.481419
v -3.304689 0.030850 0.482794
v -3.304720 0.030171 0.482691
v -3.304790 0.029505 0.482536
v -3.373848 0.084471 0.536663
v -3.373601 0.084451 0.536941
v -3.373450 0.084396 0.537111
v -3.373153 0.084471 0.535981
v -3.372880 0.084451 0.536233
v -3.372713 0.084396 0.536388
v -3.372528 0.084471 0.535234
v -3.372232 0.084451 0.535458
v -3.372050 0.084396 0.535596
v -3.371512 0.084471 0.533575
v -3.371178 0.084451 0.533737
v -3.370973 0.084396 0.533837
v -3.371131 0.084471 0.532679
v -3.370783 0.084451 0.532807
v -3.370569 0.084396 0.532886
v -3.370840 0.084471 0.531750
v -3.370480 0.084451 0.531843
v -3.370260 0.084396 0.531901
v -3.370536 0.084471 0.529828
v -3.370165 0.084451 0.529850
v -3.369937 0.084396 0.529863
v -3.370527 0.084471 0.528854
v -3.370156 0.084451 0.528840
v -3.369928 0.084396 0.528831
v -3.370613 0.084471 0.527884
v -3.370245 0.084451 0.527833
v -3.370019 0.084396 0.527802
v -3.371068 0.084471 0.525993
v -3.370717 0.084451 0.525871
v -3.370502 0.084396 0.525796
v -3.371432 0.084471 0.525090
v -3.371095 0.084451 0.524934
v -3.370888 0.084396 0.524839
v -3.371883 0.084471 0.524226
v -3.371562 0.084451 0.524038
v -3.371366 0.084396 0.523923
v -3.373027 0.084471 0.522653
v -3.372749 0.084451 0.522406
v -3.372579 0.084396 0.522255
v -3.373709 0.084471 0.521958
v -3.373457 0.084451 0.521685
v -3.373302 0.084396 0.521518
v -3.374456 0.084471 0.521333
v -3.374232 0.084451 0.521036
v -3.374094 0.084396 0.520855
v -3.376115 0.084471 0.520317
v -3.375953 0.084451 0.519983
v -3.375854 0.084396 0.519778
v -3.377012 0.084471 0.519936
v -3.376883 0.084451 0.519587
v -3.376804 0.084396 0.519374
v -3.377941 0.084471 0.519644
v -3.377847 0.084451 0.519285
v -3.377789 0.084396 0.519064
v -3.379862 0.084471 0.519341
v -3.379840 0.084451 0.518970
v -3.379827 0.084396 0.518742
v -3.380836 0.084471 0.519332
v -3.380851 0.084451 0.518960
v -3.380860 0.084396 0.518733
v -3.381806 0.084471 0.519418
v -3.381857 0.084451 0.519050
v -3.381889 0.084396 0.518824
v -3.383698 0.084471 0.519873
v -3.383819 0.084451 0.519521
v -3.383894 0.084396 0.519306
v -3.384601 0.084471 0.520237
v -3.384757 0.084451 0.519899
v -3.384852 0.084396 0.519693
v -3.385464 0.084471 0.520688
v -3.385652 0.084451 0.520367
v -3.385767 0.084396 0.520171
v -3.387038 0.084471 0.521832
v -3.387285 0.084451 0.521554
v -3.387436 0.084396 0.521384
v -3.387733 0.084471 0.522514
v -3.388005 0.084451 0.522262
v -3.388173 0.084396 0.522107
v -3.388358 0.084471 0.523261
v -3.388654 0.084451 0.523037
v -3.388836 0.084396 0.522899
v -3.389373 0.084471 0.524920
v -3.389708 0.084451 0.524758
v -3.389913 0.084396 0.524658
v -3.389754 0.084471 0.525816
v -3.390103 0.084451 0.525688
v -3.390317 0.084396 0.525609
v -3.390046 0.084471 0.526745
v -3.390406 0.084451 0.526652
v -3.390626 0.084396 0.526594
v -3.390350 0.084471 0.528667
v -3.390721 0.084451 0.528645
v -3.390948 0.084396 0.528632
v -3.390359 0.084471 0.529641
v -3.390730 0.084451 0.529655
v -3.390958 0.084396 0.529664
v -3.390273 0.084471 0.530611
v -3.390641 0.084451 0.530662
v -3.390867 0.084396 0.530693
v -3.389818 0.084471 0.532502
v -3.390169 0.084451 0.532624
v -3.390384 0.084396 0.532699
v -3.389453 0.084471 0.533405
v -3.389791 0.084451 0.533561
v -3.389998 0.084396 0.533657
v -3.389003 0.084471 0.534269
v -3.389323 0.084451 0.534457
v -3.389520 0.084396 0.534572
v -3.387859 0.084471 0.535842
v -3.388136 0.084451 0.536089
v -3.388307 0.084396 0.536240
v -3.387176 0.084471 0.536537
v -3.387429 0.084451 0.536810
v -3.387583 0.084396 0.536977
v -3.386430 0.084471 0.537162
v -3.386654 0.084451 0.537459
v -3.386791 0.084396 0.537640
v -3.384771 0.084471 0.538178
v -3.384933 0.084451 0.538513
v -3.385032 0.084396 0.538718
v -3.383874 0.084471 0.538559
v -3.384003 0.084451 0.538908
v -3.384082 0.084396 0.539122
v -3.382945 0.084471 0.538851
v -3.383039 0.084451 0.539210
v -3.383096 0.084396 0.539431
v -3.381024 0.084471 0.539154
v -3.381045 0.084451 0.539525
v -3.381059 0.084396 0.539753
v -3.380050 0.084471 0.539163
v -3.380035 0.084451 0.539535
v -3.380026 0.084396 0.539762
v -3.379080 0.084471 0.539077
v -3.379029 0.084451 0.539445
v -3.378997 0.084396 0.539671
v -3.377188 0.084471 0.538623
v -3.377066 0.084451 0.538974
v -3.376992 0.084396 0.539189
v -3.376285 0.084471 0.538258
v -3.376129 0.084451 0.538596
v -3.376034 0.084396 0.538802
v -3.375422 0.084471 0.537807
v -3.375234 0.084451 0.538128
v -3.375118 0.084396 0.538324
v -3.373312 0.084095 0.537266
v -3.373286 0.083711 0.537295
v -3.373277 0.083015 0.537306
v -3.372561 0.084095 0.536528
v -3.372532 0.083711 0.536555
v -3.372521 0.083015 0.536565
v -3.371885 0.084095 0.535721
v -3.371854 0.083711 0.535744
v -3.371842 0.083015 0.535753
v -3.370786 0.084095 0.533927
v -3.370751 0.083711 0.533944
v -3.370738 0.083015 0.533950
v -3.370374 0.084095 0.532958
v -3.370338 0.083711 0.532971
v -3.370324 0.083015 0.532976
v -3.370059 0.084095 0.531953
v -3.370021 0.083711 0.531963
v -3.370007 0.083015 0.531967
v -3.369731 0.084095 0.529875
v -3.369692 0.083711 0.529878
v -3.369677 0.083015 0.529879
v -3.369721 0.084095 0.528822
v -3.369682 0.083711 0.528821
v -3.369668 0.083015 0.528820
v -3.369814 0.084095 0.527773
v -3.369775 0.083711 0.527768
v -3.369761 0.083015 0.527766
v -3.370306 0.084095 0.525728
v -3.370269 0.083711 0.525715
v -3.370255 0.083015 0.525711
v -3.370700 0.084095 0.524752
v -3.370664 0.083711 0.524735
v -3.370651 0.083015 0.524729
v -3.371187 0.084095 0.523818
v -3.371154 0.083711 0.523798
v -3.371141 0.083015 0.523791
v -3.372424 0.084095 0.522117
v -3.372395 0.083711 0.522091
v -3.372384 0.083015 0.522081
v -3.373162 0.084095 0.521365
v -3.373136 0.083711 0.521337
v -3.373126 0.083015 0.521326
v -3.373970 0.084095 0.520689
v -3.373946 0.083711 0.520658
v -3.373937 0.083015 0.520647
v -3.375763 0.084095 0.519591
v -3.375746 0.083711 0.519556
v -3.375740 0.083015 0.519543
v -3.376733 0.084095 0.519179
v -3.376719 0.083711 0.519143
v -3.376714 0.083015 0.519129
v -3.377737 0.084095 0.518864
v -3.377728 0.083711 0.518826
v -3.377724 0.083015 0.518812
v -3.379815 0.084095 0.518535
v -3.379813 0.083711 0.518496
v -3.379812 0.083015 0.518482
v -3.380868 0.084095 0.518526
v -3.380870 0.083711 0.518487
v -3.380870 0.083015 0.518472
v -3.381917 0.084095 0.518619
v -3.381922 0.083711 0.518580
v -3.381924 0.083015 0.518566
v -3.383962 0.084095 0.519110
v -3.383975 0.083711 0.519074
v -3.383980 0.083015 0.519060
v -3.384939 0.084095 0.519504
v -3.384955 0.083711 0.519469
v -3.384961 0.083015 0.519456
v -3.385872 0.084095 0.519992
v -3.385892 0.083711 0.519958
v -3.385899 0.083015 0.519946
v -3.387573 0.084095 0.521229
v -3.387599 0.083711 0.521200
v -3.387609 0.083015 0.521189
v -3.388325 0.084095 0.521967
v -3.388354 0.083711 0.521940
v -3.388364 0.083015 0.521930
v -3.389001 0.084095 0.522774
v -3.389032 0.083711 0.522751
v -3.389044 0.083015 0.522742
v -3.390099 0.084095 0.524568
v -3.390135 0.083711 0.524551
v -3.390147 0.083015 0.524545
v -3.390511 0.084095 0.525537
v -3.390548 0.083711 0.525524
v -3.390561 0.083015 0.525519
v -3.390827 0.084095 0.526542
v -3.390865 0.083711 0.526532
v -3.390878 0.083015 0.526528
v -3.391155 0.084095 0.528620
v -3.391194 0.083711 0.528617
v -3.391208 0.083015 0.528616
v -3.391165 0.084095 0.529673
v -3.391204 0.083711 0.529674
v -3.391218 0.083015 0.529675
v -3.391072 0.084095 0.530722
v -3.391110 0.083711 0.530727
v -3.391125 0.083015 0.530729
v -3.390580 0.084095 0.532767
v -3.390617 0.083711 0.532780
v -3.390630 0.083015 0.532784
v -3.390186 0.084095 0.533743
v -3.390221 0.083711 0.533760
v -3.390234 0.083015 0.533766
v -3.389699 0.084095 0.534677
v -3.389732 0.083711 0.534697
v -3.389745 0.083015 0.534704
v -3.388462 0.084095 0.536378
v -3.388491 0.083711 0.536404
v -3.388501 0.083015 0.536414
v -3.387724 0.084095 0.537130
v -3.387750 0.083711 0.537158
v -3.387760 0.083015 0.537169
v -3.386916 0.084095 0.537806
v -3.386940 0.083711 0.537837
v -3.386948 0.083015 0.537848
v -3.385122 0.084095 0.538904
v -3.385139 0.083711 0.538939
v -3.385146 0.083015 0.538952
v -3.384153 0.084095 0.539316
v -3.384167 0.083711 0.539353
v -3.384172 0.083015 0.539366
v -3.383148 0.084095 0.539631
v -3.383158 0.083711 0.539669
v -3.383162 0.083015 0.539683
v -3.381071 0.084095 0.539960
v -3.381073 0.083711 0.539999
v -3.381074 0.083015 0.540013
v -3.380018 0.084095 0.539969
v -3.380016 0.083711 0.540008
v -3.380016 0.083015 0.540023
v -3.378969 0.084095 0.539876
v -3.378963 0.083711 0.539915
v -3.378961 0.083015 0.539929
v -3.376924 0.084095 0.539385
v -3.376911 0.083711 0.539421
v -3.376906 0.083015 0.539435
v -3.375947 0.084095 0.538991
v -3.375931 0.083711 0.539026
v -3.375925 0.083015 0.539039
v -3.375013 0.084095 0.538503
v -3.374994 0.083711 0.538537
v -3.374986 0.083015 0.538549
v -3.373102 0.075916 0.537503
v -3.372989 0.076456 0.537629
v -3.372852 0.077299 0.537784
v -3.372329 0.075916 0.536743
v -3.372204 0.076456 0.536858
v -3.372051 0.077299 0.536999
v -3.371633 0.075916 0.535912
v -3.371497 0.076456 0.536014
v -3.371332 0.077299 0.536139
v -3.370502 0.075916 0.534065
v -3.370349 0.076456 0.534139
v -3.370162 0.077299 0.534229
v -3.370078 0.075916 0.533067
v -3.369919 0.076456 0.533126
v -3.369724 0.077299 0.533198
v -3.369753 0.075916 0.532033
v -3.369589 0.076456 0.532076
v -3.369388 0.077299 0.532128
v -3.369415 0.075916 0.529894
v -3.369246 0.076456 0.529904
v -3.369039 0.077299 0.529916
v -3.369405 0.075916 0.528810
v -3.369236 0.076456 0.528803
v -3.369028 0.077299 0.528795
v -3.369501 0.075916 0.527730
v -3.369333 0.076456 0.527707
v -3.369127 0.077299 0.527678
v -3.370007 0.075916 0.525625
v -3.369847 0.076456 0.525569
v -3.369651 0.077299 0.525501
v -3.370413 0.075916 0.524619
v -3.370259 0.076456 0.524548
v -3.370070 0.077299 0.524461
v -3.370914 0.075916 0.523658
v -3.370768 0.076456 0.523572
v -3.370589 0.077299 0.523467
v -3.372188 0.075916 0.521907
v -3.372061 0.076456 0.521794
v -3.371906 0.077299 0.521656
v -3.372947 0.075916 0.521133
v -3.372832 0.076456 0.521008
v -3.372692 0.077299 0.520856
v -3.373779 0.075916 0.520437
v -3.373676 0.076456 0.520302
v -3.373551 0.077299 0.520137
v -3.375625 0.075916 0.519307
v -3.375551 0.076456 0.519154
v -3.375461 0.077299 0.518967
v -3.376623 0.075916 0.518882
v -3.376565 0.076456 0.518723
v -3.376493 0.077299 0.518529
v -3.377658 0.075916 0.518558
v -3.377615 0.076456 0.518393
v -3.377563 0.077299 0.518193
v -3.379797 0.075916 0.518220
v -3.379786 0.076456 0.518050
v -3.379774 0.077299 0.517843
v -3.380881 0.075916 0.518210
v -3.380887 0.076456 0.518040
v -3.380895 0.077299 0.517833
v -3.381960 0.075916 0.518305
v -3.381984 0.076456 0.518137
v -3.382012 0.077299 0.517932
v -3.384066 0.075916 0.518812
v -3.384121 0.076456 0.518651
v -3.384189 0.077299 0.518456
v -3.385071 0.075916 0.519217
v -3.385142 0.076456 0.519063
v -3.385229 0.077299 0.518875
v -3.386032 0.075916 0.519719
v -3.386118 0.076456 0.519573
v -3.386223 0.077299 0.519394
v -3.387784 0.075916 0.520993
v -3.387896 0.076456 0.520866
v -3.388034 0.077299 0.520711
v -3.388557 0.075916 0.521752
v -3.388682 0.076456 0.521637
v -3.388834 0.077299 0.521496
v -3.389253 0.075916 0.522583
v -3.389389 0.076456 0.522481
v -3.389554 0.077299 0.522356
v -3.390384 0.075916 0.524430
v -3.390537 0.076456 0.524356
v -3.390723 0.077299 0.524266
v -3.390808 0.075916 0.525428
v -3.390967 0.076456 0.525369
v -3.391162 0.077299 0.525298
v -3.391133 0.075916 0.526462
v -3.391297 0.076456 0.526419
v -3.391498 0.077299 0.526367
v -3.391471 0.075916 0.528601
v -3.391640 0.076456 0.528591
v -3.391847 0.077299 0.528579
v -3.391481 0.075916 0.529685
v -3.391650 0.076456 0.529692
v -3.391857 0.077299 0.529700
v -3.391385 0.075916 0.530765
v -3.391553 0.076456 0.530788
v -3.391758 0.077299 0.530817
v -3.390879 0.075916 0.532870
v -3.391039 0.076456 0.532926
v -3.391235 0.077299 0.532994
v -3.390473 0.075916 0.533876
v -3.390627 0.076456 0.533947
v -3.390815 0.077299 0.534034
v -3.389971 0.075916 0.534837
v -3.390118 0.076456 0.534923
v -3.390296 0.077299 0.535028
v -3.388698 0.075916 0.536588
v -3.388825 0.076456 0.536701
v -3.388979 0.077299 0.536839
v -3.387938 0.075916 0.537362
v -3.388053 0.076456 0.537487
v -3.388194 0.077299 0.537639
v -3.387107 0.075916 0.538058
v -3.387209 0.076456 0.538193
v -3.387334 0.077299 0.538359
v -3.385260 0.075916 0.539189
v -3.385334 0.076456 0.539341
v -3.385425 0.077299 0.539528
v -3.384263 0.075916 0.539613
v -3.384321 0.076456 0.539772
v -3.384393 0.077299 0.539966
v -3.383228 0.075916 0.539937
v -3.383271 0.076456 0.540102
v -3.383323 0.077299 0.540302
v -3.381089 0.075916 0.540275
v -3.381099 0.076456 0.540445
v -3.381111 0.077299 0.540652
v -3.380005 0.075916 0.540285
v -3.379998 0.076456 0.540455
v -3.379990 0.077299 0.540662
v -3.378925 0.075916 0.540190
v -3.378902 0.076456 0.540358
v -3.378874 0.077299 0.540563
v -3.376820 0.075916 0.539683
v -3.376764 0.076456 0.539844
v -3.376696 0.077299 0.540039
v -3.375814 0.075916 0.539278
v -3.375743 0.076456 0.539432
v -3.375657 0.077299 0.539620
v -3.374853 0.075916 0.538776
v -3.374768 0.076456 0.538922
v -3.374663 0.077299 0.539101
v -3.376905 0.080293 0.539439
v -3.376900 0.078528 0.539453
v -3.376887 0.076975 0.539491
v -3.375923 0.080293 0.539043
v -3.375917 0.078528 0.539056
v -3.375900 0.076975 0.539093
v -3.374984 0.080293 0.538553
v -3.374977 0.078528 0.538566
v -3.374957 0.076975 0.538600
v -3.381074 0.080293 0.540017
v -3.381075 0.078528 0.540032
v -3.381077 0.076975 0.540072
v -3.380015 0.080293 0.540027
v -3.380015 0.078528 0.540042
v -3.380013 0.076975 0.540082
v -3.378961 0.080293 0.539933
v -3.378959 0.078528 0.539948
v -3.378953 0.076975 0.539988
v -3.385148 0.080293 0.538956
v -3.385154 0.078528 0.538969
v -3.385171 0.076975 0.539005
v -3.384173 0.080293 0.539370
v -3.384178 0.078528 0.539384
v -3.384192 0.076975 0.539421
v -3.383163 0.080293 0.539687
v -3.383167 0.078528 0.539701
v -3.383177 0.076975 0.539740
v -3.388505 0.080293 0.536416
v -3.388516 0.078528 0.536426
v -3.388546 0.076975 0.536453
v -3.387763 0.080293 0.537172
v -3.387773 0.078528 0.537183
v -3.387800 0.076975 0.537212
v -3.386951 0.080293 0.537852
v -3.386960 0.078528 0.537863
v -3.386984 0.076975 0.537895
v -3.390634 0.080293 0.532786
v -3.390648 0.078528 0.532791
v -3.390686 0.076975 0.532804
v -3.390238 0.080293 0.533768
v -3.390252 0.078528 0.533774
v -3.390288 0.076975 0.533791
v -3.389748 0.080293 0.534706
v -3.389761 0.078528 0.534714
v -3.389796 0.076975 0.534734
v -3.391212 0.080293 0.528616
v -3.391227 0.078528 0.528615
v -3.391267 0.076975 0.528613
v -3.391222 0.080293 0.529675
v -3.391237 0.078528 0.529676
v -3.391277 0.076975 0.529677
v -3.391129 0.080293 0.530730
v -3.391143 0.078528 0.530732
v -3.391183 0.076975 0.530737
v -3.390151 0.080293 0.524543
v -3.390165 0.078528 0.524536
v -3.390201 0.076975 0.524519
v -3.390565 0.080293 0.525517
v -3.390579 0.078528 0.525512
v -3.390617 0.076975 0.525498
v -3.390882 0.080293 0.526527
v -3.390897 0.078528 0.526524
v -3.390936 0.076975 0.526514
v -3.387612 0.080293 0.521186
v -3.387622 0.078528 0.521175
v -3.387648 0.076975 0.521145
v -3.388367 0.080293 0.521928
v -3.388378 0.078528 0.521918
v -3.388408 0.076975 0.521890
v -3.389047 0.080293 0.522739
v -3.389059 0.078528 0.522731
v -3.389091 0.076975 0.522706
v -3.383981 0.080293 0.519056
v -3.383986 0.078528 0.519042
v -3.383999 0.076975 0.519004
v -3.384963 0.080293 0.519452
v -3.384969 0.078528 0.519439
v -3.384986 0.076975 0.519402
v -3.385901 0.080293 0.519942
v -3.385909 0.078528 0.519929
v -3.385929 0.076975 0.519895
v -3.379812 0.080293 0.518478
v -3.379811 0.078528 0.518463
v -3.379808 0.076975 0.518423
v -3.380870 0.080293 0.518468
v -3.380871 0.078528 0.518453
v -3.380872 0.076975 0.518413
v -3.381925 0.080293 0.518562
v -3.381927 0.078528 0.518547
v -3.381932 0.076975 0.518507
v -3.375738 0.080293 0.519539
v -3.375732 0.078528 0.519526
v -3.375714 0.076975 0.519490
v -3.376713 0.080293 0.519125
v -3.376708 0.078528 0.519111
v -3.376694 0.076975 0.519074
v -3.377723 0.080293 0.518808
v -3.377719 0.078528 0.518794
v -3.377709 0.076975 0.518755
v -3.372381 0.080293 0.522079
v -3.372370 0.078528 0.522069
v -3.372340 0.076975 0.522042
v -3.373123 0.080293 0.521323
v -3.373113 0.078528 0.521312
v -3.373086 0.076975 0.521283
v -3.373935 0.080293 0.520643
v -3.373926 0.078528 0.520632
v -3.373902 0.076975 0.520600
v -3.370251 0.080293 0.525709
v -3.370237 0.078528 0.525705
v -3.370199 0.076975 0.525691
v -3.370647 0.080293 0.524728
v -3.370634 0.078528 0.524721
v -3.370598 0.076975 0.524705
v -3.371138 0.080293 0.523789
v -3.371125 0.078528 0.523781
v -3.371090 0.076975 0.523761
v -3.369673 0.080293 0.529879
v -3.369658 0.078528 0.529880
v -3.369618 0.076975 0.529882
v -3.369663 0.080293 0.528820
v -3.369649 0.078528 0.528820
v -3.369609 0.076975 0.528818
v -3.369757 0.080293 0.527765
v -3.369742 0.078528 0.527763
v -3.369703 0.076975 0.527758
v -3.370734 0.080293 0.533952
v -3.370721 0.078528 0.533959
v -3.370685 0.076975 0.533976
v -3.370320 0.080293 0.532978
v -3.370306 0.078528 0.532983
v -3.370269 0.076975 0.532997
v -3.370003 0.080293 0.531968
v -3.369989 0.078528 0.531971
v -3.369950 0.076975 0.531981
v -3.373274 0.080293 0.537309
v -3.373264 0.078528 0.537320
v -3.373237 0.076975 0.537350
v -3.372519 0.080293 0.536568
v -3.372508 0.078528 0.536578
v -3.372478 0.076975 0.536605
v -3.371839 0.080293 0.535756
v -3.371827 0.078528 0.535765
v -3.371795 0.076975 0.535789
v -3.378868 0.084474 0.532661
v -3.379371 0.084474 0.531570
v -3.379241 0.084474 0.532470
v -3.378973 0.084474 0.533423
v -3.378558 0.084474 0.533333
v -3.378219 0.084474 0.533075
v -3.378771 0.084474 0.532253
v -3.380294 0.084474 0.533004
v -3.380342 0.084474 0.531803
v -3.380565 0.084474 0.532684
v -3.380683 0.084474 0.533668
v -3.380265 0.084474 0.533743
v -3.379853 0.084474 0.533635
v -3.380049 0.084474 0.532664
v -3.381743 0.084474 0.532775
v -3.381327 0.084474 0.531648
v -3.381871 0.084474 0.532376
v -3.382356 0.084474 0.533239
v -3.381999 0.084474 0.533469
v -3.381577 0.084474 0.533526
v -3.381386 0.084474 0.532555
v -3.382994 0.084474 0.532009
v -3.382179 0.084474 0.531127
v -3.382960 0.084474 0.531591
v -3.383738 0.084474 0.532203
v -3.383496 0.084474 0.532552
v -3.383128 0.084474 0.532767
v -3.382580 0.084474 0.531942
v -3.383857 0.084474 0.530823
v -3.382766 0.084474 0.530319
v -3.383665 0.084474 0.530450
v -3.384619 0.084474 0.530717
v -3.384528 0.084474 0.531133
v -3.384270 0.084474 0.531471
v -3.383448 0.084474 0.530919
v -3.384199 0.084474 0.529396
v -3.382999 0.084474 0.529349
v -3.383880 0.084474 0.529125
v -3.384863 0.084474 0.529007
v -3.384938 0.084474 0.529426
v -3.384830 0.084474 0.529837
v -3.383859 0.084474 0.529642
v -3.383970 0.084474 0.527948
v -3.382843 0.084474 0.528363
v -3.383571 0.084474 0.527819
v -3.384434 0.084474 0.527334
v -3.384664 0.084474 0.527692
v -3.384722 0.084474 0.528113
v -3.383750 0.084474 0.528304
v -3.383204 0.084474 0.526697
v -3.382322 0.084474 0.527512
v -3.382787 0.084474 0.526731
v -3.383399 0.084474 0.525952
v -3.383748 0.084474 0.526195
v -3.383962 0.084474 0.526562
v -3.383137 0.084474 0.527111
v -3.382018 0.084474 0.525834
v -3.381515 0.084474 0.526925
v -3.381645 0.084474 0.526026
v -3.381912 0.084474 0.525072
v -3.382328 0.084474 0.525163
v -3.382667 0.084474 0.525420
v -3.382114 0.084474 0.526242
v -3.380592 0.084474 0.525491
v -3.380544 0.084474 0.526692
v -3.380321 0.084474 0.525811
v -3.380203 0.084474 0.524827
v -3.380621 0.084474 0.524752
v -3.381032 0.084474 0.524860
v -3.380837 0.084474 0.525831
v -3.379143 0.084474 0.525720
v -3.379558 0.084474 0.526847
v -3.379014 0.084474 0.526119
v -3.378529 0.084474 0.525256
v -3.378887 0.084474 0.525026
v -3.379309 0.084474 0.524969
v -3.379500 0.084474 0.525940
v -3.377892 0.084474 0.526486
v -3.378707 0.084474 0.527369
v -3.377926 0.084474 0.526904
v -3.377147 0.084474 0.526292
v -3.377390 0.084474 0.525943
v -3.377758 0.084474 0.525728
v -3.378306 0.084474 0.526553
v -3.377029 0.084474 0.527672
v -3.378120 0.084474 0.528176
v -3.377221 0.084474 0.528045
v -3.376267 0.084474 0.527778
v -3.376358 0.084474 0.527363
v -3.376615 0.084474 0.527024
v -3.377437 0.084474 0.527576
v -3.376686 0.084474 0.529099
v -3.377887 0.084474 0.529146
v -3.377006 0.084474 0.529370
v -3.376023 0.084474 0.529488
v -3.375947 0.084474 0.529069
v -3.376056 0.084474 0.528658
v -3.377027 0.084474 0.528853
v -3.376915 0.084474 0.530547
v -3.378043 0.084474 0.530132
v -3.377315 0.084474 0.530676
v -3.376451 0.084474 0.531161
v -3.376221 0.084474 0.530803
v -3.376164 0.084474 0.530382
v -3.377136 0.084474 0.530191
v -3.377681 0.084474 0.531799
v -3.378564 0.084474 0.530983
v -3.378099 0.084474 0.531764
v -3.377487 0.084474 0.532543
v -3.377138 0.084474 0.532300
v -3.376924 0.084474 0.531933
v -3.377748 0.084474 0.531385
v -3.378285 0.084474 0.535456
v -3.377941 0.084474 0.536452
v -3.377629 0.084474 0.537352
v -3.377684 0.084474 0.535225
v -3.377246 0.084474 0.536175
v -3.376848 0.084474 0.537037
v -3.377120 0.084474 0.534918
v -3.376585 0.084474 0.535827
v -3.376102 0.084474 0.536647
v -3.380825 0.084474 0.535809
v -3.380888 0.084474 0.536861
v -3.380945 0.084474 0.537812
v -3.380182 0.084474 0.535826
v -3.380141 0.084474 0.536872
v -3.380103 0.084474 0.537820
v -3.379543 0.084474 0.535758
v -3.379396 0.084474 0.536802
v -3.379264 0.084474 0.537745
v -3.383307 0.084474 0.535164
v -3.383768 0.084474 0.536111
v -3.384184 0.084474 0.536968
v -3.382719 0.084474 0.535425
v -3.383081 0.084474 0.536407
v -3.383410 0.084474 0.537298
v -3.382103 0.084474 0.535607
v -3.382367 0.084474 0.536628
v -3.382606 0.084474 0.537549
v -3.385353 0.084474 0.533617
v -3.386142 0.084474 0.534316
v -3.386854 0.084474 0.534949
v -3.384910 0.084474 0.534084
v -3.385620 0.084474 0.534852
v -3.386264 0.084474 0.535550
v -3.384410 0.084474 0.534488
v -3.385045 0.084474 0.535330
v -3.385618 0.084474 0.536090
v -3.386651 0.084474 0.531406
v -3.387648 0.084474 0.531750
v -3.388547 0.084474 0.532061
v -3.386421 0.084474 0.532006
v -3.387371 0.084474 0.532444
v -3.388233 0.084474 0.532842
v -3.386114 0.084474 0.532571
v -3.387022 0.084474 0.533106
v -3.387843 0.084474 0.533588
v -3.387005 0.084474 0.528866
v -3.388057 0.084474 0.528802
v -3.389007 0.084474 0.528746
v -3.387021 0.084474 0.529508
v -3.388067 0.084474 0.529550
v -3.389015 0.084474 0.529587
v -3.386954 0.084474 0.530148
v -3.387998 0.084474 0.530295
v -3.388941 0.084474 0.530426
v -3.386359 0.084474 0.526384
v -3.387307 0.084474 0.525922
v -3.388163 0.084474 0.525506
v -3.386620 0.084474 0.526971
v -3.387602 0.084474 0.526609
v -3.388493 0.084474 0.526281
v -3.386803 0.084474 0.527588
v -3.387823 0.084474 0.527324
v -3.388745 0.084474 0.527084
v -3.384813 0.084474 0.524338
v -3.385512 0.084474 0.523549
v -3.386144 0.084474 0.522837
v -3.385279 0.084474 0.524780
v -3.386048 0.084474 0.524070
v -3.386745 0.084474 0.523426
v -3.385683 0.084474 0.525280
v -3.386525 0.084474 0.524646
v -3.387285 0.084474 0.524072
v -3.382601 0.084474 0.523039
v -3.382945 0.084474 0.522043
v -3.383257 0.084474 0.521143
v -3.383201 0.084474 0.523270
v -3.383640 0.084474 0.522320
v -3.384037 0.084474 0.521458
v -3.383766 0.084474 0.523577
v -3.384301 0.084474 0.522669
v -3.384784 0.084474 0.521848
v -3.380061 0.084474 0.522686
v -3.379997 0.084474 0.521634
v -3.379941 0.084474 0.520683
v -3.380704 0.084474 0.522669
v -3.380745 0.084474 0.521624
v -3.380783 0.084474 0.520675
v -3.381343 0.084474 0.522737
v -3.381490 0.084474 0.521693
v -3.381621 0.084474 0.520750
v -3.377579 0.084474 0.523332
v -3.377118 0.084474 0.522384
v -3.376702 0.084474 0.521527
v -3.378166 0.084474 0.523070
v -3.377805 0.084474 0.522088
v -3.377476 0.084474 0.521197
v -3.378783 0.084474 0.522888
v -3.378519 0.084474 0.521867
v -3.378280 0.084474 0.520946
v -3.375533 0.084474 0.524878
v -3.374744 0.084474 0.524179
v -3.374032 0.084474 0.523547
v -3.375976 0.084474 0.524411
v -3.375266 0.084474 0.523643
v -3.374621 0.084474 0.522945
v -3.376476 0.084474 0.524007
v -3.375841 0.084474 0.523165
v -3.375267 0.084474 0.522405
v -3.374234 0.084474 0.527089
v -3.373238 0.084474 0.526745
v -3.372338 0.084474 0.526434
v -3.374465 0.084474 0.526489
v -3.373515 0.084474 0.526051
v -3.372653 0.084474 0.525653
v -3.374772 0.084474 0.525924
v -3.373864 0.084474 0.525389
v -3.373043 0.084474 0.524907
v -3.373881 0.084474 0.529630
v -3.372829 0.084474 0.529693
v -3.371878 0.084474 0.529749
v -3.373864 0.084474 0.528987
v -3.372819 0.084474 0.528945
v -3.371870 0.084474 0.528908
v -3.373932 0.084474 0.528347
v -3.372888 0.084474 0.528201
v -3.371945 0.084474 0.528069
v -3.374527 0.084474 0.532111
v -3.373579 0.084474 0.532573
v -3.372722 0.084474 0.532989
v -3.374265 0.084474 0.531524
v -3.373284 0.084474 0.531886
v -3.372393 0.084474 0.532214
v -3.374083 0.084474 0.530907
v -3.373063 0.084474 0.531171
v -3.372141 0.084474 0.531411
v -3.376073 0.084474 0.534157
v -3.375374 0.084474 0.534946
v -3.374742 0.084474 0.535658
v -3.375607 0.084474 0.533715
v -3.374838 0.084474 0.534425
v -3.374141 0.084474 0.535069
v -3.375202 0.084474 0.533215
v -3.374361 0.084474 0.533849
v -3.373601 0.084474 0.534423
v -3.304443 0.030809 0.483133
v -3.304296 0.030781 0.483368
v -3.304240 0.030761 0.483537
v -3.304476 0.030089 0.483025
v -3.304329 0.030034 0.483256
v -3.304274 0.029998 0.483422
v -3.304550 0.029383 0.482860
v -3.304406 0.029301 0.483084
v -3.304353 0.029249 0.483247
v -3.320494 0.028615 0.496943
v -3.322131 0.029156 0.494761
v -3.320981 0.028132 0.496238
v -3.319847 0.027415 0.497694
v -3.319646 0.028339 0.498052
v -3.319703 0.029348 0.498064
v -3.320887 0.029388 0.496479
v -3.317095 0.029116 0.500229
v -3.317578 0.029108 0.500346
v -3.318064 0.029142 0.500064
v -3.317155 0.027774 0.500026
v -3.317633 0.027785 0.500152
v -3.318105 0.027870 0.499894
v -3.317293 0.026458 0.499718
v -3.317774 0.026491 0.499843
v -3.318251 0.026633 0.499582
v -3.304820 0.028039 0.482368
v -3.304687 0.027908 0.482574
v -3.304640 0.027824 0.482726
v -3.305014 0.027415 0.482045
v -3.304888 0.027260 0.482240
v -3.304845 0.027162 0.482384
v -3.305245 0.026830 0.481676
v -3.305127 0.026653 0.481857
v -3.305090 0.026542 0.481992
v -3.321169 0.025267 0.495717
v -3.322604 0.026809 0.493902
v -3.321742 0.025149 0.494926
v -3.320825 0.023781 0.496025
v -3.320424 0.024478 0.496638
v -3.320249 0.025420 0.496963
v -3.321368 0.026213 0.495535
v -3.317798 0.023953 0.498801
v -3.318272 0.024017 0.498937
v -3.318733 0.024244 0.498707
v -3.318159 0.022789 0.498201
v -3.318624 0.022867 0.498351
v -3.319060 0.023130 0.498158
v -3.318589 0.021700 0.497512
v -3.319051 0.021798 0.497668
v -3.319480 0.022117 0.497490
v -3.305807 0.025802 0.480812
v -3.305710 0.025587 0.480960
v -3.305686 0.025452 0.481076
v -3.306133 0.025369 0.480325
v -3.306048 0.025137 0.480455
v -3.306031 0.024993 0.480559
v -3.306484 0.024995 0.479808
v -3.306413 0.024749 0.479918
v -3.306404 0.024595 0.480011
v -3.322569 0.022705 0.493562
v -3.323586 0.025013 0.492391
v -3.323141 0.022968 0.492807
v -3.322578 0.021159 0.493381
v -3.322038 0.021524 0.494154
v -3.321659 0.022254 0.494741
v -3.322544 0.023680 0.493691
v -3.319637 0.019784 0.495901
v -3.320086 0.019905 0.496077
v -3.320479 0.020289 0.495953
v -3.320244 0.018975 0.494994
v -3.320681 0.019103 0.495186
v -3.321042 0.019503 0.495108
v -3.320900 0.018278 0.494030
v -3.321330 0.018422 0.494233
v -3.321671 0.018867 0.494186
v -3.307252 0.024438 0.478703
v -3.307209 0.024171 0.478772
v -3.307218 0.024005 0.478839
v -3.307660 0.024261 0.478125
v -3.307633 0.023988 0.478173
v -3.307651 0.023818 0.478227
v -3.308080 0.024155 0.477539
v -3.308068 0.023877 0.477564
v -3.308096 0.023705 0.477605
v -3.324482 0.021318 0.490808
v -3.324927 0.024041 0.490461
v -3.324966 0.021924 0.490203
v -3.324840 0.019948 0.490162
v -3.324244 0.019925 0.490978
v -3.323718 0.020333 0.491739
v -3.324238 0.022173 0.491228
v -3.322330 0.017241 0.491969
v -3.322743 0.017398 0.492199
v -3.323036 0.017878 0.492221
v -3.323092 0.016910 0.490893
v -3.323491 0.017065 0.491140
v -3.323750 0.017539 0.491209
v -3.323873 0.016712 0.489800
v -3.324262 0.016877 0.490062
v -3.324493 0.017378 0.490173
v -3.308936 0.024154 0.476361
v -3.308957 0.023877 0.476343
v -3.309004 0.023705 0.476356
v -3.309364 0.024262 0.475782
v -3.309401 0.023988 0.475741
v -3.309458 0.023818 0.475741
v -3.309788 0.024438 0.475215
v -3.309840 0.024171 0.475154
v -3.309907 0.024005 0.475141
v -3.326616 0.021318 0.487873
v -3.326423 0.024041 0.488403
v -3.326940 0.022173 0.487511
v -3.327266 0.020333 0.486859
v -3.326705 0.019925 0.487594
v -3.326111 0.019948 0.488413
v -3.326190 0.021923 0.488521
v -3.325469 0.016712 0.487605
v -3.325839 0.016877 0.487894
v -3.326015 0.017378 0.488079
v -3.326268 0.016910 0.486524
v -3.326626 0.017065 0.486828
v -3.326771 0.017539 0.487054
v -3.327057 0.017241 0.485469
v -3.327403 0.017398 0.485790
v -3.327514 0.017878 0.486062
v -3.310602 0.024994 0.474144
v -3.310685 0.024749 0.474043
v -3.310771 0.024596 0.474005
v -3.310986 0.025369 0.473650
v -3.311083 0.025137 0.473530
v -3.311177 0.024993 0.473481
v -3.311348 0.025802 0.473190
v -3.311460 0.025587 0.473053
v -3.311562 0.025452 0.472993
v -3.328646 0.022705 0.485205
v -3.327846 0.025013 0.486533
v -3.328761 0.023680 0.485141
v -3.329487 0.022254 0.483975
v -3.329045 0.021524 0.484517
v -3.328476 0.021159 0.485269
v -3.328104 0.022968 0.485982
v -3.328576 0.018278 0.483472
v -3.328902 0.018422 0.483819
v -3.328963 0.018867 0.484158
v -3.329291 0.018975 0.482551
v -3.329609 0.019103 0.482908
v -3.329646 0.019503 0.483275
v -3.329967 0.019784 0.481694
v -3.330272 0.019905 0.482067
v -3.330276 0.020289 0.482479
v -3.311997 0.026830 0.472389
v -3.312133 0.026653 0.472222
v -3.312250 0.026542 0.472144
v -3.312278 0.027415 0.472056
v -3.312423 0.027260 0.471876
v -3.312547 0.027162 0.471791
v -3.312525 0.028039 0.471772
v -3.312680 0.027907 0.471582
v -3.312809 0.027824 0.471490
v -3.330264 0.025267 0.483208
v -3.328980 0.026809 0.485133
v -3.330152 0.026213 0.483454
v -3.331166 0.025420 0.481949
v -3.330910 0.024478 0.482215
v -3.330451 0.023781 0.482785
v -3.329688 0.025149 0.483997
v -3.331177 0.021700 0.480201
v -3.331467 0.021798 0.480592
v -3.331430 0.022117 0.481054
v -3.331699 0.022790 0.479579
v -3.331985 0.022867 0.479975
v -3.331936 0.023130 0.480449
v -3.332159 0.023954 0.479051
v -3.332434 0.024017 0.479459
v -3.332357 0.024244 0.479969
v -3.312909 0.029383 0.471363
v -3.313079 0.029301 0.471157
v -3.313217 0.029249 0.471056
v -3.313043 0.030089 0.471242
v -3.313218 0.030034 0.471031
v -3.313359 0.029998 0.470927
v -3.313137 0.030809 0.471177
v -3.313315 0.030781 0.470964
v -3.313458 0.030761 0.470859
v -3.331222 0.028615 0.482188
v -3.329652 0.029156 0.484418
v -3.330902 0.029388 0.482705
v -3.332045 0.029348 0.481090
v -3.332016 0.028339 0.481039
v -3.331737 0.027415 0.481341
v -3.330701 0.028132 0.482869
v -3.332876 0.026458 0.478288
v -3.333143 0.026491 0.478706
v -3.333041 0.026633 0.479241
v -3.333126 0.027774 0.478061
v -3.333393 0.027785 0.478477
v -3.333293 0.027870 0.479005
v -3.333300 0.029116 0.477941
v -3.333560 0.029108 0.478365
v -3.333441 0.029142 0.478914
v -3.313198 0.032263 0.471222
v -3.313379 0.032289 0.471011
v -3.313524 0.032303 0.470906
v -3.313166 0.032983 0.471331
v -3.313345 0.033036 0.471124
v -3.313489 0.033066 0.471022
v -3.313092 0.033689 0.471496
v -3.313268 0.033769 0.471295
v -3.313410 0.033815 0.471197
v -3.331376 0.032239 0.482300
v -3.329759 0.031696 0.484497
v -3.330896 0.032721 0.483010
v -3.331992 0.033440 0.481527
v -3.332193 0.032517 0.481168
v -3.332137 0.031508 0.481156
v -3.330990 0.031465 0.482769
v -3.333415 0.031826 0.478025
v -3.333673 0.031785 0.478447
v -3.333551 0.031728 0.478994
v -3.333354 0.033168 0.478227
v -3.333619 0.033109 0.478641
v -3.333510 0.033000 0.479163
v -3.333216 0.034484 0.478535
v -3.333478 0.034403 0.478950
v -3.333364 0.034237 0.479475
v -3.312821 0.035032 0.471988
v -3.312987 0.035162 0.471805
v -3.313123 0.035239 0.471718
v -3.312627 0.035656 0.472310
v -3.312786 0.035810 0.472140
v -3.312918 0.035901 0.472060
v -3.312396 0.036241 0.472679
v -3.312547 0.036416 0.472523
v -3.312673 0.036522 0.472452
v -3.330701 0.035587 0.483526
v -3.329286 0.034043 0.485356
v -3.330135 0.035705 0.484322
v -3.331015 0.037074 0.483195
v -3.331415 0.036377 0.482582
v -3.331590 0.035436 0.482258
v -3.330509 0.034640 0.483713
v -3.332711 0.036988 0.479452
v -3.332979 0.036876 0.479856
v -3.332882 0.036626 0.480350
v -3.332350 0.038152 0.480053
v -3.332628 0.038027 0.480442
v -3.332555 0.037740 0.480899
v -3.331920 0.039242 0.480741
v -3.332200 0.039096 0.481125
v -3.332135 0.038753 0.481567
v -3.311835 0.037269 0.473543
v -3.311964 0.037483 0.473419
v -3.312078 0.037612 0.473368
v -3.311509 0.037703 0.474030
v -3.311626 0.037933 0.473924
v -3.311732 0.038071 0.473885
v -3.311157 0.038077 0.474548
v -3.311261 0.038321 0.474461
v -3.311359 0.038468 0.474433
v -3.329301 0.038149 0.485681
v -3.328305 0.035839 0.486866
v -3.328736 0.037885 0.486441
v -3.329262 0.039696 0.485840
v -3.329800 0.039332 0.485066
v -3.330180 0.038602 0.484479
v -3.329333 0.037174 0.485557
v -3.330873 0.041158 0.482353
v -3.331166 0.040989 0.482717
v -3.331136 0.040582 0.483104
v -3.330266 0.041967 0.483260
v -3.330570 0.041791 0.483607
v -3.330573 0.041368 0.483949
v -3.329609 0.042664 0.484224
v -3.329922 0.042472 0.484560
v -3.329943 0.042003 0.484871
v -3.310390 0.038633 0.475653
v -3.310465 0.038898 0.475607
v -3.310545 0.039058 0.475605
v -3.309981 0.038810 0.476230
v -3.310041 0.039082 0.476206
v -3.310112 0.039245 0.476217
v -3.309561 0.038917 0.476816
v -3.309606 0.039192 0.476815
v -3.309667 0.039359 0.476839
v -3.327388 0.039536 0.488435
v -3.326964 0.036811 0.488797
v -3.326910 0.038930 0.489045
v -3.327000 0.040907 0.489059
v -3.327595 0.040931 0.488242
v -3.328122 0.040523 0.487481
v -3.327639 0.038680 0.488020
v -3.328179 0.043701 0.486284
v -3.328509 0.043496 0.486594
v -3.328579 0.042993 0.486836
v -3.327418 0.044031 0.487360
v -3.327760 0.043828 0.487653
v -3.327865 0.043331 0.487849
v -3.326636 0.044230 0.488453
v -3.326989 0.044017 0.488731
v -3.327122 0.043492 0.488884
v -3.308705 0.038917 0.477994
v -3.308717 0.039192 0.478036
v -3.308759 0.039359 0.478087
v -3.308277 0.038810 0.478574
v -3.308273 0.039082 0.478638
v -3.308305 0.039246 0.478702
v -3.307854 0.038633 0.479140
v -3.307834 0.038898 0.479226
v -3.307856 0.039058 0.479303
v -3.325254 0.039536 0.491370
v -3.325468 0.036811 0.490854
v -3.324937 0.038680 0.491737
v -3.324574 0.040523 0.492361
v -3.325134 0.040931 0.491626
v -3.325728 0.040907 0.490808
v -3.325687 0.038930 0.490727
v -3.325040 0.044230 0.490648
v -3.325413 0.044017 0.490899
v -3.325600 0.043492 0.490978
v -3.324241 0.044032 0.491729
v -3.324625 0.043828 0.491965
v -3.324843 0.043331 0.492004
v -3.323452 0.043701 0.492785
v -3.323849 0.043496 0.493003
v -3.324100 0.042993 0.492995
v -3.307039 0.038077 0.480211
v -3.306989 0.038321 0.480336
v -3.306992 0.038468 0.480438
v -3.306655 0.037703 0.480705
v -3.306591 0.037933 0.480849
v -3.306586 0.038071 0.480962
v -3.306293 0.037269 0.481165
v -3.306215 0.037483 0.481327
v -3.306201 0.037612 0.481450
v -3.323224 0.038149 0.494038
v -3.324045 0.035839 0.492725
v -3.323116 0.037174 0.494107
v -3.322352 0.038602 0.495245
v -3.322793 0.039332 0.494703
v -3.323363 0.039696 0.493952
v -3.323773 0.037885 0.493266
v -3.321934 0.042664 0.494781
v -3.322349 0.042472 0.494974
v -3.322652 0.042003 0.494899
v -3.321218 0.041967 0.495702
v -3.321643 0.041791 0.495885
v -3.321969 0.041368 0.495782
v -3.320543 0.041158 0.496560
v -3.320979 0.040989 0.496726
v -3.321339 0.040582 0.496579
v -3.305644 0.036241 0.481966
v -3.305541 0.036416 0.482158
v -3.305513 0.036521 0.482300
v -3.305364 0.035656 0.482299
v -3.305251 0.035810 0.482503
v -3.305216 0.035901 0.482653
v -3.305117 0.035032 0.482583
v -3.304995 0.035162 0.482798
v -3.304954 0.035239 0.482954
v -3.321606 0.035587 0.496035
v -3.322911 0.034043 0.494125
v -3.321725 0.034640 0.495794
v -3.320674 0.035436 0.497271
v -3.320928 0.036377 0.497005
v -3.321388 0.037074 0.496435
v -3.322189 0.035705 0.495251
v -3.319333 0.039242 0.498053
v -3.319784 0.039096 0.498201
v -3.320185 0.038754 0.498003
v -3.318810 0.038153 0.498674
v -3.319267 0.038027 0.498818
v -3.319679 0.037740 0.498608
v -3.318351 0.036988 0.499203
v -3.318817 0.036876 0.499334
v -3.319257 0.036626 0.499089
v -3.304732 0.033689 0.482993
v -3.304595 0.033769 0.483222
v -3.304546 0.033815 0.483388
v -3.304598 0.032983 0.483114
v -3.304456 0.033036 0.483348
v -3.304404 0.033066 0.483517
v -3.304505 0.032263 0.483178
v -3.304359 0.032289 0.483415
v -3.304305 0.032303 0.483585
v -3.320648 0.032239 0.497055
v -3.322239 0.031696 0.494839
v -3.320975 0.031465 0.496543
v -3.319794 0.031508 0.498131
v -3.319823 0.032517 0.498181
v -3.320103 0.033440 0.497879
v -3.321176 0.032721 0.496379
v -3.317634 0.034484 0.499966
v -3.318109 0.034403 0.500087
v -3.318574 0.034237 0.499816
v -3.317384 0.033168 0.500193
v -3.317858 0.033109 0.500317
v -3.318322 0.033000 0.500052
v -3.317210 0.031826 0.500312
v -3.317691 0.031785 0.500428
v -3.318173 0.031728 0.500143
v -3.313806 0.034724 0.497144
v -3.314905 0.034663 0.497993
v -3.316024 0.034595 0.498825
v -3.313557 0.033411 0.497370
v -3.314655 0.033346 0.498219
v -3.315773 0.033276 0.499051
v -3.313383 0.032072 0.497490
v -3.314480 0.032003 0.498339
v -3.315599 0.031932 0.499172
v -3.315501 0.039471 0.495236
v -3.316605 0.039424 0.496078
v -3.317726 0.039361 0.496908
v -3.314981 0.038383 0.495855
v -3.316082 0.038334 0.496700
v -3.317203 0.038269 0.497530
v -3.314521 0.037222 0.496383
v -3.315622 0.037169 0.497229
v -3.316742 0.037103 0.498060
v -3.318096 0.042884 0.491972
v -3.319207 0.042849 0.492804
v -3.320331 0.042789 0.493630
v -3.317383 0.042188 0.492890
v -3.318492 0.042151 0.493726
v -3.319615 0.042090 0.494553
v -3.316708 0.041382 0.493746
v -3.317816 0.041342 0.494584
v -3.318938 0.041281 0.495412
v -3.321195 0.044447 0.487849
v -3.322316 0.044416 0.488669
v -3.323443 0.044358 0.489490
v -3.320398 0.044248 0.488927
v -3.321517 0.044216 0.489750
v -3.322643 0.044158 0.490573
v -3.319611 0.043919 0.489981
v -3.320727 0.043887 0.490807
v -3.321852 0.043828 0.491631
v -3.324327 0.043919 0.483495
v -3.325457 0.043887 0.484301
v -3.326588 0.043828 0.485118
v -3.323567 0.044248 0.484568
v -3.324695 0.044216 0.485378
v -3.325825 0.044158 0.486196
v -3.322787 0.044447 0.485659
v -3.323913 0.044416 0.486472
v -3.325042 0.044358 0.487291
v -3.327014 0.041382 0.479572
v -3.328153 0.041342 0.480367
v -3.329287 0.041281 0.481180
v -3.326408 0.042188 0.480478
v -3.327545 0.042151 0.481276
v -3.328678 0.042090 0.482089
v -3.325754 0.042885 0.481440
v -3.326889 0.042849 0.482240
v -3.328021 0.042790 0.483055
v -3.328848 0.037222 0.476679
v -3.329992 0.037169 0.477465
v -3.331128 0.037103 0.478274
v -3.328488 0.038383 0.477279
v -3.329631 0.038334 0.478067
v -3.330766 0.038269 0.478876
v -3.328059 0.039470 0.477965
v -3.329201 0.039424 0.478755
v -3.330336 0.039361 0.479566
v -3.329550 0.032072 0.475255
v -3.330696 0.032003 0.476037
v -3.331833 0.031932 0.476844
v -3.329489 0.033411 0.475457
v -3.330636 0.033346 0.476240
v -3.331772 0.033276 0.477048
v -3.329352 0.034724 0.475764
v -3.330497 0.034664 0.476547
v -3.331634 0.034595 0.477355
v -3.329012 0.026716 0.475517
v -3.330157 0.026631 0.476300
v -3.331293 0.026554 0.477108
v -3.329262 0.028029 0.475292
v -3.330407 0.027948 0.476074
v -3.331543 0.027872 0.476881
v -3.329435 0.029368 0.475172
v -3.330581 0.029292 0.475953
v -3.331718 0.029217 0.476761
v -3.327317 0.021970 0.477426
v -3.328457 0.021870 0.478214
v -3.329591 0.021788 0.479024
v -3.327838 0.023057 0.476806
v -3.328979 0.022961 0.477593
v -3.330114 0.022880 0.478402
v -3.328297 0.024218 0.476278
v -3.329440 0.024126 0.477063
v -3.330575 0.024045 0.477872
v -3.324723 0.018556 0.480690
v -3.325854 0.018446 0.481488
v -3.326985 0.018359 0.482302
v -3.325436 0.019252 0.479771
v -3.326569 0.019144 0.480567
v -3.327701 0.019059 0.481379
v -3.326110 0.020058 0.478915
v -3.327246 0.019953 0.479708
v -3.328379 0.019868 0.480520
v -3.321624 0.016994 0.484813
v -3.322746 0.016879 0.485624
v -3.323874 0.016791 0.486442
v -3.322420 0.017192 0.483735
v -3.323545 0.017079 0.484542
v -3.324674 0.016991 0.485359
v -3.323208 0.017521 0.482681
v -3.324335 0.017408 0.483485
v -3.325464 0.017321 0.484301
v -3.318492 0.017521 0.489167
v -3.319604 0.017408 0.489991
v -3.320729 0.017320 0.490814
v -3.319251 0.017192 0.488093
v -3.320366 0.017079 0.488914
v -3.321491 0.016991 0.489736
v -3.320031 0.016993 0.487003
v -3.321149 0.016879 0.487820
v -3.322275 0.016791 0.488641
v -3.315804 0.020058 0.493089
v -3.316909 0.019953 0.493925
v -3.318030 0.019868 0.494753
v -3.316411 0.019252 0.492184
v -3.317517 0.019144 0.493017
v -3.318639 0.019058 0.493843
v -3.317065 0.018556 0.491222
v -3.318173 0.018446 0.492052
v -3.319296 0.018359 0.492878
v -3.313970 0.024218 0.495983
v -3.315069 0.024126 0.496827
v -3.316188 0.024045 0.497658
v -3.314331 0.023057 0.495383
v -3.315431 0.022961 0.496226
v -3.316551 0.022880 0.497056
v -3.314760 0.021970 0.494697
v -3.315861 0.021870 0.495537
v -3.316981 0.021788 0.496367
v -3.313269 0.029368 0.497407
v -3.314365 0.029291 0.498256
v -3.315484 0.029217 0.499088
v -3.313329 0.028029 0.497204
v -3.314426 0.027948 0.498053
v -3.315544 0.027872 0.498885
v -3.313467 0.026716 0.496898
v -3.314564 0.026631 0.497745
v -3.315683 0.026554 0.498577
v -3.304391 0.030730 0.483839
v -3.304684 0.030707 0.484088
v -3.305240 0.030670 0.484505
v -3.304426 0.029952 0.483721
v -3.304720 0.029926 0.483970
v -3.305275 0.029887 0.484386
v -3.304507 0.029188 0.483543
v -3.304800 0.029159 0.483791
v -3.305355 0.029120 0.484207
v -3.304799 0.027736 0.483011
v -3.305094 0.027702 0.483257
v -3.305650 0.027660 0.483673
v -3.305009 0.027061 0.482662
v -3.305305 0.027024 0.482907
v -3.305861 0.026982 0.483322
v -3.305258 0.026428 0.482263
v -3.305555 0.026390 0.482506
v -3.306111 0.026347 0.482921
v -3.305866 0.025317 0.481328
v -3.306164 0.025274 0.481568
v -3.306721 0.025229 0.481982
v -3.306218 0.024848 0.480802
v -3.306518 0.024804 0.481040
v -3.307076 0.024758 0.481453
v -3.306599 0.024443 0.480243
v -3.306900 0.024397 0.480479
v -3.307458 0.024351 0.480891
v -3.307428 0.023842 0.479048
v -3.307733 0.023793 0.479279
v -3.308292 0.023747 0.479690
v -3.307870 0.023651 0.478424
v -3.308176 0.023602 0.478653
v -3.308736 0.023555 0.479062
v -3.308323 0.023535 0.477789
v -3.308631 0.023486 0.478016
v -3.309191 0.023439 0.478425
v -3.309249 0.023535 0.476516
v -3.309560 0.023486 0.476739
v -3.310122 0.023438 0.477146
v -3.309713 0.023651 0.475889
v -3.310025 0.023602 0.476109
v -3.310587 0.023555 0.476516
v -3.310170 0.023842 0.475277
v -3.310484 0.023793 0.475495
v -3.311047 0.023747 0.475900
v -3.311051 0.024443 0.474119
v -3.311368 0.024397 0.474333
v -3.311933 0.024351 0.474736
v -3.311466 0.024848 0.473585
v -3.311785 0.024804 0.473796
v -3.312349 0.024758 0.474200
v -3.311858 0.025317 0.473087
v -3.312178 0.025274 0.473297
v -3.312743 0.025229 0.473699
v -3.312560 0.026428 0.472221
v -3.312883 0.026390 0.472428
v -3.313449 0.026347 0.472829
v -3.312863 0.027061 0.471861
v -3.313187 0.027024 0.472066
v -3.313753 0.026982 0.472467
v -3.313130 0.027736 0.471554
v -3.313454 0.027702 0.471758
v -3.314021 0.027660 0.472158
v -3.313545 0.029188 0.471111
v -3.313872 0.029159 0.471314
v -3.314439 0.029120 0.471714
v -3.313690 0.029952 0.470980
v -3.314017 0.029926 0.471182
v -3.314585 0.029887 0.471582
v -3.313792 0.030730 0.470910
v -3.314119 0.030707 0.471112
v -3.314687 0.030670 0.471512
v -3.313858 0.032302 0.470959
v -3.314186 0.032285 0.471161
v -3.314754 0.032250 0.471561
v -3.313823 0.033081 0.471076
v -3.314150 0.033066 0.471279
v -3.314718 0.033032 0.471679
v -3.313743 0.033844 0.471255
v -3.314070 0.033833 0.471458
v -3.314638 0.033799 0.471858
v -3.313450 0.035297 0.471787
v -3.313776 0.035290 0.471992
v -3.314343 0.035259 0.472393
v -3.313240 0.035972 0.472135
v -3.313566 0.035968 0.472342
v -3.314133 0.035937 0.472743
v -3.312991 0.036604 0.472535
v -3.313315 0.036602 0.472742
v -3.313882 0.036573 0.473144
v -3.312384 0.037716 0.473469
v -3.312706 0.037718 0.473680
v -3.313272 0.037690 0.474083
v -3.312031 0.038184 0.473996
v -3.312352 0.038188 0.474209
v -3.312917 0.038161 0.474613
v -3.311651 0.038589 0.474555
v -3.311970 0.038595 0.474770
v -3.312535 0.038568 0.475175
v -3.310821 0.039191 0.475750
v -3.311137 0.039199 0.475969
v -3.311701 0.039172 0.476375
v -3.310380 0.039382 0.476374
v -3.310694 0.039390 0.476596
v -3.311258 0.039364 0.477003
v -3.309926 0.039498 0.477008
v -3.310239 0.039506 0.477232
v -3.310802 0.039481 0.477640
v -3.309000 0.039497 0.478281
v -3.309310 0.039506 0.478510
v -3.309871 0.039481 0.478920
v -3.308537 0.039382 0.478908
v -3.308845 0.039390 0.479139
v -3.309406 0.039364 0.479550
v -3.308079 0.039191 0.479521
v -3.308386 0.039199 0.479754
v -3.308946 0.039172 0.480165
v -3.307198 0.038589 0.480679
v -3.307502 0.038595 0.480916
v -3.308060 0.038568 0.481329
v -3.306784 0.038184 0.481213
v -3.307085 0.038188 0.481452
v -3.307644 0.038161 0.481866
v -3.306391 0.037716 0.481711
v -3.306692 0.037718 0.481952
v -3.307250 0.037690 0.482366
v -3.305690 0.036604 0.482577
v -3.305987 0.036602 0.482821
v -3.306544 0.036573 0.483236
v -3.305387 0.035972 0.482937
v -3.305684 0.035968 0.483182
v -3.306240 0.035937 0.483598
v -3.305120 0.035297 0.483244
v -3.305416 0.035290 0.483491
v -3.305972 0.035259 0.483907
v -3.304704 0.033844 0.483686
v -3.304998 0.033833 0.483935
v -3.305554 0.033799 0.484351
v -3.304559 0.033081 0.483817
v -3.304853 0.033066 0.484066
v -3.305408 0.033032 0.484483
v -3.304458 0.032302 0.483887
v -3.304751 0.032285 0.484136
v -3.305306 0.032250 0.484553
v -3.312559 0.030195 0.489831
v -3.313025 0.030163 0.490189
v -3.313231 0.030144 0.490389
v -3.312594 0.029412 0.489713
v -3.313061 0.029378 0.490070
v -3.313266 0.029355 0.490270
v -3.312675 0.028644 0.489534
v -3.313141 0.028609 0.489891
v -3.313347 0.028582 0.490089
v -3.312969 0.027184 0.488999
v -3.313436 0.027146 0.489355
v -3.313643 0.027112 0.489551
v -3.313180 0.026506 0.488648
v -3.313647 0.026466 0.489004
v -3.313856 0.026428 0.489198
v -3.313431 0.025870 0.488247
v -3.313898 0.025829 0.488602
v -3.314108 0.025788 0.488794
v -3.314042 0.024752 0.487307
v -3.314510 0.024709 0.487660
v -3.314723 0.024663 0.487847
v -3.314396 0.024281 0.486778
v -3.314865 0.024237 0.487130
v -3.315080 0.024188 0.487314
v -3.314778 0.023874 0.486216
v -3.315248 0.023830 0.486566
v -3.315465 0.023778 0.486748
v -3.315613 0.023269 0.485014
v -3.316084 0.023224 0.485363
v -3.316305 0.023169 0.485538
v -3.316057 0.023077 0.484387
v -3.316529 0.023031 0.484734
v -3.316752 0.022976 0.484906
v -3.316513 0.022960 0.483749
v -3.316986 0.022915 0.484095
v -3.317212 0.022858 0.484264
v -3.317444 0.022960 0.482469
v -3.317919 0.022915 0.482813
v -3.318149 0.022858 0.482975
v -3.317909 0.023077 0.481838
v -3.318385 0.023031 0.482181
v -3.318618 0.022976 0.482340
v -3.318370 0.023269 0.481223
v -3.318846 0.023224 0.481564
v -3.319082 0.023169 0.481720
v -3.319255 0.023874 0.480059
v -3.319734 0.023830 0.480398
v -3.319973 0.023778 0.480548
v -3.319672 0.024281 0.479521
v -3.320152 0.024237 0.479859
v -3.320393 0.024188 0.480007
v -3.320066 0.024752 0.479021
v -3.320547 0.024709 0.479358
v -3.320791 0.024663 0.479503
v -3.320772 0.025870 0.478150
v -3.321254 0.025829 0.478486
v -3.321501 0.025788 0.478626
v -3.321077 0.026505 0.477788
v -3.321558 0.026466 0.478123
v -3.321808 0.026428 0.478261
v -3.321345 0.027184 0.477479
v -3.321827 0.027146 0.477814
v -3.322078 0.027112 0.477951
v -3.321763 0.028644 0.477035
v -3.322246 0.028609 0.477368
v -3.322499 0.028582 0.477503
v -3.321909 0.029412 0.476903
v -3.322392 0.029378 0.477236
v -3.322646 0.029355 0.477370
v -3.322011 0.030195 0.476833
v -3.322494 0.030163 0.477165
v -3.322748 0.030143 0.477299
v -3.322078 0.031775 0.476881
v -3.322561 0.031746 0.477214
v -3.322815 0.031735 0.477348
v -3.322042 0.032558 0.477000
v -3.322526 0.032530 0.477333
v -3.322780 0.032524 0.477467
v -3.321962 0.033326 0.477179
v -3.322445 0.033300 0.477512
v -3.322699 0.033297 0.477648
v -3.321667 0.034786 0.477714
v -3.322150 0.034763 0.478048
v -3.322402 0.034767 0.478186
v -3.321456 0.035465 0.478064
v -3.321939 0.035443 0.478400
v -3.322190 0.035451 0.478540
v -3.321206 0.036101 0.478466
v -3.321688 0.036080 0.478802
v -3.321938 0.036091 0.478944
v -3.320595 0.037218 0.479405
v -3.321076 0.037199 0.479743
v -3.321323 0.037216 0.479890
v -3.320240 0.037690 0.479935
v -3.320721 0.037672 0.480273
v -3.320966 0.037691 0.480423
v -3.319858 0.038097 0.480497
v -3.320338 0.038079 0.480837
v -3.320581 0.038101 0.480989
v -3.319024 0.038702 0.481698
v -3.319502 0.038685 0.482040
v -3.319741 0.038710 0.482199
v -3.318580 0.038894 0.482326
v -3.319057 0.038878 0.482669
v -3.319293 0.038903 0.482831
v -3.318124 0.039010 0.482964
v -3.318600 0.038994 0.483308
v -3.318834 0.039021 0.483473
v -3.317193 0.039010 0.484244
v -3.317668 0.038994 0.484591
v -3.317897 0.039021 0.484762
v -3.316727 0.038894 0.484874
v -3.317201 0.038878 0.485222
v -3.317428 0.038903 0.485397
v -3.316267 0.038702 0.485490
v -3.316740 0.038685 0.485839
v -3.316964 0.038710 0.486017
v -3.315381 0.038097 0.486654
v -3.315853 0.038079 0.487006
v -3.316072 0.038101 0.487190
v -3.314964 0.037690 0.487191
v -3.315435 0.037672 0.487544
v -3.315653 0.037691 0.487730
v -3.314570 0.037218 0.487692
v -3.315040 0.037199 0.488045
v -3.315255 0.037216 0.488234
v -3.313864 0.036101 0.488562
v -3.314333 0.036080 0.488917
v -3.314545 0.036091 0.489111
v -3.313560 0.035465 0.488924
v -3.314028 0.035443 0.489280
v -3.314238 0.035451 0.489476
v -3.313292 0.034786 0.489233
v -3.313759 0.034763 0.489590
v -3.313968 0.034767 0.489787
v -3.312873 0.033326 0.489678
v -3.313340 0.033300 0.490035
v -3.313547 0.033297 0.490235
v -3.312728 0.032558 0.489810
v -3.313194 0.032530 0.490167
v -3.313400 0.032524 0.490368
v -3.312626 0.031775 0.489880
v -3.313092 0.031746 0.490238
v -3.313298 0.031735 0.490438
v -3.313091 0.030044 0.491274
v -3.313130 0.029178 0.491143
v -3.313220 0.028328 0.490945
v -3.313212 0.030084 0.490923
v -3.313249 0.029253 0.490798
v -3.313335 0.028437 0.490607
v -3.313273 0.030111 0.490688
v -3.313310 0.029302 0.490566
v -3.313393 0.028508 0.490380
v -3.313545 0.026713 0.490353
v -3.313778 0.025962 0.489965
v -3.314056 0.025259 0.489521
v -3.313647 0.026886 0.490039
v -3.313871 0.026166 0.489667
v -3.314137 0.025490 0.489241
v -3.313697 0.026998 0.489827
v -3.313915 0.026296 0.489465
v -3.314175 0.025639 0.489050
v -3.314731 0.024022 0.488482
v -3.315123 0.023501 0.487896
v -3.315547 0.023051 0.487274
v -3.314786 0.024303 0.488243
v -3.315163 0.023803 0.487680
v -3.315569 0.023370 0.487083
v -3.314806 0.024483 0.488078
v -3.315173 0.023996 0.487531
v -3.315568 0.023575 0.486950
v -3.316469 0.022381 0.485945
v -3.316961 0.022169 0.485251
v -3.317465 0.022040 0.484545
v -3.316455 0.022728 0.485807
v -3.316927 0.022524 0.485140
v -3.317411 0.022400 0.484463
v -3.316431 0.022950 0.485707
v -3.316890 0.022751 0.485058
v -3.317361 0.022631 0.484399
v -3.318495 0.022040 0.483129
v -3.319010 0.022169 0.482432
v -3.319519 0.022382 0.481750
v -3.318400 0.022400 0.483103
v -3.318895 0.022524 0.482434
v -3.319383 0.022728 0.481780
v -3.318324 0.022631 0.483076
v -3.318805 0.022751 0.482424
v -3.319281 0.022950 0.481787
v -3.320499 0.023051 0.480463
v -3.320960 0.023501 0.479869
v -3.321397 0.024022 0.479315
v -3.320324 0.023370 0.480543
v -3.320767 0.023803 0.479973
v -3.321186 0.024303 0.479441
v -3.320197 0.023575 0.480583
v -3.320628 0.023996 0.480028
v -3.321036 0.024483 0.479510
v -3.322177 0.025259 0.478352
v -3.322514 0.025962 0.477951
v -3.322811 0.026713 0.477610
v -3.321935 0.025490 0.478516
v -3.322258 0.026166 0.478132
v -3.322544 0.026886 0.477804
v -3.321765 0.025639 0.478610
v -3.322080 0.026296 0.478236
v -3.322358 0.026998 0.477917
v -3.323273 0.028328 0.477117
v -3.323435 0.029178 0.476971
v -3.323547 0.030044 0.476894
v -3.322988 0.028437 0.477331
v -3.323143 0.029253 0.477191
v -3.323251 0.030084 0.477116
v -3.322790 0.028508 0.477457
v -3.322941 0.029302 0.477320
v -3.323046 0.030111 0.477248
v -3.323621 0.031792 0.476948
v -3.323582 0.032658 0.477079
v -3.323493 0.033508 0.477277
v -3.323322 0.031763 0.477168
v -3.323284 0.032595 0.477294
v -3.323199 0.033410 0.477484
v -3.323115 0.031745 0.477298
v -3.323079 0.032555 0.477420
v -3.322995 0.033349 0.477606
v -3.323167 0.035123 0.477869
v -3.322934 0.035874 0.478257
v -3.322657 0.036577 0.478700
v -3.322886 0.034961 0.478052
v -3.322662 0.035682 0.478425
v -3.322396 0.036357 0.478851
v -3.322691 0.034859 0.478159
v -3.322473 0.035560 0.478521
v -3.322214 0.036218 0.478936
v -3.321981 0.037814 0.479740
v -3.321589 0.038335 0.480326
v -3.321166 0.038785 0.480948
v -3.321747 0.037544 0.479849
v -3.321371 0.038045 0.480411
v -3.320964 0.038477 0.481009
v -3.321582 0.037373 0.479908
v -3.321216 0.037861 0.480455
v -3.320820 0.038282 0.481037
v -3.320243 0.039454 0.482277
v -3.319752 0.039667 0.482971
v -3.319247 0.039796 0.483676
v -3.320078 0.039120 0.482285
v -3.319607 0.039324 0.482951
v -3.319122 0.039447 0.483629
v -3.319958 0.038907 0.482279
v -3.319499 0.039106 0.482928
v -3.319027 0.039226 0.483587
v -3.318218 0.039795 0.485093
v -3.317702 0.039667 0.485790
v -3.317193 0.039454 0.486471
v -3.318134 0.039447 0.484988
v -3.317639 0.039324 0.485658
v -3.317150 0.039120 0.486312
v -3.318065 0.039226 0.484911
v -3.317583 0.039106 0.485562
v -3.317107 0.038907 0.486199
v -3.316213 0.038785 0.487759
v -3.315752 0.038335 0.488353
v -3.315316 0.037814 0.488907
v -3.316209 0.038477 0.487549
v -3.315766 0.038045 0.488119
v -3.315347 0.037544 0.488651
v -3.316191 0.038282 0.487403
v -3.315760 0.037861 0.487958
v -3.315352 0.037373 0.488476
v -3.314535 0.036577 0.489870
v -3.314198 0.035874 0.490271
v -3.313902 0.035123 0.490612
v -3.314598 0.036357 0.489575
v -3.314275 0.035682 0.489960
v -3.313990 0.034961 0.490288
v -3.314623 0.036218 0.489376
v -3.314308 0.035560 0.489750
v -3.314031 0.034859 0.490070
v -3.313439 0.033508 0.491104
v -3.313278 0.032658 0.491250
v -3.313165 0.031792 0.491328
v -3.313545 0.033410 0.490761
v -3.313391 0.032595 0.490901
v -3.313283 0.031763 0.490975
v -3.313598 0.033349 0.490530
v -3.313448 0.032555 0.490666
v -3.313343 0.031746 0.490739
v -3.307765 0.033657 0.485961
v -3.309282 0.033558 0.487064
v -3.310783 0.033461 0.488156
v -3.307619 0.032889 0.486093
v -3.309136 0.032791 0.487196
v -3.310638 0.032693 0.488288
v -3.307518 0.032106 0.486163
v -3.309034 0.032008 0.487266
v -3.310536 0.031911 0.488358
v -3.308755 0.036430 0.484845
v -3.310272 0.036332 0.485948
v -3.311774 0.036235 0.487040
v -3.308451 0.035795 0.485207
v -3.309968 0.035697 0.486310
v -3.311470 0.035599 0.487402
v -3.308183 0.035116 0.485516
v -3.309700 0.035018 0.486619
v -3.311201 0.034921 0.487711
v -3.310272 0.038426 0.482938
v -3.311789 0.038328 0.484041
v -3.313291 0.038230 0.485133
v -3.309855 0.038019 0.483475
v -3.311372 0.037921 0.484578
v -3.312874 0.037823 0.485669
v -3.309461 0.037548 0.483975
v -3.310978 0.037449 0.485078
v -3.312479 0.037352 0.486170
v -3.312083 0.039339 0.480528
v -3.313600 0.039241 0.481631
v -3.315102 0.039143 0.482723
v -3.311617 0.039223 0.481158
v -3.313134 0.039124 0.482261
v -3.314636 0.039027 0.483353
v -3.311157 0.039031 0.481774
v -3.312674 0.038932 0.482877
v -3.314176 0.038835 0.483969
v -3.313913 0.039031 0.477983
v -3.315430 0.038932 0.479086
v -3.316932 0.038835 0.480178
v -3.313470 0.039223 0.478611
v -3.314987 0.039124 0.479714
v -3.316488 0.039027 0.480806
v -3.313014 0.039339 0.479248
v -3.314531 0.039241 0.480351
v -3.316032 0.039143 0.481443
v -3.315484 0.037548 0.475691
v -3.317001 0.037450 0.476794
v -3.318503 0.037352 0.477886
v -3.315130 0.038019 0.476220
v -3.316647 0.037921 0.477323
v -3.318148 0.037823 0.478415
v -3.314748 0.038426 0.476782
v -3.316265 0.038327 0.477885
v -3.317766 0.038230 0.478977
v -3.316556 0.035116 0.474000
v -3.318073 0.035018 0.475103
v -3.319575 0.034921 0.476195
v -3.316345 0.035795 0.474350
v -3.317862 0.035697 0.475453
v -3.319364 0.035599 0.476545
v -3.316095 0.036430 0.474751
v -3.317612 0.036332 0.475854
v -3.319113 0.036235 0.476946
v -3.316966 0.032106 0.473168
v -3.318483 0.032008 0.474271
v -3.319985 0.031911 0.475362
v -3.316931 0.032889 0.473286
v -3.318448 0.032791 0.474389
v -3.319949 0.032693 0.475481
v -3.316850 0.033656 0.473465
v -3.318367 0.033558 0.474568
v -3.319869 0.033461 0.475660
v -3.316652 0.028976 0.473321
v -3.318169 0.028878 0.474424
v -3.319671 0.028781 0.475516
v -3.316797 0.029744 0.473189
v -3.318315 0.029645 0.474292
v -3.319816 0.029548 0.475384
v -3.316899 0.030526 0.473119
v -3.318416 0.030428 0.474222
v -3.319918 0.030331 0.475314
v -3.315661 0.026202 0.474436
v -3.317178 0.026104 0.475539
v -3.318680 0.026007 0.476631
v -3.315966 0.026838 0.474074
v -3.317483 0.026740 0.475177
v -3.318984 0.026642 0.476269
v -3.316234 0.027516 0.473766
v -3.317751 0.027418 0.474869
v -3.319252 0.027321 0.475960
v -3.314145 0.024207 0.476344
v -3.315662 0.024109 0.477447
v -3.317163 0.024011 0.478539
v -3.314562 0.024614 0.475807
v -3.316079 0.024515 0.476910
v -3.317580 0.024418 0.478002
v -3.314956 0.025085 0.475307
v -3.316473 0.024986 0.476410
v -3.317974 0.024889 0.477502
v -3.312334 0.023294 0.478754
v -3.313851 0.023195 0.479857
v -3.315352 0.023098 0.480949
v -3.312799 0.023410 0.478123
v -3.314316 0.023312 0.479226
v -3.315818 0.023214 0.480318
v -3.313259 0.023602 0.477508
v -3.314776 0.023504 0.478611
v -3.316278 0.023407 0.479703
v -3.310503 0.023602 0.481298
v -3.312020 0.023504 0.482401
v -3.313522 0.023407 0.483493
v -3.310947 0.023410 0.480671
v -3.312464 0.023312 0.481774
v -3.313966 0.023214 0.482866
v -3.311403 0.023294 0.480034
v -3.312920 0.023195 0.481137
v -3.314422 0.023098 0.482228
v -3.308933 0.025085 0.483591
v -3.310450 0.024986 0.484694
v -3.311951 0.024889 0.485786
v -3.309287 0.024614 0.483062
v -3.310804 0.024515 0.484165
v -3.312305 0.024418 0.485256
v -3.309669 0.024207 0.482499
v -3.311186 0.024108 0.483602
v -3.312688 0.024011 0.484694
v -3.307861 0.027516 0.485282
v -3.309378 0.027418 0.486385
v -3.310879 0.027321 0.487477
v -3.308071 0.026838 0.484931
v -3.309588 0.026740 0.486034
v -3.311090 0.026642 0.487126
v -3.308322 0.026202 0.484530
v -3.309839 0.026104 0.485633
v -3.311341 0.026006 0.486725
v -3.307451 0.030526 0.486114
v -3.308968 0.030428 0.487217
v -3.310469 0.030331 0.488309
v -3.307486 0.029744 0.485996
v -3.309003 0.029645 0.487099
v -3.310504 0.029548 0.488191
v -3.307566 0.028976 0.485817
v -3.309083 0.028878 0.486920
v -3.310585 0.028781 0.488011
v -3.312376 0.034761 0.495844
v -3.312131 0.033468 0.496066
v -3.311960 0.032151 0.496184
v -3.312150 0.034717 0.495408
v -3.311909 0.033447 0.495626
v -3.311741 0.032151 0.495742
v -3.312154 0.034626 0.494987
v -3.311920 0.033389 0.495199
v -3.311756 0.032129 0.495312
v -3.314045 0.039431 0.493966
v -3.313532 0.038361 0.494575
v -3.313080 0.037219 0.495095
v -3.313790 0.039309 0.493561
v -3.313286 0.038257 0.494161
v -3.312842 0.037134 0.494671
v -3.313750 0.039094 0.493190
v -3.313260 0.038070 0.493773
v -3.312828 0.036977 0.494270
v -3.316598 0.042791 0.490754
v -3.315896 0.042106 0.491658
v -3.315232 0.041313 0.492500
v -3.316300 0.042612 0.490404
v -3.315610 0.041938 0.491292
v -3.314958 0.041158 0.492120
v -3.316193 0.042309 0.490117
v -3.315521 0.041653 0.490982
v -3.314886 0.040894 0.491788
v -3.319647 0.044328 0.486697
v -3.318863 0.044132 0.487758
v -3.318089 0.043809 0.488794
v -3.319298 0.044123 0.486415
v -3.318527 0.043930 0.487458
v -3.317766 0.043613 0.488477
v -3.319111 0.043779 0.486235
v -3.318360 0.043592 0.487250
v -3.317619 0.043283 0.488242
v -3.322729 0.043809 0.482412
v -3.321982 0.044132 0.483469
v -3.321214 0.044328 0.484542
v -3.322328 0.043613 0.482203
v -3.321593 0.043930 0.483242
v -3.320838 0.044123 0.484297
v -3.322059 0.043283 0.482136
v -3.321344 0.043592 0.483147
v -3.320610 0.043779 0.484174
v -3.325374 0.041313 0.478553
v -3.324777 0.042106 0.479444
v -3.324133 0.042791 0.480390
v -3.324928 0.041158 0.478408
v -3.324341 0.041938 0.479284
v -3.323708 0.042612 0.480215
v -3.324589 0.040894 0.478443
v -3.324018 0.041653 0.479296
v -3.323403 0.042309 0.480201
v -3.327178 0.037219 0.475705
v -3.326823 0.038361 0.476295
v -3.326402 0.039431 0.476971
v -3.326702 0.037134 0.475609
v -3.326353 0.038257 0.476189
v -3.325938 0.039308 0.476853
v -3.326316 0.036977 0.475719
v -3.325976 0.038070 0.476284
v -3.325573 0.039094 0.476930
v -3.327869 0.032151 0.474304
v -3.327810 0.033468 0.474503
v -3.327674 0.034761 0.474805
v -3.327381 0.032151 0.474232
v -3.327322 0.033447 0.474428
v -3.327189 0.034717 0.474724
v -3.326977 0.032129 0.474378
v -3.326920 0.033389 0.474569
v -3.326790 0.034626 0.474858
v -3.327340 0.026881 0.474562
v -3.327585 0.028173 0.474340
v -3.327756 0.029490 0.474222
v -3.326861 0.026970 0.474485
v -3.327102 0.028240 0.474267
v -3.327270 0.029536 0.474151
v -3.326470 0.027086 0.474625
v -3.326705 0.028323 0.474413
v -3.326869 0.029583 0.474300
v -3.325672 0.022210 0.476440
v -3.326184 0.023280 0.475831
v -3.326636 0.024423 0.475311
v -3.325221 0.022378 0.476332
v -3.325725 0.023430 0.475732
v -3.326169 0.024553 0.475222
v -3.324874 0.022618 0.476422
v -3.325365 0.023642 0.475839
v -3.325797 0.024734 0.475342
v -3.323119 0.018851 0.479652
v -3.323820 0.019536 0.478748
v -3.324484 0.020329 0.477906
v -3.322711 0.019076 0.479489
v -3.323400 0.019749 0.478601
v -3.324053 0.020529 0.477773
v -3.322432 0.019403 0.479495
v -3.323103 0.020059 0.478630
v -3.323738 0.020818 0.477824
v -3.320069 0.017313 0.483709
v -3.320853 0.017509 0.482648
v -3.321628 0.017832 0.481612
v -3.319713 0.017564 0.483478
v -3.320484 0.017757 0.482435
v -3.321245 0.018074 0.481416
v -3.319514 0.017933 0.483377
v -3.320264 0.018120 0.482362
v -3.321006 0.018429 0.481370
v -3.316988 0.017832 0.487994
v -3.317735 0.017509 0.486937
v -3.318502 0.017313 0.485864
v -3.316683 0.018074 0.487690
v -3.317418 0.017757 0.486651
v -3.318172 0.017564 0.485596
v -3.316566 0.018429 0.487476
v -3.317281 0.018120 0.486465
v -3.318015 0.017933 0.485439
v -3.314343 0.020329 0.491854
v -3.314939 0.019535 0.490962
v -3.315583 0.018850 0.490016
v -3.314083 0.020529 0.491485
v -3.314670 0.019749 0.490609
v -3.315302 0.019076 0.489678
v -3.314035 0.020818 0.491169
v -3.314606 0.020059 0.490316
v -3.315222 0.019403 0.489411
v -3.312538 0.024423 0.494701
v -3.312893 0.023280 0.494111
v -3.313315 0.022210 0.493435
v -3.312309 0.024553 0.494284
v -3.312658 0.023430 0.493704
v -3.313072 0.022378 0.493040
v -3.312309 0.024734 0.493893
v -3.312648 0.023642 0.493328
v -3.313052 0.022618 0.492682
v -3.311847 0.029490 0.496102
v -3.311907 0.028173 0.495903
v -3.312042 0.026881 0.495601
v -3.311630 0.029536 0.495661
v -3.311688 0.028240 0.495465
v -3.311822 0.026970 0.495169
v -3.311648 0.029583 0.495234
v -3.311705 0.028323 0.495043
v -3.311835 0.027086 0.494754
v -3.312532 0.034289 0.493806
v -3.312319 0.033169 0.493999
v -3.312171 0.032028 0.494101
v -3.312790 0.034067 0.493039
v -3.312592 0.033024 0.493218
v -3.312454 0.031961 0.493313
v -3.313048 0.033845 0.492272
v -3.312864 0.032879 0.492438
v -3.312737 0.031894 0.492526
v -3.313977 0.038334 0.492179
v -3.313533 0.037407 0.492707
v -3.313141 0.036418 0.493158
v -3.314136 0.037835 0.491524
v -3.313722 0.036972 0.492015
v -3.313358 0.036050 0.492435
v -3.314295 0.037336 0.490868
v -3.313911 0.036536 0.491324
v -3.313574 0.035682 0.491712
v -3.316188 0.041245 0.489397
v -3.315581 0.040651 0.490180
v -3.315006 0.039964 0.490910
v -3.316196 0.040546 0.488932
v -3.315629 0.039993 0.489661
v -3.315094 0.039353 0.490341
v -3.316203 0.039847 0.488467
v -3.315679 0.039335 0.489143
v -3.315182 0.038742 0.489772
v -3.318830 0.042576 0.485882
v -3.318151 0.042407 0.486801
v -3.317480 0.042127 0.487699
v -3.318656 0.041786 0.485658
v -3.318024 0.041628 0.486514
v -3.317399 0.041368 0.487351
v -3.318483 0.040997 0.485434
v -3.317897 0.040850 0.486227
v -3.317317 0.040609 0.487002
v -3.321500 0.042127 0.482171
v -3.320852 0.042407 0.483086
v -3.320187 0.042577 0.484016
v -3.321143 0.041368 0.482201
v -3.320540 0.041628 0.483054
v -3.319921 0.041786 0.483919
v -3.320786 0.040609 0.482231
v -3.320228 0.040850 0.483021
v -3.319654 0.040997 0.483823
v -3.323791 0.039964 0.478827
v -3.323274 0.040651 0.479599
v -3.322716 0.041245 0.480419
v -3.323277 0.039353 0.479087
v -3.322795 0.039993 0.479806
v -3.322276 0.040546 0.480569
v -3.322763 0.038742 0.479346
v -3.322317 0.039335 0.480012
v -3.321836 0.039847 0.480720
v -3.325354 0.036418 0.476361
v -3.325047 0.037407 0.476872
v -3.324681 0.038334 0.477457
v -3.324733 0.036050 0.476789
v -3.324447 0.036972 0.477266
v -3.324106 0.037835 0.477811
v -3.324112 0.035682 0.477218
v -3.323847 0.036536 0.477659
v -3.323532 0.037336 0.478164
v -3.325952 0.032028 0.475147
v -3.325901 0.033169 0.475319
v -3.325783 0.034289 0.475581
v -3.325290 0.031961 0.475659
v -3.325242 0.033024 0.475819
v -3.325133 0.034067 0.476063
v -3.324629 0.031894 0.476170
v -3.324584 0.032879 0.476319
v -3.324483 0.033845 0.476545
v -3.325494 0.027462 0.475370
v -3.325706 0.028582 0.475178
v -3.325855 0.029723 0.475076
v -3.324863 0.027708 0.475867
v -3.325061 0.028751 0.475688
v -3.325199 0.029814 0.475593
v -3.324233 0.027954 0.476363
v -3.324416 0.028920 0.476197
v -3.324544 0.029905 0.476109
v -3.324049 0.023416 0.476997
v -3.324493 0.024343 0.476469
v -3.324884 0.025333 0.476019
v -3.323517 0.023940 0.477382
v -3.323931 0.024803 0.476891
v -3.324296 0.025725 0.476471
v -3.322986 0.024463 0.477767
v -3.323369 0.025263 0.477312
v -3.323707 0.026117 0.476923
v -3.321837 0.020506 0.479780
v -3.322445 0.021099 0.478997
v -3.323020 0.021786 0.478267
v -3.321457 0.021229 0.479974
v -3.322023 0.021782 0.479245
v -3.322559 0.022422 0.478565
v -3.321078 0.021952 0.480168
v -3.321602 0.022464 0.479492
v -3.322098 0.023057 0.478863
v -3.319196 0.019174 0.483294
v -3.319875 0.019344 0.482375
v -3.320546 0.019624 0.481477
v -3.318997 0.019988 0.483248
v -3.319629 0.020146 0.482391
v -3.320255 0.020407 0.481555
v -3.318798 0.020802 0.483201
v -3.319384 0.020949 0.482408
v -3.319963 0.021191 0.481633
v -3.316526 0.019624 0.487006
v -3.317173 0.019344 0.486091
v -3.317838 0.019174 0.485161
v -3.316510 0.020407 0.486705
v -3.317113 0.020147 0.485852
v -3.317732 0.019988 0.484986
v -3.316494 0.021191 0.486404
v -3.317053 0.020949 0.485614
v -3.317627 0.020802 0.484812
v -3.314235 0.021787 0.490349
v -3.314752 0.021099 0.489577
v -3.315309 0.020506 0.488758
v -3.314376 0.022422 0.489819
v -3.314858 0.021782 0.489100
v -3.315377 0.021229 0.488336
v -3.314517 0.023057 0.489289
v -3.314963 0.022464 0.488623
v -3.315445 0.021952 0.487915
v -3.312671 0.025333 0.492816
v -3.312979 0.024343 0.492305
v -3.313344 0.023416 0.491720
v -3.312920 0.025725 0.492116
v -3.313206 0.024803 0.491640
v -3.313547 0.023940 0.491095
v -3.313168 0.026117 0.491417
v -3.313434 0.025263 0.490976
v -3.313749 0.024463 0.490471
v -3.312073 0.029723 0.494030
v -3.312125 0.028582 0.493857
v -3.312242 0.027462 0.493596
v -3.312363 0.029814 0.493247
v -3.312411 0.028751 0.493086
v -3.312520 0.027708 0.492843
v -3.312652 0.029905 0.492465
v -3.312697 0.028920 0.492316
v -3.312798 0.027954 0.492090
v -3.307219 0.032084 0.479425
v -3.307730 0.031909 0.478706
v -3.307389 0.032225 0.479203
v -3.306992 0.032483 0.479773
v -3.306904 0.032192 0.479867
v -3.306895 0.031874 0.479852
v -3.307329 0.031846 0.479252
v -3.307509 0.033097 0.479116
v -3.307927 0.032598 0.478496
v -3.307694 0.033121 0.478864
v -3.307396 0.033624 0.479319
v -3.307251 0.033404 0.479498
v -3.307171 0.033108 0.479582
v -3.307554 0.032799 0.479028
v -3.307998 0.033872 0.478512
v -3.308260 0.033126 0.478085
v -3.308169 0.033774 0.478268
v -3.308016 0.034447 0.478539
v -3.307837 0.034332 0.478775
v -3.307698 0.034102 0.478946
v -3.307971 0.033560 0.478522
v -3.308612 0.034292 0.477705
v -3.308678 0.033411 0.477536
v -3.308743 0.034088 0.477506
v -3.308759 0.034827 0.477551
v -3.308572 0.034834 0.477809
v -3.308395 0.034706 0.478041
v -3.308517 0.034012 0.477811
v -3.309258 0.034292 0.476817
v -3.309117 0.033411 0.476932
v -3.309329 0.034012 0.476694
v -3.309510 0.034706 0.476507
v -3.309344 0.034834 0.476746
v -3.309157 0.034827 0.477004
v -3.309109 0.034087 0.477003
v -3.309837 0.033872 0.475984
v -3.309511 0.033126 0.476365
v -3.309837 0.033560 0.475955
v -3.310157 0.034102 0.475564
v -3.310037 0.034332 0.475749
v -3.309867 0.034447 0.475993
v -3.309657 0.033774 0.476222
v -3.310260 0.033097 0.475332
v -3.309799 0.032598 0.475921
v -3.310190 0.032799 0.475402
v -3.310599 0.033108 0.474867
v -3.310544 0.033404 0.474969
v -3.310418 0.033624 0.475162
v -3.310077 0.033121 0.475586
v -3.310464 0.032084 0.474961
v -3.309938 0.031909 0.475669
v -3.310334 0.031846 0.475119
v -3.310771 0.031874 0.474521
v -3.310788 0.032192 0.474525
v -3.310725 0.032483 0.474638
v -3.310306 0.032225 0.475192
v -3.310418 0.030988 0.474927
v -3.309907 0.031163 0.475646
v -3.310247 0.030847 0.475149
v -3.310645 0.030589 0.474579
v -3.310733 0.030880 0.474485
v -3.310742 0.031198 0.474500
v -3.310308 0.031225 0.475100
v -3.310128 0.029975 0.475236
v -3.309709 0.030474 0.475856
v -3.309943 0.029951 0.475488
v -3.310241 0.029448 0.475033
v -3.310385 0.029668 0.474854
v -3.310466 0.029964 0.474770
v -3.310083 0.030273 0.475324
v -3.309639 0.029200 0.475840
v -3.309376 0.029947 0.476267
v -3.309467 0.029298 0.476084
v -3.309621 0.028625 0.475813
v -3.309800 0.028740 0.475577
v -3.309939 0.028970 0.475406
v -3.309666 0.029512 0.475830
v -3.309024 0.028780 0.476647
v -3.308959 0.029661 0.476816
v -3.308893 0.028985 0.476846
v -3.308878 0.028245 0.476801
v -3.309065 0.028238 0.476543
v -3.309242 0.028366 0.476311
v -3.309119 0.029060 0.476541
v -3.308379 0.028780 0.477535
v -3.308519 0.029661 0.477420
v -3.308307 0.029060 0.477658
v -3.308126 0.028366 0.477845
v -3.308292 0.028238 0.477606
v -3.308480 0.028245 0.477348
v -3.308527 0.028985 0.477349
v -3.307800 0.029200 0.478368
v -3.308125 0.029947 0.477987
v -3.307799 0.029512 0.478397
v -3.307480 0.028970 0.478788
v -3.307600 0.028740 0.478603
v -3.307769 0.028625 0.478359
v -3.307980 0.029297 0.478130
v -3.307376 0.029975 0.479020
v -3.307837 0.030474 0.478431
v -3.307447 0.030273 0.478950
v -3.307037 0.029964 0.479485
v -3.307093 0.029668 0.479383
v -3.307219 0.029448 0.479190
v -3.307559 0.029951 0.478766
v -3.307172 0.030988 0.479391
v -3.307698 0.031163 0.478683
v -3.307303 0.031225 0.479233
v -3.306866 0.031198 0.479831
v -3.306849 0.030880 0.479827
v -3.306911 0.030589 0.479714
v -3.307331 0.030847 0.479160
v -3.306110 0.032960 0.481028
v -3.305676 0.033190 0.481645
v -3.305284 0.033397 0.482203
v -3.306017 0.032496 0.481114
v -3.305572 0.032649 0.481740
v -3.305168 0.032787 0.482308
v -3.305960 0.032019 0.481150
v -3.305501 0.032095 0.481788
v -3.305087 0.032164 0.482363
v -3.306713 0.034651 0.480348
v -3.306376 0.035152 0.480856
v -3.306072 0.035604 0.481316
v -3.306525 0.034270 0.480574
v -3.306160 0.034704 0.481114
v -3.305830 0.035098 0.481604
v -3.306366 0.033853 0.480756
v -3.305972 0.034224 0.481330
v -3.305616 0.034558 0.481849
v -3.307637 0.035867 0.479186
v -3.307449 0.036563 0.479508
v -3.307278 0.037191 0.479798
v -3.307382 0.035627 0.479516
v -3.307154 0.036277 0.479888
v -3.306947 0.036867 0.480226
v -3.307145 0.035335 0.479816
v -3.306876 0.035943 0.480240
v -3.306633 0.036492 0.480623
v -3.308741 0.036425 0.477718
v -3.308729 0.037209 0.477804
v -3.308719 0.037917 0.477882
v -3.308458 0.036362 0.478102
v -3.308400 0.037129 0.478249
v -3.308348 0.037825 0.478383
v -3.308179 0.036237 0.478474
v -3.308075 0.036991 0.478684
v -3.307982 0.037672 0.478873
v -3.309856 0.036237 0.476167
v -3.310024 0.036991 0.476004
v -3.310174 0.037672 0.475858
v -3.309588 0.036362 0.476547
v -3.309711 0.037129 0.476447
v -3.309822 0.037825 0.476357
v -3.309310 0.036424 0.476935
v -3.309388 0.037209 0.476898
v -3.309459 0.037917 0.476864
v -3.310814 0.035335 0.474770
v -3.311134 0.035943 0.474383
v -3.311424 0.036493 0.474034
v -3.310601 0.035627 0.475088
v -3.310885 0.036277 0.474756
v -3.311142 0.036867 0.474455
v -3.310367 0.035867 0.475433
v -3.310614 0.036563 0.475154
v -3.310838 0.037191 0.474902
v -3.311467 0.033853 0.473739
v -3.311893 0.034224 0.473187
v -3.312276 0.034559 0.472689
v -3.311343 0.034270 0.473947
v -3.311745 0.034704 0.473433
v -3.312109 0.035098 0.472968
v -3.311187 0.034651 0.474195
v -3.311567 0.035152 0.473718
v -3.311909 0.035604 0.473287
v -3.311718 0.032019 0.473232
v -3.312183 0.032095 0.472599
v -3.312603 0.032164 0.472027
v -3.311701 0.032496 0.473297
v -3.312159 0.032649 0.472680
v -3.312575 0.032787 0.472121
v -3.311647 0.032960 0.473412
v -3.312101 0.033190 0.472809
v -3.312510 0.033397 0.472264
v -3.311527 0.030112 0.473324
v -3.311960 0.029882 0.472707
v -3.312353 0.029675 0.472149
v -3.311620 0.030576 0.473238
v -3.312065 0.030423 0.472612
v -3.312469 0.030285 0.472044
v -3.311677 0.031053 0.473202
v -3.312135 0.030977 0.472564
v -3.312549 0.030907 0.471988
v -3.310923 0.028421 0.474003
v -3.311260 0.027920 0.473495
v -3.311565 0.027468 0.473036
v -3.311112 0.028802 0.473778
v -3.311476 0.028368 0.473238
v -3.311807 0.027974 0.472748
v -3.311271 0.029219 0.473596
v -3.311665 0.028848 0.473022
v -3.312020 0.028513 0.472503
v -3.309999 0.027205 0.475166
v -3.310188 0.026509 0.474844
v -3.310359 0.025881 0.474554
v -3.310255 0.027445 0.474836
v -3.310483 0.026794 0.474464
v -3.310690 0.026204 0.474126
v -3.310492 0.027737 0.474536
v -3.310761 0.027129 0.474112
v -3.311004 0.026579 0.473729
v -3.308896 0.026647 0.476634
v -3.308907 0.025863 0.476548
v -3.308918 0.025155 0.476470
v -3.309179 0.026710 0.476250
v -3.309236 0.025943 0.476103
v -3.309289 0.025247 0.475969
v -3.309458 0.026835 0.475878
v -3.309561 0.026081 0.475668
v -3.309654 0.025400 0.475479
v -3.307780 0.026834 0.478185
v -3.307613 0.026081 0.478348
v -3.307462 0.025400 0.478494
v -3.308048 0.026710 0.477805
v -3.307926 0.025943 0.477905
v -3.307815 0.025247 0.477995
v -3.308326 0.026647 0.477417
v -3.308249 0.025863 0.477454
v -3.308178 0.025155 0.477488
v -3.306823 0.027737 0.479582
v -3.306502 0.027129 0.479969
v -3.306213 0.026580 0.480318
v -3.307035 0.027445 0.479264
v -3.306752 0.026794 0.479596
v -3.306494 0.026204 0.479897
v -3.307270 0.027204 0.478919
v -3.307023 0.026509 0.479198
v -3.306799 0.025881 0.479450
v -3.306169 0.029219 0.480613
v -3.305744 0.028848 0.481165
v -3.305360 0.028513 0.481663
v -3.306293 0.028802 0.480405
v -3.305892 0.028368 0.480919
v -3.305528 0.027974 0.481384
v -3.306449 0.028421 0.480157
v -3.306070 0.027920 0.480634
v -3.305727 0.027468 0.481065
v -3.305919 0.031052 0.481120
v -3.305454 0.030977 0.481753
v -3.305034 0.030907 0.482325
v -3.305936 0.030576 0.481055
v -3.305478 0.030423 0.481672
v -3.305062 0.030285 0.482231
v -3.305989 0.030112 0.480940
v -3.305536 0.029882 0.481543
v -3.305126 0.029675 0.482088
vn -0.0000 1.0000 -0.0000
vn 0.4769 0.5851 0.6559
vn 0.6917 0.5849 0.4236
vn 0.8012 0.5848 0.1266
vn 0.7883 0.5854 -0.1894
vn 0.6560 0.5850 -0.4769
vn 0.4235 0.5850 -0.6916
vn 0.1266 0.5852 -0.8010
vn -0.1895 0.5849 -0.7887
vn -0.4768 0.5851 -0.6560
vn -0.6917 0.5850 -0.4234
vn -0.8012 0.5849 -0.1266
vn -0.7885 0.5850 0.1896
vn -0.6559 0.5852 0.4768
vn -0.4235 0.5850 0.6917
vn -0.1266 0.5850 0.8011
vn 0.1896 0.5853 0.7883
vn 0.8529 0.0016 0.5221
vn 0.9877 0.0016 0.1562
vn 0.9723 0.0015 -0.2337
vn 0.8089 0.0015 -0.5880
vn 0.5222 0.0016 -0.8528
vn 0.1561 0.0015 -0.9877
vn -0.2338 0.0016 -0.9723
vn -0.5880 0.0016 -0.8088
vn -0.8528 0.0016 -0.5222
vn -0.9877 0.0015 -0.1561
vn -0.9723 0.0015 0.2337
vn -0.8088 0.0016 0.5881
vn -0.5221 0.0016 0.8529
vn -0.1561 0.0016 0.9877
vn 0.2338 0.0016 0.9723
vn 0.5881 0.0016 0.8088
vn -0.5642 0.2821 -0.7759
vn -0.8182 0.2822 -0.5009
vn -0.9476 0.2822 -0.1498
vn -0.9328 0.2823 0.2241
vn -0.7759 0.2821 0.5643
vn -0.5010 0.2822 0.8182
vn -0.1497 0.2822 0.9476
vn 0.2242 0.2822 0.9328
vn 0.5642 0.2823 0.7759
vn 0.8182 0.2822 0.5009
vn 0.9475 0.2824 0.1499
vn 0.9328 0.2820 -0.2244
vn 0.7758 0.2824 -0.5642
vn 0.5010 0.2823 -0.8181
vn 0.1497 0.2822 -0.9476
vn -0.2243 0.2822 -0.9328
vn 0.7507 0.4744 0.4597
vn 0.8695 0.4745 0.1374
vn 0.8559 0.4745 -0.2059
vn 0.7119 0.4746 -0.5176
vn 0.4597 0.4745 -0.7507
vn 0.1374 0.4745 -0.8695
vn -0.2058 0.4746 -0.8558
vn -0.5175 0.4745 -0.7120
vn -0.7508 0.4745 -0.4596
vn -0.8695 0.4744 -0.1373
vn -0.8558 0.4745 0.2060
vn -0.7119 0.4745 0.5177
vn -0.4597 0.4745 0.7507
vn -0.1374 0.4744 0.8695
vn 0.2058 0.4746 0.8558
vn 0.5176 0.4747 0.7119
vn -0.0001 1.0000 -0.0001
vn -0.0001 1.0000 -0.0000
vn -0.0001 1.0000 0.0001
vn -0.0000 1.0000 0.0001
vn 0.0001 1.0000 0.0001
vn 0.0001 1.0000 -0.0000
vn 0.0001 1.0000 -0.0001
vn -0.0000 1.0000 -0.0001
vn 0.0015 1.0000 0.0021
vn 0.0022 1.0000 0.0014
vn 0.0025 1.0000 0.0005
vn 0.0025 1.0000 -0.0005
vn 0.0021 1.0000 -0.0015
vn 0.0014 1.0000 -0.0022
vn 0.0005 1.0000 -0.0025
vn -0.0005 1.0000 -0.0025
vn -0.0015 1.0000 -0.0021
vn -0.0022 1.0000 -0.0014
vn -0.0025 1.0000 -0.0005
vn -0.0025 1.0000 0.0005
vn -0.0021 1.0000 0.0015
vn -0.0014 1.0000 0.0022
vn -0.0005 1.0000 0.0025
vn 0.0005 1.0000 0.0025
vn 0.8077 0.0523 -0.5873
vn -0.8077 -0.0523 0.5873
vn 0.9075 0.0256 0.4193
vn -0.7720 -0.0522 0.6335
vn 0.8824 -0.3080 0.3556
vn -0.7736 -0.0746 0.6292
vn 0.7833 -0.5908 0.1935
vn -0.7803 -0.0935 0.6183
vn 0.6250 -0.7795 -0.0417
vn -0.7909 -0.1062 0.6027
vn 0.4311 -0.8462 -0.3132
vn -0.8038 -0.1106 0.5845
vn 0.2318 -0.7795 -0.5820
vn -0.8172 -0.1062 0.5665
vn 0.0577 -0.5909 -0.8047
vn -0.8290 -0.0936 0.5514
vn -0.0653 -0.3079 -0.9492
vn -0.8372 -0.0746 0.5418
vn -0.1187 0.0255 -0.9926
vn -0.8407 -0.0522 0.5390
vn -0.0940 0.3593 -0.9285
vn -0.8390 -0.0299 0.5433
vn 0.0054 0.6419 -0.7667
vn -0.8323 -0.0109 0.5542
vn 0.1638 0.8306 -0.5322
vn -0.8218 0.0018 0.5697
vn 0.3573 0.8972 -0.2597
vn -0.8088 0.0062 0.5881
vn 0.5564 0.8309 0.0082
vn -0.7954 0.0018 0.6061
vn 0.7310 0.6418 0.2320
vn -0.7838 -0.0109 0.6210
vn 0.8535 0.3587 0.3780
vn -0.7755 -0.0298 0.6307
vn 0.5744 -0.0009 0.8185
vn 0.5460 -0.3831 0.7451
vn 0.4322 -0.7069 0.5600
vn 0.2505 -0.9234 0.2910
vn 0.0287 -0.9994 -0.0209
vn -0.1994 -0.9234 -0.3281
vn -0.3993 -0.7069 -0.5839
vn -0.5406 -0.3830 -0.7490
vn -0.6016 -0.0008 -0.7988
vn -0.5731 0.3813 -0.7254
vn -0.4592 0.7052 -0.5402
vn -0.2777 0.9216 -0.2711
vn -0.0558 0.9976 0.0407
vn 0.1724 0.9216 0.3477
vn 0.3723 0.7051 0.6035
vn 0.5136 0.3814 0.7686
vn 0.5600 -0.3821 0.7351
vn 0.4463 -0.7061 0.5498
vn 0.2648 -0.9225 0.2807
vn 0.0429 -0.9986 -0.0311
vn -0.1854 -0.9226 -0.3383
vn -0.3853 -0.7061 -0.5941
vn -0.5265 -0.3822 -0.7594
vn -0.5875 -0.0000 -0.8092
vn -0.5590 0.3822 -0.7358
vn -0.4452 0.7062 -0.5505
vn -0.2636 0.9226 -0.2815
vn -0.0418 0.9987 0.0303
vn 0.1865 0.9226 0.3376
vn 0.3864 0.7062 0.5933
vn 0.5276 0.3822 0.7586
vn 0.5885 -0.0000 0.8085
vn 0.9882 0.0373 0.1485
vn 0.6559 -0.3727 0.6564
vn 0.5430 -0.6941 0.4727
vn 0.3628 -0.9089 0.2057
vn 0.1427 -0.9843 -0.1038
vn -0.0838 -0.9089 -0.4085
vn -0.2821 -0.6941 -0.6623
vn -0.4223 -0.3727 -0.8263
vn -0.4828 0.0065 -0.8757
vn -0.4544 0.3857 -0.8029
vn -0.3415 0.7072 -0.6190
vn -0.1614 0.9219 -0.3522
vn 0.0587 0.9974 -0.0427
vn 0.2853 0.9219 0.2621
vn 0.4837 0.7072 0.5157
vn 0.6236 0.3857 0.6800
vn 0.6841 0.0065 0.7293
vn 0.9681 -0.2306 0.0986
vn 0.8886 -0.4575 -0.0336
vn 0.7612 -0.6094 -0.2216
vn 0.6058 -0.6626 -0.4405
vn 0.4452 -0.6097 -0.6558
vn 0.3053 -0.4573 -0.8353
vn 0.2064 -0.2303 -0.9510
vn 0.1637 0.0373 -0.9858
vn 0.1841 0.3056 -0.9342
vn 0.2629 0.5318 -0.8050
vn 0.3905 0.6844 -0.6158
vn 0.5460 0.7378 -0.3969
vn 0.7061 0.6845 -0.1811
vn 0.8463 0.5327 -0.0026
vn 0.9454 0.3053 0.1144
vn 0.5604 -0.3821 0.7348
vn 0.4466 -0.7061 0.5495
vn 0.2650 -0.9226 0.2805
vn 0.0432 -0.9986 -0.0314
vn -0.1851 -0.9226 -0.3385
vn -0.3851 -0.7060 -0.5943
vn -0.5263 -0.3822 -0.7596
vn -0.5872 -0.0000 -0.8094
vn -0.5587 0.3822 -0.7360
vn -0.4449 0.7062 -0.5508
vn -0.2633 0.9227 -0.2817
vn -0.0415 0.9987 0.0302
vn 0.1868 0.9227 0.3373
vn 0.3867 0.7062 0.5930
vn 0.5280 0.3822 0.7584
vn 0.5889 0.0001 0.8082
vn 0.9439 0.0501 -0.3263
vn 0.9357 -0.0613 -0.3474
vn 0.9026 -0.1557 -0.4014
vn 0.8497 -0.2190 -0.4797
vn 0.7850 -0.2411 -0.5707
vn 0.7183 -0.2189 -0.6604
vn 0.6601 -0.1558 -0.7348
vn 0.6189 -0.0614 -0.7831
vn 0.6011 0.0500 -0.7976
vn 0.6095 0.1615 -0.7761
vn 0.6428 0.2559 -0.7221
vn 0.6956 0.3190 -0.6437
vn 0.7603 0.3413 -0.5528
vn 0.8268 0.3190 -0.4633
vn 0.8851 0.2558 -0.3887
vn 0.9263 0.1615 -0.3404
vn 0.9306 -0.0551 -0.3619
vn 0.8993 -0.1443 -0.4128
vn 0.8492 -0.2042 -0.4870
vn 0.7880 -0.2250 -0.5731
vn 0.7252 -0.2040 -0.6576
vn 0.6699 -0.1443 -0.7283
vn 0.6310 -0.0551 -0.7738
vn 0.6141 0.0503 -0.7876
vn 0.6221 0.1557 -0.7673
vn 0.6535 0.2450 -0.7162
vn 0.7035 0.3048 -0.6420
vn 0.7647 0.3256 -0.5560
vn 0.8277 0.3046 -0.4713
vn 0.8827 0.2450 -0.4010
vn 0.9217 0.1556 -0.3554
vn 0.9385 0.0503 -0.3415
vn 0.8076 0.0524 -0.5874
vn 0.8077 0.0522 -0.5873
vn 0.8078 0.0524 -0.5871
vn 0.8078 0.0523 -0.5871
vn 0.8074 0.0524 -0.5877
vn 0.8078 0.0523 -0.5872
vn 0.8076 0.0523 -0.5874
vn 0.8076 0.0522 -0.5874
vn 0.8079 0.0524 -0.5870
vn 0.8078 0.0522 -0.5872
vn 0.8097 0.0523 -0.5845
vn 0.8100 0.0511 -0.5843
vn 0.8094 0.0498 -0.5852
vn 0.8085 0.0492 -0.5864
vn 0.8078 0.0488 -0.5874
vn 0.8069 0.0491 -0.5886
vn 0.8062 0.0498 -0.5896
vn 0.8058 0.0509 -0.5900
vn 0.8055 0.0522 -0.5903
vn 0.8057 0.0537 -0.5899
vn 0.8062 0.0549 -0.5891
vn 0.8067 0.0556 -0.5884
vn 0.8075 0.0558 -0.5872
vn 0.8084 0.0557 -0.5860
vn 0.8093 0.0549 -0.5849
vn 0.8096 0.0538 -0.5845
vn 0.0002 1.0000 0.0001
vn -0.0002 1.0000 -0.0002
vn 0.0180 0.9995 0.0247
vn 0.0871 0.9890 0.1197
vn 0.2649 0.8928 0.3643
vn 0.5392 0.5850 0.6059
vn 0.5956 0.5853 0.5501
vn 0.6467 0.5850 0.4895
vn 0.8527 0.0112 0.5222
vn 0.8512 0.0609 0.5213
vn 0.8291 0.2343 0.5076
vn 0.0002 1.0000 -0.0000
vn -0.0003 1.0000 -0.0000
vn 0.7298 0.5852 0.3535
vn 0.7609 0.5853 0.2802
vn 0.7848 0.5849 0.2048
vn 0.9877 0.0112 0.1562
vn 0.9859 0.0610 0.1560
vn 0.9602 0.2343 0.1519
vn -0.0002 1.0000 0.0001
vn 0.8097 0.5850 0.0472
vn 0.8101 0.5854 -0.0321
vn 0.8033 0.5852 -0.1111
vn 0.9722 0.0113 -0.2339
vn 0.9705 0.0609 -0.2335
vn 0.9452 0.2346 -0.2272
vn -0.0002 1.0000 0.0002
vn 0.7659 0.5852 -0.2662
vn 0.7363 0.5851 -0.3399
vn 0.6997 0.5852 -0.4100
vn 0.8088 0.0113 -0.5880
vn 0.8073 0.0609 -0.5870
vn 0.7864 0.2340 -0.5717
vn -0.0001 1.0000 0.0002
vn 0.6056 0.5854 -0.5390
vn 0.5503 0.5850 -0.5957
vn 0.4895 0.5849 -0.6467
vn 0.5222 0.0113 -0.8528
vn 0.5212 0.0609 -0.8512
vn 0.5077 0.2341 -0.8291
vn -0.0000 1.0000 -0.0002
vn -0.0000 1.0000 0.0002
vn 0.3533 0.5852 -0.7299
vn 0.2803 0.5855 -0.7607
vn 0.2048 0.5847 -0.7850
vn 0.1561 0.0113 -0.9877
vn 0.1558 0.0609 -0.9859
vn 0.1518 0.2343 -0.9602
vn 0.0471 0.5853 -0.8095
vn -0.0322 0.5852 -0.8102
vn -0.1111 0.5851 -0.8033
vn -0.2338 0.0113 -0.9722
vn -0.2333 0.0609 -0.9705
vn -0.2272 0.2341 -0.9453
vn -0.2662 0.5856 -0.7657
vn -0.3398 0.5851 -0.7363
vn -0.4101 0.5851 -0.6997
vn -0.5880 0.0113 -0.8088
vn -0.5869 0.0609 -0.8074
vn -0.5716 0.2343 -0.7863
vn -0.0002 1.0000 -0.0001
vn -0.5392 0.5850 -0.6058
vn -0.5957 0.5852 -0.5502
vn -0.6467 0.5850 -0.4895
vn -0.8527 0.0112 -0.5223
vn -0.8512 0.0609 -0.5213
vn -0.8291 0.2343 -0.5076
vn -0.0002 1.0000 -0.0000
vn -0.7298 0.5852 -0.3536
vn -0.7608 0.5854 -0.2801
vn -0.7848 0.5850 -0.2047
vn -0.9877 0.0113 -0.1562
vn -0.9859 0.0610 -0.1559
vn -0.9603 0.2343 -0.1517
vn -0.8096 0.5850 -0.0472
vn -0.8101 0.5854 0.0321
vn -0.8033 0.5851 0.1110
vn -0.9722 0.0113 0.2338
vn -0.9705 0.0609 0.2334
vn -0.9452 0.2341 0.2274
vn -0.7659 0.5852 0.2662
vn -0.7364 0.5849 0.3400
vn -0.6996 0.5853 0.4099
vn -0.8088 0.0113 0.5880
vn -0.8073 0.0608 0.5870
vn -0.7863 0.2345 0.5716
vn -0.6057 0.5853 0.5390
vn -0.5503 0.5852 0.5955
vn -0.4895 0.5850 0.6467
vn -0.5223 0.0112 0.8527
vn -0.5212 0.0609 0.8513
vn -0.5076 0.2342 0.8291
vn -0.3534 0.5852 0.7298
vn -0.2804 0.5851 0.7609
vn -0.2047 0.5850 0.7847
vn -0.1561 0.0113 0.9877
vn -0.1558 0.0608 0.9859
vn -0.1517 0.2342 0.9603
vn 0.0001 1.0000 -0.0002
vn -0.0472 0.5852 0.8095
vn 0.0322 0.5853 0.8102
vn 0.1111 0.5850 0.8034
vn 0.2338 0.0112 0.9722
vn 0.2334 0.0608 0.9705
vn 0.2273 0.2346 0.9451
vn 0.2662 0.5852 0.7660
vn 0.3397 0.5852 0.7363
vn 0.4101 0.5851 0.6996
vn 0.8516 0.0537 0.5214
vn 0.8527 0.0171 0.5221
vn 0.8528 0.0049 0.5223
vn 0.9863 0.0537 0.1558
vn 0.9876 0.0171 0.1561
vn 0.9877 0.0048 0.1560
vn 0.9709 0.0536 -0.2334
vn 0.9721 0.0171 -0.2338
vn 0.9723 0.0049 -0.2339
vn 0.8076 0.0536 -0.5873
vn 0.8087 0.0171 -0.5880
vn 0.8088 0.0049 -0.5881
vn 0.5214 0.0536 -0.8516
vn 0.5222 0.0171 -0.8527
vn 0.5222 0.0048 -0.8528
vn 0.1559 0.0536 -0.9863
vn 0.1561 0.0171 -0.9876
vn 0.1561 0.0048 -0.9877
vn -0.2335 0.0536 -0.9709
vn -0.2338 0.0171 -0.9721
vn -0.2338 0.0048 -0.9723
vn -0.5872 0.0536 -0.8077
vn -0.5879 0.0171 -0.8087
vn -0.5881 0.0048 -0.8088
vn -0.8517 0.0537 -0.5213
vn -0.8526 0.0171 -0.5223
vn -0.8528 0.0048 -0.5222
vn -0.9863 0.0536 -0.1558
vn -0.9876 0.0171 -0.1560
vn -0.9877 0.0049 -0.1560
vn -0.9709 0.0536 0.2334
vn -0.9722 0.0171 0.2337
vn -0.9722 0.0049 0.2340
vn -0.8076 0.0536 0.5873
vn -0.8087 0.0171 0.5879
vn -0.8087 0.0048 0.5882
vn -0.5214 0.0537 0.8516
vn -0.5221 0.0171 0.8527
vn -0.5222 0.0048 0.8528
vn -0.1559 0.0536 0.9863
vn -0.1561 0.0171 0.9876
vn -0.1561 0.0048 0.9877
vn 0.2334 0.0536 0.9709
vn 0.2338 0.0171 0.9721
vn 0.2338 0.0048 0.9723
vn 0.5717 0.2343 0.7863
vn 0.5869 0.0608 0.8074
vn 0.5880 0.0113 0.8088
vn 0.6648 0.0016 0.7470
vn 0.7346 0.0015 0.6785
vn 0.7974 0.0015 0.6034
vn 0.9000 0.0016 0.4358
vn 0.9383 0.0016 0.3458
vn 0.9676 0.0016 0.2525
vn 0.9983 0.0016 0.0583
vn 0.9992 0.0015 -0.0397
vn 0.9906 0.0015 -0.1370
vn 0.9446 0.0015 -0.3282
vn 0.9079 0.0016 -0.4191
vn 0.8627 0.0015 -0.5056
vn 0.7470 0.0016 -0.6648
vn 0.6787 0.0016 -0.7344
vn 0.6035 0.0016 -0.7973
vn 0.4358 0.0016 -0.9001
vn 0.3458 0.0016 -0.9383
vn 0.2524 0.0016 -0.9676
vn 0.0582 0.0017 -0.9983
vn -0.0396 0.0015 -0.9992
vn -0.1371 0.0016 -0.9906
vn -0.3283 0.0016 -0.9446
vn -0.4190 0.0016 -0.9080
vn -0.5056 0.0016 -0.8627
vn -0.6648 0.0016 -0.7471
vn -0.7346 0.0016 -0.6785
vn -0.7973 0.0016 -0.6036
vn -0.9001 0.0016 -0.4357
vn -0.9383 0.0016 -0.3457
vn -0.9676 0.0015 -0.2526
vn -0.9983 0.0016 -0.0581
vn -0.9992 0.0015 0.0397
vn -0.9906 0.0015 0.1370
vn -0.9446 0.0015 0.3283
vn -0.9079 0.0016 0.4191
vn -0.8628 0.0016 0.5056
vn -0.7470 0.0016 0.6648
vn -0.6786 0.0016 0.7345
vn -0.6035 0.0016 0.7974
vn -0.4358 0.0016 0.9000
vn -0.3458 0.0016 0.9383
vn -0.2525 0.0016 0.9676
vn -0.0582 0.0016 0.9983
vn 0.0396 0.0016 0.9992
vn 0.1371 0.0016 0.9906
vn 0.3282 0.0016 0.9446
vn 0.4189 0.0016 0.9080
vn 0.5057 0.0016 0.8627
vn -0.1852 0.9492 -0.2546
vn -0.5664 0.2692 -0.7789
vn -0.5678 0.2607 -0.7808
vn -0.6378 0.2822 -0.7167
vn -0.7047 0.2822 -0.6510
vn -0.7649 0.2822 -0.5790
vn -0.8635 0.2822 -0.4181
vn -0.9002 0.2822 -0.3317
vn -0.9283 0.2822 -0.2423
vn -0.9577 0.2823 -0.0557
vn -0.9586 0.2821 0.0381
vn -0.9503 0.2820 0.1317
vn -0.9062 0.2822 0.3148
vn -0.8711 0.2823 0.4020
vn -0.8276 0.2822 0.4852
vn -0.7167 0.2822 0.6377
vn -0.6510 0.2822 0.7047
vn -0.5791 0.2823 0.7649
vn -0.4181 0.2823 0.8634
vn -0.3317 0.2823 0.9002
vn -0.2422 0.2824 0.9282
vn -0.0558 0.2823 0.9577
vn 0.0380 0.2822 0.9586
vn 0.1315 0.2822 0.9503
vn 0.3149 0.2822 0.9062
vn 0.4020 0.2821 0.8711
vn 0.4852 0.2822 0.8276
vn 0.6377 0.2822 0.7168
vn 0.7047 0.2822 0.6509
vn 0.7649 0.2822 0.5790
vn 0.8635 0.2822 0.4180
vn 0.9002 0.2822 0.3317
vn 0.9283 0.2822 0.2422
vn 0.9577 0.2823 0.0558
vn 0.9586 0.2823 -0.0381
vn 0.9503 0.2824 -0.1314
vn 0.9062 0.2822 -0.3150
vn 0.8711 0.2823 -0.4019
vn 0.8276 0.2823 -0.4852
vn 0.7167 0.2823 -0.6377
vn 0.6509 0.2822 -0.7047
vn 0.5791 0.2823 -0.7648
vn 0.4181 0.2822 -0.8635
vn 0.3317 0.2822 -0.9002
vn 0.2422 0.2823 -0.9282
vn 0.0558 0.2823 -0.9577
vn -0.0380 0.2823 -0.9586
vn -0.1315 0.2823 -0.9503
vn -0.3149 0.2824 -0.9061
vn -0.4019 0.2822 -0.8711
vn -0.4852 0.2821 -0.8277
vn -0.8233 0.2607 -0.5041
vn -0.8214 0.2692 -0.5029
vn -0.2683 0.9492 -0.1641
vn -0.9536 0.2606 -0.1508
vn -0.9512 0.2693 -0.1504
vn -0.3105 0.9493 -0.0489
vn -0.9387 0.2606 0.2255
vn -0.9364 0.2692 0.2250
vn -0.3059 0.9492 0.0734
vn -0.7808 0.2606 0.5678
vn -0.7789 0.2691 0.5664
vn -0.2545 0.9492 0.1851
vn -0.5041 0.2607 0.8234
vn -0.5029 0.2691 0.8214
vn -0.1643 0.9492 0.2683
vn -0.1507 0.2607 0.9536
vn -0.1503 0.2692 0.9513
vn -0.0491 0.9492 0.3107
vn 0.2257 0.2607 0.9387
vn 0.2252 0.2692 0.9364
vn 0.0736 0.9492 0.3060
vn 0.5677 0.2607 0.7808
vn 0.5664 0.2692 0.7789
vn 0.1852 0.9492 0.2544
vn 0.8233 0.2607 0.5041
vn 0.8214 0.2692 0.5029
vn 0.2682 0.9492 0.1643
vn 0.9536 0.2607 0.1507
vn 0.9512 0.2693 0.1505
vn 0.3105 0.9493 0.0492
vn 0.9387 0.2607 -0.2255
vn 0.9364 0.2692 -0.2251
vn 0.3059 0.9492 -0.0733
vn 0.7808 0.2607 -0.5678
vn 0.7790 0.2692 -0.5663
vn 0.2544 0.9493 -0.1850
vn 0.5041 0.2606 -0.8234
vn 0.5029 0.2692 -0.8214
vn 0.1642 0.9493 -0.2682
vn 0.1507 0.2607 -0.9536
vn 0.1503 0.2691 -0.9513
vn 0.0491 0.9492 -0.3107
vn -0.2257 0.2607 -0.9387
vn -0.2252 0.2691 -0.9364
vn -0.0736 0.9492 -0.3060
vn 0.5881 0.0048 0.8088
vn 0.5880 0.0171 0.8087
vn 0.5872 0.0536 0.8077
vn 0.2890 0.4744 0.8315
vn 0.3688 0.4744 0.7993
vn 0.4451 0.4744 0.7595
vn -0.0512 0.4744 0.8788
vn 0.0349 0.4742 0.8797
vn 0.1206 0.4745 0.8720
vn -0.3836 0.4744 0.7923
vn -0.3044 0.4742 0.8261
vn -0.2223 0.4744 0.8518
vn -0.6576 0.4745 0.5851
vn -0.5974 0.4741 0.6467
vn -0.5314 0.4742 0.7020
vn -0.8315 0.4745 0.2889
vn -0.7996 0.4741 0.3687
vn -0.7594 0.4744 0.4453
vn -0.8788 0.4744 -0.0511
vn -0.8797 0.4742 0.0347
vn -0.8721 0.4742 0.1207
vn -0.7924 0.4744 -0.3835
vn -0.8261 0.4741 -0.3045
vn -0.8517 0.4746 -0.2223
vn -0.5852 0.4744 -0.6576
vn -0.6467 0.4742 -0.5974
vn -0.7019 0.4744 -0.5313
vn -0.2890 0.4746 -0.8314
vn -0.3688 0.4744 -0.7993
vn -0.4451 0.4745 -0.7594
vn 0.0512 0.4742 -0.8789
vn -0.0349 0.4744 -0.8796
vn -0.1206 0.4745 -0.8719
vn 0.3836 0.4744 -0.7923
vn 0.3043 0.4744 -0.8260
vn 0.2222 0.4745 -0.8518
vn 0.6576 0.4745 -0.5852
vn 0.5973 0.4744 -0.6467
vn 0.5313 0.4745 -0.7019
vn 0.8316 0.4744 -0.2889
vn 0.7995 0.4741 -0.3688
vn 0.7594 0.4743 -0.4453
vn 0.8788 0.4744 0.0511
vn 0.8798 0.4741 -0.0349
vn 0.8721 0.4743 -0.1206
vn 0.7924 0.4744 0.3836
vn 0.8261 0.4741 0.3044
vn 0.8517 0.4746 0.2223
vn 0.5853 0.4743 0.6576
vn 0.6467 0.4741 0.5975
vn 0.7019 0.4745 0.5312
vn 0.0001 1.0000 0.0002
vn 0.0002 1.0000 -0.0001
vn 0.3842 0.8927 0.2353
vn 0.1262 0.9890 0.0773
vn 0.0261 0.9995 0.0160
vn 0.4450 0.8928 0.0703
vn 0.1462 0.9890 0.0231
vn 0.0302 0.9995 0.0048
vn 0.4379 0.8928 -0.1053
vn 0.1440 0.9890 -0.0346
vn 0.0297 0.9995 -0.0072
vn 0.3640 0.8930 -0.2648
vn 0.1198 0.9890 -0.0871
vn 0.0247 0.9995 -0.0180
vn 0.2351 0.8929 -0.3839
vn 0.0773 0.9890 -0.1263
vn 0.0160 0.9995 -0.0261
vn 0.0703 0.8929 -0.4448
vn 0.0231 0.9890 -0.1463
vn 0.0048 0.9995 -0.0302
vn -0.1053 0.8928 -0.4379
vn -0.0346 0.9890 -0.1439
vn -0.0072 0.9995 -0.0297
vn -0.2649 0.8928 -0.3643
vn -0.0871 0.9890 -0.1197
vn -0.0180 0.9995 -0.0247
vn -0.3842 0.8928 -0.2352
vn -0.1263 0.9890 -0.0773
vn -0.0261 0.9995 -0.0160
vn -0.4451 0.8927 -0.0704
vn -0.1462 0.9890 -0.0231
vn -0.0302 0.9995 -0.0048
vn -0.4378 0.8929 0.1053
vn -0.1439 0.9890 0.0346
vn -0.0297 0.9995 0.0072
vn -0.3645 0.8927 0.2650
vn -0.1197 0.9890 0.0870
vn -0.0247 0.9995 0.0180
vn -0.2352 0.8929 0.3841
vn -0.0773 0.9890 0.1262
vn -0.0159 0.9995 0.0261
vn -0.0703 0.8928 0.4449
vn -0.0231 0.9890 0.1463
vn -0.0048 0.9995 0.0302
vn 0.1053 0.8928 0.4380
vn 0.0346 0.9890 0.1439
vn 0.0071 0.9995 0.0297
vn 0.0009 1.0000 0.0026
vn 0.0012 1.0000 0.0023
vn 0.0014 1.0000 0.0023
vn -0.0002 1.0000 0.0027
vn 0.0002 1.0000 0.0026
vn 0.0004 1.0000 0.0027
vn -0.0012 1.0000 0.0024
vn -0.0008 1.0000 0.0025
vn -0.0006 1.0000 0.0026
vn -0.0021 1.0000 0.0018
vn -0.0017 1.0000 0.0020
vn -0.0016 1.0000 0.0022
vn -0.0026 1.0000 0.0009
vn -0.0023 1.0000 0.0012
vn -0.0023 1.0000 0.0014
vn -0.0027 1.0000 -0.0002
vn -0.0026 1.0000 0.0002
vn -0.0027 1.0000 0.0004
vn -0.0025 1.0000 -0.0012
vn -0.0025 1.0000 -0.0008
vn -0.0026 1.0000 -0.0006
vn -0.0018 1.0000 -0.0021
vn -0.0020 1.0000 -0.0017
vn -0.0022 1.0000 -0.0016
vn -0.0009 1.0000 -0.0026
vn -0.0012 1.0000 -0.0023
vn -0.0014 1.0000 -0.0023
vn 0.0002 1.0000 -0.0027
vn -0.0002 1.0000 -0.0026
vn -0.0004 1.0000 -0.0027
vn 0.0012 1.0000 -0.0025
vn 0.0008 1.0000 -0.0025
vn 0.0006 1.0000 -0.0026
vn 0.0021 1.0000 -0.0018
vn 0.0018 1.0000 -0.0019
vn 0.0016 1.0000 -0.0022
vn 0.0026 1.0000 -0.0009
vn 0.0023 1.0000 -0.0012
vn 0.0023 1.0000 -0.0014
vn 0.0027 1.0000 0.0002
vn 0.0026 1.0000 -0.0002
vn 0.0027 1.0000 -0.0004
vn 0.0025 1.0000 0.0012
vn 0.0025 1.0000 0.0008
vn 0.0026 1.0000 0.0006
vn 0.0018 1.0000 0.0021
vn 0.0020 1.0000 0.0017
vn 0.0021 1.0000 0.0016
vn 0.8309 0.0522 -0.5539
vn 0.9066 0.0513 -0.4188
vn 0.9977 0.0439 -0.0507
vn 0.9082 -0.0602 0.4141
vn 0.9044 -0.1443 0.4014
vn 0.8966 -0.2273 0.3800
vn -0.7963 -0.0523 0.6027
vn -0.8039 -0.0524 0.5925
vn -0.8070 -0.0523 0.5882
vn -0.8071 -0.0528 0.5881
vn -0.8040 -0.0548 0.5920
vn -0.7968 -0.0596 0.6012
vn -0.7714 -0.0731 0.6321
vn -0.7683 -0.0648 0.6368
vn -0.7700 -0.0550 0.6357
vn 0.3984 -0.0114 0.9171
vn -0.1491 -0.0368 0.9881
vn -0.6397 -0.0507 0.7669
vn 0.5663 -0.3816 0.7305
vn 0.5958 -0.3793 0.7080
vn 0.6949 -0.3666 0.6186
vn 0.8077 0.0524 -0.5872
vn 0.8640 -0.3855 0.3239
vn 0.8419 -0.4587 0.2843
vn 0.8146 -0.5272 0.2419
vn -0.8072 -0.0532 0.5879
vn -0.8048 -0.0568 0.5908
vn -0.7991 -0.0659 0.5976
vn -0.7777 -0.0936 0.6217
vn -0.7729 -0.0880 0.6284
vn -0.7723 -0.0782 0.6304
vn 0.4525 -0.7057 0.5453
vn 0.4822 -0.7030 0.5228
vn 0.5833 -0.6851 0.4363
vn 0.8075 0.0524 -0.5876
vn 0.7485 -0.6481 0.1402
vn 0.7102 -0.6991 0.0829
vn 0.6687 -0.7432 0.0226
vn -0.8074 -0.0534 0.5876
vn -0.8060 -0.0582 0.5891
vn -0.8025 -0.0700 0.5925
vn -0.7884 -0.1078 0.6056
vn -0.7827 -0.1058 0.6134
vn -0.7800 -0.0976 0.6182
vn 0.2710 -0.9221 0.2762
vn 0.3007 -0.9193 0.2540
vn 0.4047 -0.8983 0.1710
vn 0.8072 0.0524 -0.5879
vn 0.8078 0.0524 -0.5872
vn 0.5783 -0.8087 -0.1071
vn 0.5309 -0.8291 -0.1753
vn 0.4817 -0.8417 -0.2441
vn -0.8077 -0.0535 0.5872
vn -0.8074 -0.0587 0.5871
vn -0.8067 -0.0715 0.5866
vn -0.8020 -0.1135 0.5865
vn -0.7961 -0.1154 0.5941
vn -0.7914 -0.1100 0.6013
vn 0.0491 -0.9982 -0.0356
vn 0.0793 -0.9952 -0.0576
vn 0.1865 -0.9731 -0.1356
vn 0.3806 -0.8418 -0.3828
vn 0.3304 -0.8291 -0.4512
vn 0.2806 -0.8086 -0.5172
vn -0.8079 -0.0534 0.5869
vn -0.8089 -0.0582 0.5851
vn -0.8111 -0.0699 0.5807
vn -0.8160 -0.1100 0.5675
vn -0.8107 -0.1155 0.5739
vn -0.8053 -0.1135 0.5820
vn -0.1791 -0.9221 -0.3429
vn -0.1488 -0.9193 -0.3644
vn -0.0382 -0.8983 -0.4377
vn 0.1848 -0.7432 -0.6430
vn 0.1398 -0.6988 -0.7015
vn 0.0978 -0.6486 -0.7548
vn -0.8082 -0.0532 0.5866
vn -0.8102 -0.0569 0.5834
vn -0.8149 -0.0658 0.5758
vn -0.8285 -0.0975 0.5514
vn -0.8248 -0.1058 0.5555
vn -0.8192 -0.1078 0.5634
vn -0.3791 -0.7057 -0.5986
vn -0.3487 -0.7030 -0.6199
vn -0.2349 -0.6853 -0.6894
vn 0.8079 0.0523 -0.5870
vn 0.0208 -0.5270 -0.8496
vn -0.0116 -0.4593 -0.8882
vn -0.0407 -0.3849 -0.9221
vn -0.8083 -0.0528 0.5864
vn -0.8111 -0.0547 0.5824
vn -0.8177 -0.0596 0.5726
vn -0.8378 -0.0782 0.5404
vn -0.8360 -0.0880 0.5416
vn -0.8311 -0.0936 0.5483
vn -0.5203 -0.3817 -0.7640
vn -0.4895 -0.3793 -0.7852
vn -0.3736 -0.3663 -0.8522
vn 0.8077 0.0523 -0.5872
vn -0.0859 -0.2273 -0.9700
vn -0.1015 -0.1443 -0.9843
vn -0.1128 -0.0603 -0.9918
vn -0.8084 -0.0523 0.5863
vn -0.8114 -0.0524 0.5821
vn -0.8187 -0.0523 0.5718
vn -0.8422 -0.0551 0.5364
vn -0.8427 -0.0648 0.5345
vn -0.8392 -0.0731 0.5389
vn -0.5812 0.0004 -0.8138
vn -0.5508 0.0024 -0.8347
vn -0.4339 0.0094 -0.9009
vn 0.8075 0.0523 -0.5875
vn -0.1205 0.1113 -0.9865
vn -0.1161 0.1955 -0.9738
vn -0.1075 0.2781 -0.9545
vn -0.8084 -0.0519 0.5863
vn -0.8113 -0.0499 0.5825
vn -0.8183 -0.0451 0.5731
vn -0.8410 -0.0314 0.5401
vn -0.8437 -0.0397 0.5353
vn -0.8424 -0.0494 0.5366
vn -0.5526 0.3825 -0.7405
vn -0.5222 0.3843 -0.7613
vn -0.4060 0.3855 -0.8286
vn 0.8076 0.0523 -0.5873
vn 0.8076 0.0524 -0.5875
vn -0.0756 0.4368 -0.8964
vn -0.0526 0.5105 -0.8582
vn -0.0259 0.5782 -0.8155
vn -0.8083 -0.0515 0.5866
vn -0.8105 -0.0478 0.5838
vn -0.8160 -0.0388 0.5767
vn -0.8345 -0.0109 0.5509
vn -0.8391 -0.0164 0.5438
vn -0.8400 -0.0262 0.5420
vn -0.4390 0.7065 -0.5551
vn -0.4084 0.7078 -0.5764
vn -0.2939 0.7042 -0.6463
vn 0.0405 0.6985 -0.7144
vn 0.0783 0.7503 -0.6564
vn 0.1197 0.7942 -0.5957
vn -0.8080 -0.0512 0.5870
vn -0.8093 -0.0464 0.5856
vn -0.8127 -0.0347 0.5817
vn -0.8238 0.0033 0.5668
vn -0.8294 0.0013 0.5587
vn -0.8325 -0.0069 0.5540
vn -0.2573 0.9231 -0.2860
vn -0.2272 0.9240 -0.3076
vn -0.1152 0.9171 -0.3816
vn 0.8079 0.0523 -0.5869
vn 0.8077 0.0524 -0.5873
vn 0.2103 0.8596 -0.4657
vn 0.2585 0.8802 -0.3981
vn 0.3071 0.8927 -0.3297
vn -0.8077 -0.0511 0.5874
vn -0.8080 -0.0460 0.5874
vn -0.8083 -0.0332 0.5878
vn -0.8104 0.0090 0.5858
vn -0.8162 0.0109 0.5777
vn -0.8209 0.0055 0.5711
vn -0.0355 0.9990 0.0258
vn -0.0054 1.0000 0.0040
vn 0.1031 0.9918 -0.0749
vn 0.4079 0.8929 -0.1904
vn 0.4582 0.8804 -0.1226
vn 0.5080 0.8595 -0.0569
vn -0.8075 -0.0512 0.5877
vn -0.8065 -0.0464 0.5894
vn -0.8040 -0.0347 0.5936
vn -0.7964 0.0055 0.6048
vn -0.8012 0.0110 0.5983
vn -0.8071 0.0090 0.5904
vn 0.1927 0.9230 0.3330
vn 0.2226 0.9241 0.3107
vn 0.3277 0.9170 0.2273
vn 0.8074 0.0524 -0.5876
vn 0.6041 0.7939 0.0696
vn 0.6488 0.7501 0.1279
vn 0.6914 0.6994 0.1811
vn -0.8072 -0.0515 0.5880
vn -0.8052 -0.0478 0.5910
vn -0.8001 -0.0388 0.5986
vn -0.7836 -0.0069 0.6212
vn -0.7872 0.0014 0.6167
vn -0.7932 0.0033 0.6090
vn 0.3926 0.7065 0.5888
vn 0.4223 0.7078 0.5663
vn 0.5242 0.7041 0.4790
vn 0.7676 0.5780 0.2770
vn 0.8005 0.5096 0.3154
vn 0.8298 0.4368 0.3474
vn -0.8071 -0.0519 0.5882
vn -0.8043 -0.0499 0.5921
vn -0.7975 -0.0450 0.6017
vn -0.7746 -0.0262 0.6320
vn -0.7759 -0.0165 0.6306
vn -0.7813 -0.0109 0.6241
vn 0.5339 0.3826 0.7540
vn 0.5633 0.3840 0.7316
vn 0.6627 0.3850 0.6423
vn 0.8753 0.2786 0.3952
vn 0.8903 0.1955 0.4114
vn 0.9016 0.1112 0.4181
vn -0.7702 -0.0495 0.6359
vn -0.7693 -0.0397 0.6376
vn -0.7730 -0.0313 0.6336
vn 0.6278 0.0026 0.7783
vn 0.6047 0.0011 0.7965
vn 0.5933 0.0003 0.8050
vn -0.6468 -0.1439 0.7489
vn -0.1693 -0.3087 0.9360
vn 0.3705 -0.3846 0.8455
vn -0.6745 -0.2229 0.7038
vn -0.2503 -0.5391 0.8042
vn 0.2594 -0.7006 0.6648
vn -0.7188 -0.2757 0.6382
vn -0.3797 -0.6931 0.6127
vn 0.0820 -0.9119 0.4021
vn -0.7730 -0.2944 0.5619
vn -0.5374 -0.7474 0.3907
vn -0.1344 -0.9861 0.0978
vn -0.8286 -0.2758 0.4872
vn -0.6999 -0.6932 0.1723
vn -0.3572 -0.9119 -0.2021
vn -0.8775 -0.2228 0.4248
vn -0.8421 -0.5392 -0.0098
vn -0.5522 -0.7006 -0.4518
vn -0.9117 -0.1439 0.3848
vn -0.9426 -0.3087 -0.1270
vn -0.6903 -0.3845 -0.6129
vn -0.9266 -0.0508 0.3726
vn -0.9860 -0.0368 -0.1629
vn -0.7494 -0.0114 -0.6621
vn -0.9198 0.0425 0.3901
vn -0.9656 0.2351 -0.1111
vn -0.7216 0.3616 -0.5904
vn -0.8919 0.1215 0.4356
vn -0.8847 0.4656 0.0212
vn -0.6107 0.6778 -0.4094
vn -0.8477 0.1743 0.5010
vn -0.7555 0.6197 0.2126
vn -0.4334 0.8892 -0.1467
vn -0.7936 0.1927 0.5771
vn -0.5977 0.6737 0.4346
vn -0.2169 0.9634 0.1577
vn -0.7380 0.1743 0.6519
vn -0.4353 0.6197 0.6531
vn 0.0058 0.8892 0.4575
vn -0.6893 0.1214 0.7142
vn -0.2929 0.4657 0.8350
vn 0.2011 0.6778 0.7072
vn -0.6548 0.0425 0.7546
vn -0.1925 0.2351 0.9527
vn 0.3387 0.3616 0.8686
vn 0.5375 0.2887 0.7923
vn 0.5558 0.1940 0.8084
vn 0.5680 0.0972 0.8173
vn 0.4146 0.6324 0.6543
vn 0.4527 0.5539 0.6987
vn 0.4855 0.4700 0.7372
vn 0.2269 0.8796 0.4181
vn 0.2788 0.8294 0.4841
vn 0.3271 0.7711 0.5462
vn 0.0025 0.9928 0.1195
vn 0.0606 0.9785 0.1969
vn 0.1171 0.9547 0.2736
vn -0.2242 0.9547 -0.1956
vn -0.1689 0.9785 -0.1184
vn -0.1129 0.9928 -0.0393
vn -0.4188 0.7712 -0.4795
vn -0.3745 0.8294 -0.4145
vn -0.3277 0.8796 -0.3447
vn -0.5516 0.4700 -0.6890
vn -0.5251 0.5539 -0.6461
vn -0.4945 0.6324 -0.5963
vn -0.6024 0.0972 -0.7922
vn -0.5976 0.1940 -0.7780
vn -0.5882 0.2889 -0.7554
vn -0.5635 -0.2905 -0.7733
vn -0.5812 -0.1956 -0.7899
vn -0.5943 -0.0989 -0.7982
vn -0.4409 -0.6341 -0.6352
vn -0.4781 -0.5556 -0.6802
vn -0.5117 -0.4718 -0.7181
vn -0.2530 -0.8814 -0.3989
vn -0.3041 -0.8311 -0.4656
vn -0.3533 -0.7729 -0.5271
vn -0.0287 -0.9945 -0.1005
vn -0.0859 -0.9801 -0.1788
vn -0.1431 -0.9564 -0.2546
vn 0.1980 -0.9564 0.2147
vn 0.1436 -0.9801 0.1368
vn 0.0868 -0.9945 0.0584
vn 0.3926 -0.7729 0.4985
vn 0.3492 -0.8311 0.4328
vn 0.3015 -0.8814 0.3637
vn 0.5254 -0.4717 0.7081
vn 0.4998 -0.5555 0.6645
vn 0.4685 -0.6342 0.6151
vn 0.5761 -0.0989 0.8113
vn 0.5723 -0.1957 0.7964
vn 0.5620 -0.2904 0.7745
vn 0.5595 -0.3822 0.7354
vn 0.5595 -0.3821 0.7355
vn 0.4458 -0.7061 0.5502
vn 0.4458 -0.7062 0.5501
vn 0.2641 -0.9226 0.2811
vn 0.2642 -0.9226 0.2811
vn 0.0423 -0.9986 -0.0308
vn 0.0424 -0.9986 -0.0308
vn -0.1859 -0.9226 -0.3379
vn -0.1859 -0.9226 -0.3380
vn -0.3859 -0.7062 -0.5936
vn -0.3859 -0.7061 -0.5937
vn -0.5271 -0.3822 -0.7590
vn -0.5271 -0.3821 -0.7590
vn -0.5881 -0.0000 -0.8088
vn -0.5881 0.0001 -0.8088
vn -0.5594 0.3821 -0.7355
vn -0.5595 0.3822 -0.7355
vn -0.5595 0.3821 -0.7355
vn -0.4458 0.7061 -0.5502
vn -0.4458 0.7062 -0.5501
vn -0.2642 0.9226 -0.2811
vn -0.0423 0.9986 0.0308
vn -0.0424 0.9986 0.0308
vn 0.1859 0.9226 0.3380
vn 0.1859 0.9226 0.3379
vn 0.1860 0.9226 0.3380
vn 0.3859 0.7061 0.5936
vn 0.3859 0.7062 0.5937
vn 0.3859 0.7062 0.5936
vn 0.5271 0.3822 0.7590
vn 0.7233 0.0093 0.6905
vn 0.6242 0.0024 0.7812
vn 0.5949 0.0004 0.8038
vn 0.5899 -0.0982 0.8015
vn 0.5856 -0.1948 0.7869
vn 0.5755 -0.2895 0.7648
vn 0.5391 -0.4711 0.6982
vn 0.5130 -0.5548 0.6550
vn 0.4821 -0.6333 0.6054
vn 0.4062 -0.7721 0.4887
vn 0.3624 -0.8303 0.4233
vn 0.3153 -0.8805 0.3540
vn 0.2117 -0.9557 0.2047
vn 0.1568 -0.9794 0.1271
vn 0.1005 -0.9938 0.0484
vn -0.0152 -0.9938 -0.1105
vn -0.0727 -0.9794 -0.1884
vn -0.1295 -0.9557 -0.2644
vn -0.2395 -0.8805 -0.4090
vn -0.2910 -0.8303 -0.4753
vn -0.3396 -0.7722 -0.5370
vn -0.4273 -0.6332 -0.6454
vn -0.4649 -0.5547 -0.6900
vn -0.4981 -0.4710 -0.7281
vn -0.5500 -0.2896 -0.7833
vn -0.5680 -0.1948 -0.7996
vn -0.5805 -0.0981 -0.8083
vn -0.5889 0.0982 -0.8022
vn -0.5845 0.1949 -0.7876
vn -0.5745 0.2896 -0.7655
vn -0.5380 0.4710 -0.6991
vn -0.5119 0.5548 -0.6559
vn -0.4810 0.6334 -0.6062
vn -0.4051 0.7722 -0.4895
vn -0.3614 0.8303 -0.4242
vn -0.3142 0.8806 -0.3548
vn -0.2105 0.9558 -0.2055
vn -0.1557 0.9795 -0.1280
vn -0.0995 0.9938 -0.0493
vn 0.0163 0.9938 0.1098
vn 0.0738 0.9795 0.1876
vn 0.1306 0.9558 0.2636
vn 0.2406 0.8806 0.4083
vn 0.2921 0.8304 0.4745
vn 0.3407 0.7722 0.5363
vn 0.4284 0.6334 0.6444
vn 0.4660 0.5549 0.6891
vn 0.4991 0.4711 0.7273
vn 0.5510 0.2896 0.7826
vn 0.5691 0.1948 0.7989
vn 0.5815 0.0982 0.8076
vn 0.5994 0.0008 0.8004
vn 0.6547 0.0045 0.7558
vn 0.8361 0.0185 0.5483
vn 0.5647 -0.3818 0.7316
vn 0.5761 -0.3810 0.7232
vn 0.5994 -0.3791 0.7050
vn 0.4510 -0.7057 0.5464
vn 0.4623 -0.7049 0.5379
vn 0.4858 -0.7027 0.5199
vn 0.2694 -0.9222 0.2773
vn 0.2808 -0.9213 0.2689
vn 0.3045 -0.9188 0.2512
vn 0.0476 -0.9983 -0.0346
vn 0.0590 -0.9973 -0.0429
vn 0.0829 -0.9947 -0.0603
vn -0.1806 -0.9223 -0.3418
vn -0.1692 -0.9214 -0.3500
vn -0.1452 -0.9188 -0.3670
vn -0.3807 -0.7058 -0.5975
vn -0.3691 -0.7049 -0.6056
vn -0.3448 -0.7026 -0.6225
vn -0.5219 -0.3818 -0.7628
vn -0.5104 -0.3810 -0.7709
vn -0.4858 -0.3791 -0.7876
vn -0.5829 0.0003 -0.8126
vn -0.5712 0.0011 -0.8208
vn -0.5467 0.0026 -0.8373
vn -0.5542 0.3824 -0.7393
vn -0.5427 0.3832 -0.7474
vn -0.5183 0.3843 -0.7640
vn -0.4405 0.7065 -0.5539
vn -0.4290 0.7071 -0.5621
vn -0.4046 0.7079 -0.5789
vn -0.2589 0.9229 -0.2849
vn -0.2474 0.9235 -0.2931
vn -0.2232 0.9241 -0.3103
vn -0.0371 0.9989 0.0270
vn -0.0257 0.9995 0.0186
vn -0.0017 1.0000 0.0012
vn 0.1912 0.9229 0.3342
vn 0.2026 0.9235 0.3257
vn 0.2263 0.9240 0.3081
vn 0.3911 0.7065 0.5898
vn 0.4025 0.7070 0.5815
vn 0.4260 0.7079 0.5633
vn 0.5324 0.3826 0.7551
vn 0.5436 0.3831 0.7468
vn 0.5672 0.3843 0.7284
vn 0.9891 -0.0315 0.1439
vn 0.9860 -0.0992 0.1339
vn 0.9791 -0.1658 0.1181
vn 0.9535 -0.2930 0.0712
vn 0.9353 -0.3519 0.0386
vn 0.9134 -0.4070 0.0074
vn 0.8602 -0.5041 -0.0769
vn 0.8296 -0.5451 -0.1212
vn 0.7963 -0.5804 -0.1703
vn 0.7240 -0.6328 -0.2746
vn 0.6852 -0.6496 -0.3294
vn 0.6461 -0.6593 -0.3847
vn 0.5649 -0.6596 -0.4957
vn 0.5243 -0.6498 -0.5503
vn 0.4844 -0.6329 -0.6040
vn 0.4075 -0.5799 -0.7055
vn 0.3718 -0.5449 -0.7516
vn 0.3374 -0.5040 -0.7951
vn 0.2755 -0.4068 -0.8710
vn 0.2493 -0.3510 -0.9026
vn 0.2261 -0.2935 -0.9288
vn 0.1896 -0.1658 -0.9678
vn 0.1770 -0.0992 -0.9792
vn 0.1685 -0.0316 -0.9852
vn 0.1627 0.1063 -0.9809
vn 0.1653 0.1740 -0.9708
vn 0.1724 0.2404 -0.9552
vn 0.1985 0.3680 -0.9084
vn 0.2164 0.4261 -0.8784
vn 0.2381 0.4817 -0.8434
vn 0.2910 0.5783 -0.7621
vn 0.3225 0.6198 -0.7155
vn 0.3552 0.6549 -0.6670
vn 0.4278 0.7074 -0.5626
vn 0.4664 0.7241 -0.5081
vn 0.5058 0.7341 -0.4531
vn 0.5871 0.7340 -0.3415
vn 0.6272 0.7239 -0.2874
vn 0.6670 0.7076 -0.2334
vn 0.7441 0.6548 -0.1329
vn 0.7803 0.6196 -0.0855
vn 0.8145 0.5786 -0.0421
vn 0.8759 0.4813 0.0330
vn 0.9022 0.4263 0.0650
vn 0.9254 0.3677 0.0921
vn 0.9619 0.2403 0.1307
vn 0.9745 0.1740 0.1420
vn 0.9834 0.1062 0.1469
vn 0.6855 -0.0909 0.7224
vn 0.6812 -0.1868 0.7078
vn 0.6713 -0.2808 0.6860
vn 0.6350 -0.4608 0.6200
vn 0.6092 -0.5439 0.5771
vn 0.5785 -0.6218 0.5279
vn 0.5032 -0.7596 0.4120
vn 0.4599 -0.8173 0.3471
vn 0.4130 -0.8672 0.2783
vn 0.3101 -0.9417 0.1303
vn 0.2558 -0.9653 0.0533
vn 0.1998 -0.9795 -0.0247
vn 0.0851 -0.9795 -0.1825
vn 0.0281 -0.9653 -0.2598
vn -0.0282 -0.9417 -0.3352
vn -0.1374 -0.8671 -0.4787
vn -0.1885 -0.8173 -0.5445
vn -0.2368 -0.7596 -0.6057
vn -0.3238 -0.6218 -0.7131
vn -0.3611 -0.5441 -0.7573
vn -0.3940 -0.4608 -0.7953
vn -0.4455 -0.2808 -0.8501
vn -0.4633 -0.1867 -0.8663
vn -0.4758 -0.0909 -0.8748
vn -0.4840 0.1039 -0.8689
vn -0.4799 0.1999 -0.8543
vn -0.4698 0.2938 -0.8325
vn -0.4335 0.4739 -0.7665
vn -0.4077 0.5570 -0.7235
vn -0.3770 0.6348 -0.6744
vn -0.3018 0.7727 -0.5585
vn -0.2584 0.8304 -0.4936
vn -0.2115 0.8802 -0.4248
vn -0.1086 0.9548 -0.2767
vn -0.0543 0.9783 -0.1999
vn 0.0016 0.9925 -0.1218
vn 0.1163 0.9926 0.0361
vn 0.1734 0.9783 0.1132
vn 0.2297 0.9548 0.1886
vn 0.3389 0.8802 0.3321
vn 0.3899 0.8303 0.3981
vn 0.4382 0.7726 0.4593
vn 0.5253 0.6348 0.5667
vn 0.5625 0.5570 0.6110
vn 0.5955 0.4739 0.6487
vn 0.6470 0.2939 0.7036
vn 0.6648 0.1998 0.7199
vn 0.6773 0.1039 0.7284
vn 0.9838 0.0471 -0.1730
vn 0.9764 0.0348 0.2130
vn 0.8183 0.0170 0.5745
vn 0.9343 -0.0594 -0.3516
vn 0.9477 -0.0772 -0.3098
vn 0.9738 -0.1260 -0.1895
vn 0.9016 -0.1523 -0.4050
vn 0.9099 -0.1847 -0.3716
vn 0.9220 -0.2722 -0.2754
vn 0.8495 -0.2144 -0.4820
vn 0.8497 -0.2563 -0.4609
vn 0.8399 -0.3702 -0.3968
vn 0.7859 -0.2363 -0.5714
vn 0.7760 -0.2817 -0.5643
vn 0.7396 -0.4045 -0.5379
vn 0.7203 -0.2146 -0.6596
vn 0.7005 -0.2562 -0.6660
vn 0.6365 -0.3702 -0.6767
vn 0.6631 -0.1523 -0.7329
vn 0.6343 -0.1847 -0.7507
vn 0.5460 -0.2724 -0.7922
vn 0.6224 -0.0594 -0.7804
vn 0.5872 -0.0773 -0.8057
vn 0.4823 -0.1260 -0.8669
vn 0.6052 0.0501 -0.7945
vn 0.5674 0.0494 -0.8220
vn 0.4549 0.0468 -0.8893
vn 0.6132 0.1597 -0.7736
vn 0.5764 0.1758 -0.7980
vn 0.4678 0.2196 -0.8561
vn 0.6459 0.2527 -0.7204
vn 0.6146 0.2833 -0.7362
vn 0.5191 0.3659 -0.7724
vn 0.6980 0.3147 -0.6433
vn 0.6746 0.3549 -0.6473
vn 0.6013 0.4634 -0.6510
vn 0.7616 0.3365 -0.5538
vn 0.7482 0.3800 -0.5439
vn 0.7013 0.4983 -0.5098
vn 0.8272 0.3148 -0.4655
vn 0.8237 0.3551 -0.4421
vn 0.8047 0.4637 -0.3707
vn 0.8844 0.2528 -0.3923
vn 0.8900 0.2832 -0.3573
vn 0.8950 0.3656 -0.2555
vn 0.9249 0.1597 -0.3451
vn 0.9367 0.1760 -0.3028
vn 0.9587 0.2194 -0.1808
vn 0.8092 -0.3388 0.4799
vn 0.6264 -0.3763 0.6826
vn 0.5708 -0.3815 0.7271
vn 0.7028 -0.6419 0.3067
vn 0.5128 -0.6991 0.4983
vn 0.4571 -0.7053 0.5419
vn 0.5331 -0.8443 0.0546
vn 0.3321 -0.9149 0.2297
vn 0.2755 -0.9218 0.2727
vn 0.3255 -0.9154 -0.2368
vn 0.1109 -0.9906 -0.0807
vn 0.0538 -0.9978 -0.0391
vn 0.1121 -0.8442 -0.5242
vn -0.1163 -0.9147 -0.3870
vn -0.1746 -0.9218 -0.3461
vn -0.0747 -0.6415 -0.7635
vn -0.3156 -0.6991 -0.6416
vn -0.3746 -0.7053 -0.6019
vn -0.2072 -0.3386 -0.9178
vn -0.4564 -0.3763 -0.8063
vn -0.5158 -0.3814 -0.7671
vn -0.2641 0.0185 -0.9643
vn -0.5173 0.0045 -0.8558
vn -0.5767 0.0007 -0.8169
vn -0.2373 0.3759 -0.8958
vn -0.4885 0.3852 -0.7829
vn -0.5481 0.3829 -0.7436
vn -0.1310 0.6786 -0.7228
vn -0.3753 0.7081 -0.5981
vn -0.4344 0.7068 -0.5583
vn 0.0387 0.8814 -0.4708
vn -0.1942 0.9236 -0.3304
vn -0.2529 0.9232 -0.2893
vn 0.2465 0.9524 -0.1792
vn 0.0268 0.9995 -0.0195
vn -0.0310 0.9993 0.0225
vn 0.4599 0.8814 0.1081
vn 0.2543 0.9237 0.2866
vn 0.1973 0.9232 0.3297
vn 0.6467 0.6792 0.3471
vn 0.4533 0.7081 0.5414
vn 0.3973 0.7069 0.5852
vn 0.7789 0.3760 0.5020
vn 0.5942 0.3853 0.7061
vn 0.5383 0.3829 0.7508
vn 0.5881 -0.0000 0.8088
vn 0.5881 -0.0001 0.8088
vn 0.5514 0.2897 0.7823
vn 0.5694 0.1949 0.7986
vn 0.5819 0.0982 0.8073
vn 0.4287 0.6332 0.6444
vn 0.4663 0.5548 0.6890
vn 0.4994 0.4711 0.7271
vn 0.2409 0.8806 0.4080
vn 0.2924 0.8304 0.4744
vn 0.3410 0.7722 0.5361
vn 0.0166 0.9938 0.1096
vn 0.0741 0.9795 0.1873
vn 0.1309 0.9558 0.2634
vn -0.2102 0.9558 -0.2058
vn -0.1554 0.9795 -0.1282
vn -0.0991 0.9938 -0.0495
vn -0.4048 0.7723 -0.4896
vn -0.3610 0.8303 -0.4245
vn -0.3139 0.8806 -0.3550
vn -0.5377 0.4710 -0.6993
vn -0.5116 0.5549 -0.6560
vn -0.4807 0.6333 -0.6065
vn -0.5886 0.0983 -0.8025
vn -0.5843 0.1949 -0.7878
vn -0.5743 0.2897 -0.7657
vn -0.5497 -0.2895 -0.7836
vn -0.5677 -0.1948 -0.7998
vn -0.5802 -0.0982 -0.8085
vn -0.4270 -0.6332 -0.6456
vn -0.4646 -0.5548 -0.6902
vn -0.4977 -0.4710 -0.7283
vn -0.2392 -0.8805 -0.4093
vn -0.2907 -0.8303 -0.4756
vn -0.3393 -0.7721 -0.5373
vn -0.0149 -0.9937 -0.1108
vn -0.0724 -0.9794 -0.1887
vn -0.1292 -0.9557 -0.2646
vn 0.2119 -0.9557 0.2044
vn 0.1571 -0.9794 0.1269
vn 0.1008 -0.9937 0.0484
vn 0.4065 -0.7721 0.4885
vn 0.3627 -0.8303 0.4231
vn 0.3155 -0.8805 0.3537
vn 0.5394 -0.4711 0.6979
vn 0.5134 -0.5548 0.6547
vn 0.4824 -0.6332 0.6053
vn 0.5901 -0.0981 0.8013
vn 0.5859 -0.1948 0.7866
vn 0.5760 -0.2895 0.7644
vn 0.9381 0.0503 -0.3426
vn 0.9381 0.0503 -0.3428
vn 0.9381 0.0504 -0.3426
vn 0.7915 -0.3446 0.5047
vn 0.9551 -0.2505 0.1583
vn 0.9714 -0.1207 -0.2044
vn 0.6836 -0.6509 0.3301
vn 0.8702 -0.4923 0.0202
vn 0.9214 -0.2628 -0.2862
vn 0.5120 -0.8557 0.0754
vn 0.7347 -0.6539 -0.1808
vn 0.8417 -0.3580 -0.4042
vn 0.3020 -0.9276 -0.2196
vn 0.5691 -0.7106 -0.4138
vn 0.7444 -0.3911 -0.5412
vn 0.0862 -0.8557 -0.5103
vn 0.3987 -0.6540 -0.6429
vn 0.6443 -0.3579 -0.6759
vn -0.1030 -0.6509 -0.7521
vn 0.2495 -0.4924 -0.8339
vn 0.5567 -0.2629 -0.7880
vn -0.2365 -0.3445 -0.9085
vn 0.1440 -0.2505 -0.9573
vn 0.4944 -0.1207 -0.8608
vn -0.2942 0.0170 -0.9556
vn 0.0984 0.0348 -0.9945
vn 0.4677 0.0470 -0.8826
vn -0.2672 0.3785 -0.8862
vn 0.1197 0.3201 -0.9398
vn 0.4802 0.2148 -0.8505
vn -0.1596 0.6849 -0.7109
vn 0.2045 0.5619 -0.8015
vn 0.5302 0.3569 -0.7691
vn 0.0122 0.8897 -0.4564
vn 0.3401 0.7236 -0.6006
vn 0.6098 0.4520 -0.6511
vn 0.2220 0.9616 -0.1615
vn 0.5059 0.7802 -0.3678
vn 0.7072 0.4853 -0.5141
vn 0.4381 0.8896 0.1289
vn 0.6762 0.7236 -0.1385
vn 0.8074 0.4520 -0.3792
vn 0.6271 0.6849 0.3711
vn 0.8254 0.5621 0.0528
vn 0.8952 0.3569 -0.2670
vn 0.7607 0.3785 0.5274
vn 0.9310 0.3201 0.1756
vn 0.9571 0.2148 -0.1946
vn 0.9420 0.0787 -0.3262
vn 0.9382 0.1068 -0.3291
vn 0.9331 0.1344 -0.3336
vn 0.9179 0.1874 -0.3497
vn 0.9082 0.2118 -0.3610
vn 0.8973 0.2347 -0.3738
vn 0.8717 0.2751 -0.4055
vn 0.8576 0.2920 -0.4234
vn 0.8426 0.3067 -0.4426
vn 0.8105 0.3286 -0.4849
vn 0.7939 0.3356 -0.5071
vn 0.7772 0.3397 -0.5297
vn 0.7435 0.3397 -0.5761
vn 0.7272 0.3355 -0.5989
vn 0.7110 0.3286 -0.6217
vn 0.6809 0.3068 -0.6651
vn 0.6670 0.2921 -0.6854
vn 0.6544 0.2753 -0.7042
vn 0.6324 0.2346 -0.7383
vn 0.6231 0.2118 -0.7529
vn 0.6156 0.1874 -0.7655
vn 0.6051 0.1344 -0.7848
vn 0.6020 0.1069 -0.7913
vn 0.6008 0.0787 -0.7955
vn 0.6034 0.0215 -0.7972
vn 0.6069 -0.0067 -0.7947
vn 0.6120 -0.0344 -0.7901
vn 0.6272 -0.0872 -0.7739
vn 0.6368 -0.1117 -0.7629
vn 0.6480 -0.1345 -0.7497
vn 0.6734 -0.1750 -0.7183
vn 0.6875 -0.1921 -0.7003
vn 0.7027 -0.2066 -0.6808
vn 0.7346 -0.2286 -0.6388
vn 0.7513 -0.2354 -0.6166
vn 0.7680 -0.2396 -0.5939
vn 0.8018 -0.2397 -0.5475
vn 0.8182 -0.2354 -0.5246
vn 0.8341 -0.2284 -0.5022
vn 0.8643 -0.2066 -0.4585
vn 0.8780 -0.1920 -0.4385
vn 0.8910 -0.1751 -0.4188
vn 0.9130 -0.1345 -0.3852
vn 0.9220 -0.1117 -0.3708
vn 0.9296 -0.0872 -0.3582
vn 0.9402 -0.0343 -0.3388
vn 0.9432 -0.0068 -0.3322
vn 0.9446 0.0214 -0.3276
vn 0.9303 -0.0546 -0.3627
vn 0.9304 -0.0546 -0.3626
vn 0.9304 -0.0546 -0.3625
vn 0.8991 -0.1436 -0.4136
vn 0.8991 -0.1436 -0.4135
vn 0.8492 -0.2031 -0.4875
vn 0.8491 -0.2030 -0.4877
vn 0.8492 -0.2031 -0.4874
vn 0.7883 -0.2239 -0.5731
vn 0.7882 -0.2239 -0.5733
vn 0.7881 -0.2239 -0.5733
vn 0.7255 -0.2031 -0.6576
vn 0.7256 -0.2031 -0.6574
vn 0.7256 -0.2030 -0.6575
vn 0.6707 -0.1436 -0.7277
vn 0.6708 -0.1436 -0.7276
vn 0.6707 -0.1437 -0.7277
vn 0.6318 -0.0547 -0.7732
vn 0.6319 -0.0546 -0.7731
vn 0.6320 -0.0546 -0.7731
vn 0.6151 0.0503 -0.7869
vn 0.6151 0.0504 -0.7868
vn 0.6231 0.1553 -0.7666
vn 0.6229 0.1553 -0.7667
vn 0.6230 0.1553 -0.7667
vn 0.6541 0.2443 -0.7159
vn 0.6542 0.2443 -0.7158
vn 0.6542 0.2442 -0.7158
vn 0.7041 0.3038 -0.6419
vn 0.7041 0.3037 -0.6418
vn 0.7042 0.3037 -0.6418
vn 0.7650 0.3246 -0.5562
vn 0.7651 0.3247 -0.5561
vn 0.7651 0.3246 -0.5562
vn 0.8277 0.3038 -0.4719
vn 0.8277 0.3037 -0.4719
vn 0.8827 0.2443 -0.4015
vn 0.8826 0.2444 -0.4015
vn 0.8825 0.2442 -0.4018
vn 0.9214 0.1553 -0.3562
vn 0.9214 0.1553 -0.3561
vn 0.9214 0.1553 -0.3563
vn 0.9864 0.0467 -0.1579
vn 0.9568 0.0494 -0.2867
vn 0.9423 0.0501 -0.3309
vn 0.9366 0.0774 -0.3417
vn 0.9331 0.1040 -0.3443
vn 0.9281 0.1302 -0.3487
vn 0.9139 0.1802 -0.3637
vn 0.9047 0.2032 -0.3743
vn 0.8944 0.2249 -0.3866
vn 0.8703 0.2632 -0.4163
vn 0.8568 0.2793 -0.4335
vn 0.8426 0.2931 -0.4518
vn 0.8121 0.3138 -0.4919
vn 0.7966 0.3204 -0.5126
vn 0.7807 0.3243 -0.5341
vn 0.7488 0.3244 -0.5780
vn 0.7333 0.3205 -0.5997
vn 0.7181 0.3139 -0.6212
vn 0.6896 0.2931 -0.6622
vn 0.6765 0.2793 -0.6814
vn 0.6645 0.2631 -0.6994
vn 0.6437 0.2250 -0.7314
vn 0.6350 0.2033 -0.7453
vn 0.6278 0.1802 -0.7572
vn 0.6179 0.1302 -0.7754
vn 0.6148 0.1040 -0.7818
vn 0.6138 0.0774 -0.7857
vn 0.6162 0.0232 -0.7873
vn 0.6197 -0.0034 -0.7848
vn 0.6246 -0.0295 -0.7804
vn 0.6389 -0.0796 -0.7652
vn 0.6479 -0.1027 -0.7548
vn 0.6583 -0.1243 -0.7424
vn 0.6825 -0.1625 -0.7126
vn 0.6960 -0.1787 -0.6954
vn 0.7102 -0.1926 -0.6771
vn 0.7403 -0.2132 -0.6376
vn 0.7562 -0.2197 -0.6164
vn 0.7721 -0.2238 -0.5948
vn 0.8041 -0.2236 -0.5509
vn 0.8195 -0.2198 -0.5293
vn 0.8345 -0.2133 -0.5081
vn 0.8631 -0.1924 -0.4669
vn 0.8762 -0.1786 -0.4476
vn 0.8882 -0.1625 -0.4298
vn 0.9092 -0.1243 -0.3973
vn 0.9177 -0.1026 -0.3839
vn 0.9248 -0.0795 -0.3720
vn 0.9350 -0.0296 -0.3535
vn 0.9378 -0.0034 -0.3473
vn 0.9388 0.0232 -0.3436
vn 0.8078 0.0525 -0.5872
vn 0.8078 0.0522 -0.5871
vn 0.8076 0.0524 -0.5873
vn 0.8075 0.0523 -0.5876
vn 0.8075 0.0524 -0.5875
vn 0.8077 0.0525 -0.5873
vn 0.8079 0.0522 -0.5870
vn 0.8075 0.0525 -0.5875
vn 0.9822 -0.1647 -0.0905
vn 0.9009 -0.0231 -0.4335
vn 0.8298 0.0367 -0.5569
vn 0.9199 -0.3419 -0.1920
vn 0.8790 -0.0863 -0.4689
vn 0.8253 0.0235 -0.5642
vn 0.8209 -0.4599 -0.3385
vn 0.8437 -0.1288 -0.5211
vn 0.8177 0.0145 -0.5754
vn 0.6998 -0.5015 -0.5087
vn 0.8004 -0.1430 -0.5822
vn 0.8087 0.0116 -0.5881
vn 0.5751 -0.4596 -0.6768
vn 0.7559 -0.1285 -0.6419
vn 0.7993 0.0145 -0.6008
vn 0.4662 -0.3422 -0.8158
vn 0.7173 -0.0864 -0.6914
vn 0.7914 0.0235 -0.6108
vn 0.3889 -0.1649 -0.9064
vn 0.6891 -0.0231 -0.7243
vn 0.7855 0.0367 -0.6178
vn 0.3559 0.0439 -0.9335
vn 0.6773 0.0513 -0.7339
vn 0.7825 0.0522 -0.6205
vn 0.3722 0.2529 -0.8930
vn 0.6838 0.1260 -0.7187
vn 0.7839 0.0679 -0.6171
vn 0.4334 0.4296 -0.7922
vn 0.7055 0.1892 -0.6830
vn 0.7889 0.0811 -0.6091
vn 0.5326 0.5473 -0.6456
vn 0.7409 0.2312 -0.6306
vn 0.7963 0.0902 -0.5982
vn 0.6535 0.5892 -0.4752
vn 0.7838 0.2460 -0.5702
vn 0.8053 0.0930 -0.5856
vn 0.7782 0.5475 -0.3076
vn 0.8285 0.2310 -0.5102
vn 0.8145 0.0900 -0.5732
vn 0.8874 0.4295 -0.1674
vn 0.8672 0.1889 -0.4608
vn 0.8225 0.0810 -0.5630
vn 0.9645 0.2526 -0.0764
vn 0.8945 0.1260 -0.4289
vn 0.8286 0.0679 -0.5557
vn 0.8098 0.0534 -0.5842
vn 0.8098 0.0530 -0.5844
vn 0.8100 0.0527 -0.5841
vn 0.8092 0.0545 -0.5850
vn 0.8092 0.0542 -0.5850
vn 0.8094 0.0540 -0.5848
vn 0.8085 0.0555 -0.5859
vn 0.8088 0.0552 -0.5855
vn 0.8089 0.0551 -0.5853
vn 0.8078 0.0557 -0.5868
vn 0.8081 0.0557 -0.5864
vn 0.8082 0.0557 -0.5863
vn 0.8069 0.0557 -0.5881
vn 0.8070 0.0558 -0.5879
vn 0.8073 0.0557 -0.5875
vn 0.8062 0.0551 -0.5890
vn 0.8064 0.0555 -0.5888
vn 0.8066 0.0553 -0.5885
vn 0.8059 0.0540 -0.5896
vn 0.8059 0.0543 -0.5895
vn 0.8061 0.0545 -0.5892
vn 0.8056 0.0528 -0.5901
vn 0.8057 0.0531 -0.5899
vn 0.8059 0.0534 -0.5896
vn 0.8057 0.0512 -0.5901
vn 0.8055 0.0517 -0.5904
vn 0.8057 0.0520 -0.5900
vn 0.8062 0.0502 -0.5896
vn 0.8060 0.0504 -0.5898
vn 0.8057 0.0507 -0.5902
vn 0.8068 0.0493 -0.5888
vn 0.8067 0.0494 -0.5889
vn 0.8063 0.0496 -0.5894
vn 0.8077 0.0489 -0.5876
vn 0.8074 0.0489 -0.5880
vn 0.8071 0.0489 -0.5884
vn 0.8086 0.0489 -0.5863
vn 0.8083 0.0488 -0.5867
vn 0.8081 0.0488 -0.5870
vn 0.8090 0.0496 -0.5857
vn 0.8090 0.0493 -0.5857
vn 0.8089 0.0492 -0.5859
vn 0.8094 0.0507 -0.5851
vn 0.8095 0.0503 -0.5849
vn 0.8095 0.0501 -0.5850
vn 0.8098 0.0520 -0.5844
vn 0.8096 0.0516 -0.5847
vn 0.8097 0.0513 -0.5847
vn 0.0204 0.9995 0.0229
vn 0.0984 0.9890 0.1105
vn 0.2996 0.8927 0.3365
vn 0.0225 0.9995 0.0207
vn 0.1090 0.9889 0.1007
vn 0.3307 0.8929 0.3056
vn 0.0243 0.9995 0.0184
vn 0.1180 0.9890 0.0894
vn 0.3591 0.8928 0.2718
vn 0.0276 0.9995 0.0134
vn 0.1332 0.9890 0.0644
vn 0.4053 0.8929 0.1962
vn 0.0287 0.9995 0.0106
vn 0.1391 0.9889 0.0513
vn 0.4225 0.8929 0.1557
vn 0.0295 0.9995 0.0077
vn 0.1431 0.9890 0.0374
vn 0.4356 0.8929 0.1137
vn 0.0306 0.9995 0.0018
vn 0.1478 0.9890 0.0086
vn 0.4496 0.8929 0.0262
vn 0.0306 0.9995 -0.0012
vn 0.1483 0.9889 -0.0059
vn 0.4501 0.8928 -0.0179
vn 0.0303 0.9995 -0.0041
vn 0.1466 0.9890 -0.0202
vn 0.4462 0.8928 -0.0616
vn 0.0290 0.9995 -0.0101
vn 0.1398 0.9890 -0.0486
vn 0.4252 0.8930 -0.1478
vn 0.0278 0.9995 -0.0129
vn 0.1346 0.9889 -0.0621
vn 0.4089 0.8929 -0.1887
vn 0.0264 0.9995 -0.0154
vn 0.1278 0.9890 -0.0748
vn 0.3886 0.8928 -0.2277
vn 0.0229 0.9995 -0.0204
vn 0.1105 0.9890 -0.0984
vn 0.3364 0.8928 -0.2994
vn 0.0207 0.9995 -0.0225
vn 0.1006 0.9890 -0.1088
vn 0.3058 0.8927 -0.3310
vn 0.0185 0.9995 -0.0243
vn 0.0893 0.9890 -0.1180
vn 0.2718 0.8928 -0.3591
vn 0.0134 0.9995 -0.0276
vn 0.0645 0.9890 -0.1332
vn 0.1961 0.8929 -0.4053
vn 0.0105 0.9995 -0.0287
vn 0.0513 0.9889 -0.1391
vn 0.1557 0.8930 -0.4223
vn 0.0077 0.9995 -0.0295
vn 0.0374 0.9890 -0.1433
vn 0.1139 0.8926 -0.4363
vn 0.0018 0.9995 -0.0306
vn 0.0086 0.9890 -0.1478
vn 0.0261 0.8929 -0.4495
vn -0.0012 0.9995 -0.0306
vn -0.0059 0.9889 -0.1482
vn -0.0179 0.8928 -0.4501
vn -0.0042 0.9995 -0.0302
vn -0.0202 0.9890 -0.1466
vn -0.0617 0.8928 -0.4462
vn -0.0100 0.9995 -0.0290
vn -0.0486 0.9890 -0.1398
vn -0.1478 0.8930 -0.4251
vn -0.0129 0.9995 -0.0278
vn -0.0622 0.9889 -0.1346
vn -0.1889 0.8926 -0.4094
vn -0.0154 0.9995 -0.0264
vn -0.0748 0.9890 -0.1277
vn -0.2277 0.8928 -0.3887
vn -0.0204 0.9995 -0.0229
vn -0.0984 0.9890 -0.1106
vn -0.2995 0.8928 -0.3365
vn -0.0225 0.9995 -0.0208
vn -0.1089 0.9889 -0.1006
vn -0.3310 0.8927 -0.3057
vn -0.0243 0.9995 -0.0184
vn -0.1180 0.9890 -0.0893
vn -0.3591 0.8928 -0.2719
vn -0.0276 0.9995 -0.0134
vn -0.1332 0.9890 -0.0644
vn -0.4052 0.8929 -0.1962
vn -0.0287 0.9995 -0.0106
vn -0.1392 0.9889 -0.0513
vn -0.4226 0.8929 -0.1557
vn -0.0295 0.9995 -0.0077
vn -0.1433 0.9890 -0.0374
vn -0.4357 0.8929 -0.1138
vn -0.0306 0.9995 -0.0018
vn -0.1478 0.9890 -0.0086
vn -0.4496 0.8929 -0.0260
vn -0.0306 0.9995 0.0012
vn -0.1482 0.9889 0.0059
vn -0.4501 0.8928 0.0177
vn -0.0303 0.9995 0.0042
vn -0.1466 0.9890 0.0202
vn -0.4462 0.8928 0.0617
vn -0.0290 0.9995 0.0101
vn -0.1398 0.9890 0.0486
vn -0.4252 0.8930 0.1477
vn -0.0278 0.9995 0.0129
vn -0.1346 0.9889 0.0622
vn -0.4089 0.8928 0.1889
vn -0.0264 0.9995 0.0154
vn -0.1277 0.9890 0.0748
vn -0.3885 0.8929 0.2277
vn -0.0229 0.9995 0.0204
vn -0.1106 0.9890 0.0984
vn -0.3362 0.8930 0.2992
vn -0.0207 0.9995 0.0225
vn -0.1006 0.9889 0.1090
vn -0.3056 0.8929 0.3308
vn -0.0185 0.9995 0.0243
vn -0.0894 0.9890 0.1180
vn -0.2719 0.8928 0.3591
vn -0.0134 0.9995 0.0276
vn -0.0645 0.9890 0.1333
vn -0.1962 0.8929 0.4052
vn -0.0106 0.9995 0.0287
vn -0.0513 0.9890 0.1391
vn -0.1558 0.8928 0.4227
vn -0.0077 0.9995 0.0295
vn -0.0374 0.9890 0.1433
vn -0.1138 0.8928 0.4359
vn -0.0018 0.9995 0.0306
vn -0.0086 0.9890 0.1477
vn -0.0262 0.8929 0.4494
vn 0.0012 0.9995 0.0306
vn 0.0059 0.9889 0.1482
vn 0.0179 0.8928 0.4501
vn 0.0042 0.9995 0.0303
vn 0.0203 0.9890 0.1466
vn 0.0617 0.8928 0.4463
vn 0.0101 0.9995 0.0290
vn 0.0486 0.9890 0.1398
vn 0.1479 0.8928 0.4254
vn 0.0129 0.9995 0.0278
vn 0.0622 0.9889 0.1346
vn 0.1888 0.8928 0.4091
vn 0.0154 0.9995 0.0264
vn 0.0748 0.9890 0.1277
vn 0.2278 0.8927 0.3887
vn 0.6463 0.2342 0.7262
vn 0.6636 0.0609 0.7456
vn 0.6647 0.0112 0.7470
vn 0.7141 0.2342 0.6597
vn 0.7332 0.0610 0.6773
vn 0.7346 0.0113 0.6785
vn 0.7752 0.2343 0.5867
vn 0.7959 0.0610 0.6024
vn 0.7973 0.0112 0.6035
vn 0.8749 0.2344 0.4238
vn 0.8984 0.0610 0.4350
vn 0.9000 0.0112 0.4358
vn 0.9122 0.2343 0.3361
vn 0.9365 0.0609 0.3452
vn 0.9382 0.0112 0.3458
vn 0.9408 0.2341 0.2453
vn 0.9658 0.0610 0.2520
vn 0.9675 0.0112 0.2526
vn 0.9706 0.2342 0.0565
vn 0.9965 0.0610 0.0579
vn 0.9982 0.0112 0.0581
vn 0.9714 0.2342 -0.0384
vn 0.9974 0.0609 -0.0395
vn 0.9992 0.0113 -0.0396
vn 0.9630 0.2342 -0.1331
vn 0.9887 0.0609 -0.1367
vn 0.9905 0.0112 -0.1371
vn 0.9183 0.2343 -0.3193
vn 0.9428 0.0609 -0.3277
vn 0.9445 0.0112 -0.3282
vn 0.8827 0.2341 -0.4075
vn 0.9063 0.0609 -0.4183
vn 0.9080 0.0113 -0.4189
vn 0.8387 0.2343 -0.4916
vn 0.8611 0.0608 -0.5047
vn 0.8627 0.0113 -0.5056
vn 0.7262 0.2345 -0.6463
vn 0.7456 0.0608 -0.6636
vn 0.7470 0.0113 -0.6647
vn 0.6597 0.2342 -0.7141
vn 0.6772 0.0609 -0.7333
vn 0.6784 0.0113 -0.7346
vn 0.5868 0.2341 -0.7752
vn 0.6025 0.0609 -0.7958
vn 0.6035 0.0113 -0.7973
vn 0.4237 0.2343 -0.8750
vn 0.4350 0.0608 -0.8984
vn 0.4358 0.0112 -0.9000
vn 0.3361 0.2344 -0.9122
vn 0.3451 0.0609 -0.9366
vn 0.3457 0.0113 -0.9383
vn 0.2455 0.2343 -0.9407
vn 0.2520 0.0609 -0.9658
vn 0.2524 0.0112 -0.9676
vn 0.0566 0.2343 -0.9705
vn 0.0581 0.0609 -0.9964
vn 0.0582 0.0113 -0.9982
vn -0.0385 0.2342 -0.9714
vn -0.0396 0.0609 -0.9974
vn -0.0396 0.0112 -0.9992
vn -0.1333 0.2344 -0.9630
vn -0.1369 0.0610 -0.9887
vn -0.1371 0.0113 -0.9905
vn -0.3192 0.2343 -0.9183
vn -0.3277 0.0608 -0.9428
vn -0.3282 0.0112 -0.9445
vn -0.4073 0.2345 -0.8827
vn -0.4183 0.0609 -0.9063
vn -0.4190 0.0112 -0.9079
vn -0.4916 0.2343 -0.8387
vn -0.5048 0.0608 -0.8611
vn -0.5057 0.0112 -0.8627
vn -0.6463 0.2341 -0.7263
vn -0.6635 0.0608 -0.7457
vn -0.6647 0.0112 -0.7470
vn -0.7142 0.2343 -0.6596
vn -0.7334 0.0609 -0.6771
vn -0.7346 0.0113 -0.6784
vn -0.7752 0.2342 -0.5867
vn -0.7958 0.0610 -0.6024
vn -0.7973 0.0113 -0.6035
vn -0.8749 0.2343 -0.4238
vn -0.8984 0.0610 -0.4349
vn -0.9000 0.0112 -0.4357
vn -0.9122 0.2343 -0.3361
vn -0.9366 0.0609 -0.3451
vn -0.9383 0.0112 -0.3456
vn -0.9407 0.2341 -0.2454
vn -0.9658 0.0609 -0.2520
vn -0.9675 0.0113 -0.2525
vn -0.9705 0.2342 -0.0567
vn -0.9964 0.0610 -0.0581
vn -0.9982 0.0112 -0.0582
vn -0.9714 0.2342 0.0386
vn -0.9974 0.0609 0.0395
vn -0.9992 0.0113 0.0396
vn -0.9630 0.2342 0.1331
vn -0.9887 0.0608 0.1367
vn -0.9905 0.0113 0.1371
vn -0.9183 0.2342 0.3192
vn -0.9428 0.0610 0.3277
vn -0.9445 0.0112 0.3283
vn -0.8828 0.2340 0.4074
vn -0.9063 0.0610 0.4182
vn -0.9079 0.0113 0.4190
vn -0.8388 0.2343 0.4915
vn -0.8611 0.0608 0.5048
vn -0.8627 0.0113 0.5056
vn -0.7263 0.2340 0.6464
vn -0.7456 0.0608 0.6636
vn -0.7469 0.0113 0.6648
vn -0.6597 0.2341 0.7141
vn -0.6772 0.0609 0.7333
vn -0.6784 0.0113 0.7346
vn -0.5868 0.2342 0.7752
vn -0.6025 0.0609 0.7958
vn -0.6035 0.0113 0.7973
vn -0.4237 0.2344 0.8750
vn -0.4350 0.0611 0.8983
vn -0.4358 0.0112 0.9000
vn -0.3362 0.2343 0.9122
vn -0.3452 0.0610 0.9366
vn -0.3457 0.0112 0.9383
vn -0.2454 0.2344 0.9407
vn -0.2520 0.0609 0.9658
vn -0.2524 0.0112 0.9676
vn -0.0566 0.2340 0.9706
vn -0.0581 0.0608 0.9965
vn -0.0582 0.0113 0.9982
vn 0.0385 0.2343 0.9714
vn 0.0395 0.0609 0.9974
vn 0.0396 0.0113 0.9992
vn 0.1332 0.2343 0.9630
vn 0.1368 0.0610 0.9887
vn 0.1371 0.0113 0.9905
vn 0.3191 0.2342 0.9183
vn 0.3276 0.0608 0.9428
vn 0.3282 0.0112 0.9445
vn 0.4073 0.2344 0.8827
vn 0.4182 0.0610 0.9063
vn 0.4189 0.0113 0.9080
vn 0.4916 0.2344 0.8387
vn 0.5048 0.0608 0.8611
vn 0.5057 0.0113 0.8626
vn -0.2090 0.9493 -0.2348
vn -0.6401 0.2691 -0.7196
vn -0.6418 0.2607 -0.7212
vn -0.2307 0.9494 -0.2130
vn -0.7074 0.2692 -0.6536
vn -0.7091 0.2607 -0.6551
vn -0.2506 0.9493 -0.1900
vn -0.7679 0.2691 -0.5813
vn -0.7698 0.2607 -0.5826
vn -0.2830 0.9493 -0.1371
vn -0.8668 0.2691 -0.4198
vn -0.8689 0.2607 -0.4208
vn -0.2947 0.9494 -0.1085
vn -0.9037 0.2691 -0.3330
vn -0.9059 0.2607 -0.3337
vn -0.3046 0.9492 -0.0793
vn -0.9319 0.2691 -0.2432
vn -0.9341 0.2607 -0.2438
vn -0.3138 0.9493 -0.0185
vn -0.9614 0.2692 -0.0561
vn -0.9638 0.2607 -0.0563
vn -0.3138 0.9494 0.0124
vn -0.9623 0.2691 0.0385
vn -0.9647 0.2606 0.0383
vn -0.3112 0.9494 0.0432
vn -0.9540 0.2692 0.1321
vn -0.9563 0.2606 0.1324
vn -0.2971 0.9493 0.1033
vn -0.9097 0.2691 0.3162
vn -0.9119 0.2607 0.3169
vn -0.2850 0.9495 0.1315
vn -0.8745 0.2692 0.4035
vn -0.8766 0.2607 0.4046
vn -0.2712 0.9493 0.1590
vn -0.8309 0.2692 0.4870
vn -0.8329 0.2607 0.4882
vn -0.2349 0.9493 0.2091
vn -0.7195 0.2691 0.6403
vn -0.7213 0.2606 0.6417
vn -0.2132 0.9494 0.2308
vn -0.6535 0.2692 0.7074
vn -0.6551 0.2607 0.7091
vn -0.1898 0.9493 0.2506
vn -0.5813 0.2692 0.7679
vn -0.5826 0.2607 0.7698
vn -0.1371 0.9493 0.2829
vn -0.4198 0.2691 0.8668
vn -0.4207 0.2606 0.8689
vn -0.1087 0.9493 0.2950
vn -0.3330 0.2691 0.9037
vn -0.3338 0.2607 0.9059
vn -0.0794 0.9493 0.3042
vn -0.2431 0.2691 0.9319
vn -0.2437 0.2606 0.9342
vn -0.0183 0.9494 0.3137
vn -0.0560 0.2692 0.9615
vn -0.0562 0.2607 0.9638
vn 0.0125 0.9493 0.3141
vn 0.0382 0.2692 0.9623
vn 0.0382 0.2607 0.9647
vn 0.0431 0.9492 0.3116
vn 0.1320 0.2692 0.9540
vn 0.1323 0.2607 0.9563
vn 0.1033 0.9492 0.2972
vn 0.3162 0.2691 0.9097
vn 0.3169 0.2607 0.9119
vn 0.1316 0.9493 0.2855
vn 0.4035 0.2691 0.8745
vn 0.4045 0.2606 0.8766
vn 0.1591 0.9492 0.2713
vn 0.4870 0.2692 0.8309
vn 0.4882 0.2607 0.8329
vn 0.2089 0.9493 0.2349
vn 0.6402 0.2691 0.7196
vn 0.6418 0.2607 0.7212
vn 0.2307 0.9494 0.2131
vn 0.7075 0.2692 0.6535
vn 0.7093 0.2607 0.6550
vn 0.2507 0.9493 0.1898
vn 0.7679 0.2691 0.5813
vn 0.7698 0.2607 0.5826
vn 0.2830 0.9493 0.1370
vn 0.8668 0.2691 0.4197
vn 0.8689 0.2607 0.4208
vn 0.2946 0.9494 0.1085
vn 0.9037 0.2692 0.3328
vn 0.9059 0.2607 0.3338
vn 0.3047 0.9491 0.0794
vn 0.9319 0.2691 0.2432
vn 0.9341 0.2607 0.2438
vn 0.3138 0.9493 0.0184
vn 0.9614 0.2693 0.0561
vn 0.9638 0.2607 0.0562
vn 0.3138 0.9494 -0.0127
vn 0.9623 0.2691 -0.0383
vn 0.9646 0.2607 -0.0384
vn 0.3111 0.9494 -0.0431
vn 0.9540 0.2691 -0.1321
vn 0.9563 0.2608 -0.1321
vn 0.2972 0.9492 -0.1031
vn 0.9098 0.2691 -0.3161
vn 0.9119 0.2607 -0.3170
vn 0.2851 0.9495 -0.1314
vn 0.8745 0.2692 -0.4034
vn 0.8766 0.2607 -0.4045
vn 0.2711 0.9493 -0.1592
vn 0.8308 0.2691 -0.4871
vn 0.8329 0.2607 -0.4883
vn 0.2349 0.9493 -0.2090
vn 0.7195 0.2691 -0.6403
vn 0.7213 0.2607 -0.6417
vn 0.2130 0.9494 -0.2307
vn 0.6535 0.2691 -0.7075
vn 0.6551 0.2607 -0.7091
vn 0.1896 0.9494 -0.2504
vn 0.5813 0.2693 -0.7678
vn 0.5827 0.2607 -0.7698
vn 0.1371 0.9493 -0.2829
vn 0.4197 0.2691 -0.8668
vn 0.4207 0.2606 -0.8690
vn 0.1086 0.9494 -0.2948
vn 0.3330 0.2691 -0.9037
vn 0.3338 0.2606 -0.9059
vn 0.0793 0.9493 -0.3041
vn 0.2431 0.2692 -0.9319
vn 0.2437 0.2607 -0.9341
vn 0.0184 0.9493 -0.3138
vn 0.0561 0.2691 -0.9615
vn 0.0562 0.2607 -0.9638
vn -0.0124 0.9494 -0.3138
vn -0.0381 0.2691 -0.9624
vn -0.0382 0.2606 -0.9647
vn -0.0431 0.9493 -0.3114
vn -0.1320 0.2691 -0.9540
vn -0.1323 0.2607 -0.9563
vn -0.1032 0.9493 -0.2970
vn -0.3161 0.2691 -0.9097
vn -0.3169 0.2607 -0.9119
vn -0.1317 0.9493 -0.2853
vn -0.4036 0.2691 -0.8745
vn -0.4045 0.2606 -0.8766
vn -0.1590 0.9493 -0.2712
vn -0.4870 0.2691 -0.8309
vn -0.4882 0.2606 -0.8329
vn 0.3283 0.0049 0.9446
vn 0.3283 0.0171 0.9444
vn 0.3278 0.0537 0.9432
vn 0.4190 0.0048 0.9080
vn 0.4188 0.0171 0.9079
vn 0.4183 0.0536 0.9067
vn 0.5056 0.0048 0.8627
vn 0.5056 0.0171 0.8626
vn 0.5050 0.0536 0.8614
vn -0.0582 0.0048 0.9983
vn -0.0582 0.0171 0.9982
vn -0.0581 0.0536 0.9969
vn 0.0396 0.0048 0.9992
vn 0.0396 0.0171 0.9991
vn 0.0396 0.0536 0.9978
vn 0.1371 0.0049 0.9905
vn 0.1371 0.0171 0.9904
vn 0.1369 0.0536 0.9891
vn -0.4359 0.0048 0.9000
vn -0.4358 0.0171 0.8999
vn -0.4351 0.0536 0.8988
vn -0.3458 0.0048 0.9383
vn -0.3457 0.0171 0.9382
vn -0.3452 0.0536 0.9370
vn -0.2524 0.0048 0.9676
vn -0.2524 0.0171 0.9675
vn -0.2521 0.0536 0.9662
vn -0.7470 0.0048 0.6648
vn -0.7470 0.0171 0.6646
vn -0.7459 0.0536 0.6639
vn -0.6785 0.0048 0.7346
vn -0.6784 0.0171 0.7345
vn -0.6775 0.0536 0.7335
vn -0.6035 0.0048 0.7973
vn -0.6034 0.0171 0.7972
vn -0.6027 0.0537 0.7962
vn -0.9446 0.0049 0.3282
vn -0.9444 0.0171 0.3283
vn -0.9432 0.0536 0.3279
vn -0.9080 0.0048 0.4189
vn -0.9078 0.0171 0.4190
vn -0.9067 0.0536 0.4184
vn -0.8627 0.0048 0.5058
vn -0.8626 0.0171 0.5056
vn -0.8615 0.0537 0.5049
vn -0.9983 0.0048 -0.0581
vn -0.9982 0.0171 -0.0581
vn -0.9969 0.0536 -0.0579
vn -0.9992 0.0049 0.0396
vn -0.9991 0.0171 0.0396
vn -0.9978 0.0537 0.0394
vn -0.9906 0.0049 0.1370
vn -0.9904 0.0171 0.1368
vn -0.9892 0.0537 0.1367
vn -0.9000 0.0049 -0.4359
vn -0.8999 0.0171 -0.4357
vn -0.8987 0.0536 -0.4352
vn -0.9383 0.0049 -0.3457
vn -0.9382 0.0171 -0.3456
vn -0.9369 0.0536 -0.3454
vn -0.9676 0.0048 -0.2524
vn -0.9675 0.0171 -0.2524
vn -0.9662 0.0536 -0.2521
vn -0.6648 0.0048 -0.7470
vn -0.6646 0.0171 -0.7470
vn -0.6638 0.0536 -0.7460
vn -0.7346 0.0048 -0.6785
vn -0.7345 0.0171 -0.6784
vn -0.7337 0.0536 -0.6774
vn -0.7974 0.0048 -0.6035
vn -0.7972 0.0171 -0.6035
vn -0.7963 0.0536 -0.6026
vn -0.3283 0.0048 -0.9446
vn -0.3282 0.0171 -0.9445
vn -0.3279 0.0537 -0.9432
vn -0.4189 0.0048 -0.9080
vn -0.4189 0.0171 -0.9079
vn -0.4185 0.0536 -0.9067
vn -0.5056 0.0048 -0.8627
vn -0.5056 0.0171 -0.8626
vn -0.5050 0.0536 -0.8614
vn 0.0582 0.0048 -0.9983
vn 0.0582 0.0171 -0.9982
vn 0.0581 0.0536 -0.9969
vn -0.0396 0.0048 -0.9992
vn -0.0396 0.0171 -0.9991
vn -0.0396 0.0536 -0.9978
vn -0.1370 0.0049 -0.9906
vn -0.1370 0.0171 -0.9904
vn -0.1369 0.0536 -0.9891
vn 0.4358 0.0048 -0.9000
vn 0.4358 0.0171 -0.8999
vn 0.4352 0.0536 -0.8987
vn 0.3458 0.0048 -0.9383
vn 0.3457 0.0171 -0.9382
vn 0.3453 0.0536 -0.9370
vn 0.2524 0.0049 -0.9676
vn 0.2524 0.0171 -0.9675
vn 0.2521 0.0536 -0.9662
vn 0.7471 0.0049 -0.6647
vn 0.7469 0.0171 -0.6647
vn 0.7459 0.0536 -0.6639
vn 0.6785 0.0049 -0.7346
vn 0.6784 0.0171 -0.7345
vn 0.6776 0.0537 -0.7335
vn 0.6035 0.0048 -0.7973
vn 0.6034 0.0171 -0.7973
vn 0.6027 0.0536 -0.7962
vn 0.9446 0.0049 -0.3282
vn 0.9444 0.0171 -0.3283
vn 0.9432 0.0536 -0.3278
vn 0.9080 0.0048 -0.4190
vn 0.9079 0.0171 -0.4189
vn 0.9066 0.0536 -0.4185
vn 0.8627 0.0048 -0.5057
vn 0.8627 0.0171 -0.5055
vn 0.8614 0.0536 -0.5051
vn 0.9983 0.0048 0.0581
vn 0.9982 0.0171 0.0583
vn 0.9969 0.0536 0.0582
vn 0.9992 0.0048 -0.0398
vn 0.9991 0.0171 -0.0395
vn 0.9978 0.0537 -0.0395
vn 0.9906 0.0048 -0.1370
vn 0.9904 0.0171 -0.1369
vn 0.9891 0.0537 -0.1368
vn 0.9000 0.0048 0.4360
vn 0.8999 0.0171 0.4358
vn 0.8987 0.0537 0.4353
vn 0.9383 0.0049 0.3457
vn 0.9381 0.0171 0.3458
vn 0.9369 0.0536 0.3455
vn 0.9677 0.0048 0.2522
vn 0.9675 0.0171 0.2522
vn 0.9662 0.0536 0.2520
vn 0.6648 0.0048 0.7470
vn 0.6646 0.0171 0.7470
vn 0.6638 0.0536 0.7460
vn 0.7346 0.0048 0.6785
vn 0.7344 0.0171 0.6785
vn 0.7335 0.0536 0.6776
vn 0.7973 0.0048 0.6035
vn 0.7973 0.0171 0.6034
vn 0.7963 0.0537 0.6025
vn 0.0003 1.0000 0.0005
vn -0.0000 1.0000 0.0006
vn -0.0003 1.0000 0.0001
vn 0.0002 1.0000 0.0002
vn 0.0003 1.0000 0.0001
vn -0.0002 1.0000 0.0006
vn -0.0004 1.0000 0.0004
vn -0.0003 1.0000 -0.0001
vn 0.0001 1.0000 0.0003
vn -0.0005 1.0000 0.0003
vn -0.0000 1.0000 0.0003
vn -0.0006 1.0000 -0.0000
vn -0.0001 1.0000 -0.0003
vn -0.0001 1.0000 0.0003
vn -0.0006 1.0000 -0.0002
vn -0.0000 1.0000 -0.0003
vn -0.0001 1.0000 -0.0002
vn -0.0004 1.0000 -0.0004
vn -0.0003 1.0000 -0.0005
vn -0.0000 1.0000 -0.0006
vn 0.0002 1.0000 -0.0002
vn 0.0002 1.0000 -0.0006
vn 0.0004 1.0000 -0.0004
vn 0.0005 1.0000 -0.0003
vn 0.0006 1.0000 -0.0000
vn 0.0006 1.0000 0.0002
vn 0.0004 1.0000 0.0004
vn 0.0003 1.0000 -0.0001
vn 0.8311 0.0483 -0.5541
vn 0.9072 0.0322 -0.4194
vn 0.9986 -0.0098 -0.0529
vn 0.8305 0.0443 -0.5552
vn 0.9066 0.0132 -0.4218
vn 0.9962 -0.0625 -0.0602
vn 0.8306 0.0404 -0.5553
vn 0.9043 -0.0050 -0.4269
vn 0.9906 -0.1142 -0.0750
vn -0.8017 -0.0543 0.5953
vn -0.8062 -0.0528 0.5893
vn -0.8037 -0.0562 0.5924
vn -0.7960 -0.0613 0.6022
vn -0.7941 -0.0568 0.6051
vn -0.7953 -0.0513 0.6040
vn -0.8033 -0.0512 0.5934
vn 0.4056 -0.1054 0.9080
vn -0.1355 -0.1025 0.9855
vn -0.6322 -0.0708 0.7716
vn 0.4075 -0.2015 0.8907
vn -0.1251 -0.1780 0.9760
vn -0.6256 -0.1017 0.7735
vn 0.3912 -0.2953 0.8716
vn -0.1463 -0.2490 0.9574
vn -0.6366 -0.1284 0.7604
vn 0.8288 0.0330 -0.5586
vn 0.8968 -0.0404 -0.4406
vn 0.9708 -0.2132 -0.1099
vn 0.8283 0.0296 -0.5596
vn 0.8922 -0.0569 -0.4481
vn 0.9563 -0.2588 -0.1360
vn 0.8267 0.0265 -0.5621
vn 0.8861 -0.0720 -0.4579
vn 0.9396 -0.3018 -0.1614
vn -0.8024 -0.0580 0.5939
vn -0.8064 -0.0538 0.5889
vn -0.8048 -0.0584 0.5906
vn -0.7986 -0.0678 0.5980
vn -0.7957 -0.0650 0.6021
vn -0.7956 -0.0593 0.6029
vn -0.8033 -0.0542 0.5932
vn 0.3563 -0.4701 0.8075
vn -0.1710 -0.3717 0.9125
vn -0.6440 -0.1656 0.7469
vn 0.3364 -0.5538 0.7617
vn -0.1784 -0.4407 0.8798
vn -0.6448 -0.1963 0.7388
vn 0.2997 -0.6314 0.7152
vn -0.2147 -0.4963 0.8412
vn -0.6611 -0.2145 0.7190
vn 0.8237 0.0206 -0.5667
vn 0.8718 -0.0993 -0.4797
vn 0.8984 -0.3775 -0.2246
vn 0.8215 0.0185 -0.5699
vn 0.8624 -0.1106 -0.4940
vn 0.8742 -0.4093 -0.2611
vn 0.8199 0.0163 -0.5722
vn 0.8537 -0.1202 -0.5067
vn 0.8486 -0.4369 -0.2984
vn -0.8040 -0.0609 0.5915
vn -0.8067 -0.0545 0.5884
vn -0.8063 -0.0597 0.5884
vn -0.8025 -0.0720 0.5923
vn -0.7992 -0.0713 0.5968
vn -0.7979 -0.0664 0.5992
vn -0.8039 -0.0568 0.5920
vn 0.2266 -0.7648 0.6030
vn -0.2659 -0.5898 0.7625
vn -0.6769 -0.2430 0.6948
vn 0.1889 -0.8234 0.5351
vn -0.2882 -0.6416 0.7109
vn -0.6843 -0.2686 0.6780
vn 0.1362 -0.8725 0.4692
vn -0.3357 -0.6729 0.6592
vn -0.7042 -0.2756 0.6544
vn 0.8155 0.0133 -0.5785
vn 0.8331 -0.1347 -0.5364
vn 0.7918 -0.4784 -0.3797
vn 0.8135 0.0123 -0.5814
vn 0.8227 -0.1396 -0.5511
vn 0.7622 -0.4905 -0.4224
vn 0.8111 0.0118 -0.5848
vn 0.8117 -0.1422 -0.5664
vn 0.7314 -0.4984 -0.4655
vn -0.8060 -0.0624 0.5887
vn -0.8073 -0.0549 0.5876
vn -0.8080 -0.0598 0.5861
vn -0.8071 -0.0732 0.5858
vn -0.8039 -0.0747 0.5901
vn -0.8015 -0.0712 0.5938
vn -0.8051 -0.0588 0.5902
vn 0.0367 -0.9448 0.3257
vn -0.4055 -0.7236 0.5586
vn -0.7255 -0.2911 0.6237
vn -0.0124 -0.9694 0.2452
vn -0.4383 -0.7504 0.4948
vn -0.7383 -0.3078 0.6001
vn -0.0738 -0.9826 0.1705
vn -0.4907 -0.7527 0.4388
vn -0.7589 -0.3025 0.5767
vn 0.8064 0.0117 -0.5912
vn 0.7892 -0.1422 -0.5974
vn 0.6681 -0.4985 -0.5524
vn 0.8039 0.0123 -0.5946
vn 0.7779 -0.1396 -0.6127
vn 0.6367 -0.4904 -0.5951
vn 0.8018 0.0135 -0.5974
vn 0.7670 -0.1349 -0.6274
vn 0.6055 -0.4780 -0.6363
vn -0.8084 -0.0624 0.5853
vn -0.8079 -0.0549 0.5867
vn -0.8098 -0.0588 0.5838
vn -0.8120 -0.0712 0.5794
vn -0.8092 -0.0747 0.5828
vn -0.8060 -0.0732 0.5873
vn -0.8067 -0.0598 0.5879
vn -0.1849 -0.9826 0.0176
vn -0.5687 -0.7528 0.3316
vn -0.7827 -0.3025 0.5440
vn -0.2369 -0.9694 -0.0639
vn -0.6057 -0.7505 0.2644
vn -0.7986 -0.3077 0.5173
vn -0.2985 -0.9448 -0.1353
vn -0.6565 -0.7235 0.2136
vn -0.8170 -0.2910 0.4978
vn 0.7971 0.0164 -0.6037
vn 0.7455 -0.1204 -0.6555
vn 0.5460 -0.4369 -0.7149
vn 0.7953 0.0183 -0.6060
vn 0.7354 -0.1102 -0.6686
vn 0.5174 -0.4092 -0.7516
vn 0.7928 0.0207 -0.6092
vn 0.7254 -0.0992 -0.6811
vn 0.4910 -0.3778 -0.7850
vn -0.8107 -0.0609 0.5823
vn -0.8084 -0.0545 0.5861
vn -0.8111 -0.0568 0.5822
vn -0.8160 -0.0664 0.5742
vn -0.8141 -0.0713 0.5763
vn -0.8108 -0.0720 0.5808
vn -0.8084 -0.0596 0.5856
vn -0.4043 -0.8726 -0.2743
vn -0.7306 -0.6729 0.1159
vn -0.8396 -0.2756 0.4680
vn -0.4506 -0.8235 -0.3447
vn -0.7650 -0.6417 0.0549
vn -0.8559 -0.2686 0.4419
vn -0.5038 -0.7649 -0.4014
vn -0.8073 -0.5898 0.0178
vn -0.8697 -0.2430 0.4296
vn 0.7893 0.0264 -0.6134
vn 0.7086 -0.0720 -0.7019
vn 0.4430 -0.3017 -0.8442
vn 0.7881 0.0296 -0.6149
vn 0.7021 -0.0567 -0.7098
vn 0.4235 -0.2595 -0.8679
vn 0.7866 0.0331 -0.6166
vn 0.6953 -0.0405 -0.7176
vn 0.4047 -0.2130 -0.8893
vn -0.8124 -0.0581 0.5802
vn -0.8089 -0.0538 0.5854
vn -0.8119 -0.0542 0.5813
vn -0.8188 -0.0594 0.5710
vn -0.8182 -0.0650 0.5713
vn -0.8151 -0.0678 0.5753
vn -0.8101 -0.0584 0.5834
vn -0.5881 -0.6312 -0.5057
vn -0.8665 -0.4960 -0.0556
vn -0.8877 -0.2145 0.4074
vn -0.6209 -0.5539 -0.5547
vn -0.8918 -0.4407 -0.1019
vn -0.9016 -0.1963 0.3854
vn -0.6583 -0.4700 -0.5880
vn -0.9207 -0.3717 -0.1191
vn -0.9090 -0.1656 0.3826
vn 0.7843 0.0404 -0.6191
vn 0.6847 -0.0051 -0.7288
vn 0.3763 -0.1144 -0.9194
vn 0.7838 0.0443 -0.6194
vn 0.6814 0.0133 -0.7318
vn 0.3661 -0.0624 -0.9285
vn 0.7835 0.0482 -0.6195
vn 0.6794 0.0322 -0.7331
vn 0.3600 -0.0098 -0.9329
vn -0.8135 -0.0543 0.5791
vn -0.8092 -0.0528 0.5852
vn -0.8121 -0.0513 0.5812
vn -0.8198 -0.0513 0.5703
vn -0.8205 -0.0568 0.5688
vn -0.8183 -0.0613 0.5715
vn -0.8113 -0.0562 0.5819
vn -0.7083 -0.2956 -0.6410
vn -0.9558 -0.2493 -0.1561
vn -0.9197 -0.1284 0.3710
vn -0.7219 -0.2014 -0.6621
vn -0.9671 -0.1779 -0.1818
vn -0.9288 -0.1017 0.3564
vn -0.7389 -0.1055 -0.6656
vn -0.9793 -0.1026 -0.1747
vn -0.9289 -0.0709 0.3636
vn 0.7830 0.0563 -0.6195
vn 0.6776 0.0705 -0.7320
vn 0.3552 0.0974 -0.9297
vn 0.7832 0.0603 -0.6189
vn 0.6785 0.0894 -0.7292
vn 0.3579 0.1502 -0.9216
vn 0.7836 0.0641 -0.6180
vn 0.6798 0.1077 -0.7254
vn 0.3626 0.2015 -0.9099
vn -0.8136 -0.0503 0.5792
vn -0.8093 -0.0518 0.5852
vn -0.8116 -0.0484 0.5822
vn -0.8190 -0.0434 0.5722
vn -0.8208 -0.0479 0.5692
vn -0.8198 -0.0534 0.5702
vn -0.8120 -0.0534 0.5812
vn -0.7467 0.0834 -0.6599
vn -0.9848 0.0301 -0.1710
vn -0.9306 -0.0305 0.3648
vn -0.7380 0.1800 -0.6504
vn -0.9791 0.1064 -0.1736
vn -0.9332 0.0007 0.3593
vn -0.7326 0.2736 -0.6232
vn -0.9739 0.1767 -0.1427
vn -0.9263 0.0272 0.3757
vn 0.7853 0.0715 -0.6150
vn 0.6876 0.1432 -0.7119
vn 0.3832 0.3012 -0.8732
vn 0.7860 0.0749 -0.6136
vn 0.6920 0.1596 -0.7040
vn 0.3974 0.3472 -0.8494
vn 0.7871 0.0782 -0.6118
vn 0.6979 0.1749 -0.6945
vn 0.4138 0.3895 -0.8229
vn -0.8129 -0.0466 0.5806
vn -0.8091 -0.0509 0.5855
vn -0.8105 -0.0463 0.5838
vn -0.8165 -0.0368 0.5762
vn -0.8192 -0.0396 0.5721
vn -0.8194 -0.0453 0.5715
vn -0.8120 -0.0505 0.5814
vn -0.6972 0.4479 -0.5597
vn -0.9492 0.2991 -0.0981
vn -0.9188 0.0644 0.3895
vn -0.6669 0.5324 -0.5214
vn -0.9262 0.3691 -0.0770
vn -0.9140 0.0953 0.3943
vn -0.6407 0.6092 -0.4673
vn -0.9055 0.4235 -0.0267
vn -0.9016 0.1132 0.4175
vn 0.7903 0.0838 -0.6070
vn 0.7128 0.2022 -0.6716
vn 0.4548 0.4650 -0.7595
vn 0.7922 0.0863 -0.6042
vn 0.7216 0.2130 -0.6588
vn 0.4790 0.4974 -0.7233
vn 0.7941 0.0883 -0.6014
vn 0.7309 0.2230 -0.6450
vn 0.5049 0.5245 -0.6855
vn -0.8113 -0.0438 0.5829
vn -0.8086 -0.0501 0.5862
vn -0.8090 -0.0450 0.5861
vn -0.8126 -0.0327 0.5819
vn -0.8158 -0.0333 0.5774
vn -0.8172 -0.0383 0.5751
vn -0.8115 -0.0478 0.5824
vn -0.5677 0.7428 -0.3551
vn -0.8543 0.5172 0.0520
vn -0.8860 0.1416 0.4415
vn -0.5196 0.8020 -0.2946
vn -0.8164 0.5701 0.0924
vn -0.8744 0.1676 0.4554
vn -0.4772 0.8505 -0.2211
vn -0.7846 0.6003 0.1553
vn -0.8586 0.1743 0.4821
vn 0.7984 0.0913 -0.5952
vn 0.7512 0.2374 -0.6160
vn 0.5620 0.5650 -0.6041
vn 0.8005 0.0923 -0.5922
vn 0.7616 0.2425 -0.6010
vn 0.5919 0.5781 -0.5616
vn 0.8030 0.0931 -0.5887
vn 0.7728 0.2450 -0.5855
vn 0.6221 0.5862 -0.5190
vn -0.8093 -0.0422 0.5859
vn -0.8081 -0.0498 0.5870
vn -0.8073 -0.0449 0.5884
vn -0.8078 -0.0315 0.5886
vn -0.8109 -0.0300 0.5844
vn -0.8134 -0.0334 0.5807
vn -0.8103 -0.0459 0.5842
vn -0.3776 0.9227 -0.0779
vn -0.7146 0.6510 0.2559
vn -0.8374 0.1897 0.5126
vn -0.3183 0.9480 -0.0047
vn -0.6663 0.6789 0.3084
vn -0.8205 0.2068 0.5330
vn -0.2673 0.9605 0.0774
vn -0.6294 0.6802 0.3756
vn -0.8039 0.2013 0.5597
vn 0.8078 0.0930 -0.5821
vn 0.7953 0.2450 -0.5545
vn 0.6854 0.5863 -0.4317
vn 0.8100 0.0921 -0.5791
vn 0.8063 0.2422 -0.5396
vn 0.7167 0.5785 -0.3894
vn 0.8124 0.0911 -0.5759
vn 0.8175 0.2377 -0.5246
vn 0.7477 0.5654 -0.3483
vn -0.8069 -0.0423 0.5892
vn -0.8075 -0.0498 0.5878
vn -0.8056 -0.0459 0.5907
vn -0.8031 -0.0334 0.5949
vn -0.8059 -0.0299 0.5914
vn -0.8090 -0.0314 0.5869
vn -0.8087 -0.0449 0.5866
vn -0.1561 0.9605 0.2303
vn -0.5514 0.6802 0.4830
vn -0.7802 0.2012 0.5922
vn -0.0938 0.9480 0.3041
vn -0.4989 0.6789 0.5387
vn -0.7601 0.2067 0.6161
vn -0.0426 0.9226 0.3834
vn -0.4639 0.6510 0.6009
vn -0.7458 0.1897 0.6385
vn 0.8169 0.0883 -0.5699
vn 0.8393 0.2233 -0.4957
vn 0.8080 0.5243 -0.2688
vn 0.8189 0.0862 -0.5674
vn 0.8487 0.2133 -0.4840
vn 0.8358 0.4971 -0.2332
vn 0.8210 0.0840 -0.5647
vn 0.8588 0.2020 -0.4708
vn 0.8626 0.4653 -0.1986
vn -0.8047 -0.0438 0.5920
vn -0.8070 -0.0501 0.5885
vn -0.8043 -0.0479 0.5923
vn -0.7990 -0.0383 0.6001
vn -0.8008 -0.0333 0.5980
vn -0.8041 -0.0326 0.5936
vn -0.8070 -0.0450 0.5889
vn 0.0633 0.8504 0.5222
vn -0.3895 0.6004 0.6984
vn -0.7233 0.1744 0.6682
vn 0.1201 0.8021 0.5850
vn -0.3396 0.5700 0.7482
vn -0.7027 0.1676 0.6914
vn 0.1629 0.7427 0.6495
vn -0.3128 0.5172 0.7966
vn -0.6931 0.1416 0.7068
vn 0.8248 0.0783 -0.5600
vn 0.8758 0.1747 -0.4499
vn 0.9104 0.3893 -0.1398
vn 0.8260 0.0749 -0.5586
vn 0.8829 0.1596 -0.4416
vn 0.9309 0.3466 -0.1152
vn 0.8273 0.0715 -0.5572
vn 0.8892 0.1429 -0.4347
vn 0.9489 0.3007 -0.0962
vn -0.8028 -0.0466 0.5944
vn -0.8065 -0.0509 0.5890
vn -0.8034 -0.0505 0.5933
vn -0.7963 -0.0452 0.6032
vn -0.7969 -0.0396 0.6028
vn -0.8000 -0.0369 0.5989
vn -0.8053 -0.0463 0.5911
vn 0.2471 0.6093 0.7535
vn -0.2535 0.4235 0.8697
vn -0.6750 0.1132 0.7291
vn 0.2903 0.5324 0.7952
vn -0.2127 0.3691 0.9047
vn -0.6570 0.0953 0.7478
vn 0.3172 0.4478 0.8360
vn -0.1997 0.2990 0.9331
vn -0.6538 0.0644 0.7539
vn 0.8293 0.0640 -0.5551
vn 0.8998 0.1078 -0.4228
vn 0.9773 0.2020 -0.0642
vn 0.8304 0.0603 -0.5539
vn 0.9033 0.0893 -0.4195
vn 0.9871 0.1502 -0.0545
vn 0.8306 0.0564 -0.5540
vn 0.9051 0.0704 -0.4193
vn 0.9939 0.0974 -0.0515
vn -0.8017 -0.0503 0.5956
vn -0.8062 -0.0519 0.5893
vn -0.8032 -0.0535 0.5933
vn -0.7952 -0.0534 0.6040
vn -0.7946 -0.0479 0.6053
vn -0.7968 -0.0434 0.6027
vn -0.8041 -0.0484 0.5926
vn 0.3673 0.2735 0.8890
vn -0.1641 0.1767 0.9705
vn -0.6430 0.0271 0.7654
vn 0.3911 0.1799 0.9026
vn -0.1372 0.1064 0.9848
vn -0.6298 0.0007 0.7767
vn 0.3977 0.0834 0.9137
vn -0.1408 0.0300 0.9896
vn -0.6338 -0.0305 0.7729
vn 0.5905 0.2918 0.7524
vn 0.5671 0.2905 0.7707
vn 0.5557 0.2899 0.7792
vn 0.6084 0.1972 0.7688
vn 0.5851 0.1959 0.7870
vn 0.5738 0.1952 0.7954
vn 0.6210 0.1007 0.7773
vn 0.5976 0.0993 0.7956
vn 0.5862 0.0985 0.8041
vn 0.4680 0.6351 0.6146
vn 0.4445 0.6342 0.6327
vn 0.4331 0.6336 0.6410
vn 0.5055 0.5567 0.6592
vn 0.4820 0.5558 0.6773
vn 0.4707 0.5551 0.6858
vn 0.5386 0.4731 0.6972
vn 0.5151 0.4720 0.7154
vn 0.5038 0.4714 0.7239
vn 0.2804 0.8821 0.3785
vn 0.2567 0.8815 0.3963
vn 0.2452 0.8809 0.4048
vn 0.3317 0.8319 0.4449
vn 0.3082 0.8313 0.4626
vn 0.2967 0.8306 0.4712
vn 0.3804 0.7738 0.5066
vn 0.3568 0.7731 0.5244
vn 0.3455 0.7725 0.5329
vn 0.0563 0.9952 0.0805
vn 0.0324 0.9947 0.0980
vn 0.0208 0.9941 0.1064
vn 0.1138 0.9808 0.1582
vn 0.0899 0.9803 0.1758
vn 0.0784 0.9798 0.1842
vn 0.1705 0.9571 0.2341
vn 0.1467 0.9566 0.2518
vn 0.1353 0.9560 0.2602
vn -0.1701 0.9571 -0.2344
vn -0.1943 0.9566 -0.2172
vn -0.2058 0.9561 -0.2088
vn -0.1154 0.9808 -0.1570
vn -0.1396 0.9803 -0.1397
vn -0.1510 0.9798 -0.1314
vn -0.0592 0.9952 -0.0784
vn -0.0833 0.9947 -0.0610
vn -0.0947 0.9941 -0.0528
vn -0.3645 0.7738 -0.5181
vn -0.3889 0.7730 -0.5012
vn -0.4004 0.7725 -0.4929
vn -0.3208 0.8319 -0.4527
vn -0.3451 0.8313 -0.4358
vn -0.3567 0.8307 -0.4276
vn -0.2737 0.8821 -0.3835
vn -0.2979 0.8815 -0.3664
vn -0.3094 0.8809 -0.3582
vn -0.4972 0.4730 -0.7274
vn -0.5217 0.4720 -0.7107
vn -0.5333 0.4714 -0.7024
vn -0.4712 0.5567 -0.6841
vn -0.4957 0.5558 -0.6674
vn -0.5073 0.5552 -0.6591
vn -0.4403 0.6351 -0.6346
vn -0.4648 0.6342 -0.6179
vn -0.4763 0.6336 -0.6097
vn -0.5480 0.1007 -0.8304
vn -0.5726 0.0993 -0.8138
vn -0.5841 0.0985 -0.8056
vn -0.5437 0.1972 -0.8158
vn -0.5682 0.1958 -0.7993
vn -0.5797 0.1951 -0.7911
vn -0.5337 0.2918 -0.7937
vn -0.5583 0.2906 -0.7771
vn -0.5699 0.2900 -0.7689
vn -0.5092 -0.2866 -0.8115
vn -0.5337 -0.2884 -0.7949
vn -0.5453 -0.2893 -0.7867
vn -0.5271 -0.1919 -0.8278
vn -0.5517 -0.1937 -0.8113
vn -0.5633 -0.1945 -0.8030
vn -0.5397 -0.0954 -0.8364
vn -0.5642 -0.0971 -0.8199
vn -0.5758 -0.0979 -0.8117
vn -0.3867 -0.6298 -0.6736
vn -0.4111 -0.6320 -0.6569
vn -0.4227 -0.6329 -0.6487
vn -0.4242 -0.5515 -0.7183
vn -0.4487 -0.5536 -0.7016
vn -0.4602 -0.5545 -0.6934
vn -0.4573 -0.4678 -0.7563
vn -0.4818 -0.4699 -0.7396
vn -0.4934 -0.4707 -0.7315
vn -0.1991 -0.8768 -0.4376
vn -0.2233 -0.8793 -0.4206
vn -0.2348 -0.8802 -0.4124
vn -0.2505 -0.8266 -0.5039
vn -0.2748 -0.8290 -0.4870
vn -0.2863 -0.8300 -0.4788
vn -0.2991 -0.7685 -0.5656
vn -0.3235 -0.7709 -0.5487
vn -0.3350 -0.7718 -0.5405
vn 0.0249 -0.9899 -0.1396
vn 0.0010 -0.9925 -0.1223
vn -0.0105 -0.9934 -0.1140
vn -0.0325 -0.9756 -0.2173
vn -0.0565 -0.9782 -0.2001
vn -0.0680 -0.9791 -0.1918
vn -0.0893 -0.9519 -0.2932
vn -0.1134 -0.9544 -0.2760
vn -0.1248 -0.9554 -0.2678
vn 0.2514 -0.9519 0.1753
vn 0.2277 -0.9544 0.1930
vn 0.2162 -0.9554 0.2013
vn 0.1967 -0.9756 0.0979
vn 0.1729 -0.9782 0.1154
vn 0.1614 -0.9791 0.1238
vn 0.1404 -0.9899 0.0193
vn 0.1166 -0.9925 0.0368
vn 0.1052 -0.9934 0.0451
vn 0.4458 -0.7685 0.4590
vn 0.4223 -0.7709 0.4769
vn 0.4109 -0.7718 0.4853
vn 0.4021 -0.8266 0.3937
vn 0.3785 -0.8291 0.4116
vn 0.3671 -0.8300 0.4200
vn 0.3549 -0.8768 0.3244
vn 0.3313 -0.8793 0.3422
vn 0.3199 -0.8802 0.3505
vn 0.5785 -0.4678 0.6682
vn 0.5551 -0.4699 0.6864
vn 0.5437 -0.4707 0.6948
vn 0.5524 -0.5515 0.6251
vn 0.5290 -0.5536 0.6432
vn 0.5176 -0.5544 0.6517
vn 0.5216 -0.6298 0.5756
vn 0.4981 -0.6321 0.5936
vn 0.4868 -0.6330 0.6020
vn 0.6293 -0.0954 0.7713
vn 0.6060 -0.0971 0.7895
vn 0.5946 -0.0978 0.7981
vn 0.6249 -0.1919 0.7567
vn 0.6016 -0.1937 0.7750
vn 0.5902 -0.1945 0.7835
vn 0.6150 -0.2866 0.7346
vn 0.5916 -0.2884 0.7529
vn 0.5803 -0.2893 0.7613
vn 0.7245 -0.0873 0.6838
vn 0.6256 -0.0957 0.7743
vn 0.5962 -0.0978 0.7969
vn 0.7198 -0.1821 0.6699
vn 0.6213 -0.1922 0.7596
vn 0.5919 -0.1944 0.7822
vn 0.7108 -0.2756 0.6471
vn 0.6115 -0.2870 0.7374
vn 0.5819 -0.2891 0.7601
vn 0.6748 -0.4542 0.5817
vn 0.5749 -0.4681 0.6711
vn 0.5453 -0.4707 0.6936
vn 0.6488 -0.5365 0.5397
vn 0.5487 -0.5518 0.6280
vn 0.5192 -0.5544 0.6504
vn 0.6186 -0.6138 0.4906
vn 0.5179 -0.6302 0.5784
vn 0.4883 -0.6328 0.6010
vn 0.5438 -0.7502 0.3761
vn 0.4420 -0.7690 0.4618
vn 0.4125 -0.7716 0.4842
vn 0.5007 -0.8077 0.3113
vn 0.3984 -0.8271 0.3965
vn 0.3687 -0.8298 0.4189
vn 0.4544 -0.8570 0.2432
vn 0.3513 -0.8772 0.3272
vn 0.3214 -0.8801 0.3494
vn 0.3525 -0.9308 0.0966
vn 0.2477 -0.9523 0.1781
vn 0.2179 -0.9552 0.2002
vn 0.2983 -0.9543 0.0204
vn 0.1930 -0.9760 0.1006
vn 0.1630 -0.9790 0.1226
vn 0.2430 -0.9683 -0.0570
vn 0.1367 -0.9904 0.0220
vn 0.1067 -0.9933 0.0439
vn 0.1293 -0.9684 -0.2134
vn 0.0212 -0.9904 -0.1368
vn -0.0089 -0.9933 -0.1151
vn 0.0725 -0.9543 -0.2900
vn -0.0363 -0.9760 -0.2145
vn -0.0665 -0.9789 -0.1930
vn 0.0168 -0.9309 -0.3649
vn -0.0930 -0.9523 -0.2905
vn -0.1232 -0.9553 -0.2689
vn -0.0915 -0.8572 -0.5068
vn -0.2029 -0.8773 -0.4350
vn -0.2332 -0.8801 -0.4137
vn -0.1420 -0.8072 -0.5730
vn -0.2543 -0.8271 -0.5013
vn -0.2847 -0.8299 -0.4799
vn -0.1899 -0.7504 -0.6331
vn -0.3030 -0.7690 -0.5629
vn -0.3334 -0.7717 -0.5415
vn -0.2762 -0.6136 -0.7397
vn -0.3905 -0.6301 -0.6712
vn -0.4210 -0.6327 -0.6500
vn -0.3135 -0.5367 -0.7834
vn -0.4282 -0.5519 -0.7155
vn -0.4586 -0.5544 -0.6945
vn -0.3457 -0.4537 -0.8214
vn -0.4613 -0.4682 -0.7537
vn -0.4918 -0.4707 -0.7325
vn -0.3970 -0.2755 -0.8755
vn -0.5130 -0.2869 -0.8090
vn -0.5437 -0.2891 -0.7879
vn -0.4145 -0.1821 -0.8917
vn -0.5311 -0.1923 -0.8252
vn -0.5617 -0.1944 -0.8042
vn -0.4272 -0.0873 -0.8999
vn -0.5436 -0.0957 -0.8339
vn -0.5742 -0.0978 -0.8129
vn -0.4355 0.1061 -0.8939
vn -0.5519 0.1005 -0.8278
vn -0.5826 0.0986 -0.8068
vn -0.4308 0.2010 -0.8798
vn -0.5475 0.1970 -0.8133
vn -0.5781 0.1952 -0.7922
vn -0.4211 0.2943 -0.8579
vn -0.5377 0.2917 -0.7911
vn -0.5683 0.2900 -0.7700
vn -0.3852 0.4726 -0.7926
vn -0.5011 0.4729 -0.7248
vn -0.5316 0.4714 -0.7037
vn -0.3595 0.5553 -0.7499
vn -0.4750 0.5566 -0.6816
vn -0.5057 0.5553 -0.6602
vn -0.3291 0.6325 -0.7011
vn -0.4442 0.6350 -0.6320
vn -0.4748 0.6338 -0.6107
vn -0.2542 0.7689 -0.5866
vn -0.3684 0.7738 -0.5153
vn -0.3988 0.7726 -0.4940
vn -0.2113 0.8262 -0.5223
vn -0.3245 0.8319 -0.4501
vn -0.3551 0.8308 -0.4286
vn -0.1651 0.8758 -0.4535
vn -0.2776 0.8819 -0.3810
vn -0.3078 0.8810 -0.3593
vn -0.0630 0.9497 -0.3069
vn -0.1739 0.9571 -0.2317
vn -0.2043 0.9561 -0.2100
vn -0.0093 0.9730 -0.2306
vn -0.1192 0.9808 -0.1542
vn -0.1494 0.9799 -0.1325
vn 0.0465 0.9870 -0.1535
vn -0.0631 0.9951 -0.0757
vn -0.0932 0.9942 -0.0539
vn 0.1600 0.9871 0.0033
vn 0.0525 0.9951 0.0834
vn 0.0226 0.9942 0.1052
vn 0.2166 0.9730 0.0799
vn 0.1100 0.9808 0.1609
vn 0.0800 0.9798 0.1831
vn 0.2725 0.9497 0.1545
vn 0.1667 0.9571 0.2369
vn 0.1368 0.9562 0.2590
vn 0.3809 0.8757 0.2967
vn 0.2767 0.8820 0.3814
vn 0.2469 0.8809 0.4037
vn 0.4314 0.8263 0.3620
vn 0.3281 0.8319 0.4476
vn 0.2983 0.8307 0.4700
vn 0.4795 0.7691 0.4225
vn 0.3767 0.7737 0.5094
vn 0.3470 0.7726 0.5318
vn 0.5653 0.6322 0.5298
vn 0.4642 0.6350 0.6175
vn 0.4346 0.6337 0.6400
vn 0.6026 0.5553 0.5732
vn 0.5019 0.5566 0.6620
vn 0.4723 0.5553 0.6845
vn 0.6353 0.4730 0.6105
vn 0.5350 0.4730 0.7001
vn 0.5055 0.4715 0.7226
vn 0.6866 0.2945 0.6647
vn 0.5868 0.2917 0.7554
vn 0.5573 0.2900 0.7780
vn 0.7044 0.2012 0.6807
vn 0.6048 0.1970 0.7717
vn 0.5754 0.1953 0.7942
vn 0.7168 0.1061 0.6892
vn 0.6171 0.1005 0.7804
vn 0.5880 0.0987 0.8028
vn 0.6007 -0.0974 0.7935
vn 0.6561 -0.0935 0.7488
vn 0.8367 -0.0733 0.5427
vn 0.5962 -0.1941 0.7790
vn 0.6519 -0.1897 0.7342
vn 0.8329 -0.1636 0.5286
vn 0.5863 -0.2887 0.7569
vn 0.6419 -0.2840 0.7123
vn 0.8235 -0.2523 0.5081
vn 0.5497 -0.4703 0.6904
vn 0.6055 -0.4647 0.6461
vn 0.7896 -0.4220 0.4455
vn 0.5238 -0.5540 0.6471
vn 0.5793 -0.5481 0.6033
vn 0.7652 -0.5004 0.4050
vn 0.4929 -0.6325 0.5975
vn 0.5489 -0.6266 0.5532
vn 0.7364 -0.5738 0.3583
vn 0.4170 -0.7714 0.4808
vn 0.4730 -0.7649 0.4373
vn 0.6654 -0.7035 0.2495
vn 0.3733 -0.8295 0.4155
vn 0.4294 -0.8228 0.3722
vn 0.6243 -0.7581 0.1885
vn 0.3260 -0.8798 0.3460
vn 0.3825 -0.8728 0.3031
vn 0.5799 -0.8052 0.1242
vn 0.2223 -0.9549 0.1969
vn 0.2793 -0.9478 0.1541
vn 0.4834 -0.8753 -0.0159
vn 0.1676 -0.9786 0.1193
vn 0.2246 -0.9714 0.0770
vn 0.4323 -0.8973 -0.0890
vn 0.1113 -0.9930 0.0407
vn 0.1687 -0.9857 -0.0014
vn 0.3795 -0.9108 -0.1622
vn -0.0044 -0.9930 -0.1184
vn 0.0533 -0.9857 -0.1599
vn 0.2713 -0.9109 -0.3110
vn -0.0619 -0.9786 -0.1963
vn -0.0040 -0.9714 -0.2374
vn 0.2177 -0.8974 -0.3838
vn -0.1187 -0.9549 -0.2721
vn -0.0605 -0.9478 -0.3131
vn 0.1643 -0.8752 -0.4550
vn -0.2287 -0.8798 -0.4168
vn -0.1704 -0.8730 -0.4571
vn 0.0615 -0.8049 -0.5902
vn -0.2801 -0.8295 -0.4833
vn -0.2216 -0.8230 -0.5231
vn 0.0132 -0.7582 -0.6519
vn -0.3288 -0.7714 -0.5448
vn -0.2701 -0.7649 -0.5847
vn -0.0323 -0.7035 -0.7099
vn -0.4164 -0.6324 -0.6532
vn -0.3575 -0.6265 -0.6927
vn -0.1142 -0.5740 -0.8109
vn -0.4541 -0.5540 -0.6978
vn -0.3949 -0.5484 -0.7371
vn -0.1493 -0.4994 -0.8534
vn -0.4872 -0.4702 -0.7359
vn -0.4278 -0.4648 -0.7752
vn -0.1803 -0.4225 -0.8883
vn -0.5392 -0.2888 -0.7911
vn -0.4794 -0.2839 -0.8304
vn -0.2285 -0.2522 -0.9403
vn -0.5571 -0.1941 -0.8074
vn -0.4975 -0.1897 -0.8465
vn -0.2455 -0.1635 -0.9555
vn -0.5697 -0.0975 -0.8161
vn -0.5102 -0.0934 -0.8550
vn -0.2576 -0.0734 -0.9635
vn -0.5780 0.0990 -0.8100
vn -0.5183 0.1023 -0.8490
vn -0.2651 0.1104 -0.9579
vn -0.5737 0.1955 -0.7954
vn -0.5141 0.1985 -0.8344
vn -0.2612 0.2007 -0.9442
vn -0.5637 0.2903 -0.7733
vn -0.5041 0.2931 -0.8124
vn -0.2518 0.2895 -0.9235
vn -0.5271 0.4717 -0.7069
vn -0.4675 0.4738 -0.7463
vn -0.2177 0.4593 -0.8612
vn -0.5011 0.5555 -0.6635
vn -0.4417 0.5571 -0.7032
vn -0.1933 0.5371 -0.8211
vn -0.4702 0.6339 -0.6141
vn -0.4108 0.6354 -0.6539
vn -0.1644 0.6110 -0.7743
vn -0.3943 0.7728 -0.4973
vn -0.3353 0.7738 -0.5374
vn -0.0933 0.7406 -0.6654
vn -0.3505 0.8309 -0.4320
vn -0.2919 0.8318 -0.4721
vn -0.0527 0.7953 -0.6040
vn -0.3033 0.8813 -0.3625
vn -0.2446 0.8819 -0.4030
vn -0.0083 0.8421 -0.5393
vn -0.1998 0.9564 -0.2133
vn -0.1414 0.9566 -0.2546
vn 0.0888 0.9122 -0.4000
vn -0.1448 0.9801 -0.1357
vn -0.0868 0.9804 -0.1771
vn 0.1398 0.9345 -0.3273
vn -0.0886 0.9944 -0.0572
vn -0.0307 0.9946 -0.0989
vn 0.1924 0.9480 -0.2537
vn 0.0271 0.9944 0.1019
vn 0.0844 0.9946 0.0597
vn 0.3008 0.9479 -0.1049
vn 0.0846 0.9801 0.1797
vn 0.1416 0.9803 0.1374
vn 0.3545 0.9345 -0.0324
vn 0.1414 0.9563 0.2558
vn 0.1985 0.9567 0.2129
vn 0.4074 0.9124 0.0391
vn 0.2514 0.8812 0.4003
vn 0.3081 0.8819 0.3569
vn 0.5110 0.8419 0.1736
vn 0.3028 0.8309 0.4667
vn 0.3593 0.8317 0.4234
vn 0.5588 0.7949 0.2364
vn 0.3514 0.7728 0.5284
vn 0.4076 0.7738 0.4848
vn 0.6038 0.7406 0.2949
vn 0.4391 0.6339 0.6367
vn 0.4952 0.6353 0.5925
vn 0.6865 0.6108 0.3946
vn 0.4767 0.5555 0.6813
vn 0.5324 0.5571 0.6374
vn 0.7211 0.5373 0.4374
vn 0.5099 0.4718 0.7194
vn 0.5658 0.4739 0.6747
vn 0.7528 0.4594 0.4714
vn 0.5617 0.2902 0.7748
vn 0.6175 0.2930 0.7300
vn 0.8006 0.2893 0.5247
vn 0.5798 0.1955 0.7910
vn 0.6355 0.1986 0.7461
vn 0.8180 0.2009 0.5390
vn 0.5923 0.0989 0.7996
vn 0.6480 0.1023 0.7547
vn 0.8292 0.1103 0.5480
vn 0.9428 0.0219 -0.3327
vn 0.9415 -0.0057 -0.3371
vn 0.9387 -0.0329 -0.3431
vn 0.9576 0.0168 -0.2876
vn 0.9558 -0.0152 -0.2935
vn 0.9525 -0.0466 -0.3009
vn 0.9869 0.0024 -0.1610
vn 0.9849 -0.0413 -0.1680
vn 0.9803 -0.0841 -0.1784
vn 0.9280 -0.0849 -0.3627
vn 0.9208 -0.1089 -0.3745
vn 0.9119 -0.1316 -0.3886
vn 0.9402 -0.1066 -0.3236
vn 0.9321 -0.1345 -0.3363
vn 0.9216 -0.1604 -0.3535
vn 0.9638 -0.1661 -0.2086
vn 0.9518 -0.2040 -0.2290
vn 0.9383 -0.2396 -0.2492
vn 0.8902 -0.1713 -0.4222
vn 0.8777 -0.1881 -0.4408
vn 0.8639 -0.2024 -0.4612
vn 0.8966 -0.2063 -0.3918
vn 0.8821 -0.2256 -0.4136
vn 0.8662 -0.2424 -0.4369
vn 0.9035 -0.3020 -0.3040
vn 0.8842 -0.3285 -0.3320
vn 0.8626 -0.3510 -0.3643
vn 0.8343 -0.2239 -0.5038
vn 0.8186 -0.2308 -0.5260
vn 0.8025 -0.2349 -0.5485
vn 0.8319 -0.2673 -0.4862
vn 0.8138 -0.2752 -0.5119
vn 0.7953 -0.2799 -0.5377
vn 0.8159 -0.3852 -0.4312
vn 0.7909 -0.3965 -0.4660
vn 0.7658 -0.4020 -0.5019
vn 0.7693 -0.2348 -0.5942
vn 0.7529 -0.2306 -0.6164
vn 0.7363 -0.2239 -0.6385
vn 0.7568 -0.2799 -0.5907
vn 0.7380 -0.2752 -0.6162
vn 0.7191 -0.2671 -0.6415
vn 0.7134 -0.4024 -0.5737
vn 0.6872 -0.3965 -0.6087
vn 0.6617 -0.3851 -0.6433
vn 0.7050 -0.2025 -0.6797
vn 0.6903 -0.1879 -0.6987
vn 0.6763 -0.1712 -0.7164
vn 0.6827 -0.2424 -0.6894
vn 0.6655 -0.2259 -0.7114
vn 0.6494 -0.2064 -0.7319
vn 0.6120 -0.3512 -0.7086
vn 0.5892 -0.3288 -0.7380
vn 0.5669 -0.3021 -0.7664
vn 0.6512 -0.1316 -0.7474
vn 0.6403 -0.1090 -0.7604
vn 0.6308 -0.0849 -0.7713
vn 0.6207 -0.1604 -0.7675
vn 0.6078 -0.1344 -0.7826
vn 0.5969 -0.1067 -0.7952
vn 0.5271 -0.2391 -0.8155
vn 0.5101 -0.2041 -0.8356
vn 0.4949 -0.1660 -0.8530
vn 0.6160 -0.0329 -0.7870
vn 0.6106 -0.0057 -0.7919
vn 0.6071 0.0220 -0.7944
vn 0.5799 -0.0465 -0.8134
vn 0.5737 -0.0152 -0.8190
vn 0.5694 0.0168 -0.8219
vn 0.4717 -0.0841 -0.8777
vn 0.4634 -0.0414 -0.8852
vn 0.4579 0.0023 -0.8890
vn 0.6051 0.0783 -0.7923
vn 0.6058 0.1060 -0.7886
vn 0.6089 0.1332 -0.7820
vn 0.5668 0.0819 -0.8198
vn 0.5682 0.1138 -0.8150
vn 0.5717 0.1454 -0.8075
vn 0.4539 0.0911 -0.8864
vn 0.4558 0.1346 -0.8798
vn 0.4607 0.1776 -0.8696
vn 0.6192 0.1852 -0.7631
vn 0.6268 0.2093 -0.7506
vn 0.6357 0.2318 -0.7363
vn 0.5838 0.2055 -0.7855
vn 0.5924 0.2331 -0.7712
vn 0.6024 0.2592 -0.7549
vn 0.4775 0.2598 -0.8393
vn 0.4888 0.2972 -0.8202
vn 0.5030 0.3330 -0.7976
vn 0.6575 0.2717 -0.7028
vn 0.6701 0.2883 -0.6840
vn 0.6835 0.3027 -0.6642
vn 0.6278 0.3052 -0.7161
vn 0.6421 0.3244 -0.6946
vn 0.6579 0.3411 -0.6715
vn 0.5368 0.3953 -0.7453
vn 0.5570 0.4221 -0.7152
vn 0.5785 0.4447 -0.6838
vn 0.7131 0.3242 -0.6216
vn 0.7291 0.3311 -0.5990
vn 0.7452 0.3351 -0.5766
vn 0.6922 0.3658 -0.6221
vn 0.7104 0.3740 -0.5962
vn 0.7290 0.3786 -0.5703
vn 0.6250 0.4784 -0.6168
vn 0.6501 0.4893 -0.5814
vn 0.6752 0.4958 -0.5461
vn 0.7782 0.3352 -0.5311
vn 0.7948 0.3311 -0.5087
vn 0.8110 0.3242 -0.4870
vn 0.7673 0.3787 -0.5176
vn 0.7863 0.3741 -0.4917
vn 0.8051 0.3660 -0.4668
vn 0.7276 0.4958 -0.4741
vn 0.7533 0.4896 -0.4391
vn 0.7793 0.4786 -0.4045
vn 0.8426 0.3027 -0.4454
vn 0.8575 0.2883 -0.4262
vn 0.8714 0.2717 -0.4084
vn 0.8416 0.3409 -0.4190
vn 0.8588 0.3243 -0.3967
vn 0.8748 0.3052 -0.3764
vn 0.8287 0.4449 -0.3395
vn 0.8524 0.4220 -0.3088
vn 0.8743 0.3953 -0.2817
vn 0.8965 0.2318 -0.3776
vn 0.9072 0.2092 -0.3650
vn 0.9170 0.1852 -0.3534
vn 0.9038 0.2592 -0.3406
vn 0.9161 0.2331 -0.3263
vn 0.9274 0.2054 -0.3126
vn 0.9138 0.3330 -0.2326
vn 0.9308 0.2973 -0.2125
vn 0.9460 0.2598 -0.1938
vn 0.9315 0.1332 -0.3385
vn 0.9367 0.1059 -0.3337
vn 0.9404 0.0784 -0.3310
vn 0.9445 0.1454 -0.2946
vn 0.9504 0.1139 -0.2893
vn 0.9547 0.0819 -0.2859
vn 0.9693 0.1776 -0.1703
vn 0.9775 0.1346 -0.1624
vn 0.9830 0.0910 -0.1596
vn 0.5505 0.2896 0.7830
vn 0.5506 0.2896 0.7829
vn 0.5685 0.1948 0.7993
vn 0.5811 0.0982 0.8079
vn 0.5810 0.0981 0.8080
vn 0.5810 0.0982 0.8079
vn 0.4279 0.6332 0.6450
vn 0.4278 0.6333 0.6449
vn 0.4279 0.6333 0.6449
vn 0.4655 0.5548 0.6896
vn 0.4985 0.4711 0.7277
vn 0.4986 0.4710 0.7277
vn 0.2401 0.8805 0.4087
vn 0.2400 0.8806 0.4086
vn 0.2915 0.8303 0.4750
vn 0.2916 0.8303 0.4750
vn 0.2915 0.8303 0.4749
vn 0.3402 0.7722 0.5367
vn 0.3402 0.7721 0.5367
vn 0.0157 0.9938 0.1102
vn 0.0157 0.9938 0.1101
vn 0.0732 0.9794 0.1880
vn 0.0732 0.9795 0.1879
vn 0.1300 0.9557 0.2640
vn 0.1300 0.9557 0.2641
vn -0.2110 0.9557 -0.2051
vn -0.2111 0.9557 -0.2051
vn -0.1562 0.9794 -0.1276
vn -0.1000 0.9938 -0.0489
vn -0.0999 0.9938 -0.0489
vn -0.4057 0.7722 -0.4890
vn -0.4056 0.7721 -0.4891
vn -0.4057 0.7722 -0.4891
vn -0.3619 0.8303 -0.4237
vn -0.3619 0.8303 -0.4238
vn -0.3147 0.8806 -0.3543
vn -0.3147 0.8805 -0.3544
vn -0.5385 0.4711 -0.6986
vn -0.5385 0.4710 -0.6987
vn -0.5125 0.5549 -0.6553
vn -0.5125 0.5548 -0.6554
vn -0.5124 0.5549 -0.6553
vn -0.4816 0.6333 -0.6058
vn -0.4815 0.6333 -0.6059
vn -0.5893 0.0983 -0.8019
vn -0.5894 0.0983 -0.8019
vn -0.5894 0.0982 -0.8019
vn -0.5850 0.1949 -0.7873
vn -0.5850 0.1948 -0.7873
vn -0.5751 0.2896 -0.7651
vn -0.5750 0.2896 -0.7652
vn -0.5506 -0.2895 -0.7830
vn -0.5506 -0.2896 -0.7830
vn -0.5505 -0.2895 -0.7830
vn -0.5685 -0.1948 -0.7993
vn -0.5685 -0.1949 -0.7993
vn -0.5810 -0.0982 -0.8080
vn -0.5810 -0.0983 -0.8079
vn -0.5811 -0.0983 -0.8079
vn -0.4279 -0.6333 -0.6449
vn -0.4279 -0.6332 -0.6449
vn -0.4654 -0.5548 -0.6896
vn -0.4655 -0.5548 -0.6896
vn -0.4654 -0.5547 -0.6897
vn -0.4986 -0.4710 -0.7277
vn -0.2401 -0.8806 -0.4086
vn -0.2401 -0.8805 -0.4087
vn -0.2915 -0.8304 -0.4749
vn -0.2915 -0.8303 -0.4750
vn -0.2915 -0.8303 -0.4749
vn -0.3402 -0.7721 -0.5367
vn -0.3402 -0.7722 -0.5367
vn -0.0157 -0.9938 -0.1102
vn -0.0732 -0.9794 -0.1880
vn -0.1300 -0.9557 -0.2639
vn 0.2110 -0.9557 0.2051
vn 0.1562 -0.9794 0.1276
vn 0.1562 -0.9794 0.1277
vn 0.0999 -0.9938 0.0488
vn 0.1000 -0.9938 0.0490
vn 0.0999 -0.9938 0.0489
vn 0.4056 -0.7721 0.4891
vn 0.4057 -0.7722 0.4891
vn 0.4057 -0.7721 0.4891
vn 0.3619 -0.8303 0.4238
vn 0.3619 -0.8303 0.4237
vn 0.3148 -0.8805 0.3544
vn 0.3147 -0.8806 0.3543
vn 0.5385 -0.4711 0.6987
vn 0.5385 -0.4710 0.6987
vn 0.5125 -0.5549 0.6553
vn 0.5125 -0.5548 0.6554
vn 0.5125 -0.5547 0.6555
vn 0.4816 -0.6333 0.6058
vn 0.4816 -0.6332 0.6060
vn 0.4816 -0.6333 0.6059
vn 0.5894 -0.0982 0.8018
vn 0.5894 -0.0982 0.8019
vn 0.5850 -0.1948 0.7873
vn 0.5851 -0.1949 0.7872
vn 0.5751 -0.2896 0.7651
vn 0.7829 0.2908 0.5500
vn 0.7998 0.2012 0.5655
vn 0.8117 0.1099 0.5737
vn 0.9484 0.2509 0.1940
vn 0.9618 0.1802 0.2059
vn 0.9712 0.1082 0.2122
vn 0.9674 0.1741 -0.1840
vn 0.9752 0.1325 -0.1774
vn 0.9807 0.0902 -0.1734
vn 0.6669 0.6160 0.4193
vn 0.7023 0.5418 0.4618
vn 0.7336 0.4625 0.4979
vn 0.8569 0.5076 0.0903
vn 0.8849 0.4490 0.1240
vn 0.9096 0.3865 0.1524
vn 0.9135 0.3249 -0.2448
vn 0.9300 0.2905 -0.2252
vn 0.9445 0.2537 -0.2085
vn 0.4891 0.8499 0.1959
vn 0.5377 0.8024 0.2589
vn 0.5839 0.7473 0.3171
vn 0.7165 0.6923 -0.0856
vn 0.7551 0.6547 -0.0360
vn 0.7914 0.6113 0.0099
vn 0.8311 0.4335 -0.3483
vn 0.8537 0.4113 -0.3193
vn 0.8750 0.3859 -0.2922
vn 0.2770 0.9570 -0.0863
vn 0.3313 0.9435 -0.0127
vn 0.3851 0.9210 0.0590
vn 0.5491 0.7767 -0.3084
vn 0.5920 0.7661 -0.2503
vn 0.6344 0.7484 -0.1936
vn 0.7326 0.4832 -0.4793
vn 0.7579 0.4768 -0.4453
vn 0.7828 0.4665 -0.4119
vn 0.0624 0.9210 -0.3845
vn 0.1142 0.9435 -0.3112
vn 0.1674 0.9570 -0.2368
vn 0.3798 0.7483 -0.5438
vn 0.4207 0.7660 -0.4860
vn 0.4627 0.7768 -0.4271
vn 0.6332 0.4663 -0.6177
vn 0.6573 0.4767 -0.5837
vn 0.6819 0.4832 -0.5491
vn -0.1216 0.7475 -0.6531
vn -0.0803 0.8024 -0.5914
vn -0.0357 0.8500 -0.5256
vn 0.2346 0.6112 -0.7559
vn 0.2673 0.6545 -0.7072
vn 0.3024 0.6922 -0.6552
vn 0.5478 0.3859 -0.7423
vn 0.5669 0.4112 -0.7138
vn 0.5876 0.4334 -0.6833
vn -0.2473 0.4625 -0.8514
vn -0.2228 0.5419 -0.8104
vn -0.1934 0.6159 -0.7638
vn 0.1353 0.3864 -0.9124
vn 0.1548 0.4491 -0.8800
vn 0.1780 0.5075 -0.8431
vn 0.4894 0.2537 -0.8343
vn 0.5008 0.2905 -0.8153
vn 0.5146 0.3249 -0.7935
vn -0.2953 0.1098 -0.9491
vn -0.2914 0.2013 -0.9352
vn -0.2818 0.2909 -0.9143
vn 0.0972 0.1080 -0.9894
vn 0.1008 0.1803 -0.9784
vn 0.1080 0.2510 -0.9619
vn 0.4670 0.0901 -0.8797
vn 0.4691 0.1326 -0.8732
vn 0.4734 0.1740 -0.8635
vn -0.2587 -0.2569 -0.9312
vn -0.2756 -0.1673 -0.9466
vn -0.2875 -0.0759 -0.9548
vn 0.1265 -0.1813 -0.9753
vn 0.1130 -0.1106 -0.9874
vn 0.1035 -0.0385 -0.9939
vn 0.4840 -0.0801 -0.8714
vn 0.4763 -0.0384 -0.8784
vn 0.4708 0.0039 -0.8822
vn -0.1426 -0.5819 -0.8006
vn -0.1783 -0.5079 -0.8427
vn -0.2096 -0.4287 -0.8788
vn 0.2180 -0.4379 -0.8722
vn 0.1899 -0.3793 -0.9056
vn 0.1651 -0.3170 -0.9340
vn 0.5381 -0.2308 -0.8106
vn 0.5214 -0.1965 -0.8304
vn 0.5068 -0.1596 -0.8472
vn 0.0349 -0.8159 -0.5771
vn -0.0137 -0.7684 -0.6398
vn -0.0598 -0.7135 -0.6981
vn 0.3580 -0.6227 -0.6957
vn 0.3199 -0.5850 -0.7453
vn 0.2832 -0.5416 -0.7915
vn 0.6204 -0.3395 -0.7070
vn 0.5979 -0.3173 -0.7361
vn 0.5764 -0.2917 -0.7634
vn 0.2471 -0.9231 -0.2947
vn 0.1928 -0.9095 -0.3684
vn 0.1391 -0.8870 -0.4403
vn 0.5257 -0.7071 -0.4730
vn 0.4827 -0.6963 -0.5311
vn 0.4403 -0.6786 -0.5879
vn 0.7189 -0.3890 -0.5761
vn 0.6936 -0.3829 -0.6102
vn 0.6686 -0.3723 -0.6437
vn 0.4616 -0.8871 0.0034
vn 0.4099 -0.9095 -0.0699
vn 0.3566 -0.9230 -0.1443
vn 0.6949 -0.6787 -0.2377
vn 0.6539 -0.6964 -0.2955
vn 0.6121 -0.7070 -0.3543
vn 0.8184 -0.3724 -0.4377
vn 0.7943 -0.3828 -0.4717
vn 0.7696 -0.3891 -0.5063
vn 0.6458 -0.7134 0.2720
vn 0.6043 -0.7685 0.2104
vn 0.5597 -0.8160 0.1446
vn 0.8402 -0.5416 -0.0258
vn 0.8075 -0.5851 -0.0744
vn 0.7723 -0.6226 -0.1262
vn 0.9038 -0.2918 -0.3129
vn 0.8845 -0.3173 -0.3421
vn 0.8639 -0.3394 -0.3722
vn 0.7714 -0.4285 0.4705
vn 0.7469 -0.5078 0.4293
vn 0.7176 -0.5820 0.3825
vn 0.9394 -0.3168 0.1310
vn 0.9200 -0.3793 0.0985
vn 0.8969 -0.4379 0.0616
vn 0.9621 -0.1597 -0.2212
vn 0.9506 -0.1965 -0.2402
vn 0.9371 -0.2308 -0.2619
vn 0.8197 -0.0759 0.5677
vn 0.8155 -0.1673 0.5540
vn 0.8059 -0.2569 0.5335
vn 0.9773 -0.0385 0.2082
vn 0.9742 -0.1106 0.1969
vn 0.9667 -0.1813 0.1808
vn 0.9846 0.0039 -0.1747
vn 0.9825 -0.0385 -0.1824
vn 0.9782 -0.0800 -0.1919
vn 0.9279 0.1299 -0.3496
vn 0.9329 0.1039 -0.3449
vn 0.9363 0.0773 -0.3427
vn 0.9278 0.1299 -0.3496
vn 0.9328 0.1038 -0.3450
vn 0.9363 0.0773 -0.3426
vn 0.9327 0.1038 -0.3453
vn 0.9363 0.0772 -0.3426
vn 0.8942 0.2243 -0.3875
vn 0.9045 0.2027 -0.3753
vn 0.9135 0.1797 -0.3649
vn 0.9044 0.2027 -0.3754
vn 0.9137 0.1797 -0.3645
vn 0.9136 0.1796 -0.3649
vn 0.8425 0.2922 -0.4525
vn 0.8567 0.2784 -0.4342
vn 0.8701 0.2624 -0.4172
vn 0.8426 0.2922 -0.4524
vn 0.8701 0.2624 -0.4173
vn 0.8426 0.2921 -0.4525
vn 0.8567 0.2783 -0.4344
vn 0.8700 0.2624 -0.4174
vn 0.7810 0.3232 -0.5344
vn 0.7967 0.3193 -0.5132
vn 0.8123 0.3129 -0.4922
vn 0.7810 0.3234 -0.5343
vn 0.7968 0.3193 -0.5130
vn 0.8123 0.3128 -0.4923
vn 0.7809 0.3233 -0.5345
vn 0.7967 0.3193 -0.5131
vn 0.8122 0.3128 -0.4924
vn 0.7186 0.3129 -0.6210
vn 0.7337 0.3194 -0.5997
vn 0.7491 0.3233 -0.5781
vn 0.7187 0.3128 -0.6210
vn 0.7337 0.3193 -0.5998
vn 0.7492 0.3233 -0.5781
vn 0.7187 0.3129 -0.6209
vn 0.7337 0.3193 -0.5997
vn 0.7492 0.3232 -0.5781
vn 0.6653 0.2624 -0.6989
vn 0.6772 0.2784 -0.6811
vn 0.6902 0.2922 -0.6620
vn 0.6652 0.2624 -0.6990
vn 0.6772 0.2785 -0.6811
vn 0.6901 0.2922 -0.6621
vn 0.6652 0.2624 -0.6991
vn 0.6773 0.2784 -0.6810
vn 0.6903 0.2922 -0.6619
vn 0.6288 0.1797 -0.7565
vn 0.6358 0.2027 -0.7447
vn 0.6443 0.2243 -0.7311
vn 0.6286 0.1796 -0.7567
vn 0.6359 0.2027 -0.7447
vn 0.6444 0.2243 -0.7311
vn 0.6287 0.1797 -0.7566
vn 0.6444 0.2242 -0.7311
vn 0.6147 0.0773 -0.7850
vn 0.6160 0.1038 -0.7809
vn 0.6187 0.1299 -0.7748
vn 0.6148 0.0773 -0.7849
vn 0.6161 0.1039 -0.7808
vn 0.6146 0.0773 -0.7850
vn 0.6159 0.1038 -0.7810
vn 0.6254 -0.0292 -0.7797
vn 0.6203 -0.0032 -0.7843
vn 0.6171 0.0234 -0.7866
vn 0.6255 -0.0292 -0.7797
vn 0.6204 -0.0032 -0.7843
vn 0.6170 0.0234 -0.7866
vn 0.6206 -0.0032 -0.7841
vn 0.6592 -0.1236 -0.7418
vn 0.6488 -0.1022 -0.7541
vn 0.6399 -0.0791 -0.7644
vn 0.6592 -0.1237 -0.7417
vn 0.6488 -0.1020 -0.7541
vn 0.6397 -0.0790 -0.7645
vn 0.6591 -0.1236 -0.7418
vn 0.6489 -0.1021 -0.7540
vn 0.6398 -0.0790 -0.7644
vn 0.7107 -0.1915 -0.6769
vn 0.6965 -0.1778 -0.6952
vn 0.6832 -0.1618 -0.7120
vn 0.7108 -0.1915 -0.6768
vn 0.6965 -0.1777 -0.6952
vn 0.6831 -0.1617 -0.7122
vn 0.6966 -0.1778 -0.6951
vn 0.6831 -0.1618 -0.7122
vn 0.7723 -0.2226 -0.5950
vn 0.7566 -0.2187 -0.6163
vn 0.7410 -0.2121 -0.6371
vn 0.7723 -0.2226 -0.5949
vn 0.7566 -0.2187 -0.6162
vn 0.7409 -0.2122 -0.6372
vn 0.7724 -0.2227 -0.5949
vn 0.7566 -0.2188 -0.6162
vn 0.8345 -0.2121 -0.5085
vn 0.8196 -0.2186 -0.5297
vn 0.8041 -0.2226 -0.5512
vn 0.8345 -0.2122 -0.5085
vn 0.8195 -0.2186 -0.5297
vn 0.8041 -0.2227 -0.5512
vn 0.8346 -0.2122 -0.5083
vn 0.8196 -0.2187 -0.5296
vn 0.8041 -0.2226 -0.5513
vn 0.8881 -0.1618 -0.4303
vn 0.8760 -0.1777 -0.4484
vn 0.8631 -0.1915 -0.4674
vn 0.8880 -0.1618 -0.4304
vn 0.8630 -0.1914 -0.4675
vn 0.8880 -0.1618 -0.4305
vn 0.8760 -0.1779 -0.4483
vn 0.8631 -0.1916 -0.4673
vn 0.9245 -0.0790 -0.3730
vn 0.9174 -0.1020 -0.3846
vn 0.9089 -0.1237 -0.3982
vn 0.9245 -0.0791 -0.3730
vn 0.9174 -0.1021 -0.3845
vn 0.9089 -0.1235 -0.3982
vn 0.9173 -0.1021 -0.3848
vn 0.9089 -0.1236 -0.3982
vn 0.9385 0.0233 -0.3444
vn 0.9373 -0.0032 -0.3485
vn 0.9346 -0.0293 -0.3546
vn 0.9346 -0.0292 -0.3545
vn 0.9386 0.0234 -0.3443
vn 0.9373 -0.0032 -0.3484
vn 0.9347 -0.0292 -0.3543
vn 0.8075 0.0522 -0.5875
vn 0.8076 0.0521 -0.5874
vn 0.8080 0.0524 -0.5869
vn 0.8074 0.0523 -0.5876
vn 0.8074 0.0523 -0.5877
vn 0.8078 0.0525 -0.5871
vn 0.8075 0.0522 -0.5876
vn 0.8076 0.0522 -0.5875
vn 0.8077 0.0525 -0.5872
vn 0.8079 0.0524 -0.5869
vn 0.8075 0.0526 -0.5875
vn 0.8079 0.0525 -0.5870
vn 0.8075 0.0525 -0.5876
vn 0.8080 0.0523 -0.5869
vn 0.8081 0.0525 -0.5868
vn 0.8077 0.0522 -0.5872
vn 0.8075 0.0521 -0.5876
vn 0.8081 0.0523 -0.5867
vn 0.8077 0.0526 -0.5873
vn 0.8079 0.0523 -0.5871
vn 0.8080 0.0524 -0.5868
vn 0.8076 0.0523 -0.5875
s 1
f 1956//1670 1960//1674 1959//1673
f 1957//1671 1961//1675 1960//1674
f 1959//1673 1963//1677 1962//1676
f 1961//1675 1963//1677 1960//1674
f 82//74 1956//1670 849//705
f 280//265 1956//1670 279//264
f 281//266 1957//1671 280//265
f 281//266 282//267 1958//1672
f 282//267 1961//1675 1958//1672
f 283//268 1964//1678 1961//1675
f 1964//1678 3//3 759//615
f 1963//1677 759//615 760//616
f 1963//1677 761//617 1962//1676
f 1962//1676 83//75 851//707
f 1959//1673 851//707 850//706
f 849//705 1959//1673 850//706
f 1965//1679 1969//1683 1968//1682
f 1966//1680 1970//1684 1969//1683
f 1969//1683 1971//1685 1968//1682
f 1969//1683 1973//1687 1972//1686
f 83//75 1965//1679 846//702
f 761//617 1966//1680 1965//1679
f 760//616 1967//1681 1966//1680
f 3//3 1967//1681 759//615
f 291//275 1970//1684 1967//1681
f 292//276 1973//1687 1970//1684
f 293//277 762//618 1973//1687
f 1973//1687 763//619 1972//1686
f 1972//1686 764//620 1971//1685
f 1971//1685 84//76 848//704
f 1968//1682 848//704 847//703
f 846//702 1968//1682 847//703
f 1974//1688 1978//1692 1977//1691
f 1975//1689 1979//1693 1978//1692
f 1978//1692 1980//1694 1977//1691
f 1979//1693 1981//1695 1978//1692
f 84//76 1974//1688 843//699
f 764//620 1975//1689 1974//1688
f 763//619 1976//1690 1975//1689
f 762//618 300//282 1976//1690
f 1976//1690 301//283 1979//1693
f 301//283 1982//1696 1979//1693
f 302//284 765//621 1982//1696
f 1982//1696 766//622 1981//1695
f 1981//1695 767//623 1980//1694
f 1980//1694 85//77 845//701
f 1977//1691 845//701 844//700
f 843//699 1977//1691 844//700
f 1983//1697 1987//1701 1986//1700
f 1984//1698 1988//1702 1987//1701
f 1987//1701 1989//1703 1986//1700
f 1988//1702 1990//1704 1987//1701
f 85//77 1983//1697 840//696
f 767//623 1984//1698 1983//1697
f 766//622 1985//1699 1984//1698
f 765//621 309//289 1985//1699
f 1985//1699 310//290 1988//1702
f 310//290 1991//1705 1988//1702
f 1991//1705 6//6 768//624
f 1991//1705 769//625 1990//1704
f 1990//1704 770//626 1989//1703
f 1989//1703 86//78 842//698
f 1986//1700 842//698 841//697
f 840//696 1986//1700 841//697
f 1992//1706 1996//1710 1995//1709
f 1994//1708 1996//1710 1993//1707
f 1996//1710 1998//1712 1995//1709
f 1996//1710 2000//1714 1999//1713
f 86//78 1992//1706 837//693
f 770//626 1993//1707 1992//1706
f 768//624 1993//1707 769//625
f 768//624 318//296 1994//1708
f 1994//1708 319//297 1997//1711
f 319//297 2000//1714 1997//1711
f 2000//1714 7//7 771//627
f 1999//1713 771//627 772//628
f 1999//1713 773//629 1998//1712
f 1998//1712 87//79 839//695
f 1995//1709 839//695 838//694
f 1992//1706 838//694 837//693
f 2002//1716 2004//1718 2001//1715
f 2002//1716 2006//1720 2005//1719
f 2005//1719 2007//1721 2004//1718
f 2006//1720 2008//1722 2005//1719
f 87//79 2001//1715 834//690
f 772//628 2001//1715 773//629
f 772//628 2003//1717 2002//1716
f 771//627 327//304 2003//1717
f 2003//1717 328//305 2006//1720
f 328//305 2009//1723 2006//1720
f 329//306 774//630 2009//1723
f 2009//1723 775//631 2008//1722
f 2008//1722 776//632 2007//1721
f 2007//1721 88//80 836//692
f 2004//1718 836//692 835//691
f 834//690 2004//1718 835//691
f 2010//1724 2014//1728 2013//1727
f 2012//1726 2014//1728 2011//1725
f 2014//1728 2016//1730 2013//1727
f 2015//1729 2017//1731 2014//1728
f 88//80 2010//1724 831//687
f 776//632 2011//1725 2010//1724
f 775//631 2012//1726 2011//1725
f 774//630 336//310 2012//1726
f 336//310 2015//1729 2012//1726
f 2015//1729 338//312 2018//1732
f 2018//1732 9//9 777//633
f 2018//1732 778//634 2017//1731
f 2017//1731 779//635 2016//1730
f 2016//1730 89//81 833//689
f 2013//1727 833//689 832//688
f 831//687 2013//1727 832//688
f 2020//1734 2022//1736 2019//1733
f 2021//1735 2023//1737 2020//1734
f 2023//1737 2025//1739 2022//1736
f 2024//1738 2026//1740 2023//1737
f 89//81 2019//1733 828//684
f 779//635 2020//1734 2019//1733
f 777//633 2020//1734 778//634
f 777//633 345//316 2021//1735
f 2021//1735 346//317 2024//1738
f 2024//1738 347//318 2027//1741
f 2027//1741 10//10 780//636
f 2027//1741 781//637 2026//1740
f 2026//1740 782//638 2025//1739
f 2025//1739 90//82 830//686
f 2022//1736 830//686 829//685
f 828//684 2022//1736 829//685
f 2028//1742 2032//1746 2031//1745
f 2029//1743 2033//1747 2032//1746
f 2032//1746 2034//1748 2031//1745
f 2033//1747 2035//1749 2032//1746
f 90//82 2028//1742 825//681
f 782//638 2029//1743 2028//1742
f 781//637 2030//1744 2029//1743
f 780//636 354//323 2030//1744
f 2030//1744 355//324 2033//1747
f 355//324 2036//1750 2033//1747
f 356//325 783//639 2036//1750
f 2036//1750 784//640 2035//1749
f 2035//1749 785//641 2034//1748
f 2034//1748 91//83 827//683
f 2031//1745 827//683 826//682
f 825//681 2031//1745 826//682
f 2037//1751 2041//1755 2040//1754
f 2038//1752 2042//1756 2041//1755
f 2041//1755 2043//1757 2040//1754
f 2042//1756 2044//1758 2041//1755
f 91//83 2037//1751 822//678
f 785//641 2038//1752 2037//1751
f 784//640 2039//1753 2038//1752
f 783//639 363//330 2039//1753
f 363//330 2042//1756 2039//1753
f 2042//1756 365//332 2045//1759
f 2045//1759 12//12 786//642
f 2045//1759 787//643 2044//1758
f 2044//1758 788//644 2043//1757
f 2043//1757 92//84 824//680
f 2040//1754 824//680 823//679
f 822//678 2040//1754 823//679
f 2046//1760 2050//1764 2049//1763
f 2047//1761 2051//1765 2050//1764
f 2050//1764 2052//1766 2049//1763
f 2051//1765 2053//1767 2050//1764
f 92//84 2046//1760 819//675
f 788//644 2047//1761 2046//1760
f 787//643 2048//1762 2047//1761
f 12//12 2048//1762 786//642
f 2048//1762 373//337 2051//1765
f 373//337 2054//1768 2051//1765
f 374//338 789//645 2054//1768
f 2054//1768 790//646 2053//1767
f 2053//1767 791//647 2052//1766
f 2052//1766 93//85 821//677
f 2049//1763 821//677 820//676
f 819//675 2049//1763 820//676
f 2055//1769 2059//1773 2058//1772
f 2057//1771 2059//1773 2056//1770
f 2059//1773 2061//1775 2058//1772
f 2060//1774 2062//1776 2059//1773
f 93//85 2055//1769 816//672
f 791//647 2056//1770 2055//1769
f 790//646 2057//1771 2056//1770
f 789//645 381//342 2057//1771
f 2057//1771 382//343 2060//1774
f 382//343 2063//1777 2060//1774
f 383//344 792//648 2063//1777
f 2063//1777 793//649 2062//1776
f 2062//1776 794//650 2061//1775
f 2061//1775 94//86 818//674
f 2058//1772 818//674 817//673
f 816//672 2058//1772 817//673
f 2064//1778 2068//1782 2067//1781
f 2065//1779 2069//1783 2068//1782
f 2068//1782 2070//1784 2067//1781
f 2069//1783 2071//1785 2068//1782
f 94//86 2064//1778 813//669
f 794//650 2065//1779 2064//1778
f 793//649 2066//1780 2065//1779
f 14//14 2066//1780 792//648
f 390//348 2069//1783 2066//1780
f 391//349 2072//1786 2069//1783
f 2072//1786 15//15 795//651
f 2072//1786 796//652 2071//1785
f 2071//1785 797//653 2070//1784
f 2070//1784 95//87 815//671
f 2067//1781 815//671 814//670
f 813//669 2067//1781 814//670
f 2073//1787 2077//1791 2076//1790
f 2074//1788 2078//1792 2077//1791
f 2077//1791 2079//1793 2076//1790
f 2078//1792 2080//1794 2077//1791
f 95//87 2073//1787 810//666
f 796//652 2073//1787 797//653
f 796//652 2075//1789 2074//1788
f 795//651 399//354 2075//1789
f 399//354 2078//1792 2075//1789
f 400//355 2081//1795 2078//1792
f 401//356 798//654 2081//1795
f 2081//1795 799//655 2080//1794
f 2080//1794 800//656 2079//1793
f 2079//1793 96//88 812//668
f 2076//1790 812//668 811//667
f 810//666 2076//1790 811//667
f 2082//1796 2086//1800 2085//1799
f 2083//1797 2087//1801 2086//1800
f 2086//1800 2088//1802 2085//1799
f 2087//1801 2089//1803 2086//1800
f 96//88 2082//1796 807//663
f 800//656 2083//1797 2082//1796
f 799//655 2084//1798 2083//1797
f 16//16 2084//1798 798//654
f 408//361 2087//1801 2084//1798
f 409//362 2090//1804 2087//1801
f 2090//1804 17//17 801//657
f 2090//1804 802//658 2089//1803
f 2088//1802 802//658 803//659
f 2088//1802 97//89 809//665
f 2085//1799 809//665 808//664
f 807//663 2085//1799 808//664
f 2091//1805 2095//1809 2094//1808
f 2093//1807 2095//1809 2092//1806
f 2095//1809 2097//1811 2094//1808
f 2096//1810 2098//1812 2095//1809
f 97//89 2091//1805 804//660
f 803//659 2092//1806 2091//1805
f 802//658 2093//1807 2092//1806
f 801//657 414//367 2093//1807
f 2093//1807 415//368 2096//1810
f 415//368 2099//1813 2096//1810
f 2099//1813 2//2 281//266
f 2099//1813 280//265 2098//1812
f 2098//1812 279//264 2097//1811
f 2097//1811 82//74 806//662
f 2094//1808 806//662 805//661
f 804//660 2094//1808 805//661
f 2100//1814 2104//1818 2103//1817
f 2101//1815 2105//1819 2104//1818
f 2103//1817 2107//1821 2106//1820
f 2105//1819 2107//1821 2104//1818
f 462//415 282//267 2//2
f 463//416 2100//1814 462//415
f 464//417 2101//1815 463//416
f 33//33 2102//1816 464//417
f 465//418 2105//1819 2102//1816
f 2105//1819 467//420 2108//1822
f 467//420 285//270 2108//1822
f 2108//1822 286//271 2107//1821
f 2107//1821 287//272 2106//1820
f 284//269 287//272 3//3
f 2103//1817 284//269 283//268
f 282//267 2103//1817 283//268
f 2110//1824 2112//1826 2109//1823
f 2110//1824 2114//1828 2113//1827
f 2112//1826 2116//1830 2115//1829
f 2114//1828 2116//1830 2113//1827
f 287//272 291//275 3//3
f 286//271 2109//1823 287//272
f 285//270 2110//1824 286//271
f 285//270 468//421 2111//1825
f 468//421 2114//1828 2111//1825
f 2114//1828 470//423 2117//1831
f 2117//1831 19//19 294//278
f 2116//1830 294//278 295//279
f 2116//1830 296//280 2115//1829
f 2115//1829 4//4 293//277
f 2112//1826 293//277 292//276
f 2109//1823 292//276 291//275
f 2118//1832 2122//1836 2121//1835
f 2119//1833 2123//1837 2122//1836
f 2122//1836 2124//1838 2121//1835
f 2123//1837 2125//1839 2122//1836
f 296//280 300//282 4//4
f 295//279 2118//1832 296//280
f 294//278 2119//1833 295//279
f 19//19 2120//1834 294//278
f 2120//1834 472//425 2123//1837
f 2123//1837 473//426 2126//1840
f 473//426 303//285 2126//1840
f 2126//1840 304//286 2125//1839
f 2125//1839 305//287 2124//1838
f 302//284 305//287 5//5
f 2121//1835 302//284 301//283
f 2118//1832 301//283 300//282
f 2127//1841 2131//1845 2130//1844
f 2128//1842 2132//1846 2131//1845
f 2131//1845 2133//1847 2130//1844
f 2131//1845 2135//1849 2134//1848
f 5//5 2127//1841 309//289
f 305//287 2128//1842 2127//1841
f 303//285 2128//1842 304//286
f 20//20 2129//1843 303//285
f 2129//1843 475//428 2132//1846
f 2132//1846 476//429 2135//1849
f 476//429 312//292 2135//1849
f 2135//1849 313//293 2134//1848
f 2133//1847 313//293 314//294
f 2133//1847 6//6 311//291
f 2130//1844 311//291 310//290
f 2127//1841 310//290 309//289
f 2136//1850 2140//1854 2139//1853
f 2137//1851 2141//1855 2140//1854
f 2140//1854 2142//1856 2139//1853
f 2140//1854 2144//1858 2143//1857
f 6//6 2136//1850 318//296
f 313//293 2136//1850 314//294
f 312//292 2137//1851 313//293
f 21//21 2138//1852 312//292
f 2138//1852 478//431 2141//1855
f 2141//1855 479//432 2144//1858
f 2144//1858 22//22 321//299
f 2144//1858 322//300 2143//1857
f 2142//1856 322//300 323//301
f 2142//1856 7//7 320//298
f 2139//1853 320//298 319//297
f 318//296 2139//1853 319//297
f 2145//1859 2149//1863 2148//1862
f 2147//1861 2149//1863 2146//1860
f 2148//1862 2152//1866 2151//1865
f 2150//1864 2152//1866 2149//1863
f 323//301 327//304 7//7
f 323//301 2146//1860 2145//1859
f 321//299 2146//1860 322//300
f 321//299 480//433 2147//1861
f 2147//1861 481//434 2150//1864
f 2150//1864 482//435 2153//1867
f 482//435 330//307 2153//1867
f 2153//1867 331//308 2152//1866
f 2152//1866 332//309 2151//1865
f 329//306 332//309 8//8
f 2148//1862 329//306 328//305
f 327//304 2148//1862 328//305
f 2155//1869 2157//1871 2154//1868
f 2155//1869 2159//1873 2158//1872
f 2158//1872 2160//1874 2157//1871
f 2159//1873 2161//1875 2158//1872
f 8//8 2154//1868 336//310
f 331//308 2154//1868 332//309
f 330//307 2155//1869 331//308
f 23//23 2156//1870 330//307
f 2156//1870 484//437 2159//1873
f 2159//1873 485//438 2162//1876
f 485//438 339//313 2162//1876
f 2162//1876 340//314 2161//1875
f 2160//1874 340//314 341//315
f 2160//1874 9//9 338//312
f 2157//1871 338//312 337//311
f 336//310 2157//1871 337//311
f 2164//1878 2166//1880 2163//1877
f 2164//1878 2168//1882 2167//1881
f 2166//1880 2170//1884 2169//1883
f 2168//1882 2170//1884 2167//1881
f 9//9 2163//1877 345//316
f 340//314 2163//1877 341//315
f 339//313 2164//1878 340//314
f 24//24 2165//1879 339//313
f 486//439 2168//1882 2165//1879
f 2168//1882 488//441 2171//1885
f 2171//1885 25//25 348//319
f 2171//1885 349//320 2170//1884
f 2170//1884 350//321 2169//1883
f 2169//1883 10//10 347//318
f 2166//1880 347//318 346//317
f 2163//1877 346//317 345//316
f 2173//1887 2175//1889 2172//1886
f 2173//1887 2177//1891 2176//1890
f 2176//1890 2178//1892 2175//1889
f 2177//1891 2179//1893 2176//1890
f 350//321 354//323 10//10
f 349//320 2172//1886 350//321
f 348//319 2173//1887 349//320
f 348//319 489//442 2174//1888
f 2174//1888 490//443 2177//1891
f 2177//1891 491//444 2180//1894
f 491//444 357//326 2180//1894
f 2179//1893 357//326 358//327
f 2179//1893 359//328 2178//1892
f 2178//1892 11//11 356//325
f 355//324 2178//1892 356//325
f 354//323 2175//1889 355//324
f 2182//1896 2184//1898 2181//1895
f 2182//1896 2186//1900 2185//1899
f 2185//1899 2187//1901 2184//1898
f 2185//1899 2189//1903 2188//1902
f 11//11 2181//1895 363//330
f 358//327 2181//1895 359//328
f 358//327 2183//1897 2182//1896
f 26//26 2183//1897 357//326
f 2183//1897 493//446 2186//1900
f 2186//1900 494//447 2189//1903
f 494//447 366//333 2189//1903
f 2189//1903 367//334 2188//1902
f 2188//1902 368//335 2187//1901
f 2187//1901 12//12 365//332
f 2184//1898 365//332 364//331
f 2181//1895 364//331 363//330
f 2190//1904 2194//1908 2193//1907
f 2191//1905 2195//1909 2194//1908
f 2194//1908 2196//1910 2193//1907
f 2194//1908 2198//1912 2197//1911
f 12//12 2190//1904 372//336
f 367//334 2190//1904 368//335
f 366//333 2191//1905 367//334
f 27//27 2192//1906 366//333
f 2192//1906 496//449 2195//1909
f 496//449 2198//1912 2195//1909
f 497//450 375//339 2198//1912
f 2198//1912 376//340 2197//1911
f 2197//1911 377//341 2196//1910
f 2196//1910 13//13 374//338
f 2193//1907 374//338 373//337
f 372//336 2193//1907 373//337
f 2200//1914 2202//1916 2199//1913
f 2200//1914 2204//1918 2203//1917
f 2203//1917 2205//1919 2202//1916
f 2204//1918 2206//1920 2203//1917
f 13//13 2199//1913 381//342
f 376//340 2199//1913 377//341
f 375//339 2200//1914 376//340
f 28//28 2201//1915 375//339
f 2201//1915 499//452 2204//1918
f 2204//1918 500//453 2207//1921
f 2207//1921 29//29 384//345
f 2207//1921 385//346 2206//1920
f 2206//1920 386//347 2205//1919
f 383//344 386//347 14//14
f 2202//1916 383//344 382//343
f 381//342 2202//1916 382//343
f 2209//1923 2211//1925 2208//1922
f 2210//1924 2212//1926 2209//1923
f 2212//1926 2214//1928 2211//1925
f 2212//1926 2216//1930 2215//1929
f 14//14 2208//1922 390//348
f 385//346 2208//1922 386//347
f 384//345 2209//1923 385//346
f 384//345 501//454 2210//1924
f 2210//1924 502//455 2213//1927
f 502//455 2216//1930 2213//1927
f 2216//1930 30//30 393//351
f 2216//1930 394//352 2215//1929
f 2214//1928 394//352 395//353
f 2214//1928 15//15 392//350
f 2211//1925 392//350 391//349
f 2208//1922 391//349 390//348
f 2217//1931 2221//1935 2220//1934
f 2219//1933 2221//1935 2218//1932
f 2221//1935 2223//1937 2220//1934
f 2222//1936 2224//1938 2221//1935
f 395//353 399//354 15//15
f 395//353 2218//1932 2217//1931
f 393//351 2218//1932 394//352
f 30//30 2219//1933 393//351
f 2219//1933 505//458 2222//1936
f 2222//1936 506//459 2225//1939
f 506//459 402//357 2225//1939
f 2225//1939 403//358 2224//1938
f 2223//1937 403//358 404//359
f 401//356 404//359 16//16
f 400//355 2223//1937 401//356
f 2217//1931 400//355 399//354
f 2227//1941 2229//1943 2226//1940
f 2227//1941 2231//1945 2230//1944
f 2230//1944 2232//1946 2229//1943
f 2231//1945 2233//1947 2230//1944
f 404//359 408//361 16//16
f 404//359 2227//1941 2226//1940
f 403//358 2228//1942 2227//1941
f 31//31 2228//1942 402//357
f 2228//1942 508//461 2231//1945
f 2231//1945 509//462 2234//1948
f 509//462 411//364 2234//1948
f 2234//1948 412//365 2233//1947
f 2233//1947 413//366 2232//1946
f 410//363 413//366 17//17
f 409//362 2232//1946 410//363
f 408//361 2229//1943 409//362
f 2236//1950 2238//1952 2235//1949
f 2236//1950 2240//1954 2239//1953
f 2239//1953 2241//1955 2238//1952
f 2240//1954 2242//1956 2239//1953
f 413//366 414//367 17//17
f 413//366 2236//1950 2235//1949
f 411//364 2236//1950 412//365
f 411//364 510//463 2237//1951
f 510//463 2240//1954 2237//1951
f 511//464 2243//1957 2240//1954
f 2243//1957 33//33 464//417
f 2243//1957 463//416 2242//1956
f 2242//1956 462//415 2241//1955
f 416//369 462//415 2//2
f 2238//1952 416//369 415//368
f 2235//1949 415//368 414//367
f 2244//1958 2248//1962 2247//1961
f 2245//1959 2249//1963 2248//1962
f 2248//1962 2250//1964 2247//1961
f 2249//1963 2251//1965 2248//1962
f 65//65 2244//1958 657//610
f 513//466 2245//1959 2244//1958
f 514//467 2246//1960 2245//1959
f 515//468 516//469 2246//1960
f 2246//1960 517//470 2249//1963
f 2249//1963 518//471 2252//1966
f 518//471 564//517 2252//1966
f 2252//1966 565//518 2251//1965
f 2251//1965 566//519 2250//1964
f 2250//1964 50//50 659//612
f 658//611 2250//1964 659//612
f 2244//1958 658//611 657//610
f 2253//1967 2257//1971 2256//1970
f 2255//1969 2257//1971 2254//1968
f 2257//1971 2259//1973 2256//1970
f 2258//1972 2260//1974 2257//1971
f 566//519 654//607 50//50
f 566//519 2254//1968 2253//1967
f 565//518 2255//1969 2254//1968
f 564//517 519//472 2255//1969
f 2255//1969 520//473 2258//1972
f 520//473 2261//1975 2258//1972
f 521//474 567//520 2261//1975
f 2261//1975 568//521 2260//1974
f 2260//1974 569//522 2259//1973
f 2259//1973 51//51 656//609
f 2256//1970 656//609 655//608
f 654//607 2256//1970 655//608
f 2263//1977 2265//1979 2262//1976
f 2263//1977 2267//1981 2266//1980
f 2266//1980 2268//1982 2265//1979
f 2267//1981 2269//1983 2266//1980
f 51//51 2262//1976 651//604
f 569//522 2263//1977 2262//1976
f 568//521 2264//1978 2263//1977
f 567//520 522//475 2264//1978
f 2264//1978 523//476 2267//1981
f 523//476 2270//1984 2267//1981
f 524//477 570//523 2270//1984
f 2270//1984 571//524 2269//1983
f 2269//1983 572//525 2268//1982
f 2268//1982 52//52 653//606
f 2265//1979 653//606 652//605
f 651//604 2265//1979 652//605
f 2271//1985 2275//1989 2274//1988
f 2272//1986 2276//1990 2275//1989
f 2274//1988 2278//1992 2277//1991
f 2276//1990 2278//1992 2275//1989
f 52//52 2271//1985 648//601
f 572//525 2272//1986 2271//1985
f 571//524 2273//1987 2272//1986
f 570//523 525//478 2273//1987
f 2273//1987 526//479 2276//1990
f 526//479 2279//1993 2276//1990
f 527//480 573//526 2279//1993
f 2279//1993 574//527 2278//1992
f 2277//1991 574//527 575//528
f 2277//1991 53//53 650//603
f 2274//1988 650//603 649//602
f 648//601 2274//1988 649//602
f 2281//1995 2283//1997 2280//1994
f 2281//1995 2285//1999 2284//1998
f 2283//1997 2287//2001 2286//2000
f 2285//1999 2287//2001 2284//1998
f 53//53 2280//1994 645//598
f 575//528 2281//1995 2280//1994
f 574//527 2282//1996 2281//1995
f 573//526 528//481 2282//1996
f 2282//1996 529//482 2285//1999
f 529//482 2288//2002 2285//1999
f 530//483 576//529 2288//2002
f 2288//2002 577//530 2287//2001
f 2287//2001 578//531 2286//2000
f 647//600 578//531 54//54
f 646//599 2286//2000 647//600
f 645//598 2283//1997 646//599
f 2290//2004 2292//2006 2289//2003
f 2290//2004 2294//2008 2293//2007
f 2293//2007 2295//2009 2292//2006
f 2294//2008 2296//2010 2293//2007
f 54//54 2289//2003 642//595
f 578//531 2290//2004 2289//2003
f 576//529 2290//2004 577//530
f 576//529 531//484 2291//2005
f 2291//2005 532//485 2294//2008
f 532//485 2297//2011 2294//2008
f 533//486 579//532 2297//2011
f 2297//2011 580//533 2296//2010
f 2296//2010 581//534 2295//2009
f 2295//2009 55//55 644//597
f 2292//2006 644//597 643//596
f 2289//2003 643//596 642//595
f 2298//2012 2302//2016 2301//2015
f 2299//2013 2303//2017 2302//2016
f 2301//2015 2305//2019 2304//2018
f 2303//2017 2305//2019 2302//2016
f 55//55 2298//2012 639//592
f 581//534 2299//2013 2298//2012
f 580//533 2300//2014 2299//2013
f 40//40 2300//2014 579//532
f 534//487 2303//2017 2300//2014
f 535//488 2306//2020 2303//2017
f 2306//2020 41//41 582//535
f 2306//2020 583//536 2305//2019
f 2305//2019 584//537 2304//2018
f 2304//2018 56//56 641//594
f 2301//2015 641//594 640//593
f 2298//2012 640//593 639//592
f 2307//2021 2311//2025 2310//2024
f 2308//2022 2312//2026 2311//2025
f 2310//2024 2314//2028 2313//2027
f 2312//2026 2314//2028 2311//2025
f 584//537 636//589 56//56
f 584//537 2308//2022 2307//2021
f 583//536 2309//2023 2308//2022
f 582//535 537//490 2309//2023
f 537//490 2312//2026 2309//2023
f 538//491 2315//2029 2312//2026
f 2315//2029 42//42 585//538
f 2315//2029 586//539 2314//2028
f 2314//2028 587//540 2313//2027
f 638//591 587//540 57//57
f 2310//2024 638//591 637//590
f 2307//2021 637//590 636//589
f 2317//2031 2319//2033 2316//2030
f 2318//2032 2320//2034 2317//2031
f 2320//2034 2322//2036 2319//2033
f 2320//2034 2324//2038 2323//2037
f 587//540 633//586 57//57
f 587//540 2317//2031 2316//2030
f 586//539 2318//2032 2317//2031
f 585//538 540//493 2318//2032
f 2318//2032 541//494 2321//2035
f 541//494 2324//2038 2321//2035
f 542//495 588//541 2324//2038
f 2324//2038 589//542 2323//2037
f 2323//2037 590//543 2322//2036
f 635//588 590//543 58//58
f 634//587 2322//2036 635//588
f 2316//2030 634//587 633//586
f 2325//2039 2329//2043 2328//2042
f 2326//2040 2330//2044 2329//2043
f 2328//2042 2332//2046 2331//2045
f 2330//2044 2332//2046 2329//2043
f 58//58 2325//2039 630//583
f 590//543 2326//2040 2325//2039
f 588//541 2326//2040 589//542
f 588//541 543//496 2327//2041
f 2327//2041 544//497 2330//2044
f 544//497 2333//2047 2330//2044
f 545//498 591//544 2333//2047
f 2333//2047 592//545 2332//2046
f 2332//2046 593//546 2331//2045
f 2331//2045 59//59 632//585
f 631//584 2331//2045 632//585
f 630//583 2328//2042 631//584
f 2334//2048 2338//2052 2337//2051
f 2335//2049 2339//2053 2338//2052
f 2338//2052 2340//2054 2337//2051
f 2339//2053 2341//2055 2338//2052
f 59//59 2334//2048 627//580
f 593//546 2335//2049 2334//2048
f 592//545 2336//2050 2335//2049
f 44//44 2336//2050 591//544
f 2336//2050 547//500 2339//2053
f 547//500 2342//2056 2339//2053
f 548//501 594//547 2342//2056
f 2342//2056 595//548 2341//2055
f 2341//2055 596//549 2340//2054
f 2340//2054 60//60 629//582
f 2337//2051 629//582 628//581
f 2334//2048 628//581 627//580
f 2343//2057 2347//2061 2346//2060
f 2344//2058 2348//2062 2347//2061
f 2347//2061 2349//2063 2346//2060
f 2348//2062 2350//2064 2347//2061
f 60//60 2343//2057 624//577
f 596//549 2344//2058 2343//2057
f 595//548 2345//2059 2344//2058
f 594//547 549//502 2345//2059
f 2345//2059 550//503 2348//2062
f 2348//2062 551//504 2351//2065
f 551//504 597//550 2351//2065
f 2351//2065 598//551 2350//2064
f 2350//2064 599//552 2349//2063
f 2349//2063 61//61 626//579
f 2346//2060 626//579 625//578
f 624//577 2346//2060 625//578
f 2352//2066 2356//2070 2355//2069
f 2354//2068 2356//2070 2353//2067
f 2356//2070 2358//2072 2355//2069
f 2357//2071 2359//2073 2356//2070
f 61//61 2352//2066 621//574
f 598//551 2352//2066 599//552
f 598//551 2354//2068 2353//2067
f 597//550 552//505 2354//2068
f 2354//2068 553//506 2357//2071
f 553//506 2360//2074 2357//2071
f 2360//2074 47//47 600//553
f 2360//2074 601//554 2359//2073
f 2359//2073 602//555 2358//2072
f 2358//2072 62//62 623//576
f 2355//2069 623//576 622//575
f 2352//2066 622//575 621//574
f 2362//2076 2364//2078 2361//2075
f 2363//2077 2365//2079 2362//2076
f 2365//2079 2367//2081 2364//2078
f 2366//2080 2368//2082 2365//2079
f 62//62 2361//2075 618//571
f 602//555 2362//2076 2361//2075
f 601//554 2363//2077 2362//2076
f 600//553 555//508 2363//2077
f 2363//2077 556//509 2366//2080
f 556//509 2369//2083 2366//2080
f 557//510 603//556 2369//2083
f 2368//2082 603//556 604//557
f 2368//2082 605//558 2367//2081
f 620//573 605//558 63//63
f 2364//2078 620//573 619//572
f 618//571 2364//2078 619//572
f 2370//2084 2374//2088 2373//2087
f 2371//2085 2375//2089 2374//2088
f 2374//2088 2376//2090 2373//2087
f 2374//2088 2378//2092 2377//2091
f 605//558 615//568 63//63
f 605//558 2371//2085 2370//2084
f 604//557 2372//2086 2371//2085
f 48//48 2372//2086 603//556
f 2372//2086 559//512 2375//2089
f 559//512 2378//2092 2375//2089
f 560//513 606//559 2378//2092
f 2378//2092 607//560 2377//2091
f 2377//2091 608//561 2376//2090
f 617//570 608//561 64//64
f 616//569 2376//2090 617//570
f 2370//2084 616//569 615//568
f 2379//2093 2383//2097 2382//2096
f 2380//2094 2384//2098 2383//2097
f 2383//2097 2385//2099 2382//2096
f 2384//2098 2386//2100 2383//2097
f 64//64 2379//2093 612//565
f 608//561 2380//2094 2379//2093
f 607//560 2381//2095 2380//2094
f 606//559 561//514 2381//2095
f 2381//2095 562//515 2384//2098
f 562//515 2387//2101 2384//2098
f 2387//2101 34//34 515//468
f 2387//2101 514//467 2386//2100
f 2386//2100 513//466 2385//2099
f 614//567 513//466 65//65
f 613//566 2385//2099 614//567
f 2379//2093 613//566 612//565
f 2389//2103 2391//2105 2388//2102
f 2390//2104 2392//2106 2389//2103
f 2392//2106 2394//2108 2391//2105
f 2393//2107 2395//2109 2392//2106
f 32//32 2388//2102 510//463
f 461//414 2389//2103 2388//2102
f 460//413 2390//2104 2389//2103
f 459//412 612//565 2390//2104
f 2390//2104 613//566 2393//2107
f 613//566 2396//2110 2393//2107
f 614//567 611//564 2396//2110
f 2396//2110 610//563 2395//2109
f 2395//2109 609//562 2394//2108
f 2394//2108 33//33 512//465
f 511//464 2394//2108 512//465
f 510//463 2391//2105 511//464
f 2398//2112 2400//2114 2397//2111
f 2398//2112 2402//2116 2401//2115
f 2400//2114 2404//2118 2403//2117
f 2402//2116 2404//2118 2401//2115
f 31//31 2397//2111 507//460
f 458//411 2398//2112 2397//2111
f 457//410 2399//2113 2398//2112
f 456//409 615//568 2399//2113
f 2399//2113 616//569 2402//2116
f 616//569 2405//2119 2402//2116
f 617//570 459//412 2405//2119
f 2404//2118 459//412 460//413
f 2404//2118 461//414 2403//2117
f 2403//2117 32//32 509//462
f 2400//2114 509//462 508//461
f 2397//2111 508//461 507//460
f 2407//2121 2409//2123 2406//2120
f 2407//2121 2411//2125 2410//2124
f 2410//2124 2412//2126 2409//2123
f 2411//2125 2413//2127 2410//2124
f 455//408 504//457 30//30
f 455//408 2407//2121 2406//2120
f 453//406 2407//2121 454//407
f 453//406 618//571 2408//2122
f 2408//2122 619//572 2411//2125
f 2411//2125 620//573 2414//2128
f 620//573 456//409 2414//2128
f 2413//2127 456//409 457//410
f 2413//2127 458//411 2412//2126
f 2412//2126 31//31 506//459
f 505//458 2412//2126 506//459
f 2406//2120 505//458 504//457
f 2415//2129 2419//2133 2418//2132
f 2417//2131 2419//2133 2416//2130
f 2418//2132 2422//2136 2421//2135
f 2420//2134 2422//2136 2419//2133
f 29//29 2415//2129 501//454
f 451//404 2415//2129 452//405
f 450//403 2416//2130 451//404
f 450//403 621//574 2417//2131
f 2417//2131 622//575 2420//2134
f 2420//2134 623//576 2423//2137
f 2423//2137 62//62 453//406
f 2422//2136 453//406 454//407
f 2422//2136 455//408 2421//2135
f 2421//2135 30//30 503//456
f 502//455 2421//2135 503//456
f 2415//2129 502//455 501//454
f 2425//2139 2427//2141 2424//2138
f 2425//2139 2429//2143 2428//2142
f 2428//2142 2430//2144 2427//2141
f 2428//2142 2432//2146 2431//2145
f 28//28 2424//2138 498//451
f 449//402 2425//2139 2424//2138
f 447//400 2425//2139 448//401
f 60//60 2426//2140 447//400
f 624//577 2429//2143 2426//2140
f 2429//2143 626//579 2432//2146
f 626//579 450//403 2432//2146
f 2432//2146 451//404 2431//2145
f 2430//2144 451//404 452//405
f 2430//2144 29//29 500//453
f 499//452 2430//2144 500//453
f 2424//2138 499//452 498//451
f 2434//2148 2436//2150 2433//2147
f 2434//2148 2438//2152 2437//2151
f 2437//2151 2439//2153 2436//2150
f 2438//2152 2440//2154 2437//2151
f 27//27 2433//2147 495//448
f 446//399 2434//2148 2433//2147
f 444//397 2434//2148 445//398
f 444//397 627//580 2435//2149
f 2435//2149 628//581 2438//2152
f 2438//2152 629//582 2441//2155
f 629//582 447//400 2441//2155
f 2441//2155 448//401 2440//2154
f 2439//2153 448//401 449//402
f 2439//2153 28//28 497//450
f 496//449 2439//2153 497//450
f 2433//2147 496//449 495//448
f 2443//2157 2445//2159 2442//2156
f 2443//2157 2447//2161 2446//2160
f 2446//2160 2448//2162 2445//2159
f 2447//2161 2449//2163 2446//2160
f 26//26 2442//2156 492//445
f 443//396 2443//2157 2442//2156
f 441//394 2443//2157 442//395
f 58//58 2444//2158 441//394
f 2444//2158 631//584 2447//2161
f 631//584 2450//2164 2447//2161
f 2450//2164 59//59 444//397
f 2450//2164 445//398 2449//2163
f 2448//2162 445//398 446//399
f 2448//2162 27//27 494//447
f 493//446 2448//2162 494//447
f 2442//2156 493//446 492//445
f 2451//2165 2455//2169 2454//2168
f 2452//2166 2456//2170 2455//2169
f 2454//2168 2458//2172 2457//2171
f 2455//2169 2459//2173 2458//2172
f 25//25 2451//2165 489//442
f 440//393 2452//2166 2451//2165
f 438//391 2452//2166 439//392
f 57//57 2453//2167 438//391
f 2453//2167 634//587 2456//2170
f 634//587 2459//2173 2456//2170
f 2459//2173 58//58 441//394
f 2459//2173 442//395 2458//2172
f 2458//2172 443//396 2457//2171
f 2457//2171 26//26 491//444
f 490//443 2457//2171 491//444
f 2451//2165 490//443 489//442
f 2461//2175 2463//2177 2460//2174
f 2462//2176 2464//2178 2461//2175
f 2463//2177 2467//2181 2466//2180
f 2465//2179 2467//2181 2464//2178
f 24//24 2460//2174 486//439
f 437//390 2461//2175 2460//2174
f 435//388 2461//2175 436//389
f 435//388 636//589 2462//2176
f 2462//2176 637//590 2465//2179
f 2465//2179 638//591 2468//2182
f 638//591 438//391 2468//2182
f 2467//2181 438//391 439//392
f 2466//2180 439//392 440//393
f 2466//2180 25//25 488//441
f 2463//2177 488//441 487//440
f 2460//2174 487//440 486//439
f 2470//2184 2472//2186 2469//2183
f 2470//2184 2474//2188 2473//2187
f 2473//2187 2475//2189 2472//2186
f 2474//2188 2476//2190 2473//2187
f 23//23 2469//2183 483//436
f 433//386 2469//2183 434//387
f 433//386 2471//2185 2470//2184
f 432//385 639//592 2471//2185
f 2471//2185 640//593 2474//2188
f 640//593 2477//2191 2474//2188
f 641//594 435//388 2477//2191
f 2476//2190 435//388 436//389
f 2476//2190 437//390 2475//2189
f 2475//2189 24//24 485//438
f 484//437 2475//2189 485//438
f 2469//2183 484//437 483//436
f 2478//2192 2482//2196 2481//2195
f 2479//2193 2483//2197 2482//2196
f 2482//2196 2484//2198 2481//2195
f 2483//2197 2485//2199 2482//2196
f 22//22 2478//2192 480//433
f 431//384 2479//2193 2478//2192
f 429//382 2479//2193 430//383
f 54//54 2480//2194 429//382
f 2480//2194 643//596 2483//2197
f 2483//2197 644//597 2486//2200
f 644//597 432//385 2486//2200
f 2486//2200 433//386 2485//2199
f 2485//2199 434//387 2484//2198
f 482//435 434//387 23//23
f 481//434 2484//2198 482//435
f 2478//2192 481//434 480//433
f 2488//2202 2490//2204 2487//2201
f 2488//2202 2492//2206 2491//2205
f 2490//2204 2494//2208 2493//2207
f 2491//2205 2495//2209 2494//2208
f 21//21 2487//2201 477//430
f 428//381 2488//2202 2487//2201
f 426//379 2488//2202 427//380
f 426//379 645//598 2489//2203
f 645//598 2492//2206 2489//2203
f 646//599 2495//2209 2492//2206
f 647//600 429//382 2495//2209
f 2494//2208 429//382 430//383
f 2493//2207 430//383 431//384
f 2493//2207 22//22 479//432
f 2490//2204 479//432 478//431
f 2487//2201 478//431 477//430
f 2497//2211 2499//2213 2496//2210
f 2497//2211 2501//2215 2500//2214
f 2500//2214 2502//2216 2499//2213
f 2501//2215 2503//2217 2500//2214
f 20//20 2496//2210 474//427
f 425//378 2497//2211 2496//2210
f 423//376 2497//2211 424//377
f 52//52 2498//2212 423//376
f 648//601 2501//2215 2498//2212
f 2501//2215 650//603 2504//2218
f 2504//2218 53//53 426//379
f 2504//2218 427//380 2503//2217
f 2503//2217 428//381 2502//2216
f 2502//2216 21//21 476//429
f 475//428 2502//2216 476//429
f 2496//2210 475//428 474//427
f 2506//2220 2508//2222 2505//2219
f 2506//2220 2510//2224 2509//2223
f 2508//2222 2512//2226 2511//2225
f 2510//2224 2512//2226 2509//2223
f 19//19 2505//2219 471//424
f 422//375 2506//2220 2505//2219
f 420//373 2506//2220 421//374
f 51//51 2507//2221 420//373
f 2507//2221 652//605 2510//2224
f 652//605 2513//2227 2510//2224
f 2513//2227 52//52 423//376
f 2513//2227 424//377 2512//2226
f 2511//2225 424//377 425//378
f 2511//2225 20//20 473//426
f 472//425 2511//2225 473//426
f 2505//2219 472//425 471//424
f 2514//2228 2518//2232 2517//2231
f 2515//2229 2519//2233 2518//2232
f 2517//2231 2521//2235 2520//2234
f 2518//2232 2522//2236 2521//2235
f 419//372 468//421 18//18
f 419//372 2515//2229 2514//2228
f 417//370 2515//2229 418//371
f 50//50 2516//2230 417//370
f 2516//2230 655//608 2519//2233
f 655//608 2522//2236 2519//2233
f 2522//2236 51//51 420//373
f 2522//2236 421//374 2521//2235
f 2521//2235 422//375 2520//2234
f 2520//2234 19//19 470//423
f 469//422 2520//2234 470//423
f 2514//2228 469//422 468//421
f 2524//2238 2526//2240 2523//2237
f 2525//2239 2527//2241 2524//2238
f 2526//2240 2530//2244 2529//2243
f 2528//2242 2530//2244 2527//2241
f 609//562 465//418 33//33
f 609//562 2524//2238 2523//2237
f 611//564 2524//2238 610//563
f 65//65 2525//2239 611//564
f 2525//2239 658//611 2528//2242
f 2528//2242 659//612 2531//2245
f 2531//2245 50//50 417//370
f 2530//2244 417//370 418//371
f 2529//2243 418//371 419//372
f 2529//2243 18//18 467//420
f 466//419 2529//2243 467//420
f 2523//2237 466//419 465//418
f 2534//329 2538//72 2533//1
f 2535//262 2532//2246 2534//329
f 2537//295 2532//2246 2536//1
f 407//71 663//69 1//1
f 406//360 2533//1 407//71
f 2533//1 664//263 663//69
f 81//73 2535//262 405//303
f 708//302 2536//1 2535//262
f 405//303 2534//329 406//360
f 67//66 2537//295 710//66
f 665//613 2538//72 2537//295
f 710//66 2536//1 709//66
f 2541//2248 2545//2250 2540//302
f 2542//2249 2539//2247 2541//2248
f 2544//288 2539//2247 2543//1
f 398//73 407//71 1//1
f 397//73 2540//302 398//73
f 2540//302 406//360 407//71
f 80//72 2542//2249 396//303
f 711//302 2543//1 2542//2249
f 396//303 2541//2248 397//73
f 81//73 2544//288 713//302
f 405//303 2545//2250 2544//288
f 713//302 2543//1 712//302
f 2548//274 2552//2249 2547//72
f 2549//613 2546//2251 2548//274
f 2551//281 2546//2251 2550//1
f 389//73 398//73 1//1
f 388//72 2547//72 389//73
f 2547//72 397//73 398//73
f 79//72 2549//613 387//68
f 714//360 2550//1 2549//613
f 387//68 2548//274 388//72
f 80//72 2551//281 716//360
f 396//303 2552//2249 2551//281
f 716//360 2550//1 715//302
f 2555//2253 2559//2254 2554//72
f 2556//303 2553//2252 2555//2253
f 2558//329 2553//2252 2557//1
f 380//71 389//73 1//1
f 379//72 2554//72 380//71
f 2554//72 388//72 389//73
f 78//71 2556//303 378//68
f 717//72 2557//1 2556//303
f 378//68 2555//2253 379//72
f 79//72 2558//329 719//72
f 387//68 2559//2254 2558//329
f 719//72 2557//1 718//360
f 2562//263 2566//2256 2561//72
f 2563//295 2560//2255 2562//263
f 2565//322 2560//2255 2564//1
f 371//71 380//71 1//1
f 370//71 2561//72 371//71
f 2561//72 379//72 380//71
f 77//71 2563//295 369//329
f 720//614 2564//1 2563//295
f 369//329 2562//263 370//71
f 78//71 2565//322 722//614
f 378//68 2566//2256 2565//322
f 722//614 2564//1 721//614
f 2569//2258 2573//2259 2568//273
f 2570//288 2567//2257 2569//2258
f 2572//263 2567//2257 2571//1
f 362//71 371//71 1//1
f 361//71 2568//273 362//71
f 2568//273 370//71 371//71
f 76//70 2570//288 360//329
f 723//273 2571//1 2570//288
f 360//329 2569//2258 361//71
f 77//71 2572//263 725//273
f 369//329 2573//2259 2572//263
f 725//273 2571//1 724//273
f 2576//2261 2580//295 2575//71
f 2577//281 2574//2260 2576//2261
f 2579//2262 2574//2260 2578//1
f 353//1 362//71 1//1
f 352//70 2575//71 353//1
f 2575//71 361//71 362//71
f 75//70 2577//281 351//322
f 726//262 2578//1 2577//281
f 351//322 2576//2261 352//70
f 76//70 2579//2262 728//262
f 360//329 2580//295 2579//2262
f 728//262 2578//1 727//273
f 2583//360 2587//288 2582//70
f 2584//329 2581//2263 2583//360
f 2586//302 2581//2263 2585//1
f 344//1 353//1 1//1
f 343//70 2582//70 344//1
f 2582//70 352//70 353//1
f 74//69 2584//329 342//66
f 729//70 2585//1 2584//329
f 342//66 2583//360 343//70
f 75//70 2586//302 731//70
f 351//322 2587//288 2586//302
f 731//70 2585//1 730//262
f 2590//614 2594//281 2589//69
f 2591//322 2588//2264 2590//614
f 2593//360 2588//2264 2592//1
f 335//1 344//1 1//1
f 334//303 2589//69 335//1
f 2589//69 343//70 344//1
f 73//69 2591//322 333//302
f 732//613 2592//1 2591//322
f 333//302 2590//614 334//303
f 74//69 2593//360 734//613
f 342//66 2594//281 2593//360
f 734//613 2592//1 733//613
f 2597//273 2601//329 2596//69
f 2598//263 2595//2265 2597//273
f 2600//2266 2595//2265 2599//1
f 326//73 335//1 1//1
f 325//303 2596//69 326//73
f 2596//69 334//303 335//1
f 72//68 2598//263 324//302
f 735//303 2599//1 2598//263
f 324//302 2597//273 325//303
f 73//69 2600//2266 737//303
f 333//302 2601//329 2600//2266
f 737//303 2599//1 736//303
f 2604//262 2608//322 2603//1
f 2605//2262 2602//2267 2604//262
f 2607//614 2602//2267 2606//1
f 317//73 326//73 1//1
f 316//295 2603//1 317//73
f 2603//1 325//303 326//73
f 71//68 2605//2262 315//72
f 738//295 2606//1 2605//2262
f 315//72 2604//262 316//295
f 72//68 2607//614 740//295
f 324//302 2608//322 2607//614
f 740//295 2606//1 739//303
f 2611//2249 2615//263 2610//1
f 2612//302 2609//2268 2611//2249
f 2614//273 2609//2268 2613//1
f 308//71 317//73 1//1
f 307//288 2610//1 308//71
f 2610//1 316//295 317//73
f 70//67 2612//302 306//72
f 741//68 2613//1 2612//302
f 306//72 2611//2249 307//288
f 71//68 2614//273 743//68
f 315//72 2615//263 2614//273
f 743//68 2613//1 742//295
f 2618//303 2622//2262 2617//1
f 2619//360 2616//2269 2618//303
f 2621//262 2616//2269 2620//1
f 299//71 308//71 1//1
f 298//281 2617//1 299//71
f 2617//1 307//288 308//71
f 69//67 2619//360 297//273
f 744//281 2620//1 2619//360
f 297//273 2618//303 298//281
f 70//67 2621//262 746//281
f 306//72 2622//2262 2621//262
f 746//281 2620//1 745//281
f 2625//303 2629//2262 2624//1
f 2626//2266 2623//2270 2625//303
f 2628//2249 2623//2270 2627//1
f 290//273 299//71 1//1
f 289//274 2624//1 290//273
f 2624//1 298//281 299//71
f 68//66 2626//2266 288//273
f 747//329 2627//1 2626//2266
f 288//273 2625//303 289//274
f 69//67 2628//2249 749//329
f 297//273 2629//2262 2628//2249
f 749//329 2627//1 748//329
f 2632//288 2636//302 2631//71
f 2633//614 2630//2271 2632//288
f 2635//613 2630//2271 2634//1
f 278//262 290//273 1//1
f 277//263 2631//71 278//262
f 2631//71 289//274 290//273
f 66//66 2633//614 276//262
f 750//322 2634//1 2633//614
f 276//262 2632//288 277//263
f 68//66 2635//613 752//322
f 288//273 2636//302 2635//613
f 752//322 2634//1 751//329
f 2639//68 2643//360 2638//1
f 2640//2273 2637//2272 2639//68
f 2642//303 2637//2272 2641//73
f 663//69 278//262 1//1
f 664//263 2638//1 663//69
f 2638//1 277//263 278//262
f 67//66 2640//2273 665//613
f 753//66 2641//73 2640//2273
f 665//613 2639//68 664//263
f 66//66 2642//303 755//66
f 276//262 2643//360 2642//303
f 755//66 2641//73 754//66
f 2645//1 2647//1 2644//67
f 2646//1 2648//1 2645//1
f 2647//1 2651//1 2650//73
f 2648//1 2652//71 2651//1
f 707//66 708//302 81//73
f 706//69 2644//67 707//66
f 705//1 2645//1 706//69
f 705//1 804//660 2646//1
f 2646//1 805//661 2649//69
f 805//661 2652//71 2649//69
f 806//662 758//1 2652//71
f 2651//1 758//1 757//69
f 2650//73 757//69 756//66
f 710//66 756//66 67//66
f 709//66 2650//73 710//66
f 2644//67 709//66 708//302
f 2654//1 2656//1 2653//73
f 2655//1 2657//1 2654//1
f 2656//1 2660//1 2659//71
f 2657//1 2661//70 2660//1
f 704//73 711//302 80//72
f 703//69 2653//73 704//73
f 702//1 2654//1 703//69
f 702//1 807//663 2655//1
f 2655//1 808//664 2658//69
f 808//664 2661//70 2658//69
f 809//665 705//1 2661//70
f 2660//1 705//1 706//69
f 2659//71 706//69 707//66
f 713//302 707//66 81//73
f 712//302 2659//71 713//302
f 2653//73 712//302 711//302
f 2663//1 2665//1 2662//73
f 2664//1 2666//1 2663//1
f 2665//1 2669//1 2668//71
f 2666//1 2670//69 2669//1
f 701//73 714//360 79//72
f 700//68 2662//73 701//73
f 699//1 2663//1 700//68
f 699//1 810//666 2664//1
f 810//666 2667//69 2664//1
f 811//667 2670//69 2667//69
f 812//668 702//1 2670//69
f 2669//1 702//1 703//69
f 2668//71 703//69 704//73
f 716//360 704//73 80//72
f 715//302 2668//71 716//360
f 2662//73 715//302 714//360
f 2672//1 2674//1 2671//73
f 2673//1 2675//1 2672//1
f 2674//1 2678//1 2677//71
f 2675//1 2679//69 2678//1
f 698//72 717//72 78//71
f 697//67 2671//73 698//72
f 696//1 2672//1 697//67
f 696//1 813//669 2673//1
f 813//669 2676//1 2673//1
f 814//670 2679//69 2676//1
f 815//671 699//1 2679//69
f 2678//1 699//1 700//68
f 2677//71 700//68 701//73
f 719//72 701//73 79//72
f 718//360 2677//71 719//72
f 2671//73 718//360 717//72
f 2681//1 2683//1 2680//73
f 2682//1 2684//1 2681//1
f 2683//1 2687//1 2686//71
f 2684//1 2688//1 2687//1
f 695//72 720//614 77//71
f 694//67 2680//73 695//72
f 693//1 2681//1 694//67
f 693//1 816//672 2682//1
f 2682//1 817//673 2685//67
f 817//673 2688//1 2685//67
f 2688//1 94//86 696//1
f 2687//1 696//1 697//67
f 2686//71 697//67 698//72
f 722//614 698//72 78//71
f 721//614 2686//71 722//614
f 2680//73 721//614 720//614
f 2690//1 2692//1 2689//72
f 2691//1 2693//1 2690//1
f 2692//1 2696//1 2695//1
f 2693//1 2697//68 2696//1
f 692//71 723//273 76//70
f 691//67 2689//72 692//71
f 690//1 2690//1 691//67
f 690//1 819//675 2691//1
f 2691//1 820//676 2694//67
f 820//676 2697//68 2694//67
f 821//677 693//1 2697//68
f 2696//1 693//1 694//67
f 2695//1 694//67 695//72
f 725//273 695//72 77//71
f 724//273 2695//1 725//273
f 2689//72 724//273 723//273
f 2699//1 2701//1 2698//71
f 2700//1 2702//1 2699//1
f 2701//1 2705//1 2704//69
f 2702//1 2706//67 2705//1
f 689//71 726//262 75//70
f 688//66 2698//71 689//71
f 687//1 2699//1 688//66
f 687//1 822//678 2700//1
f 2700//1 823//679 2703//67
f 823//679 2706//67 2703//67
f 824//680 690//1 2706//67
f 2705//1 690//1 691//67
f 2704//69 691//67 692//71
f 728//262 692//71 76//70
f 727//273 2704//69 728//262
f 2698//71 727//273 726//262
f 2708//1 2710//1 2707//71
f 2709//1 2711//1 2708//1
f 2710//1 2714//1 2713//69
f 2711//1 2715//67 2714//1
f 686//70 729//70 74//69
f 685//73 2707//71 686//70
f 684//1 2708//1 685//73
f 684//1 825//681 2709//1
f 2709//1 826//682 2712//1
f 826//682 2715//67 2712//1
f 827//683 687//1 2715//67
f 2714//1 687//1 688//66
f 2713//69 688//66 689//71
f 731//70 689//71 75//70
f 730//262 2713//69 731//70
f 2707//71 730//262 729//70
f 2717//1 2719//1 2716//71
f 2718//1 2720//1 2717//1
f 2719//1 2723//1 2722//69
f 2720//1 2724//67 2723//1
f 683//70 732//613 73//69
f 682//73 2716//71 683//70
f 681//1 2717//1 682//73
f 681//1 828//684 2718//1
f 2718//1 829//685 2721//73
f 829//685 2724//67 2721//73
f 830//686 684//1 2724//67
f 2723//1 684//1 685//73
f 2722//69 685//73 686//70
f 734//613 686//70 74//69
f 733//613 2722//69 734//613
f 2716//71 733//613 732//613
f 2726//1 2728//1 2725//69
f 2727//1 2729//1 2726//1
f 2728//1 2732//1 2731//67
f 2729//1 2733//66 2732//1
f 680//69 735//303 72//68
f 679//73 2725//69 680//69
f 678//1 2726//1 679//73
f 678//1 831//687 2727//1
f 2727//1 832//688 2730//73
f 832//688 2733//66 2730//73
f 833//689 681//1 2733//66
f 2732//1 681//1 682//73
f 2731//67 682//73 683//70
f 737//303 683//70 73//69
f 736//303 2731//67 737//303
f 2725//69 736//303 735//303
f 2735//1 2737//1 2734//69
f 2736//1 2738//1 2735//1
f 2737//1 2741//1 2740//67
f 2738//1 2742//73 2741//1
f 677//69 738//295 71//68
f 676//72 2734//69 677//69
f 675//1 2735//1 676//72
f 675//1 834//690 2736//1
f 834//690 2739//73 2736//1
f 835//691 2742//73 2739//73
f 836//692 678//1 2742//73
f 2741//1 678//1 679//73
f 2740//67 679//73 680//69
f 740//295 680//69 72//68
f 739//303 2740//67 740//295
f 2734//69 739//303 738//295
f 2744//1 2746//1 2743//69
f 2745//1 2747//1 2744//1
f 2746//1 2750//1 2749//67
f 2747//1 2751//73 2750//1
f 674//68 741//68 70//67
f 673//71 2743//69 674//68
f 672//1 2744//1 673//71
f 672//1 837//693 2745//1
f 837//693 2748//1 2745//1
f 838//694 2751//73 2748//1
f 839//695 675//1 2751//73
f 2750//1 675//1 676//72
f 2749//67 676//72 677//69
f 743//68 677//69 71//68
f 742//295 2749//67 743//68
f 2743//69 742//295 741//68
f 2753//1 2755//1 2752//69
f 2754//1 2756//1 2753//1
f 2755//1 2759//1 2758//67
f 2756//1 2760//73 2759//1
f 671//68 744//281 69//67
f 670//71 2752//69 671//68
f 669//1 2753//1 670//71
f 669//1 840//696 2754//1
f 2754//1 841//697 2757//71
f 841//697 2760//73 2757//71
f 842//698 672//1 2760//73
f 2759//1 672//1 673//71
f 2758//67 673//71 674//68
f 746//281 674//68 70//67
f 745//281 2758//67 746//281
f 2752//69 745//281 744//281
f 2762//1 2764//1 2761//68
f 2763//1 2765//1 2762//1
f 2764//1 2768//1 2767//1
f 2765//1 2769//72 2768//1
f 668//67 747//329 68//66
f 667//71 2761//68 668//67
f 666//1 2762//1 667//71
f 666//1 843//699 2763//1
f 2763//1 844//700 2766//71
f 844//700 2769//72 2766//71
f 845//701 669//1 2769//72
f 2768//1 669//1 670//71
f 2767//1 670//71 671//68
f 749//329 671//68 69//67
f 748//329 2767//1 749//329
f 2761//68 748//329 747//329
f 2771//1 2773//1 2770//67
f 2772//1 2774//1 2771//1
f 2773//1 2777//1 2776//73
f 2774//1 2778//71 2777//1
f 662//67 750//322 66//66
f 661//70 2770//67 662//67
f 660//1 2771//1 661//70
f 660//1 846//702 2772//1
f 2772//1 847//703 2775//71
f 847//703 2778//71 2775//71
f 848//704 666//1 2778//71
f 2777//1 666//1 667//71
f 2776//73 667//71 668//67
f 752//322 668//67 68//66
f 751//329 2776//73 752//322
f 2770//67 751//329 750//322
f 2780//1 2782//1 2779//67
f 2781//1 2783//1 2780//1
f 2782//1 2786//1 2785//73
f 2783//1 2787//71 2786//1
f 756//66 753//66 67//66
f 757//69 2779//67 756//66
f 758//1 2780//1 757//69
f 758//1 849//705 2781//1
f 2781//1 850//706 2784//71
f 2784//71 851//707 2787//71
f 851//707 660//1 2787//71
f 2786//1 660//1 661//70
f 2785//73 661//70 662//67
f 755//66 662//67 66//66
f 754//66 2785//73 755//66
f 2779//67 754//66 753//66
f 2788//2274 2792//2278 2791//2277
f 2789//2275 2793//2279 2792//2278
f 2791//2277 2795//2281 2794//2280
f 2793//2279 2795//2281 2792//2278
f 260//246 2788//2274 1953//1667
f 855//708 2789//2275 2788//2274
f 856//709 2790//2276 2789//2275
f 857//710 858//711 2790//2276
f 2790//2276 859//712 2793//2279
f 859//712 2796//2282 2793//2279
f 860//713 1863//1577 2796//2282
f 2796//2282 1864//1578 2795//2281
f 2795//2281 1865//1579 2794//2280
f 2794//2280 261//247 1955//1669
f 2791//2277 1955//1669 1954//1668
f 1953//1667 2791//2277 1954//1668
f 2799//2285 2803//2289 2798//2284
f 2800//2286 2797//2283 2799//2285
f 2802//2288 2797//2283 2801//2287
f 864//717 863//716 99//91
f 865//718 2798//2284 864//717
f 2798//2284 862//715 863//716
f 103//95 2800//2286 866//719
f 867//720 2801//2287 2800//2286
f 866//719 2799//2285 865//718
f 101//93 2802//2288 869//722
f 861//714 2803//2289 2802//2288
f 869//722 2801//2287 868//721
f 2805//2291 2807//2293 2804//2290
f 2805//2291 2809//2295 2808//2294
f 2807//2293 2811//2297 2810//2296
f 2809//2295 2811//2297 2808//2294
f 870//723 1185//1008 132//124
f 871//724 2804//2290 870//723
f 871//724 2806//2292 2805//2291
f 872//725 869//722 2806//2292
f 2806//2292 868//721 2809//2295
f 868//721 2812//2298 2809//2295
f 867//720 1095//918 2812//2298
f 2812//2298 1096//919 2811//2297
f 2810//2296 1096//919 1097//920
f 2810//2296 133//125 1187//1010
f 1186//1009 2810//2296 1187//1010
f 2804//2290 1186//1009 1185//1008
f 2813//2299 2817//2303 2816//2302
f 2814//2300 2818//2304 2817//2303
f 2817//2303 2819//2305 2816//2302
f 2818//2304 2820//2306 2817//2303
f 261//247 2813//2299 1950//1664
f 1865//1579 2814//2300 2813//2299
f 1863//1577 2814//2300 1864//1578
f 1863//1577 879//730 2815//2301
f 2815//2301 880//731 2818//2304
f 880//731 2821//2307 2818//2304
f 881//732 1866//1580 2821//2307
f 2821//2307 1867//1581 2820//2306
f 2820//2306 1868//1582 2819//2305
f 2819//2305 262//248 1952//1666
f 1951//1665 2819//2305 1952//1666
f 1950//1664 2816//2302 1951//1665
f 2824//2310 2828//2314 2823//2309
f 2825//2311 2822//2308 2824//2310
f 2827//2313 2822//2308 2826//2312
f 882//733 864//717 99//91
f 883//734 2823//2309 882//733
f 2823//2309 865//718 864//717
f 105//97 2825//2311 884//735
f 885//736 2826//2312 2825//2311
f 884//735 2824//2310 883//734
f 103//95 2827//2313 887//738
f 866//719 2828//2314 2827//2313
f 887//738 2826//2312 886//737
f 2830//2316 2832//2318 2829//2315
f 2830//2316 2834//2320 2833//2319
f 2832//2318 2836//2322 2835//2321
f 2834//2320 2836//2322 2833//2319
f 1097//920 1182//1005 133//125
f 1096//919 2829//2315 1097//920
f 1096//919 2831//2317 2830//2316
f 1095//918 887//738 2831//2317
f 2831//2317 886//737 2834//2320
f 886//737 2837//2323 2834//2320
f 885//736 1098//921 2837//2323
f 2837//2323 1099//922 2836//2322
f 2835//2321 1099//922 1100//923
f 1184//1007 1100//923 134//126
f 1183//1006 2835//2321 1184//1007
f 2829//2315 1183//1006 1182//1005
f 2838//2324 2842//2328 2841//2327
f 2839//2325 2843//2329 2842//2328
f 2842//2328 2844//2330 2841//2327
f 2843//2329 2845//2331 2842//2328
f 262//248 2838//2324 1947//1661
f 1868//1582 2839//2325 2838//2324
f 1867//1581 2840//2326 2839//2325
f 1866//1580 894//743 2840//2326
f 894//743 2843//2329 2840//2326
f 895//744 2846//2332 2843//2329
f 2846//2332 106//98 1869//1583
f 2846//2332 1870//1584 2845//2331
f 2845//2331 1871//1585 2844//2330
f 2844//2330 263//249 1949//1663
f 2841//2327 1949//1663 1948//1662
f 1947//1661 2841//2327 1948//1662
f 2849//2335 2853//2339 2848//2334
f 2850//2336 2847//2333 2849//2335
f 2852//2338 2847//2333 2851//2337
f 897//746 882//733 99//91
f 898//747 2848//2334 897//746
f 2848//2334 883//734 882//733
f 107//99 2850//2336 899//748
f 900//749 2851//2337 2850//2336
f 899//748 2849//2335 898//747
f 105//97 2852//2338 902//751
f 884//735 2853//2339 2852//2338
f 902//751 2851//2337 901//750
f 2855//2341 2857//2343 2854//2340
f 2855//2341 2859//2345 2858//2344
f 2857//2343 2861//2347 2860//2346
f 2859//2345 2861//2347 2858//2344
f 1100//923 1179//1002 134//126
f 1099//922 2854//2340 1100//923
f 1099//922 2856//2342 2855//2341
f 1098//921 902//751 2856//2342
f 2856//2342 901//750 2859//2345
f 901//750 2862//2348 2859//2345
f 900//749 1101//924 2862//2348
f 2862//2348 1102//925 2861//2347
f 2860//2346 1102//925 1103//926
f 1181//1004 1103//926 135//127
f 1180//1003 2860//2346 1181//1004
f 2854//2340 1180//1003 1179//1002
f 2863//2349 2867//2353 2866//2352
f 2864//2350 2868//2354 2867//2353
f 2866//2352 2870//2356 2869//2355
f 2867//2353 2871//2357 2870//2356
f 263//249 2863//2349 1944//1658
f 1871//1585 2864//2350 2863//2349
f 1870//1584 2865//2351 2864//2350
f 1869//1583 909//757 2865//2351
f 909//757 2868//2354 2865//2351
f 910//758 2871//2357 2868//2354
f 911//759 1872//1586 2871//2357
f 2871//2357 1873//1587 2870//2356
f 2870//2356 1874//1588 2869//2355
f 2869//2355 264//250 1946//1660
f 2866//2352 1946//1660 1945//1659
f 1944//1658 2866//2352 1945//1659
f 2874//2360 2878//2364 2873//2359
f 2875//2361 2872//2358 2874//2360
f 2877//2363 2872//2358 2876//2362
f 912//760 897//746 99//91
f 913//761 2873//2359 912//760
f 2873//2359 898//747 897//746
f 109//101 2875//2361 914//762
f 915//763 2876//2362 2875//2361
f 914//762 2874//2360 913//761
f 107//99 2877//2363 917//765
f 899//748 2878//2364 2877//2363
f 917//765 2876//2362 916//764
f 2880//2366 2882//2368 2879//2365
f 2880//2366 2884//2370 2883//2369
f 2882//2368 2886//2372 2885//2371
f 2884//2370 2886//2372 2883//2369
f 1103//926 1176//999 135//127
f 1102//925 2879//2365 1103//926
f 1102//925 2881//2367 2880//2366
f 1101//924 917//765 2881//2367
f 2881//2367 916//764 2884//2370
f 916//764 2887//2373 2884//2370
f 915//763 1104//927 2887//2373
f 2887//2373 1105//928 2886//2372
f 2885//2371 1105//928 1106//929
f 1178//1001 1106//929 136//128
f 1177//1000 2885//2371 1178//1001
f 2879//2365 1177//1000 1176//999
f 2888//2374 2892//2378 2891//2377
f 2889//2375 2893//2379 2892//2378
f 2892//2378 2894//2380 2891//2377
f 2893//2379 2895//2381 2892//2378
f 264//250 2888//2374 1941//1655
f 1874//1588 2889//2375 2888//2374
f 1873//1587 2890//2376 2889//2375
f 108//100 2890//2376 1872//1586
f 2890//2376 925//770 2893//2379
f 925//770 2896//2382 2893//2379
f 926//771 1875//1589 2896//2382
f 2895//2381 1875//1589 1876//1590
f 2895//2381 1877//1591 2894//2380
f 2894//2380 265//251 1943//1657
f 2891//2377 1943//1657 1942//1656
f 1941//1655 2891//2377 1942//1656
f 2899//2385 2903//2389 2898//2384
f 2900//2386 2897//2383 2899//2385
f 2902//2388 2897//2383 2901//2387
f 927//772 912//760 99//91
f 928//773 2898//2384 927//772
f 2898//2384 913//761 912//760
f 111//103 2900//2386 929//774
f 930//775 2901//2387 2900//2386
f 929//774 2899//2385 928//773
f 109//101 2902//2388 932//777
f 914//762 2903//2389 2902//2388
f 932//777 2901//2387 931//776
f 2905//2391 2907//2393 2904//2390
f 2905//2391 2909//2395 2908//2394
f 2907//2393 2911//2397 2910//2396
f 2909//2395 2911//2397 2908//2394
f 1106//929 1173//996 136//128
f 1105//928 2904//2390 1106//929
f 1105//928 2906//2392 2905//2391
f 1104//927 932//777 2906//2392
f 2906//2392 931//776 2909//2395
f 931//776 2912//2398 2909//2395
f 930//775 1107//930 2912//2398
f 2912//2398 1108//931 2911//2397
f 2910//2396 1108//931 1109//932
f 1175//998 1109//932 137//129
f 1174//997 2910//2396 1175//998
f 2904//2390 1174//997 1173//996
f 2914//2400 2916//2402 2913//2399
f 2915//2401 2917//2403 2914//2400
f 2917//2403 2919//2405 2916//2402
f 2917//2403 2921//2407 2920//2406
f 265//251 2913//2399 1938//1652
f 1877//1591 2914//2400 2913//2399
f 1876//1590 2915//2401 2914//2400
f 110//102 2915//2401 1875//1589
f 2915//2401 940//782 2918//2404
f 940//782 2921//2407 2918//2404
f 941//783 1878//1592 2921//2407
f 2921//2407 1879//1593 2920//2406
f 2920//2406 1880//1594 2919//2405
f 2919//2405 266//252 1940//1654
f 2916//2402 1940//1654 1939//1653
f 1938//1652 2916//2402 1939//1653
f 2924//2410 2928//2414 2923//2409
f 2925//2411 2922//2408 2924//2410
f 2927//2413 2922//2408 2926//2412
f 942//784 927//772 99//91
f 943//785 2923//2409 942//784
f 2923//2409 928//773 927//772
f 113//105 2925//2411 944//786
f 945//787 2926//2412 2925//2411
f 944//786 2924//2410 943//785
f 111//103 2927//2413 947//789
f 929//774 2928//2414 2927//2413
f 947//789 2926//2412 946//788
f 2930//2416 2932//2418 2929//2415
f 2930//2416 2934//2420 2933//2419
f 2932//2418 2936//2422 2935//2421
f 2934//2420 2936//2422 2933//2419
f 1109//932 1170//993 137//129
f 1108//931 2929//2415 1109//932
f 1108//931 2931//2417 2930//2416
f 1107//930 947//789 2931//2417
f 2931//2417 946//788 2934//2420
f 946//788 2937//2423 2934//2420
f 945//787 1110//933 2937//2423
f 2937//2423 1111//934 2936//2422
f 2935//2421 1111//934 1112//935
f 1172//995 1112//935 138//130
f 1171//994 2935//2421 1172//995
f 2929//2415 1171//994 1170//993
f 2939//2425 2941//2427 2938//2424
f 2939//2425 2943//2429 2942//2428
f 2942//2428 2944//2430 2941//2427
f 2942//2428 2946//2432 2945//2431
f 266//252 2938//2424 1935//1649
f 1880//1594 2939//2425 2938//2424
f 1878//1592 2939//2425 1879//1593
f 112//104 2940//2426 1878//1592
f 954//794 2943//2429 2940//2426
f 2943//2429 956//796 2946//2432
f 956//796 1881//1595 2946//2432
f 2946//2432 1882//1596 2945//2431
f 2945//2431 1883//1597 2944//2430
f 2944//2430 267//253 1937//1651
f 2941//2427 1937//1651 1936//1650
f 1935//1649 2941//2427 1936//1650
f 2949//2435 2953//2439 2948//2434
f 2950//2436 2947//2433 2949//2435
f 2952//2438 2947//2433 2951//2437
f 957//797 942//784 99//91
f 958//798 2948//2434 957//797
f 2948//2434 943//785 942//784
f 115//107 2950//2436 959//799
f 960//800 2951//2437 2950//2436
f 959//799 2949//2435 958//798
f 113//105 2952//2438 962//802
f 944//786 2953//2439 2952//2438
f 962//802 2951//2437 961//801
f 2955//2441 2957//2443 2954//2440
f 2955//2441 2959//2445 2958//2444
f 2957//2443 2961//2447 2960//2446
f 2959//2445 2961//2447 2958//2444
f 1112//935 1167//990 138//130
f 1111//934 2954//2440 1112//935
f 1111//934 2956//2442 2955//2441
f 1110//933 962//802 2956//2442
f 2956//2442 961//801 2959//2445
f 961//801 2962//2448 2959//2445
f 960//800 1113//936 2962//2448
f 2962//2448 1114//937 2961//2447
f 2960//2446 1114//937 1115//938
f 1169//992 1115//938 139//131
f 1168//991 2960//2446 1169//992
f 2954//2440 1168//991 1167//990
f 2964//2450 2966//2452 2963//2449
f 2964//2450 2968//2454 2967//2453
f 2967//2453 2969//2455 2966//2452
f 2967//2453 2971//2457 2970//2456
f 267//253 2963//2449 1932//1646
f 1883//1597 2964//2450 2963//2449
f 1882//1596 2965//2451 2964//2450
f 1881//1595 969//807 2965//2451
f 2965//2451 970//808 2968//2454
f 970//808 2971//2457 2968//2454
f 971//809 1884//1598 2971//2457
f 2971//2457 1885//1599 2970//2456
f 2970//2456 1886//1600 2969//2455
f 2969//2455 268//254 1934//1648
f 2966//2452 1934//1648 1933//1647
f 1932//1646 2966//2452 1933//1647
f 2974//2460 2978//2464 2973//2459
f 2975//2461 2972//2458 2974//2460
f 2977//2463 2972//2458 2976//2462
f 972//810 957//797 99//91
f 973//811 2973//2459 972//810
f 2973//2459 958//798 957//797
f 117//109 2975//2461 974//812
f 975//813 2976//2462 2975//2461
f 974//812 2974//2460 973//811
f 115//107 2977//2463 977//815
f 959//799 2978//2464 2977//2463
f 977//815 2976//2462 976//814
f 2980//2466 2982//2468 2979//2465
f 2980//2466 2984//2470 2983//2469
f 2982//2468 2986//2472 2985//2471
f 2984//2470 2986//2472 2983//2469
f 1115//938 1164//987 139//131
f 1114//937 2979//2465 1115//938
f 1114//937 2981//2467 2980//2466
f 1113//936 977//815 2981//2467
f 2981//2467 976//814 2984//2470
f 976//814 2987//2473 2984//2470
f 975//813 1116//939 2987//2473
f 2987//2473 1117//940 2986//2472
f 2985//2471 1117//940 1118//941
f 1166//989 1118//941 140//132
f 1165//988 2985//2471 1166//989
f 2979//2465 1165//988 1164//987
f 2988//2474 2992//2478 2991//2477
f 2990//2476 2992//2478 2989//2475
f 2992//2478 2994//2480 2991//2477
f 2992//2478 2996//2482 2995//2481
f 268//254 2988//2474 1929//1643
f 1886//1600 2989//2475 2988//2474
f 1884//1598 2989//2475 1885//1599
f 1884//1598 984//820 2990//2476
f 2990//2476 985//821 2993//2479
f 985//821 2996//2482 2993//2479
f 986//822 1887//1601 2996//2482
f 2996//2482 1888//1602 2995//2481
f 2995//2481 1889//1603 2994//2480
f 2994//2480 269//255 1931//1645
f 2991//2477 1931//1645 1930//1644
f 1929//1643 2991//2477 1930//1644
f 2999//2485 3003//2489 2998//2484
f 3000//2486 2997//2483 2999//2485
f 3002//2488 2997//2483 3001//2487
f 987//823 972//810 99//91
f 988//824 2998//2484 987//823
f 2998//2484 973//811 972//810
f 119//111 3000//2486 989//825
f 990//826 3001//2487 3000//2486
f 989//825 2999//2485 988//824
f 117//109 3002//2488 992//828
f 974//812 3003//2489 3002//2488
f 992//828 3001//2487 991//827
f 3005//2491 3007//2493 3004//2490
f 3005//2491 3009//2495 3008//2494
f 3007//2493 3011//2497 3010//2496
f 3009//2495 3011//2497 3008//2494
f 1118//941 1161//984 140//132
f 1117//940 3004//2490 1118//941
f 1117//940 3006//2492 3005//2491
f 1116//939 992//828 3006//2492
f 3006//2492 991//827 3009//2495
f 991//827 3012//2498 3009//2495
f 990//826 1119//942 3012//2498
f 3012//2498 1120//943 3011//2497
f 3010//2496 1120//943 1121//944
f 1163//986 1121//944 141//133
f 1162//985 3010//2496 1163//986
f 3004//2490 1162//985 1161//984
f 3013//2499 3017//2503 3016//2502
f 3014//2500 3018//2504 3017//2503
f 3017//2503 3019//2505 3016//2502
f 3018//2504 3020//2506 3017//2503
f 269//255 3013//2499 1926//1640
f 1889//1603 3014//2500 3013//2499
f 1887//1601 3014//2500 1888//1602
f 1887//1601 999//834 3015//2501
f 999//834 3018//2504 3015//2501
f 1000//835 3021//2507 3018//2504
f 1001//836 1890//1604 3021//2507
f 3021//2507 1891//1605 3020//2506
f 3020//2506 1892//1606 3019//2505
f 3019//2505 270//256 1928//1642
f 3016//2502 1928//1642 1927//1641
f 1926//1640 3016//2502 1927//1641
f 3024//2510 3028//2514 3023//2509
f 3025//2511 3022//2508 3024//2510
f 3027//2513 3022//2508 3026//2512
f 1002//837 987//823 99//91
f 1003//838 3023//2509 1002//837
f 3023//2509 988//824 987//823
f 121//113 3025//2511 1004//839
f 1005//840 3026//2512 3025//2511
f 1004//839 3024//2510 1003//838
f 119//111 3027//2513 1007//842
f 989//825 3028//2514 3027//2513
f 1007//842 3026//2512 1006//841
f 3030//2516 3032//2518 3029//2515
f 3030//2516 3034//2520 3033//2519
f 3032//2518 3036//2522 3035//2521
f 3034//2520 3036//2522 3033//2519
f 1121//944 1158//981 141//133
f 1120//943 3029//2515 1121//944
f 1120//943 3031//2517 3030//2516
f 1119//942 1007//842 3031//2517
f 3031//2517 1006//841 3034//2520
f 1006//841 3037//2523 3034//2520
f 1005//840 1122//945 3037//2523
f 3037//2523 1123//946 3036//2522
f 3035//2521 1123//946 1124//947
f 1160//983 1124//947 142//134
f 1159//982 3035//2521 1160//983
f 3029//2515 1159//982 1158//981
f 3038//2524 3042//2528 3041//2527
f 3040//2526 3042//2528 3039//2525
f 3042//2528 3044//2530 3041//2527
f 3042//2528 3046//2532 3045//2531
f 270//256 3038//2524 1923//1637
f 1892//1606 3039//2525 3038//2524
f 1891//1605 3040//2526 3039//2525
f 1890//1604 1014//846 3040//2526
f 3040//2526 1015//847 3043//2529
f 3043//2529 1016//848 3046//2532
f 1016//848 1893//1607 3046//2532
f 3046//2532 1894//1608 3045//2531
f 3045//2531 1895//1609 3044//2530
f 3044//2530 271//257 1925//1639
f 3041//2527 1925//1639 1924//1638
f 1923//1637 3041//2527 1924//1638
f 3049//2535 3053//2539 3048//2534
f 3050//2536 3047//2533 3049//2535
f 3052//2538 3047//2533 3051//2537
f 1017//849 1002//837 99//91
f 1018//850 3048//2534 1017//849
f 3048//2534 1003//838 1002//837
f 123//115 3050//2536 1019//851
f 1020//852 3051//2537 3050//2536
f 1019//851 3049//2535 1018//850
f 121//113 3052//2538 1022//854
f 1004//839 3053//2539 3052//2538
f 1022//854 3051//2537 1021//853
f 3055//2541 3057//2543 3054//2540
f 3055//2541 3059//2545 3058//2544
f 3057//2543 3061//2547 3060//2546
f 3059//2545 3061//2547 3058//2544
f 1124//947 1155//978 142//134
f 1123//946 3054//2540 1124//947
f 1123//946 3056//2542 3055//2541
f 1122//945 1022//854 3056//2542
f 3056//2542 1021//853 3059//2545
f 1021//853 3062//2548 3059//2545
f 1020//852 1125//948 3062//2548
f 3062//2548 1126//949 3061//2547
f 3060//2546 1126//949 1127//950
f 1157//980 1127//950 143//135
f 1156//979 3060//2546 1157//980
f 3054//2540 1156//979 1155//978
f 3064//2550 3066//2552 3063//2549
f 3065//2551 3067//2553 3064//2550
f 3067//2553 3069//2555 3066//2552
f 3068//2554 3070//2556 3067//2553
f 271//257 3063//2549 1920//1634
f 1895//1609 3064//2550 3063//2549
f 1893//1607 3064//2550 1894//1608
f 1893//1607 1029//860 3065//2551
f 1029//860 3068//2554 3065//2551
f 3068//2554 1031//862 3071//2557
f 1031//862 1896//1610 3071//2557
f 3071//2557 1897//1611 3070//2556
f 3069//2555 1897//1611 1898//1612
f 3069//2555 272//258 1922//1636
f 3066//2552 1922//1636 1921//1635
f 1920//1634 3066//2552 1921//1635
f 3074//2560 3078//2564 3073//2559
f 3075//2561 3072//2558 3074//2560
f 3077//2563 3072//2558 3076//2562
f 1032//863 1017//849 99//91
f 1033//864 3073//2559 1032//863
f 3073//2559 1018//850 1017//849
f 125//117 3075//2561 1034//865
f 1035//866 3076//2562 3075//2561
f 1034//865 3074//2560 1033//864
f 123//115 3077//2563 1037//868
f 1019//851 3078//2564 3077//2563
f 1037//868 3076//2562 1036//867
f 3080//2566 3082//2568 3079//2565
f 3080//2566 3084//2570 3083//2569
f 3082//2568 3086//2572 3085//2571
f 3084//2570 3086//2572 3083//2569
f 1127//950 1152//975 143//135
f 1126//949 3079//2565 1127//950
f 1126//949 3081//2567 3080//2566
f 1125//948 1037//868 3081//2567
f 3081//2567 1036//867 3084//2570
f 1036//867 3087//2573 3084//2570
f 1035//866 1128//951 3087//2573
f 3087//2573 1129//952 3086//2572
f 3085//2571 1129//952 1130//953
f 1154//977 1130//953 144//136
f 1153//976 3085//2571 1154//977
f 3079//2565 1153//976 1152//975
f 3089//2575 3091//2577 3088//2574
f 3089//2575 3093//2579 3092//2578
f 3092//2578 3094//2580 3091//2577
f 3093//2579 3095//2581 3092//2578
f 1898//1612 1917//1631 272//258
f 1898//1612 3089//2575 3088//2574
f 1897//1611 3090//2576 3089//2575
f 1896//1610 1044//872 3090//2576
f 1044//872 3093//2579 3090//2576
f 1045//873 3096//2582 3093//2579
f 3096//2582 126//118 1899//1613
f 3096//2582 1900//1614 3095//2581
f 3095//2581 1901//1615 3094//2580
f 3094//2580 273//259 1919//1633
f 3091//2577 1919//1633 1918//1632
f 1917//1631 3091//2577 1918//1632
f 3099//2585 3103//2589 3098//2584
f 3100//2586 3097//2583 3099//2585
f 3102//2588 3097//2583 3101//2587
f 1047//875 1032//863 99//91
f 1048//876 3098//2584 1047//875
f 3098//2584 1033//864 1032//863
f 127//119 3100//2586 1049//877
f 1050//878 3101//2587 3100//2586
f 1049//877 3099//2585 1048//876
f 125//117 3102//2588 1052//880
f 1034//865 3103//2589 3102//2588
f 1052//880 3101//2587 1051//879
f 3105//2591 3107//2593 3104//2590
f 3105//2591 3109//2595 3108//2594
f 3107//2593 3111//2597 3110//2596
f 3109//2595 3111//2597 3108//2594
f 1130//953 1149//972 144//136
f 1129//952 3104//2590 1130//953
f 1129//952 3106//2592 3105//2591
f 1128//951 1052//880 3106//2592
f 3106//2592 1051//879 3109//2595
f 1051//879 3112//2598 3109//2595
f 1050//878 1131//954 3112//2598
f 3112//2598 1132//955 3111//2597
f 3110//2596 1132//955 1133//956
f 1151//974 1133//956 145//137
f 3107//2593 1151//974 1150//973
f 3104//2590 1150//973 1149//972
f 3113//2599 3117//2603 3116//2602
f 3114//2600 3118//2604 3117//2603
f 3117//2603 3119//2605 3116//2602
f 3118//2604 3120//2606 3117//2603
f 273//259 3113//2599 1914//1628
f 1901//1615 3114//2600 3113//2599
f 1900//1614 3115//2601 3114//2600
f 1899//1613 1059//885 3115//2601
f 1059//885 3118//2604 3115//2601
f 3118//2604 1061//887 3121//2607
f 1061//887 1902//1616 3121//2607
f 3120//2606 1902//1616 1903//1617
f 3120//2606 1904//1618 3119//2605
f 3119//2605 274//260 1916//1630
f 3116//2602 1916//1630 1915//1629
f 1914//1628 3116//2602 1915//1629
f 3124//2610 3128//2614 3123//2609
f 3125//2611 3122//2608 3124//2610
f 3127//2613 3122//2608 3126//2612
f 1062//888 1047//875 99//91
f 1063//889 3123//2609 1062//888
f 3123//2609 1048//876 1047//875
f 129//121 3125//2611 1064//890
f 1065//891 3126//2612 3125//2611
f 1064//890 3124//2610 1063//889
f 127//119 3127//2613 1067//893
f 1049//877 3128//2614 3127//2613
f 1067//893 3126//2612 1066//892
f 3130//2616 3132//2618 3129//2615
f 3130//2616 3134//2620 3133//2619
f 3132//2618 3136//2622 3135//2621
f 3134//2620 3136//2622 3133//2619
f 1133//956 1146//969 145//137
f 1132//955 3129//2615 1133//956
f 1132//955 3131//2617 3130//2616
f 1131//954 1067//893 3131//2617
f 3131//2617 1066//892 3134//2620
f 1066//892 3137//2623 3134//2620
f 1065//891 1134//957 3137//2623
f 3137//2623 1135//958 3136//2622
f 3135//2621 1135//958 1136//959
f 1148//971 1136//959 146//138
f 1147//970 3135//2621 1148//971
f 3129//2615 1147//970 1146//969
f 3138//2624 3142//2628 3141//2627
f 3139//2625 3143//2629 3142//2628
f 3142//2628 3144//2630 3141//2627
f 3143//2629 3145//2631 3142//2628
f 274//260 3138//2624 1911//1625
f 1904//1618 3139//2625 3138//2624
f 1903//1617 3140//2626 3139//2625
f 1902//1616 1074//897 3140//2626
f 3140//2626 1075//898 3143//2629
f 1075//898 3146//2632 3143//2629
f 1076//899 1905//1619 3146//2632
f 3145//2631 1905//1619 1906//1620
f 3145//2631 1907//1621 3144//2630
f 3144//2630 275//261 1913//1627
f 3141//2627 1913//1627 1912//1626
f 1911//1625 3141//2627 1912//1626
f 3149//2635 3153//2639 3148//2634
f 3150//2636 3147//2633 3149//2635
f 3152//2638 3147//2633 3151//2637
f 1077//900 1062//888 99//91
f 1078//901 3148//2634 1077//900
f 3148//2634 1063//889 1062//888
f 131//123 3150//2636 1079//902
f 1080//903 3151//2637 3150//2636
f 1079//902 3149//2635 1078//901
f 129//121 3152//2638 1082//905
f 1064//890 3153//2639 3152//2638
f 1082//905 3151//2637 1081//904
f 3155//2641 3157//2643 3154//2640
f 3155//2641 3159//2645 3158//2644
f 3157//2643 3161//2647 3160//2646
f 3159//2645 3161//2647 3158//2644
f 1136//959 1143//966 146//138
f 1135//958 3154//2640 1136//959
f 1135//958 3156//2642 3155//2641
f 1134//957 1082//905 3156//2642
f 3156//2642 1081//904 3159//2645
f 1081//904 3162//2648 3159//2645
f 1080//903 1137//960 3162//2648
f 3162//2648 1138//961 3161//2647
f 3160//2646 1138//961 1139//962
f 1145//968 1139//962 147//139
f 1144//967 3160//2646 1145//968
f 3154//2640 1144//967 1143//966
f 3163//2649 3167//2653 3166//2652
f 3164//2650 3168//2654 3167//2653
f 3166//2652 3170//2656 3169//2655
f 3168//2654 3170//2656 3167//2653
f 275//261 3163//2649 1908//1622
f 1907//1621 3164//2650 3163//2649
f 1906//1620 3165//2651 3164//2650
f 130//122 3165//2651 1905//1619
f 1086//909 3168//2654 3165//2651
f 1087//910 3171//2657 3168//2654
f 3171//2657 100//92 857//710
f 3171//2657 856//709 3170//2656
f 3169//2655 856//709 855//708
f 3169//2655 260//246 1910//1624
f 3166//2652 1910//1624 1909//1623
f 1908//1622 3166//2652 1909//1623
f 3174//2660 3178//2664 3173//2659
f 3175//2661 3172//2658 3174//2660
f 3177//2663 3172//2658 3176//2662
f 863//716 1077//900 99//91
f 862//715 3173//2659 863//716
f 3173//2659 1078//901 1077//900
f 101//93 3175//2661 861//714
f 1089//912 3176//2662 3175//2661
f 861//714 3174//2660 862//715
f 131//123 3177//2663 1091//914
f 1079//902 3178//2664 3177//2663
f 1091//914 3176//2662 1090//913
f 3180//2666 3182//2668 3179//2665
f 3180//2666 3184//2670 3183//2669
f 3182//2668 3186//2672 3185//2671
f 3184//2670 3186//2672 3183//2669
f 147//139 3179//2665 1140//963
f 1138//961 3179//2665 1139//962
f 1138//961 3181//2667 3180//2666
f 1137//960 1091//914 3181//2667
f 3181//2667 1090//913 3184//2670
f 1090//913 3187//2673 3184//2670
f 1089//912 872//725 3187//2673
f 3187//2673 871//724 3186//2672
f 3185//2671 871//724 870//723
f 1142//965 870//723 132//124
f 1141//964 3185//2671 1142//965
f 3179//2665 1141//964 1140//963
f 3189//2675 3191//2677 3188//2674
f 3190//2676 3192//2678 3189//2675
f 3191//2677 3195//2681 3194//2680
f 3193//2679 3195//2681 3192//2678
f 1331//1140 1425//1234 179//171
f 1330//1139 3188//2674 1331//1140
f 1330//1139 3190//2676 3189//2675
f 147//139 3190//2676 1329//1138
f 1140//963 3193//2679 3190//2676
f 1141//964 3196//2682 3193//2679
f 1142//965 1094//917 3196//2682
f 3195//2681 1094//917 1093//916
f 3195//2681 1092//915 3194//2680
f 3194//2680 180//172 1427//1236
f 3191//2677 1427//1236 1426//1235
f 1425//1234 3191//2677 1426//1235
f 3198//2684 3200//2686 3197//2683
f 3198//2684 3202//2688 3201//2687
f 3200//2686 3204//2690 3203//2689
f 3201//2687 3205//2691 3204//2690
f 178//170 3197//2683 1422//1231
f 1328//1137 3198//2684 3197//2683
f 1327//1136 3199//2685 3198//2684
f 1326//1135 1143//966 3199//2685
f 1143//966 3202//2688 3199//2685
f 3202//2688 1145//968 3205//2691
f 1145//968 1329//1138 3205//2691
f 3205//2691 1330//1139 3204//2690
f 3204//2690 1331//1140 3203//2689
f 3203//2689 179//171 1424//1233
f 1423//1232 3203//2689 1424//1233
f 1422//1231 3200//2686 1423//1232
f 3206//2692 3210//2696 3209//2695
f 3207//2693 3211//2697 3210//2696
f 3209//2695 3213//2699 3212//2698
f 3211//2697 3213//2699 3210//2696
f 177//169 3206//2692 1419//1228
f 1324//1133 3206//2692 1325//1134
f 1323//1132 3207//2693 1324//1133
f 1323//1132 1146//969 3208//2694
f 3208//2694 1147//970 3211//2697
f 3211//2697 1148//971 3214//2700
f 3214//2700 146//138 1326//1135
f 3213//2699 1326//1135 1327//1136
f 3213//2699 1328//1137 3212//2698
f 1421//1230 1328//1137 178//170
f 1420//1229 3212//2698 1421//1230
f 1419//1228 3209//2695 1420//1229
f 3215//2701 3219//2705 3218//2704
f 3217//2703 3219//2705 3216//2702
f 3218//2704 3222//2708 3221//2707
f 3220//2706 3222//2708 3219//2705
f 176//168 3215//2701 1416//1225
f 1321//1130 3215//2701 1322//1131
f 1320//1129 3216//2702 1321//1130
f 1320//1129 1149//972 3217//2703
f 1149//972 3220//2706 3217//2703
f 1150//973 3223//2709 3220//2706
f 1151//974 1323//1132 3223//2709
f 3222//2708 1323//1132 1324//1133
f 3221//2707 1324//1133 1325//1134
f 3221//2707 177//169 1418//1227
f 1417//1226 3221//2707 1418//1227
f 1416//1225 3218//2704 1417//1226
f 3225//2711 3227//2713 3224//2710
f 3226//2712 3228//2714 3225//2711
f 3227//2713 3231//2717 3230//2716
f 3228//2714 3232//2718 3231//2717
f 175//167 3224//2710 1413//1222
f 1318//1127 3224//2710 1319//1128
f 1317//1126 3225//2711 1318//1127
f 143//135 3226//2712 1317//1126
f 3226//2712 1153//976 3229//2715
f 3229//2715 1154//977 3232//2718
f 1154//977 1320//1129 3232//2718
f 3231//2717 1320//1129 1321//1130
f 3230//2716 1321//1130 1322//1131
f 3230//2716 176//168 1415//1224
f 3227//2713 1415//1224 1414//1223
f 3224//2710 1414//1223 1413//1222
f 3234//2720 3236//2722 3233//2719
f 3235//2721 3237//2723 3234//2720
f 3237//2723 3239//2725 3236//2722
f 3238//2724 3240//2726 3237//2723
f 174//166 3233//2719 1410//1219
f 1315//1124 3233//2719 1316//1125
f 1315//1124 3235//2721 3234//2720
f 142//134 3235//2721 1314//1123
f 3235//2721 1156//979 3238//2724
f 3238//2724 1157//980 3241//2727
f 3241//2727 143//135 1317//1126
f 3240//2726 1317//1126 1318//1127
f 3239//2725 1318//1127 1319//1128
f 3239//2725 175//167 1412//1221
f 1411//1220 3239//2725 1412//1221
f 1410//1219 3236//2722 1411//1220
f 3242//2728 3246//2732 3245//2731
f 3244//2730 3246//2732 3243//2729
f 3245//2731 3249//2735 3248//2734
f 3246//2732 3250//2736 3249//2735
f 173//165 3242//2728 1407//1216
f 1313//1122 3243//2729 3242//2728
f 1312//1121 3244//2730 3243//2729
f 141//133 3244//2730 1311//1120
f 1158//981 3247//2733 3244//2730
f 3247//2733 1160//983 3250//2736
f 1160//983 1314//1123 3250//2736
f 3249//2735 1314//1123 1315//1124
f 3249//2735 1316//1125 3248//2734
f 3248//2734 174//166 1409//1218
f 3245//2731 1409//1218 1408//1217
f 1407//1216 3245//2731 1408//1217
f 3251//2737 3255//2741 3254//2740
f 3253//2739 3255//2741 3252//2738
f 3254//2740 3258//2744 3257//2743
f 3255//2741 3259//2745 3258//2744
f 172//164 3251//2737 1404//1213
f 1310//1119 3252//2738 3251//2737
f 1309//1118 3253//2739 3252//2738
f 1308//1117 1161//984 3253//2739
f 1161//984 3256//2742 3253//2739
f 3256//2742 1163//986 3259//2745
f 1163//986 1311//1120 3259//2745
f 3259//2745 1312//1121 3258//2744
f 3257//2743 1312//1121 1313//1122
f 3257//2743 173//165 1406//1215
f 3254//2740 1406//1215 1405//1214
f 1404//1213 3254//2740 1405//1214
f 3261//2747 3263//2749 3260//2746
f 3262//2748 3264//2750 3261//2747
f 3263//2749 3267//2753 3266//2752
f 3264//2750 3268//2754 3267//2753
f 1307//1116 1401//1210 171//163
f 1307//1116 3261//2747 3260//2746
f 1306//1115 3262//2748 3261//2747
f 139//131 3262//2748 1305//1114
f 1164//987 3265//2751 3262//2748
f 1165//988 3268//2754 3265//2751
f 1166//989 1308//1117 3268//2754
f 3267//2753 1308//1117 1309//1118
f 3267//2753 1310//1119 3266//2752
f 1403//1212 1310//1119 172//164
f 1402//1211 3266//2752 1403//1212
f 1401//1210 3263//2749 1402//1211
f 3269//2755 3273//2759 3272//2758
f 3271//2757 3273//2759 3270//2756
f 3273//2759 3275//2761 3272//2758
f 3274//2760 3276//2762 3273//2759
f 1304//1113 1398//1207 170//162
f 1304//1113 3270//2756 3269//2755
f 1302//1111 3270//2756 1303//1112
f 138//130 3271//2757 1302//1111
f 3271//2757 1168//991 3274//2760
f 3274//2760 1169//992 3277//2763
f 3277//2763 139//131 1305//1114
f 3277//2763 1306//1115 3276//2762
f 3275//2761 1306//1115 1307//1116
f 3275//2761 171//163 1400//1209
f 3272//2758 1400//1209 1399//1208
f 3269//2755 1399//1208 1398//1207
f 3278//2764 3282//2768 3281//2767
f 3279//2765 3283//2769 3282//2768
f 3281//2767 3285//2771 3284//2770
f 3283//2769 3285//2771 3282//2768
f 169//161 3278//2764 1395//1204
f 1301//1110 3279//2765 3278//2764
f 1300//1109 3280//2766 3279//2765
f 137//129 3280//2766 1299//1108
f 1170//993 3283//2769 3280//2766
f 1171//994 3286//2772 3283//2769
f 1172//995 1302//1111 3286//2772
f 3286//2772 1303//1112 3285//2771
f 3285//2771 1304//1113 3284//2770
f 1397//1206 1304//1113 170//162
f 3281//2767 1397//1206 1396//1205
f 1395//1204 3281//2767 1396//1205
f 3287//2773 3291//2777 3290//2776
f 3289//2775 3291//2777 3288//2774
f 3290//2776 3294//2780 3293//2779
f 3292//2778 3294//2780 3291//2777
f 1298//1107 1392//1201 168//160
f 1298//1107 3288//2774 3287//2773
f 1297//1106 3289//2775 3288//2774
f 136//128 3289//2775 1296//1105
f 3289//2775 1174//997 3292//2778
f 3292//2778 1175//998 3295//2781
f 1175//998 1299//1108 3295//2781
f 3295//2781 1300//1109 3294//2780
f 3294//2780 1301//1110 3293//2779
f 3293//2779 169//161 1394//1203
f 1393//1202 3293//2779 1394//1203
f 3287//2773 1393//1202 1392//1201
f 3297//2783 3299//2785 3296//2782
f 3297//2783 3301//2787 3300//2786
f 3299//2785 3303//2789 3302//2788
f 3301//2787 3303//2789 3300//2786
f 167//159 3296//2782 1389//1198
f 1295//1104 3297//2783 3296//2782
f 1294//1103 3298//2784 3297//2783
f 1293//1102 1176//999 3298//2784
f 1176//999 3301//2787 3298//2784
f 1177//1000 3304//2790 3301//2787
f 3304//2790 136//128 1296//1105
f 3304//2790 1297//1106 3303//2789
f 3302//2788 1297//1106 1298//1107
f 1391//1200 1298//1107 168//160
f 3299//2785 1391//1200 1390//1199
f 3296//2782 1390//1199 1389//1198
f 3306//2792 3308//2794 3305//2791
f 3306//2792 3310//2796 3309//2795
f 3308//2794 3312//2798 3311//2797
f 3310//2796 3312//2798 3309//2795
f 166//158 3305//2791 1386//1195
f 1291//1100 3305//2791 1292//1101
f 1291//1100 3307//2793 3306//2792
f 134//126 3307//2793 1290//1099
f 3307//2793 1180//1003 3310//2796
f 1180//1003 3313//2799 3310//2796
f 1181//1004 1293//1102 3313//2799
f 3313//2799 1294//1103 3312//2798
f 3312//2798 1295//1104 3311//2797
f 1388//1197 1295//1104 167//159
f 3308//2794 1388//1197 1387//1196
f 3305//2791 1387//1196 1386//1195
f 3314//2800 3318//2804 3317//2803
f 3315//2801 3319//2805 3318//2804
f 3318//2804 3320//2806 3317//2803
f 3319//2805 3321//2807 3318//2804
f 165//157 3314//2800 1383//1192
f 1289//1098 3315//2801 3314//2800
f 1287//1096 3315//2801 1288//1097
f 133//125 3316//2802 1287//1096
f 1182//1005 3319//2805 3316//2802
f 1183//1006 3322//2808 3319//2805
f 3322//2808 134//126 1290//1099
f 3321//2807 1290//1099 1291//1100
f 3321//2807 1292//1101 3320//2806
f 1385//1194 1292//1101 166//158
f 3317//2803 1385//1194 1384//1193
f 3314//2800 1384//1193 1383//1192
f 3323//2809 3327//2813 3326//2812
f 3324//2810 3328//2814 3327//2813
f 3326//2812 3330//2816 3329//2815
f 3328//2814 3330//2816 3327//2813
f 180//172 3323//2809 1380//1189
f 1093//916 3323//2809 1092//915
f 1093//916 3325//2811 3324//2810
f 1094//917 1185//1008 3325//2811
f 1185//1008 3328//2814 3325//2811
f 3328//2814 1187//1010 3331//2817
f 1187//1010 1287//1096 3331//2817
f 3331//2817 1288//1097 3330//2816
f 3330//2816 1289//1098 3329//2815
f 3329//2815 165//157 1382//1191
f 3326//2812 1382//1191 1381//1190
f 3323//2809 1381//1190 1380//1189
f 3332//2818 3336//2822 3335//2821
f 3334//2820 3336//2822 3333//2819
f 3335//2821 3339//2825 3338//2824
f 3337//2823 3339//2825 3336//2822
f 100//92 3332//2818 858//711
f 1234//1043 3332//2818 1233//1042
f 1234//1043 3334//2820 3333//2819
f 163//155 3334//2820 1235//1044
f 3334//2820 1237//1046 3337//2823
f 3337//2823 1238//1047 3340//2826
f 3340//2826 148//140 873//726
f 3340//2826 874//727 3339//2825
f 3338//2824 874//727 875//728
f 3338//2824 102//94 860//713
f 859//712 3338//2824 860//713
f 3332//2818 859//712 858//711
f 3341//2827 3345//2831 3344//2830
f 3343//2829 3345//2831 3342//2828
f 3344//2830 3348//2834 3347//2833
f 3345//2831 3349//2835 3348//2834
f 875//728 879//730 102//94
f 874//727 3341//2827 875//728
f 874//727 3343//2829 3342//2828
f 148//140 3343//2829 873//726
f 1239//1048 3346//2832 3343//2829
f 3346//2832 1241//1050 3349//2835
f 3349//2835 149//141 888//739
f 3348//2834 888//739 889//740
f 3348//2834 890//741 3347//2833
f 881//732 890//741 104//96
f 880//731 3347//2833 881//732
f 879//730 3344//2830 880//731
f 3350//2836 3354//2840 3353//2839
f 3351//2837 3355//2841 3354//2840
f 3353//2839 3357//2843 3356//2842
f 3355//2841 3357//2843 3354//2840
f 890//741 894//743 104//96
f 889//740 3350//2836 890//741
f 888//739 3351//2837 889//740
f 149//141 3352//2838 888//739
f 1242//1051 3355//2841 3352//2838
f 3355//2841 1244//1053 3358//2844
f 3358//2844 150//142 903//752
f 3358//2844 904//753 3357//2843
f 3357//2843 905//754 3356//2842
f 896//745 905//754 106//98
f 895//744 3356//2842 896//745
f 894//743 3353//2839 895//744
f 3360//2846 3362//2848 3359//2845
f 3360//2846 3364//2850 3363//2849
f 3362//2848 3366//2852 3365//2851
f 3363//2849 3367//2853 3366//2852
f 106//98 3359//2845 909//757
f 905//754 3360//2846 3359//2845
f 904//753 3361//2847 3360//2846
f 903//752 1245//1054 3361//2847
f 1245//1054 3364//2850 3361//2847
f 3364//2850 1247//1056 3367//2853
f 3367//2853 151//143 918//766
f 3366//2852 918//766 919//767
f 3366//2852 920//768 3365//2851
f 3365//2851 108//100 911//759
f 3362//2848 911//759 910//758
f 909//757 3362//2848 910//758
f 3368//2854 3372//2858 3371//2857
f 3369//2855 3373//2859 3372//2858
f 3372//2858 3374//2860 3371//2857
f 3372//2858 3376//2862 3375//2861
f 920//768 924//769 108//100
f 919//767 3368//2854 920//768
f 918//766 3369//2855 919//767
f 918//766 1248//1057 3370//2856
f 1248//1057 3373//2859 3370//2856
f 3373//2859 1250//1059 3376//2862
f 1250//1059 933//778 3376//2862
f 3375//2861 933//778 934//779
f 3375//2861 935//780 3374//2860
f 926//771 935//780 110//102
f 925//770 3374//2860 926//771
f 3368//2854 925//770 924//769
f 3377//2863 3381//2867 3380//2866
f 3378//2864 3382//2868 3381//2867
f 3381//2867 3383//2869 3380//2866
f 3381//2867 3385//2871 3384//2870
f 110//102 3377//2863 939//781
f 934//779 3377//2863 935//780
f 933//778 3378//2864 934//779
f 152//144 3379//2865 933//778
f 1251//1060 3382//2868 3379//2865
f 1252//1061 3385//2871 3382//2868
f 1253//1062 948//790 3385//2871
f 3385//2871 949//791 3384//2870
f 3384//2870 950//792 3383//2869
f 3383//2869 112//104 941//783
f 3380//2866 941//783 940//782
f 939//781 3380//2866 940//782
f 3387//2873 3389//2875 3386//2872
f 3388//2874 3390//2876 3387//2873
f 3389//2875 3393//2879 3392//2878
f 3390//2876 3394//2880 3393//2879
f 112//104 3386//2872 954//794
f 949//791 3386//2872 950//792
f 948//790 3387//2873 949//791
f 948//790 1254//1063 3388//2874
f 1254//1063 3391//2877 3388//2874
f 1255//1064 3394//2880 3391//2877
f 1256//1065 963//803 3394//2880
f 3393//2879 963//803 964//804
f 3392//2878 964//804 965//805
f 3392//2878 114//106 956//796
f 955//795 3392//2878 956//796
f 3386//2872 955//795 954//794
f 3396//2882 3398//2884 3395//2881
f 3396//2882 3400//2886 3399//2885
f 3399//2885 3401//2887 3398//2884
f 3399//2885 3403//2889 3402//2888
f 114//106 3395//2881 969//807
f 965//805 3396//2882 3395//2881
f 963//803 3396//2882 964//804
f 963//803 1257//1066 3397//2883
f 1257//1066 3400//2886 3397//2883
f 1258//1067 3403//2889 3400//2886
f 3403//2889 155//147 978//816
f 3402//2888 978//816 979//817
f 3401//2887 979//817 980//818
f 971//809 980//818 116//108
f 970//808 3401//2887 971//809
f 3395//2881 970//808 969//807
f 3404//2890 3408//2894 3407//2893
f 3406//2892 3408//2894 3405//2891
f 3408//2894 3410//2896 3407//2893
f 3408//2894 3412//2898 3411//2897
f 980//818 984//820 116//108
f 980//818 3405//2891 3404//2890
f 978//816 3405//2891 979//817
f 978//816 1260//1069 3406//2892
f 1260//1069 3409//2895 3406//2892
f 3409//2895 1262//1071 3412//2898
f 1262//1071 993//829 3412//2898
f 3412//2898 994//830 3411//2897
f 3410//2896 994//830 995//831
f 986//822 995//831 118//110
f 985//821 3410//2896 986//822
f 984//820 3407//2893 985//821
f 3413//2899 3417//2903 3416//2902
f 3414//2900 3418//2904 3417//2903
f 3416//2902 3420//2906 3419//2905
f 3417//2903 3421//2907 3420//2906
f 995//831 999//834 118//110
f 994//830 3413//2899 995//831
f 994//830 3415//2901 3414//2900
f 156//148 3415//2901 993//829
f 1263//1072 3418//2904 3415//2901
f 1264//1073 3421//2907 3418//2904
f 3421//2907 157//149 1008//843
f 3421//2907 1009//844 3420//2906
f 3420//2906 1010//845 3419//2905
f 1001//836 1010//845 120//112
f 3416//2902 1001//836 1000//835
f 999//834 3416//2902 1000//835
f 3423//2909 3425//2911 3422//2908
f 3423//2909 3427//2913 3426//2912
f 3425//2911 3429//2915 3428//2914
f 3426//2912 3430//2916 3429//2915
f 120//112 3422//2908 1014//846
f 1009//844 3422//2908 1010//845
f 1009//844 3424//2910 3423//2909
f 157//149 3424//2910 1008//843
f 1266//1075 3427//2913 3424//2910
f 1267//1076 3430//2916 3427//2913
f 1268//1077 1023//855 3430//2916
f 3430//2916 1024//856 3429//2915
f 3428//2914 1024//856 1025//857
f 3428//2914 122//114 1016//848
f 3425//2911 1016//848 1015//847
f 3422//2908 1015//847 1014//846
f 3432//2918 3434//2920 3431//2917
f 3432//2918 3436//2922 3435//2921
f 3435//2921 3437//2923 3434//2920
f 3435//2921 3439//2925 3438//2924
f 122//114 3431//2917 1029//860
f 1025//857 3432//2918 3431//2917
f 1024//856 3433//2919 3432//2918
f 158//150 3433//2919 1023//855
f 3433//2919 1270//1079 3436//2922
f 3436//2922 1271//1080 3439//2925
f 3439//2925 159//151 1038//869
f 3439//2925 1039//870 3438//2924
f 3438//2924 1040//871 3437//2923
f 3437//2923 124//116 1031//862
f 3434//2920 1031//862 1030//861
f 1029//860 3434//2920 1030//861
f 3441//2927 3443//2929 3440//2926
f 3441//2927 3445//2931 3444//2930
f 3444//2930 3446//2932 3443//2929
f 3445//2931 3447//2933 3444//2930
f 124//116 3440//2926 1044//872
f 1039//870 3440//2926 1040//871
f 1039//870 3442//2928 3441//2927
f 1038//869 1272//1081 3442//2928
f 3442//2928 1273//1082 3445//2931
f 1273//1082 3448//2934 3445//2931
f 1274//1083 1053//881 3448//2934
f 3447//2933 1053//881 1054//882
f 3446//2932 1054//882 1055//883
f 3446//2932 126//118 1046//874
f 1045//873 3446//2932 1046//874
f 1044//872 3443//2929 1045//873
f 3449//2935 3453//2939 3452//2938
f 3450//2936 3454//2940 3453//2939
f 3452//2938 3456//2942 3455//2941
f 3454//2940 3456//2942 3453//2939
f 126//118 3449//2935 1059//885
f 1054//882 3449//2935 1055//883
f 1053//881 3450//2936 1054//882
f 1053//881 1275//1084 3451//2937
f 1275//1084 3454//2940 3451//2937
f 3454//2940 1277//1086 3457//2943
f 3457//2943 161//153 1068//894
f 3456//2942 1068//894 1069//895
f 3456//2942 1070//896 3455//2941
f 3455//2941 128//120 1061//887
f 3452//2938 1061//887 1060//886
f 1059//885 3452//2938 1060//886
f 3459//2945 3461//2947 3458//2944
f 3460//2946 3462//2948 3459//2945
f 3461//2947 3465//2951 3464//2950
f 3462//2948 3466//2952 3465//2951
f 1070//896 1074//897 128//120
f 1069//895 3458//2944 1070//896
f 1069//895 3460//2946 3459//2945
f 1068//894 1278//1087 3460//2946
f 1278//1087 3463//2949 3460//2946
f 3463//2949 1280//1089 3466//2952
f 3466//2952 162//154 1083//906
f 3465//2951 1083//906 1084//907
f 3465//2951 1085//908 3464//2950
f 3464//2950 130//122 1076//899
f 3461//2947 1076//899 1075//898
f 1074//897 3461//2947 1075//898
f 3467//2953 3471//2957 3470//2956
f 3469//2955 3471//2957 3468//2954
f 3470//2956 3474//2960 3473//2959
f 3472//2958 3474//2960 3471//2957
f 130//122 3467//2953 1086//909
f 1084//907 3467//2953 1085//908
f 1084//907 3469//2955 3468//2954
f 162//154 3469//2955 1083//906
f 1281//1090 3472//2958 3469//2955
f 1282//1091 3475//2961 3472//2958
f 1283//1092 1235//1044 3475//2961
f 3474//2960 1235//1044 1234//1043
f 3473//2959 1234//1043 1233//1042
f 3473//2959 100//92 1088//911
f 3470//2956 1088//911 1087//910
f 1086//909 3470//2956 1087//910
f 3476//2962 3480//2966 3479//2965
f 3477//2963 3481//2967 3480//2966
f 3480//2966 3482//2968 3479//2965
f 3481//2967 3483//2969 3480//2966
f 211//203 3476//2962 1569//1377
f 1285//1094 3476//2962 1284//1093
f 1286//1095 3477//2963 1285//1094
f 1286//1095 1332//1141 3478//2964
f 3478//2964 1333//1142 3481//2967
f 1333//1142 3484//2970 3481//2967
f 1334//1143 1476//1285 3484//2970
f 3484//2970 1477//1286 3483//2969
f 3483//2969 1478//1287 3482//2968
f 1571//1379 1478//1287 196//188
f 1570//1378 3482//2968 1571//1379
f 1569//1377 3479//2965 1570//1378
f 3486//2972 3488//2974 3485//2971
f 3487//2973 3489//2975 3486//2972
f 3489//2975 3491//2977 3488//2974
f 3490//2976 3492//2978 3489//2975
f 1478//1287 1566//1374 196//188
f 1477//1286 3485//2971 1478//1287
f 1477//1286 3487//2973 3486//2972
f 181//173 3487//2973 1476//1285
f 1335//1144 3490//2976 3487//2973
f 1336//1145 3493//2979 3490//2976
f 1337//1146 1479//1288 3493//2979
f 3493//2979 1480//1289 3492//2978
f 3491//2977 1480//1289 1481//1290
f 1568//1376 1481//1290 197//189
f 1567//1375 3491//2977 1568//1376
f 3485//2971 1567//1375 1566//1374
f 3495//2981 3497//2983 3494//2980
f 3495//2981 3499//2985 3498//2984
f 3497//2983 3501//2987 3500//2986
f 3499//2985 3501//2987 3498//2984
f 197//189 3494//2980 1563//1371
f 1480//1289 3494//2980 1481//1290
f 1480//1289 3496//2982 3495//2981
f 182//174 3496//2982 1479//1288
f 1338//1147 3499//2985 3496//2982
f 3499//2985 1340//1149 3502//2988
f 1340//1149 1482//1291 3502//2988
f 3502//2988 1483//1292 3501//2987
f 3501//2987 1484//1293 3500//2986
f 3500//2986 198//190 1565//1373
f 1564//1372 3500//2986 1565//1373
f 1563//1371 3497//2983 1564//1372
f 3503//2989 3507//2993 3506//2992
f 3505//2991 3507//2993 3504//2990
f 3507//2993 3509//2995 3506//2992
f 3508//2994 3510//2996 3507//2993
f 1484//1293 1560//1368 198//190
f 1484//1293 3504//2990 3503//2989
f 1482//1291 3504//2990 1483//1292
f 1482//1291 1341//1150 3505//2991
f 1341//1150 3508//2994 3505//2991
f 1342//1151 3511//2997 3508//2994
f 3511//2997 184//176 1485//1294
f 3511//2997 1486//1295 3510//2996
f 3509//2995 1486//1295 1487//1296
f 3509//2995 199//191 1562//1370
f 1561//1369 3509//2995 1562//1370
f 1560//1368 3506//2992 1561//1369
f 3512//2998 3516//3002 3515//3001
f 3514//3000 3516//3002 3513//2999
f 3515//3001 3519//3005 3518//3004
f 3517//3003 3519//3005 3516//3002
f 199//191 3512//2998 1557//1365
f 1486//1295 3512//2998 1487//1296
f 1485//1294 3513//2999 1486//1295
f 1485//1294 1344//1153 3514//3000
f 3514//3000 1345//1154 3517//3003
f 1345//1154 3520//3006 3517//3003
f 3520//3006 185//177 1488//1297
f 3520//3006 1489//1298 3519//3005
f 3519//3005 1490//1299 3518//3004
f 3518//3004 200//192 1559//1367
f 1558//1366 3518//3004 1559//1367
f 3512//2998 1558//1366 1557//1365
f 3521//3007 3525//3011 3524//3010
f 3522//3008 3526//3012 3525//3011
f 3525//3011 3527//3013 3524//3010
f 3526//3012 3528//3014 3525//3011
f 200//192 3521//3007 1554//1362
f 1489//1298 3521//3007 1490//1299
f 1489//1298 3523//3009 3522//3008
f 1488//1297 1347//1156 3523//3009
f 1347//1156 3526//3012 3523//3009
f 1348//1157 3529//3015 3526//3012
f 3529//3015 186//178 1491//1300
f 3529//3015 1492//1301 3528//3014
f 3528//3014 1493//1302 3527//3013
f 1556//1364 1493//1302 201//193
f 1555//1363 3527//3013 1556//1364
f 1554//1362 3524//3010 1555//1363
f 3530//3016 3534//3020 3533//3019
f 3532//3018 3534//3020 3531//3017
f 3533//3019 3537//3023 3536//3022
f 3535//3021 3537//3023 3534//3020
f 1493//1302 1551//1359 201//193
f 1492//1301 3530//3016 1493//1302
f 1491//1300 3531//3017 1492//1301
f 1491//1300 1350//1159 3532//3018
f 3532//3018 1351//1160 3535//3021
f 1351//1160 3538//3024 3535//3021
f 3538//3024 187//179 1494//1303
f 3538//3024 1495//1304 3537//3023
f 3537//3023 1496//1305 3536//3022
f 1553//1361 1496//1305 202//194
f 1552//1360 3536//3022 1553//1361
f 1551//1359 3533//3019 1552//1360
f 3540//3026 3542//3028 3539//3025
f 3540//3026 3544//3030 3543//3029
f 3542//3028 3546//3032 3545//3031
f 3543//3029 3547//3033 3546//3032
f 202//194 3539//3025 1548//1356
f 1495//1304 3539//3025 1496//1305
f 1494//1303 3540//3026 1495//1304
f 1494//1303 1353//1162 3541//3027
f 3541//3027 1354//1163 3544//3030
f 1354//1163 3547//3033 3544//3030
f 1355//1164 1497//1306 3547//3033
f 3547//3033 1498//1307 3546//3032
f 3545//3031 1498//1307 1499//1308
f 3545//3031 203//195 1550//1358
f 3542//3028 1550//1358 1549//1357
f 1548//1356 3542//3028 1549//1357
f 3549//3035 3551//3037 3548//3034
f 3549//3035 3553//3039 3552//3038
f 3552//3038 3554//3040 3551//3037
f 3552//3038 3556//3042 3555//3041
f 203//195 3548//3034 1545//1353
f 1499//1308 3549//3035 3548//3034
f 1497//1306 3549//3035 1498//1307
f 1497//1306 1356//1165 3550//3036
f 3550//3036 1357//1166 3553//3039
f 1357//1166 3556//3042 3553//3039
f 1358//1167 1500//1309 3556//3042
f 3556//3042 1501//1310 3555//3041
f 3554//3040 1501//1310 1502//1311
f 1547//1355 1502//1311 204//196
f 3551//3037 1547//1355 1546//1354
f 1545//1353 3551//3037 1546//1354
f 3557//3043 3561//3047 3560//3046
f 3558//3044 3562//3048 3561//3047
f 3561//3047 3563//3049 3560//3046
f 3561//3047 3565//3051 3564//3050
f 204//196 3557//3043 1542//1350
f 1502//1311 3558//3044 3557//3043
f 1500//1309 3558//3044 1501//1310
f 1500//1309 1359//1168 3559//3045
f 3559//3045 1360//1169 3562//3048
f 1360//1169 3565//3051 3562//3048
f 1361//1170 1503//1312 3565//3051
f 3565//3051 1504//1313 3564//3050
f 3564//3050 1505//1314 3563//3049
f 1544//1352 1505//1314 205//197
f 3560//3046 1544//1352 1543//1351
f 1542//1350 3560//3046 1543//1351
f 3566//3052 3570//3056 3569//3055
f 3568//3054 3570//3056 3567//3053
f 3569//3055 3573//3059 3572//3058
f 3570//3056 3574//3060 3573//3059
f 1505//1314 1539//1347 205//197
f 1504//1313 3566//3052 1505//1314
f 1504//1313 3568//3054 3567//3053
f 190//182 3568//3054 1503//1312
f 3568//3054 1363//1172 3571//3057
f 1363//1172 3574//3060 3571//3057
f 1364//1173 1506//1315 3574//3060
f 3574//3060 1507//1316 3573//3059
f 3573//3059 1508//1317 3572//3058
f 1541//1349 1508//1317 206//198
f 3569//3055 1541//1349 1540//1348
f 3566//3052 1540//1348 1539//1347
f 3575//3061 3579//3065 3578//3064
f 3576//3062 3580//3066 3579//3065
f 3578//3064 3582//3068 3581//3067
f 3579//3065 3583//3069 3582//3068
f 206//198 3575//3061 1536//1344
f 1508//1317 3576//3062 3575//3061
f 1507//1316 3577//3063 3576//3062
f 191//183 3577//3063 1506//1315
f 1365//1174 3580//3066 3577//3063
f 1366//1175 3583//3069 3580//3066
f 3583//3069 192//184 1509//1318
f 3583//3069 1510//1319 3582//3068
f 3581//3067 1510//1319 1511//1320
f 3581//3067 207//199 1538//1346
f 1537//1345 3581//3067 1538//1346
f 3575//3061 1537//1345 1536//1344
f 3585//3071 3587//3073 3584//3070
f 3586//3072 3588//3074 3585//3071
f 3587//3073 3591//3077 3590//3076
f 3588//3074 3592//3078 3591//3077
f 1511//1320 1533//1341 207//199
f 1511//1320 3585//3071 3584//3070
f 1509//1318 3585//3071 1510//1319
f 1509//1318 1368//1177 3586//3072
f 3586//3072 1369//1178 3589//3075
f 1369//1178 3592//3078 3589//3075
f 3592//3078 193//185 1512//1321
f 3592//3078 1513//1322 3591//3077
f 3591//3077 1514//1323 3590//3076
f 1535//1343 1514//1323 208//200
f 1534//1342 3590//3076 1535//1343
f 3584//3070 1534//1342 1533//1341
f 3593//3079 3597//3083 3596//3082
f 3595//3081 3597//3083 3594//3080
f 3596//3082 3600//3086 3599//3085
f 3597//3083 3601//3087 3600//3086
f 1514//1323 1530//1338 208//200
f 1514//1323 3594//3080 3593//3079
f 1513//1322 3595//3081 3594//3080
f 1512//1321 1371//1180 3595//3081
f 1371//1180 3598//3084 3595//3081
f 1372//1181 3601//3087 3598//3084
f 1373//1182 1515//1324 3601//3087
f 3601//3087 1516//1325 3600//3086
f 3600//3086 1517//1326 3599//3085
f 3599//3085 209//201 1532//1340
f 3596//3082 1532//1340 1531//1339
f 3593//3079 1531//1339 1530//1338
f 3602//3088 3606//3092 3605//3091
f 3603//3089 3607//3093 3606//3092
f 3606//3092 3608//3094 3605//3091
f 3607//3093 3609//3095 3606//3092
f 209//201 3602//3088 1527//1335
f 1516//1325 3602//3088 1517//1326
f 1515//1324 3603//3089 1516//1325
f 1515//1324 1374//1183 3604//3090
f 3604//3090 1375//1184 3607//3093
f 3607//3093 1376//1185 3610//3096
f 1376//1185 1518//1327 3610//3096
f 3610//3096 1519//1328 3609//3095
f 3609//3095 1520//1329 3608//3094
f 1529//1337 1520//1329 210//202
f 3605//3091 1529//1337 1528//1336
f 3602//3088 1528//1336 1527//1335
f 3612//3098 3614//3100 3611//3097
f 3612//3098 3616//3102 3615//3101
f 3615//3101 3617//3103 3614//3100
f 3615//3101 3619//3105 3618//3104
f 210//202 3611//3097 1524//1332
f 1519//1328 3611//3097 1520//1329
f 1519//1328 3613//3099 3612//3098
f 195//187 3613//3099 1518//1327
f 1377//1186 3616//3102 3613//3099
f 3616//3102 1379//1188 3619//3105
f 1379//1188 1286//1095 3619//3105
f 3618//3104 1286//1095 1285//1094
f 3618//3104 1284//1093 3617//3103
f 1526//1334 1284//1093 211//203
f 1525//1333 3617//3103 1526//1334
f 1524//1332 3614//3100 1525//1333
f 3621//3107 3623//3109 3620//3106
f 3621//3107 3625//3111 3624//3110
f 3624//3110 3626//3112 3623//3109
f 3625//3111 3627//3113 3624//3110
f 1763//1568 1715//1520 243//235
f 1762//1567 3620//3106 1763//1568
f 1762//1567 3622//3108 3621//3107
f 1761//1566 1431//1240 3622//3108
f 3622//3108 1432//1241 3625//3111
f 3625//3111 1433//1242 3628//3114
f 3628//3114 181//173 1334//1143
f 3627//3113 1334//1143 1333//1142
f 3626//3112 1333//1142 1332//1141
f 1713//1518 1332//1141 164//156
f 3623//3109 1713//1518 1714//1519
f 3620//3106 1714//1519 1715//1520
f 3630//3116 3632//3118 3629//3115
f 3630//3116 3634//3120 3633//3119
f 3633//3119 3635//3121 3632//3118
f 3633//3119 3637//3123 3636//3122
f 1760//1565 1431//1240 228//220
f 1759//1564 3629//3115 1760//1565
f 1759//1564 3631//3117 3630//3116
f 1758//1563 1434//1243 3631//3117
f 3631//3117 1435//1244 3634//3120
f 3634//3120 1436//1245 3637//3123
f 3637//3123 182//174 1337//1146
f 3637//3123 1336//1145 3636//3122
f 3636//3122 1335//1144 3635//3121
f 3635//3121 181//173 1433//1242
f 3632//3118 1433//1242 1432//1241
f 3629//3115 1432//1241 1431//1240
f 3639//3125 3641//3127 3638//3124
f 3639//3125 3643//3129 3642//3128
f 3642//3128 3644//3130 3641//3127
f 3642//3128 3646//3132 3645//3131
f 1757//1562 1434//1243 229//221
f 1756//1561 3638//3124 1757//1562
f 1756//1561 3640//3126 3639//3125
f 1755//1560 1437//1246 3640//3126
f 3640//3126 1438//1247 3643//3129
f 3643//3129 1439//1248 3646//3132
f 3646//3132 183//175 1340//1149
f 3646//3132 1339//1148 3645//3131
f 3645//3131 1338//1147 3644//3130
f 3644//3130 182//174 1436//1245
f 3641//3127 1436//1245 1435//1244
f 3638//3124 1435//1244 1434//1243
f 3648//3134 3650//3136 3647//3133
f 3648//3134 3652//3138 3651//3137
f 3651//3137 3653//3139 3650//3136
f 3651//3137 3655//3141 3654//3140
f 1754//1559 1437//1246 230//222
f 1753//1558 3647//3133 1754//1559
f 1753//1558 3649//3135 3648//3134
f 1752//1557 1440//1249 3649//3135
f 3649//3135 1441//1250 3652//3138
f 1441//1250 3655//3141 3652//3138
f 1442//1251 1343//1152 3655//3141
f 3654//3140 1343//1152 1342//1151
f 3653//3139 1342//1151 1341//1150
f 3653//3139 183//175 1439//1248
f 3650//3136 1439//1248 1438//1247
f 3647//3133 1438//1247 1437//1246
f 3657//3143 3659//3145 3656//3142
f 3657//3143 3661//3147 3660//3146
f 3660//3146 3662//3148 3659//3145
f 3660//3146 3664//3150 3663//3149
f 1751//1556 1440//1249 231//223
f 1750//1555 3656//3142 1751//1556
f 1750//1555 3658//3144 3657//3143
f 1749//1554 1443//1252 3658//3144
f 3658//3144 1444//1253 3661//3147
f 1444//1253 3664//3150 3661//3147
f 1445//1254 1346//1155 3664//3150
f 3663//3149 1346//1155 1345//1154
f 3662//3148 1345//1154 1344//1153
f 3662//3148 184//176 1442//1251
f 3659//3145 1442//1251 1441//1250
f 1440//1249 3659//3145 1441//1250
f 3666//3152 3668//3154 3665//3151
f 3666//3152 3670//3156 3669//3155
f 3669//3155 3671//3157 3668//3154
f 3670//3156 3672//3158 3669//3155
f 1748//1553 1443//1252 232//224
f 1747//1552 3665//3151 1748//1553
f 1747//1552 3667//3153 3666//3152
f 1746//1551 1446//1255 3667//3153
f 3667//3153 1447//1256 3670//3156
f 3670//3156 1448//1257 3673//3159
f 3673//3159 186//178 1349//1158
f 3673//3159 1348//1157 3672//3158
f 3671//3157 1348//1157 1347//1156
f 1445//1254 1347//1156 185//177
f 3668//3154 1445//1254 1444//1253
f 3665//3151 1444//1253 1443//1252
f 3675//3161 3677//3163 3674//3160
f 3675//3161 3679//3165 3678//3164
f 3678//3164 3680//3166 3677//3163
f 3678//3164 3682//3168 3681//3167
f 1745//1550 1446//1255 233//225
f 1744//1549 3674//3160 1745//1550
f 1744//1549 3676//3162 3675//3161
f 1743//1548 1449//1258 3676//3162
f 3676//3162 1450//1259 3679//3165
f 3679//3165 1451//1260 3682//3168
f 3682//3168 187//179 1352//1161
f 3681//3167 1352//1161 1351//1160
f 3681//3167 1350//1159 3680//3166
f 1448//1257 1350//1159 186//178
f 3677//3163 1448//1257 1447//1256
f 3674//3160 1447//1256 1446//1255
f 3684//3170 3686//3172 3683//3169
f 3684//3170 3688//3174 3687//3173
f 3686//3172 3690//3176 3689//3175
f 3687//3173 3691//3177 3690//3176
f 1742//1547 1449//1258 234//226
f 1742//1547 3684//3170 3683//3169
f 1741//1546 3685//3171 3684//3170
f 1740//1545 1452//1261 3685//3171
f 3685//3171 1453//1262 3688//3174
f 3688//3174 1454//1263 3691//3177
f 3691//3177 188//180 1355//1164
f 3691//3177 1354//1163 3690//3176
f 3690//3176 1353//1162 3689//3175
f 3689//3175 187//179 1451//1260
f 3686//3172 1451//1260 1450//1259
f 3683//3169 1450//1259 1449//1258
f 3693//3179 3695//3181 3692//3178
f 3693//3179 3697//3183 3696//3182
f 3695//3181 3699//3185 3698//3184
f 3696//3182 3700//3186 3699//3185
f 1739//1544 1452//1261 235//227
f 1738//1543 3692//3178 1739//1544
f 1738//1543 3694//3180 3693//3179
f 1737//1542 1455//1264 3694//3180
f 3694//3180 1456//1265 3697//3183
f 3697//3183 1457//1266 3700//3186
f 3700//3186 189//181 1358//1167
f 3700//3186 1357//1166 3699//3185
f 3699//3185 1356//1165 3698//3184
f 3698//3184 188//180 1454//1263
f 1453//1262 3698//3184 1454//1263
f 3692//3178 1453//1262 1452//1261
f 3702//3188 3704//3190 3701//3187
f 3702//3188 3706//3192 3705//3191
f 3704//3190 3708//3194 3707//3193
f 3705//3191 3709//3195 3708//3194
f 1736//1541 1455//1264 236//228
f 1735//1540 3701//3187 1736//1541
f 1735//1540 3703//3189 3702//3188
f 1734//1539 1458//1267 3703//3189
f 3703//3189 1459//1268 3706//3192
f 3706//3192 1460//1269 3709//3195
f 1460//1269 1361//1170 3709//3195
f 3708//3194 1361//1170 1360//1169
f 3708//3194 1359//1168 3707//3193
f 3707//3193 189//181 1457//1266
f 1456//1265 3707//3193 1457//1266
f 3701//3187 1456//1265 1455//1264
f 3711//3197 3713//3199 3710//3196
f 3711//3197 3715//3201 3714//3200
f 3714//3200 3716//3202 3713//3199
f 3714//3200 3718//3204 3717//3203
f 1733//1538 1458//1267 237//229
f 1732//1537 3710//3196 1733//1538
f 1732//1537 3712//3198 3711//3197
f 1731//1536 1461//1270 3712//3198
f 3712//3198 1462//1271 3715//3201
f 3715//3201 1463//1272 3718//3204
f 3718//3204 191//183 1364//1173
f 3717//3203 1364//1173 1363//1172
f 3717//3203 1362//1171 3716//3202
f 3716//3202 190//182 1460//1269
f 1459//1268 3716//3202 1460//1269
f 3710//3196 1459//1268 1458//1267
f 3720//3206 3722//3208 3719//3205
f 3720//3206 3724//3210 3723//3209
f 3722//3208 3726//3212 3725//3211
f 3724//3210 3726//3212 3723//3209
f 1730//1535 1461//1270 238//230
f 1729//1534 3719//3205 1730//1535
f 1729//1534 3721//3207 3720//3206
f 1728//1533 1464//1273 3721//3207
f 3721//3207 1465//1274 3724//3210
f 3724//3210 1466//1275 3727//3213
f 3727//3213 192//184 1367//1176
f 3726//3212 1367//1176 1366//1175
f 3726//3212 1365//1174 3725//3211
f 1463//1272 1365//1174 191//183
f 1462//1271 3725//3211 1463//1272
f 3719//3205 1462//1271 1461//1270
f 3729//3215 3731//3217 3728//3214
f 3729//3215 3733//3219 3732//3218
f 3732//3218 3734//3220 3731//3217
f 3733//3219 3735//3221 3732//3218
f 1727//1532 1464//1273 239//231
f 1726//1531 3728//3214 1727//1532
f 1726//1531 3730//3216 3729//3215
f 1725//1530 1467//1276 3730//3216
f 3730//3216 1468//1277 3733//3219
f 1468//1277 3736//3222 3733//3219
f 3736//3222 193//185 1370//1179
f 3735//3221 1370//1179 1369//1178
f 3735//3221 1368//1177 3734//3220
f 3734//3220 192//184 1466//1275
f 3731//3217 1466//1275 1465//1274
f 3728//3214 1465//1274 1464//1273
f 3738//3224 3740//3226 3737//3223
f 3739//3225 3741//3227 3738//3224
f 3740//3226 3744//3230 3743//3229
f 3741//3227 3745//3231 3744//3230
f 1724//1529 1467//1276 240//232
f 1723//1528 3737//3223 1724//1529
f 1723//1528 3739//3225 3738//3224
f 1722//1527 1470//1279 3739//3225
f 3739//3225 1471//1280 3742//3228
f 3742//3228 1472//1281 3745//3231
f 3745//3231 194//186 1373//1182
f 3745//3231 1372//1181 3744//3230
f 3744//3230 1371//1180 3743//3229
f 3743//3229 193//185 1469//1278
f 3740//3226 1469//1278 1468//1277
f 3737//3223 1468//1277 1467//1276
f 3747//3233 3749//3235 3746//3232
f 3747//3233 3751//3237 3750//3236
f 3750//3236 3752//3238 3749//3235
f 3750//3236 3754//3240 3753//3239
f 1721//1526 1470//1279 241//233
f 1720//1525 3746//3232 1721//1526
f 1720//1525 3748//3234 3747//3233
f 1719//1524 1473//1282 3748//3234
f 3748//3234 1474//1283 3751//3237
f 3751//3237 1475//1284 3754//3240
f 1475//1284 1376//1185 3754//3240
f 3753//3239 1376//1185 1375//1184
f 3753//3239 1374//1183 3752//3238
f 1472//1281 1374//1183 194//186
f 3749//3235 1472//1281 1471//1280
f 3746//3232 1471//1280 1470//1279
f 3756//3242 3758//3244 3755//3241
f 3756//3242 3760//3246 3759//3245
f 3759//3245 3761//3247 3758//3244
f 3759//3245 3763//3249 3762//3248
f 1718//1523 1473//1282 242//234
f 1717//1522 3755//3241 1718//1523
f 1717//1522 3757//3243 3756//3242
f 1716//1521 1715//1520 3757//3243
f 3757//3243 1714//1519 3760//3246
f 3760//3246 1713//1518 3763//3249
f 3763//3249 164//156 1379//1188
f 3762//3248 1379//1188 1378//1187
f 3762//3248 1377//1186 3761//3247
f 3761//3247 195//187 1475//1284
f 3758//3244 1475//1284 1474//1283
f 3755//3241 1474//1283 1473//1282
f 3764//3250 3768//3252 3767//3252
f 3765//3250 3769//3252 3768//3252
f 3768//3252 3770//3253 3767//3252
f 3768//3252 3772//3255 3771//3254
f 162//154 3764//3250 1281//1090
f 1231//1041 3764//3250 1232//1041
f 1231//1041 3766//3251 3765//3250
f 210//202 3766//3251 1230//1041
f 3766//3251 1525//1333 3769//3252
f 1525//1333 3772//3255 3769//3252
f 1526//1334 1523//1330 3772//3255
f 3772//3255 1522//1331 3771//3254
f 3771//3254 1521//1330 3770//3253
f 1283//1092 1521//1330 163//155
f 1282//1091 3770//3253 1283//1092
f 1281//1090 3767//3252 1282//1091
f 3774//3257 3776//3259 3773//3256
f 3775//3258 3777//3259 3774//3257
f 3777//3259 3779//3260 3776//3259
f 3777//3259 3781//3261 3780//3261
f 161//153 3773//3256 1278//1087
f 1229//1040 3774//3257 3773//3256
f 1228//1039 3775//3258 3774//3257
f 1227//1038 1527//1335 3775//3258
f 1527//1335 3778//3259 3775//3258
f 1528//1336 3781//3261 3778//3259
f 1529//1337 1230//1041 3781//3261
f 3781//3261 1231//1041 3780//3261
f 3780//3261 1232//1041 3779//3260
f 3779//3260 162//154 1280//1089
f 1279//1088 3779//3260 1280//1089
f 3773//3256 1279//1088 1278//1087
f 3782//3262 3786//3265 3785//3264
f 3783//3263 3787//3266 3786//3265
f 3786//3265 3788//3267 3785//3264
f 3787//3266 3789//3268 3786//3265
f 160//152 3782//3262 1275//1084
f 1226//1037 3783//3263 3782//3262
f 1225//1036 3784//3263 3783//3263
f 208//200 3784//3263 1224//1035
f 3784//3263 1531//1339 3787//3266
f 3787//3266 1532//1340 3790//3268
f 3790//3268 209//201 1227//1038
f 3789//3268 1227//1038 1228//1039
f 3788//3267 1228//1039 1229//1040
f 3788//3267 161//153 1277//1086
f 1276//1085 3788//3267 1277//1086
f 1275//1084 3785//3264 1276//1085
f 3792//3269 3794//3271 3791//3269
f 3793//3270 3795//3272 3792//3269
f 3794//3271 3798//3273 3797//3273
f 3796//3271 3798//3273 3795//3272
f 159//151 3791//3269 1272//1081
f 1222//1033 3791//3269 1223//1034
f 1221//1033 3792//3269 1222//1033
f 207//199 3793//3270 1221//1033
f 3793//3270 1534//1342 3796//3271
f 1534//1342 3799//3274 3796//3271
f 1535//1343 1224//1035 3799//3274
f 3799//3274 1225//1036 3798//3273
f 3797//3273 1225//1036 1226//1037
f 3797//3273 160//152 1274//1083
f 1273//1082 3797//3273 1274//1083
f 3791//3269 1273//1082 1272//1081
f 3801//3276 3803//3277 3800//3275
f 3802//3275 3804//3277 3801//3276
f 3804//3277 3806//3278 3803//3277
f 3804//3277 3808//3278 3807//3279
f 1220//1032 1269//1078 158//150
f 1220//1032 3801//3276 3800//3275
f 1219//1032 3802//3275 3801//3276
f 1218//1032 1536//1344 3802//3275
f 1536//1344 3805//3277 3802//3275
f 3805//3277 1538//1346 3808//3278
f 3808//3278 207//199 1221//1033
f 3808//3278 1222//1033 3807//3279
f 3806//3278 1222//1033 1223//1034
f 1271//1080 1223//1034 159//151
f 3803//3277 1271//1080 1270//1079
f 3800//3275 1270//1079 1269//1078
f 3810//3281 3812//3283 3809//3280
f 3811//3282 3813//3284 3810//3281
f 3813//3284 3815//3285 3812//3283
f 3813//3284 3817//3286 3816//3285
f 1217//1031 1266//1075 157//149
f 1217//1031 3810//3281 3809//3280
f 1216//1030 3811//3282 3810//3281
f 205//197 3811//3282 1215//1030
f 1539//1347 3814//3283 3811//3282
f 1540//1348 3817//3286 3814//3283
f 3817//3286 206//198 1218//1032
f 3817//3286 1219//1032 3816//3285
f 3816//3285 1220//1032 3815//3285
f 3815//3285 158//150 1268//1077
f 3812//3283 1268//1077 1267//1076
f 3809//3280 1267//1076 1266//1075
f 3819//3288 3821//3289 3818//3287
f 3819//3288 3823//3291 3822//3290
f 3821//3289 3825//3292 3824//3292
f 3822//3290 3826//3293 3825//3292
f 1214//1029 1263//1072 156//148
f 1213//1028 3818//3287 1214//1029
f 1212//1027 3819//3288 1213//1028
f 204//196 3820//3288 1212//1027
f 3820//3288 1543//1351 3823//3291
f 3823//3291 1544//1352 3826//3293
f 1544//1352 1215//1030 3826//3293
f 3826//3293 1216//1030 3825//3292
f 3824//3292 1216//1030 1217//1031
f 1265//1074 1217//1031 157//149
f 1264//1073 3824//3292 1265//1074
f 3818//3287 1264//1073 1263//1072
f 3827//3294 3831//3298 3830//3297
f 3828//3295 3832//3298 3831//3298
f 3830//3297 3834//3299 3833//3299
f 3832//3298 3834//3299 3831//3298
f 155//147 3827//3294 1260//1069
f 1210//1026 3827//3294 1211//1025
f 1210//1026 3829//3296 3828//3295
f 203//195 3829//3296 1209//1025
f 3829//3296 1546//1354 3832//3298
f 1546//1354 3835//3300 3832//3298
f 3835//3300 204//196 1212//1027
f 3835//3300 1213//1028 3834//3299
f 3833//3299 1213//1028 1214//1029
f 1262//1071 1214//1029 156//148
f 3830//3297 1262//1071 1261//1070
f 1260//1069 3830//3297 1261//1070
f 3836//3301 3840//3305 3839//3304
f 3837//3302 3841//3304 3840//3305
f 3840//3305 3842//3306 3839//3304
f 3841//3304 3843//3307 3840//3305
f 1208//1023 1257//1066 154//146
f 1208//1023 3837//3302 3836//3301
f 1207//1024 3838//3303 3837//3302
f 1206//1023 1548//1356 3838//3303
f 3838//3303 1549//1357 3841//3304
f 1549//1357 3844//3308 3841//3304
f 3844//3308 203//195 1209//1025
f 3843//3307 1209//1025 1210//1026
f 3842//3306 1210//1026 1211//1025
f 1259//1068 1211//1025 155//147
f 3839//3304 1259//1068 1258//1067
f 3836//3301 1258//1067 1257//1066
f 3845//3309 3849//3312 3848//3311
f 3846//3310 3850//3313 3849//3312
f 3848//3311 3852//3314 3851//3314
f 3849//3312 3853//3314 3852//3314
f 153//145 3845//3309 1254//1063
f 1204//1021 3845//3309 1205//1022
f 1204//1021 3847//3309 3846//3310
f 201//193 3847//3309 1203//1021
f 3847//3309 1552//1360 3850//3313
f 1552//1360 3853//3314 3850//3313
f 3853//3314 202//194 1206//1023
f 3853//3314 1207//1024 3852//3314
f 3852//3314 1208//1023 3851//3314
f 3851//3314 154//146 1256//1065
f 1255//1064 3851//3314 1256//1065
f 3845//3309 1255//1064 1254//1063
f 3855//3316 3857//3317 3854//3315
f 3856//3315 3858//3318 3855//3316
f 3857//3317 3861//3321 3860//3320
f 3858//3318 3862//3321 3861//3321
f 152//144 3854//3315 1251//1060
f 1202//1020 3855//3316 3854//3315
f 1201//1019 3856//3315 3855//3316
f 1200//1019 1554//1362 3856//3315
f 3856//3315 1555//1363 3859//3319
f 1555//1363 3862//3321 3859//3319
f 1556//1364 1203//1021 3862//3321
f 3861//3321 1203//1021 1204//1021
f 3861//3321 1205//1022 3860//3320
f 3860//3320 153//145 1253//1062
f 3857//3317 1253//1062 1252//1061
f 3854//3315 1252//1061 1251//1060
f 3863//3322 3867//3323 3866//3323
f 3864//3322 3868//3323 3867//3323
f 3866//3323 3870//3324 3869//3324
f 3868//3323 3870//3324 3867//3323
f 1199//1018 1248//1057 151//143
f 1198//1017 3863//3322 1199//1018
f 1197//1017 3864//3322 1198//1017
f 199//191 3865//3322 1197//1017
f 1557//1365 3868//3323 3865//3322
f 1558//1366 3871//3324 3868//3323
f 1559//1367 1200//1019 3871//3324
f 3871//3324 1201//1019 3870//3324
f 3870//3324 1202//1020 3869//3324
f 3869//3324 152//144 1250//1059
f 1249//1058 3869//3324 1250//1059
f 3863//3322 1249//1058 1248//1057
f 3873//3325 3875//3326 3872//3325
f 3873//3325 3877//3327 3876//3326
f 3875//3326 3879//3329 3878//3328
f 3877//3327 3879//3329 3876//3326
f 1196//1016 1245//1054 150//142
f 1195//1016 3872//3325 1196//1016
f 1194//1015 3873//3325 1195//1016
f 1194//1015 1560//1368 3874//3325
f 3874//3325 1561//1369 3877//3327
f 1561//1369 3880//3330 3877//3327
f 1562//1370 1197//1017 3880//3330
f 3879//3329 1197//1017 1198//1017
f 3878//3328 1198//1017 1199//1018
f 1247//1056 1199//1018 151//143
f 1246//1055 3878//3328 1247//1056
f 3872//3325 1246//1055 1245//1054
f 3882//3332 3884//3334 3881//3331
f 3882//3332 3886//3335 3885//3335
f 3885//3335 3887//3336 3884//3334
f 3886//3335 3888//3337 3885//3335
f 1193//1014 1242//1051 149//141
f 1192//1013 3881//3331 1193//1014
f 1192//1013 3883//3333 3882//3332
f 197//189 3883//3333 1191//1013
f 3883//3333 1564//1372 3886//3335
f 1564//1372 3889//3337 3886//3335
f 3889//3337 198//190 1194//1015
f 3888//3337 1194//1015 1195//1016
f 3887//3336 1195//1016 1196//1016
f 1244//1053 1196//1016 150//142
f 1243//1052 3887//3336 1244//1053
f 1242//1051 3884//3334 1243//1052
f 3890//3338 3894//3341 3893//3340
f 3891//3339 3895//3342 3894//3341
f 3893//3340 3897//3344 3896//3343
f 3895//3342 3897//3344 3894//3341
f 1190//1012 1239//1048 148//140
f 1189//1012 3890//3338 1190//1012
f 1188//1011 3891//3339 1189//1012
f 196//188 3892//3339 1188//1011
f 1566//1374 3895//3342 3892//3339
f 3895//3342 1568//1376 3898//3345
f 3898//3345 197//189 1191//1013
f 3897//3344 1191//1013 1192//1013
f 3896//3343 1192//1013 1193//1014
f 3896//3343 149//141 1241//1050
f 1240//1049 3896//3343 1241//1050
f 3890//3338 1240//1049 1239//1048
f 3899//3346 3903//3349 3902//3348
f 3900//3346 3904//3349 3903//3349
f 3903//3349 3905//3350 3902//3348
f 3903//3349 3907//3350 3906//3350
f 163//155 3899//3346 1236//1045
f 1521//1330 3900//3346 3899//3346
f 1523//1330 3900//3346 1522//1331
f 211//203 3901//3347 1523//1330
f 3901//3347 1570//1378 3904//3349
f 3904//3349 1571//1379 3907//3350
f 3907//3350 196//188 1188//1011
f 3906//3350 1188//1011 1189//1012
f 3905//3350 1189//1012 1190//1012
f 1238//1047 1190//1012 148//140
f 3902//3348 1238//1047 1237//1046
f 1236//1045 3902//3348 1237//1046
f 3909//3352 3911//3354 3908//3351
f 3909//3352 3913//3356 3912//3355
f 3912//3355 3914//3357 3911//3354
f 3912//3355 3916//3359 3915//3358
f 1425//1234 1617//1425 179//171
f 1426//1235 3908//3351 1425//1234
f 1426//1235 3910//3353 3909//3352
f 1427//1236 1430//1239 3910//3353
f 3910//3353 1429//1238 3913//3356
f 3913//3356 1428//1237 3916//3359
f 3916//3359 212//204 1620//1428
f 3915//3358 1620//1428 1621//1429
f 3915//3358 1622//1430 3914//3357
f 3914//3357 227//219 1619//1427
f 3911//3354 1619//1427 1618//1426
f 3908//3351 1618//1426 1617//1425
f 3918//3361 3920//3363 3917//3360
f 3918//3361 3922//3365 3921//3364
f 3921//3364 3923//3366 3920//3363
f 3921//3364 3925//3368 3924//3367
f 178//170 3917//3360 1614//1422
f 1422//1231 3918//3361 3917//3360
f 1423//1232 3919//3362 3918//3361
f 179//171 3919//3362 1424//1233
f 1617//1425 3922//3365 3919//3362
f 3922//3365 1619//1427 3925//3368
f 3925//3368 227//219 1623//1431
f 3924//3367 1623//1431 1624//1432
f 3924//3367 1625//1433 3923//3366
f 3923//3366 226//218 1616//1424
f 3920//3363 1616//1424 1615//1423
f 3917//3360 1615//1423 1614//1422
f 3927//3370 3929//3372 3926//3369
f 3927//3370 3931//3374 3930//3373
f 3930//3373 3932//3375 3929//3372
f 3931//3374 3933//3376 3930//3373
f 177//169 3926//3369 1611//1419
f 1420//1229 3926//3369 1419//1228
f 1420//1229 3928//3371 3927//3370
f 1421//1230 1614//1422 3928//3371
f 1614//1422 3931//3374 3928//3371
f 3931//3374 1616//1424 3934//3377
f 3934//3377 226//218 1626//1434
f 3933//3376 1626//1434 1627//1435
f 3933//3376 1628//1436 3932//3375
f 3932//3375 225//217 1613//1421
f 3929//3372 1613//1421 1612//1420
f 3926//3369 1612//1420 1611//1419
f 3935//3378 3939//3382 3938//3381
f 3936//3379 3940//3383 3939//3382
f 3939//3382 3941//3384 3938//3381
f 3939//3382 3943//3386 3942//3385
f 1416//1225 1608//1416 176//168
f 1417//1226 3935//3378 1416//1225
f 1418//1227 3936//3379 1417//1226
f 1418//1227 1611//1419 3937//3380
f 3937//3380 1612//1420 3940//3383
f 3940//3383 1613//1421 3943//3386
f 3943//3386 225//217 1629//1437
f 3942//3385 1629//1437 1630//1438
f 3942//3385 1631//1439 3941//3384
f 3941//3384 224//216 1610//1418
f 3938//3381 1610//1418 1609//1417
f 3935//3378 1609//1417 1608//1416
f 3945//3388 3947//3390 3944//3387
f 3946//3389 3948//3391 3945//3388
f 3947//3390 3951//3394 3950//3393
f 3948//3391 3952//3395 3951//3394
f 175//167 3944//3387 1605//1413
f 1414//1223 3944//3387 1413//1222
f 1414//1223 3946//3389 3945//3388
f 176//168 3946//3389 1415//1224
f 1608//1416 3949//3392 3946//3389
f 3949//3392 1610//1418 3952//3395
f 3952//3395 224//216 1632//1440
f 3951//3394 1632//1440 1633//1441
f 3951//3394 1634//1442 3950//3393
f 3950//3393 223//215 1607//1415
f 3947//3390 1607//1415 1606//1414
f 3944//3387 1606//1414 1605//1413
f 3954//3397 3956//3399 3953//3396
f 3955//3398 3957//3400 3954//3397
f 3956//3399 3960//3403 3959//3402
f 3957//3400 3961//3404 3960//3403
f 1410//1219 1602//1410 174//166
f 1410//1219 3954//3397 3953//3396
f 1411//1220 3955//3398 3954//3397
f 175//167 3955//3398 1412//1221
f 3955//3398 1606//1414 3958//3401
f 1606//1414 3961//3404 3958//3401
f 3961//3404 223//215 1635//1443
f 3960//3403 1635//1443 1636//1444
f 3960//3403 1637//1445 3959//3402
f 3959//3402 222//214 1604//1412
f 1603//1411 3959//3402 1604//1412
f 3953//3396 1603//1411 1602//1410
f 3963//3406 3965//3408 3962//3405
f 3963//3406 3967//3410 3966//3409
f 3966//3409 3968//3411 3965//3408
f 3967//3410 3969//3412 3966//3409
f 1407//1216 1599//1407 173//165
f 1408//1217 3962//3405 1407//1216
f 1408//1217 3964//3407 3963//3406
f 1409//1218 1602//1410 3964//3407
f 3964//3407 1603//1411 3967//3410
f 3967//3410 1604//1412 3970//3413
f 3970//3413 222//214 1638//1446
f 3969//3412 1638//1446 1639//1447
f 3969//3412 1640//1448 3968//3411
f 3968//3411 221//213 1601//1409
f 3965//3408 1601//1409 1600//1408
f 3962//3405 1600//1408 1599//1407
f 3972//3415 3974//3417 3971//3414
f 3972//3415 3976//3419 3975//3418
f 3975//3418 3977//3420 3974//3417
f 3976//3419 3978//3421 3975//3418
f 172//164 3971//3414 1596//1404
f 1405//1214 3971//3414 1404//1213
f 1405//1214 3973//3416 3972//3415
f 1406//1215 1599//1407 3973//3416
f 3973//3416 1600//1408 3976//3419
f 3976//3419 1601//1409 3979//3422
f 3979//3422 221//213 1641//1449
f 3978//3421 1641//1449 1642//1450
f 3978//3421 1643//1451 3977//3420
f 3977//3420 220//212 1598//1406
f 3974//3417 1598//1406 1597//1405
f 3971//3414 1597//1405 1596//1404
f 3981//3424 3983//3426 3980//3423
f 3981//3424 3985//3428 3984//3427
f 3984//3427 3986//3429 3983//3426
f 3984//3427 3988//3431 3987//3430
f 1401//1210 1593//1401 171//163
f 1402//1211 3980//3423 1401//1210
f 1402//1211 3982//3425 3981//3424
f 1403//1212 1596//1404 3982//3425
f 1596//1404 3985//3428 3982//3425
f 3985//3428 1598//1406 3988//3431
f 3988//3431 220//212 1644//1452
f 3987//3430 1644//1452 1645//1453
f 3986//3429 1645//1453 1646//1454
f 3986//3429 219//211 1595//1403
f 3983//3426 1595//1403 1594//1402
f 3980//3423 1594//1402 1593//1401
f 3989//3432 3993//3436 3992//3435
f 3990//3433 3994//3437 3993//3436
f 3993//3436 3995//3438 3992//3435
f 3993//3436 3997//3440 3996//3439
f 170//162 3989//3432 1590//1398
f 1398//1207 3990//3433 3989//3432
f 1399//1208 3991//3434 3990//3433
f 1400//1209 1593//1401 3991//3434
f 3991//3434 1594//1402 3994//3437
f 3994//3437 1595//1403 3997//3440
f 3997//3440 219//211 1647//1455
f 3996//3439 1647//1455 1648//1456
f 3996//3439 1649//1457 3995//3438
f 3995//3438 218//210 1592//1400
f 3992//3435 1592//1400 1591//1399
f 3989//3432 1591//1399 1590//1398
f 3998//3441 4002//3445 4001//3444
f 4000//3443 4002//3445 3999//3442
f 4002//3445 4004//3447 4001//3444
f 4003//3446 4005//3448 4002//3445
f 1395//1204 1587//1395 169//161
f 1396//1205 3998//3441 1395//1204
f 1396//1205 4000//3443 3999//3442
f 1397//1206 1590//1398 4000//3443
f 4000//3443 1591//1399 4003//3446
f 4003//3446 1592//1400 4006//3449
f 4006//3449 218//210 1650//1458
f 4005//3448 1650//1458 1651//1459
f 4005//3448 1652//1460 4004//3447
f 4004//3447 217//209 1589//1397
f 4001//3444 1589//1397 1588//1396
f 1587//1395 4001//3444 1588//1396
f 4008//3451 4010//3453 4007//3450
f 4008//3451 4012//3455 4011//3454
f 4011//3454 4013//3456 4010//3453
f 4011//3454 4015//3458 4014//3457
f 168//160 4007//3450 1584//1392
f 1392//1201 4008//3451 4007//3450
f 1393//1202 4009//3452 4008//3451
f 1394//1203 1587//1395 4009//3452
f 4009//3452 1588//1396 4012//3455
f 4012//3455 1589//1397 4015//3458
f 4015//3458 217//209 1653//1461
f 4014//3457 1653//1461 1654//1462
f 4014//3457 1655//1463 4013//3456
f 4013//3456 216//208 1586//1394
f 4010//3453 1586//1394 1585//1393
f 4007//3450 1585//1393 1584//1392
f 4017//3460 4019//3462 4016//3459
f 4017//3460 4021//3464 4020//3463
f 4020//3463 4022//3465 4019//3462
f 4020//3463 4024//3467 4023//3466
f 1389//1198 1581//1389 167//159
f 1390//1199 4016//3459 1389//1198
f 1390//1199 4018//3461 4017//3460
f 1391//1200 1584//1392 4018//3461
f 1584//1392 4021//3464 4018//3461
f 4021//3464 1586//1394 4024//3467
f 4024//3467 216//208 1656//1464
f 4023//3466 1656//1464 1657//1465
f 4023//3466 1658//1466 4022//3465
f 4022//3465 215//207 1583//1391
f 4019//3462 1583//1391 1582//1390
f 1581//1389 4019//3462 1582//1390
f 4026//3469 4028//3471 4025//3468
f 4026//3469 4030//3473 4029//3472
f 4029//3472 4031//3474 4028//3471
f 4029//3472 4033//3476 4032//3475
f 1386//1195 1578//1386 166//158
f 1386//1195 4026//3469 4025//3468
f 1388//1197 4026//3469 1387//1196
f 167//159 4027//3470 1388//1197
f 4027//3470 1582//1390 4030//3473
f 4030//3473 1583//1391 4033//3476
f 4033//3476 215//207 1659//1467
f 4032//3475 1659//1467 1660//1468
f 4032//3475 1661//1469 4031//3474
f 4031//3474 214//206 1580//1388
f 4028//3471 1580//1388 1579//1387
f 4025//3468 1579//1387 1578//1386
f 4035//3478 4037//3480 4034//3477
f 4035//3478 4039//3482 4038//3481
f 4038//3481 4040//3483 4037//3480
f 4038//3481 4042//3485 4041//3484
f 1383//1192 1575//1383 165//157
f 1384//1193 4034//3477 1383//1192
f 1384//1193 4036//3479 4035//3478
f 1385//1194 1578//1386 4036//3479
f 4036//3479 1579//1387 4039//3482
f 4039//3482 1580//1388 4042//3485
f 4042//3485 214//206 1662//1470
f 4041//3484 1662//1470 1663//1471
f 4041//3484 1664//1472 4040//3483
f 4040//3483 213//205 1577//1385
f 4037//3480 1577//1385 1576//1384
f 4034//3477 1576//1384 1575//1383
f 4043//3486 4047//3490 4046//3489
f 4044//3487 4048//3491 4047//3490
f 4047//3490 4049//3492 4046//3489
f 4047//3490 4051//3494 4050//3493
f 1380//1189 1430//1239 180//172
f 1381//1190 4043//3486 1380//1189
f 1382//1191 4044//3487 1381//1190
f 1382//1191 1575//1383 4045//3488
f 1575//1383 4048//3491 4045//3488
f 4048//3491 1577//1385 4051//3494
f 4051//3494 213//205 1665//1473
f 4050//3493 1665//1473 1666//1474
f 4050//3493 1667//1475 4049//3492
f 4049//3492 212//204 1428//1237
f 4046//3489 1428//1237 1429//1238
f 1430//1239 4046//3489 1429//1238
f 4053//3496 4055//3498 4052//3495
f 4053//3496 4057//3500 4056//3499
f 4056//3499 4058//3495 4055//3498
f 4056//3499 4060//3502 4059//3501
f 1622//1430 1710//1515 227//219
f 1621//1429 4052//3495 1622//1430
f 1621//1429 4054//3497 4053//3496
f 1620//1428 1574//1382 4054//3497
f 4054//3497 1573//1381 4057//3500
f 4057//3500 1572//1380 4060//3502
f 4060//3502 243//235 1716//1521
f 4059//3501 1716//1521 1717//1522
f 4059//3501 1718//1523 4058//3495
f 4058//3495 242//234 1712//1517
f 4055//3498 1712//1517 1711//1516
f 4052//3495 1711//1516 1710//1515
f 4062//3504 4064//3503 4061//3503
f 4062//3504 4066//3507 4065//3506
f 4065//3506 4067//3503 4064//3503
f 4065//3506 4069//3508 4068//3504
f 1625//1433 1707//1512 226//218
f 1624//1432 4061//3503 1625//1433
f 1624//1432 4063//3505 4062//3504
f 1623//1431 1710//1515 4063//3505
f 4063//3505 1711//1516 4066//3507
f 4066//3507 1712//1517 4069//3508
f 4069//3508 242//234 1719//1524
f 4068//3504 1719//1524 1720//1525
f 4068//3504 1721//1526 4067//3503
f 4067//3503 241//233 1709//1514
f 4064//3503 1709//1514 1708//1513
f 4061//3503 1708//1513 1707//1512
f 4071//3510 4073//3512 4070//3509
f 4071//3510 4075//3513 4074//3510
f 4074//3510 4076//3514 4073//3512
f 4074//3510 4078//3516 4077//3515
f 1628//1436 1704//1510 225//217
f 1627//1435 4070//3509 1628//1436
f 1627//1435 4072//3511 4071//3510
f 1626//1434 1707//1512 4072//3511
f 4072//3511 1708//1513 4075//3513
f 4075//3513 1709//1514 4078//3516
f 4078//3516 241//233 1722//1527
f 4077//3515 1722//1527 1723//1528
f 4077//3515 1724//1529 4076//3514
f 4076//3514 240//232 1706//1510
f 4073//3512 1706//1510 1705//1511
f 4070//3509 1705//1511 1704//1510
f 4080//3518 4082//3520 4079//3517
f 4080//3518 4084//3522 4083//3521
f 4083//3521 4085//3523 4082//3520
f 4083//3521 4087//3525 4086//3524
f 1631//1439 1701//1507 224//216
f 1630//1438 4079//3517 1631//1439
f 1630//1438 4081//3519 4080//3518
f 1629//1437 1704//1510 4081//3519
f 4081//3519 1705//1511 4084//3522
f 4084//3522 1706//1510 4087//3525
f 4087//3525 240//232 1725//1530
f 4086//3524 1725//1530 1726//1531
f 4086//3524 1727//1532 4085//3523
f 4085//3523 239//231 1703//1509
f 4082//3520 1703//1509 1702//1508
f 4079//3517 1702//1508 1701//1507
f 4089//3527 4091//3529 4088//3526
f 4089//3527 4093//3531 4092//3530
f 4092//3530 4094//3532 4091//3529
f 4092//3530 4096//3534 4095//3533
f 1634//1442 1698//1504 223//215
f 1633//1441 4088//3526 1634//1442
f 1633//1441 4090//3528 4089//3527
f 1632//1440 1701//1507 4090//3528
f 4090//3528 1702//1508 4093//3531
f 4093//3531 1703//1509 4096//3534
f 4096//3534 239//231 1728//1533
f 4095//3533 1728//1533 1729//1534
f 4095//3533 1730//1535 4094//3532
f 4094//3532 238//230 1700//1506
f 4091//3529 1700//1506 1699//1505
f 4088//3526 1699//1505 1698//1504
f 4098//3536 4100//3538 4097//3535
f 4098//3536 4102//3540 4101//3539
f 4101//3539 4103//3541 4100//3538
f 4101//3539 4105//3543 4104//3542
f 1637//1445 1695//1501 222//214
f 1636//1444 4097//3535 1637//1445
f 1636//1444 4099//3537 4098//3536
f 1635//1443 1698//1504 4099//3537
f 4099//3537 1699//1505 4102//3540
f 4102//3540 1700//1506 4105//3543
f 4105//3543 238//230 1731//1536
f 4104//3542 1731//1536 1732//1537
f 4104//3542 1733//1538 4103//3541
f 4103//3541 237//229 1697//1503
f 4100//3538 1697//1503 1696//1502
f 4097//3535 1696//1502 1695//1501
f 4107//3545 4109//3547 4106//3544
f 4107//3545 4111//3549 4110//3548
f 4110//3548 4112//3550 4109//3547
f 4110//3548 4114//3551 4113//3548
f 1640//1448 1692//1498 221//213
f 1639//1447 4106//3544 1640//1448
f 1639//1447 4108//3546 4107//3545
f 1638//1446 1695//1501 4108//3546
f 4108//3546 1696//1502 4111//3549
f 4111//3549 1697//1503 4114//3551
f 4114//3551 237//229 1734//1539
f 4113//3548 1734//1539 1735//1540
f 4113//3548 1736//1541 4112//3550
f 4112//3550 236//228 1694//1500
f 4109//3547 1694//1500 1693//1499
f 4106//3544 1693//1499 1692//1498
f 4116//3553 4118//3555 4115//3552
f 4116//3553 4120//3554 4119//3556
f 4119//3556 4121//3557 4118//3555
f 4119//3556 4123//3554 4122//3558
f 1643//1451 1689//1496 220//212
f 1643//1451 4116//3553 4115//3552
f 1642//1450 4117//3554 4116//3553
f 1641//1449 1692//1498 4117//3554
f 4117//3554 1693//1499 4120//3554
f 4120//3554 1694//1500 4123//3554
f 4123//3554 236//228 1737//1542
f 4122//3558 1737//1542 1738//1543
f 4122//3558 1739//1544 4121//3557
f 4121//3557 235//227 1691//1497
f 4118//3555 1691//1497 1690//1497
f 4115//3552 1690//1497 1689//1496
f 4124//3559 4128//3563 4127//3562
f 4125//3560 4129//3564 4128//3563
f 4128//3563 4130//3559 4127//3562
f 4128//3563 4132//3561 4131//3565
f 1646//1454 1686//1493 219//211
f 1645//1453 4124//3559 1646//1454
f 1645//1453 4126//3561 4125//3560
f 1644//1452 1689//1496 4126//3561
f 4126//3561 1690//1497 4129//3564
f 4129//3564 1691//1497 4132//3561
f 4132//3561 235//227 1740//1545
f 4131//3565 1740//1545 1741//1546
f 4130//3559 1741//1546 1742//1547
f 4130//3559 234//226 1688//1495
f 4127//3562 1688//1495 1687//1494
f 4124//3559 1687//1494 1686//1493
f 4134//3567 4136//3569 4133//3566
f 4134//3567 4138//3571 4137//3570
f 4137//3570 4139//3572 4136//3569
f 4137//3570 4141//3574 4140//3573
f 1649//1457 1683//1490 218//210
f 1648//1456 4133//3566 1649//1457
f 1648//1456 4135//3568 4134//3567
f 1647//1455 1686//1493 4135//3568
f 4135//3568 1687//1494 4138//3571
f 4138//3571 1688//1495 4141//3574
f 4141//3574 234//226 1743//1548
f 4140//3573 1743//1548 1744//1549
f 4140//3573 1745//1550 4139//3572
f 4139//3572 233//225 1685//1492
f 4136//3569 1685//1492 1684//1491
f 4133//3566 1684//1491 1683//1490
f 4143//3576 4145//3578 4142//3575
f 4143//3576 4147//3580 4146//3579
f 4146//3579 4148//3575 4145//3578
f 4146//3579 4150//3582 4149//3581
f 1652//1460 1680//1487 217//209
f 1651//1459 4142//3575 1652//1460
f 1651//1459 4144//3577 4143//3576
f 1650//1458 1683//1490 4144//3577
f 4144//3577 1684//1491 4147//3580
f 4147//3580 1685//1492 4150//3582
f 4150//3582 233//225 1746//1551
f 4149//3581 1746//1551 1747//1552
f 4149//3581 1748//1553 4148//3575
f 4148//3575 232//224 1682//1489
f 4145//3578 1682//1489 1681//1488
f 4142//3575 1681//1488 1680//1487
f 4152//3584 4154//3586 4151//3583
f 4152//3584 4156//3588 4155//3587
f 4155//3587 4157//3589 4154//3586
f 4155//3587 4159//3588 4158//3590
f 1655//1463 1677//1484 216//208
f 1654//1462 4151//3583 1655//1463
f 1654//1462 4153//3585 4152//3584
f 1653//1461 1680//1487 4153//3585
f 4153//3585 1681//1488 4156//3588
f 4156//3588 1682//1489 4159//3588
f 4159//3588 232//224 1749//1554
f 4158//3590 1749//1554 1750//1555
f 4158//3590 1751//1556 4157//3589
f 4157//3589 231//223 1679//1486
f 4154//3586 1679//1486 1678//1485
f 4151//3583 1678//1485 1677//1484
f 4161//3592 4163//3594 4160//3591
f 4161//3592 4165//3596 4164//3595
f 4164//3595 4166//3597 4163//3594
f 4164//3595 4168//3599 4167//3598
f 1658//1466 1674//1481 215//207
f 1657//1465 4160//3591 1658//1466
f 1657//1465 4162//3593 4161//3592
f 1656//1464 1677//1484 4162//3593
f 4162//3593 1678//1485 4165//3596
f 4165//3596 1679//1486 4168//3599
f 4168//3599 231//223 1752//1557
f 4167//3598 1752//1557 1753//1558
f 4167//3598 1754//1559 4166//3597
f 4166//3597 230//222 1676//1483
f 4163//3594 1676//1483 1675//1482
f 4160//3591 1675//1482 1674//1481
f 4170//3601 4172//3603 4169//3600
f 4170//3601 4174//3604 4173//3601
f 4173//3601 4175//3605 4172//3603
f 4173//3601 4177//3607 4176//3606
f 1661//1469 1671//1479 214//206
f 1660//1468 4169//3600 1661//1469
f 1660//1468 4171//3602 4170//3601
f 1659//1467 1674//1481 4171//3602
f 4171//3602 1675//1482 4174//3604
f 4174//3604 1676//1483 4177//3607
f 4177//3607 230//222 1755//1560
f 4176//3606 1755//1560 1756//1561
f 4176//3606 1757//1562 4175//3605
f 4175//3605 229//221 1673//1479
f 4172//3603 1673//1479 1672//1480
f 4169//3600 1672//1480 1671//1479
f 4179//3609 4181//3611 4178//3608
f 4179//3609 4183//3613 4182//3612
f 4182//3612 4184//3608 4181//3611
f 4182//3612 4186//3615 4185//3614
f 1664//1472 1668//1476 213//205
f 1663//1471 4178//3608 1664//1472
f 1663//1471 4180//3610 4179//3609
f 1662//1470 1671//1479 4180//3610
f 4180//3610 1672//1480 4183//3613
f 4183//3613 1673//1479 4186//3615
f 4186//3615 229//221 1758//1563
f 4185//3614 1758//1563 1759//1564
f 4185//3614 1760//1565 4184//3608
f 4184//3608 228//220 1670//1478
f 4181//3611 1670//1478 1669//1477
f 4178//3608 1669//1477 1668//1476
f 4188//3617 4190//3616 4187//3616
f 4188//3617 4192//3619 4191//3617
f 4191//3617 4193//3620 4190//3616
f 4191//3617 4195//3622 4194//3621
f 1667//1475 1574//1382 212//204
f 1666//1474 4187//3616 1667//1475
f 1666//1474 4189//3618 4188//3617
f 1665//1473 1668//1476 4189//3618
f 4189//3618 1669//1477 4192//3619
f 4192//3619 1670//1478 4195//3622
f 4195//3622 228//220 1761//1566
f 4194//3621 1761//1566 1762//1567
f 4194//3621 1763//1568 4193//3620
f 4193//3620 243//235 1572//1380
f 4190//3616 1572//1380 1573//1381
f 4187//3616 1573//1381 1574//1382
f 4198//242 4202//239 4197//729
f 4199//3623 4196//806 4198//242
f 4201//832 4196//806 4200//3624
f 1073//806 1767//1569 98//90
f 1072//90 4197//729 1073//806
f 4197//729 1768//1570 1767//1569
f 259//238 4199//3623 1071//884
f 1812//793 4200//3624 4199//3623
f 1071//884 4198//242 1072//90
f 245//236 4201//832 1814//243
f 1769//832 4202//239 4201//832
f 1814//243 4200//3624 1813//90
f 4205//833 4209//239 4204//1575
f 4206//3625 4203//756 4205//833
f 4208//236 4203//756 4207//1571
f 1058//239 1073//806 98//90
f 1057//884 4204//1575 1058//239
f 4204//1575 1072//90 1073//806
f 258//245 4206//3625 1056//793
f 1815//90 4207//1571 4206//3625
f 1056//793 4205//833 1057//884
f 259//238 4208//236 1817//242
f 1071//884 4209//239 4208//236
f 1817//242 4207//1571 1816//1573
f 4212//756 4216//1574 4211//242
f 4213//3626 4210//833 4212//756
f 4215//245 4210//833 4214//237
f 1043//806 1058//239 98//90
f 1042//238 4211//242 1043//806
f 4211//242 1057//884 1058//239
f 257//90 4213//3626 1041//239
f 1818//238 4214//237 4213//3626
f 1041//239 4212//756 1042//238
f 258//245 4215//245 1820//241
f 1056//793 4216//1574 4215//245
f 1820//241 4214//237 1819//756
f 4219//238 4223//756 4218//236
f 4220//242 4217//833 4219//238
f 4222//806 4217//833 4221//819
f 1028//90 1043//806 98//90
f 1027//859 4218//236 1028//90
f 4218//236 1042//238 1043//806
f 256//242 4220//242 1026//858
f 1821//242 4221//819 4220//242
f 1026//858 4219//238 1027//859
f 257//90 4222//806 1823//793
f 1041//239 4223//756 4222//806
f 1823//793 4221//819 1822//90
f 4226//3628 4230//1574 4225//239
f 4227//859 4224//3627 4226//3628
f 4229//1575 4224//3627 4228//3629
f 1013//806 1028//90 98//90
f 1012//242 4225//239 1013//806
f 4225//239 1027//859 1028//90
f 255//244 4227//859 1011//244
f 1824//236 4228//3629 4227//859
f 1011//244 4226//3628 1012//242
f 256//242 4229//1575 1826//742
f 1026//858 4230//1574 4229//1575
f 1826//742 4228//3629 1825//236
f 4233//729 4237//239 4232//236
f 4234//756 4231//3630 4233//729
f 4236//242 4231//3630 4235//3629
f 998//236 1013//806 98//90
f 997//833 4232//236 998//236
f 4232//236 1012//242 1013//806
f 254//243 4234//756 996//832
f 1827//242 4235//3629 4234//756
f 996//832 4233//729 997//833
f 255//244 4236//242 1829//793
f 1011//244 4237//239 4236//242
f 1829//793 4235//3629 1828//90
f 4240//806 4244//819 4239//819
f 4241//3631 4238//742 4240//806
f 4243//237 4238//742 4242//238
f 983//819 998//236 98//90
f 982//756 4239//819 983//819
f 4239//819 997//833 998//236
f 253//242 4241//3631 981//244
f 1830//859 4242//238 4241//3631
f 981//244 4240//806 982//756
f 254//243 4243//237 1832//806
f 996//832 4244//819 4243//237
f 1832//806 4242//238 1831//238
f 4247//238 4251//3632 4246//90
f 4248//90 4245//793 4247//238
f 4250//245 4245//793 4249//243
f 968//90 983//819 98//90
f 967//242 4246//90 968//90
f 4246//90 982//756 983//819
f 252//90 4248//90 966//806
f 1833//806 4249//243 4248//90
f 966//806 4247//238 967//242
f 253//242 4250//245 1835//90
f 981//244 4251//3632 4250//245
f 1835//90 4249//243 1834//236
f 4254//1573 4258//236 4253//238
f 4255//90 4252//3633 4254//1573
f 4257//238 4252//3633 4256//729
f 953//244 968//90 98//90
f 952//242 4253//238 953//244
f 4253//238 967//242 968//90
f 251//242 4255//90 951//793
f 1836//806 4256//729 4255//90
f 951//793 4254//1573 952//242
f 252//90 4257//238 1838//729
f 966//806 4258//236 4257//238
f 1838//729 4256//729 1837//239
f 4261//833 4265//237 4260//238
f 4262//244 4259//3626 4261//833
f 4264//238 4259//3626 4263//729
f 938//238 953//244 98//90
f 937//242 4260//238 938//238
f 4260//238 952//242 953//244
f 250//241 4262//244 936//244
f 1839//1574 4263//729 4262//244
f 936//244 4261//833 937//242
f 251//242 4264//238 1841//237
f 951//793 4265//237 4264//238
f 1841//237 4263//729 1840//1571
f 4268//1573 4272//242 4267//236
f 4269//90 4266//756 4268//1573
f 4271//239 4266//756 4270//239
f 923//239 938//238 98//90
f 922//239 4267//236 923//239
f 4267//236 937//242 938//238
f 249//240 4269//90 921//236
f 1842//756 4270//239 4269//90
f 921//236 4268//1573 922//239
f 250//241 4271//239 1844//245
f 936//244 4272//242 4271//239
f 1844//245 4270//239 1843//239
f 4275//1572 4279//3636 4274//1575
f 4276//3635 4273//3634 4275//1572
f 4278//244 4273//3634 4277//238
f 908//756 923//239 98//90
f 907//237 4274//1575 908//756
f 4274//1575 922//239 923//239
f 248//239 4276//3635 906//755
f 1845//90 4277//238 4276//3635
f 906//755 4275//1572 907//237
f 249//240 4278//244 1847//242
f 921//236 4279//3636 4278//244
f 1847//242 4277//238 1846//90
f 4282//242 4286//3636 4281//729
f 4283//244 4280//3637 4282//242
f 4285//240 4280//3637 4284//90
f 893//729 908//756 98//90
f 892//241 4281//729 893//729
f 4281//729 907//237 908//756
f 247//238 4283//244 891//742
f 1848//832 4284//90 4283//244
f 891//742 4282//242 892//241
f 248//239 4285//240 1850//1575
f 906//755 4286//3636 4285//240
f 1850//1575 4284//90 1849//242
f 4289//3624 4293//3640 4288//3638
f 4290//3639 4287//3624 4289//3624
f 4292//3631 4287//3624 4291//806
f 878//236 893//729 98//90
f 877//729 4288//3638 878//236
f 4288//3638 892//241 893//729
f 246//237 4290//3639 876//238
f 1851//242 4291//806 4290//3639
f 876//238 4289//3624 877//729
f 247//238 4292//3631 1853//236
f 891//742 4293//3640 4292//3631
f 1853//236 4291//806 1852//1576
f 4296//237 4300//3634 4295//832
f 4297//756 4294//742 4296//237
f 4299//238 4294//742 4298//3628
f 854//236 878//236 98//90
f 853//237 4295//832 854//236
f 4295//832 877//729 878//236
f 244//90 4297//756 852//239
f 1854//242 4298//3628 4297//756
f 852//239 4296//237 853//237
f 246//237 4299//238 1856//859
f 876//238 4300//3634 4299//238
f 1856//859 4298//3628 1855//859
f 4303//1569 4307//1569 4302//756
f 4304//242 4301//3641 4303//1569
f 4306//756 4301//3641 4305//242
f 1767//1569 854//236 98//90
f 1768//1570 4302//756 1767//1569
f 4302//756 853//237 854//236
f 245//236 4304//242 1769//832
f 1857//90 4305//242 4304//242
f 1769//832 4303//1569 1768//1570
f 244//90 4306//756 1859//236
f 852//239 4307//1569 4306//756
f 1859//236 4305//242 1858//237
f 4309//242 4311//756 4308//90
f 4310//241 4312//243 4309//242
f 4311//756 4315//90 4314//729
f 4312//243 4316//793 4315//90
f 1811//237 1812//793 259//238
f 1810//243 4308//90 1811//237
f 1809//236 4309//242 1810//243
f 1809//236 1908//1622 4310//241
f 4310//241 1909//1623 4313//242
f 1909//1623 4316//793 4313//242
f 1910//1624 1862//90 4316//793
f 4315//90 1862//90 1861//756
f 4314//729 1861//756 1860//859
f 1814//243 1860//859 245//236
f 1813//90 4314//729 1814//243
f 4308//90 1813//90 1812//793
f 4318//242 4320//859 4317//242
f 4319//3642 4321//859 4318//242
f 4320//859 4324//859 4323//1571
f 4321//859 4325//1574 4324//859
f 1808//237 1815//90 258//245
f 1807//90 4317//242 1808//237
f 1806//238 4318//242 1807//90
f 1806//238 1911//1625 4319//3642
f 4319//3642 1912//1626 4322//236
f 1912//1626 4325//1574 4322//236
f 1913//1627 1809//236 4325//1574
f 4324//859 1809//236 1810//243
f 4323//1571 1810//243 1811//237
f 1817//242 1811//237 259//238
f 1816//1573 4323//1571 1817//242
f 4317//242 1816//1573 1815//90
f 4327//819 4329//1573 4326//238
f 4328//729 4330//756 4327//819
f 4329//1573 4333//3631 4332//90
f 4330//756 4334//742 4333//3631
f 1805//832 1818//238 257//90
f 1804//242 4326//238 1805//832
f 1803//236 4327//819 1804//242
f 1803//236 1914//1628 4328//729
f 4328//729 1915//1629 4331//793
f 1915//1629 4334//742 4331//793
f 1916//1630 1806//238 4334//742
f 4333//3631 1806//238 1807//90
f 4332//90 1807//90 1808//237
f 1820//241 1808//237 258//245
f 1819//756 4332//90 1820//241
f 4326//238 1819//756 1818//238
f 4336//806 4338//833 4335//244
f 4337//236 4339//239 4336//806
f 4338//833 4342//3642 4341//1573
f 4339//239 4343//859 4342//3642
f 1802//244 1821//242 256//242
f 1801//832 4335//244 1802//244
f 1800//242 4336//806 1801//832
f 272//258 4337//236 1800//242
f 4337//236 1918//1632 4340//3631
f 1918//1632 4343//859 4340//3631
f 1919//1633 1803//236 4343//859
f 4342//3642 1803//236 1804//242
f 4341//1573 1804//242 1805//832
f 1823//793 1805//832 257//90
f 1822//90 4341//1573 1823//793
f 4335//244 1822//90 1821//242
f 4345//90 4347//793 4344//239
f 4346//3643 4348//238 4345//90
f 4347//793 4351//238 4350//3644
f 4348//238 4352//3638 4351//238
f 1799//236 1824//236 255//244
f 1798//90 4344//239 1799//236
f 1797//239 4345//90 1798//90
f 1797//239 1920//1634 4346//3643
f 4346//3643 1921//1635 4349//3644
f 1921//1635 4352//3638 4349//3644
f 1922//1636 1800//242 4352//3638
f 4351//238 1800//242 1801//832
f 4350//3644 1801//832 1802//244
f 1826//742 1802//244 256//242
f 1825//236 4350//3644 1826//742
f 4344//239 1825//236 1824//236
f 4354//239 4356//90 4353//90
f 4355//832 4357//90 4354//239
f 4356//90 4360//236 4359//236
f 4357//90 4361//756 4360//236
f 1796//832 1827//242 254//243
f 1795//241 4353//90 1796//832
f 1794//90 4354//239 1795//241
f 1794//90 1923//1637 4355//832
f 4355//832 1924//1638 4358//806
f 1924//1638 4361//756 4358//806
f 1925//1639 1797//239 4361//756
f 4360//236 1797//239 1798//90
f 4359//236 1798//90 1799//236
f 1829//793 1799//236 255//244
f 1828//90 4359//236 1829//793
f 4353//90 1828//90 1827//242
f 4363//237 4365//90 4362//806
f 4364//242 4366//241 4363//237
f 4365//90 4369//729 4368//90
f 4366//241 4370//806 4369//729
f 1793//239 1830//859 253//242
f 1792//242 4362//806 1793//239
f 1791//90 4363//237 1792//242
f 1791//90 1926//1640 4364//242
f 4364//242 1927//1641 4367//236
f 4367//236 1928//1642 4370//806
f 1928//1642 1794//90 4370//806
f 4369//729 1794//90 1795//241
f 4368//90 1795//241 1796//832
f 1832//806 1796//832 254//243
f 1831//238 4368//90 1832//806
f 4362//806 1831//238 1830//859
f 4372//806 4374//242 4371//241
f 4373//90 4375//756 4372//806
f 4374//242 4378//859 4377//859
f 4375//756 4379//3628 4378//859
f 1790//859 1833//806 252//90
f 1789//859 4371//241 1790//859
f 1788//729 4372//806 1789//859
f 1788//729 1929//1643 4373//90
f 4373//90 1930//1644 4376//3630
f 1930//1644 4379//3628 4376//3630
f 1931//1645 1791//90 4379//3628
f 4378//859 1791//90 1792//242
f 4377//859 1792//242 1793//239
f 1835//90 1793//239 253//242
f 1834//236 4377//859 1835//90
f 4371//241 1834//236 1833//806
f 4381//245 4383//3644 4380//237
f 4382//238 4384//859 4381//245
f 4383//3644 4387//729 4386//239
f 4384//859 4388//238 4387//729
f 1787//859 1836//806 251//242
f 1786//756 4380//237 1787//859
f 1785//90 4381//245 1786//756
f 1785//90 1932//1646 4382//238
f 1932//1646 4385//90 4382//238
f 1933//1647 4388//238 4385//90
f 1934//1648 1788//729 4388//238
f 4387//729 1788//729 1789//859
f 4386//239 1789//859 1790//859
f 1838//729 1790//859 252//90
f 1837//239 4386//239 1838//729
f 4380//237 1837//239 1836//806
f 4390//729 4392//236 4389//819
f 4391//819 4393//806 4390//729
f 4392//236 4396//806 4395//3631
f 4393//806 4397//237 4396//806
f 1784//1572 1839//1574 250//241
f 1783//241 4389//819 1784//1572
f 1782//90 4390//729 1783//241
f 1782//90 1935//1649 4391//819
f 4391//819 1936//1650 4394//236
f 1936//1650 4397//237 4394//236
f 1937//1651 1785//90 4397//237
f 4396//806 1785//90 1786//756
f 4395//3631 1786//756 1787//859
f 1841//237 1787//859 251//242
f 1840//1571 4395//3631 1841//237
f 4389//819 1840//1571 1839//1574
f 4399//241 4401//859 4398//242
f 4400//241 4402//806 4399//241
f 4401//859 4405//90 4404//1574
f 4402//806 4406//793 4405//90
f 1781//242 1842//756 249//240
f 1780//1571 4398//242 1781//242
f 1779//806 4399//241 1780//1571
f 1779//806 1938//1652 4400//241
f 4400//241 1939//1653 4403//236
f 1939//1653 4406//793 4403//236
f 1940//1654 1782//90 4406//793
f 4405//90 1782//90 1783//241
f 4404//1574 1783//241 1784//1572
f 1844//245 1784//1572 250//241
f 1843//239 4404//1574 1844//245
f 4398//242 1843//239 1842//756
f 4408//244 4410//241 4407//243
f 4409//90 4411//238 4408//244
f 4410//241 4414//729 4413//806
f 4411//238 4415//806 4414//729
f 1778//819 1845//90 248//239
f 1777//239 4407//243 1778//819
f 1776//90 4408//244 1777//239
f 1776//90 1941//1655 4409//90
f 4409//90 1942//1656 4412//859
f 1942//1656 4415//806 4412//859
f 1943//1657 1779//806 4415//806
f 4414//729 1779//806 1780//1571
f 4413//806 1780//1571 1781//242
f 1847//242 1781//242 249//240
f 1846//90 4413//806 1847//242
f 4407//243 1846//90 1845//90
f 4417//242 4419//242 4416//3644
f 4418//793 4420//241 4417//242
f 4419//242 4423//3632 4422//1572
f 4420//241 4424//859 4423//3632
f 1775//90 1848//832 247//238
f 1774//859 4416//3644 1775//90
f 1773//729 4417//242 1774//859
f 1773//729 1944//1658 4418//793
f 4418//793 1945//1659 4421//1572
f 1945//1659 4424//859 4421//1572
f 4424//859 264//250 1776//90
f 4423//3632 1776//90 1777//239
f 4422//1572 1777//239 1778//819
f 1850//1575 1778//819 248//239
f 1849//242 4422//1572 1850//1575
f 4416//3644 1849//242 1848//832
f 4426//806 4428//858 4425//729
f 4427//859 4429//238 4426//806
f 4428//858 4432//729 4431//239
f 4429//238 4433//90 4432//729
f 1772//806 1851//242 246//237
f 1771//90 4425//729 1772//806
f 1770//242 4426//806 1771//90
f 1770//242 1947//1661 4427//859
f 1947//1661 4430//859 4427//859
f 1948//1662 4433//90 4430//859
f 1949//1663 1773//729 4433//90
f 4432//729 1773//729 1774//859
f 4431//239 1774//859 1775//90
f 1853//236 1775//90 247//238
f 1852//1576 4431//239 1853//236
f 4425//729 1852//1576 1851//242
f 4435//242 4437//90 4434//241
f 4436//1573 4438//1574 4435//242
f 4437//90 4441//832 4440//236
f 4438//1574 4442//241 4441//832
f 1766//859 1854//242 244//90
f 1765//242 4434//241 1766//859
f 1764//729 4435//242 1765//242
f 1764//729 1950//1664 4436//1573
f 1950//1664 4439//806 4436//1573
f 1951//1665 4442//241 4439//806
f 1952//1666 1770//242 4442//241
f 4441//832 1770//242 1771//90
f 4440//236 1771//90 1772//806
f 1856//859 1772//806 246//237
f 1855//859 4440//236 1856//859
f 4434//241 1855//859 1854//242
f 4444//239 4446//859 4443//90
f 4445//1571 4447//238 4444//239
f 4446//859 4450//3628 4449//242
f 4447//238 4451//236 4450//3628
f 1860//859 1857//90 245//236
f 1861//756 4443//90 1860//859
f 1862//90 4444//239 1861//756
f 1862//90 1953//1667 4445//1571
f 4445//1571 1954//1668 4448//242
f 4448//242 1955//1669 4451//236
f 1955//1669 1764//729 4451//236
f 4450//3628 1764//729 1765//242
f 4449//242 1765//242 1766//859
f 1859//236 1766//859 244//90
f 1858//237 4449//242 1859//236
f 4443//90 1858//237 1857//90
f 1956//1670 1957//1671 1960//1674
f 1957//1671 1958//1672 1961//1675
f 1959//1673 1960//1674 1963//1677
f 1961//1675 1964//1678 1963//1677
f 82//74 279//264 1956//1670
f 280//265 1957//1671 1956//1670
f 281//266 1958//1672 1957//1671
f 281//266 2//2 282//267
f 282//267 283//268 1961//1675
f 283//268 284//269 1964//1678
f 1964//1678 284//269 3//3
f 1963//1677 1964//1678 759//615
f 1963//1677 760//616 761//617
f 1962//1676 761//617 83//75
f 1959//1673 1962//1676 851//707
f 849//705 1956//1670 1959//1673
f 1965//1679 1966//1680 1969//1683
f 1966//1680 1967//1681 1970//1684
f 1969//1683 1972//1686 1971//1685
f 1969//1683 1970//1684 1973//1687
f 83//75 761//617 1965//1679
f 761//617 760//616 1966//1680
f 760//616 759//615 1967//1681
f 3//3 291//275 1967//1681
f 291//275 292//276 1970//1684
f 292//276 293//277 1973//1687
f 293//277 4//4 762//618
f 1973//1687 762//618 763//619
f 1972//1686 763//619 764//620
f 1971//1685 764//620 84//76
f 1968//1682 1971//1685 848//704
f 846//702 1965//1679 1968//1682
f 1974//1688 1975//1689 1978//1692
f 1975//1689 1976//1690 1979//1693
f 1978//1692 1981//1695 1980//1694
f 1979//1693 1982//1696 1981//1695
f 84//76 764//620 1974//1688
f 764//620 763//619 1975//1689
f 763//619 762//618 1976//1690
f 762//618 4//4 300//282
f 1976//1690 300//282 301//283
f 301//283 302//284 1982//1696
f 302//284 5//5 765//621
f 1982//1696 765//621 766//622
f 1981//1695 766//622 767//623
f 1980//1694 767//623 85//77
f 1977//1691 1980//1694 845//701
f 843//699 1974//1688 1977//1691
f 1983//1697 1984//1698 1987//1701
f 1984//1698 1985//1699 1988//1702
f 1987//1701 1990//1704 1989//1703
f 1988//1702 1991//1705 1990//1704
f 85//77 767//623 1983//1697
f 767//623 766//622 1984//1698
f 766//622 765//621 1985//1699
f 765//621 5//5 309//289
f 1985//1699 309//289 310//290
f 310//290 311//291 1991//1705
f 1991//1705 311//291 6//6
f 1991//1705 768//624 769//625
f 1990//1704 769//625 770//626
f 1989//1703 770//626 86//78
f 1986//1700 1989//1703 842//698
f 840//696 1983//1697 1986//1700
f 1992//1706 1993//1707 1996//1710
f 1994//1708 1997//1711 1996//1710
f 1996//1710 1999//1713 1998//1712
f 1996//1710 1997//1711 2000//1714
f 86//78 770//626 1992//1706
f 770//626 769//625 1993//1707
f 768//624 1994//1708 1993//1707
f 768//624 6//6 318//296
f 1994//1708 318//296 319//297
f 319//297 320//298 2000//1714
f 2000//1714 320//298 7//7
f 1999//1713 2000//1714 771//627
f 1999//1713 772//628 773//629
f 1998//1712 773//629 87//79
f 1995//1709 1998//1712 839//695
f 1992//1706 1995//1709 838//694
f 2002//1716 2005//1719 2004//1718
f 2002//1716 2003//1717 2006//1720
f 2005//1719 2008//1722 2007//1721
f 2006//1720 2009//1723 2008//1722
f 87//79 773//629 2001//1715
f 772//628 2002//1716 2001//1715
f 772//628 771//627 2003//1717
f 771//627 7//7 327//304
f 2003//1717 327//304 328//305
f 328//305 329//306 2009//1723
f 329//306 8//8 774//630
f 2009//1723 774//630 775//631
f 2008//1722 775//631 776//632
f 2007//1721 776//632 88//80
f 2004//1718 2007//1721 836//692
f 834//690 2001//1715 2004//1718
f 2010//1724 2011//1725 2014//1728
f 2012//1726 2015//1729 2014//1728
f 2014//1728 2017//1731 2016//1730
f 2015//1729 2018//1732 2017//1731
f 88//80 776//632 2010//1724
f 776//632 775//631 2011//1725
f 775//631 774//630 2012//1726
f 774//630 8//8 336//310
f 336//310 337//311 2015//1729
f 2015//1729 337//311 338//312
f 2018//1732 338//312 9//9
f 2018//1732 777//633 778//634
f 2017//1731 778//634 779//635
f 2016//1730 779//635 89//81
f 2013//1727 2016//1730 833//689
f 831//687 2010//1724 2013//1727
f 2020//1734 2023//1737 2022//1736
f 2021//1735 2024//1738 2023//1737
f 2023//1737 2026//1740 2025//1739
f 2024//1738 2027//1741 2026//1740
f 89//81 779//635 2019//1733
f 779//635 778//634 2020//1734
f 777//633 2021//1735 2020//1734
f 777//633 9//9 345//316
f 2021//1735 345//316 346//317
f 2024//1738 346//317 347//318
f 2027//1741 347//318 10//10
f 2027//1741 780//636 781//637
f 2026//1740 781//637 782//638
f 2025//1739 782//638 90//82
f 2022//1736 2025//1739 830//686
f 828//684 2019//1733 2022//1736
f 2028//1742 2029//1743 2032//1746
f 2029//1743 2030//1744 2033//1747
f 2032//1746 2035//1749 2034//1748
f 2033//1747 2036//1750 2035//1749
f 90//82 782//638 2028//1742
f 782//638 781//637 2029//1743
f 781//637 780//636 2030//1744
f 780//636 10//10 354//323
f 2030//1744 354//323 355//324
f 355//324 356//325 2036//1750
f 356//325 11//11 783//639
f 2036//1750 783//639 784//640
f 2035//1749 784//640 785//641
f 2034//1748 785//641 91//83
f 2031//1745 2034//1748 827//683
f 825//681 2028//1742 2031//1745
f 2037//1751 2038//1752 2041//1755
f 2038//1752 2039//1753 2042//1756
f 2041//1755 2044//1758 2043//1757
f 2042//1756 2045//1759 2044//1758
f 91//83 785//641 2037//1751
f 785//641 784//640 2038//1752
f 784//640 783//639 2039//1753
f 783//639 11//11 363//330
f 363//330 364//331 2042//1756
f 2042//1756 364//331 365//332
f 2045//1759 365//332 12//12
f 2045//1759 786//642 787//643
f 2044//1758 787//643 788//644
f 2043//1757 788//644 92//84
f 2040//1754 2043//1757 824//680
f 822//678 2037//1751 2040//1754
f 2046//1760 2047//1761 2050//1764
f 2047//1761 2048//1762 2051//1765
f 2050//1764 2053//1767 2052//1766
f 2051//1765 2054//1768 2053//1767
f 92//84 788//644 2046//1760
f 788//644 787//643 2047//1761
f 787//643 786//642 2048//1762
f 12//12 372//336 2048//1762
f 2048//1762 372//336 373//337
f 373//337 374//338 2054//1768
f 374//338 13//13 789//645
f 2054//1768 789//645 790//646
f 2053//1767 790//646 791//647
f 2052//1766 791//647 93//85
f 2049//1763 2052//1766 821//677
f 819//675 2046//1760 2049//1763
f 2055//1769 2056//1770 2059//1773
f 2057//1771 2060//1774 2059//1773
f 2059//1773 2062//1776 2061//1775
f 2060//1774 2063//1777 2062//1776
f 93//85 791//647 2055//1769
f 791//647 790//646 2056//1770
f 790//646 789//645 2057//1771
f 789//645 13//13 381//342
f 2057//1771 381//342 382//343
f 382//343 383//344 2063//1777
f 383//344 14//14 792//648
f 2063//1777 792//648 793//649
f 2062//1776 793//649 794//650
f 2061//1775 794//650 94//86
f 2058//1772 2061//1775 818//674
f 816//672 2055//1769 2058//1772
f 2064//1778 2065//1779 2068//1782
f 2065//1779 2066//1780 2069//1783
f 2068//1782 2071//1785 2070//1784
f 2069//1783 2072//1786 2071//1785
f 94//86 794//650 2064//1778
f 794//650 793//649 2065//1779
f 793//649 792//648 2066//1780
f 14//14 390//348 2066//1780
f 390//348 391//349 2069//1783
f 391//349 392//350 2072//1786
f 2072//1786 392//350 15//15
f 2072//1786 795//651 796//652
f 2071//1785 796//652 797//653
f 2070//1784 797//653 95//87
f 2067//1781 2070//1784 815//671
f 813//669 2064//1778 2067//1781
f 2073//1787 2074//1788 2077//1791
f 2074//1788 2075//1789 2078//1792
f 2077//1791 2080//1794 2079//1793
f 2078//1792 2081//1795 2080//1794
f 95//87 797//653 2073//1787
f 796//652 2074//1788 2073//1787
f 796//652 795//651 2075//1789
f 795//651 15//15 399//354
f 399//354 400//355 2078//1792
f 400//355 401//356 2081//1795
f 401//356 16//16 798//654
f 2081//1795 798//654 799//655
f 2080//1794 799//655 800//656
f 2079//1793 800//656 96//88
f 2076//1790 2079//1793 812//668
f 810//666 2073//1787 2076//1790
f 2082//1796 2083//1797 2086//1800
f 2083//1797 2084//1798 2087//1801
f 2086//1800 2089//1803 2088//1802
f 2087//1801 2090//1804 2089//1803
f 96//88 800//656 2082//1796
f 800//656 799//655 2083//1797
f 799//655 798//654 2084//1798
f 16//16 408//361 2084//1798
f 408//361 409//362 2087//1801
f 409//362 410//363 2090//1804
f 2090//1804 410//363 17//17
f 2090//1804 801//657 802//658
f 2088//1802 2089//1803 802//658
f 2088//1802 803//659 97//89
f 2085//1799 2088//1802 809//665
f 807//663 2082//1796 2085//1799
f 2091//1805 2092//1806 2095//1809
f 2093//1807 2096//1810 2095//1809
f 2095//1809 2098//1812 2097//1811
f 2096//1810 2099//1813 2098//1812
f 97//89 803//659 2091//1805
f 803//659 802//658 2092//1806
f 802//658 801//657 2093//1807
f 801//657 17//17 414//367
f 2093//1807 414//367 415//368
f 415//368 416//369 2099//1813
f 2099//1813 416//369 2//2
f 2099//1813 281//266 280//265
f 2098//1812 280//265 279//264
f 2097//1811 279//264 82//74
f 2094//1808 2097//1811 806//662
f 804//660 2091//1805 2094//1808
f 2100//1814 2101//1815 2104//1818
f 2101//1815 2102//1816 2105//1819
f 2103//1817 2104//1818 2107//1821
f 2105//1819 2108//1822 2107//1821
f 462//415 2100//1814 282//267
f 463//416 2101//1815 2100//1814
f 464//417 2102//1816 2101//1815
f 33//33 465//418 2102//1816
f 465//418 466//419 2105//1819
f 2105//1819 466//419 467//420
f 467//420 18//18 285//270
f 2108//1822 285//270 286//271
f 2107//1821 286//271 287//272
f 284//269 2106//1820 287//272
f 2103//1817 2106//1820 284//269
f 282//267 2100//1814 2103//1817
f 2110//1824 2113//1827 2112//1826
f 2110//1824 2111//1825 2114//1828
f 2112//1826 2113//1827 2116//1830
f 2114//1828 2117//1831 2116//1830
f 287//272 2109//1823 291//275
f 286//271 2110//1824 2109//1823
f 285//270 2111//1825 2110//1824
f 285//270 18//18 468//421
f 468//421 469//422 2114//1828
f 2114//1828 469//422 470//423
f 2117//1831 470//423 19//19
f 2116//1830 2117//1831 294//278
f 2116//1830 295//279 296//280
f 2115//1829 296//280 4//4
f 2112//1826 2115//1829 293//277
f 2109//1823 2112//1826 292//276
f 2118//1832 2119//1833 2122//1836
f 2119//1833 2120//1834 2123//1837
f 2122//1836 2125//1839 2124//1838
f 2123//1837 2126//1840 2125//1839
f 296//280 2118//1832 300//282
f 295//279 2119//1833 2118//1832
f 294//278 2120//1834 2119//1833
f 19//19 471//424 2120//1834
f 2120//1834 471//424 472//425
f 2123//1837 472//425 473//426
f 473//426 20//20 303//285
f 2126//1840 303//285 304//286
f 2125//1839 304//286 305//287
f 302//284 2124//1838 305//287
f 2121//1835 2124//1838 302//284
f 2118//1832 2121//1835 301//283
f 2127//1841 2128//1842 2131//1845
f 2128//1842 2129//1843 2132//1846
f 2131//1845 2134//1848 2133//1847
f 2131//1845 2132//1846 2135//1849
f 5//5 305//287 2127//1841
f 305//287 304//286 2128//1842
f 303//285 2129//1843 2128//1842
f 20//20 474//427 2129//1843
f 2129//1843 474//427 475//428
f 2132//1846 475//428 476//429
f 476//429 21//21 312//292
f 2135//1849 312//292 313//293
f 2133//1847 2134//1848 313//293
f 2133//1847 314//294 6//6
f 2130//1844 2133//1847 311//291
f 2127//1841 2130//1844 310//290
f 2136//1850 2137//1851 2140//1854
f 2137//1851 2138//1852 2141//1855
f 2140//1854 2143//1857 2142//1856
f 2140//1854 2141//1855 2144//1858
f 6//6 314//294 2136//1850
f 313//293 2137//1851 2136//1850
f 312//292 2138//1852 2137//1851
f 21//21 477//430 2138//1852
f 2138//1852 477//430 478//431
f 2141//1855 478//431 479//432
f 2144//1858 479//432 22//22
f 2144//1858 321//299 322//300
f 2142//1856 2143//1857 322//300
f 2142//1856 323//301 7//7
f 2139//1853 2142//1856 320//298
f 318//296 2136//1850 2139//1853
f 2145//1859 2146//1860 2149//1863
f 2147//1861 2150//1864 2149//1863
f 2148//1862 2149//1863 2152//1866
f 2150//1864 2153//1867 2152//1866
f 323//301 2145//1859 327//304
f 323//301 322//300 2146//1860
f 321//299 2147//1861 2146//1860
f 321//299 22//22 480//433
f 2147//1861 480//433 481//434
f 2150//1864 481//434 482//435
f 482//435 23//23 330//307
f 2153//1867 330//307 331//308
f 2152//1866 331//308 332//309
f 329//306 2151//1865 332//309
f 2148//1862 2151//1865 329//306
f 327//304 2145//1859 2148//1862
f 2155//1869 2158//1872 2157//1871
f 2155//1869 2156//1870 2159//1873
f 2158//1872 2161//1875 2160//1874
f 2159//1873 2162//1876 2161//1875
f 8//8 332//309 2154//1868
f 331//308 2155//1869 2154//1868
f 330//307 2156//1870 2155//1869
f 23//23 483//436 2156//1870
f 2156//1870 483//436 484//437
f 2159//1873 484//437 485//438
f 485//438 24//24 339//313
f 2162//1876 339//313 340//314
f 2160//1874 2161//1875 340//314
f 2160//1874 341//315 9//9
f 2157//1871 2160//1874 338//312
f 336//310 2154//1868 2157//1871
f 2164//1878 2167//1881 2166//1880
f 2164//1878 2165//1879 2168//1882
f 2166//1880 2167//1881 2170//1884
f 2168//1882 2171//1885 2170//1884
f 9//9 341//315 2163//1877
f 340//314 2164//1878 2163//1877
f 339//313 2165//1879 2164//1878
f 24//24 486//439 2165//1879
f 486//439 487//440 2168//1882
f 2168//1882 487//440 488//441
f 2171//1885 488//441 25//25
f 2171//1885 348//319 349//320
f 2170//1884 349//320 350//321
f 2169//1883 350//321 10//10
f 2166//1880 2169//1883 347//318
f 2163//1877 2166//1880 346//317
f 2173//1887 2176//1890 2175//1889
f 2173//1887 2174//1888 2177//1891
f 2176//1890 2179//1893 2178//1892
f 2177//1891 2180//1894 2179//1893
f 350//321 2172//1886 354//323
f 349//320 2173//1887 2172//1886
f 348//319 2174//1888 2173//1887
f 348//319 25//25 489//442
f 2174//1888 489//442 490//443
f 2177//1891 490//443 491//444
f 491//444 26//26 357//326
f 2179//1893 2180//1894 357//326
f 2179//1893 358//327 359//328
f 2178//1892 359//328 11//11
f 355//324 2175//1889 2178//1892
f 354//323 2172//1886 2175//1889
f 2182//1896 2185//1899 2184//1898
f 2182//1896 2183//1897 2186//1900
f 2185//1899 2188//1902 2187//1901
f 2185//1899 2186//1900 2189//1903
f 11//11 359//328 2181//1895
f 358//327 2182//1896 2181//1895
f 358//327 357//326 2183//1897
f 26//26 492//445 2183//1897
f 2183//1897 492//445 493//446
f 2186//1900 493//446 494//447
f 494//447 27//27 366//333
f 2189//1903 366//333 367//334
f 2188//1902 367//334 368//335
f 2187//1901 368//335 12//12
f 2184//1898 2187//1901 365//332
f 2181//1895 2184//1898 364//331
f 2190//1904 2191//1905 2194//1908
f 2191//1905 2192//1906 2195//1909
f 2194//1908 2197//1911 2196//1910
f 2194//1908 2195//1909 2198//1912
f 12//12 368//335 2190//1904
f 367//334 2191//1905 2190//1904
f 366//333 2192//1906 2191//1905
f 27//27 495//448 2192//1906
f 2192//1906 495//448 496//449
f 496//449 497//450 2198//1912
f 497//450 28//28 375//339
f 2198//1912 375//339 376//340
f 2197//1911 376//340 377//341
f 2196//1910 377//341 13//13
f 2193//1907 2196//1910 374//338
f 372//336 2190//1904 2193//1907
f 2200//1914 2203//1917 2202//1916
f 2200//1914 2201//1915 2204//1918
f 2203//1917 2206//1920 2205//1919
f 2204//1918 2207//1921 2206//1920
f 13//13 377//341 2199//1913
f 376//340 2200//1914 2199//1913
f 375//339 2201//1915 2200//1914
f 28//28 498//451 2201//1915
f 2201//1915 498//451 499//452
f 2204//1918 499//452 500//453
f 2207//1921 500//453 29//29
f 2207//1921 384//345 385//346
f 2206//1920 385//346 386//347
f 383//344 2205//1919 386//347
f 2202//1916 2205//1919 383//344
f 381//342 2199//1913 2202//1916
f 2209//1923 2212//1926 2211//1925
f 2210//1924 2213//1927 2212//1926
f 2212//1926 2215//1929 2214//1928
f 2212//1926 2213//1927 2216//1930
f 14//14 386//347 2208//1922
f 385//346 2209//1923 2208//1922
f 384//345 2210//1924 2209//1923
f 384//345 29//29 501//454
f 2210//1924 501//454 502//455
f 502//455 503//456 2216//1930
f 2216//1930 503//456 30//30
f 2216//1930 393//351 394//352
f 2214//1928 2215//1929 394//352
f 2214//1928 395//353 15//15
f 2211//1925 2214//1928 392//350
f 2208//1922 2211//1925 391//349
f 2217//1931 2218//1932 2221//1935
f 2219//1933 2222//1936 2221//1935
f 2221//1935 2224//1938 2223//1937
f 2222//1936 2225//1939 2224//1938
f 395//353 2217//1931 399//354
f 395//353 394//352 2218//1932
f 393//351 2219//1933 2218//1932
f 30//30 504//457 2219//1933
f 2219//1933 504//457 505//458
f 2222//1936 505//458 506//459
f 506//459 31//31 402//357
f 2225//1939 402//357 403//358
f 2223//1937 2224//1938 403//358
f 401//356 2223//1937 404//359
f 400//355 2220//1934 2223//1937
f 2217//1931 2220//1934 400//355
f 2227//1941 2230//1944 2229//1943
f 2227//1941 2228//1942 2231//1945
f 2230//1944 2233//1947 2232//1946
f 2231//1945 2234//1948 2233//1947
f 404//359 2226//1940 408//361
f 404//359 403//358 2227//1941
f 403//358 402//357 2228//1942
f 31//31 507//460 2228//1942
f 2228//1942 507//460 508//461
f 2231//1945 508//461 509//462
f 509//462 32//32 411//364
f 2234//1948 411//364 412//365
f 2233//1947 412//365 413//366
f 410//363 2232//1946 413//366
f 409//362 2229//1943 2232//1946
f 408//361 2226//1940 2229//1943
f 2236//1950 2239//1953 2238//1952
f 2236//1950 2237//1951 2240//1954
f 2239//1953 2242//1956 2241//1955
f 2240//1954 2243//1957 2242//1956
f 413//366 2235//1949 414//367
f 413//366 412//365 2236//1950
f 411//364 2237//1951 2236//1950
f 411//364 32//32 510//463
f 510//463 511//464 2240//1954
f 511//464 512//465 2243//1957
f 2243//1957 512//465 33//33
f 2243//1957 464//417 463//416
f 2242//1956 463//416 462//415
f 416//369 2241//1955 462//415
f 2238//1952 2241//1955 416//369
f 2235//1949 2238//1952 415//368
f 2244//1958 2245//1959 2248//1962
f 2245//1959 2246//1960 2249//1963
f 2248//1962 2251//1965 2250//1964
f 2249//1963 2252//1966 2251//1965
f 65//65 513//466 2244//1958
f 513//466 514//467 2245//1959
f 514//467 515//468 2246//1960
f 515//468 34//34 516//469
f 2246//1960 516//469 517//470
f 2249//1963 517//470 518//471
f 518//471 35//35 564//517
f 2252//1966 564//517 565//518
f 2251//1965 565//518 566//519
f 2250//1964 566//519 50//50
f 658//611 2247//1961 2250//1964
f 2244//1958 2247//1961 658//611
f 2253//1967 2254//1968 2257//1971
f 2255//1969 2258//1972 2257//1971
f 2257//1971 2260//1974 2259//1973
f 2258//1972 2261//1975 2260//1974
f 566//519 2253//1967 654//607
f 566//519 565//518 2254//1968
f 565//518 564//517 2255//1969
f 564//517 35//35 519//472
f 2255//1969 519//472 520//473
f 520//473 521//474 2261//1975
f 521//474 36//36 567//520
f 2261//1975 567//520 568//521
f 2260//1974 568//521 569//522
f 2259//1973 569//522 51//51
f 2256//1970 2259//1973 656//609
f 654//607 2253//1967 2256//1970
f 2263//1977 2266//1980 2265//1979
f 2263//1977 2264//1978 2267//1981
f 2266//1980 2269//1983 2268//1982
f 2267//1981 2270//1984 2269//1983
f 51//51 569//522 2262//1976
f 569//522 568//521 2263//1977
f 568//521 567//520 2264//1978
f 567//520 36//36 522//475
f 2264//1978 522//475 523//476
f 523//476 524//477 2270//1984
f 524//477 37//37 570//523
f 2270//1984 570//523 571//524
f 2269//1983 571//524 572//525
f 2268//1982 572//525 52//52
f 2265//1979 2268//1982 653//606
f 651//604 2262//1976 2265//1979
f 2271//1985 2272//1986 2275//1989
f 2272//1986 2273//1987 2276//1990
f 2274//1988 2275//1989 2278//1992
f 2276//1990 2279//1993 2278//1992
f 52//52 572//525 2271//1985
f 572//525 571//524 2272//1986
f 571//524 570//523 2273//1987
f 570//523 37//37 525//478
f 2273//1987 525//478 526//479
f 526//479 527//480 2279//1993
f 527//480 38//38 573//526
f 2279//1993 573//526 574//527
f 2277//1991 2278//1992 574//527
f 2277//1991 575//528 53//53
f 2274//1988 2277//1991 650//603
f 648//601 2271//1985 2274//1988
f 2281//1995 2284//1998 2283//1997
f 2281//1995 2282//1996 2285//1999
f 2283//1997 2284//1998 2287//2001
f 2285//1999 2288//2002 2287//2001
f 53//53 575//528 2280//1994
f 575//528 574//527 2281//1995
f 574//527 573//526 2282//1996
f 573//526 38//38 528//481
f 2282//1996 528//481 529//482
f 529//482 530//483 2288//2002
f 530//483 39//39 576//529
f 2288//2002 576//529 577//530
f 2287//2001 577//530 578//531
f 647//600 2286//2000 578//531
f 646//599 2283//1997 2286//2000
f 645//598 2280//1994 2283//1997
f 2290//2004 2293//2007 2292//2006
f 2290//2004 2291//2005 2294//2008
f 2293//2007 2296//2010 2295//2009
f 2294//2008 2297//2011 2296//2010
f 54//54 578//531 2289//2003
f 578//531 577//530 2290//2004
f 576//529 2291//2005 2290//2004
f 576//529 39//39 531//484
f 2291//2005 531//484 532//485
f 532//485 533//486 2297//2011
f 533//486 40//40 579//532
f 2297//2011 579//532 580//533
f 2296//2010 580//533 581//534
f 2295//2009 581//534 55//55
f 2292//2006 2295//2009 644//597
f 2289//2003 2292//2006 643//596
f 2298//2012 2299//2013 2302//2016
f 2299//2013 2300//2014 2303//2017
f 2301//2015 2302//2016 2305//2019
f 2303//2017 2306//2020 2305//2019
f 55//55 581//534 2298//2012
f 581//534 580//533 2299//2013
f 580//533 579//532 2300//2014
f 40//40 534//487 2300//2014
f 534//487 535//488 2303//2017
f 535//488 536//489 2306//2020
f 2306//2020 536//489 41//41
f 2306//2020 582//535 583//536
f 2305//2019 583//536 584//537
f 2304//2018 584//537 56//56
f 2301//2015 2304//2018 641//594
f 2298//2012 2301//2015 640//593
f 2307//2021 2308//2022 2311//2025
f 2308//2022 2309//2023 2312//2026
f 2310//2024 2311//2025 2314//2028
f 2312//2026 2315//2029 2314//2028
f 584//537 2307//2021 636//589
f 584//537 583//536 2308//2022
f 583//536 582//535 2309//2023
f 582//535 41//41 537//490
f 537//490 538//491 2312//2026
f 538//491 539//492 2315//2029
f 2315//2029 539//492 42//42
f 2315//2029 585//538 586//539
f 2314//2028 586//539 587//540
f 638//591 2313//2027 587//540
f 2310//2024 2313//2027 638//591
f 2307//2021 2310//2024 637//590
f 2317//2031 2320//2034 2319//2033
f 2318//2032 2321//2035 2320//2034
f 2320//2034 2323//2037 2322//2036
f 2320//2034 2321//2035 2324//2038
f 587//540 2316//2030 633//586
f 587//540 586//539 2317//2031
f 586//539 585//538 2318//2032
f 585//538 42//42 540//493
f 2318//2032 540//493 541//494
f 541//494 542//495 2324//2038
f 542//495 43//43 588//541
f 2324//2038 588//541 589//542
f 2323//2037 589//542 590//543
f 635//588 2322//2036 590//543
f 634//587 2319//2033 2322//2036
f 2316//2030 2319//2033 634//587
f 2325//2039 2326//2040 2329//2043
f 2326//2040 2327//2041 2330//2044
f 2328//2042 2329//2043 2332//2046
f 2330//2044 2333//2047 2332//2046
f 58//58 590//543 2325//2039
f 590//543 589//542 2326//2040
f 588//541 2327//2041 2326//2040
f 588//541 43//43 543//496
f 2327//2041 543//496 544//497
f 544//497 545//498 2333//2047
f 545//498 44//44 591//544
f 2333//2047 591//544 592//545
f 2332//2046 592//545 593//546
f 2331//2045 593//546 59//59
f 631//584 2328//2042 2331//2045
f 630//583 2325//2039 2328//2042
f 2334//2048 2335//2049 2338//2052
f 2335//2049 2336//2050 2339//2053
f 2338//2052 2341//2055 2340//2054
f 2339//2053 2342//2056 2341//2055
f 59//59 593//546 2334//2048
f 593//546 592//545 2335//2049
f 592//545 591//544 2336//2050
f 44//44 546//499 2336//2050
f 2336//2050 546//499 547//500
f 547//500 548//501 2342//2056
f 548//501 45//45 594//547
f 2342//2056 594//547 595//548
f 2341//2055 595//548 596//549
f 2340//2054 596//549 60//60
f 2337//2051 2340//2054 629//582
f 2334//2048 2337//2051 628//581
f 2343//2057 2344//2058 2347//2061
f 2344//2058 2345//2059 2348//2062
f 2347//2061 2350//2064 2349//2063
f 2348//2062 2351//2065 2350//2064
f 60//60 596//549 2343//2057
f 596//549 595//548 2344//2058
f 595//548 594//547 2345//2059
f 594//547 45//45 549//502
f 2345//2059 549//502 550//503
f 2348//2062 550//503 551//504
f 551//504 46//46 597//550
f 2351//2065 597//550 598//551
f 2350//2064 598//551 599//552
f 2349//2063 599//552 61//61
f 2346//2060 2349//2063 626//579
f 624//577 2343//2057 2346//2060
f 2352//2066 2353//2067 2356//2070
f 2354//2068 2357//2071 2356//2070
f 2356//2070 2359//2073 2358//2072
f 2357//2071 2360//2074 2359//2073
f 61//61 599//552 2352//2066
f 598//551 2353//2067 2352//2066
f 598//551 597//550 2354//2068
f 597//550 46//46 552//505
f 2354//2068 552//505 553//506
f 553//506 554//507 2360//2074
f 2360//2074 554//507 47//47
f 2360//2074 600//553 601//554
f 2359//2073 601//554 602//555
f 2358//2072 602//555 62//62
f 2355//2069 2358//2072 623//576
f 2352//2066 2355//2069 622//575
f 2362//2076 2365//2079 2364//2078
f 2363//2077 2366//2080 2365//2079
f 2365//2079 2368//2082 2367//2081
f 2366//2080 2369//2083 2368//2082
f 62//62 602//555 2361//2075
f 602//555 601//554 2362//2076
f 601//554 600//553 2363//2077
f 600//553 47//47 555//508
f 2363//2077 555//508 556//509
f 556//509 557//510 2369//2083
f 557//510 48//48 603//556
f 2368//2082 2369//2083 603//556
f 2368//2082 604//557 605//558
f 620//573 2367//2081 605//558
f 2364//2078 2367//2081 620//573
f 618//571 2361//2075 2364//2078
f 2370//2084 2371//2085 2374//2088
f 2371//2085 2372//2086 2375//2089
f 2374//2088 2377//2091 2376//2090
f 2374//2088 2375//2089 2378//2092
f 605//558 2370//2084 615//568
f 605//558 604//557 2371//2085
f 604//557 603//556 2372//2086
f 48//48 558//511 2372//2086
f 2372//2086 558//511 559//512
f 559//512 560//513 2378//2092
f 560//513 49//49 606//559
f 2378//2092 606//559 607//560
f 2377//2091 607//560 608//561
f 617//570 2376//2090 608//561
f 616//569 2373//2087 2376//2090
f 2370//2084 2373//2087 616//569
f 2379//2093 2380//2094 2383//2097
f 2380//2094 2381//2095 2384//2098
f 2383//2097 2386//2100 2385//2099
f 2384//2098 2387//2101 2386//2100
f 64//64 608//561 2379//2093
f 608//561 607//560 2380//2094
f 607//560 606//559 2381//2095
f 606//559 49//49 561//514
f 2381//2095 561//514 562//515
f 562//515 563//516 2387//2101
f 2387//2101 563//516 34//34
f 2387//2101 515//468 514//467
f 2386//2100 514//467 513//466
f 614//567 2385//2099 513//466
f 613//566 2382//2096 2385//2099
f 2379//2093 2382//2096 613//566
f 2389//2103 2392//2106 2391//2105
f 2390//2104 2393//2107 2392//2106
f 2392//2106 2395//2109 2394//2108
f 2393//2107 2396//2110 2395//2109
f 32//32 461//414 2388//2102
f 461//414 460//413 2389//2103
f 460//413 459//412 2390//2104
f 459//412 64//64 612//565
f 2390//2104 612//565 613//566
f 613//566 614//567 2396//2110
f 614//567 65//65 611//564
f 2396//2110 611//564 610//563
f 2395//2109 610//563 609//562
f 2394//2108 609//562 33//33
f 511//464 2391//2105 2394//2108
f 510//463 2388//2102 2391//2105
f 2398//2112 2401//2115 2400//2114
f 2398//2112 2399//2113 2402//2116
f 2400//2114 2401//2115 2404//2118
f 2402//2116 2405//2119 2404//2118
f 31//31 458//411 2397//2111
f 458//411 457//410 2398//2112
f 457//410 456//409 2399//2113
f 456//409 63//63 615//568
f 2399//2113 615//568 616//569
f 616//569 617//570 2405//2119
f 617//570 64//64 459//412
f 2404//2118 2405//2119 459//412
f 2404//2118 460//413 461//414
f 2403//2117 461//414 32//32
f 2400//2114 2403//2117 509//462
f 2397//2111 2400//2114 508//461
f 2407//2121 2410//2124 2409//2123
f 2407//2121 2408//2122 2411//2125
f 2410//2124 2413//2127 2412//2126
f 2411//2125 2414//2128 2413//2127
f 455//408 2406//2120 504//457
f 455//408 454//407 2407//2121
f 453//406 2408//2122 2407//2121
f 453//406 62//62 618//571
f 2408//2122 618//571 619//572
f 2411//2125 619//572 620//573
f 620//573 63//63 456//409
f 2413//2127 2414//2128 456//409
f 2413//2127 457//410 458//411
f 2412//2126 458//411 31//31
f 505//458 2409//2123 2412//2126
f 2406//2120 2409//2123 505//458
f 2415//2129 2416//2130 2419//2133
f 2417//2131 2420//2134 2419//2133
f 2418//2132 2419//2133 2422//2136
f 2420//2134 2423//2137 2422//2136
f 29//29 452//405 2415//2129
f 451//404 2416//2130 2415//2129
f 450//403 2417//2131 2416//2130
f 450//403 61//61 621//574
f 2417//2131 621//574 622//575
f 2420//2134 622//575 623//576
f 2423//2137 623//576 62//62
f 2422//2136 2423//2137 453//406
f 2422//2136 454//407 455//408
f 2421//2135 455//408 30//30
f 502//455 2418//2132 2421//2135
f 2415//2129 2418//2132 502//455
f 2425//2139 2428//2142 2427//2141
f 2425//2139 2426//2140 2429//2143
f 2428//2142 2431//2145 2430//2144
f 2428//2142 2429//2143 2432//2146
f 28//28 449//402 2424//2138
f 449//402 448//401 2425//2139
f 447//400 2426//2140 2425//2139
f 60//60 624//577 2426//2140
f 624//577 625//578 2429//2143
f 2429//2143 625//578 626//579
f 626//579 61//61 450//403
f 2432//2146 450//403 451//404
f 2430//2144 2431//2145 451//404
f 2430//2144 452//405 29//29
f 499//452 2427//2141 2430//2144
f 2424//2138 2427//2141 499//452
f 2434//2148 2437//2151 2436//2150
f 2434//2148 2435//2149 2438//2152
f 2437//2151 2440//2154 2439//2153
f 2438//2152 2441//2155 2440//2154
f 27//27 446//399 2433//2147
f 446//399 445//398 2434//2148
f 444//397 2435//2149 2434//2148
f 444//397 59//59 627//580
f 2435//2149 627//580 628//581
f 2438//2152 628//581 629//582
f 629//582 60//60 447//400
f 2441//2155 447//400 448//401
f 2439//2153 2440//2154 448//401
f 2439//2153 449//402 28//28
f 496//449 2436//2150 2439//2153
f 2433//2147 2436//2150 496//449
f 2443//2157 2446//2160 2445//2159
f 2443//2157 2444//2158 2447//2161
f 2446//2160 2449//2163 2448//2162
f 2447//2161 2450//2164 2449//2163
f 26//26 443//396 2442//2156
f 443//396 442//395 2443//2157
f 441//394 2444//2158 2443//2157
f 58//58 630//583 2444//2158
f 2444//2158 630//583 631//584
f 631//584 632//585 2450//2164
f 2450//2164 632//585 59//59
f 2450//2164 444//397 445//398
f 2448//2162 2449//2163 445//398
f 2448//2162 446//399 27//27
f 493//446 2445//2159 2448//2162
f 2442//2156 2445//2159 493//446
f 2451//2165 2452//2166 2455//2169
f 2452//2166 2453//2167 2456//2170
f 2454//2168 2455//2169 2458//2172
f 2455//2169 2456//2170 2459//2173
f 25//25 440//393 2451//2165
f 440//393 439//392 2452//2166
f 438//391 2453//2167 2452//2166
f 57//57 633//586 2453//2167
f 2453//2167 633//586 634//587
f 634//587 635//588 2459//2173
f 2459//2173 635//588 58//58
f 2459//2173 441//394 442//395
f 2458//2172 442//395 443//396
f 2457//2171 443//396 26//26
f 490//443 2454//2168 2457//2171
f 2451//2165 2454//2168 490//443
f 2461//2175 2464//2178 2463//2177
f 2462//2176 2465//2179 2464//2178
f 2463//2177 2464//2178 2467//2181
f 2465//2179 2468//2182 2467//2181
f 24//24 437//390 2460//2174
f 437//390 436//389 2461//2175
f 435//388 2462//2176 2461//2175
f 435//388 56//56 636//589
f 2462//2176 636//589 637//590
f 2465//2179 637//590 638//591
f 638//591 57//57 438//391
f 2467//2181 2468//2182 438//391
f 2466//2180 2467//2181 439//392
f 2466//2180 440//393 25//25
f 2463//2177 2466//2180 488//441
f 2460//2174 2463//2177 487//440
f 2470//2184 2473//2187 2472//2186
f 2470//2184 2471//2185 2474//2188
f 2473//2187 2476//2190 2475//2189
f 2474//2188 2477//2191 2476//2190
f 23//23 434//387 2469//2183
f 433//386 2470//2184 2469//2183
f 433//386 432//385 2471//2185
f 432//385 55//55 639//592
f 2471//2185 639//592 640//593
f 640//593 641//594 2477//2191
f 641//594 56//56 435//388
f 2476//2190 2477//2191 435//388
f 2476//2190 436//389 437//390
f 2475//2189 437//390 24//24
f 484//437 2472//2186 2475//2189
f 2469//2183 2472//2186 484//437
f 2478//2192 2479//2193 2482//2196
f 2479//2193 2480//2194 2483//2197
f 2482//2196 2485//2199 2484//2198
f 2483//2197 2486//2200 2485//2199
f 22//22 431//384 2478//2192
f 431//384 430//383 2479//2193
f 429//382 2480//2194 2479//2193
f 54//54 642//595 2480//2194
f 2480//2194 642//595 643//596
f 2483//2197 643//596 644//597
f 644//597 55//55 432//385
f 2486//2200 432//385 433//386
f 2485//2199 433//386 434//387
f 482//435 2484//2198 434//387
f 481//434 2481//2195 2484//2198
f 2478//2192 2481//2195 481//434
f 2488//2202 2491//2205 2490//2204
f 2488//2202 2489//2203 2492//2206
f 2490//2204 2491//2205 2494//2208
f 2491//2205 2492//2206 2495//2209
f 21//21 428//381 2487//2201
f 428//381 427//380 2488//2202
f 426//379 2489//2203 2488//2202
f 426//379 53//53 645//598
f 645//598 646//599 2492//2206
f 646//599 647//600 2495//2209
f 647//600 54//54 429//382
f 2494//2208 2495//2209 429//382
f 2493//2207 2494//2208 430//383
f 2493//2207 431//384 22//22
f 2490//2204 2493//2207 479//432
f 2487//2201 2490//2204 478//431
f 2497//2211 2500//2214 2499//2213
f 2497//2211 2498//2212 2501//2215
f 2500//2214 2503//2217 2502//2216
f 2501//2215 2504//2218 2503//2217
f 20//20 425//378 2496//2210
f 425//378 424//377 2497//2211
f 423//376 2498//2212 2497//2211
f 52//52 648//601 2498//2212
f 648//601 649//602 2501//2215
f 2501//2215 649//602 650//603
f 2504//2218 650//603 53//53
f 2504//2218 426//379 427//380
f 2503//2217 427//380 428//381
f 2502//2216 428//381 21//21
f 475//428 2499//2213 2502//2216
f 2496//2210 2499//2213 475//428
f 2506//2220 2509//2223 2508//2222
f 2506//2220 2507//2221 2510//2224
f 2508//2222 2509//2223 2512//2226
f 2510//2224 2513//2227 2512//2226
f 19//19 422//375 2505//2219
f 422//375 421//374 2506//2220
f 420//373 2507//2221 2506//2220
f 51//51 651//604 2507//2221
f 2507//2221 651//604 652//605
f 652//605 653//606 2513//2227
f 2513//2227 653//606 52//52
f 2513//2227 423//376 424//377
f 2511//2225 2512//2226 424//377
f 2511//2225 425//378 20//20
f 472//425 2508//2222 2511//2225
f 2505//2219 2508//2222 472//425
f 2514//2228 2515//2229 2518//2232
f 2515//2229 2516//2230 2519//2233
f 2517//2231 2518//2232 2521//2235
f 2518//2232 2519//2233 2522//2236
f 419//372 2514//2228 468//421
f 419//372 418//371 2515//2229
f 417//370 2516//2230 2515//2229
f 50//50 654//607 2516//2230
f 2516//2230 654//607 655//608
f 655//608 656//609 2522//2236
f 2522//2236 656//609 51//51
f 2522//2236 420//373 421//374
f 2521//2235 421//374 422//375
f 2520//2234 422//375 19//19
f 469//422 2517//2231 2520//2234
f 2514//2228 2517//2231 469//422
f 2524//2238 2527//2241 2526//2240
f 2525//2239 2528//2242 2527//2241
f 2526//2240 2527//2241 2530//2244
f 2528//2242 2531//2245 2530//2244
f 609//562 2523//2237 465//418
f 609//562 610//563 2524//2238
f 611//564 2525//2239 2524//2238
f 65//65 657//610 2525//2239
f 2525//2239 657//610 658//611
f 2528//2242 658//611 659//612
f 2531//2245 659//612 50//50
f 2530//2244 2531//2245 417//370
f 2529//2243 2530//2244 418//371
f 2529//2243 419//372 18//18
f 466//419 2526//2240 2529//2243
f 2523//2237 2526//2240 466//419
f 2534//329 2532//2246 2538//72
f 2535//262 2536//1 2532//2246
f 2537//295 2538//72 2532//2246
f 407//71 2533//1 663//69
f 406//360 2534//329 2533//1
f 2533//1 2538//72 664//263
f 81//73 708//302 2535//262
f 708//302 709//66 2536//1
f 405//303 2535//262 2534//329
f 67//66 665//613 2537//295
f 665//613 664//263 2538//72
f 710//66 2537//295 2536//1
f 2541//2248 2539//2247 2545//2250
f 2542//2249 2543//1 2539//2247
f 2544//288 2545//2250 2539//2247
f 398//73 2540//302 407//71
f 397//73 2541//2248 2540//302
f 2540//302 2545//2250 406//360
f 80//72 711//302 2542//2249
f 711//302 712//302 2543//1
f 396//303 2542//2249 2541//2248
f 81//73 405//303 2544//288
f 405//303 406//360 2545//2250
f 713//302 2544//288 2543//1
f 2548//274 2546//2251 2552//2249
f 2549//613 2550//1 2546//2251
f 2551//281 2552//2249 2546//2251
f 389//73 2547//72 398//73
f 388//72 2548//274 2547//72
f 2547//72 2552//2249 397//73
f 79//72 714//360 2549//613
f 714//360 715//302 2550//1
f 387//68 2549//613 2548//274
f 80//72 396//303 2551//281
f 396//303 397//73 2552//2249
f 716//360 2551//281 2550//1
f 2555//2253 2553//2252 2559//2254
f 2556//303 2557//1 2553//2252
f 2558//329 2559//2254 2553//2252
f 380//71 2554//72 389//73
f 379//72 2555//2253 2554//72
f 2554//72 2559//2254 388//72
f 78//71 717//72 2556//303
f 717//72 718//360 2557//1
f 378//68 2556//303 2555//2253
f 79//72 387//68 2558//329
f 387//68 388//72 2559//2254
f 719//72 2558//329 2557//1
f 2562//263 2560//2255 2566//2256
f 2563//295 2564//1 2560//2255
f 2565//322 2566//2256 2560//2255
f 371//71 2561//72 380//71
f 370//71 2562//263 2561//72
f 2561//72 2566//2256 379//72
f 77//71 720//614 2563//295
f 720//614 721//614 2564//1
f 369//329 2563//295 2562//263
f 78//71 378//68 2565//322
f 378//68 379//72 2566//2256
f 722//614 2565//322 2564//1
f 2569//2258 2567//2257 2573//2259
f 2570//288 2571//1 2567//2257
f 2572//263 2573//2259 2567//2257
f 362//71 2568//273 371//71
f 361//71 2569//2258 2568//273
f 2568//273 2573//2259 370//71
f 76//70 723//273 2570//288
f 723//273 724//273 2571//1
f 360//329 2570//288 2569//2258
f 77//71 369//329 2572//263
f 369//329 370//71 2573//2259
f 725//273 2572//263 2571//1
f 2576//2261 2574//2260 2580//295
f 2577//281 2578//1 2574//2260
f 2579//2262 2580//295 2574//2260
f 353//1 2575//71 362//71
f 352//70 2576//2261 2575//71
f 2575//71 2580//295 361//71
f 75//70 726//262 2577//281
f 726//262 727//273 2578//1
f 351//322 2577//281 2576//2261
f 76//70 360//329 2579//2262
f 360//329 361//71 2580//295
f 728//262 2579//2262 2578//1
f 2583//360 2581//2263 2587//288
f 2584//329 2585//1 2581//2263
f 2586//302 2587//288 2581//2263
f 344//1 2582//70 353//1
f 343//70 2583//360 2582//70
f 2582//70 2587//288 352//70
f 74//69 729//70 2584//329
f 729//70 730//262 2585//1
f 342//66 2584//329 2583//360
f 75//70 351//322 2586//302
f 351//322 352//70 2587//288
f 731//70 2586//302 2585//1
f 2590//614 2588//2264 2594//281
f 2591//322 2592//1 2588//2264
f 2593//360 2594//281 2588//2264
f 335//1 2589//69 344//1
f 334//303 2590//614 2589//69
f 2589//69 2594//281 343//70
f 73//69 732//613 2591//322
f 732//613 733//613 2592//1
f 333//302 2591//322 2590//614
f 74//69 342//66 2593//360
f 342//66 343//70 2594//281
f 734//613 2593//360 2592//1
f 2597//273 2595//2265 2601//329
f 2598//263 2599//1 2595//2265
f 2600//2266 2601//329 2595//2265
f 326//73 2596//69 335//1
f 325//303 2597//273 2596//69
f 2596//69 2601//329 334//303
f 72//68 735//303 2598//263
f 735//303 736//303 2599//1
f 324//302 2598//263 2597//273
f 73//69 333//302 2600//2266
f 333//302 334//303 2601//329
f 737//303 2600//2266 2599//1
f 2604//262 2602//2267 2608//322
f 2605//2262 2606//1 2602//2267
f 2607//614 2608//322 2602//2267
f 317//73 2603//1 326//73
f 316//295 2604//262 2603//1
f 2603//1 2608//322 325//303
f 71//68 738//295 2605//2262
f 738//295 739//303 2606//1
f 315//72 2605//2262 2604//262
f 72//68 324//302 2607//614
f 324//302 325//303 2608//322
f 740//295 2607//614 2606//1
f 2611//2249 2609//2268 2615//263
f 2612//302 2613//1 2609//2268
f 2614//273 2615//263 2609//2268
f 308//71 2610//1 317//73
f 307//288 2611//2249 2610//1
f 2610//1 2615//263 316//295
f 70//67 741//68 2612//302
f 741//68 742//295 2613//1
f 306//72 2612//302 2611//2249
f 71//68 315//72 2614//273
f 315//72 316//295 2615//263
f 743//68 2614//273 2613//1
f 2618//303 2616//2269 2622//2262
f 2619//360 2620//1 2616//2269
f 2621//262 2622//2262 2616//2269
f 299//71 2617//1 308//71
f 298//281 2618//303 2617//1
f 2617//1 2622//2262 307//288
f 69//67 744//281 2619//360
f 744//281 745//281 2620//1
f 297//273 2619//360 2618//303
f 70//67 306//72 2621//262
f 306//72 307//288 2622//2262
f 746//281 2621//262 2620//1
f 2625//303 2623//2270 2629//2262
f 2626//2266 2627//1 2623//2270
f 2628//2249 2629//2262 2623//2270
f 290//273 2624//1 299//71
f 289//274 2625//303 2624//1
f 2624//1 2629//2262 298//281
f 68//66 747//329 2626//2266
f 747//329 748//329 2627//1
f 288//273 2626//2266 2625//303
f 69//67 297//273 2628//2249
f 297//273 298//281 2629//2262
f 749//329 2628//2249 2627//1
f 2632//288 2630//2271 2636//302
f 2633//614 2634//1 2630//2271
f 2635//613 2636//302 2630//2271
f 278//262 2631//71 290//273
f 277//263 2632//288 2631//71
f 2631//71 2636//302 289//274
f 66//66 750//322 2633//614
f 750//322 751//329 2634//1
f 276//262 2633//614 2632//288
f 68//66 288//273 2635//613
f 288//273 289//274 2636//302
f 752//322 2635//613 2634//1
f 2639//68 2637//2272 2643//360
f 2640//2273 2641//73 2637//2272
f 2642//303 2643//360 2637//2272
f 663//69 2638//1 278//262
f 664//263 2639//68 2638//1
f 2638//1 2643//360 277//263
f 67//66 753//66 2640//2273
f 753//66 754//66 2641//73
f 665//613 2640//2273 2639//68
f 66//66 276//262 2642//303
f 276//262 277//263 2643//360
f 755//66 2642//303 2641//73
f 2645//1 2648//1 2647//1
f 2646//1 2649//69 2648//1
f 2647//1 2648//1 2651//1
f 2648//1 2649//69 2652//71
f 707//66 2644//67 708//302
f 706//69 2645//1 2644//67
f 705//1 2646//1 2645//1
f 705//1 97//89 804//660
f 2646//1 804//660 805//661
f 805//661 806//662 2652//71
f 806//662 82//74 758//1
f 2651//1 2652//71 758//1
f 2650//73 2651//1 757//69
f 710//66 2650//73 756//66
f 709//66 2647//1 2650//73
f 2644//67 2647//1 709//66
f 2654//1 2657//1 2656//1
f 2655//1 2658//69 2657//1
f 2656//1 2657//1 2660//1
f 2657//1 2658//69 2661//70
f 704//73 2653//73 711//302
f 703//69 2654//1 2653//73
f 702//1 2655//1 2654//1
f 702//1 96//88 807//663
f 2655//1 807//663 808//664
f 808//664 809//665 2661//70
f 809//665 97//89 705//1
f 2660//1 2661//70 705//1
f 2659//71 2660//1 706//69
f 713//302 2659//71 707//66
f 712//302 2656//1 2659//71
f 2653//73 2656//1 712//302
f 2663//1 2666//1 2665//1
f 2664//1 2667//69 2666//1
f 2665//1 2666//1 2669//1
f 2666//1 2667//69 2670//69
f 701//73 2662//73 714//360
f 700//68 2663//1 2662//73
f 699//1 2664//1 2663//1
f 699//1 95//87 810//666
f 810//666 811//667 2667//69
f 811//667 812//668 2670//69
f 812//668 96//88 702//1
f 2669//1 2670//69 702//1
f 2668//71 2669//1 703//69
f 716//360 2668//71 704//73
f 715//302 2665//1 2668//71
f 2662//73 2665//1 715//302
f 2672//1 2675//1 2674//1
f 2673//1 2676//1 2675//1
f 2674//1 2675//1 2678//1
f 2675//1 2676//1 2679//69
f 698//72 2671//73 717//72
f 697//67 2672//1 2671//73
f 696//1 2673//1 2672//1
f 696//1 94//86 813//669
f 813//669 814//670 2676//1
f 814//670 815//671 2679//69
f 815//671 95//87 699//1
f 2678//1 2679//69 699//1
f 2677//71 2678//1 700//68
f 719//72 2677//71 701//73
f 718//360 2674//1 2677//71
f 2671//73 2674//1 718//360
f 2681//1 2684//1 2683//1
f 2682//1 2685//67 2684//1
f 2683//1 2684//1 2687//1
f 2684//1 2685//67 2688//1
f 695//72 2680//73 720//614
f 694//67 2681//1 2680//73
f 693//1 2682//1 2681//1
f 693//1 93//85 816//672
f 2682//1 816//672 817//673
f 817//673 818//674 2688//1
f 2688//1 818//674 94//86
f 2687//1 2688//1 696//1
f 2686//71 2687//1 697//67
f 722//614 2686//71 698//72
f 721//614 2683//1 2686//71
f 2680//73 2683//1 721//614
f 2690//1 2693//1 2692//1
f 2691//1 2694//67 2693//1
f 2692//1 2693//1 2696//1
f 2693//1 2694//67 2697//68
f 692//71 2689//72 723//273
f 691//67 2690//1 2689//72
f 690//1 2691//1 2690//1
f 690//1 92//84 819//675
f 2691//1 819//675 820//676
f 820//676 821//677 2697//68
f 821//677 93//85 693//1
f 2696//1 2697//68 693//1
f 2695//1 2696//1 694//67
f 725//273 2695//1 695//72
f 724//273 2692//1 2695//1
f 2689//72 2692//1 724//273
f 2699//1 2702//1 2701//1
f 2700//1 2703//67 2702//1
f 2701//1 2702//1 2705//1
f 2702//1 2703//67 2706//67
f 689//71 2698//71 726//262
f 688//66 2699//1 2698//71
f 687//1 2700//1 2699//1
f 687//1 91//83 822//678
f 2700//1 822//678 823//679
f 823//679 824//680 2706//67
f 824//680 92//84 690//1
f 2705//1 2706//67 690//1
f 2704//69 2705//1 691//67
f 728//262 2704//69 692//71
f 727//273 2701//1 2704//69
f 2698//71 2701//1 727//273
f 2708//1 2711//1 2710//1
f 2709//1 2712//1 2711//1
f 2710//1 2711//1 2714//1
f 2711//1 2712//1 2715//67
f 686//70 2707//71 729//70
f 685//73 2708//1 2707//71
f 684//1 2709//1 2708//1
f 684//1 90//82 825//681
f 2709//1 825//681 826//682
f 826//682 827//683 2715//67
f 827//683 91//83 687//1
f 2714//1 2715//67 687//1
f 2713//69 2714//1 688//66
f 731//70 2713//69 689//71
f 730//262 2710//1 2713//69
f 2707//71 2710//1 730//262
f 2717//1 2720//1 2719//1
f 2718//1 2721//73 2720//1
f 2719//1 2720//1 2723//1
f 2720//1 2721//73 2724//67
f 683//70 2716//71 732//613
f 682//73 2717//1 2716//71
f 681//1 2718//1 2717//1
f 681//1 89//81 828//684
f 2718//1 828//684 829//685
f 829//685 830//686 2724//67
f 830//686 90//82 684//1
f 2723//1 2724//67 684//1
f 2722//69 2723//1 685//73
f 734//613 2722//69 686//70
f 733//613 2719//1 2722//69
f 2716//71 2719//1 733//613
f 2726//1 2729//1 2728//1
f 2727//1 2730//73 2729//1
f 2728//1 2729//1 2732//1
f 2729//1 2730//73 2733//66
f 680//69 2725//69 735//303
f 679//73 2726//1 2725//69
f 678//1 2727//1 2726//1
f 678//1 88//80 831//687
f 2727//1 831//687 832//688
f 832//688 833//689 2733//66
f 833//689 89//81 681//1
f 2732//1 2733//66 681//1
f 2731//67 2732//1 682//73
f 737//303 2731//67 683//70
f 736//303 2728//1 2731//67
f 2725//69 2728//1 736//303
f 2735//1 2738//1 2737//1
f 2736//1 2739//73 2738//1
f 2737//1 2738//1 2741//1
f 2738//1 2739//73 2742//73
f 677//69 2734//69 738//295
f 676//72 2735//1 2734//69
f 675//1 2736//1 2735//1
f 675//1 87//79 834//690
f 834//690 835//691 2739//73
f 835//691 836//692 2742//73
f 836//692 88//80 678//1
f 2741//1 2742//73 678//1
f 2740//67 2741//1 679//73
f 740//295 2740//67 680//69
f 739//303 2737//1 2740//67
f 2734//69 2737//1 739//303
f 2744//1 2747//1 2746//1
f 2745//1 2748//1 2747//1
f 2746//1 2747//1 2750//1
f 2747//1 2748//1 2751//73
f 674//68 2743//69 741//68
f 673//71 2744//1 2743//69
f 672//1 2745//1 2744//1
f 672//1 86//78 837//693
f 837//693 838//694 2748//1
f 838//694 839//695 2751//73
f 839//695 87//79 675//1
f 2750//1 2751//73 675//1
f 2749//67 2750//1 676//72
f 743//68 2749//67 677//69
f 742//295 2746//1 2749//67
f 2743//69 2746//1 742//295
f 2753//1 2756//1 2755//1
f 2754//1 2757//71 2756//1
f 2755//1 2756//1 2759//1
f 2756//1 2757//71 2760//73
f 671//68 2752//69 744//281
f 670//71 2753//1 2752//69
f 669//1 2754//1 2753//1
f 669//1 85//77 840//696
f 2754//1 840//696 841//697
f 841//697 842//698 2760//73
f 842//698 86//78 672//1
f 2759//1 2760//73 672//1
f 2758//67 2759//1 673//71
f 746//281 2758//67 674//68
f 745//281 2755//1 2758//67
f 2752//69 2755//1 745//281
f 2762//1 2765//1 2764//1
f 2763//1 2766//71 2765//1
f 2764//1 2765//1 2768//1
f 2765//1 2766//71 2769//72
f 668//67 2761//68 747//329
f 667//71 2762//1 2761//68
f 666//1 2763//1 2762//1
f 666//1 84//76 843//699
f 2763//1 843//699 844//700
f 844//700 845//701 2769//72
f 845//701 85//77 669//1
f 2768//1 2769//72 669//1
f 2767//1 2768//1 670//71
f 749//329 2767//1 671//68
f 748//329 2764//1 2767//1
f 2761//68 2764//1 748//329
f 2771//1 2774//1 2773//1
f 2772//1 2775//71 2774//1
f 2773//1 2774//1 2777//1
f 2774//1 2775//71 2778//71
f 662//67 2770//67 750//322
f 661//70 2771//1 2770//67
f 660//1 2772//1 2771//1
f 660//1 83//75 846//702
f 2772//1 846//702 847//703
f 847//703 848//704 2778//71
f 848//704 84//76 666//1
f 2777//1 2778//71 666//1
f 2776//73 2777//1 667//71
f 752//322 2776//73 668//67
f 751//329 2773//1 2776//73
f 2770//67 2773//1 751//329
f 2780//1 2783//1 2782//1
f 2781//1 2784//71 2783//1
f 2782//1 2783//1 2786//1
f 2783//1 2784//71 2787//71
f 756//66 2779//67 753//66
f 757//69 2780//1 2779//67
f 758//1 2781//1 2780//1
f 758//1 82//74 849//705
f 2781//1 849//705 850//706
f 2784//71 850//706 851//707
f 851//707 83//75 660//1
f 2786//1 2787//71 660//1
f 2785//73 2786//1 661//70
f 755//66 2785//73 662//67
f 754//66 2782//1 2785//73
f 2779//67 2782//1 754//66
f 2788//2274 2789//2275 2792//2278
f 2789//2275 2790//2276 2793//2279
f 2791//2277 2792//2278 2795//2281
f 2793//2279 2796//2282 2795//2281
f 260//246 855//708 2788//2274
f 855//708 856//709 2789//2275
f 856//709 857//710 2790//2276
f 857//710 100//92 858//711
f 2790//2276 858//711 859//712
f 859//712 860//713 2796//2282
f 860//713 102//94 1863//1577
f 2796//2282 1863//1577 1864//1578
f 2795//2281 1864//1578 1865//1579
f 2794//2280 1865//1579 261//247
f 2791//2277 2794//2280 1955//1669
f 1953//1667 2788//2274 2791//2277
f 2799//2285 2797//2283 2803//2289
f 2800//2286 2801//2287 2797//2283
f 2802//2288 2803//2289 2797//2283
f 864//717 2798//2284 863//716
f 865//718 2799//2285 2798//2284
f 2798//2284 2803//2289 862//715
f 103//95 867//720 2800//2286
f 867//720 868//721 2801//2287
f 866//719 2800//2286 2799//2285
f 101//93 861//714 2802//2288
f 861//714 862//715 2803//2289
f 869//722 2802//2288 2801//2287
f 2805//2291 2808//2294 2807//2293
f 2805//2291 2806//2292 2809//2295
f 2807//2293 2808//2294 2811//2297
f 2809//2295 2812//2298 2811//2297
f 870//723 2804//2290 1185//1008
f 871//724 2805//2291 2804//2290
f 871//724 872//725 2806//2292
f 872//725 101//93 869//722
f 2806//2292 869//722 868//721
f 868//721 867//720 2812//2298
f 867//720 103//95 1095//918
f 2812//2298 1095//918 1096//919
f 2810//2296 2811//2297 1096//919
f 2810//2296 1097//920 133//125
f 1186//1009 2807//2293 2810//2296
f 2804//2290 2807//2293 1186//1009
f 2813//2299 2814//2300 2817//2303
f 2814//2300 2815//2301 2818//2304
f 2817//2303 2820//2306 2819//2305
f 2818//2304 2821//2307 2820//2306
f 261//247 1865//1579 2813//2299
f 1865//1579 1864//1578 2814//2300
f 1863//1577 2815//2301 2814//2300
f 1863//1577 102//94 879//730
f 2815//2301 879//730 880//731
f 880//731 881//732 2821//2307
f 881//732 104//96 1866//1580
f 2821//2307 1866//1580 1867//1581
f 2820//2306 1867//1581 1868//1582
f 2819//2305 1868//1582 262//248
f 1951//1665 2816//2302 2819//2305
f 1950//1664 2813//2299 2816//2302
f 2824//2310 2822//2308 2828//2314
f 2825//2311 2826//2312 2822//2308
f 2827//2313 2828//2314 2822//2308
f 882//733 2823//2309 864//717
f 883//734 2824//2310 2823//2309
f 2823//2309 2828//2314 865//718
f 105//97 885//736 2825//2311
f 885//736 886//737 2826//2312
f 884//735 2825//2311 2824//2310
f 103//95 866//719 2827//2313
f 866//719 865//718 2828//2314
f 887//738 2827//2313 2826//2312
f 2830//2316 2833//2319 2832//2318
f 2830//2316 2831//2317 2834//2320
f 2832//2318 2833//2319 2836//2322
f 2834//2320 2837//2323 2836//2322
f 1097//920 2829//2315 1182//1005
f 1096//919 2830//2316 2829//2315
f 1096//919 1095//918 2831//2317
f 1095//918 103//95 887//738
f 2831//2317 887//738 886//737
f 886//737 885//736 2837//2323
f 885//736 105//97 1098//921
f 2837//2323 1098//921 1099//922
f 2835//2321 2836//2322 1099//922
f 1184//1007 2835//2321 1100//923
f 1183//1006 2832//2318 2835//2321
f 2829//2315 2832//2318 1183//1006
f 2838//2324 2839//2325 2842//2328
f 2839//2325 2840//2326 2843//2329
f 2842//2328 2845//2331 2844//2330
f 2843//2329 2846//2332 2845//2331
f 262//248 1868//1582 2838//2324
f 1868//1582 1867//1581 2839//2325
f 1867//1581 1866//1580 2840//2326
f 1866//1580 104//96 894//743
f 894//743 895//744 2843//2329
f 895//744 896//745 2846//2332
f 2846//2332 896//745 106//98
f 2846//2332 1869//1583 1870//1584
f 2845//2331 1870//1584 1871//1585
f 2844//2330 1871//1585 263//249
f 2841//2327 2844//2330 1949//1663
f 1947//1661 2838//2324 2841//2327
f 2849//2335 2847//2333 2853//2339
f 2850//2336 2851//2337 2847//2333
f 2852//2338 2853//2339 2847//2333
f 897//746 2848//2334 882//733
f 898//747 2849//2335 2848//2334
f 2848//2334 2853//2339 883//734
f 107//99 900//749 2850//2336
f 900//749 901//750 2851//2337
f 899//748 2850//2336 2849//2335
f 105//97 884//735 2852//2338
f 884//735 883//734 2853//2339
f 902//751 2852//2338 2851//2337
f 2855//2341 2858//2344 2857//2343
f 2855//2341 2856//2342 2859//2345
f 2857//2343 2858//2344 2861//2347
f 2859//2345 2862//2348 2861//2347
f 1100//923 2854//2340 1179//1002
f 1099//922 2855//2341 2854//2340
f 1099//922 1098//921 2856//2342
f 1098//921 105//97 902//751
f 2856//2342 902//751 901//750
f 901//750 900//749 2862//2348
f 900//749 107//99 1101//924
f 2862//2348 1101//924 1102//925
f 2860//2346 2861//2347 1102//925
f 1181//1004 2860//2346 1103//926
f 1180//1003 2857//2343 2860//2346
f 2854//2340 2857//2343 1180//1003
f 2863//2349 2864//2350 2867//2353
f 2864//2350 2865//2351 2868//2354
f 2866//2352 2867//2353 2870//2356
f 2867//2353 2868//2354 2871//2357
f 263//249 1871//1585 2863//2349
f 1871//1585 1870//1584 2864//2350
f 1870//1584 1869//1583 2865//2351
f 1869//1583 106//98 909//757
f 909//757 910//758 2868//2354
f 910//758 911//759 2871//2357
f 911//759 108//100 1872//1586
f 2871//2357 1872//1586 1873//1587
f 2870//2356 1873//1587 1874//1588
f 2869//2355 1874//1588 264//250
f 2866//2352 2869//2355 1946//1660
f 1944//1658 2863//2349 2866//2352
f 2874//2360 2872//2358 2878//2364
f 2875//2361 2876//2362 2872//2358
f 2877//2363 2878//2364 2872//2358
f 912//760 2873//2359 897//746
f 913//761 2874//2360 2873//2359
f 2873//2359 2878//2364 898//747
f 109//101 915//763 2875//2361
f 915//763 916//764 2876//2362
f 914//762 2875//2361 2874//2360
f 107//99 899//748 2877//2363
f 899//748 898//747 2878//2364
f 917//765 2877//2363 2876//2362
f 2880//2366 2883//2369 2882//2368
f 2880//2366 2881//2367 2884//2370
f 2882//2368 2883//2369 2886//2372
f 2884//2370 2887//2373 2886//2372
f 1103//926 2879//2365 1176//999
f 1102//925 2880//2366 2879//2365
f 1102//925 1101//924 2881//2367
f 1101//924 107//99 917//765
f 2881//2367 917//765 916//764
f 916//764 915//763 2887//2373
f 915//763 109//101 1104//927
f 2887//2373 1104//927 1105//928
f 2885//2371 2886//2372 1105//928
f 1178//1001 2885//2371 1106//929
f 1177//1000 2882//2368 2885//2371
f 2879//2365 2882//2368 1177//1000
f 2888//2374 2889//2375 2892//2378
f 2889//2375 2890//2376 2893//2379
f 2892//2378 2895//2381 2894//2380
f 2893//2379 2896//2382 2895//2381
f 264//250 1874//1588 2888//2374
f 1874//1588 1873//1587 2889//2375
f 1873//1587 1872//1586 2890//2376
f 108//100 924//769 2890//2376
f 2890//2376 924//769 925//770
f 925//770 926//771 2896//2382
f 926//771 110//102 1875//1589
f 2895//2381 2896//2382 1875//1589
f 2895//2381 1876//1590 1877//1591
f 2894//2380 1877//1591 265//251
f 2891//2377 2894//2380 1943//1657
f 1941//1655 2888//2374 2891//2377
f 2899//2385 2897//2383 2903//2389
f 2900//2386 2901//2387 2897//2383
f 2902//2388 2903//2389 2897//2383
f 927//772 2898//2384 912//760
f 928//773 2899//2385 2898//2384
f 2898//2384 2903//2389 913//761
f 111//103 930//775 2900//2386
f 930//775 931//776 2901//2387
f 929//774 2900//2386 2899//2385
f 109//101 914//762 2902//2388
f 914//762 913//761 2903//2389
f 932//777 2902//2388 2901//2387
f 2905//2391 2908//2394 2907//2393
f 2905//2391 2906//2392 2909//2395
f 2907//2393 2908//2394 2911//2397
f 2909//2395 2912//2398 2911//2397
f 1106//929 2904//2390 1173//996
f 1105//928 2905//2391 2904//2390
f 1105//928 1104//927 2906//2392
f 1104//927 109//101 932//777
f 2906//2392 932//777 931//776
f 931//776 930//775 2912//2398
f 930//775 111//103 1107//930
f 2912//2398 1107//930 1108//931
f 2910//2396 2911//2397 1108//931
f 1175//998 2910//2396 1109//932
f 1174//997 2907//2393 2910//2396
f 2904//2390 2907//2393 1174//997
f 2914//2400 2917//2403 2916//2402
f 2915//2401 2918//2404 2917//2403
f 2917//2403 2920//2406 2919//2405
f 2917//2403 2918//2404 2921//2407
f 265//251 1877//1591 2913//2399
f 1877//1591 1876//1590 2914//2400
f 1876//1590 1875//1589 2915//2401
f 110//102 939//781 2915//2401
f 2915//2401 939//781 940//782
f 940//782 941//783 2921//2407
f 941//783 112//104 1878//1592
f 2921//2407 1878//1592 1879//1593
f 2920//2406 1879//1593 1880//1594
f 2919//2405 1880//1594 266//252
f 2916//2402 2919//2405 1940//1654
f 1938//1652 2913//2399 2916//2402
f 2924//2410 2922//2408 2928//2414
f 2925//2411 2926//2412 2922//2408
f 2927//2413 2928//2414 2922//2408
f 942//784 2923//2409 927//772
f 943//785 2924//2410 2923//2409
f 2923//2409 2928//2414 928//773
f 113//105 945//787 2925//2411
f 945//787 946//788 2926//2412
f 944//786 2925//2411 2924//2410
f 111//103 929//774 2927//2413
f 929//774 928//773 2928//2414
f 947//789 2927//2413 2926//2412
f 2930//2416 2933//2419 2932//2418
f 2930//2416 2931//2417 2934//2420
f 2932//2418 2933//2419 2936//2422
f 2934//2420 2937//2423 2936//2422
f 1109//932 2929//2415 1170//993
f 1108//931 2930//2416 2929//2415
f 1108//931 1107//930 2931//2417
f 1107//930 111//103 947//789
f 2931//2417 947//789 946//788
f 946//788 945//787 2937//2423
f 945//787 113//105 1110//933
f 2937//2423 1110//933 1111//934
f 2935//2421 2936//2422 1111//934
f 1172//995 2935//2421 1112//935
f 1171//994 2932//2418 2935//2421
f 2929//2415 2932//2418 1171//994
f 2939//2425 2942//2428 2941//2427
f 2939//2425 2940//2426 2943//2429
f 2942//2428 2945//2431 2944//2430
f 2942//2428 2943//2429 2946//2432
f 266//252 1880//1594 2938//2424
f 1880//1594 1879//1593 2939//2425
f 1878//1592 2940//2426 2939//2425
f 112//104 954//794 2940//2426
f 954//794 955//795 2943//2429
f 2943//2429 955//795 956//796
f 956//796 114//106 1881//1595
f 2946//2432 1881//1595 1882//1596
f 2945//2431 1882//1596 1883//1597
f 2944//2430 1883//1597 267//253
f 2941//2427 2944//2430 1937//1651
f 1935//1649 2938//2424 2941//2427
f 2949//2435 2947//2433 2953//2439
f 2950//2436 2951//2437 2947//2433
f 2952//2438 2953//2439 2947//2433
f 957//797 2948//2434 942//784
f 958//798 2949//2435 2948//2434
f 2948//2434 2953//2439 943//785
f 115//107 960//800 2950//2436
f 960//800 961//801 2951//2437
f 959//799 2950//2436 2949//2435
f 113//105 944//786 2952//2438
f 944//786 943//785 2953//2439
f 962//802 2952//2438 2951//2437
f 2955//2441 2958//2444 2957//2443
f 2955//2441 2956//2442 2959//2445
f 2957//2443 2958//2444 2961//2447
f 2959//2445 2962//2448 2961//2447
f 1112//935 2954//2440 1167//990
f 1111//934 2955//2441 2954//2440
f 1111//934 1110//933 2956//2442
f 1110//933 113//105 962//802
f 2956//2442 962//802 961//801
f 961//801 960//800 2962//2448
f 960//800 115//107 1113//936
f 2962//2448 1113//936 1114//937
f 2960//2446 2961//2447 1114//937
f 1169//992 2960//2446 1115//938
f 1168//991 2957//2443 2960//2446
f 2954//2440 2957//2443 1168//991
f 2964//2450 2967//2453 2966//2452
f 2964//2450 2965//2451 2968//2454
f 2967//2453 2970//2456 2969//2455
f 2967//2453 2968//2454 2971//2457
f 267//253 1883//1597 2963//2449
f 1883//1597 1882//1596 2964//2450
f 1882//1596 1881//1595 2965//2451
f 1881//1595 114//106 969//807
f 2965//2451 969//807 970//808
f 970//808 971//809 2971//2457
f 971//809 116//108 1884//1598
f 2971//2457 1884//1598 1885//1599
f 2970//2456 1885//1599 1886//1600
f 2969//2455 1886//1600 268//254
f 2966//2452 2969//2455 1934//1648
f 1932//1646 2963//2449 2966//2452
f 2974//2460 2972//2458 2978//2464
f 2975//2461 2976//2462 2972//2458
f 2977//2463 2978//2464 2972//2458
f 972//810 2973//2459 957//797
f 973//811 2974//2460 2973//2459
f 2973//2459 2978//2464 958//798
f 117//109 975//813 2975//2461
f 975//813 976//814 2976//2462
f 974//812 2975//2461 2974//2460
f 115//107 959//799 2977//2463
f 959//799 958//798 2978//2464
f 977//815 2977//2463 2976//2462
f 2980//2466 2983//2469 2982//2468
f 2980//2466 2981//2467 2984//2470
f 2982//2468 2983//2469 2986//2472
f 2984//2470 2987//2473 2986//2472
f 1115//938 2979//2465 1164//987
f 1114//937 2980//2466 2979//2465
f 1114//937 1113//936 2981//2467
f 1113//936 115//107 977//815
f 2981//2467 977//815 976//814
f 976//814 975//813 2987//2473
f 975//813 117//109 1116//939
f 2987//2473 1116//939 1117//940
f 2985//2471 2986//2472 1117//940
f 1166//989 2985//2471 1118//941
f 1165//988 2982//2468 2985//2471
f 2979//2465 2982//2468 1165//988
f 2988//2474 2989//2475 2992//2478
f 2990//2476 2993//2479 2992//2478
f 2992//2478 2995//2481 2994//2480
f 2992//2478 2993//2479 2996//2482
f 268//254 1886//1600 2988//2474
f 1886//1600 1885//1599 2989//2475
f 1884//1598 2990//2476 2989//2475
f 1884//1598 116//108 984//820
f 2990//2476 984//820 985//821
f 985//821 986//822 2996//2482
f 986//822 118//110 1887//1601
f 2996//2482 1887//1601 1888//1602
f 2995//2481 1888//1602 1889//1603
f 2994//2480 1889//1603 269//255
f 2991//2477 2994//2480 1931//1645
f 1929//1643 2988//2474 2991//2477
f 2999//2485 2997//2483 3003//2489
f 3000//2486 3001//2487 2997//2483
f 3002//2488 3003//2489 2997//2483
f 987//823 2998//2484 972//810
f 988//824 2999//2485 2998//2484
f 2998//2484 3003//2489 973//811
f 119//111 990//826 3000//2486
f 990//826 991//827 3001//2487
f 989//825 3000//2486 2999//2485
f 117//109 974//812 3002//2488
f 974//812 973//811 3003//2489
f 992//828 3002//2488 3001//2487
f 3005//2491 3008//2494 3007//2493
f 3005//2491 3006//2492 3009//2495
f 3007//2493 3008//2494 3011//2497
f 3009//2495 3012//2498 3011//2497
f 1118//941 3004//2490 1161//984
f 1117//940 3005//2491 3004//2490
f 1117//940 1116//939 3006//2492
f 1116//939 117//109 992//828
f 3006//2492 992//828 991//827
f 991//827 990//826 3012//2498
f 990//826 119//111 1119//942
f 3012//2498 1119//942 1120//943
f 3010//2496 3011//2497 1120//943
f 1163//986 3010//2496 1121//944
f 1162//985 3007//2493 3010//2496
f 3004//2490 3007//2493 1162//985
f 3013//2499 3014//2500 3017//2503
f 3014//2500 3015//2501 3018//2504
f 3017//2503 3020//2506 3019//2505
f 3018//2504 3021//2507 3020//2506
f 269//255 1889//1603 3013//2499
f 1889//1603 1888//1602 3014//2500
f 1887//1601 3015//2501 3014//2500
f 1887//1601 118//110 999//834
f 999//834 1000//835 3018//2504
f 1000//835 1001//836 3021//2507
f 1001//836 120//112 1890//1604
f 3021//2507 1890//1604 1891//1605
f 3020//2506 1891//1605 1892//1606
f 3019//2505 1892//1606 270//256
f 3016//2502 3019//2505 1928//1642
f 1926//1640 3013//2499 3016//2502
f 3024//2510 3022//2508 3028//2514
f 3025//2511 3026//2512 3022//2508
f 3027//2513 3028//2514 3022//2508
f 1002//837 3023//2509 987//823
f 1003//838 3024//2510 3023//2509
f 3023//2509 3028//2514 988//824
f 121//113 1005//840 3025//2511
f 1005//840 1006//841 3026//2512
f 1004//839 3025//2511 3024//2510
f 119//111 989//825 3027//2513
f 989//825 988//824 3028//2514
f 1007//842 3027//2513 3026//2512
f 3030//2516 3033//2519 3032//2518
f 3030//2516 3031//2517 3034//2520
f 3032//2518 3033//2519 3036//2522
f 3034//2520 3037//2523 3036//2522
f 1121//944 3029//2515 1158//981
f 1120//943 3030//2516 3029//2515
f 1120//943 1119//942 3031//2517
f 1119//942 119//111 1007//842
f 3031//2517 1007//842 1006//841
f 1006//841 1005//840 3037//2523
f 1005//840 121//113 1122//945
f 3037//2523 1122//945 1123//946
f 3035//2521 3036//2522 1123//946
f 1160//983 3035//2521 1124//947
f 1159//982 3032//2518 3035//2521
f 3029//2515 3032//2518 1159//982
f 3038//2524 3039//2525 3042//2528
f 3040//2526 3043//2529 3042//2528
f 3042//2528 3045//2531 3044//2530
f 3042//2528 3043//2529 3046//2532
f 270//256 1892//1606 3038//2524
f 1892//1606 1891//1605 3039//2525
f 1891//1605 1890//1604 3040//2526
f 1890//1604 120//112 1014//846
f 3040//2526 1014//846 1015//847
f 3043//2529 1015//847 1016//848
f 1016//848 122//114 1893//1607
f 3046//2532 1893//1607 1894//1608
f 3045//2531 1894//1608 1895//1609
f 3044//2530 1895//1609 271//257
f 3041//2527 3044//2530 1925//1639
f 1923//1637 3038//2524 3041//2527
f 3049//2535 3047//2533 3053//2539
f 3050//2536 3051//2537 3047//2533
f 3052//2538 3053//2539 3047//2533
f 1017//849 3048//2534 1002//837
f 1018//850 3049//2535 3048//2534
f 3048//2534 3053//2539 1003//838
f 123//115 1020//852 3050//2536
f 1020//852 1021//853 3051//2537
f 1019//851 3050//2536 3049//2535
f 121//113 1004//839 3052//2538
f 1004//839 1003//838 3053//2539
f 1022//854 3052//2538 3051//2537
f 3055//2541 3058//2544 3057//2543
f 3055//2541 3056//2542 3059//2545
f 3057//2543 3058//2544 3061//2547
f 3059//2545 3062//2548 3061//2547
f 1124//947 3054//2540 1155//978
f 1123//946 3055//2541 3054//2540
f 1123//946 1122//945 3056//2542
f 1122//945 121//113 1022//854
f 3056//2542 1022//854 1021//853
f 1021//853 1020//852 3062//2548
f 1020//852 123//115 1125//948
f 3062//2548 1125//948 1126//949
f 3060//2546 3061//2547 1126//949
f 1157//980 3060//2546 1127//950
f 1156//979 3057//2543 3060//2546
f 3054//2540 3057//2543 1156//979
f 3064//2550 3067//2553 3066//2552
f 3065//2551 3068//2554 3067//2553
f 3067//2553 3070//2556 3069//2555
f 3068//2554 3071//2557 3070//2556
f 271//257 1895//1609 3063//2549
f 1895//1609 1894//1608 3064//2550
f 1893//1607 3065//2551 3064//2550
f 1893//1607 122//114 1029//860
f 1029//860 1030//861 3068//2554
f 3068//2554 1030//861 1031//862
f 1031//862 124//116 1896//1610
f 3071//2557 1896//1610 1897//1611
f 3069//2555 3070//2556 1897//1611
f 3069//2555 1898//1612 272//258
f 3066//2552 3069//2555 1922//1636
f 1920//1634 3063//2549 3066//2552
f 3074//2560 3072//2558 3078//2564
f 3075//2561 3076//2562 3072//2558
f 3077//2563 3078//2564 3072//2558
f 1032//863 3073//2559 1017//849
f 1033//864 3074//2560 3073//2559
f 3073//2559 3078//2564 1018//850
f 125//117 1035//866 3075//2561
f 1035//866 1036//867 3076//2562
f 1034//865 3075//2561 3074//2560
f 123//115 1019//851 3077//2563
f 1019//851 1018//850 3078//2564
f 1037//868 3077//2563 3076//2562
f 3080//2566 3083//2569 3082//2568
f 3080//2566 3081//2567 3084//2570
f 3082//2568 3083//2569 3086//2572
f 3084//2570 3087//2573 3086//2572
f 1127//950 3079//2565 1152//975
f 1126//949 3080//2566 3079//2565
f 1126//949 1125//948 3081//2567
f 1125//948 123//115 1037//868
f 3081//2567 1037//868 1036//867
f 1036//867 1035//866 3087//2573
f 1035//866 125//117 1128//951
f 3087//2573 1128//951 1129//952
f 3085//2571 3086//2572 1129//952
f 1154//977 3085//2571 1130//953
f 1153//976 3082//2568 3085//2571
f 3079//2565 3082//2568 1153//976
f 3089//2575 3092//2578 3091//2577
f 3089//2575 3090//2576 3093//2579
f 3092//2578 3095//2581 3094//2580
f 3093//2579 3096//2582 3095//2581
f 1898//1612 3088//2574 1917//1631
f 1898//1612 1897//1611 3089//2575
f 1897//1611 1896//1610 3090//2576
f 1896//1610 124//116 1044//872
f 1044//872 1045//873 3093//2579
f 1045//873 1046//874 3096//2582
f 3096//2582 1046//874 126//118
f 3096//2582 1899//1613 1900//1614
f 3095//2581 1900//1614 1901//1615
f 3094//2580 1901//1615 273//259
f 3091//2577 3094//2580 1919//1633
f 1917//1631 3088//2574 3091//2577
f 3099//2585 3097//2583 3103//2589
f 3100//2586 3101//2587 3097//2583
f 3102//2588 3103//2589 3097//2583
f 1047//875 3098//2584 1032//863
f 1048//876 3099//2585 3098//2584
f 3098//2584 3103//2589 1033//864
f 127//119 1050//878 3100//2586
f 1050//878 1051//879 3101//2587
f 1049//877 3100//2586 3099//2585
f 125//117 1034//865 3102//2588
f 1034//865 1033//864 3103//2589
f 1052//880 3102//2588 3101//2587
f 3105//2591 3108//2594 3107//2593
f 3105//2591 3106//2592 3109//2595
f 3107//2593 3108//2594 3111//2597
f 3109//2595 3112//2598 3111//2597
f 1130//953 3104//2590 1149//972
f 1129//952 3105//2591 3104//2590
f 1129//952 1128//951 3106//2592
f 1128//951 125//117 1052//880
f 3106//2592 1052//880 1051//879
f 1051//879 1050//878 3112//2598
f 1050//878 127//119 1131//954
f 3112//2598 1131//954 1132//955
f 3110//2596 3111//2597 1132//955
f 1151//974 3110//2596 1133//956
f 3107//2593 3110//2596 1151//974
f 3104//2590 3107//2593 1150//973
f 3113//2599 3114//2600 3117//2603
f 3114//2600 3115//2601 3118//2604
f 3117//2603 3120//2606 3119//2605
f 3118//2604 3121//2607 3120//2606
f 273//259 1901//1615 3113//2599
f 1901//1615 1900//1614 3114//2600
f 1900//1614 1899//1613 3115//2601
f 1899//1613 126//118 1059//885
f 1059//885 1060//886 3118//2604
f 3118//2604 1060//886 1061//887
f 1061//887 128//120 1902//1616
f 3120//2606 3121//2607 1902//1616
f 3120//2606 1903//1617 1904//1618
f 3119//2605 1904//1618 274//260
f 3116//2602 3119//2605 1916//1630
f 1914//1628 3113//2599 3116//2602
f 3124//2610 3122//2608 3128//2614
f 3125//2611 3126//2612 3122//2608
f 3127//2613 3128//2614 3122//2608
f 1062//888 3123//2609 1047//875
f 1063//889 3124//2610 3123//2609
f 3123//2609 3128//2614 1048//876
f 129//121 1065//891 3125//2611
f 1065//891 1066//892 3126//2612
f 1064//890 3125//2611 3124//2610
f 127//119 1049//877 3127//2613
f 1049//877 1048//876 3128//2614
f 1067//893 3127//2613 3126//2612
f 3130//2616 3133//2619 3132//2618
f 3130//2616 3131//2617 3134//2620
f 3132//2618 3133//2619 3136//2622
f 3134//2620 3137//2623 3136//2622
f 1133//956 3129//2615 1146//969
f 1132//955 3130//2616 3129//2615
f 1132//955 1131//954 3131//2617
f 1131//954 127//119 1067//893
f 3131//2617 1067//893 1066//892
f 1066//892 1065//891 3137//2623
f 1065//891 129//121 1134//957
f 3137//2623 1134//957 1135//958
f 3135//2621 3136//2622 1135//958
f 1148//971 3135//2621 1136//959
f 1147//970 3132//2618 3135//2621
f 3129//2615 3132//2618 1147//970
f 3138//2624 3139//2625 3142//2628
f 3139//2625 3140//2626 3143//2629
f 3142//2628 3145//2631 3144//2630
f 3143//2629 3146//2632 3145//2631
f 274//260 1904//1618 3138//2624
f 1904//1618 1903//1617 3139//2625
f 1903//1617 1902//1616 3140//2626
f 1902//1616 128//120 1074//897
f 3140//2626 1074//897 1075//898
f 1075//898 1076//899 3146//2632
f 1076//899 130//122 1905//1619
f 3145//2631 3146//2632 1905//1619
f 3145//2631 1906//1620 1907//1621
f 3144//2630 1907//1621 275//261
f 3141//2627 3144//2630 1913//1627
f 1911//1625 3138//2624 3141//2627
f 3149//2635 3147//2633 3153//2639
f 3150//2636 3151//2637 3147//2633
f 3152//2638 3153//2639 3147//2633
f 1077//900 3148//2634 1062//888
f 1078//901 3149//2635 3148//2634
f 3148//2634 3153//2639 1063//889
f 131//123 1080//903 3150//2636
f 1080//903 1081//904 3151//2637
f 1079//902 3150//2636 3149//2635
f 129//121 1064//890 3152//2638
f 1064//890 1063//889 3153//2639
f 1082//905 3152//2638 3151//2637
f 3155//2641 3158//2644 3157//2643
f 3155//2641 3156//2642 3159//2645
f 3157//2643 3158//2644 3161//2647
f 3159//2645 3162//2648 3161//2647
f 1136//959 3154//2640 1143//966
f 1135//958 3155//2641 3154//2640
f 1135//958 1134//957 3156//2642
f 1134//957 129//121 1082//905
f 3156//2642 1082//905 1081//904
f 1081//904 1080//903 3162//2648
f 1080//903 131//123 1137//960
f 3162//2648 1137//960 1138//961
f 3160//2646 3161//2647 1138//961
f 1145//968 3160//2646 1139//962
f 1144//967 3157//2643 3160//2646
f 3154//2640 3157//2643 1144//967
f 3163//2649 3164//2650 3167//2653
f 3164//2650 3165//2651 3168//2654
f 3166//2652 3167//2653 3170//2656
f 3168//2654 3171//2657 3170//2656
f 275//261 1907//1621 3163//2649
f 1907//1621 1906//1620 3164//2650
f 1906//1620 1905//1619 3165//2651
f 130//122 1086//909 3165//2651
f 1086//909 1087//910 3168//2654
f 1087//910 1088//911 3171//2657
f 3171//2657 1088//911 100//92
f 3171//2657 857//710 856//709
f 3169//2655 3170//2656 856//709
f 3169//2655 855//708 260//246
f 3166//2652 3169//2655 1910//1624
f 1908//1622 3163//2649 3166//2652
f 3174//2660 3172//2658 3178//2664
f 3175//2661 3176//2662 3172//2658
f 3177//2663 3178//2664 3172//2658
f 863//716 3173//2659 1077//900
f 862//715 3174//2660 3173//2659
f 3173//2659 3178//2664 1078//901
f 101//93 1089//912 3175//2661
f 1089//912 1090//913 3176//2662
f 861//714 3175//2661 3174//2660
f 131//123 1079//902 3177//2663
f 1079//902 1078//901 3178//2664
f 1091//914 3177//2663 3176//2662
f 3180//2666 3183//2669 3182//2668
f 3180//2666 3181//2667 3184//2670
f 3182//2668 3183//2669 3186//2672
f 3184//2670 3187//2673 3186//2672
f 147//139 1139//962 3179//2665
f 1138//961 3180//2666 3179//2665
f 1138//961 1137//960 3181//2667
f 1137//960 131//123 1091//914
f 3181//2667 1091//914 1090//913
f 1090//913 1089//912 3187//2673
f 1089//912 101//93 872//725
f 3187//2673 872//725 871//724
f 3185//2671 3186//2672 871//724
f 1142//965 3185//2671 870//723
f 1141//964 3182//2668 3185//2671
f 3179//2665 3182//2668 1141//964
f 3189//2675 3192//2678 3191//2677
f 3190//2676 3193//2679 3192//2678
f 3191//2677 3192//2678 3195//2681
f 3193//2679 3196//2682 3195//2681
f 1331//1140 3188//2674 1425//1234
f 1330//1139 3189//2675 3188//2674
f 1330//1139 1329//1138 3190//2676
f 147//139 1140//963 3190//2676
f 1140//963 1141//964 3193//2679
f 1141//964 1142//965 3196//2682
f 1142//965 132//124 1094//917
f 3195//2681 3196//2682 1094//917
f 3195//2681 1093//916 1092//915
f 3194//2680 1092//915 180//172
f 3191//2677 3194//2680 1427//1236
f 1425//1234 3188//2674 3191//2677
f 3198//2684 3201//2687 3200//2686
f 3198//2684 3199//2685 3202//2688
f 3200//2686 3201//2687 3204//2690
f 3201//2687 3202//2688 3205//2691
f 178//170 1328//1137 3197//2683
f 1328//1137 1327//1136 3198//2684
f 1327//1136 1326//1135 3199//2685
f 1326//1135 146//138 1143//966
f 1143//966 1144//967 3202//2688
f 3202//2688 1144//967 1145//968
f 1145//968 147//139 1329//1138
f 3205//2691 1329//1138 1330//1139
f 3204//2690 1330//1139 1331//1140
f 3203//2689 1331//1140 179//171
f 1423//1232 3200//2686 3203//2689
f 1422//1231 3197//2683 3200//2686
f 3206//2692 3207//2693 3210//2696
f 3207//2693 3208//2694 3211//2697
f 3209//2695 3210//2696 3213//2699
f 3211//2697 3214//2700 3213//2699
f 177//169 1325//1134 3206//2692
f 1324//1133 3207//2693 3206//2692
f 1323//1132 3208//2694 3207//2693
f 1323//1132 145//137 1146//969
f 3208//2694 1146//969 1147//970
f 3211//2697 1147//970 1148//971
f 3214//2700 1148//971 146//138
f 3213//2699 3214//2700 1326//1135
f 3213//2699 1327//1136 1328//1137
f 1421//1230 3212//2698 1328//1137
f 1420//1229 3209//2695 3212//2698
f 1419//1228 3206//2692 3209//2695
f 3215//2701 3216//2702 3219//2705
f 3217//2703 3220//2706 3219//2705
f 3218//2704 3219//2705 3222//2708
f 3220//2706 3223//2709 3222//2708
f 176//168 1322//1131 3215//2701
f 1321//1130 3216//2702 3215//2701
f 1320//1129 3217//2703 3216//2702
f 1320//1129 144//136 1149//972
f 1149//972 1150//973 3220//2706
f 1150//973 1151//974 3223//2709
f 1151//974 145//137 1323//1132
f 3222//2708 3223//2709 1323//1132
f 3221//2707 3222//2708 1324//1133
f 3221//2707 1325//1134 177//169
f 1417//1226 3218//2704 3221//2707
f 1416//1225 3215//2701 3218//2704
f 3225//2711 3228//2714 3227//2713
f 3226//2712 3229//2715 3228//2714
f 3227//2713 3228//2714 3231//2717
f 3228//2714 3229//2715 3232//2718
f 175//167 1319//1128 3224//2710
f 1318//1127 3225//2711 3224//2710
f 1317//1126 3226//2712 3225//2711
f 143//135 1152//975 3226//2712
f 3226//2712 1152//975 1153//976
f 3229//2715 1153//976 1154//977
f 1154//977 144//136 1320//1129
f 3231//2717 3232//2718 1320//1129
f 3230//2716 3231//2717 1321//1130
f 3230//2716 1322//1131 176//168
f 3227//2713 3230//2716 1415//1224
f 3224//2710 3227//2713 1414//1223
f 3234//2720 3237//2723 3236//2722
f 3235//2721 3238//2724 3237//2723
f 3237//2723 3240//2726 3239//2725
f 3238//2724 3241//2727 3240//2726
f 174//166 1316//1125 3233//2719
f 1315//1124 3234//2720 3233//2719
f 1315//1124 1314//1123 3235//2721
f 142//134 1155//978 3235//2721
f 3235//2721 1155//978 1156//979
f 3238//2724 1156//979 1157//980
f 3241//2727 1157//980 143//135
f 3240//2726 3241//2727 1317//1126
f 3239//2725 3240//2726 1318//1127
f 3239//2725 1319//1128 175//167
f 1411//1220 3236//2722 3239//2725
f 1410//1219 3233//2719 3236//2722
f 3242//2728 3243//2729 3246//2732
f 3244//2730 3247//2733 3246//2732
f 3245//2731 3246//2732 3249//2735
f 3246//2732 3247//2733 3250//2736
f 173//165 1313//1122 3242//2728
f 1313//1122 1312//1121 3243//2729
f 1312//1121 1311//1120 3244//2730
f 141//133 1158//981 3244//2730
f 1158//981 1159//982 3247//2733
f 3247//2733 1159//982 1160//983
f 1160//983 142//134 1314//1123
f 3249//2735 3250//2736 1314//1123
f 3249//2735 1315//1124 1316//1125
f 3248//2734 1316//1125 174//166
f 3245//2731 3248//2734 1409//1218
f 1407//1216 3242//2728 3245//2731
f 3251//2737 3252//2738 3255//2741
f 3253//2739 3256//2742 3255//2741
f 3254//2740 3255//2741 3258//2744
f 3255//2741 3256//2742 3259//2745
f 172//164 1310//1119 3251//2737
f 1310//1119 1309//1118 3252//2738
f 1309//1118 1308//1117 3253//2739
f 1308//1117 140//132 1161//984
f 1161//984 1162//985 3256//2742
f 3256//2742 1162//985 1163//986
f 1163//986 141//133 1311//1120
f 3259//2745 1311//1120 1312//1121
f 3257//2743 3258//2744 1312//1121
f 3257//2743 1313//1122 173//165
f 3254//2740 3257//2743 1406//1215
f 1404//1213 3251//2737 3254//2740
f 3261//2747 3264//2750 3263//2749
f 3262//2748 3265//2751 3264//2750
f 3263//2749 3264//2750 3267//2753
f 3264//2750 3265//2751 3268//2754
f 1307//1116 3260//2746 1401//1210
f 1307//1116 1306//1115 3261//2747
f 1306//1115 1305//1114 3262//2748
f 139//131 1164//987 3262//2748
f 1164//987 1165//988 3265//2751
f 1165//988 1166//989 3268//2754
f 1166//989 140//132 1308//1117
f 3267//2753 3268//2754 1308//1117
f 3267//2753 1309//1118 1310//1119
f 1403//1212 3266//2752 1310//1119
f 1402//1211 3263//2749 3266//2752
f 1401//1210 3260//2746 3263//2749
f 3269//2755 3270//2756 3273//2759
f 3271//2757 3274//2760 3273//2759
f 3273//2759 3276//2762 3275//2761
f 3274//2760 3277//2763 3276//2762
f 1304//1113 3269//2755 1398//1207
f 1304//1113 1303//1112 3270//2756
f 1302//1111 3271//2757 3270//2756
f 138//130 1167//990 3271//2757
f 3271//2757 1167//990 1168//991
f 3274//2760 1168//991 1169//992
f 3277//2763 1169//992 139//131
f 3277//2763 1305//1114 1306//1115
f 3275//2761 3276//2762 1306//1115
f 3275//2761 1307//1116 171//163
f 3272//2758 3275//2761 1400//1209
f 3269//2755 3272//2758 1399//1208
f 3278//2764 3279//2765 3282//2768
f 3279//2765 3280//2766 3283//2769
f 3281//2767 3282//2768 3285//2771
f 3283//2769 3286//2772 3285//2771
f 169//161 1301//1110 3278//2764
f 1301//1110 1300//1109 3279//2765
f 1300//1109 1299//1108 3280//2766
f 137//129 1170//993 3280//2766
f 1170//993 1171//994 3283//2769
f 1171//994 1172//995 3286//2772
f 1172//995 138//130 1302//1111
f 3286//2772 1302//1111 1303//1112
f 3285//2771 1303//1112 1304//1113
f 1397//1206 3284//2770 1304//1113
f 3281//2767 3284//2770 1397//1206
f 1395//1204 3278//2764 3281//2767
f 3287//2773 3288//2774 3291//2777
f 3289//2775 3292//2778 3291//2777
f 3290//2776 3291//2777 3294//2780
f 3292//2778 3295//2781 3294//2780
f 1298//1107 3287//2773 1392//1201
f 1298//1107 1297//1106 3288//2774
f 1297//1106 1296//1105 3289//2775
f 136//128 1173//996 3289//2775
f 3289//2775 1173//996 1174//997
f 3292//2778 1174//997 1175//998
f 1175//998 137//129 1299//1108
f 3295//2781 1299//1108 1300//1109
f 3294//2780 1300//1109 1301//1110
f 3293//2779 1301//1110 169//161
f 1393//1202 3290//2776 3293//2779
f 3287//2773 3290//2776 1393//1202
f 3297//2783 3300//2786 3299//2785
f 3297//2783 3298//2784 3301//2787
f 3299//2785 3300//2786 3303//2789
f 3301//2787 3304//2790 3303//2789
f 167//159 1295//1104 3296//2782
f 1295//1104 1294//1103 3297//2783
f 1294//1103 1293//1102 3298//2784
f 1293//1102 135//127 1176//999
f 1176//999 1177//1000 3301//2787
f 1177//1000 1178//1001 3304//2790
f 3304//2790 1178//1001 136//128
f 3304//2790 1296//1105 1297//1106
f 3302//2788 3303//2789 1297//1106
f 1391//1200 3302//2788 1298//1107
f 3299//2785 3302//2788 1391//1200
f 3296//2782 3299//2785 1390//1199
f 3306//2792 3309//2795 3308//2794
f 3306//2792 3307//2793 3310//2796
f 3308//2794 3309//2795 3312//2798
f 3310//2796 3313//2799 3312//2798
f 166//158 1292//1101 3305//2791
f 1291//1100 3306//2792 3305//2791
f 1291//1100 1290//1099 3307//2793
f 134//126 1179//1002 3307//2793
f 3307//2793 1179//1002 1180//1003
f 1180//1003 1181//1004 3313//2799
f 1181//1004 135//127 1293//1102
f 3313//2799 1293//1102 1294//1103
f 3312//2798 1294//1103 1295//1104
f 1388//1197 3311//2797 1295//1104
f 3308//2794 3311//2797 1388//1197
f 3305//2791 3308//2794 1387//1196
f 3314//2800 3315//2801 3318//2804
f 3315//2801 3316//2802 3319//2805
f 3318//2804 3321//2807 3320//2806
f 3319//2805 3322//2808 3321//2807
f 165//157 1289//1098 3314//2800
f 1289//1098 1288//1097 3315//2801
f 1287//1096 3316//2802 3315//2801
f 133//125 1182//1005 3316//2802
f 1182//1005 1183//1006 3319//2805
f 1183//1006 1184//1007 3322//2808
f 3322//2808 1184//1007 134//126
f 3321//2807 3322//2808 1290//1099
f 3321//2807 1291//1100 1292//1101
f 1385//1194 3320//2806 1292//1101
f 3317//2803 3320//2806 1385//1194
f 3314//2800 3317//2803 1384//1193
f 3323//2809 3324//2810 3327//2813
f 3324//2810 3325//2811 3328//2814
f 3326//2812 3327//2813 3330//2816
f 3328//2814 3331//2817 3330//2816
f 180//172 1092//915 3323//2809
f 1093//916 3324//2810 3323//2809
f 1093//916 1094//917 3325//2811
f 1094//917 132//124 1185//1008
f 1185//1008 1186//1009 3328//2814
f 3328//2814 1186//1009 1187//1010
f 1187//1010 133//125 1287//1096
f 3331//2817 1287//1096 1288//1097
f 3330//2816 1288//1097 1289//1098
f 3329//2815 1289//1098 165//157
f 3326//2812 3329//2815 1382//1191
f 3323//2809 3326//2812 1381//1190
f 3332//2818 3333//2819 3336//2822
f 3334//2820 3337//2823 3336//2822
f 3335//2821 3336//2822 3339//2825
f 3337//2823 3340//2826 3339//2825
f 100//92 1233//1042 3332//2818
f 1234//1043 3333//2819 3332//2818
f 1234//1043 1235//1044 3334//2820
f 163//155 1236//1045 3334//2820
f 3334//2820 1236//1045 1237//1046
f 3337//2823 1237//1046 1238//1047
f 3340//2826 1238//1047 148//140
f 3340//2826 873//726 874//727
f 3338//2824 3339//2825 874//727
f 3338//2824 875//728 102//94
f 859//712 3335//2821 3338//2824
f 3332//2818 3335//2821 859//712
f 3341//2827 3342//2828 3345//2831
f 3343//2829 3346//2832 3345//2831
f 3344//2830 3345//2831 3348//2834
f 3345//2831 3346//2832 3349//2835
f 875//728 3341//2827 879//730
f 874//727 3342//2828 3341//2827
f 874//727 873//726 3343//2829
f 148//140 1239//1048 3343//2829
f 1239//1048 1240//1049 3346//2832
f 3346//2832 1240//1049 1241//1050
f 3349//2835 1241//1050 149//141
f 3348//2834 3349//2835 888//739
f 3348//2834 889//740 890//741
f 881//732 3347//2833 890//741
f 880//731 3344//2830 3347//2833
f 879//730 3341//2827 3344//2830
f 3350//2836 3351//2837 3354//2840
f 3351//2837 3352//2838 3355//2841
f 3353//2839 3354//2840 3357//2843
f 3355//2841 3358//2844 3357//2843
f 890//741 3350//2836 894//743
f 889//740 3351//2837 3350//2836
f 888//739 3352//2838 3351//2837
f 149//141 1242//1051 3352//2838
f 1242//1051 1243//1052 3355//2841
f 3355//2841 1243//1052 1244//1053
f 3358//2844 1244//1053 150//142
f 3358//2844 903//752 904//753
f 3357//2843 904//753 905//754
f 896//745 3356//2842 905//754
f 895//744 3353//2839 3356//2842
f 894//743 3350//2836 3353//2839
f 3360//2846 3363//2849 3362//2848
f 3360//2846 3361//2847 3364//2850
f 3362//2848 3363//2849 3366//2852
f 3363//2849 3364//2850 3367//2853
f 106//98 905//754 3359//2845
f 905//754 904//753 3360//2846
f 904//753 903//752 3361//2847
f 903//752 150//142 1245//1054
f 1245//1054 1246//1055 3364//2850
f 3364//2850 1246//1055 1247//1056
f 3367//2853 1247//1056 151//143
f 3366//2852 3367//2853 918//766
f 3366//2852 919//767 920//768
f 3365//2851 920//768 108//100
f 3362//2848 3365//2851 911//759
f 909//757 3359//2845 3362//2848
f 3368//2854 3369//2855 3372//2858
f 3369//2855 3370//2856 3373//2859
f 3372//2858 3375//2861 3374//2860
f 3372//2858 3373//2859 3376//2862
f 920//768 3368//2854 924//769
f 919//767 3369//2855 3368//2854
f 918//766 3370//2856 3369//2855
f 918//766 151//143 1248//1057
f 1248//1057 1249//1058 3373//2859
f 3373//2859 1249//1058 1250//1059
f 1250//1059 152//144 933//778
f 3375//2861 3376//2862 933//778
f 3375//2861 934//779 935//780
f 926//771 3374//2860 935//780
f 925//770 3371//2857 3374//2860
f 3368//2854 3371//2857 925//770
f 3377//2863 3378//2864 3381//2867
f 3378//2864 3379//2865 3382//2868
f 3381//2867 3384//2870 3383//2869
f 3381//2867 3382//2868 3385//2871
f 110//102 935//780 3377//2863
f 934//779 3378//2864 3377//2863
f 933//778 3379//2865 3378//2864
f 152//144 1251//1060 3379//2865
f 1251//1060 1252//1061 3382//2868
f 1252//1061 1253//1062 3385//2871
f 1253//1062 153//145 948//790
f 3385//2871 948//790 949//791
f 3384//2870 949//791 950//792
f 3383//2869 950//792 112//104
f 3380//2866 3383//2869 941//783
f 939//781 3377//2863 3380//2866
f 3387//2873 3390//2876 3389//2875
f 3388//2874 3391//2877 3390//2876
f 3389//2875 3390//2876 3393//2879
f 3390//2876 3391//2877 3394//2880
f 112//104 950//792 3386//2872
f 949//791 3387//2873 3386//2872
f 948//790 3388//2874 3387//2873
f 948//790 153//145 1254//1063
f 1254//1063 1255//1064 3391//2877
f 1255//1064 1256//1065 3394//2880
f 1256//1065 154//146 963//803
f 3393//2879 3394//2880 963//803
f 3392//2878 3393//2879 964//804
f 3392//2878 965//805 114//106
f 955//795 3389//2875 3392//2878
f 3386//2872 3389//2875 955//795
f 3396//2882 3399//2885 3398//2884
f 3396//2882 3397//2883 3400//2886
f 3399//2885 3402//2888 3401//2887
f 3399//2885 3400//2886 3403//2889
f 114//106 965//805 3395//2881
f 965//805 964//804 3396//2882
f 963//803 3397//2883 3396//2882
f 963//803 154//146 1257//1066
f 1257//1066 1258//1067 3400//2886
f 1258//1067 1259//1068 3403//2889
f 3403//2889 1259//1068 155//147
f 3402//2888 3403//2889 978//816
f 3401//2887 3402//2888 979//817
f 971//809 3401//2887 980//818
f 970//808 3398//2884 3401//2887
f 3395//2881 3398//2884 970//808
f 3404//2890 3405//2891 3408//2894
f 3406//2892 3409//2895 3408//2894
f 3408//2894 3411//2897 3410//2896
f 3408//2894 3409//2895 3412//2898
f 980//818 3404//2890 984//820
f 980//818 979//817 3405//2891
f 978//816 3406//2892 3405//2891
f 978//816 155//147 1260//1069
f 1260//1069 1261//1070 3409//2895
f 3409//2895 1261//1070 1262//1071
f 1262//1071 156//148 993//829
f 3412//2898 993//829 994//830
f 3410//2896 3411//2897 994//830
f 986//822 3410//2896 995//831
f 985//821 3407//2893 3410//2896
f 984//820 3404//2890 3407//2893
f 3413//2899 3414//2900 3417//2903
f 3414//2900 3415//2901 3418//2904
f 3416//2902 3417//2903 3420//2906
f 3417//2903 3418//2904 3421//2907
f 995//831 3413//2899 999//834
f 994//830 3414//2900 3413//2899
f 994//830 993//829 3415//2901
f 156//148 1263//1072 3415//2901
f 1263//1072 1264//1073 3418//2904
f 1264//1073 1265//1074 3421//2907
f 3421//2907 1265//1074 157//149
f 3421//2907 1008//843 1009//844
f 3420//2906 1009//844 1010//845
f 1001//836 3419//2905 1010//845
f 3416//2902 3419//2905 1001//836
f 999//834 3413//2899 3416//2902
f 3423//2909 3426//2912 3425//2911
f 3423//2909 3424//2910 3427//2913
f 3425//2911 3426//2912 3429//2915
f 3426//2912 3427//2913 3430//2916
f 120//112 1010//845 3422//2908
f 1009//844 3423//2909 3422//2908
f 1009//844 1008//843 3424//2910
f 157//149 1266//1075 3424//2910
f 1266//1075 1267//1076 3427//2913
f 1267//1076 1268//1077 3430//2916
f 1268//1077 158//150 1023//855
f 3430//2916 1023//855 1024//856
f 3428//2914 3429//2915 1024//856
f 3428//2914 1025//857 122//114
f 3425//2911 3428//2914 1016//848
f 3422//2908 3425//2911 1015//847
f 3432//2918 3435//2921 3434//2920
f 3432//2918 3433//2919 3436//2922
f 3435//2921 3438//2924 3437//2923
f 3435//2921 3436//2922 3439//2925
f 122//114 1025//857 3431//2917
f 1025//857 1024//856 3432//2918
f 1024//856 1023//855 3433//2919
f 158//150 1269//1078 3433//2919
f 3433//2919 1269//1078 1270//1079
f 3436//2922 1270//1079 1271//1080
f 3439//2925 1271//1080 159//151
f 3439//2925 1038//869 1039//870
f 3438//2924 1039//870 1040//871
f 3437//2923 1040//871 124//116
f 3434//2920 3437//2923 1031//862
f 1029//860 3431//2917 3434//2920
f 3441//2927 3444//2930 3443//2929
f 3441//2927 3442//2928 3445//2931
f 3444//2930 3447//2933 3446//2932
f 3445//2931 3448//2934 3447//2933
f 124//116 1040//871 3440//2926
f 1039//870 3441//2927 3440//2926
f 1039//870 1038//869 3442//2928
f 1038//869 159//151 1272//1081
f 3442//2928 1272//1081 1273//1082
f 1273//1082 1274//1083 3448//2934
f 1274//1083 160//152 1053//881
f 3447//2933 3448//2934 1053//881
f 3446//2932 3447//2933 1054//882
f 3446//2932 1055//883 126//118
f 1045//873 3443//2929 3446//2932
f 1044//872 3440//2926 3443//2929
f 3449//2935 3450//2936 3453//2939
f 3450//2936 3451//2937 3454//2940
f 3452//2938 3453//2939 3456//2942
f 3454//2940 3457//2943 3456//2942
f 126//118 1055//883 3449//2935
f 1054//882 3450//2936 3449//2935
f 1053//881 3451//2937 3450//2936
f 1053//881 160//152 1275//1084
f 1275//1084 1276//1085 3454//2940
f 3454//2940 1276//1085 1277//1086
f 3457//2943 1277//1086 161//153
f 3456//2942 3457//2943 1068//894
f 3456//2942 1069//895 1070//896
f 3455//2941 1070//896 128//120
f 3452//2938 3455//2941 1061//887
f 1059//885 3449//2935 3452//2938
f 3459//2945 3462//2948 3461//2947
f 3460//2946 3463//2949 3462//2948
f 3461//2947 3462//2948 3465//2951
f 3462//2948 3463//2949 3466//2952
f 1070//896 3458//2944 1074//897
f 1069//895 3459//2945 3458//2944
f 1069//895 1068//894 3460//2946
f 1068//894 161//153 1278//1087
f 1278//1087 1279//1088 3463//2949
f 3463//2949 1279//1088 1280//1089
f 3466//2952 1280//1089 162//154
f 3465//2951 3466//2952 1083//906
f 3465//2951 1084//907 1085//908
f 3464//2950 1085//908 130//122
f 3461//2947 3464//2950 1076//899
f 1074//897 3458//2944 3461//2947
f 3467//2953 3468//2954 3471//2957
f 3469//2955 3472//2958 3471//2957
f 3470//2956 3471//2957 3474//2960
f 3472//2958 3475//2961 3474//2960
f 130//122 1085//908 3467//2953
f 1084//907 3468//2954 3467//2953
f 1084//907 1083//906 3469//2955
f 162//154 1281//1090 3469//2955
f 1281//1090 1282//1091 3472//2958
f 1282//1091 1283//1092 3475//2961
f 1283//1092 163//155 1235//1044
f 3474//2960 3475//2961 1235//1044
f 3473//2959 3474//2960 1234//1043
f 3473//2959 1233//1042 100//92
f 3470//2956 3473//2959 1088//911
f 1086//909 3467//2953 3470//2956
f 3476//2962 3477//2963 3480//2966
f 3477//2963 3478//2964 3481//2967
f 3480//2966 3483//2969 3482//2968
f 3481//2967 3484//2970 3483//2969
f 211//203 1284//1093 3476//2962
f 1285//1094 3477//2963 3476//2962
f 1286//1095 3478//2964 3477//2963
f 1286//1095 164//156 1332//1141
f 3478//2964 1332//1141 1333//1142
f 1333//1142 1334//1143 3484//2970
f 1334//1143 181//173 1476//1285
f 3484//2970 1476//1285 1477//1286
f 3483//2969 1477//1286 1478//1287
f 1571//1379 3482//2968 1478//1287
f 1570//1378 3479//2965 3482//2968
f 1569//1377 3476//2962 3479//2965
f 3486//2972 3489//2975 3488//2974
f 3487//2973 3490//2976 3489//2975
f 3489//2975 3492//2978 3491//2977
f 3490//2976 3493//2979 3492//2978
f 1478//1287 3485//2971 1566//1374
f 1477//1286 3486//2972 3485//2971
f 1477//1286 1476//1285 3487//2973
f 181//173 1335//1144 3487//2973
f 1335//1144 1336//1145 3490//2976
f 1336//1145 1337//1146 3493//2979
f 1337//1146 182//174 1479//1288
f 3493//2979 1479//1288 1480//1289
f 3491//2977 3492//2978 1480//1289
f 1568//1376 3491//2977 1481//1290
f 1567//1375 3488//2974 3491//2977
f 3485//2971 3488//2974 1567//1375
f 3495//2981 3498//2984 3497//2983
f 3495//2981 3496//2982 3499//2985
f 3497//2983 3498//2984 3501//2987
f 3499//2985 3502//2988 3501//2987
f 197//189 1481//1290 3494//2980
f 1480//1289 3495//2981 3494//2980
f 1480//1289 1479//1288 3496//2982
f 182//174 1338//1147 3496//2982
f 1338//1147 1339//1148 3499//2985
f 3499//2985 1339//1148 1340//1149
f 1340//1149 183//175 1482//1291
f 3502//2988 1482//1291 1483//1292
f 3501//2987 1483//1292 1484//1293
f 3500//2986 1484//1293 198//190
f 1564//1372 3497//2983 3500//2986
f 1563//1371 3494//2980 3497//2983
f 3503//2989 3504//2990 3507//2993
f 3505//2991 3508//2994 3507//2993
f 3507//2993 3510//2996 3509//2995
f 3508//2994 3511//2997 3510//2996
f 1484//1293 3503//2989 1560//1368
f 1484//1293 1483//1292 3504//2990
f 1482//1291 3505//2991 3504//2990
f 1482//1291 183//175 1341//1150
f 1341//1150 1342//1151 3508//2994
f 1342//1151 1343//1152 3511//2997
f 3511//2997 1343//1152 184//176
f 3511//2997 1485//1294 1486//1295
f 3509//2995 3510//2996 1486//1295
f 3509//2995 1487//1296 199//191
f 1561//1369 3506//2992 3509//2995
f 1560//1368 3503//2989 3506//2992
f 3512//2998 3513//2999 3516//3002
f 3514//3000 3517//3003 3516//3002
f 3515//3001 3516//3002 3519//3005
f 3517//3003 3520//3006 3519//3005
f 199//191 1487//1296 3512//2998
f 1486//1295 3513//2999 3512//2998
f 1485//1294 3514//3000 3513//2999
f 1485//1294 184//176 1344//1153
f 3514//3000 1344//1153 1345//1154
f 1345//1154 1346//1155 3520//3006
f 3520//3006 1346//1155 185//177
f 3520//3006 1488//1297 1489//1298
f 3519//3005 1489//1298 1490//1299
f 3518//3004 1490//1299 200//192
f 1558//1366 3515//3001 3518//3004
f 3512//2998 3515//3001 1558//1366
f 3521//3007 3522//3008 3525//3011
f 3522//3008 3523//3009 3526//3012
f 3525//3011 3528//3014 3527//3013
f 3526//3012 3529//3015 3528//3014
f 200//192 1490//1299 3521//3007
f 1489//1298 3522//3008 3521//3007
f 1489//1298 1488//1297 3523//3009
f 1488//1297 185//177 1347//1156
f 1347//1156 1348//1157 3526//3012
f 1348//1157 1349//1158 3529//3015
f 3529//3015 1349//1158 186//178
f 3529//3015 1491//1300 1492//1301
f 3528//3014 1492//1301 1493//1302
f 1556//1364 3527//3013 1493//1302
f 1555//1363 3524//3010 3527//3013
f 1554//1362 3521//3007 3524//3010
f 3530//3016 3531//3017 3534//3020
f 3532//3018 3535//3021 3534//3020
f 3533//3019 3534//3020 3537//3023
f 3535//3021 3538//3024 3537//3023
f 1493//1302 3530//3016 1551//1359
f 1492//1301 3531//3017 3530//3016
f 1491//1300 3532//3018 3531//3017
f 1491//1300 186//178 1350//1159
f 3532//3018 1350//1159 1351//1160
f 1351//1160 1352//1161 3538//3024
f 3538//3024 1352//1161 187//179
f 3538//3024 1494//1303 1495//1304
f 3537//3023 1495//1304 1496//1305
f 1553//1361 3536//3022 1496//1305
f 1552//1360 3533//3019 3536//3022
f 1551//1359 3530//3016 3533//3019
f 3540//3026 3543//3029 3542//3028
f 3540//3026 3541//3027 3544//3030
f 3542//3028 3543//3029 3546//3032
f 3543//3029 3544//3030 3547//3033
f 202//194 1496//1305 3539//3025
f 1495//1304 3540//3026 3539//3025
f 1494//1303 3541//3027 3540//3026
f 1494//1303 187//179 1353//1162
f 3541//3027 1353//1162 1354//1163
f 1354//1163 1355//1164 3547//3033
f 1355//1164 188//180 1497//1306
f 3547//3033 1497//1306 1498//1307
f 3545//3031 3546//3032 1498//1307
f 3545//3031 1499//1308 203//195
f 3542//3028 3545//3031 1550//1358
f 1548//1356 3539//3025 3542//3028
f 3549//3035 3552//3038 3551//3037
f 3549//3035 3550//3036 3553//3039
f 3552//3038 3555//3041 3554//3040
f 3552//3038 3553//3039 3556//3042
f 203//195 1499//1308 3548//3034
f 1499//1308 1498//1307 3549//3035
f 1497//1306 3550//3036 3549//3035
f 1497//1306 188//180 1356//1165
f 3550//3036 1356//1165 1357//1166
f 1357//1166 1358//1167 3556//3042
f 1358//1167 189//181 1500//1309
f 3556//3042 1500//1309 1501//1310
f 3554//3040 3555//3041 1501//1310
f 1547//1355 3554//3040 1502//1311
f 3551//3037 3554//3040 1547//1355
f 1545//1353 3548//3034 3551//3037
f 3557//3043 3558//3044 3561//3047
f 3558//3044 3559//3045 3562//3048
f 3561//3047 3564//3050 3563//3049
f 3561//3047 3562//3048 3565//3051
f 204//196 1502//1311 3557//3043
f 1502//1311 1501//1310 3558//3044
f 1500//1309 3559//3045 3558//3044
f 1500//1309 189//181 1359//1168
f 3559//3045 1359//1168 1360//1169
f 1360//1169 1361//1170 3565//3051
f 1361//1170 190//182 1503//1312
f 3565//3051 1503//1312 1504//1313
f 3564//3050 1504//1313 1505//1314
f 1544//1352 3563//3049 1505//1314
f 3560//3046 3563//3049 1544//1352
f 1542//1350 3557//3043 3560//3046
f 3566//3052 3567//3053 3570//3056
f 3568//3054 3571//3057 3570//3056
f 3569//3055 3570//3056 3573//3059
f 3570//3056 3571//3057 3574//3060
f 1505//1314 3566//3052 1539//1347
f 1504//1313 3567//3053 3566//3052
f 1504//1313 1503//1312 3568//3054
f 190//182 1362//1171 3568//3054
f 3568//3054 1362//1171 1363//1172
f 1363//1172 1364//1173 3574//3060
f 1364//1173 191//183 1506//1315
f 3574//3060 1506//1315 1507//1316
f 3573//3059 1507//1316 1508//1317
f 1541//1349 3572//3058 1508//1317
f 3569//3055 3572//3058 1541//1349
f 3566//3052 3569//3055 1540//1348
f 3575//3061 3576//3062 3579//3065
f 3576//3062 3577//3063 3580//3066
f 3578//3064 3579//3065 3582//3068
f 3579//3065 3580//3066 3583//3069
f 206//198 1508//1317 3575//3061
f 1508//1317 1507//1316 3576//3062
f 1507//1316 1506//1315 3577//3063
f 191//183 1365//1174 3577//3063
f 1365//1174 1366//1175 3580//3066
f 1366//1175 1367//1176 3583//3069
f 3583//3069 1367//1176 192//184
f 3583//3069 1509//1318 1510//1319
f 3581//3067 3582//3068 1510//1319
f 3581//3067 1511//1320 207//199
f 1537//1345 3578//3064 3581//3067
f 3575//3061 3578//3064 1537//1345
f 3585//3071 3588//3074 3587//3073
f 3586//3072 3589//3075 3588//3074
f 3587//3073 3588//3074 3591//3077
f 3588//3074 3589//3075 3592//3078
f 1511//1320 3584//3070 1533//1341
f 1511//1320 1510//1319 3585//3071
f 1509//1318 3586//3072 3585//3071
f 1509//1318 192//184 1368//1177
f 3586//3072 1368//1177 1369//1178
f 1369//1178 1370//1179 3592//3078
f 3592//3078 1370//1179 193//185
f 3592//3078 1512//1321 1513//1322
f 3591//3077 1513//1322 1514//1323
f 1535//1343 3590//3076 1514//1323
f 1534//1342 3587//3073 3590//3076
f 3584//3070 3587//3073 1534//1342
f 3593//3079 3594//3080 3597//3083
f 3595//3081 3598//3084 3597//3083
f 3596//3082 3597//3083 3600//3086
f 3597//3083 3598//3084 3601//3087
f 1514//1323 3593//3079 1530//1338
f 1514//1323 1513//1322 3594//3080
f 1513//1322 1512//1321 3595//3081
f 1512//1321 193//185 1371//1180
f 1371//1180 1372//1181 3598//3084
f 1372//1181 1373//1182 3601//3087
f 1373//1182 194//186 1515//1324
f 3601//3087 1515//1324 1516//1325
f 3600//3086 1516//1325 1517//1326
f 3599//3085 1517//1326 209//201
f 3596//3082 3599//3085 1532//1340
f 3593//3079 3596//3082 1531//1339
f 3602//3088 3603//3089 3606//3092
f 3603//3089 3604//3090 3607//3093
f 3606//3092 3609//3095 3608//3094
f 3607//3093 3610//3096 3609//3095
f 209//201 1517//1326 3602//3088
f 1516//1325 3603//3089 3602//3088
f 1515//1324 3604//3090 3603//3089
f 1515//1324 194//186 1374//1183
f 3604//3090 1374//1183 1375//1184
f 3607//3093 1375//1184 1376//1185
f 1376//1185 195//187 1518//1327
f 3610//3096 1518//1327 1519//1328
f 3609//3095 1519//1328 1520//1329
f 1529//1337 3608//3094 1520//1329
f 3605//3091 3608//3094 1529//1337
f 3602//3088 3605//3091 1528//1336
f 3612//3098 3615//3101 3614//3100
f 3612//3098 3613//3099 3616//3102
f 3615//3101 3618//3104 3617//3103
f 3615//3101 3616//3102 3619//3105
f 210//202 1520//1329 3611//3097
f 1519//1328 3612//3098 3611//3097
f 1519//1328 1518//1327 3613//3099
f 195//187 1377//1186 3613//3099
f 1377//1186 1378//1187 3616//3102
f 3616//3102 1378//1187 1379//1188
f 1379//1188 164//156 1286//1095
f 3618//3104 3619//3105 1286//1095
f 3618//3104 1285//1094 1284//1093
f 1526//1334 3617//3103 1284//1093
f 1525//1333 3614//3100 3617//3103
f 1524//1332 3611//3097 3614//3100
f 3621//3107 3624//3110 3623//3109
f 3621//3107 3622//3108 3625//3111
f 3624//3110 3627//3113 3626//3112
f 3625//3111 3628//3114 3627//3113
f 1763//1568 3620//3106 1715//1520
f 1762//1567 3621//3107 3620//3106
f 1762//1567 1761//1566 3622//3108
f 1761//1566 228//220 1431//1240
f 3622//3108 1431//1240 1432//1241
f 3625//3111 1432//1241 1433//1242
f 3628//3114 1433//1242 181//173
f 3627//3113 3628//3114 1334//1143
f 3626//3112 3627//3113 1333//1142
f 1713//1518 3626//3112 1332//1141
f 3623//3109 3626//3112 1713//1518
f 3620//3106 3623//3109 1714//1519
f 3630//3116 3633//3119 3632//3118
f 3630//3116 3631//3117 3634//3120
f 3633//3119 3636//3122 3635//3121
f 3633//3119 3634//3120 3637//3123
f 1760//1565 3629//3115 1431//1240
f 1759//1564 3630//3116 3629//3115
f 1759//1564 1758//1563 3631//3117
f 1758//1563 229//221 1434//1243
f 3631//3117 1434//1243 1435//1244
f 3634//3120 1435//1244 1436//1245
f 3637//3123 1436//1245 182//174
f 3637//3123 1337//1146 1336//1145
f 3636//3122 1336//1145 1335//1144
f 3635//3121 1335//1144 181//173
f 3632//3118 3635//3121 1433//1242
f 3629//3115 3632//3118 1432//1241
f 3639//3125 3642//3128 3641//3127
f 3639//3125 3640//3126 3643//3129
f 3642//3128 3645//3131 3644//3130
f 3642//3128 3643//3129 3646//3132
f 1757//1562 3638//3124 1434//1243
f 1756//1561 3639//3125 3638//3124
f 1756//1561 1755//1560 3640//3126
f 1755//1560 230//222 1437//1246
f 3640//3126 1437//1246 1438//1247
f 3643//3129 1438//1247 1439//1248
f 3646//3132 1439//1248 183//175
f 3646//3132 1340//1149 1339//1148
f 3645//3131 1339//1148 1338//1147
f 3644//3130 1338//1147 182//174
f 3641//3127 3644//3130 1436//1245
f 3638//3124 3641//3127 1435//1244
f 3648//3134 3651//3137 3650//3136
f 3648//3134 3649//3135 3652//3138
f 3651//3137 3654//3140 3653//3139
f 3651//3137 3652//3138 3655//3141
f 1754//1559 3647//3133 1437//1246
f 1753//1558 3648//3134 3647//3133
f 1753//1558 1752//1557 3649//3135
f 1752//1557 231//223 1440//1249
f 3649//3135 1440//1249 1441//1250
f 1441//1250 1442//1251 3655//3141
f 1442//1251 184//176 1343//1152
f 3654//3140 3655//3141 1343//1152
f 3653//3139 3654//3140 1342//1151
f 3653//3139 1341//1150 183//175
f 3650//3136 3653//3139 1439//1248
f 3647//3133 3650//3136 1438//1247
f 3657//3143 3660//3146 3659//3145
f 3657//3143 3658//3144 3661//3147
f 3660//3146 3663//3149 3662//3148
f 3660//3146 3661//3147 3664//3150
f 1751//1556 3656//3142 1440//1249
f 1750//1555 3657//3143 3656//3142
f 1750//1555 1749//1554 3658//3144
f 1749//1554 232//224 1443//1252
f 3658//3144 1443//1252 1444//1253
f 1444//1253 1445//1254 3664//3150
f 1445//1254 185//177 1346//1155
f 3663//3149 3664//3150 1346//1155
f 3662//3148 3663//3149 1345//1154
f 3662//3148 1344//1153 184//176
f 3659//3145 3662//3148 1442//1251
f 1440//1249 3656//3142 3659//3145
f 3666//3152 3669//3155 3668//3154
f 3666//3152 3667//3153 3670//3156
f 3669//3155 3672//3158 3671//3157
f 3670//3156 3673//3159 3672//3158
f 1748//1553 3665//3151 1443//1252
f 1747//1552 3666//3152 3665//3151
f 1747//1552 1746//1551 3667//3153
f 1746//1551 233//225 1446//1255
f 3667//3153 1446//1255 1447//1256
f 3670//3156 1447//1256 1448//1257
f 3673//3159 1448//1257 186//178
f 3673//3159 1349//1158 1348//1157
f 3671//3157 3672//3158 1348//1157
f 1445//1254 3671//3157 1347//1156
f 3668//3154 3671//3157 1445//1254
f 3665//3151 3668//3154 1444//1253
f 3675//3161 3678//3164 3677//3163
f 3675//3161 3676//3162 3679//3165
f 3678//3164 3681//3167 3680//3166
f 3678//3164 3679//3165 3682//3168
f 1745//1550 3674//3160 1446//1255
f 1744//1549 3675//3161 3674//3160
f 1744//1549 1743//1548 3676//3162
f 1743//1548 234//226 1449//1258
f 3676//3162 1449//1258 1450//1259
f 3679//3165 1450//1259 1451//1260
f 3682//3168 1451//1260 187//179
f 3681//3167 3682//3168 1352//1161
f 3681//3167 1351//1160 1350//1159
f 1448//1257 3680//3166 1350//1159
f 3677//3163 3680//3166 1448//1257
f 3674//3160 3677//3163 1447//1256
f 3684//3170 3687//3173 3686//3172
f 3684//3170 3685//3171 3688//3174
f 3686//3172 3687//3173 3690//3176
f 3687//3173 3688//3174 3691//3177
f 1742//1547 3683//3169 1449//1258
f 1742//1547 1741//1546 3684//3170
f 1741//1546 1740//1545 3685//3171
f 1740//1545 235//227 1452//1261
f 3685//3171 1452//1261 1453//1262
f 3688//3174 1453//1262 1454//1263
f 3691//3177 1454//1263 188//180
f 3691//3177 1355//1164 1354//1163
f 3690//3176 1354//1163 1353//1162
f 3689//3175 1353//1162 187//179
f 3686//3172 3689//3175 1451//1260
f 3683//3169 3686//3172 1450//1259
f 3693//3179 3696//3182 3695//3181
f 3693//3179 3694//3180 3697//3183
f 3695//3181 3696//3182 3699//3185
f 3696//3182 3697//3183 3700//3186
f 1739//1544 3692//3178 1452//1261
f 1738//1543 3693//3179 3692//3178
f 1738//1543 1737//1542 3694//3180
f 1737//1542 236//228 1455//1264
f 3694//3180 1455//1264 1456//1265
f 3697//3183 1456//1265 1457//1266
f 3700//3186 1457//1266 189//181
f 3700//3186 1358//1167 1357//1166
f 3699//3185 1357//1166 1356//1165
f 3698//3184 1356//1165 188//180
f 1453//1262 3695//3181 3698//3184
f 3692//3178 3695//3181 1453//1262
f 3702//3188 3705//3191 3704//3190
f 3702//3188 3703//3189 3706//3192
f 3704//3190 3705//3191 3708//3194
f 3705//3191 3706//3192 3709//3195
f 1736//1541 3701//3187 1455//1264
f 1735//1540 3702//3188 3701//3187
f 1735//1540 1734//1539 3703//3189
f 1734//1539 237//229 1458//1267
f 3703//3189 1458//1267 1459//1268
f 3706//3192 1459//1268 1460//1269
f 1460//1269 190//182 1361//1170
f 3708//3194 3709//3195 1361//1170
f 3708//3194 1360//1169 1359//1168
f 3707//3193 1359//1168 189//181
f 1456//1265 3704//3190 3707//3193
f 3701//3187 3704//3190 1456//1265
f 3711//3197 3714//3200 3713//3199
f 3711//3197 3712//3198 3715//3201
f 3714//3200 3717//3203 3716//3202
f 3714//3200 3715//3201 3718//3204
f 1733//1538 3710//3196 1458//1267
f 1732//1537 3711//3197 3710//3196
f 1732//1537 1731//1536 3712//3198
f 1731//1536 238//230 1461//1270
f 3712//3198 1461//1270 1462//1271
f 3715//3201 1462//1271 1463//1272
f 3718//3204 1463//1272 191//183
f 3717//3203 3718//3204 1364//1173
f 3717//3203 1363//1172 1362//1171
f 3716//3202 1362//1171 190//182
f 1459//1268 3713//3199 3716//3202
f 3710//3196 3713//3199 1459//1268
f 3720//3206 3723//3209 3722//3208
f 3720//3206 3721//3207 3724//3210
f 3722//3208 3723//3209 3726//3212
f 3724//3210 3727//3213 3726//3212
f 1730//1535 3719//3205 1461//1270
f 1729//1534 3720//3206 3719//3205
f 1729//1534 1728//1533 3721//3207
f 1728//1533 239//231 1464//1273
f 3721//3207 1464//1273 1465//1274
f 3724//3210 1465//1274 1466//1275
f 3727//3213 1466//1275 192//184
f 3726//3212 3727//3213 1367//1176
f 3726//3212 1366//1175 1365//1174
f 1463//1272 3725//3211 1365//1174
f 1462//1271 3722//3208 3725//3211
f 3719//3205 3722//3208 1462//1271
f 3729//3215 3732//3218 3731//3217
f 3729//3215 3730//3216 3733//3219
f 3732//3218 3735//3221 3734//3220
f 3733//3219 3736//3222 3735//3221
f 1727//1532 3728//3214 1464//1273
f 1726//1531 3729//3215 3728//3214
f 1726//1531 1725//1530 3730//3216
f 1725//1530 240//232 1467//1276
f 3730//3216 1467//1276 1468//1277
f 1468//1277 1469//1278 3736//3222
f 3736//3222 1469//1278 193//185
f 3735//3221 3736//3222 1370//1179
f 3735//3221 1369//1178 1368//1177
f 3734//3220 1368//1177 192//184
f 3731//3217 3734//3220 1466//1275
f 3728//3214 3731//3217 1465//1274
f 3738//3224 3741//3227 3740//3226
f 3739//3225 3742//3228 3741//3227
f 3740//3226 3741//3227 3744//3230
f 3741//3227 3742//3228 3745//3231
f 1724//1529 3737//3223 1467//1276
f 1723//1528 3738//3224 3737//3223
f 1723//1528 1722//1527 3739//3225
f 1722//1527 241//233 1470//1279
f 3739//3225 1470//1279 1471//1280
f 3742//3228 1471//1280 1472//1281
f 3745//3231 1472//1281 194//186
f 3745//3231 1373//1182 1372//1181
f 3744//3230 1372//1181 1371//1180
f 3743//3229 1371//1180 193//185
f 3740//3226 3743//3229 1469//1278
f 3737//3223 3740//3226 1468//1277
f 3747//3233 3750//3236 3749//3235
f 3747//3233 3748//3234 3751//3237
f 3750//3236 3753//3239 3752//3238
f 3750//3236 3751//3237 3754//3240
f 1721//1526 3746//3232 1470//1279
f 1720//1525 3747//3233 3746//3232
f 1720//1525 1719//1524 3748//3234
f 1719//1524 242//234 1473//1282
f 3748//3234 1473//1282 1474//1283
f 3751//3237 1474//1283 1475//1284
f 1475//1284 195//187 1376//1185
f 3753//3239 3754//3240 1376//1185
f 3753//3239 1375//1184 1374//1183
f 1472//1281 3752//3238 1374//1183
f 3749//3235 3752//3238 1472//1281
f 3746//3232 3749//3235 1471//1280
f 3756//3242 3759//3245 3758//3244
f 3756//3242 3757//3243 3760//3246
f 3759//3245 3762//3248 3761//3247
f 3759//3245 3760//3246 3763//3249
f 1718//1523 3755//3241 1473//1282
f 1717//1522 3756//3242 3755//3241
f 1717//1522 1716//1521 3757//3243
f 1716//1521 243//235 1715//1520
f 3757//3243 1715//1520 1714//1519
f 3760//3246 1714//1519 1713//1518
f 3763//3249 1713//1518 164//156
f 3762//3248 3763//3249 1379//1188
f 3762//3248 1378//1187 1377//1186
f 3761//3247 1377//1186 195//187
f 3758//3244 3761//3247 1475//1284
f 3755//3241 3758//3244 1474//1283
f 3764//3250 3765//3250 3768//3252
f 3765//3250 3766//3251 3769//3252
f 3768//3252 3771//3254 3770//3253
f 3768//3252 3769//3252 3772//3255
f 162//154 1232//1041 3764//3250
f 1231//1041 3765//3250 3764//3250
f 1231//1041 1230//1041 3766//3251
f 210//202 1524//1332 3766//3251
f 3766//3251 1524//1332 1525//1333
f 1525//1333 1526//1334 3772//3255
f 1526//1334 211//203 1523//1330
f 3772//3255 1523//1330 1522//1331
f 3771//3254 1522//1331 1521//1330
f 1283//1092 3770//3253 1521//1330
f 1282//1091 3767//3252 3770//3253
f 1281//1090 3764//3250 3767//3252
f 3774//3257 3777//3259 3776//3259
f 3775//3258 3778//3259 3777//3259
f 3777//3259 3780//3261 3779//3260
f 3777//3259 3778//3259 3781//3261
f 161//153 1229//1040 3773//3256
f 1229//1040 1228//1039 3774//3257
f 1228//1039 1227//1038 3775//3258
f 1227//1038 209//201 1527//1335
f 1527//1335 1528//1336 3778//3259
f 1528//1336 1529//1337 3781//3261
f 1529//1337 210//202 1230//1041
f 3781//3261 1230//1041 1231//1041
f 3780//3261 1231//1041 1232//1041
f 3779//3260 1232//1041 162//154
f 1279//1088 3776//3259 3779//3260
f 3773//3256 3776//3259 1279//1088
f 3782//3262 3783//3263 3786//3265
f 3783//3263 3784//3263 3787//3266
f 3786//3265 3789//3268 3788//3267
f 3787//3266 3790//3268 3789//3268
f 160//152 1226//1037 3782//3262
f 1226//1037 1225//1036 3783//3263
f 1225//1036 1224//1035 3784//3263
f 208//200 1530//1338 3784//3263
f 3784//3263 1530//1338 1531//1339
f 3787//3266 1531//1339 1532//1340
f 3790//3268 1532//1340 209//201
f 3789//3268 3790//3268 1227//1038
f 3788//3267 3789//3268 1228//1039
f 3788//3267 1229//1040 161//153
f 1276//1085 3785//3264 3788//3267
f 1275//1084 3782//3262 3785//3264
f 3792//3269 3795//3272 3794//3271
f 3793//3270 3796//3271 3795//3272
f 3794//3271 3795//3272 3798//3273
f 3796//3271 3799//3274 3798//3273
f 159//151 1223//1034 3791//3269
f 1222//1033 3792//3269 3791//3269
f 1221//1033 3793//3270 3792//3269
f 207//199 1533//1341 3793//3270
f 3793//3270 1533//1341 1534//1342
f 1534//1342 1535//1343 3799//3274
f 1535//1343 208//200 1224//1035
f 3799//3274 1224//1035 1225//1036
f 3797//3273 3798//3273 1225//1036
f 3797//3273 1226//1037 160//152
f 1273//1082 3794//3271 3797//3273
f 3791//3269 3794//3271 1273//1082
f 3801//3276 3804//3277 3803//3277
f 3802//3275 3805//3277 3804//3277
f 3804//3277 3807//3279 3806//3278
f 3804//3277 3805//3277 3808//3278
f 1220//1032 3800//3275 1269//1078
f 1220//1032 1219//1032 3801//3276
f 1219//1032 1218//1032 3802//3275
f 1218//1032 206//198 1536//1344
f 1536//1344 1537//1345 3805//3277
f 3805//3277 1537//1345 1538//1346
f 3808//3278 1538//1346 207//199
f 3808//3278 1221//1033 1222//1033
f 3806//3278 3807//3279 1222//1033
f 1271//1080 3806//3278 1223//1034
f 3803//3277 3806//3278 1271//1080
f 3800//3275 3803//3277 1270//1079
f 3810//3281 3813//3284 3812//3283
f 3811//3282 3814//3283 3813//3284
f 3813//3284 3816//3285 3815//3285
f 3813//3284 3814//3283 3817//3286
f 1217//1031 3809//3280 1266//1075
f 1217//1031 1216//1030 3810//3281
f 1216//1030 1215//1030 3811//3282
f 205//197 1539//1347 3811//3282
f 1539//1347 1540//1348 3814//3283
f 1540//1348 1541//1349 3817//3286
f 3817//3286 1541//1349 206//198
f 3817//3286 1218//1032 1219//1032
f 3816//3285 1219//1032 1220//1032
f 3815//3285 1220//1032 158//150
f 3812//3283 3815//3285 1268//1077
f 3809//3280 3812//3283 1267//1076
f 3819//3288 3822//3290 3821//3289
f 3819//3288 3820//3288 3823//3291
f 3821//3289 3822//3290 3825//3292
f 3822//3290 3823//3291 3826//3293
f 1214//1029 3818//3287 1263//1072
f 1213//1028 3819//3288 3818//3287
f 1212//1027 3820//3288 3819//3288
f 204//196 1542//1350 3820//3288
f 3820//3288 1542//1350 1543//1351
f 3823//3291 1543//1351 1544//1352
f 1544//1352 205//197 1215//1030
f 3826//3293 1215//1030 1216//1030
f 3824//3292 3825//3292 1216//1030
f 1265//1074 3824//3292 1217//1031
f 1264//1073 3821//3289 3824//3292
f 3818//3287 3821//3289 1264//1073
f 3827//3294 3828//3295 3831//3298
f 3828//3295 3829//3296 3832//3298
f 3830//3297 3831//3298 3834//3299
f 3832//3298 3835//3300 3834//3299
f 155//147 1211//1025 3827//3294
f 1210//1026 3828//3295 3827//3294
f 1210//1026 1209//1025 3829//3296
f 203//195 1545//1353 3829//3296
f 3829//3296 1545//1353 1546//1354
f 1546//1354 1547//1355 3835//3300
f 3835//3300 1547//1355 204//196
f 3835//3300 1212//1027 1213//1028
f 3833//3299 3834//3299 1213//1028
f 1262//1071 3833//3299 1214//1029
f 3830//3297 3833//3299 1262//1071
f 1260//1069 3827//3294 3830//3297
f 3836//3301 3837//3302 3840//3305
f 3837//3302 3838//3303 3841//3304
f 3840//3305 3843//3307 3842//3306
f 3841//3304 3844//3308 3843//3307
f 1208//1023 3836//3301 1257//1066
f 1208//1023 1207//1024 3837//3302
f 1207//1024 1206//1023 3838//3303
f 1206//1023 202//194 1548//1356
f 3838//3303 1548//1356 1549//1357
f 1549//1357 1550//1358 3844//3308
f 3844//3308 1550//1358 203//195
f 3843//3307 3844//3308 1209//1025
f 3842//3306 3843//3307 1210//1026
f 1259//1068 3842//3306 1211//1025
f 3839//3304 3842//3306 1259//1068
f 3836//3301 3839//3304 1258//1067
f 3845//3309 3846//3310 3849//3312
f 3846//3310 3847//3309 3850//3313
f 3848//3311 3849//3312 3852//3314
f 3849//3312 3850//3313 3853//3314
f 153//145 1205//1022 3845//3309
f 1204//1021 3846//3310 3845//3309
f 1204//1021 1203//1021 3847//3309
f 201//193 1551//1359 3847//3309
f 3847//3309 1551//1359 1552//1360
f 1552//1360 1553//1361 3853//3314
f 3853//3314 1553//1361 202//194
f 3853//3314 1206//1023 1207//1024
f 3852//3314 1207//1024 1208//1023
f 3851//3314 1208//1023 154//146
f 1255//1064 3848//3311 3851//3314
f 3845//3309 3848//3311 1255//1064
f 3855//3316 3858//3318 3857//3317
f 3856//3315 3859//3319 3858//3318
f 3857//3317 3858//3318 3861//3321
f 3858//3318 3859//3319 3862//3321
f 152//144 1202//1020 3854//3315
f 1202//1020 1201//1019 3855//3316
f 1201//1019 1200//1019 3856//3315
f 1200//1019 200//192 1554//1362
f 3856//3315 1554//1362 1555//1363
f 1555//1363 1556//1364 3862//3321
f 1556//1364 201//193 1203//1021
f 3861//3321 3862//3321 1203//1021
f 3861//3321 1204//1021 1205//1022
f 3860//3320 1205//1022 153//145
f 3857//3317 3860//3320 1253//1062
f 3854//3315 3857//3317 1252//1061
f 3863//3322 3864//3322 3867//3323
f 3864//3322 3865//3322 3868//3323
f 3866//3323 3867//3323 3870//3324
f 3868//3323 3871//3324 3870//3324
f 1199//1018 3863//3322 1248//1057
f 1198//1017 3864//3322 3863//3322
f 1197//1017 3865//3322 3864//3322
f 199//191 1557//1365 3865//3322
f 1557//1365 1558//1366 3868//3323
f 1558//1366 1559//1367 3871//3324
f 1559//1367 200//192 1200//1019
f 3871//3324 1200//1019 1201//1019
f 3870//3324 1201//1019 1202//1020
f 3869//3324 1202//1020 152//144
f 1249//1058 3866//3323 3869//3324
f 3863//3322 3866//3323 1249//1058
f 3873//3325 3876//3326 3875//3326
f 3873//3325 3874//3325 3877//3327
f 3875//3326 3876//3326 3879//3329
f 3877//3327 3880//3330 3879//3329
f 1196//1016 3872//3325 1245//1054
f 1195//1016 3873//3325 3872//3325
f 1194//1015 3874//3325 3873//3325
f 1194//1015 198//190 1560//1368
f 3874//3325 1560//1368 1561//1369
f 1561//1369 1562//1370 3880//3330
f 1562//1370 199//191 1197//1017
f 3879//3329 3880//3330 1197//1017
f 3878//3328 3879//3329 1198//1017
f 1247//1056 3878//3328 1199//1018
f 1246//1055 3875//3326 3878//3328
f 3872//3325 3875//3326 1246//1055
f 3882//3332 3885//3335 3884//3334
f 3882//3332 3883//3333 3886//3335
f 3885//3335 3888//3337 3887//3336
f 3886//3335 3889//3337 3888//3337
f 1193//1014 3881//3331 1242//1051
f 1192//1013 3882//3332 3881//3331
f 1192//1013 1191//1013 3883//3333
f 197//189 1563//1371 3883//3333
f 3883//3333 1563//1371 1564//1372
f 1564//1372 1565//1373 3889//3337
f 3889//3337 1565//1373 198//190
f 3888//3337 3889//3337 1194//1015
f 3887//3336 3888//3337 1195//1016
f 1244//1053 3887//3336 1196//1016
f 1243//1052 3884//3334 3887//3336
f 1242//1051 3881//3331 3884//3334
f 3890//3338 3891//3339 3894//3341
f 3891//3339 3892//3339 3895//3342
f 3893//3340 3894//3341 3897//3344
f 3895//3342 3898//3345 3897//3344
f 1190//1012 3890//3338 1239//1048
f 1189//1012 3891//3339 3890//3338
f 1188//1011 3892//3339 3891//3339
f 196//188 1566//1374 3892//3339
f 1566//1374 1567//1375 3895//3342
f 3895//3342 1567//1375 1568//1376
f 3898//3345 1568//1376 197//189
f 3897//3344 3898//3345 1191//1013
f 3896//3343 3897//3344 1192//1013
f 3896//3343 1193//1014 149//141
f 1240//1049 3893//3340 3896//3343
f 3890//3338 3893//3340 1240//1049
f 3899//3346 3900//3346 3903//3349
f 3900//3346 3901//3347 3904//3349
f 3903//3349 3906//3350 3905//3350
f 3903//3349 3904//3349 3907//3350
f 163//155 1521//1330 3899//3346
f 1521//1330 1522//1331 3900//3346
f 1523//1330 3901//3347 3900//3346
f 211//203 1569//1377 3901//3347
f 3901//3347 1569//1377 1570//1378
f 3904//3349 1570//1378 1571//1379
f 3907//3350 1571//1379 196//188
f 3906//3350 3907//3350 1188//1011
f 3905//3350 3906//3350 1189//1012
f 1238//1047 3905//3350 1190//1012
f 3902//3348 3905//3350 1238//1047
f 1236//1045 3899//3346 3902//3348
f 3909//3352 3912//3355 3911//3354
f 3909//3352 3910//3353 3913//3356
f 3912//3355 3915//3358 3914//3357
f 3912//3355 3913//3356 3916//3359
f 1425//1234 3908//3351 1617//1425
f 1426//1235 3909//3352 3908//3351
f 1426//1235 1427//1236 3910//3353
f 1427//1236 180//172 1430//1239
f 3910//3353 1430//1239 1429//1238
f 3913//3356 1429//1238 1428//1237
f 3916//3359 1428//1237 212//204
f 3915//3358 3916//3359 1620//1428
f 3915//3358 1621//1429 1622//1430
f 3914//3357 1622//1430 227//219
f 3911//3354 3914//3357 1619//1427
f 3908//3351 3911//3354 1618//1426
f 3918//3361 3921//3364 3920//3363
f 3918//3361 3919//3362 3922//3365
f 3921//3364 3924//3367 3923//3366
f 3921//3364 3922//3365 3925//3368
f 178//170 1422//1231 3917//3360
f 1422//1231 1423//1232 3918//3361
f 1423//1232 1424//1233 3919//3362
f 179//171 1617//1425 3919//3362
f 1617//1425 1618//1426 3922//3365
f 3922//3365 1618//1426 1619//1427
f 3925//3368 1619//1427 227//219
f 3924//3367 3925//3368 1623//1431
f 3924//3367 1624//1432 1625//1433
f 3923//3366 1625//1433 226//218
f 3920//3363 3923//3366 1616//1424
f 3917//3360 3920//3363 1615//1423
f 3927//3370 3930//3373 3929//3372
f 3927//3370 3928//3371 3931//3374
f 3930//3373 3933//3376 3932//3375
f 3931//3374 3934//3377 3933//3376
f 177//169 1419//1228 3926//3369
f 1420//1229 3927//3370 3926//3369
f 1420//1229 1421//1230 3928//3371
f 1421//1230 178//170 1614//1422
f 1614//1422 1615//1423 3931//3374
f 3931//3374 1615//1423 1616//1424
f 3934//3377 1616//1424 226//218
f 3933//3376 3934//3377 1626//1434
f 3933//3376 1627//1435 1628//1436
f 3932//3375 1628//1436 225//217
f 3929//3372 3932//3375 1613//1421
f 3926//3369 3929//3372 1612//1420
f 3935//3378 3936//3379 3939//3382
f 3936//3379 3937//3380 3940//3383
f 3939//3382 3942//3385 3941//3384
f 3939//3382 3940//3383 3943//3386
f 1416//1225 3935//3378 1608//1416
f 1417//1226 3936//3379 3935//3378
f 1418//1227 3937//3380 3936//3379
f 1418//1227 177//169 1611//1419
f 3937//3380 1611//1419 1612//1420
f 3940//3383 1612//1420 1613//1421
f 3943//3386 1613//1421 225//217
f 3942//3385 3943//3386 1629//1437
f 3942//3385 1630//1438 1631//1439
f 3941//3384 1631//1439 224//216
f 3938//3381 3941//3384 1610//1418
f 3935//3378 3938//3381 1609//1417
f 3945//3388 3948//3391 3947//3390
f 3946//3389 3949//3392 3948//3391
f 3947//3390 3948//3391 3951//3394
f 3948//3391 3949//3392 3952//3395
f 175//167 1413//1222 3944//3387
f 1414//1223 3945//3388 3944//3387
f 1414//1223 1415//1224 3946//3389
f 176//168 1608//1416 3946//3389
f 1608//1416 1609//1417 3949//3392
f 3949//3392 1609//1417 1610//1418
f 3952//3395 1610//1418 224//216
f 3951//3394 3952//3395 1632//1440
f 3951//3394 1633//1441 1634//1442
f 3950//3393 1634//1442 223//215
f 3947//3390 3950//3393 1607//1415
f 3944//3387 3947//3390 1606//1414
f 3954//3397 3957//3400 3956//3399
f 3955//3398 3958//3401 3957//3400
f 3956//3399 3957//3400 3960//3403
f 3957//3400 3958//3401 3961//3404
f 1410//1219 3953//3396 1602//1410
f 1410//1219 1411//1220 3954//3397
f 1411//1220 1412//1221 3955//3398
f 175//167 1605//1413 3955//3398
f 3955//3398 1605//1413 1606//1414
f 1606//1414 1607//1415 3961//3404
f 3961//3404 1607//1415 223//215
f 3960//3403 3961//3404 1635//1443
f 3960//3403 1636//1444 1637//1445
f 3959//3402 1637//1445 222//214
f 1603//1411 3956//3399 3959//3402
f 3953//3396 3956//3399 1603//1411
f 3963//3406 3966//3409 3965//3408
f 3963//3406 3964//3407 3967//3410
f 3966//3409 3969//3412 3968//3411
f 3967//3410 3970//3413 3969//3412
f 1407//1216 3962//3405 1599//1407
f 1408//1217 3963//3406 3962//3405
f 1408//1217 1409//1218 3964//3407
f 1409//1218 174//166 1602//1410
f 3964//3407 1602//1410 1603//1411
f 3967//3410 1603//1411 1604//1412
f 3970//3413 1604//1412 222//214
f 3969//3412 3970//3413 1638//1446
f 3969//3412 1639//1447 1640//1448
f 3968//3411 1640//1448 221//213
f 3965//3408 3968//3411 1601//1409
f 3962//3405 3965//3408 1600//1408
f 3972//3415 3975//3418 3974//3417
f 3972//3415 3973//3416 3976//3419
f 3975//3418 3978//3421 3977//3420
f 3976//3419 3979//3422 3978//3421
f 172//164 1404//1213 3971//3414
f 1405//1214 3972//3415 3971//3414
f 1405//1214 1406//1215 3973//3416
f 1406//1215 173//165 1599//1407
f 3973//3416 1599//1407 1600//1408
f 3976//3419 1600//1408 1601//1409
f 3979//3422 1601//1409 221//213
f 3978//3421 3979//3422 1641//1449
f 3978//3421 1642//1450 1643//1451
f 3977//3420 1643//1451 220//212
f 3974//3417 3977//3420 1598//1406
f 3971//3414 3974//3417 1597//1405
f 3981//3424 3984//3427 3983//3426
f 3981//3424 3982//3425 3985//3428
f 3984//3427 3987//3430 3986//3429
f 3984//3427 3985//3428 3988//3431
f 1401//1210 3980//3423 1593//1401
f 1402//1211 3981//3424 3980//3423
f 1402//1211 1403//1212 3982//3425
f 1403//1212 172//164 1596//1404
f 1596//1404 1597//1405 3985//3428
f 3985//3428 1597//1405 1598//1406
f 3988//3431 1598//1406 220//212
f 3987//3430 3988//3431 1644//1452
f 3986//3429 3987//3430 1645//1453
f 3986//3429 1646//1454 219//211
f 3983//3426 3986//3429 1595//1403
f 3980//3423 3983//3426 1594//1402
f 3989//3432 3990//3433 3993//3436
f 3990//3433 3991//3434 3994//3437
f 3993//3436 3996//3439 3995//3438
f 3993//3436 3994//3437 3997//3440
f 170//162 1398//1207 3989//3432
f 1398//1207 1399//1208 3990//3433
f 1399//1208 1400//1209 3991//3434
f 1400//1209 171//163 1593//1401
f 3991//3434 1593//1401 1594//1402
f 3994//3437 1594//1402 1595//1403
f 3997//3440 1595//1403 219//211
f 3996//3439 3997//3440 1647//1455
f 3996//3439 1648//1456 1649//1457
f 3995//3438 1649//1457 218//210
f 3992//3435 3995//3438 1592//1400
f 3989//3432 3992//3435 1591//1399
f 3998//3441 3999//3442 4002//3445
f 4000//3443 4003//3446 4002//3445
f 4002//3445 4005//3448 4004//3447
f 4003//3446 4006//3449 4005//3448
f 1395//1204 3998//3441 1587//1395
f 1396//1205 3999//3442 3998//3441
f 1396//1205 1397//1206 4000//3443
f 1397//1206 170//162 1590//1398
f 4000//3443 1590//1398 1591//1399
f 4003//3446 1591//1399 1592//1400
f 4006//3449 1592//1400 218//210
f 4005//3448 4006//3449 1650//1458
f 4005//3448 1651//1459 1652//1460
f 4004//3447 1652//1460 217//209
f 4001//3444 4004//3447 1589//1397
f 1587//1395 3998//3441 4001//3444
f 4008//3451 4011//3454 4010//3453
f 4008//3451 4009//3452 4012//3455
f 4011//3454 4014//3457 4013//3456
f 4011//3454 4012//3455 4015//3458
f 168//160 1392//1201 4007//3450
f 1392//1201 1393//1202 4008//3451
f 1393//1202 1394//1203 4009//3452
f 1394//1203 169//161 1587//1395
f 4009//3452 1587//1395 1588//1396
f 4012//3455 1588//1396 1589//1397
f 4015//3458 1589//1397 217//209
f 4014//3457 4015//3458 1653//1461
f 4014//3457 1654//1462 1655//1463
f 4013//3456 1655//1463 216//208
f 4010//3453 4013//3456 1586//1394
f 4007//3450 4010//3453 1585//1393
f 4017//3460 4020//3463 4019//3462
f 4017//3460 4018//3461 4021//3464
f 4020//3463 4023//3466 4022//3465
f 4020//3463 4021//3464 4024//3467
f 1389//1198 4016//3459 1581//1389
f 1390//1199 4017//3460 4016//3459
f 1390//1199 1391//1200 4018//3461
f 1391//1200 168//160 1584//1392
f 1584//1392 1585//1393 4021//3464
f 4021//3464 1585//1393 1586//1394
f 4024//3467 1586//1394 216//208
f 4023//3466 4024//3467 1656//1464
f 4023//3466 1657//1465 1658//1466
f 4022//3465 1658//1466 215//207
f 4019//3462 4022//3465 1583//1391
f 1581//1389 4016//3459 4019//3462
f 4026//3469 4029//3472 4028//3471
f 4026//3469 4027//3470 4030//3473
f 4029//3472 4032//3475 4031//3474
f 4029//3472 4030//3473 4033//3476
f 1386//1195 4025//3468 1578//1386
f 1386//1195 1387//1196 4026//3469
f 1388//1197 4027//3470 4026//3469
f 167//159 1581//1389 4027//3470
f 4027//3470 1581//1389 1582//1390
f 4030//3473 1582//1390 1583//1391
f 4033//3476 1583//1391 215//207
f 4032//3475 4033//3476 1659//1467
f 4032//3475 1660//1468 1661//1469
f 4031//3474 1661//1469 214//206
f 4028//3471 4031//3474 1580//1388
f 4025//3468 4028//3471 1579//1387
f 4035//3478 4038//3481 4037//3480
f 4035//3478 4036//3479 4039//3482
f 4038//3481 4041//3484 4040//3483
f 4038//3481 4039//3482 4042//3485
f 1383//1192 4034//3477 1575//1383
f 1384//1193 4035//3478 4034//3477
f 1384//1193 1385//1194 4036//3479
f 1385//1194 166//158 1578//1386
f 4036//3479 1578//1386 1579//1387
f 4039//3482 1579//1387 1580//1388
f 4042//3485 1580//1388 214//206
f 4041//3484 4042//3485 1662//1470
f 4041//3484 1663//1471 1664//1472
f 4040//3483 1664//1472 213//205
f 4037//3480 4040//3483 1577//1385
f 4034//3477 4037//3480 1576//1384
f 4043//3486 4044//3487 4047//3490
f 4044//3487 4045//3488 4048//3491
f 4047//3490 4050//3493 4049//3492
f 4047//3490 4048//3491 4051//3494
f 1380//1189 4043//3486 1430//1239
f 1381//1190 4044//3487 4043//3486
f 1382//1191 4045//3488 4044//3487
f 1382//1191 165//157 1575//1383
f 1575//1383 1576//1384 4048//3491
f 4048//3491 1576//1384 1577//1385
f 4051//3494 1577//1385 213//205
f 4050//3493 4051//3494 1665//1473
f 4050//3493 1666//1474 1667//1475
f 4049//3492 1667//1475 212//204
f 4046//3489 4049//3492 1428//1237
f 1430//1239 4043//3486 4046//3489
f 4053//3496 4056//3499 4055//3498
f 4053//3496 4054//3497 4057//3500
f 4056//3499 4059//3501 4058//3495
f 4056//3499 4057//3500 4060//3502
f 1622//1430 4052//3495 1710//1515
f 1621//1429 4053//3496 4052//3495
f 1621//1429 1620//1428 4054//3497
f 1620//1428 212//204 1574//1382
f 4054//3497 1574//1382 1573//1381
f 4057//3500 1573//1381 1572//1380
f 4060//3502 1572//1380 243//235
f 4059//3501 4060//3502 1716//1521
f 4059//3501 1717//1522 1718//1523
f 4058//3495 1718//1523 242//234
f 4055//3498 4058//3495 1712//1517
f 4052//3495 4055//3498 1711//1516
f 4062//3504 4065//3506 4064//3503
f 4062//3504 4063//3505 4066//3507
f 4065//3506 4068//3504 4067//3503
f 4065//3506 4066//3507 4069//3508
f 1625//1433 4061//3503 1707//1512
f 1624//1432 4062//3504 4061//3503
f 1624//1432 1623//1431 4063//3505
f 1623//1431 227//219 1710//1515
f 4063//3505 1710//1515 1711//1516
f 4066//3507 1711//1516 1712//1517
f 4069//3508 1712//1517 242//234
f 4068//3504 4069//3508 1719//1524
f 4068//3504 1720//1525 1721//1526
f 4067//3503 1721//1526 241//233
f 4064//3503 4067//3503 1709//1514
f 4061//3503 4064//3503 1708//1513
f 4071//3510 4074//3510 4073//3512
f 4071//3510 4072//3511 4075//3513
f 4074//3510 4077//3515 4076//3514
f 4074//3510 4075//3513 4078//3516
f 1628//1436 4070//3509 1704//1510
f 1627//1435 4071//3510 4070//3509
f 1627//1435 1626//1434 4072//3511
f 1626//1434 226//218 1707//1512
f 4072//3511 1707//1512 1708//1513
f 4075//3513 1708//1513 1709//1514
f 4078//3516 1709//1514 241//233
f 4077//3515 4078//3516 1722//1527
f 4077//3515 1723//1528 1724//1529
f 4076//3514 1724//1529 240//232
f 4073//3512 4076//3514 1706//1510
f 4070//3509 4073//3512 1705//1511
f 4080//3518 4083//3521 4082//3520
f 4080//3518 4081//3519 4084//3522
f 4083//3521 4086//3524 4085//3523
f 4083//3521 4084//3522 4087//3525
f 1631//1439 4079//3517 1701//1507
f 1630//1438 4080//3518 4079//3517
f 1630//1438 1629//1437 4081//3519
f 1629//1437 225//217 1704//1510
f 4081//3519 1704//1510 1705//1511
f 4084//3522 1705//1511 1706//1510
f 4087//3525 1706//1510 240//232
f 4086//3524 4087//3525 1725//1530
f 4086//3524 1726//1531 1727//1532
f 4085//3523 1727//1532 239//231
f 4082//3520 4085//3523 1703//1509
f 4079//3517 4082//3520 1702//1508
f 4089//3527 4092//3530 4091//3529
f 4089//3527 4090//3528 4093//3531
f 4092//3530 4095//3533 4094//3532
f 4092//3530 4093//3531 4096//3534
f 1634//1442 4088//3526 1698//1504
f 1633//1441 4089//3527 4088//3526
f 1633//1441 1632//1440 4090//3528
f 1632//1440 224//216 1701//1507
f 4090//3528 1701//1507 1702//1508
f 4093//3531 1702//1508 1703//1509
f 4096//3534 1703//1509 239//231
f 4095//3533 4096//3534 1728//1533
f 4095//3533 1729//1534 1730//1535
f 4094//3532 1730//1535 238//230
f 4091//3529 4094//3532 1700//1506
f 4088//3526 4091//3529 1699//1505
f 4098//3536 4101//3539 4100//3538
f 4098//3536 4099//3537 4102//3540
f 4101//3539 4104//3542 4103//3541
f 4101//3539 4102//3540 4105//3543
f 1637//1445 4097//3535 1695//1501
f 1636//1444 4098//3536 4097//3535
f 1636//1444 1635//1443 4099//3537
f 1635//1443 223//215 1698//1504
f 4099//3537 1698//1504 1699//1505
f 4102//3540 1699//1505 1700//1506
f 4105//3543 1700//1506 238//230
f 4104//3542 4105//3543 1731//1536
f 4104//3542 1732//1537 1733//1538
f 4103//3541 1733//1538 237//229
f 4100//3538 4103//3541 1697//1503
f 4097//3535 4100//3538 1696//1502
f 4107//3545 4110//3548 4109//3547
f 4107//3545 4108//3546 4111//3549
f 4110//3548 4113//3548 4112//3550
f 4110//3548 4111//3549 4114//3551
f 1640//1448 4106//3544 1692//1498
f 1639//1447 4107//3545 4106//3544
f 1639//1447 1638//1446 4108//3546
f 1638//1446 222//214 1695//1501
f 4108//3546 1695//1501 1696//1502
f 4111//3549 1696//1502 1697//1503
f 4114//3551 1697//1503 237//229
f 4113//3548 4114//3551 1734//1539
f 4113//3548 1735//1540 1736//1541
f 4112//3550 1736//1541 236//228
f 4109//3547 4112//3550 1694//1500
f 4106//3544 4109//3547 1693//1499
f 4116//3553 4119//3556 4118//3555
f 4116//3553 4117//3554 4120//3554
f 4119//3556 4122//3558 4121//3557
f 4119//3556 4120//3554 4123//3554
f 1643//1451 4115//3552 1689//1496
f 1643//1451 1642//1450 4116//3553
f 1642//1450 1641//1449 4117//3554
f 1641//1449 221//213 1692//1498
f 4117//3554 1692//1498 1693//1499
f 4120//3554 1693//1499 1694//1500
f 4123//3554 1694//1500 236//228
f 4122//3558 4123//3554 1737//1542
f 4122//3558 1738//1543 1739//1544
f 4121//3557 1739//1544 235//227
f 4118//3555 4121//3557 1691//1497
f 4115//3552 4118//3555 1690//1497
f 4124//3559 4125//3560 4128//3563
f 4125//3560 4126//3561 4129//3564
f 4128//3563 4131//3565 4130//3559
f 4128//3563 4129//3564 4132//3561
f 1646//1454 4124//3559 1686//1493
f 1645//1453 4125//3560 4124//3559
f 1645//1453 1644//1452 4126//3561
f 1644//1452 220//212 1689//1496
f 4126//3561 1689//1496 1690//1497
f 4129//3564 1690//1497 1691//1497
f 4132//3561 1691//1497 235//227
f 4131//3565 4132//3561 1740//1545
f 4130//3559 4131//3565 1741//1546
f 4130//3559 1742//1547 234//226
f 4127//3562 4130//3559 1688//1495
f 4124//3559 4127//3562 1687//1494
f 4134//3567 4137//3570 4136//3569
f 4134//3567 4135//3568 4138//3571
f 4137//3570 4140//3573 4139//3572
f 4137//3570 4138//3571 4141//3574
f 1649//1457 4133//3566 1683//1490
f 1648//1456 4134//3567 4133//3566
f 1648//1456 1647//1455 4135//3568
f 1647//1455 219//211 1686//1493
f 4135//3568 1686//1493 1687//1494
f 4138//3571 1687//1494 1688//1495
f 4141//3574 1688//1495 234//226
f 4140//3573 4141//3574 1743//1548
f 4140//3573 1744//1549 1745//1550
f 4139//3572 1745//1550 233//225
f 4136//3569 4139//3572 1685//1492
f 4133//3566 4136//3569 1684//1491
f 4143//3576 4146//3579 4145//3578
f 4143//3576 4144//3577 4147//3580
f 4146//3579 4149//3581 4148//3575
f 4146//3579 4147//3580 4150//3582
f 1652//1460 4142//3575 1680//1487
f 1651//1459 4143//3576 4142//3575
f 1651//1459 1650//1458 4144//3577
f 1650//1458 218//210 1683//1490
f 4144//3577 1683//1490 1684//1491
f 4147//3580 1684//1491 1685//1492
f 4150//3582 1685//1492 233//225
f 4149//3581 4150//3582 1746//1551
f 4149//3581 1747//1552 1748//1553
f 4148//3575 1748//1553 232//224
f 4145//3578 4148//3575 1682//1489
f 4142//3575 4145//3578 1681//1488
f 4152//3584 4155//3587 4154//3586
f 4152//3584 4153//3585 4156//3588
f 4155//3587 4158//3590 4157//3589
f 4155//3587 4156//3588 4159//3588
f 1655//1463 4151//3583 1677//1484
f 1654//1462 4152//3584 4151//3583
f 1654//1462 1653//1461 4153//3585
f 1653//1461 217//209 1680//1487
f 4153//3585 1680//1487 1681//1488
f 4156//3588 1681//1488 1682//1489
f 4159//3588 1682//1489 232//224
f 4158//3590 4159//3588 1749//1554
f 4158//3590 1750//1555 1751//1556
f 4157//3589 1751//1556 231//223
f 4154//3586 4157//3589 1679//1486
f 4151//3583 4154//3586 1678//1485
f 4161//3592 4164//3595 4163//3594
f 4161//3592 4162//3593 4165//3596
f 4164//3595 4167//3598 4166//3597
f 4164//3595 4165//3596 4168//3599
f 1658//1466 4160//3591 1674//1481
f 1657//1465 4161//3592 4160//3591
f 1657//1465 1656//1464 4162//3593
f 1656//1464 216//208 1677//1484
f 4162//3593 1677//1484 1678//1485
f 4165//3596 1678//1485 1679//1486
f 4168//3599 1679//1486 231//223
f 4167//3598 4168//3599 1752//1557
f 4167//3598 1753//1558 1754//1559
f 4166//3597 1754//1559 230//222
f 4163//3594 4166//3597 1676//1483
f 4160//3591 4163//3594 1675//1482
f 4170//3601 4173//3601 4172//3603
f 4170//3601 4171//3602 4174//3604
f 4173//3601 4176//3606 4175//3605
f 4173//3601 4174//3604 4177//3607
f 1661//1469 4169//3600 1671//1479
f 1660//1468 4170//3601 4169//3600
f 1660//1468 1659//1467 4171//3602
f 1659//1467 215//207 1674//1481
f 4171//3602 1674//1481 1675//1482
f 4174//3604 1675//1482 1676//1483
f 4177//3607 1676//1483 230//222
f 4176//3606 4177//3607 1755//1560
f 4176//3606 1756//1561 1757//1562
f 4175//3605 1757//1562 229//221
f 4172//3603 4175//3605 1673//1479
f 4169//3600 4172//3603 1672//1480
f 4179//3609 4182//3612 4181//3611
f 4179//3609 4180//3610 4183//3613
f 4182//3612 4185//3614 4184//3608
f 4182//3612 4183//3613 4186//3615
f 1664//1472 4178//3608 1668//1476
f 1663//1471 4179//3609 4178//3608
f 1663//1471 1662//1470 4180//3610
f 1662//1470 214//206 1671//1479
f 4180//3610 1671//1479 1672//1480
f 4183//3613 1672//1480 1673//1479
f 4186//3615 1673//1479 229//221
f 4185//3614 4186//3615 1758//1563
f 4185//3614 1759//1564 1760//1565
f 4184//3608 1760//1565 228//220
f 4181//3611 4184//3608 1670//1478
f 4178//3608 4181//3611 1669//1477
f 4188//3617 4191//3617 4190//3616
f 4188//3617 4189//3618 4192//3619
f 4191//3617 4194//3621 4193//3620
f 4191//3617 4192//3619 4195//3622
f 1667//1475 4187//3616 1574//1382
f 1666//1474 4188//3617 4187//3616
f 1666//1474 1665//1473 4189//3618
f 1665//1473 213//205 1668//1476
f 4189//3618 1668//1476 1669//1477
f 4192//3619 1669//1477 1670//1478
f 4195//3622 1670//1478 228//220
f 4194//3621 4195//3622 1761//1566
f 4194//3621 1762//1567 1763//1568
f 4193//3620 1763//1568 243//235
f 4190//3616 4193//3620 1572//1380
f 4187//3616 4190//3616 1573//1381
f 4198//242 4196//806 4202//239
f 4199//3623 4200//3624 4196//806
f 4201//832 4202//239 4196//806
f 1073//806 4197//729 1767//1569
f 1072//90 4198//242 4197//729
f 4197//729 4202//239 1768//1570
f 259//238 1812//793 4199//3623
f 1812//793 1813//90 4200//3624
f 1071//884 4199//3623 4198//242
f 245//236 1769//832 4201//832
f 1769//832 1768//1570 4202//239
f 1814//243 4201//832 4200//3624
f 4205//833 4203//756 4209//239
f 4206//3625 4207//1571 4203//756
f 4208//236 4209//239 4203//756
f 1058//239 4204//1575 1073//806
f 1057//884 4205//833 4204//1575
f 4204//1575 4209//239 1072//90
f 258//245 1815//90 4206//3625
f 1815//90 1816//1573 4207//1571
f 1056//793 4206//3625 4205//833
f 259//238 1071//884 4208//236
f 1071//884 1072//90 4209//239
f 1817//242 4208//236 4207//1571
f 4212//756 4210//833 4216//1574
f 4213//3626 4214//237 4210//833
f 4215//245 4216//1574 4210//833
f 1043//806 4211//242 1058//239
f 1042//238 4212//756 4211//242
f 4211//242 4216//1574 1057//884
f 257//90 1818//238 4213//3626
f 1818//238 1819//756 4214//237
f 1041//239 4213//3626 4212//756
f 258//245 1056//793 4215//245
f 1056//793 1057//884 4216//1574
f 1820//241 4215//245 4214//237
f 4219//238 4217//833 4223//756
f 4220//242 4221//819 4217//833
f 4222//806 4223//756 4217//833
f 1028//90 4218//236 1043//806
f 1027//859 4219//238 4218//236
f 4218//236 4223//756 1042//238
f 256//242 1821//242 4220//242
f 1821//242 1822//90 4221//819
f 1026//858 4220//242 4219//238
f 257//90 1041//239 4222//806
f 1041//239 1042//238 4223//756
f 1823//793 4222//806 4221//819
f 4226//3628 4224//3627 4230//1574
f 4227//859 4228//3629 4224//3627
f 4229//1575 4230//1574 4224//3627
f 1013//806 4225//239 1028//90
f 1012//242 4226//3628 4225//239
f 4225//239 4230//1574 1027//859
f 255//244 1824//236 4227//859
f 1824//236 1825//236 4228//3629
f 1011//244 4227//859 4226//3628
f 256//242 1026//858 4229//1575
f 1026//858 1027//859 4230//1574
f 1826//742 4229//1575 4228//3629
f 4233//729 4231//3630 4237//239
f 4234//756 4235//3629 4231//3630
f 4236//242 4237//239 4231//3630
f 998//236 4232//236 1013//806
f 997//833 4233//729 4232//236
f 4232//236 4237//239 1012//242
f 254//243 1827//242 4234//756
f 1827//242 1828//90 4235//3629
f 996//832 4234//756 4233//729
f 255//244 1011//244 4236//242
f 1011//244 1012//242 4237//239
f 1829//793 4236//242 4235//3629
f 4240//806 4238//742 4244//819
f 4241//3631 4242//238 4238//742
f 4243//237 4244//819 4238//742
f 983//819 4239//819 998//236
f 982//756 4240//806 4239//819
f 4239//819 4244//819 997//833
f 253//242 1830//859 4241//3631
f 1830//859 1831//238 4242//238
f 981//244 4241//3631 4240//806
f 254//243 996//832 4243//237
f 996//832 997//833 4244//819
f 1832//806 4243//237 4242//238
f 4247//238 4245//793 4251//3632
f 4248//90 4249//243 4245//793
f 4250//245 4251//3632 4245//793
f 968//90 4246//90 983//819
f 967//242 4247//238 4246//90
f 4246//90 4251//3632 982//756
f 252//90 1833//806 4248//90
f 1833//806 1834//236 4249//243
f 966//806 4248//90 4247//238
f 253//242 981//244 4250//245
f 981//244 982//756 4251//3632
f 1835//90 4250//245 4249//243
f 4254//1573 4252//3633 4258//236
f 4255//90 4256//729 4252//3633
f 4257//238 4258//236 4252//3633
f 953//244 4253//238 968//90
f 952//242 4254//1573 4253//238
f 4253//238 4258//236 967//242
f 251//242 1836//806 4255//90
f 1836//806 1837//239 4256//729
f 951//793 4255//90 4254//1573
f 252//90 966//806 4257//238
f 966//806 967//242 4258//236
f 1838//729 4257//238 4256//729
f 4261//833 4259//3626 4265//237
f 4262//244 4263//729 4259//3626
f 4264//238 4265//237 4259//3626
f 938//238 4260//238 953//244
f 937//242 4261//833 4260//238
f 4260//238 4265//237 952//242
f 250//241 1839//1574 4262//244
f 1839//1574 1840//1571 4263//729
f 936//244 4262//244 4261//833
f 251//242 951//793 4264//238
f 951//793 952//242 4265//237
f 1841//237 4264//238 4263//729
f 4268//1573 4266//756 4272//242
f 4269//90 4270//239 4266//756
f 4271//239 4272//242 4266//756
f 923//239 4267//236 938//238
f 922//239 4268//1573 4267//236
f 4267//236 4272//242 937//242
f 249//240 1842//756 4269//90
f 1842//756 1843//239 4270//239
f 921//236 4269//90 4268//1573
f 250//241 936//244 4271//239
f 936//244 937//242 4272//242
f 1844//245 4271//239 4270//239
f 4275//1572 4273//3634 4279//3636
f 4276//3635 4277//238 4273//3634
f 4278//244 4279//3636 4273//3634
f 908//756 4274//1575 923//239
f 907//237 4275//1572 4274//1575
f 4274//1575 4279//3636 922//239
f 248//239 1845//90 4276//3635
f 1845//90 1846//90 4277//238
f 906//755 4276//3635 4275//1572
f 249//240 921//236 4278//244
f 921//236 922//239 4279//3636
f 1847//242 4278//244 4277//238
f 4282//242 4280//3637 4286//3636
f 4283//244 4284//90 4280//3637
f 4285//240 4286//3636 4280//3637
f 893//729 4281//729 908//756
f 892//241 4282//242 4281//729
f 4281//729 4286//3636 907//237
f 247//238 1848//832 4283//244
f 1848//832 1849//242 4284//90
f 891//742 4283//244 4282//242
f 248//239 906//755 4285//240
f 906//755 907//237 4286//3636
f 1850//1575 4285//240 4284//90
f 4289//3624 4287//3624 4293//3640
f 4290//3639 4291//806 4287//3624
f 4292//3631 4293//3640 4287//3624
f 878//236 4288//3638 893//729
f 877//729 4289//3624 4288//3638
f 4288//3638 4293//3640 892//241
f 246//237 1851//242 4290//3639
f 1851//242 1852//1576 4291//806
f 876//238 4290//3639 4289//3624
f 247//238 891//742 4292//3631
f 891//742 892//241 4293//3640
f 1853//236 4292//3631 4291//806
f 4296//237 4294//742 4300//3634
f 4297//756 4298//3628 4294//742
f 4299//238 4300//3634 4294//742
f 854//236 4295//832 878//236
f 853//237 4296//237 4295//832
f 4295//832 4300//3634 877//729
f 244//90 1854//242 4297//756
f 1854//242 1855//859 4298//3628
f 852//239 4297//756 4296//237
f 246//237 876//238 4299//238
f 876//238 877//729 4300//3634
f 1856//859 4299//238 4298//3628
f 4303//1569 4301//3641 4307//1569
f 4304//242 4305//242 4301//3641
f 4306//756 4307//1569 4301//3641
f 1767//1569 4302//756 854//236
f 1768//1570 4303//1569 4302//756
f 4302//756 4307//1569 853//237
f 245//236 1857//90 4304//242
f 1857//90 1858//237 4305//242
f 1769//832 4304//242 4303//1569
f 244//90 852//239 4306//756
f 852//239 853//237 4307//1569
f 1859//236 4306//756 4305//242
f 4309//242 4312//243 4311//756
f 4310//241 4313//242 4312//243
f 4311//756 4312//243 4315//90
f 4312//243 4313//242 4316//793
f 1811//237 4308//90 1812//793
f 1810//243 4309//242 4308//90
f 1809//236 4310//241 4309//242
f 1809//236 275//261 1908//1622
f 4310//241 1908//1622 1909//1623
f 1909//1623 1910//1624 4316//793
f 1910//1624 260//246 1862//90
f 4315//90 4316//793 1862//90
f 4314//729 4315//90 1861//756
f 1814//243 4314//729 1860//859
f 1813//90 4311//756 4314//729
f 4308//90 4311//756 1813//90
f 4318//242 4321//859 4320//859
f 4319//3642 4322//236 4321//859
f 4320//859 4321//859 4324//859
f 4321//859 4322//236 4325//1574
f 1808//237 4317//242 1815//90
f 1807//90 4318//242 4317//242
f 1806//238 4319//3642 4318//242
f 1806//238 274//260 1911//1625
f 4319//3642 1911//1625 1912//1626
f 1912//1626 1913//1627 4325//1574
f 1913//1627 275//261 1809//236
f 4324//859 4325//1574 1809//236
f 4323//1571 4324//859 1810//243
f 1817//242 4323//1571 1811//237
f 1816//1573 4320//859 4323//1571
f 4317//242 4320//859 1816//1573
f 4327//819 4330//756 4329//1573
f 4328//729 4331//793 4330//756
f 4329//1573 4330//756 4333//3631
f 4330//756 4331//793 4334//742
f 1805//832 4326//238 1818//238
f 1804//242 4327//819 4326//238
f 1803//236 4328//729 4327//819
f 1803//236 273//259 1914//1628
f 4328//729 1914//1628 1915//1629
f 1915//1629 1916//1630 4334//742
f 1916//1630 274//260 1806//238
f 4333//3631 4334//742 1806//238
f 4332//90 4333//3631 1807//90
f 1820//241 4332//90 1808//237
f 1819//756 4329//1573 4332//90
f 4326//238 4329//1573 1819//756
f 4336//806 4339//239 4338//833
f 4337//236 4340//3631 4339//239
f 4338//833 4339//239 4342//3642
f 4339//239 4340//3631 4343//859
f 1802//244 4335//244 1821//242
f 1801//832 4336//806 4335//244
f 1800//242 4337//236 4336//806
f 272//258 1917//1631 4337//236
f 4337//236 1917//1631 1918//1632
f 1918//1632 1919//1633 4343//859
f 1919//1633 273//259 1803//236
f 4342//3642 4343//859 1803//236
f 4341//1573 4342//3642 1804//242
f 1823//793 4341//1573 1805//832
f 1822//90 4338//833 4341//1573
f 4335//244 4338//833 1822//90
f 4345//90 4348//238 4347//793
f 4346//3643 4349//3644 4348//238
f 4347//793 4348//238 4351//238
f 4348//238 4349//3644 4352//3638
f 1799//236 4344//239 1824//236
f 1798//90 4345//90 4344//239
f 1797//239 4346//3643 4345//90
f 1797//239 271//257 1920//1634
f 4346//3643 1920//1634 1921//1635
f 1921//1635 1922//1636 4352//3638
f 1922//1636 272//258 1800//242
f 4351//238 4352//3638 1800//242
f 4350//3644 4351//238 1801//832
f 1826//742 4350//3644 1802//244
f 1825//236 4347//793 4350//3644
f 4344//239 4347//793 1825//236
f 4354//239 4357//90 4356//90
f 4355//832 4358//806 4357//90
f 4356//90 4357//90 4360//236
f 4357//90 4358//806 4361//756
f 1796//832 4353//90 1827//242
f 1795//241 4354//239 4353//90
f 1794//90 4355//832 4354//239
f 1794//90 270//256 1923//1637
f 4355//832 1923//1637 1924//1638
f 1924//1638 1925//1639 4361//756
f 1925//1639 271//257 1797//239
f 4360//236 4361//756 1797//239
f 4359//236 4360//236 1798//90
f 1829//793 4359//236 1799//236
f 1828//90 4356//90 4359//236
f 4353//90 4356//90 1828//90
f 4363//237 4366//241 4365//90
f 4364//242 4367//236 4366//241
f 4365//90 4366//241 4369//729
f 4366//241 4367//236 4370//806
f 1793//239 4362//806 1830//859
f 1792//242 4363//237 4362//806
f 1791//90 4364//242 4363//237
f 1791//90 269//255 1926//1640
f 4364//242 1926//1640 1927//1641
f 4367//236 1927//1641 1928//1642
f 1928//1642 270//256 1794//90
f 4369//729 4370//806 1794//90
f 4368//90 4369//729 1795//241
f 1832//806 4368//90 1796//832
f 1831//238 4365//90 4368//90
f 4362//806 4365//90 1831//238
f 4372//806 4375//756 4374//242
f 4373//90 4376//3630 4375//756
f 4374//242 4375//756 4378//859
f 4375//756 4376//3630 4379//3628
f 1790//859 4371//241 1833//806
f 1789//859 4372//806 4371//241
f 1788//729 4373//90 4372//806
f 1788//729 268//254 1929//1643
f 4373//90 1929//1643 1930//1644
f 1930//1644 1931//1645 4379//3628
f 1931//1645 269//255 1791//90
f 4378//859 4379//3628 1791//90
f 4377//859 4378//859 1792//242
f 1835//90 4377//859 1793//239
f 1834//236 4374//242 4377//859
f 4371//241 4374//242 1834//236
f 4381//245 4384//859 4383//3644
f 4382//238 4385//90 4384//859
f 4383//3644 4384//859 4387//729
f 4384//859 4385//90 4388//238
f 1787//859 4380//237 1836//806
f 1786//756 4381//245 4380//237
f 1785//90 4382//238 4381//245
f 1785//90 267//253 1932//1646
f 1932//1646 1933//1647 4385//90
f 1933//1647 1934//1648 4388//238
f 1934//1648 268//254 1788//729
f 4387//729 4388//238 1788//729
f 4386//239 4387//729 1789//859
f 1838//729 4386//239 1790//859
f 1837//239 4383//3644 4386//239
f 4380//237 4383//3644 1837//239
f 4390//729 4393//806 4392//236
f 4391//819 4394//236 4393//806
f 4392//236 4393//806 4396//806
f 4393//806 4394//236 4397//237
f 1784//1572 4389//819 1839//1574
f 1783//241 4390//729 4389//819
f 1782//90 4391//819 4390//729
f 1782//90 266//252 1935//1649
f 4391//819 1935//1649 1936//1650
f 1936//1650 1937//1651 4397//237
f 1937//1651 267//253 1785//90
f 4396//806 4397//237 1785//90
f 4395//3631 4396//806 1786//756
f 1841//237 4395//3631 1787//859
f 1840//1571 4392//236 4395//3631
f 4389//819 4392//236 1840//1571
f 4399//241 4402//806 4401//859
f 4400//241 4403//236 4402//806
f 4401//859 4402//806 4405//90
f 4402//806 4403//236 4406//793
f 1781//242 4398//242 1842//756
f 1780//1571 4399//241 4398//242
f 1779//806 4400//241 4399//241
f 1779//806 265//251 1938//1652
f 4400//241 1938//1652 1939//1653
f 1939//1653 1940//1654 4406//793
f 1940//1654 266//252 1782//90
f 4405//90 4406//793 1782//90
f 4404//1574 4405//90 1783//241
f 1844//245 4404//1574 1784//1572
f 1843//239 4401//859 4404//1574
f 4398//242 4401//859 1843//239
f 4408//244 4411//238 4410//241
f 4409//90 4412//859 4411//238
f 4410//241 4411//238 4414//729
f 4411//238 4412//859 4415//806
f 1778//819 4407//243 1845//90
f 1777//239 4408//244 4407//243
f 1776//90 4409//90 4408//244
f 1776//90 264//250 1941//1655
f 4409//90 1941//1655 1942//1656
f 1942//1656 1943//1657 4415//806
f 1943//1657 265//251 1779//806
f 4414//729 4415//806 1779//806
f 4413//806 4414//729 1780//1571
f 1847//242 4413//806 1781//242
f 1846//90 4410//241 4413//806
f 4407//243 4410//241 1846//90
f 4417//242 4420//241 4419//242
f 4418//793 4421//1572 4420//241
f 4419//242 4420//241 4423//3632
f 4420//241 4421//1572 4424//859
f 1775//90 4416//3644 1848//832
f 1774//859 4417//242 4416//3644
f 1773//729 4418//793 4417//242
f 1773//729 263//249 1944//1658
f 4418//793 1944//1658 1945//1659
f 1945//1659 1946//1660 4424//859
f 4424//859 1946//1660 264//250
f 4423//3632 4424//859 1776//90
f 4422//1572 4423//3632 1777//239
f 1850//1575 4422//1572 1778//819
f 1849//242 4419//242 4422//1572
f 4416//3644 4419//242 1849//242
f 4426//806 4429//238 4428//858
f 4427//859 4430//859 4429//238
f 4428//858 4429//238 4432//729
f 4429//238 4430//859 4433//90
f 1772//806 4425//729 1851//242
f 1771//90 4426//806 4425//729
f 1770//242 4427//859 4426//806
f 1770//242 262//248 1947//1661
f 1947//1661 1948//1662 4430//859
f 1948//1662 1949//1663 4433//90
f 1949//1663 263//249 1773//729
f 4432//729 4433//90 1773//729
f 4431//239 4432//729 1774//859
f 1853//236 4431//239 1775//90
f 1852//1576 4428//858 4431//239
f 4425//729 4428//858 1852//1576
f 4435//242 4438//1574 4437//90
f 4436//1573 4439//806 4438//1574
f 4437//90 4438//1574 4441//832
f 4438//1574 4439//806 4442//241
f 1766//859 4434//241 1854//242
f 1765//242 4435//242 4434//241
f 1764//729 4436//1573 4435//242
f 1764//729 261//247 1950//1664
f 1950//1664 1951//1665 4439//806
f 1951//1665 1952//1666 4442//241
f 1952//1666 262//248 1770//242
f 4441//832 4442//241 1770//242
f 4440//236 4441//832 1771//90
f 1856//859 4440//236 1772//806
f 1855//859 4437//90 4440//236
f 4434//241 4437//90 1855//859
f 4444//239 4447//238 4446//859
f 4445//1571 4448//242 4447//238
f 4446//859 4447//238 4450//3628
f 4447//238 4448//242 4451//236
f 1860//859 4443//90 1857//90
f 1861//756 4444//239 4443//90
f 1862//90 4445//1571 4444//239
f 1862//90 260//246 1953//1667
f 4445//1571 1953//1667 1954//1668
f 4448//242 1954//1668 1955//1669
f 1955//1669 261//247 1764//729
f 4450//3628 4451//236 1764//729
f 4449//242 4450//3628 1765//242
f 1859//236 4449//242 1766//859
f 1858//237 4446//859 4449//242
f 4443//90 4446//859 1858//237
