# Blender 5.0.1
# www.blender.org
o Floor_Lamp_shade_CHD_Gold
v -3.416924 2.684387 0.745264
v -3.418031 2.684387 0.731727
v -3.421903 2.674033 0.731946
v -3.420791 2.674033 0.745682
v -3.418465 2.684387 0.718139
v -3.422350 2.674033 0.718175
v -3.418239 2.684387 0.704559
v -3.422124 2.674033 0.704395
v -3.417352 2.684387 0.690993
v -3.421213 2.674033 0.690651
v -3.415787 2.684387 0.677495
v -3.419631 2.674033 0.676962
v -3.413567 2.684387 0.664091
v -3.417383 2.674033 0.663364
v -3.410698 2.684387 0.650808
v -3.414475 2.674029 0.649901
v -3.407182 2.684387 0.637682
v -3.410899 2.674029 0.636588
v -3.403008 2.684387 0.624748
v -3.406675 2.674029 0.623469
v -3.398220 2.684387 0.612030
v -3.401821 2.674029 0.610573
v -3.392809 2.684387 0.599567
v -3.396328 2.674033 0.597931
v -3.386793 2.684387 0.587377
v -3.390229 2.674029 0.585572
v -3.380182 2.684387 0.575500
v -3.383534 2.674029 0.573531
v -3.373004 2.684387 0.563970
v -3.376246 2.674033 0.561839
v -3.365267 2.684387 0.552804
v -3.368403 2.674033 0.550511
v -3.356984 2.684387 0.542019
v -3.360008 2.674033 0.539581
v -3.348193 2.684387 0.531664
v -3.351087 2.674033 0.529081
v -3.338905 2.684387 0.521754
v -3.341671 2.674029 0.519023
v -3.329135 2.684387 0.512303
v -3.331765 2.674029 0.509449
v -3.318910 2.684387 0.503345
v -3.321398 2.674033 0.500367
v -3.308265 2.684387 0.494902
v -3.310601 2.674029 0.491799
v -3.297212 2.684387 0.486995
v -3.299394 2.674029 0.483782
v -3.285794 2.684387 0.479626
v -3.287808 2.674029 0.476322
v -3.274019 2.684387 0.472842
v -3.275869 2.674029 0.469427
v -3.261925 2.684387 0.466644
v -3.263617 2.674033 0.463145
v -3.249547 2.684387 0.461040
v -3.251055 2.674033 0.457464
v -3.236911 2.684387 0.456046
v -3.238237 2.674033 0.452404
v -3.224032 2.684387 0.451689
v -3.225194 2.674033 0.447978
v -3.210971 2.684387 0.447967
v -3.211939 2.674033 0.444205
v -3.197731 2.684387 0.444881
v -3.198519 2.674033 0.441084
v -3.184366 2.684387 0.442458
v -3.184960 2.674033 0.438615
v -3.170885 2.684387 0.440689
v -3.171303 2.674033 0.436823
v -3.157348 2.684387 0.439582
v -3.157566 2.674033 0.435711
v -3.143759 2.684387 0.439148
v -3.143795 2.674033 0.435263
v -3.130180 2.684387 0.439374
v -3.130015 2.674033 0.435489
v -3.116613 2.684387 0.440261
v -3.116271 2.674033 0.436401
v -3.103116 2.684387 0.441826
v -3.102582 2.674033 0.437982
v -3.089712 2.684387 0.444046
v -3.088985 2.674033 0.440230
v -3.076428 2.684387 0.446915
v -3.075522 2.674029 0.443138
v -3.063302 2.684387 0.450432
v -3.062208 2.674029 0.446720
v -3.050369 2.684387 0.454606
v -3.049090 2.674029 0.450938
v -3.037650 2.684387 0.459393
v -3.036194 2.674029 0.455792
v -3.025187 2.684387 0.464804
v -3.023551 2.674033 0.461285
v -3.012998 2.684387 0.470821
v -3.011193 2.674029 0.467385
v -3.001120 2.684387 0.477431
v -2.999152 2.674029 0.474079
v -2.989590 2.684387 0.484609
v -2.987459 2.674033 0.481368
v -2.978424 2.684387 0.492346
v -2.976132 2.674033 0.489210
v -2.967640 2.684387 0.500629
v -2.965201 2.674033 0.497605
v -2.957284 2.684387 0.509421
v -2.954702 2.674033 0.506526
v -2.947374 2.684387 0.518709
v -2.944643 2.674029 0.515942
v -2.937923 2.684387 0.528479
v -2.935069 2.674029 0.525848
v -2.928966 2.684387 0.538703
v -2.925988 2.674033 0.536215
v -2.920522 2.684387 0.549348
v -2.917419 2.674029 0.547012
v -2.912616 2.684387 0.560401
v -2.909403 2.674029 0.558219
v -2.905246 2.684387 0.571820
v -2.901943 2.674029 0.569805
v -2.898463 2.684387 0.583594
v -2.895048 2.674029 0.581744
v -2.892264 2.684387 0.595688
v -2.888764 2.674033 0.594001
v -2.886661 2.684387 0.608066
v -2.883085 2.674033 0.606558
v -2.881666 2.684387 0.620703
v -2.878025 2.674033 0.619376
v -2.877310 2.684387 0.633581
v -2.873599 2.674033 0.632419
v -2.873588 2.684387 0.646643
v -2.869825 2.674033 0.645675
v -2.870501 2.684387 0.659883
v -2.866704 2.674033 0.659095
v -2.868078 2.684387 0.673247
v -2.864235 2.674033 0.672653
v -2.866309 2.684387 0.686729
v -2.862443 2.674033 0.686311
v -2.865202 2.684387 0.700265
v -2.861331 2.674033 0.700047
v -2.864769 2.684387 0.713854
v -2.860883 2.674033 0.713818
v -2.864995 2.684387 0.727434
v -2.861110 2.674033 0.727598
v -2.865881 2.684387 0.741000
v -2.862021 2.674033 0.741342
v -2.867447 2.684387 0.754497
v -2.863603 2.674033 0.755031
v -2.869667 2.684387 0.767901
v -2.865850 2.674033 0.768634
v -2.872536 2.684387 0.781185
v -2.868759 2.674029 0.782091
v -2.876052 2.684387 0.794311
v -2.872340 2.674029 0.795405
v -2.880226 2.684387 0.807245
v -2.876559 2.674029 0.808524
v -2.885014 2.684387 0.819963
v -2.881413 2.674029 0.821420
v -2.890425 2.684387 0.832426
v -2.886906 2.674033 0.834062
v -2.896441 2.684387 0.844615
v -2.893005 2.674029 0.846420
v -2.903052 2.684387 0.856493
v -2.899699 2.674029 0.858462
v -2.910230 2.684387 0.868023
v -2.906988 2.674033 0.870154
v -2.917967 2.684387 0.879189
v -2.914830 2.674033 0.881481
v -2.926249 2.684387 0.889973
v -2.923225 2.674033 0.892412
v -2.935041 2.684387 0.900329
v -2.932146 2.674033 0.902912
v -2.944329 2.684387 0.910239
v -2.941562 2.674029 0.912970
v -2.954099 2.684387 0.919690
v -2.951469 2.674029 0.922544
v -2.964324 2.684387 0.928647
v -2.961835 2.674033 0.931625
v -2.974969 2.684387 0.937091
v -2.972632 2.674029 0.940194
v -2.986021 2.684387 0.944997
v -2.983840 2.674029 0.948211
v -2.997440 2.684387 0.952367
v -2.995425 2.674029 0.955676
v -3.009215 2.684387 0.959151
v -3.007365 2.674029 0.962566
v -3.021308 2.684387 0.965349
v -3.019621 2.674033 0.968849
v -3.033686 2.684387 0.970952
v -3.032179 2.674033 0.974529
v -3.046323 2.684387 0.975947
v -3.044997 2.674033 0.979589
v -3.059201 2.684387 0.980304
v -3.058040 2.674033 0.984015
v -3.072263 2.684387 0.984026
v -3.071295 2.674033 0.987788
v -3.085503 2.684387 0.987112
v -3.084715 2.674033 0.990909
v -3.098867 2.684387 0.989535
v -3.098274 2.674033 0.993378
v -3.112349 2.684387 0.991304
v -3.111931 2.674033 0.995170
v -3.125886 2.684387 0.992411
v -3.125668 2.674033 0.996282
v -3.139474 2.684387 0.992845
v -3.139439 2.674033 0.996730
v -3.153054 2.684387 0.992619
v -3.153219 2.674033 0.996503
v -3.166620 2.684387 0.991732
v -3.166962 2.674033 0.995592
v -3.180118 2.684387 0.990167
v -3.180652 2.674033 0.994011
v -3.193522 2.684387 0.987946
v -3.194254 2.674033 0.991764
v -3.206806 2.684387 0.985078
v -3.207712 2.674029 0.988854
v -3.219932 2.684387 0.981561
v -3.221025 2.674029 0.985278
v -3.232865 2.684387 0.977387
v -3.234144 2.674029 0.981055
v -3.245583 2.684387 0.972600
v -3.247040 2.674029 0.976201
v -3.258046 2.684387 0.967189
v -3.259682 2.674033 0.970708
v -3.270236 2.684387 0.961172
v -3.272041 2.674029 0.964608
v -3.282113 2.684387 0.954562
v -3.284082 2.674029 0.957914
v -3.293643 2.684387 0.947384
v -3.295774 2.674033 0.950625
v -3.304810 2.684387 0.939646
v -3.307102 2.674033 0.942783
v -3.315594 2.684387 0.931364
v -3.318033 2.674033 0.934388
v -3.325950 2.684387 0.922572
v -3.328532 2.674033 0.925467
v -3.335859 2.684387 0.913284
v -3.338590 2.674029 0.916051
v -3.345310 2.684387 0.903514
v -3.348164 2.674029 0.906145
v -3.354268 2.684387 0.893290
v -3.357246 2.674033 0.895778
v -3.362711 2.684387 0.882645
v -3.365814 2.674029 0.884981
v -3.370618 2.684387 0.871592
v -3.373831 2.674029 0.873774
v -3.377987 2.684387 0.860173
v -3.381296 2.674029 0.862189
v -3.384771 2.684387 0.848399
v -3.388186 2.674029 0.850248
v -3.390970 2.684387 0.836305
v -3.394469 2.674033 0.837997
v -3.396573 2.684387 0.823927
v -3.400149 2.674033 0.825435
v -3.401567 2.684387 0.811290
v -3.405209 2.674033 0.812617
v -3.405924 2.684387 0.798412
v -3.409635 2.674033 0.799573
v -3.409646 2.684387 0.785350
v -3.413409 2.674033 0.786318
v -3.412733 2.684387 0.772110
v -3.416529 2.674033 0.772898
v -3.415155 2.684387 0.758746
v -3.418998 2.674033 0.759340
v -3.416924 2.684387 0.745264
v -3.420791 2.674033 0.745682
v -2.881917 2.666026 0.606062
v -2.876839 2.666026 0.618931
v -2.872394 2.666026 0.632045
v -2.868601 2.666026 0.645361
v -2.865469 2.666026 0.658832
v -3.497021 2.201900 0.736210
v -3.495610 2.201900 0.753634
v -3.497582 2.201900 0.718760
v -3.497298 2.201900 0.701288
v -3.496144 2.201900 0.683850
v -3.494142 2.201900 0.666495
v -3.491286 2.201900 0.649260
v -3.487597 2.201900 0.632185
v -3.483061 2.201900 0.615304
v -3.477707 2.201900 0.598669
v -3.471551 2.201900 0.582319
v -3.464589 2.201900 0.566295
v -3.456852 2.201900 0.550628
v -3.448362 2.201900 0.535363
v -3.439125 2.201900 0.520527
v -3.429183 2.201900 0.506157
v -3.418542 2.201900 0.492301
v -3.407223 2.201900 0.478989
v -3.395273 2.201900 0.466237
v -3.382715 2.201900 0.454096
v -3.369574 2.201900 0.442579
v -3.355889 2.201900 0.431718
v -3.341680 2.201900 0.421553
v -3.326990 2.201900 0.412089
v -3.311850 2.201900 0.403351
v -3.296305 2.201897 0.395382
v -3.280391 2.201900 0.388176
v -3.264140 2.201900 0.381764
v -3.247589 2.201900 0.376156
v -3.230782 2.201900 0.371368
v -3.213778 2.201900 0.367408
v -3.196580 2.201897 0.364277
v -3.179254 2.201897 0.362003
v -3.161831 2.201897 0.360592
v -3.144380 2.201900 0.360031
v -3.126908 2.201900 0.360321
v -3.109470 2.201897 0.361469
v -3.092115 2.201900 0.363471
v -3.074881 2.201897 0.366327
v -3.057805 2.201900 0.370016
v -3.040925 2.201900 0.374552
v -3.024290 2.201897 0.379906
v -3.007939 2.201900 0.386062
v -2.991915 2.201897 0.393024
v -2.976248 2.201900 0.400761
v -2.960983 2.201897 0.409252
v -2.946147 2.201897 0.418489
v -2.931777 2.201900 0.428430
v -2.917922 2.201900 0.439071
v -2.904610 2.201897 0.450390
v -2.891858 2.201897 0.462341
v -2.879716 2.201900 0.474899
v -2.868200 2.201897 0.488039
v -2.857339 2.201900 0.501724
v -2.847173 2.201897 0.515933
v -2.837709 2.201900 0.530624
v -2.828971 2.201900 0.545763
v -2.821002 2.201897 0.561308
v -2.813797 2.201900 0.577223
v -2.807384 2.201897 0.593473
v -2.801776 2.201900 0.610025
v -2.796989 2.201900 0.626831
v -2.793029 2.201897 0.643836
v -2.789897 2.201897 0.661033
v -2.787624 2.201897 0.678359
v -2.786213 2.201900 0.695782
v -2.785651 2.201900 0.713233
v -2.785941 2.201900 0.730705
v -2.787089 2.201900 0.748143
v -2.789092 2.201900 0.765498
v -2.791948 2.201897 0.782733
v -2.795637 2.201900 0.799808
v -2.800173 2.201900 0.816689
v -2.805527 2.201900 0.833324
v -2.811682 2.201900 0.849674
v -2.818645 2.201900 0.865698
v -2.826382 2.201900 0.881365
v -2.834872 2.201900 0.896630
v -2.844109 2.201900 0.911466
v -2.854050 2.201900 0.925836
v -2.864692 2.201900 0.939692
v -2.876010 2.201900 0.953004
v -2.887961 2.201900 0.965756
v -2.900519 2.201900 0.977897
v -2.913660 2.201900 0.989413
v -2.927345 2.201900 1.000274
v -2.941554 2.201900 1.010440
v -2.956244 2.201900 1.019904
v -2.971383 2.201900 1.028642
v -2.986929 2.201900 1.036611
v -3.002843 2.201900 1.043817
v -3.019094 2.201900 1.050229
v -3.035644 2.201900 1.055842
v -3.052451 2.201900 1.060624
v -3.069456 2.201900 1.064584
v -3.086653 2.201900 1.067716
v -3.103980 2.201900 1.069989
v -3.121403 2.201900 1.071401
v -3.138853 2.201900 1.071962
v -3.156325 2.201900 1.071677
v -3.173764 2.201900 1.070524
v -3.191118 2.201900 1.068521
v -3.208353 2.201900 1.065665
v -3.225428 2.201900 1.061976
v -3.242309 2.201900 1.057440
v -3.258944 2.201900 1.052086
v -3.275295 2.201900 1.045931
v -3.291318 2.201900 1.038968
v -3.306985 2.201900 1.031232
v -3.322251 2.201900 1.022741
v -3.337087 2.201900 1.013504
v -3.351456 2.201900 1.003563
v -3.365312 2.201900 0.992921
v -3.378624 2.201900 0.981603
v -3.391376 2.201900 0.969652
v -3.403517 2.201900 0.957094
v -3.415034 2.201900 0.943954
v -3.425895 2.201900 0.930269
v -3.436060 2.201900 0.916060
v -3.445524 2.201900 0.901369
v -3.454262 2.201900 0.886230
v -3.462231 2.201900 0.870685
v -3.469437 2.201900 0.854770
v -3.475849 2.201900 0.838519
v -3.481462 2.201900 0.821969
v -3.486245 2.201900 0.805162
v -3.490205 2.201900 0.788157
v -3.493336 2.201900 0.770960
v -3.495610 2.201900 0.753634
v -3.495435 2.190584 0.736129
v -3.494019 2.190584 0.753467
v -3.495998 2.190584 0.718747
v -3.495702 2.190584 0.701358
v -3.494559 2.190584 0.684000
v -3.492563 2.190584 0.666720
v -3.489718 2.190584 0.649560
v -3.486046 2.190584 0.632561
v -3.481537 2.190584 0.615752
v -3.476203 2.190584 0.599199
v -3.470070 2.190584 0.582920
v -3.463146 2.190584 0.566965
v -3.455442 2.190584 0.551371
v -3.446986 2.190584 0.536168
v -3.437798 2.190584 0.521401
v -3.427894 2.190584 0.507105
v -3.417297 2.190584 0.493313
v -3.406041 2.190584 0.480051
v -3.394145 2.190584 0.467365
v -3.381638 2.190584 0.455272
v -3.368559 2.190584 0.443806
v -3.354930 2.190584 0.433000
v -3.340785 2.190584 0.422874
v -3.326168 2.190584 0.413451
v -3.311091 2.190584 0.404759
v -3.295615 2.190584 0.396825
v -3.279770 2.190584 0.389650
v -3.263590 2.190584 0.383262
v -3.247120 2.190584 0.377681
v -3.230390 2.190584 0.372909
v -3.213452 2.190584 0.368968
v -3.196335 2.190584 0.365868
v -3.179086 2.190584 0.363604
v -3.161749 2.190584 0.362183
v -3.144367 2.190584 0.361621
v -3.126978 2.190584 0.361916
v -3.109620 2.190584 0.363059
v -3.092340 2.190584 0.365056
v -3.075180 2.190584 0.367900
v -3.058181 2.190584 0.371573
v -3.041372 2.190584 0.376082
v -3.024819 2.190584 0.381415
v -3.008540 2.190584 0.387548
v -2.992584 2.190584 0.394472
v -2.976990 2.190584 0.402176
v -2.961788 2.190584 0.410633
v -2.947026 2.190584 0.419822
v -2.932724 2.190584 0.429730
v -2.918933 2.190584 0.440321
v -2.905671 2.190584 0.451583
v -2.892984 2.190584 0.463474
v -2.880892 2.190584 0.475981
v -2.869426 2.190584 0.489059
v -2.858620 2.190584 0.502688
v -2.848494 2.190584 0.516833
v -2.839071 2.190584 0.531451
v -2.830379 2.190584 0.546527
v -2.822445 2.190584 0.562003
v -2.815269 2.190584 0.577848
v -2.808882 2.190584 0.594028
v -2.803300 2.190584 0.610504
v -2.798528 2.190584 0.627228
v -2.794587 2.190584 0.644167
v -2.791487 2.190584 0.661284
v -2.789224 2.190584 0.678532
v -2.787803 2.190584 0.695870
v -2.787241 2.190584 0.713252
v -2.787535 2.190584 0.730646
v -2.788679 2.190584 0.747998
v -2.790675 2.190584 0.765279
v -2.793520 2.190584 0.782438
v -2.797193 2.190584 0.799438
v -2.801701 2.190584 0.816247
v -2.807034 2.190584 0.832800
v -2.813168 2.190584 0.849078
v -2.820092 2.190584 0.865034
v -2.827796 2.190584 0.880628
v -2.836252 2.190584 0.895831
v -2.845441 2.190584 0.910597
v -2.855349 2.190584 0.924894
v -2.865940 2.190584 0.938691
v -2.877198 2.190584 0.951947
v -2.889094 2.190584 0.964634
v -2.901600 2.190584 0.976726
v -2.914679 2.190584 0.988193
v -2.928308 2.190584 0.998999
v -2.942453 2.190584 1.009124
v -2.957070 2.190584 1.018547
v -2.972147 2.190584 1.027240
v -2.987623 2.190584 1.035173
v -3.003468 2.190584 1.042349
v -3.019648 2.190584 1.048736
v -3.036124 2.190584 1.054318
v -3.052848 2.190584 1.059090
v -3.069786 2.190584 1.063031
v -3.086903 2.190584 1.066136
v -3.104151 2.190584 1.068399
v -3.121490 2.190584 1.069815
v -3.138871 2.190584 1.070378
v -3.156266 2.190584 1.070083
v -3.173618 2.190584 1.068939
v -3.190898 2.190584 1.066943
v -3.208058 2.190584 1.064098
v -3.225057 2.190584 1.060426
v -3.241866 2.190584 1.055917
v -3.258420 2.190584 1.050584
v -3.274698 2.190584 1.044451
v -3.290654 2.190584 1.037527
v -3.306248 2.190584 1.029823
v -3.321451 2.190584 1.021366
v -3.336217 2.190584 1.012178
v -3.350513 2.190584 1.002274
v -3.364311 2.190584 0.991678
v -3.377567 2.190584 0.980421
v -3.390254 2.190584 0.968525
v -3.402346 2.190584 0.956018
v -3.413813 2.190584 0.942940
v -3.424618 2.190584 0.929310
v -3.434744 2.190584 0.915165
v -3.444167 2.190584 0.900548
v -3.452860 2.190584 0.885471
v -3.460793 2.190584 0.869995
v -3.467969 2.190584 0.854150
v -3.474356 2.190584 0.837970
v -3.479938 2.190584 0.821500
v -3.484710 2.190584 0.804771
v -3.488651 2.190584 0.787832
v -3.491756 2.190584 0.770715
v -3.494019 2.190584 0.753467
v -3.465490 2.190529 0.734429
v -3.464193 2.190529 0.750297
v -3.466009 2.190529 0.718506
v -3.465731 2.190529 0.702590
v -3.464695 2.190529 0.686706
v -3.462859 2.190529 0.670891
v -3.460257 2.190529 0.655181
v -3.456891 2.190529 0.639619
v -3.452770 2.190529 0.624237
v -3.447880 2.190529 0.609080
v -3.442282 2.190529 0.594184
v -3.435930 2.190529 0.579574
v -3.428886 2.190529 0.565299
v -3.421146 2.190529 0.551382
v -3.412732 2.190529 0.537866
v -3.403661 2.190529 0.524775
v -3.393970 2.190529 0.512156
v -3.383662 2.190529 0.500015
v -3.372775 2.190529 0.488399
v -3.361325 2.190529 0.477330
v -3.349351 2.190529 0.466842
v -3.336874 2.190529 0.456935
v -3.323926 2.190529 0.447684
v -3.310544 2.190529 0.439050
v -3.296746 2.190529 0.431099
v -3.282579 2.190529 0.423833
v -3.268072 2.190529 0.417265
v -3.253266 2.190529 0.411412
v -3.238187 2.190529 0.406313
v -3.222882 2.190529 0.401938
v -3.207364 2.190529 0.398331
v -3.191699 2.190529 0.395491
v -3.175917 2.190529 0.393420
v -3.160049 2.190529 0.392123
v -3.144127 2.190529 0.391604
v -3.128211 2.190529 0.391882
v -3.112327 2.190529 0.392918
v -3.096512 2.190529 0.394754
v -3.080802 2.190529 0.397357
v -3.065239 2.190529 0.400722
v -3.049857 2.190529 0.404844
v -3.034701 2.190529 0.409733
v -3.019805 2.190529 0.415331
v -3.005194 2.190529 0.421683
v -2.990920 2.190529 0.428727
v -2.977002 2.190529 0.436467
v -2.963486 2.190529 0.444881
v -2.950395 2.190529 0.453952
v -2.937777 2.190529 0.463643
v -2.925635 2.190529 0.473951
v -2.914019 2.190529 0.484839
v -2.902951 2.190529 0.496288
v -2.892462 2.190529 0.508262
v -2.882556 2.190529 0.520739
v -2.873304 2.190529 0.533687
v -2.864671 2.190529 0.547069
v -2.856720 2.190529 0.560867
v -2.849453 2.190529 0.575034
v -2.842886 2.190529 0.589541
v -2.837032 2.190529 0.604347
v -2.831933 2.190529 0.619426
v -2.827559 2.190529 0.634732
v -2.823952 2.190529 0.650249
v -2.821111 2.190529 0.665914
v -2.819040 2.190529 0.681696
v -2.817743 2.190529 0.697564
v -2.817225 2.190529 0.713486
v -2.817503 2.190529 0.729403
v -2.818539 2.190529 0.745287
v -2.820374 2.190529 0.761102
v -2.822977 2.190529 0.776811
v -2.826342 2.190529 0.792374
v -2.830464 2.190529 0.807756
v -2.835353 2.190529 0.822913
v -2.840951 2.190529 0.837809
v -2.847304 2.190529 0.852419
v -2.854348 2.190529 0.866693
v -2.862087 2.190529 0.880611
v -2.870502 2.190529 0.894127
v -2.879572 2.190529 0.907218
v -2.889264 2.190529 0.919837
v -2.899572 2.190529 0.931978
v -2.910459 2.190529 0.943594
v -2.921909 2.190529 0.954662
v -2.933882 2.190529 0.965151
v -2.946360 2.190529 0.975057
v -2.959307 2.190529 0.984309
v -2.972689 2.190529 0.992943
v -2.986487 2.190529 1.000893
v -3.000655 2.190529 1.008160
v -3.015161 2.190529 1.014727
v -3.029967 2.190529 1.020581
v -3.045046 2.190529 1.025680
v -3.060352 2.190529 1.030055
v -3.075869 2.190529 1.033661
v -3.091535 2.190529 1.036502
v -3.107316 2.190529 1.038573
v -3.123184 2.190529 1.039870
v -3.139107 2.190529 1.040388
v -3.155023 2.190529 1.040110
v -3.170907 2.190529 1.039074
v -3.186722 2.190529 1.037239
v -3.202432 2.190529 1.034636
v -3.217994 2.190529 1.031271
v -3.233376 2.190529 1.027154
v -3.248533 2.190529 1.022260
v -3.263429 2.190529 1.016662
v -3.278040 2.190529 1.010310
v -3.292314 2.190529 1.003265
v -3.306231 2.190529 0.995526
v -3.319747 2.190529 0.987112
v -3.332838 2.190529 0.978046
v -3.345462 2.190529 0.968350
v -3.357598 2.190529 0.958042
v -3.369215 2.190529 0.947154
v -3.380283 2.190529 0.935704
v -3.390771 2.190529 0.923731
v -3.400678 2.190529 0.911254
v -3.409929 2.190529 0.898306
v -3.418568 2.190529 0.884925
v -3.426514 2.190529 0.871126
v -3.433780 2.190529 0.856958
v -3.440348 2.190529 0.842452
v -3.446201 2.190529 0.827646
v -3.451300 2.190529 0.812567
v -3.455675 2.190529 0.797261
v -3.459282 2.190529 0.781744
v -3.462122 2.190529 0.766079
v -3.464193 2.190529 0.750297
v -3.461300 2.201195 0.734190
v -3.460024 2.201195 0.749855
v -3.461807 2.201195 0.718477
v -3.461549 2.201195 0.702769
v -3.460514 2.201195 0.687080
v -3.458714 2.201195 0.671475
v -3.456143 2.201195 0.655964
v -3.452820 2.201195 0.640602
v -3.448745 2.201195 0.625421
v -3.443931 2.201195 0.610459
v -3.438387 2.201195 0.595755
v -3.432126 2.201195 0.581335
v -3.425173 2.201195 0.567247
v -3.417535 2.201195 0.553517
v -3.409231 2.201195 0.540168
v -3.400280 2.201195 0.527246
v -3.390710 2.201195 0.514785
v -3.380535 2.201195 0.502804
v -3.369780 2.201195 0.491337
v -3.358485 2.201195 0.480415
v -3.346668 2.201195 0.470063
v -3.334352 2.201195 0.460294
v -3.321574 2.201195 0.451149
v -3.308362 2.201195 0.442632
v -3.294746 2.201199 0.434779
v -3.280761 2.201195 0.427605
v -3.266438 2.201195 0.421120
v -3.251827 2.201195 0.415355
v -3.236936 2.201195 0.410307
v -3.221826 2.201195 0.406006
v -3.206514 2.201195 0.402442
v -3.191050 2.201195 0.399632
v -3.175476 2.201195 0.397589
v -3.159811 2.201195 0.396313
v -3.144098 2.201195 0.395806
v -3.128389 2.201199 0.396064
v -3.112700 2.201195 0.397099
v -3.097096 2.201195 0.398899
v -3.081585 2.201195 0.401470
v -3.066223 2.201199 0.404793
v -3.051042 2.201195 0.408868
v -3.036079 2.201199 0.413687
v -3.021375 2.201195 0.419226
v -3.006956 2.201195 0.425487
v -2.992867 2.201195 0.432440
v -2.979137 2.201199 0.440078
v -2.965789 2.201195 0.448382
v -2.952866 2.201195 0.457333
v -2.940406 2.201195 0.466903
v -2.928424 2.201195 0.477079
v -2.916957 2.201199 0.487833
v -2.906036 2.201195 0.499128
v -2.895684 2.201195 0.510946
v -2.885914 2.201195 0.523262
v -2.876769 2.201199 0.536039
v -2.868253 2.201195 0.549252
v -2.860400 2.201199 0.562868
v -2.853226 2.201195 0.576852
v -2.846740 2.201195 0.591175
v -2.840975 2.201195 0.605787
v -2.835928 2.201199 0.620677
v -2.831626 2.201195 0.635787
v -2.828062 2.201195 0.651099
v -2.825253 2.201195 0.666563
v -2.823209 2.201195 0.682138
v -2.821934 2.201195 0.697803
v -2.821427 2.201195 0.713516
v -2.821685 2.201195 0.729224
v -2.822720 2.201195 0.744913
v -2.824520 2.201195 0.760517
v -2.827091 2.201195 0.776028
v -2.830414 2.201199 0.791390
v -2.834488 2.201195 0.806571
v -2.839308 2.201195 0.821534
v -2.844847 2.201195 0.836238
v -2.851108 2.201195 0.850657
v -2.858061 2.201195 0.864746
v -2.865699 2.201195 0.878476
v -2.874003 2.201195 0.891825
v -2.882954 2.201195 0.904747
v -2.892523 2.201195 0.917208
v -2.902699 2.201195 0.929189
v -2.913453 2.201195 0.940656
v -2.924748 2.201195 0.951578
v -2.936566 2.201195 0.961930
v -2.948882 2.201195 0.971699
v -2.961658 2.201195 0.980849
v -2.974872 2.201195 0.989361
v -2.988488 2.201195 0.997214
v -3.002473 2.201195 1.004387
v -3.016795 2.201195 1.010873
v -3.031407 2.201195 1.016638
v -3.046298 2.201195 1.021685
v -3.061408 2.201195 1.025987
v -3.076720 2.201195 1.029551
v -3.092183 2.201195 1.032360
v -3.107758 2.201195 1.034404
v -3.123423 2.201195 1.035679
v -3.139136 2.201195 1.036186
v -3.154844 2.201195 1.035928
v -3.170533 2.201195 1.034893
v -3.186138 2.201195 1.033093
v -3.201649 2.201195 1.030523
v -3.217011 2.201195 1.027199
v -3.232192 2.201195 1.023125
v -3.247154 2.201195 1.018310
v -3.261858 2.201195 1.012766
v -3.276278 2.201195 1.006505
v -3.290366 2.201195 0.999552
v -3.304096 2.201195 0.991915
v -3.317445 2.201195 0.983610
v -3.330367 2.201195 0.974660
v -3.342828 2.201195 0.965090
v -3.354810 2.201195 0.954914
v -3.366277 2.201195 0.944160
v -3.377198 2.201195 0.932865
v -3.387550 2.201195 0.921047
v -3.397319 2.201195 0.908731
v -3.406469 2.201195 0.895955
v -3.414981 2.201195 0.882741
v -3.422834 2.201195 0.869125
v -3.430008 2.201195 0.855141
v -3.436494 2.201195 0.840818
v -3.442258 2.201195 0.826206
v -3.447306 2.201195 0.811315
v -3.451608 2.201195 0.796205
v -3.455172 2.201195 0.780893
v -3.457981 2.201195 0.765430
v -3.460024 2.201195 0.749855
v -3.392910 2.665291 0.730297
v -3.391906 2.665291 0.742614
v -3.393303 2.665291 0.717947
v -3.393100 2.665291 0.705598
v -3.392293 2.665291 0.693265
v -3.390878 2.665291 0.681000
v -3.388852 2.665291 0.668807
v -3.386242 2.665291 0.656727
v -3.383038 2.665291 0.644796
v -3.379252 2.665291 0.633036
v -3.374892 2.665291 0.621476
v -3.369980 2.665291 0.610148
v -3.364504 2.665291 0.599067
v -3.358499 2.665291 0.588276
v -3.351970 2.665291 0.577785
v -3.344944 2.665291 0.567624
v -3.337422 2.665291 0.557830
v -3.329418 2.665291 0.548421
v -3.320967 2.665291 0.539407
v -3.312090 2.665291 0.530821
v -3.302798 2.665291 0.522671
v -3.293121 2.665291 0.515003
v -3.283076 2.665291 0.507809
v -3.272691 2.665291 0.501117
v -3.261990 2.665291 0.494949
v -3.250993 2.665291 0.489305
v -3.239736 2.665291 0.484202
v -3.228251 2.665291 0.479670
v -3.216543 2.665291 0.475710
v -3.204664 2.665291 0.472327
v -3.192631 2.665291 0.469525
v -3.180472 2.665291 0.467314
v -3.168234 2.665291 0.465708
v -3.155917 2.665291 0.464708
v -3.143568 2.665291 0.464310
v -3.131219 2.665291 0.464514
v -3.118886 2.665291 0.465320
v -3.106620 2.665291 0.466735
v -3.094427 2.665291 0.468761
v -3.082347 2.665291 0.471377
v -3.070416 2.665291 0.474576
v -3.058657 2.665291 0.478361
v -3.047096 2.665291 0.482721
v -3.035768 2.665291 0.487633
v -3.024688 2.665291 0.493109
v -3.013897 2.665291 0.499114
v -3.003406 2.665291 0.505643
v -2.993245 2.665291 0.512669
v -2.983451 2.665291 0.520191
v -2.974042 2.665291 0.528195
v -2.965027 2.665291 0.536646
v -2.956442 2.665291 0.545523
v -2.948292 2.665291 0.554815
v -2.940624 2.665291 0.564493
v -2.933429 2.665291 0.574537
v -2.926738 2.665291 0.584922
v -2.920569 2.665291 0.595624
v -2.914926 2.665291 0.606620
v -2.909823 2.665291 0.617878
v -2.905291 2.665291 0.629363
v -2.901330 2.665291 0.641070
v -2.897948 2.665291 0.652949
v -2.895146 2.665291 0.664982
v -2.892934 2.665291 0.677141
v -2.891328 2.665291 0.689379
v -2.890328 2.665291 0.701697
v -2.889931 2.665291 0.714046
v -2.890134 2.665291 0.726395
v -2.890940 2.665291 0.738728
v -2.892356 2.665291 0.750993
v -2.894382 2.665291 0.763186
v -2.896997 2.665291 0.775266
v -2.900196 2.665291 0.787197
v -2.903982 2.665291 0.798957
v -2.908341 2.665291 0.810517
v -2.913253 2.665291 0.821845
v -2.918730 2.665291 0.832925
v -2.924735 2.665291 0.843717
v -2.931264 2.665291 0.854208
v -2.938289 2.665291 0.864368
v -2.945811 2.665291 0.874162
v -2.953815 2.665291 0.883571
v -2.962267 2.665291 0.892586
v -2.971143 2.665291 0.901172
v -2.980436 2.665291 0.909321
v -2.990113 2.665291 0.916990
v -3.000158 2.665291 0.924184
v -3.010542 2.665291 0.930875
v -3.021243 2.665291 0.937049
v -3.032241 2.665291 0.942687
v -3.043498 2.665291 0.947791
v -3.054983 2.665291 0.952323
v -3.066691 2.665291 0.956283
v -3.078569 2.665291 0.959666
v -3.090602 2.665291 0.962472
v -3.102761 2.665291 0.964679
v -3.115000 2.665291 0.966285
v -3.127316 2.665291 0.967290
v -3.139666 2.665291 0.967683
v -3.152015 2.665291 0.967479
v -3.164348 2.665291 0.966673
v -3.176614 2.665291 0.965257
v -3.188807 2.665291 0.963231
v -3.200886 2.665291 0.960621
v -3.212817 2.665291 0.957417
v -3.224577 2.665291 0.953632
v -3.236138 2.665291 0.949272
v -3.247466 2.665291 0.944360
v -3.258546 2.665291 0.938883
v -3.269337 2.665291 0.932878
v -3.279828 2.665291 0.926349
v -3.289989 2.665291 0.919324
v -3.299783 2.665291 0.911802
v -3.309192 2.665291 0.903798
v -3.318206 2.665291 0.895346
v -3.326792 2.665291 0.886470
v -3.334942 2.665291 0.877177
v -3.342610 2.665291 0.867500
v -3.349805 2.665291 0.857456
v -3.356496 2.665291 0.847071
v -3.362669 2.665291 0.836370
v -3.368308 2.665291 0.825373
v -3.373411 2.665291 0.814115
v -3.377943 2.665291 0.802630
v -3.381904 2.665291 0.790923
v -3.385286 2.665291 0.779044
v -3.388093 2.665291 0.767011
v -3.390300 2.665291 0.754852
v -3.391906 2.665291 0.742614
v -3.391712 2.673324 0.730235
v -3.390716 2.673324 0.742484
v -3.392113 2.673324 0.717938
v -3.391912 2.673324 0.705648
v -3.391099 2.673324 0.693372
v -3.389697 2.673324 0.681161
v -3.387678 2.673324 0.669037
v -3.385087 2.673324 0.657013
v -3.381902 2.673324 0.645137
v -3.378129 2.673324 0.633437
v -3.373790 2.673324 0.621926
v -3.368892 2.673324 0.610653
v -3.363450 2.673324 0.599625
v -3.357471 2.673324 0.588879
v -3.350977 2.673324 0.578445
v -3.343977 2.673324 0.568325
v -3.336496 2.673324 0.558584
v -3.328524 2.673324 0.549210
v -3.320119 2.673324 0.540244
v -3.311280 2.673324 0.531695
v -3.302029 2.673324 0.523593
v -3.292401 2.673324 0.515952
v -3.282399 2.673324 0.508790
v -3.272068 2.673324 0.502127
v -3.261416 2.673324 0.495986
v -3.250467 2.673324 0.490380
v -3.239275 2.673324 0.485301
v -3.227839 2.673324 0.480797
v -3.216189 2.673324 0.476844
v -3.204366 2.673324 0.473479
v -3.192383 2.673324 0.470695
v -3.180291 2.673324 0.468497
v -3.168105 2.673324 0.466897
v -3.155855 2.673324 0.465902
v -3.143559 2.673324 0.465500
v -3.131269 2.673324 0.465701
v -3.118992 2.673324 0.466514
v -3.106781 2.673324 0.467916
v -3.094658 2.673324 0.469935
v -3.082633 2.673324 0.472527
v -3.070758 2.673324 0.475712
v -3.059057 2.673324 0.479484
v -3.047547 2.673324 0.483824
v -3.036273 2.673324 0.488722
v -3.025245 2.673324 0.494163
v -3.014500 2.673324 0.500142
v -3.004066 2.673324 0.506636
v -2.993945 2.673324 0.513636
v -2.984204 2.673324 0.521117
v -2.974831 2.673324 0.529089
v -2.965864 2.673324 0.537494
v -2.957315 2.673324 0.546334
v -2.949213 2.673324 0.555585
v -2.941573 2.673324 0.565213
v -2.934410 2.673324 0.575214
v -2.927747 2.673324 0.585545
v -2.921606 2.673324 0.596197
v -2.916000 2.673324 0.607146
v -2.910922 2.673324 0.618338
v -2.906417 2.673324 0.629774
v -2.902464 2.673324 0.641425
v -2.899100 2.673324 0.653247
v -2.896315 2.673324 0.665231
v -2.894117 2.673324 0.677323
v -2.892518 2.673324 0.689509
v -2.891522 2.673324 0.701758
v -2.891121 2.673324 0.714054
v -2.891321 2.673324 0.726345
v -2.892135 2.673324 0.738621
v -2.893536 2.673324 0.750832
v -2.895556 2.673324 0.762955
v -2.898147 2.673324 0.774980
v -2.901332 2.673324 0.786856
v -2.905104 2.673324 0.798556
v -2.909444 2.673324 0.810067
v -2.914342 2.673324 0.821340
v -2.919783 2.673324 0.832368
v -2.925762 2.673324 0.843113
v -2.932257 2.673324 0.853547
v -2.939256 2.673324 0.863668
v -2.946737 2.673324 0.873409
v -2.954710 2.673324 0.882782
v -2.963115 2.673324 0.891749
v -2.971954 2.673324 0.900298
v -2.981205 2.673324 0.908400
v -2.990833 2.673324 0.916041
v -3.000834 2.673324 0.923203
v -3.011165 2.673324 0.929866
v -3.021817 2.673324 0.936007
v -3.032766 2.673324 0.941613
v -3.043958 2.673324 0.946692
v -3.055394 2.673324 0.951196
v -3.067045 2.673324 0.955149
v -3.078868 2.673324 0.958513
v -3.090851 2.673324 0.961298
v -3.102943 2.673324 0.963496
v -3.115129 2.673324 0.965095
v -3.127378 2.673324 0.966091
v -3.139675 2.673324 0.966492
v -3.151965 2.673324 0.966292
v -3.164241 2.673324 0.965478
v -3.176452 2.673324 0.964077
v -3.188576 2.673324 0.962057
v -3.200600 2.673324 0.959466
v -3.212476 2.673324 0.956281
v -3.224176 2.673324 0.952509
v -3.235687 2.673324 0.948169
v -3.246960 2.673324 0.943271
v -3.257988 2.673324 0.937830
v -3.268734 2.673324 0.931851
v -3.279168 2.673324 0.925356
v -3.289288 2.673324 0.918357
v -3.299029 2.673324 0.910876
v -3.308403 2.673324 0.902904
v -3.317369 2.673324 0.894498
v -3.325918 2.673324 0.885659
v -3.334020 2.673324 0.876408
v -3.341661 2.673324 0.866780
v -3.348823 2.673324 0.856779
v -3.355486 2.673324 0.846448
v -3.361628 2.673324 0.835796
v -3.367233 2.673324 0.824847
v -3.372312 2.673324 0.813655
v -3.376817 2.673324 0.802219
v -3.380770 2.673324 0.790568
v -3.384134 2.673324 0.778745
v -3.386919 2.673324 0.766762
v -3.389117 2.673324 0.754670
v -3.390716 2.673324 0.742484
v -3.393005 2.684290 0.730299
v -3.392000 2.684290 0.742616
v -3.393408 2.684290 0.717951
v -3.393200 2.684290 0.705595
v -3.392385 2.684290 0.693256
v -3.390964 2.684290 0.680984
v -3.388949 2.684290 0.668788
v -3.386333 2.684290 0.656707
v -3.383135 2.684290 0.644772
v -3.379345 2.684290 0.633012
v -3.374986 2.684290 0.621446
v -3.370064 2.684290 0.610111
v -3.364599 2.684290 0.599027
v -3.358585 2.684290 0.588224
v -3.352061 2.684290 0.577734
v -3.345020 2.684290 0.567571
v -3.337494 2.684290 0.557771
v -3.329491 2.684290 0.548347
v -3.321039 2.684290 0.539337
v -3.312153 2.684290 0.530740
v -3.302855 2.684290 0.522600
v -3.293174 2.684290 0.514920
v -3.283123 2.684290 0.507725
v -3.272739 2.684290 0.501029
v -3.262033 2.684290 0.494860
v -3.251037 2.684290 0.489216
v -3.239773 2.684290 0.484123
v -3.228283 2.684290 0.479585
v -3.216572 2.684290 0.475613
v -3.204688 2.684290 0.472225
v -3.192654 2.684290 0.469428
v -3.180495 2.684290 0.467221
v -3.168236 2.684290 0.465613
v -3.155920 2.684290 0.464608
v -3.143571 2.684290 0.464205
v -3.131216 2.684290 0.464413
v -3.118876 2.684290 0.465229
v -3.106605 2.684290 0.466649
v -3.094408 2.684290 0.468664
v -3.082328 2.684290 0.471280
v -3.070392 2.684290 0.474478
v -3.058632 2.684290 0.478269
v -3.047066 2.684290 0.482627
v -3.035732 2.684290 0.487549
v -3.024648 2.684290 0.493015
v -3.013845 2.684290 0.499029
v -3.003354 2.684290 0.505552
v -2.993191 2.684290 0.512594
v -2.983392 2.684290 0.520120
v -2.973967 2.684290 0.528122
v -2.964958 2.684290 0.536574
v -2.956360 2.684290 0.545460
v -2.948220 2.684290 0.554759
v -2.940541 2.684290 0.564440
v -2.933346 2.684290 0.574490
v -2.926650 2.684290 0.584874
v -2.920480 2.684290 0.595580
v -2.914837 2.684290 0.606577
v -2.909743 2.684290 0.617841
v -2.905205 2.684290 0.629330
v -2.901234 2.684290 0.641042
v -2.897845 2.684290 0.652925
v -2.895049 2.684290 0.664959
v -2.892842 2.684290 0.677118
v -2.891233 2.684290 0.689377
v -2.890229 2.684290 0.701694
v -2.889826 2.684290 0.714042
v -2.890033 2.684290 0.726397
v -2.890849 2.684290 0.738737
v -2.892269 2.684290 0.751008
v -2.894285 2.684290 0.763205
v -2.896900 2.684290 0.775285
v -2.900098 2.684290 0.787221
v -2.903889 2.684290 0.798981
v -2.908248 2.684290 0.810547
v -2.913169 2.684290 0.821881
v -2.918635 2.684290 0.832966
v -2.924649 2.684290 0.843769
v -2.931173 2.684290 0.854259
v -2.938214 2.684290 0.864422
v -2.945740 2.684290 0.874221
v -2.953743 2.684290 0.883646
v -2.962194 2.684290 0.892656
v -2.971080 2.684290 0.901253
v -2.980379 2.684290 0.909393
v -2.990060 2.684290 0.917072
v -3.000110 2.684290 0.924267
v -3.010494 2.684290 0.930964
v -3.021200 2.684290 0.937133
v -3.032197 2.684290 0.942776
v -3.043461 2.684290 0.947870
v -3.054951 2.684290 0.952408
v -3.066662 2.684290 0.956380
v -3.078545 2.684290 0.959768
v -3.090580 2.684290 0.962565
v -3.102739 2.684290 0.964771
v -3.114997 2.684290 0.966380
v -3.127314 2.684290 0.967385
v -3.139663 2.684290 0.967787
v -3.152018 2.684290 0.967580
v -3.164357 2.684290 0.966764
v -3.176629 2.684290 0.965344
v -3.188826 2.684290 0.963328
v -3.200906 2.684290 0.960713
v -3.212841 2.684290 0.957515
v -3.224602 2.684290 0.953724
v -3.236167 2.684290 0.949366
v -3.247502 2.684290 0.944444
v -3.258586 2.684290 0.938978
v -3.269389 2.684290 0.932964
v -3.279879 2.684290 0.926440
v -3.290042 2.684290 0.919399
v -3.299842 2.684290 0.911873
v -3.309267 2.684290 0.903871
v -3.318276 2.684290 0.895419
v -3.326873 2.684290 0.886533
v -3.335014 2.684290 0.877234
v -3.342693 2.684290 0.867553
v -3.349888 2.684290 0.857503
v -3.356584 2.684290 0.847119
v -3.362753 2.684290 0.836413
v -3.368397 2.684290 0.825416
v -3.373490 2.684290 0.814152
v -3.378029 2.684290 0.802662
v -3.382000 2.684290 0.790951
v -3.385388 2.684290 0.779068
v -3.388185 2.684290 0.767034
v -3.390392 2.684290 0.754874
v -3.392000 2.684290 0.742616
v -3.418031 2.684387 0.731727
v -3.416924 2.684387 0.745264
v -3.418465 2.684387 0.718139
v -3.418239 2.684387 0.704559
v -3.417352 2.684387 0.690993
v -3.415787 2.684387 0.677495
v -3.413567 2.684387 0.664091
v -3.410698 2.684387 0.650808
v -3.407182 2.684387 0.637682
v -3.403008 2.684387 0.624748
v -3.398220 2.684387 0.612030
v -3.392809 2.684387 0.599567
v -3.386793 2.684387 0.587377
v -3.380182 2.684387 0.575500
v -3.373004 2.684387 0.563970
v -3.365267 2.684387 0.552804
v -3.356984 2.684387 0.542019
v -3.348193 2.684387 0.531664
v -3.338905 2.684387 0.521754
v -3.329135 2.684387 0.512303
v -3.318910 2.684387 0.503345
v -3.308265 2.684387 0.494902
v -3.297212 2.684387 0.486995
v -3.285794 2.684387 0.479626
v -3.274019 2.684387 0.472842
v -3.261925 2.684387 0.466644
v -3.249547 2.684387 0.461040
v -3.236911 2.684387 0.456046
v -3.224032 2.684387 0.451689
v -3.210971 2.684387 0.447967
v -3.197731 2.684387 0.444881
v -3.184366 2.684387 0.442458
v -3.170885 2.684387 0.440689
v -3.157348 2.684387 0.439582
v -3.143759 2.684387 0.439148
v -3.130180 2.684387 0.439374
v -3.116613 2.684387 0.440261
v -3.103116 2.684387 0.441826
v -3.089712 2.684387 0.444046
v -3.076428 2.684387 0.446915
v -3.063302 2.684387 0.450432
v -3.050369 2.684387 0.454606
v -3.037650 2.684387 0.459393
v -3.025187 2.684387 0.464804
v -3.012998 2.684387 0.470821
v -3.001120 2.684387 0.477431
v -2.989590 2.684387 0.484609
v -2.978424 2.684387 0.492346
v -2.967640 2.684387 0.500629
v -2.957284 2.684387 0.509421
v -2.947374 2.684387 0.518709
v -2.937923 2.684387 0.528479
v -2.928966 2.684387 0.538703
v -2.920522 2.684387 0.549348
v -2.912616 2.684387 0.560401
v -2.905246 2.684387 0.571820
v -2.898463 2.684387 0.583594
v -2.892264 2.684387 0.595688
v -2.886661 2.684387 0.608066
v -2.881666 2.684387 0.620703
v -2.877310 2.684387 0.633581
v -2.873588 2.684387 0.646643
v -2.870501 2.684387 0.659883
v -2.868078 2.684387 0.673247
v -2.866309 2.684387 0.686729
v -2.865202 2.684387 0.700265
v -2.864769 2.684387 0.713854
v -2.864995 2.684387 0.727434
v -2.865881 2.684387 0.741000
v -2.867447 2.684387 0.754497
v -2.869667 2.684387 0.767901
v -2.872536 2.684387 0.781185
v -2.876052 2.684387 0.794311
v -2.880226 2.684387 0.807245
v -2.885014 2.684387 0.819963
v -2.890425 2.684387 0.832426
v -2.896441 2.684387 0.844615
v -2.903052 2.684387 0.856493
v -2.910230 2.684387 0.868023
v -2.917967 2.684387 0.879189
v -2.926249 2.684387 0.889973
v -2.935041 2.684387 0.900329
v -2.944329 2.684387 0.910239
v -2.954099 2.684387 0.919690
v -2.964324 2.684387 0.928647
v -2.974969 2.684387 0.937091
v -2.986021 2.684387 0.944997
v -2.997440 2.684387 0.952367
v -3.009215 2.684387 0.959151
v -3.021308 2.684387 0.965349
v -3.033686 2.684387 0.970952
v -3.046323 2.684387 0.975947
v -3.059201 2.684387 0.980304
v -3.072263 2.684387 0.984026
v -3.085503 2.684387 0.987112
v -3.098867 2.684387 0.989535
v -3.112349 2.684387 0.991304
v -3.125886 2.684387 0.992411
v -3.139474 2.684387 0.992845
v -3.153054 2.684387 0.992619
v -3.166620 2.684387 0.991732
v -3.180118 2.684387 0.990167
v -3.193522 2.684387 0.987946
v -3.206806 2.684387 0.985078
v -3.219932 2.684387 0.981561
v -3.232865 2.684387 0.977387
v -3.245583 2.684387 0.972600
v -3.258046 2.684387 0.967189
v -3.270236 2.684387 0.961172
v -3.282113 2.684387 0.954562
v -3.293643 2.684387 0.947384
v -3.304810 2.684387 0.939646
v -3.315594 2.684387 0.931364
v -3.325950 2.684387 0.922572
v -3.335859 2.684387 0.913284
v -3.345310 2.684387 0.903514
v -3.354268 2.684387 0.893290
v -3.362711 2.684387 0.882645
v -3.370618 2.684387 0.871592
v -3.377987 2.684387 0.860173
v -3.384771 2.684387 0.848399
v -3.390970 2.684387 0.836305
v -3.396573 2.684387 0.823927
v -3.401567 2.684387 0.811290
v -3.405924 2.684387 0.798412
v -3.409646 2.684387 0.785350
v -3.412733 2.684387 0.772110
v -3.415155 2.684387 0.758746
v -3.416924 2.684387 0.745264
v -3.069786 2.190584 1.063031
v -3.086903 2.190584 1.066136
v -2.987623 2.190584 1.035173
v -3.003468 2.190584 1.042349
v -3.019648 2.190584 1.048736
v -2.964958 2.684290 0.536574
v -2.956360 2.684290 0.545460
v -3.058181 2.190584 0.371573
v -3.041372 2.190584 0.376082
v -2.948220 2.684290 0.554759
v -3.036124 2.190584 1.054318
v -3.052848 2.190584 1.059090
v -2.918933 2.190584 0.440321
v -2.905671 2.190584 0.451583
v -2.940541 2.684290 0.564440
v -2.892984 2.190584 0.463474
v -3.075180 2.190584 0.367900
v -2.877198 2.190584 0.951947
v -2.889094 2.190584 0.964634
v -2.926650 2.684290 0.584874
v -2.920480 2.684290 0.595580
v -2.914837 2.684290 0.606577
v -2.933346 2.684290 0.574490
v -2.901600 2.190584 0.976726
v -2.932724 2.190584 0.429730
v -2.914679 2.190584 0.988193
v -2.928308 2.190584 0.998999
v -3.155920 2.684290 0.464608
v -3.143571 2.684290 0.464205
v -2.947026 2.190584 0.419822
v -2.992584 2.190584 0.394472
v -2.976990 2.190584 0.402176
v -2.972147 2.190584 1.027240
v -2.961788 2.190584 0.410633
v -2.957070 2.190584 1.018547
v -3.008540 2.190584 0.387548
v -3.131216 2.684290 0.464413
v -2.942453 2.190584 1.009124
v -3.118876 2.684290 0.465229
v -3.106605 2.684290 0.466649
v -3.491756 2.190584 0.770715
v -3.494019 2.190584 0.753467
v -3.492563 2.190584 0.666720
v -3.489718 2.190584 0.649560
v -3.082328 2.684290 0.471280
v -3.070392 2.684290 0.474478
v -3.494559 2.190584 0.684000
v -3.058632 2.684290 0.478269
v -3.484710 2.190584 0.804771
v -3.488651 2.190584 0.787832
v -3.486046 2.190584 0.632561
v -3.481537 2.190584 0.615752
v -3.094408 2.684290 0.468664
v -3.495998 2.190584 0.718747
v -3.495702 2.190584 0.701358
v -3.476203 2.190584 0.599199
v -3.470070 2.190584 0.582920
v -3.460793 2.190584 0.869995
v -3.467969 2.190584 0.854150
v -2.993191 2.684290 0.512594
v -2.983392 2.684290 0.520120
v -2.973967 2.684290 0.528122
v -3.427894 2.190584 0.507105
v -3.417297 2.190584 0.493313
v -3.013845 2.684290 0.499029
v -3.003354 2.684290 0.505552
v -3.474356 2.190584 0.837970
v -3.479938 2.190584 0.821500
v -3.406041 2.190584 0.480051
v -3.394145 2.190584 0.467365
v -3.377567 2.190584 0.980421
v -3.390254 2.190584 0.968525
v -3.047066 2.684290 0.482627
v -3.402346 2.190584 0.956018
v -3.035732 2.684290 0.487549
v -3.413813 2.190584 0.942940
v -3.024648 2.684290 0.493015
v -3.424618 2.190584 0.929310
v -3.437798 2.190584 0.521401
v -3.444167 2.190584 0.900548
v -3.452860 2.190584 0.885471
v -3.446986 2.190584 0.536168
v -3.378029 2.684290 0.802662
v -3.382000 2.684290 0.790951
v -3.455442 2.190584 0.551371
v -3.385388 2.684290 0.779068
v -3.434744 2.190584 0.915165
v -3.196335 2.190584 0.365868
v -3.179086 2.190584 0.363604
v -3.388185 2.684290 0.767034
v -3.463146 2.190584 0.566965
v -3.373490 2.684290 0.814152
v -3.390392 2.684290 0.754874
v -3.392000 2.684290 0.742616
v -3.161749 2.190584 0.362183
v -3.362753 2.684290 0.836413
v -3.368397 2.684290 0.825416
v -3.121490 2.190584 1.069815
v -3.138871 2.190584 1.070378
v -3.144367 2.190584 0.361621
v -3.326873 2.684290 0.886533
v -3.335014 2.684290 0.877234
v -3.156266 2.190584 1.070083
v -3.318276 2.684290 0.895419
v -3.173618 2.190584 1.068939
v -3.190898 2.190584 1.066943
v -3.299842 2.684290 0.911873
v -3.309267 2.684290 0.903871
v -3.213452 2.190584 0.368968
v -3.225057 2.190584 1.060426
v -3.241866 2.190584 1.055917
v -3.230390 2.190584 0.372909
v -3.258420 2.190584 1.050584
v -3.247120 2.190584 0.377681
v -3.208058 2.190584 1.064098
v -3.279770 2.190584 0.389650
v -3.263590 2.190584 0.383262
v -3.350513 2.190584 1.002274
v -3.364311 2.190584 0.991678
v -3.354930 2.190584 0.433000
v -3.340785 2.190584 0.422874
v -3.152018 2.684290 0.967580
v -3.164357 2.684290 0.966764
v -3.368559 2.190584 0.443806
v -3.342693 2.684290 0.867553
v -3.321451 2.190584 1.021366
v -3.336217 2.190584 1.012178
v -3.326168 2.190584 0.413451
v -3.311091 2.190584 0.404759
v -3.349888 2.684290 0.857503
v -3.381638 2.190584 0.455272
v -3.139663 2.684290 0.967787
v -3.295615 2.190584 0.396825
v -3.356584 2.684290 0.847119
v -3.114997 2.684290 0.966380
v -3.127314 2.684290 0.967385
v -3.274698 2.190584 1.044451
v -3.290654 2.190584 1.037527
v -3.306248 2.190584 1.029823
v -2.842886 2.190529 0.589541
v -2.837032 2.190529 0.604347
v -2.831933 2.190529 0.619426
v -3.176629 2.684290 0.965344
v -2.827559 2.190529 0.634732
v -3.188826 2.684290 0.963328
v -2.849453 2.190529 0.575034
v -2.823952 2.190529 0.650249
v -2.821111 2.190529 0.665914
v -3.200906 2.684290 0.960713
v -3.212841 2.684290 0.957515
v -2.864671 2.190529 0.547069
v -2.856720 2.190529 0.560867
v -2.914019 2.190529 0.484839
v -2.902951 2.190529 0.496288
v -3.247502 2.684290 0.944444
v -3.258586 2.684290 0.938978
v -3.269389 2.684290 0.932964
v -3.279879 2.684290 0.926440
v -2.925635 2.190529 0.473951
v -3.236167 2.684290 0.949366
v -3.290042 2.684290 0.919399
v -2.950395 2.190529 0.453952
v -2.937777 2.190529 0.463643
v -3.224602 2.684290 0.953724
v -2.889826 2.684290 0.714042
v -2.890033 2.684290 0.726397
v -2.890229 2.684290 0.701694
v -3.395603 2.666026 0.838546
v -3.401317 2.666026 0.825930
v -3.144127 2.190529 0.391604
v -3.128211 2.190529 0.391882
v -3.406394 2.666026 0.813062
v -2.892462 2.190529 0.508262
v -2.882556 2.190529 0.520739
v -3.410840 2.666026 0.799948
v -3.414632 2.666026 0.786631
v -3.160049 2.190529 0.392123
v -2.873304 2.190529 0.533687
v -3.191699 2.190529 0.395491
v -3.175917 2.190529 0.393420
v -2.890849 2.684290 0.738737
v -3.417765 2.666026 0.773160
v -3.420243 2.666026 0.759535
v -2.892269 2.684290 0.751008
v -2.894285 2.684290 0.763205
v -3.422044 2.666026 0.745815
v -2.896900 2.684290 0.775285
v -2.900098 2.684290 0.787221
v -2.924649 2.684290 0.843769
v -2.931173 2.684290 0.854259
v -3.112327 2.190529 0.392918
v -2.918635 2.684290 0.832966
v -3.096512 2.190529 0.394754
v -2.938214 2.684290 0.864422
v -2.945740 2.684290 0.874221
v -2.908248 2.684290 0.810547
v -2.913169 2.684290 0.821881
v -3.080802 2.190529 0.397357
v -3.065239 2.190529 0.400722
v -2.903889 2.684290 0.798981
v -3.019805 2.190529 0.415331
v -3.005194 2.190529 0.421683
v -2.990920 2.190529 0.428727
v -2.977002 2.190529 0.436467
v -3.034701 2.190529 0.409733
v -2.963486 2.190529 0.444881
v -3.049857 2.190529 0.404844
v -3.495435 2.190584 0.736129
v -3.078545 2.684290 0.959768
v -3.090580 2.684290 0.962565
v -3.494019 2.190584 0.753467
v -3.066662 2.684290 0.956380
v -3.102739 2.684290 0.964771
v -3.043461 2.684290 0.947870
v -3.054951 2.684290 0.952408
v -3.465490 2.190529 0.734429
v -3.464193 2.190529 0.750297
v -3.032197 2.684290 0.942776
v -3.466009 2.190529 0.718506
v -3.021200 2.684290 0.937133
v -2.962194 2.684290 0.892656
v -2.971080 2.684290 0.901253
v -2.953743 2.684290 0.883646
v -3.465731 2.190529 0.702590
v -3.464695 2.190529 0.686706
v -3.462859 2.190529 0.670891
v -3.460257 2.190529 0.655181
v -3.456891 2.190529 0.639619
v -2.980379 2.684290 0.909393
v -3.428886 2.190529 0.565299
v -3.421146 2.190529 0.551382
v -2.990060 2.684290 0.917072
v -3.000110 2.684290 0.924267
v -3.435930 2.190529 0.579574
v -3.412732 2.190529 0.537866
v -3.403661 2.190529 0.524775
v -3.010494 2.684290 0.930964
v -3.447880 2.190529 0.609080
v -3.442282 2.190529 0.594184
v -3.452770 2.190529 0.624237
v -3.238187 2.190529 0.406313
v -3.222882 2.190529 0.401938
v -3.253266 2.190529 0.411412
v -3.207364 2.190529 0.398331
v -3.282579 2.190529 0.423833
v -3.268072 2.190529 0.417265
v -3.296746 2.190529 0.431099
v -3.310544 2.190529 0.439050
v -3.383662 2.190529 0.500015
v -3.372775 2.190529 0.488399
v -3.393970 2.190529 0.512156
v -3.361325 2.190529 0.477330
v -3.349351 2.190529 0.466842
v -3.336874 2.190529 0.456935
v -3.323926 2.190529 0.447684
v -3.420887 2.666026 0.676784
v -3.418622 2.666026 0.663121
v -3.422473 2.666026 0.690526
v -3.423613 2.666026 0.718188
v -3.423385 2.666026 0.704344
v -3.423164 2.666026 0.732011
v -3.422044 2.666026 0.745815
v -3.459282 2.190529 0.781744
v -3.462122 2.190529 0.766079
v -3.464193 2.190529 0.750297
v -3.415695 2.666026 0.649598
v -3.412105 2.666026 0.636230
v -3.407863 2.666026 0.623051
v -3.402990 2.666026 0.610099
v -3.377295 2.666026 0.561149
v -3.369424 2.666026 0.549765
v -3.384619 2.666026 0.572899
v -3.391342 2.666026 0.584997
v -3.360992 2.666026 0.538787
v -3.397473 2.666026 0.597401
v -3.352025 2.666026 0.528245
v -3.342562 2.666026 0.518139
v -3.300105 2.666026 0.482742
v -3.288466 2.666026 0.475244
v -3.276477 2.666026 0.468326
v -3.264167 2.666026 0.462010
v -3.251551 2.666026 0.456296
v -3.311360 2.666026 0.490797
v -3.322206 2.666026 0.499398
v -3.332609 2.666026 0.508521
v -3.010617 2.666026 0.466271
v -2.998519 2.666026 0.472995
v -2.986770 2.666026 0.480318
v -3.035719 2.666026 0.454628
v -3.023021 2.666026 0.460140
v -2.975386 2.666026 0.488190
v -2.964408 2.666026 0.496621
v -2.953866 2.666026 0.505589
v -2.943759 2.666026 0.515051
v -3.088741 2.666026 0.438991
v -3.075218 2.666026 0.441918
v -3.116147 2.666026 0.435140
v -3.102404 2.666026 0.436726
v -3.143808 2.666026 0.434000
v -3.129964 2.666026 0.434229
v -2.900864 2.666026 0.569147
v -2.893947 2.666026 0.581136
v -2.887630 2.666026 0.593446
v -2.817503 2.190529 0.729403
v -2.818539 2.190529 0.745287
v -2.817225 2.190529 0.713486
v -3.212252 2.666026 0.442981
v -3.198781 2.666026 0.439848
v -3.225568 2.666026 0.446773
v -2.819040 2.190529 0.681696
v -2.817743 2.190529 0.697564
v -3.185155 2.666026 0.437370
v -3.171435 2.666026 0.435570
v -3.157631 2.666026 0.434449
v -3.238683 2.666026 0.451219
v -2.908363 2.666026 0.557508
v -2.925019 2.666026 0.535408
v -2.916417 2.666026 0.546253
v -2.934142 2.666026 0.525005
v -2.820374 2.190529 0.761102
v -2.822977 2.190529 0.776811
v -2.830464 2.190529 0.807756
v -2.835353 2.190529 0.822913
v -2.826342 2.190529 0.792374
v -2.840951 2.190529 0.837809
v -2.854348 2.190529 0.866693
v -2.862087 2.190529 0.880611
v -2.870502 2.190529 0.894127
v -2.847304 2.190529 0.852419
v -2.986487 2.190529 1.000893
v -3.000655 2.190529 1.008160
v -3.061851 2.666026 0.445508
v -2.972689 2.190529 0.992943
v -3.048671 2.666026 0.449750
v -2.959307 2.190529 0.984309
v -3.015161 2.190529 1.014727
v -3.045046 2.190529 1.025680
v -3.060352 2.190529 1.030055
v -2.921909 2.190529 0.954662
v -2.933882 2.190529 0.965151
v -3.221383 2.666026 0.986485
v -3.234563 2.666026 0.982242
v -2.910459 2.190529 0.943594
v -3.247514 2.666026 0.977370
v -3.075869 2.190529 1.033661
v -3.260212 2.666026 0.971852
v -2.889264 2.190529 0.919837
v -2.899572 2.190529 0.931978
v -3.208015 2.666026 0.990075
v -2.879572 2.190529 0.907218
v -3.272617 2.666026 0.965722
v -3.284714 2.666026 0.958998
v -3.180829 2.666026 0.995267
v -3.194492 2.666026 0.993002
v -3.029967 2.190529 1.020581
v -3.318826 2.666026 0.935372
v -3.329368 2.666026 0.926404
v -3.125602 2.666026 0.997544
v -3.139426 2.666026 0.997993
v -3.153270 2.666026 0.997764
v -3.307848 2.666026 0.943803
v -3.167087 2.666026 0.996853
v -3.296464 2.666026 0.951675
v -3.389287 2.666026 0.850857
v -3.031683 2.666026 0.975697
v -3.044551 2.666026 0.980774
v -3.019067 2.666026 0.969983
v -3.057665 2.666026 0.985219
v -3.070982 2.666026 0.989012
v -3.382370 2.666026 0.862846
v -3.366822 2.666026 0.885740
v -3.374871 2.666026 0.874484
v -2.946360 2.190529 0.975057
v -3.111799 2.666026 0.996423
v -3.339474 2.666026 0.916942
v -3.349092 2.666026 0.906988
v -3.409929 2.190529 0.898306
v -3.418568 2.190529 0.884925
v -3.098078 2.666026 0.994623
v -3.426514 2.190529 0.871126
v -3.358215 2.666026 0.896585
v -3.390771 2.190529 0.923731
v -3.400678 2.190529 0.911254
v -3.084453 2.666026 0.992145
v -3.433780 2.190529 0.856958
v -3.440348 2.190529 0.842452
v -3.369215 2.190529 0.947154
v -3.380283 2.190529 0.935704
v -3.455675 2.190529 0.797261
v -3.319747 2.190529 0.987112
v -3.332838 2.190529 0.978046
v -2.867538 2.666026 0.782395
v -2.871129 2.666026 0.795763
v -3.345462 2.190529 0.968350
v -2.864612 2.666026 0.768872
v -3.451300 2.190529 0.812567
v -2.862346 2.666026 0.755209
v -3.357598 2.190529 0.958042
v -3.446201 2.190529 0.827646
v -2.859620 2.666026 0.713805
v -2.859849 2.666026 0.727649
v -2.860069 2.666026 0.699982
v -2.860760 2.666026 0.741466
v -3.170907 2.190529 1.039074
v -3.186722 2.190529 1.037239
v -3.393005 2.684290 0.730299
v -3.393408 2.684290 0.717951
v -3.392000 2.684290 0.742616
v -3.139107 2.190529 1.040388
v -3.155023 2.190529 1.040110
v -3.091535 2.190529 1.036502
v -3.107316 2.190529 1.038573
v -3.123184 2.190529 1.039870
v -3.393200 2.684290 0.705595
v -2.861190 2.666026 0.686178
v -3.392385 2.684290 0.693256
v -3.390964 2.684290 0.680984
v -2.862990 2.666026 0.672458
v -3.383135 2.684290 0.644772
v -3.379345 2.684290 0.633012
v -3.386333 2.684290 0.656707
v -3.388949 2.684290 0.668788
v -3.337494 2.684290 0.557771
v -3.329491 2.684290 0.548347
v -3.345020 2.684290 0.567571
v -3.358585 2.684290 0.588224
v -3.352061 2.684290 0.577734
v -3.202432 2.190529 1.034636
v -3.217994 2.190529 1.031271
v -3.374986 2.684290 0.621446
v -3.233376 2.190529 1.027154
v -3.248533 2.190529 1.022260
v -3.263429 2.190529 1.016662
v -3.370064 2.684290 0.610111
v -3.364599 2.684290 0.599027
v -3.306231 2.190529 0.995526
v -3.168236 2.684290 0.465613
v -3.292314 2.190529 1.003265
v -3.180495 2.684290 0.467221
v -3.278040 2.190529 1.010310
v -2.789224 2.190584 0.678532
v -2.787803 2.190584 0.695870
v -3.204688 2.684290 0.472225
v -3.192654 2.684290 0.469428
v -2.787241 2.190584 0.713252
v -3.251037 2.684290 0.489216
v -3.239773 2.684290 0.484123
v -2.787535 2.190584 0.730646
v -3.228283 2.684290 0.479585
v -2.875371 2.666026 0.808942
v -2.791487 2.190584 0.661284
v -2.788679 2.190584 0.747998
v -2.790675 2.190584 0.765279
v -3.216572 2.684290 0.475613
v -2.880249 2.666026 0.821894
v -2.885761 2.666026 0.834592
v -2.794587 2.190584 0.644167
v -2.891891 2.666026 0.846996
v -2.898615 2.666026 0.859094
v -2.808882 2.190584 0.594028
v -2.803300 2.190584 0.610504
v -3.321039 2.684290 0.539337
v -2.801701 2.190584 0.816247
v -2.807034 2.190584 0.832800
v -2.798528 2.190584 0.627228
v -2.797193 2.190584 0.799438
v -2.815269 2.190584 0.577848
v -3.312153 2.684290 0.530740
v -2.922241 2.666026 0.893205
v -2.931209 2.666026 0.903748
v -2.793520 2.190584 0.782438
v -3.302855 2.684290 0.522600
v -3.293174 2.684290 0.514920
v -2.880892 2.190584 0.475981
v -2.869426 2.190584 0.489059
v -2.913810 2.666026 0.882228
v -2.865940 2.190584 0.938691
v -2.858620 2.190584 0.502688
v -3.262033 2.684290 0.494860
v -2.905938 2.666026 0.870844
v -2.855349 2.190584 0.924894
v -2.848494 2.190584 0.516833
v -3.272739 2.684290 0.501029
v -3.006757 2.666026 0.963666
v -2.836252 2.190584 0.895831
v -2.845441 2.190584 0.910597
v -3.283123 2.684290 0.507725
v -2.830379 2.190584 0.546527
v -2.822445 2.190584 0.562003
v -2.813168 2.190584 0.849078
v -2.892842 2.684290 0.677118
v -2.891233 2.684290 0.689377
v -2.994767 2.666026 0.956749
v -2.983129 2.666026 0.949250
v -2.897845 2.684290 0.652925
v -2.895049 2.684290 0.664959
v -2.971873 2.666026 0.941201
v -2.820092 2.190584 0.865034
v -2.839071 2.190584 0.531451
v -2.827796 2.190584 0.880628
v -2.940671 2.666026 0.913854
v -2.950625 2.666026 0.923472
v -2.909743 2.684290 0.617841
v -2.961028 2.666026 0.932595
v -3.126978 2.190584 0.361916
v -3.109620 2.190584 0.363059
v -3.104151 2.190584 1.068399
v -3.092340 2.190584 0.365056
v -2.905205 2.684290 0.629330
v -2.901234 2.684290 0.641042
v -3.024819 2.190584 0.381415
vn -0.9333 0.3511 0.0759
vn -0.9349 0.3508 0.0533
vn -0.9656 0.2543 0.0549
vn -0.9640 0.2543 0.0780
vn -0.9362 0.3513 0.0071
vn -0.9671 0.2544 0.0076
vn -0.9355 0.3513 -0.0385
vn -0.9662 0.2545 -0.0399
vn -0.9327 0.3506 -0.0844
vn -0.9632 0.2544 -0.0873
vn -0.9272 0.3510 -0.1304
vn -0.9577 0.2546 -0.1344
vn -0.9197 0.3512 -0.1754
vn -0.9500 0.2545 -0.1812
vn -0.9101 0.3509 -0.2202
vn -0.9400 0.2541 -0.2277
vn -0.8983 0.3505 -0.2649
vn -0.9277 0.2538 -0.2736
vn -0.8839 0.3511 -0.3088
vn -0.9132 0.2541 -0.3187
vn -0.8678 0.3511 -0.3515
vn -0.8964 0.2543 -0.3631
vn -0.8496 0.3509 -0.3938
vn -0.8774 0.2542 -0.4069
vn -0.8292 0.3510 -0.4349
vn -0.8566 0.2537 -0.4492
vn -0.8066 0.3513 -0.4753
vn -0.8333 0.2540 -0.4910
vn -0.7826 0.3508 -0.5143
vn -0.8083 0.2539 -0.5312
vn -0.7564 0.3512 -0.5519
vn -0.7813 0.2544 -0.5699
vn -0.7283 0.3512 -0.5884
vn -0.7522 0.2544 -0.6079
vn -0.6988 0.3508 -0.6234
vn -0.7218 0.2539 -0.6439
vn -0.6674 0.3513 -0.6567
vn -0.6894 0.2540 -0.6784
vn -0.6342 0.3510 -0.6889
vn -0.6550 0.2538 -0.7117
vn -0.5997 0.3509 -0.7192
vn -0.6195 0.2542 -0.7427
vn -0.5635 0.3511 -0.7478
vn -0.5821 0.2541 -0.7724
vn -0.5264 0.3511 -0.7744
vn -0.5435 0.2541 -0.8001
vn -0.4877 0.3502 -0.7997
vn -0.5036 0.2539 -0.8258
vn -0.4478 0.3509 -0.8224
vn -0.4627 0.2541 -0.8493
vn -0.4067 0.3514 -0.8433
vn -0.4201 0.2544 -0.8711
vn -0.3652 0.3510 -0.8622
vn -0.3769 0.2546 -0.8906
vn -0.3222 0.3506 -0.8793
vn -0.3329 0.2544 -0.9080
vn -0.2786 0.3513 -0.8939
vn -0.2879 0.2545 -0.9232
vn -0.2346 0.3513 -0.9064
vn -0.2421 0.2544 -0.9363
vn -0.1897 0.3508 -0.9170
vn -0.1961 0.2543 -0.9471
vn -0.1447 0.3514 -0.9250
vn -0.1496 0.2544 -0.9555
vn -0.0989 0.3514 -0.9310
vn -0.1020 0.2544 -0.9617
vn -0.0533 0.3508 -0.9349
vn -0.0549 0.2543 -0.9656
vn -0.0071 0.3513 -0.9362
vn -0.0076 0.2544 -0.9671
vn 0.0385 0.3513 -0.9355
vn 0.0399 0.2545 -0.9662
vn 0.0844 0.3506 -0.9327
vn 0.0873 0.2544 -0.9632
vn 0.1304 0.3510 -0.9272
vn 0.1344 0.2546 -0.9577
vn 0.1754 0.3512 -0.9197
vn 0.1812 0.2545 -0.9500
vn 0.2203 0.3508 -0.9101
vn 0.2279 0.2541 -0.9399
vn 0.2649 0.3502 -0.8984
vn 0.2736 0.2539 -0.9277
vn 0.3088 0.3511 -0.8839
vn 0.3187 0.2541 -0.9132
vn 0.3515 0.3511 -0.8678
vn 0.3631 0.2541 -0.8964
vn 0.3938 0.3509 -0.8496
vn 0.4069 0.2542 -0.8774
vn 0.4349 0.3510 -0.8292
vn 0.4492 0.2538 -0.8566
vn 0.4753 0.3513 -0.8067
vn 0.4910 0.2540 -0.8333
vn 0.5143 0.3508 -0.7826
vn 0.5312 0.2539 -0.8083
vn 0.5519 0.3512 -0.7564
vn 0.5699 0.2544 -0.7813
vn 0.5884 0.3512 -0.7283
vn 0.6079 0.2544 -0.7522
vn 0.6234 0.3508 -0.6988
vn 0.6439 0.2539 -0.7218
vn 0.6567 0.3513 -0.6674
vn 0.6784 0.2540 -0.6893
vn 0.6889 0.3510 -0.6342
vn 0.7117 0.2538 -0.6550
vn 0.7192 0.3510 -0.5996
vn 0.7427 0.2542 -0.6195
vn 0.7478 0.3511 -0.5635
vn 0.7724 0.2541 -0.5821
vn 0.7744 0.3511 -0.5264
vn 0.8001 0.2541 -0.5435
vn 0.7997 0.3502 -0.4877
vn 0.8258 0.2539 -0.5036
vn 0.8225 0.3508 -0.4477
vn 0.8493 0.2541 -0.4626
vn 0.8433 0.3512 -0.4068
vn 0.8711 0.2545 -0.4201
vn 0.8622 0.3510 -0.3652
vn 0.8906 0.2546 -0.3769
vn 0.8794 0.3506 -0.3222
vn 0.9080 0.2544 -0.3329
vn 0.8939 0.3513 -0.2786
vn 0.9232 0.2545 -0.2879
vn 0.9064 0.3513 -0.2347
vn 0.9363 0.2544 -0.2421
vn 0.9170 0.3508 -0.1897
vn 0.9471 0.2543 -0.1961
vn 0.9250 0.3514 -0.1447
vn 0.9555 0.2544 -0.1496
vn 0.9310 0.3514 -0.0989
vn 0.9617 0.2544 -0.1020
vn 0.9349 0.3508 -0.0533
vn 0.9656 0.2543 -0.0549
vn 0.9362 0.3513 -0.0071
vn 0.9671 0.2544 -0.0076
vn 0.9355 0.3513 0.0385
vn 0.9662 0.2545 0.0399
vn 0.9327 0.3506 0.0844
vn 0.9632 0.2544 0.0873
vn 0.9272 0.3511 0.1304
vn 0.9577 0.2546 0.1344
vn 0.9197 0.3514 0.1753
vn 0.9500 0.2544 0.1812
vn 0.9101 0.3509 0.2204
vn 0.9399 0.2541 0.2279
vn 0.8985 0.3502 0.2648
vn 0.9277 0.2539 0.2735
vn 0.8839 0.3511 0.3088
vn 0.9132 0.2541 0.3187
vn 0.8678 0.3511 0.3515
vn 0.8964 0.2541 0.3631
vn 0.8496 0.3509 0.3938
vn 0.8774 0.2542 0.4069
vn 0.8292 0.3510 0.4349
vn 0.8566 0.2537 0.4492
vn 0.8066 0.3513 0.4753
vn 0.8333 0.2540 0.4910
vn 0.7826 0.3508 0.5143
vn 0.8083 0.2539 0.5312
vn 0.7564 0.3512 0.5519
vn 0.7814 0.2544 0.5699
vn 0.7283 0.3512 0.5884
vn 0.7522 0.2544 0.6079
vn 0.6988 0.3508 0.6234
vn 0.7218 0.2539 0.6439
vn 0.6674 0.3512 0.6567
vn 0.6893 0.2540 0.6784
vn 0.6342 0.3510 0.6890
vn 0.6550 0.2538 0.7117
vn 0.5997 0.3509 0.7192
vn 0.6195 0.2542 0.7427
vn 0.5635 0.3511 0.7478
vn 0.5821 0.2543 0.7724
vn 0.5264 0.3511 0.7744
vn 0.5435 0.2541 0.8000
vn 0.4877 0.3505 0.7996
vn 0.5037 0.2538 0.8257
vn 0.4476 0.3509 0.8225
vn 0.4625 0.2541 0.8494
vn 0.4068 0.3512 0.8433
vn 0.4201 0.2545 0.8711
vn 0.3652 0.3510 0.8622
vn 0.3769 0.2546 0.8906
vn 0.3222 0.3506 0.8794
vn 0.3329 0.2544 0.9080
vn 0.2786 0.3513 0.8939
vn 0.2879 0.2545 0.9232
vn 0.2346 0.3513 0.9064
vn 0.2421 0.2544 0.9363
vn 0.1897 0.3508 0.9170
vn 0.1961 0.2543 0.9471
vn 0.1447 0.3514 0.9250
vn 0.1496 0.2544 0.9555
vn 0.0989 0.3514 0.9310
vn 0.1020 0.2544 0.9617
vn 0.0533 0.3508 0.9349
vn 0.0549 0.2543 0.9656
vn 0.0071 0.3513 0.9362
vn 0.0076 0.2544 0.9671
vn -0.0385 0.3513 0.9355
vn -0.0399 0.2545 0.9662
vn -0.0844 0.3506 0.9327
vn -0.0873 0.2544 0.9632
vn -0.1304 0.3511 0.9272
vn -0.1344 0.2546 0.9577
vn -0.1754 0.3514 0.9196
vn -0.1812 0.2544 0.9500
vn -0.2203 0.3510 0.9101
vn -0.2278 0.2541 0.9400
vn -0.2649 0.3505 0.8983
vn -0.2737 0.2538 0.9277
vn -0.3088 0.3511 0.8839
vn -0.3187 0.2541 0.9132
vn -0.3515 0.3511 0.8678
vn -0.3631 0.2543 0.8964
vn -0.3938 0.3510 0.8496
vn -0.4069 0.2542 0.8774
vn -0.4349 0.3510 0.8292
vn -0.4492 0.2538 0.8566
vn -0.4753 0.3513 0.8067
vn -0.4910 0.2540 0.8333
vn -0.5143 0.3508 0.7826
vn -0.5312 0.2539 0.8083
vn -0.5519 0.3512 0.7564
vn -0.5699 0.2544 0.7813
vn -0.5884 0.3512 0.7283
vn -0.6079 0.2544 0.7522
vn -0.6234 0.3508 0.6988
vn -0.6439 0.2539 0.7218
vn -0.6567 0.3513 0.6674
vn -0.6784 0.2540 0.6893
vn -0.6889 0.3510 0.6342
vn -0.7117 0.2538 0.6550
vn -0.7192 0.3509 0.5996
vn -0.7427 0.2542 0.6195
vn -0.7478 0.3511 0.5635
vn -0.7723 0.2543 0.5821
vn -0.7744 0.3511 0.5264
vn -0.8000 0.2541 0.5435
vn -0.7995 0.3505 0.4877
vn -0.8257 0.2538 0.5037
vn -0.8224 0.3510 0.4476
vn -0.8494 0.2541 0.4625
vn -0.8433 0.3514 0.4067
vn -0.8711 0.2544 0.4201
vn -0.8622 0.3511 0.3652
vn -0.8906 0.2546 0.3769
vn -0.8794 0.3506 0.3222
vn -0.9080 0.2544 0.3328
vn -0.8939 0.3513 0.2786
vn -0.9232 0.2545 0.2879
vn -0.9064 0.3513 0.2347
vn -0.9363 0.2544 0.2421
vn -0.9170 0.3508 0.1897
vn -0.9471 0.2543 0.1961
vn -0.9250 0.3514 0.1447
vn -0.9555 0.2544 0.1496
vn -0.9282 0.3515 0.1218
vn -0.9589 0.2544 0.1258
vn 0.9096 0.1564 -0.3850
vn 0.9274 0.1563 -0.3400
vn 0.9430 0.1558 -0.2940
vn 0.9563 0.1558 -0.2472
vn 0.9673 0.1559 -0.2003
vn -0.9887 -0.1389 0.0560
vn -0.9870 -0.1395 0.0804
vn -0.9903 -0.1389 0.0076
vn -0.9894 -0.1397 -0.0406
vn -0.9862 -0.1394 -0.0895
vn -0.9806 -0.1396 -0.1378
vn -0.9727 -0.1397 -0.1855
vn -0.9624 -0.1397 -0.2331
vn -0.9498 -0.1392 -0.2802
vn -0.9349 -0.1395 -0.3263
vn -0.9178 -0.1397 -0.3717
vn -0.8983 -0.1392 -0.4167
vn -0.8769 -0.1394 -0.4600
vn -0.8533 -0.1395 -0.5025
vn -0.8277 -0.1393 -0.5436
vn -0.8000 -0.1401 -0.5835
vn -0.7702 -0.1401 -0.6222
vn -0.7386 -0.1392 -0.6596
vn -0.7056 -0.1395 -0.6947
vn -0.6707 -0.1395 -0.7285
vn -0.6342 -0.1394 -0.7605
vn -0.5961 -0.1400 -0.7906
vn -0.5565 -0.1396 -0.8191
vn -0.5157 -0.1393 -0.8454
vn -0.4735 -0.1400 -0.8696
vn -0.4302 -0.1400 -0.8918
vn -0.3861 -0.1399 -0.9118
vn -0.3407 -0.1396 -0.9297
vn -0.2947 -0.1395 -0.9453
vn -0.2480 -0.1391 -0.9587
vn -0.2011 -0.1394 -0.9696
vn -0.1528 -0.1406 -0.9782
vn -0.1047 -0.1406 -0.9845
vn -0.0559 -0.1394 -0.9887
vn -0.0076 -0.1392 -0.9902
vn 0.0407 -0.1398 -0.9893
vn 0.0894 -0.1398 -0.9861
vn 0.1377 -0.1400 -0.9805
vn 0.1855 -0.1401 -0.9726
vn 0.2331 -0.1401 -0.9623
vn 0.2801 -0.1395 -0.9498
vn 0.3264 -0.1399 -0.9348
vn 0.3718 -0.1402 -0.9176
vn 0.4166 -0.1397 -0.8983
vn 0.4600 -0.1398 -0.8768
vn 0.5025 -0.1399 -0.8532
vn 0.5437 -0.1400 -0.8276
vn 0.5834 -0.1407 -0.7999
vn 0.6224 -0.1407 -0.7700
vn 0.6593 -0.1400 -0.7388
vn 0.6947 -0.1399 -0.7056
vn 0.7285 -0.1398 -0.6706
vn 0.7604 -0.1398 -0.6342
vn 0.7907 -0.1402 -0.5960
vn 0.8190 -0.1399 -0.5565
vn 0.8454 -0.1395 -0.5157
vn 0.8696 -0.1401 -0.4735
vn 0.8918 -0.1401 -0.4302
vn 0.9118 -0.1400 -0.3860
vn 0.9297 -0.1398 -0.3407
vn 0.9453 -0.1397 -0.2946
vn 0.9587 -0.1392 -0.2482
vn 0.9696 -0.1394 -0.2010
vn 0.9782 -0.1406 -0.1528
vn 0.9845 -0.1406 -0.1047
vn 0.9887 -0.1394 -0.0559
vn 0.9902 -0.1391 -0.0078
vn 0.9894 -0.1395 0.0409
vn 0.9862 -0.1396 0.0893
vn 0.9805 -0.1399 0.1377
vn 0.9726 -0.1400 0.1856
vn 0.9623 -0.1399 0.2331
vn 0.9498 -0.1394 0.2801
vn 0.9349 -0.1396 0.3263
vn 0.9177 -0.1400 0.3719
vn 0.8984 -0.1394 0.4165
vn 0.8769 -0.1395 0.4601
vn 0.8532 -0.1395 0.5025
vn 0.8278 -0.1392 0.5435
vn 0.7999 -0.1401 0.5836
vn 0.7701 -0.1401 0.6224
vn 0.7388 -0.1393 0.6594
vn 0.7056 -0.1395 0.6947
vn 0.6707 -0.1394 0.7285
vn 0.6344 -0.1392 0.7604
vn 0.5959 -0.1397 0.7908
vn 0.5565 -0.1395 0.8191
vn 0.5158 -0.1392 0.8453
vn 0.4735 -0.1397 0.8697
vn 0.4302 -0.1397 0.8919
vn 0.3861 -0.1396 0.9118
vn 0.3409 -0.1394 0.9297
vn 0.2945 -0.1397 0.9454
vn 0.2481 -0.1389 0.9587
vn 0.2010 -0.1389 0.9697
vn 0.1529 -0.1398 0.9783
vn 0.1046 -0.1398 0.9846
vn 0.0559 -0.1389 0.9887
vn 0.0079 -0.1387 0.9903
vn -0.0409 -0.1394 0.9894
vn -0.0894 -0.1393 0.9862
vn -0.1377 -0.1395 0.9806
vn -0.1856 -0.1395 0.9727
vn -0.2331 -0.1395 0.9624
vn -0.2801 -0.1389 0.9498
vn -0.3263 -0.1392 0.9350
vn -0.3719 -0.1396 0.9177
vn -0.4165 -0.1391 0.8984
vn -0.4601 -0.1391 0.8769
vn -0.5025 -0.1392 0.8533
vn -0.5437 -0.1390 0.8277
vn -0.5834 -0.1397 0.8001
vn -0.6225 -0.1397 0.7701
vn -0.6594 -0.1390 0.7388
vn -0.6948 -0.1392 0.7056
vn -0.7285 -0.1391 0.6707
vn -0.7605 -0.1390 0.6342
vn -0.7907 -0.1396 0.5961
vn -0.8191 -0.1392 0.5565
vn -0.8454 -0.1389 0.5157
vn -0.8697 -0.1395 0.4735
vn -0.8919 -0.1395 0.4302
vn -0.9119 -0.1394 0.3861
vn -0.9297 -0.1393 0.3408
vn -0.9453 -0.1394 0.2948
vn -0.9588 -0.1386 0.2478
vn -0.9697 -0.1389 0.2011
vn -0.9783 -0.1397 0.1529
vn -0.9818 -0.1399 0.1288
vn -0.0018 -1.0000 0.0001
vn -0.0018 -1.0000 -0.0000
vn -0.0018 -1.0000 -0.0001
vn -0.0018 -1.0000 -0.0002
vn -0.0018 -1.0000 -0.0003
vn -0.0018 -1.0000 -0.0004
vn -0.0017 -1.0000 -0.0005
vn -0.0017 -1.0000 -0.0006
vn -0.0017 -1.0000 -0.0007
vn -0.0016 -1.0000 -0.0008
vn -0.0016 -1.0000 -0.0009
vn -0.0015 -1.0000 -0.0010
vn -0.0015 -1.0000 -0.0011
vn -0.0014 -1.0000 -0.0011
vn -0.0014 -1.0000 -0.0012
vn -0.0013 -1.0000 -0.0013
vn -0.0012 -1.0000 -0.0013
vn -0.0012 -1.0000 -0.0014
vn -0.0011 -1.0000 -0.0014
vn -0.0010 -1.0000 -0.0015
vn -0.0009 -1.0000 -0.0015
vn -0.0009 -1.0000 -0.0016
vn -0.0008 -1.0000 -0.0016
vn -0.0007 -1.0000 -0.0017
vn -0.0006 -1.0000 -0.0017
vn -0.0005 -1.0000 -0.0017
vn -0.0005 -1.0000 -0.0018
vn -0.0004 -1.0000 -0.0018
vn -0.0003 -1.0000 -0.0018
vn -0.0002 -1.0000 -0.0018
vn -0.0001 -1.0000 -0.0018
vn -0.0000 -1.0000 -0.0018
vn 0.0001 -1.0000 -0.0018
vn 0.0002 -1.0000 -0.0018
vn 0.0003 -1.0000 -0.0018
vn 0.0004 -1.0000 -0.0018
vn 0.0005 -1.0000 -0.0017
vn 0.0006 -1.0000 -0.0017
vn 0.0007 -1.0000 -0.0017
vn 0.0008 -1.0000 -0.0016
vn 0.0009 -1.0000 -0.0016
vn 0.0010 -1.0000 -0.0015
vn 0.0011 -1.0000 -0.0015
vn 0.0011 -1.0000 -0.0014
vn 0.0012 -1.0000 -0.0014
vn 0.0013 -1.0000 -0.0013
vn 0.0013 -1.0000 -0.0012
vn 0.0014 -1.0000 -0.0012
vn 0.0015 -1.0000 -0.0011
vn 0.0015 -1.0000 -0.0010
vn 0.0016 -1.0000 -0.0009
vn 0.0016 -1.0000 -0.0008
vn 0.0017 -1.0000 -0.0007
vn 0.0017 -1.0000 -0.0006
vn 0.0017 -1.0000 -0.0005
vn 0.0018 -1.0000 -0.0005
vn 0.0018 -1.0000 -0.0004
vn 0.0018 -1.0000 -0.0003
vn 0.0018 -1.0000 -0.0002
vn 0.9886 -0.1396 -0.0561
vn 0.9902 -0.1392 -0.0077
vn 0.9894 -0.1396 0.0410
vn 0.9862 -0.1397 0.0893
vn 0.9805 -0.1399 0.1378
vn 0.9624 -0.1398 0.2330
vn 0.9498 -0.1393 0.2801
vn 0.9348 -0.1397 0.3264
vn 0.9177 -0.1399 0.3719
vn 0.8768 -0.1395 0.4601
vn 0.8533 -0.1395 0.5025
vn 0.8277 -0.1394 0.5436
vn 0.7998 -0.1403 0.5837
vn 0.7702 -0.1398 0.6223
vn 0.0014 -1.0000 0.0012
vn 0.0013 -1.0000 0.0013
vn 0.0012 -1.0000 0.0013
vn 0.0012 -1.0000 0.0014
vn 0.0011 -1.0000 0.0014
vn 0.0010 -1.0000 0.0015
vn 0.0009 -1.0000 0.0015
vn 0.0009 -1.0000 0.0016
vn 0.0008 -1.0000 0.0016
vn 0.0007 -1.0000 0.0017
vn 0.0006 -1.0000 0.0017
vn 0.0005 -1.0000 0.0017
vn 0.0005 -1.0000 0.0018
vn 0.0004 -1.0000 0.0018
vn 0.0003 -1.0000 0.0018
vn 0.1047 -0.1399 0.9846
vn 0.0001 -1.0000 0.0018
vn -0.0000 -1.0000 0.0018
vn -0.0001 -1.0000 0.0018
vn -0.0002 -1.0000 0.0018
vn -0.0003 -1.0000 0.0018
vn -0.0004 -1.0000 0.0018
vn -0.0005 -1.0000 0.0017
vn -0.0006 -1.0000 0.0017
vn -0.0007 -1.0000 0.0017
vn -0.0008 -1.0000 0.0016
vn -0.0009 -1.0000 0.0016
vn -0.0010 -1.0000 0.0015
vn -0.0011 -1.0000 0.0015
vn -0.0011 -1.0000 0.0014
vn -0.0012 -1.0000 0.0014
vn -0.0013 -1.0000 0.0013
vn -0.0013 -1.0000 0.0012
vn -0.0014 -1.0000 0.0012
vn -0.0015 -1.0000 0.0011
vn -0.0015 -1.0000 0.0010
vn -0.0015 -1.0000 0.0009
vn -0.0016 -1.0000 0.0009
vn -0.0016 -1.0000 0.0008
vn -0.0017 -1.0000 0.0007
vn -0.0017 -1.0000 0.0006
vn -0.0017 -1.0000 0.0005
vn -0.0018 -1.0000 0.0004
vn -0.0018 -1.0000 0.0003
vn -0.0018 -1.0000 0.0002
vn -0.0013 -1.0000 -0.0012
vn 0.1437 -0.3659 0.9195
vn 0.0984 -0.3659 0.9254
vn 0.0530 -0.3663 0.9290
vn 0.0073 -0.3663 0.9305
vn -0.0387 -0.3654 0.9300
vn -0.0839 -0.3662 0.9267
vn -0.1296 -0.3655 0.9217
vn -0.1745 -0.3654 0.9143
vn -0.5487 -0.3655 0.7519
vn -0.5849 -0.3655 0.7241
vn -0.6197 -0.3656 0.6945
vn -0.6530 -0.3659 0.6631
vn -0.6848 -0.3659 0.6302
vn -0.7147 -0.3659 0.5960
vn -0.7430 -0.3662 0.5602
vn -0.7700 -0.3655 0.5229
vn -0.7944 -0.3660 0.4847
vn -0.8175 -0.3656 0.4450
vn -0.8384 -0.3654 0.4045
vn -0.8571 -0.3655 0.3630
vn -0.8737 -0.3662 0.3202
vn -0.8886 -0.3654 0.2773
vn -0.9009 -0.3663 0.2330
vn -0.9112 -0.3663 0.1885
vn -0.9195 -0.3659 0.1437
vn -0.9254 -0.3659 0.0984
vn -0.9290 -0.3663 0.0530
vn -0.9305 -0.3663 0.0073
vn -0.9300 -0.3655 -0.0386
vn -0.9267 -0.3662 -0.0839
vn -0.9217 -0.3655 -0.1296
vn -0.9143 -0.3654 -0.1745
vn -0.9047 -0.3656 -0.2190
vn -0.8926 -0.3660 -0.2634
vn -0.8788 -0.3656 -0.3066
vn -0.8624 -0.3662 -0.3495
vn -0.8443 -0.3659 -0.3914
vn -0.8242 -0.3659 -0.4322
vn -0.8020 -0.3659 -0.4721
vn -0.7779 -0.3656 -0.5111
vn -0.7519 -0.3655 -0.5487
vn 0.0014 -1.0000 0.0011
vn 0.0013 -1.0000 0.0012
vn -0.6631 -0.3659 -0.6530
vn -0.6302 -0.3659 -0.6848
vn -0.5960 -0.3659 -0.7147
vn -0.5602 -0.3661 -0.7430
vn -0.4449 -0.3655 -0.8176
vn -0.4045 -0.3654 -0.8384
vn -0.2773 -0.3655 -0.8886
vn 0.0002 -1.0000 0.0018
vn -0.0014 -1.0000 0.0011
vn -0.0018 -1.0000 0.0005
vn 0.9291 -0.3661 -0.0529
vn 0.9276 -0.3657 -0.0755
vn 0.9304 -0.3665 -0.0075
vn 0.9300 -0.3656 0.0386
vn 0.9269 -0.3659 0.0840
vn 0.9218 -0.3654 0.1294
vn 0.9143 -0.3655 0.1746
vn 0.9046 -0.3656 0.2190
vn 0.8926 -0.3658 0.2634
vn 0.8789 -0.3654 0.3066
vn 0.8623 -0.3663 0.3497
vn 0.8444 -0.3658 0.3914
vn 0.8242 -0.3659 0.4323
vn 0.8020 -0.3660 0.4721
vn 0.7779 -0.3658 0.5110
vn 0.7519 -0.3655 0.5487
vn 0.7241 -0.3655 0.5849
vn 0.6944 -0.3657 0.6197
vn 0.6630 -0.3660 0.6530
vn 0.6303 -0.3659 0.6848
vn 0.5960 -0.3658 0.7148
vn 0.5602 -0.3663 0.7430
vn 0.5230 -0.3657 0.7699
vn 0.4848 -0.3658 0.7945
vn 0.4451 -0.3654 0.8175
vn 0.4045 -0.3655 0.8383
vn 0.3629 -0.3654 0.8572
vn 0.3202 -0.3659 0.8738
vn 0.2772 -0.3656 0.8886
vn 0.2328 -0.3665 0.9008
vn 0.1886 -0.3661 0.9113
vn 0.1438 -0.3658 0.9195
vn 0.0983 -0.3658 0.9255
vn 0.0529 -0.3661 0.9291
vn 0.0075 -0.3665 0.9304
vn -0.0386 -0.3655 0.9300
vn -0.0840 -0.3659 0.9269
vn -0.1295 -0.3654 0.9218
vn -0.1745 -0.3655 0.9143
vn -0.2191 -0.3654 0.9047
vn -0.2634 -0.3658 0.8927
vn -0.3066 -0.3656 0.8788
vn -0.3496 -0.3663 0.8623
vn -0.3914 -0.3658 0.8444
vn -0.4322 -0.3658 0.8242
vn -0.4721 -0.3659 0.8020
vn -0.5110 -0.3657 0.7779
vn -0.6197 -0.3657 0.6944
vn -0.7148 -0.3658 0.5960
vn -0.7429 -0.3663 0.5602
vn -0.7700 -0.3656 0.5230
vn -0.7945 -0.3658 0.4848
vn -0.8175 -0.3655 0.4451
vn -0.8383 -0.3655 0.4045
vn -0.8572 -0.3654 0.3629
vn -0.8738 -0.3659 0.3203
vn -0.8886 -0.3655 0.2772
vn -0.9008 -0.3665 0.2328
vn -0.9113 -0.3661 0.1886
vn -0.9195 -0.3658 0.1438
vn -0.9255 -0.3658 0.0983
vn -0.9291 -0.3661 0.0529
vn -0.9304 -0.3665 0.0075
vn -0.9300 -0.3656 -0.0386
vn -0.9269 -0.3659 -0.0840
vn -0.9218 -0.3654 -0.1295
vn -0.9143 -0.3655 -0.1745
vn -0.9047 -0.3654 -0.2191
vn -0.8926 -0.3658 -0.2634
vn -0.8788 -0.3657 -0.3066
vn -0.8624 -0.3663 -0.3496
vn -0.8444 -0.3658 -0.3914
vn -0.8242 -0.3659 -0.4323
vn -0.8020 -0.3660 -0.4721
vn -0.7779 -0.3658 -0.5110
vn -0.7241 -0.3655 -0.5849
vn -0.6944 -0.3657 -0.6197
vn -0.6630 -0.3660 -0.6530
vn -0.6303 -0.3659 -0.6848
vn -0.5960 -0.3658 -0.7148
vn -0.5603 -0.3663 -0.7429
vn -0.5229 -0.3654 -0.7701
vn -0.4848 -0.3658 -0.7944
vn -0.4449 -0.3656 -0.8175
vn -0.4045 -0.3655 -0.8383
vn -0.3629 -0.3654 -0.8572
vn -0.3203 -0.3659 -0.8738
vn -0.2772 -0.3656 -0.8886
vn -0.2328 -0.3665 -0.9008
vn -0.1886 -0.3661 -0.9113
vn -0.1438 -0.3658 -0.9195
vn -0.0983 -0.3658 -0.9255
vn -0.0529 -0.3661 -0.9291
vn -0.0075 -0.3665 -0.9304
vn 0.0386 -0.3656 -0.9300
vn 0.0840 -0.3659 -0.9269
vn 0.1295 -0.3654 -0.9218
vn 0.1745 -0.3655 -0.9143
vn 0.2189 -0.3657 -0.9046
vn 0.2635 -0.3661 -0.8925
vn 0.3066 -0.3654 -0.8789
vn 0.3497 -0.3663 -0.8623
vn 0.3914 -0.3658 -0.8444
vn 0.4323 -0.3659 -0.8242
vn 0.4721 -0.3660 -0.8020
vn 0.5110 -0.3657 -0.7779
vn 0.5486 -0.3657 -0.7519
vn 0.5849 -0.3657 -0.7240
vn 0.6197 -0.3657 -0.6944
vn 0.6530 -0.3660 -0.6630
vn 0.6847 -0.3659 -0.6303
vn 0.7148 -0.3658 -0.5960
vn 0.7429 -0.3663 -0.5603
vn 0.7701 -0.3654 -0.5229
vn 0.7943 -0.3661 -0.4848
vn 0.8175 -0.3657 -0.4449
vn 0.8383 -0.3655 -0.4045
vn 0.8572 -0.3654 -0.3629
vn 0.8738 -0.3659 -0.3203
vn 0.8885 -0.3656 -0.2772
vn 0.9008 -0.3665 -0.2328
vn 0.9113 -0.3661 -0.1886
vn 0.9195 -0.3658 -0.1438
vn 0.9228 -0.3657 -0.1211
vn 0.9875 -0.1476 -0.0562
vn 0.9858 -0.1475 -0.0802
vn 0.9892 -0.1465 -0.0076
vn 0.9884 -0.1463 0.0404
vn 0.9850 -0.1474 0.0893
vn 0.9795 -0.1469 0.1376
vn 0.9716 -0.1471 0.1855
vn 0.9615 -0.1464 0.2327
vn 0.9488 -0.1462 0.2801
vn 0.9339 -0.1468 0.3261
vn 0.9167 -0.1469 0.3716
vn 0.8974 -0.1476 0.4158
vn 0.8758 -0.1468 0.4598
vn 0.8523 -0.1468 0.5020
vn 0.8269 -0.1468 0.5428
vn 0.7993 -0.1470 0.5827
vn 0.7692 -0.1470 0.6219
vn 0.7378 -0.1469 0.6589
vn 0.7049 -0.1467 0.6940
vn 0.6702 -0.1468 0.7275
vn 0.6332 -0.1476 0.7598
vn 0.5955 -0.1469 0.7898
vn 0.5560 -0.1468 0.8181
vn 0.5152 -0.1462 0.8445
vn 0.4731 -0.1459 0.8689
vn 0.4300 -0.1469 0.8908
vn 0.3857 -0.1469 0.9109
vn 0.3404 -0.1474 0.9287
vn 0.2941 -0.1463 0.9445
vn 0.2476 -0.1465 0.9577
vn 0.2006 -0.1470 0.9686
vn 0.1529 -0.1473 0.9772
vn 0.1044 -0.1473 0.9836
vn 0.0561 -0.1470 0.9875
vn 0.0078 -0.1465 0.9892
vn -0.0407 -0.1466 0.9884
vn -0.0890 -0.1477 0.9850
vn -0.1377 -0.1470 0.9795
vn -0.1855 -0.1470 0.9716
vn -0.2329 -0.1459 0.9615
vn -0.2799 -0.1462 0.9488
vn -0.3261 -0.1468 0.9339
vn -0.3716 -0.1469 0.9167
vn -0.4158 -0.1476 0.8974
vn -0.4598 -0.1468 0.8758
vn -0.5020 -0.1468 0.8523
vn -0.5428 -0.1469 0.8269
vn -0.5827 -0.1470 0.7993
vn -0.6219 -0.1470 0.7692
vn -0.6589 -0.1469 0.7378
vn -0.6940 -0.1467 0.7049
vn -0.7276 -0.1468 0.6702
vn -0.7598 -0.1476 0.6332
vn -0.7898 -0.1469 0.5955
vn -0.8181 -0.1468 0.5561
vn -0.8445 -0.1462 0.5152
vn -0.8689 -0.1459 0.4731
vn -0.8908 -0.1469 0.4300
vn -0.9109 -0.1469 0.3857
vn -0.9287 -0.1474 0.3404
vn -0.9445 -0.1463 0.2941
vn -0.9577 -0.1465 0.2476
vn -0.9686 -0.1470 0.2006
vn -0.9772 -0.1473 0.1528
vn -0.9836 -0.1473 0.1044
vn -0.9875 -0.1470 0.0561
vn -0.9892 -0.1465 0.0078
vn -0.9884 -0.1463 -0.0404
vn -0.9850 -0.1474 -0.0893
vn -0.9795 -0.1470 -0.1377
vn -0.9716 -0.1470 -0.1855
vn -0.9615 -0.1459 -0.2329
vn -0.9488 -0.1462 -0.2799
vn -0.9339 -0.1468 -0.3262
vn -0.9167 -0.1469 -0.3716
vn -0.8974 -0.1476 -0.4158
vn -0.8758 -0.1468 -0.4598
vn -0.8523 -0.1468 -0.5020
vn -0.8269 -0.1469 -0.5428
vn -0.7993 -0.1470 -0.5827
vn -0.7692 -0.1470 -0.6219
vn -0.7378 -0.1469 -0.6589
vn -0.7049 -0.1468 -0.6940
vn -0.6702 -0.1468 -0.7275
vn -0.6519 -0.1474 -0.7439
vn -0.5760 -0.1466 -0.8042
vn -0.5560 -0.1468 -0.8181
vn -0.5154 -0.1462 -0.8444
vn -0.4942 -0.1463 -0.8570
vn -0.4086 -0.1470 -0.9008
vn -0.3857 -0.1469 -0.9109
vn -0.3404 -0.1474 -0.9287
vn -0.2941 -0.1463 -0.9445
vn -0.2478 -0.1465 -0.9577
vn -0.2005 -0.1476 -0.9685
vn -0.1528 -0.1474 -0.9772
vn -0.1045 -0.1474 -0.9835
vn -0.0562 -0.1476 -0.9875
vn -0.0076 -0.1465 -0.9892
vn 0.0407 -0.1466 -0.9884
vn 0.0890 -0.1477 -0.9850
vn 0.1376 -0.1469 -0.9795
vn 0.1855 -0.1470 -0.9716
vn 0.2327 -0.1464 -0.9615
vn 0.2801 -0.1462 -0.9488
vn 0.3261 -0.1468 -0.9339
vn 0.3716 -0.1469 -0.9167
vn 0.4158 -0.1476 -0.8974
vn 0.4598 -0.1468 -0.8758
vn 0.5020 -0.1468 -0.8523
vn 0.5428 -0.1469 -0.8269
vn 0.5827 -0.1470 -0.7993
vn 0.6219 -0.1470 -0.7692
vn 0.6589 -0.1469 -0.7378
vn 0.6940 -0.1468 -0.7049
vn 0.7275 -0.1468 -0.6702
vn 0.7598 -0.1476 -0.6332
vn 0.7898 -0.1469 -0.5955
vn 0.8181 -0.1468 -0.5561
vn 0.8444 -0.1462 -0.5154
vn 0.8689 -0.1464 -0.4729
vn 0.8909 -0.1471 -0.4298
vn 0.9108 -0.1470 -0.3858
vn 0.9287 -0.1474 -0.3404
vn 0.9445 -0.1463 -0.2941
vn 0.9577 -0.1465 -0.2478
vn 0.9685 -0.1476 -0.2005
vn 0.9772 -0.1475 -0.1528
vn 0.9807 -0.1474 -0.1287
vn 0.9983 -0.0154 -0.0569
vn 0.9966 -0.0154 -0.0810
vn 0.9999 -0.0150 -0.0080
vn 0.9990 -0.0151 0.0411
vn 0.9958 -0.0156 0.0903
vn 0.9901 -0.0157 0.1391
vn 0.9822 -0.0153 0.1873
vn 0.9719 -0.0152 0.2351
vn 0.9590 -0.0150 0.2830
vn 0.9439 -0.0152 0.3298
vn 0.9266 -0.0151 0.3757
vn 0.9072 -0.0154 0.4204
vn 0.8854 -0.0151 0.4645
vn 0.8616 -0.0150 0.5074
vn 0.8358 -0.0150 0.5488
vn 0.8079 -0.0154 0.5891
vn 0.7776 -0.0154 0.6286
vn 0.7458 -0.0150 0.6660
vn 0.7125 -0.0150 0.7015
vn 0.6773 -0.0150 0.7356
vn 0.6402 -0.0154 0.7680
vn 0.6020 -0.0151 0.7983
vn 0.5621 -0.0152 0.8269
vn 0.5208 -0.0149 0.8536
vn 0.4779 -0.0150 0.8783
vn 0.4344 -0.0153 0.9006
vn 0.3899 -0.0157 0.9207
vn 0.3442 -0.0156 0.9388
vn 0.2974 -0.0151 0.9546
vn 0.2502 -0.0149 0.9681
vn 0.2026 -0.0152 0.9791
vn 0.1545 -0.0154 0.9879
vn 0.1056 -0.0154 0.9943
vn 0.0569 -0.0152 0.9983
vn 0.0080 -0.0149 0.9999
vn -0.0412 -0.0150 0.9990
vn -0.0902 -0.0155 0.9958
vn -0.1392 -0.0156 0.9901
vn -0.1873 -0.0153 0.9822
vn -0.2352 -0.0150 0.9718
vn -0.2830 -0.0149 0.9590
vn -0.3298 -0.0152 0.9439
vn -0.3757 -0.0151 0.9266
vn -0.4204 -0.0154 0.9072
vn -0.4646 -0.0150 0.8854
vn -0.5074 -0.0150 0.8616
vn -0.5488 -0.0150 0.8358
vn -0.5891 -0.0154 0.8079
vn -0.6286 -0.0154 0.7776
vn -0.6659 -0.0150 0.7459
vn -0.7015 -0.0150 0.7125
vn -0.7356 -0.0151 0.6773
vn -0.7680 -0.0154 0.6402
vn -0.7983 -0.0151 0.6020
vn -0.8269 -0.0152 0.5621
vn -0.8535 -0.0150 0.5208
vn -0.8783 -0.0150 0.4779
vn -0.9006 -0.0153 0.4344
vn -0.9207 -0.0157 0.3899
vn -0.9388 -0.0156 0.3442
vn -0.9546 -0.0151 0.2974
vn -0.9681 -0.0149 0.2502
vn -0.9791 -0.0152 0.2026
vn -0.9879 -0.0154 0.1545
vn -0.9943 -0.0154 0.1056
vn -0.9983 -0.0152 0.0569
vn -0.9999 -0.0149 0.0080
vn -0.9990 -0.0151 -0.0411
vn -0.9958 -0.0156 -0.0903
vn -0.9901 -0.0156 -0.1392
vn -0.9822 -0.0153 -0.1873
vn -0.9718 -0.0150 -0.2352
vn -0.9590 -0.0149 -0.2830
vn -0.9439 -0.0152 -0.3298
vn -0.9266 -0.0151 -0.3757
vn -0.9072 -0.0154 -0.4204
vn -0.8854 -0.0151 -0.4646
vn -0.8616 -0.0150 -0.5074
vn -0.8358 -0.0150 -0.5488
vn -0.8079 -0.0154 -0.5891
vn -0.7776 -0.0154 -0.6286
vn -0.7458 -0.0150 -0.6660
vn -0.7125 -0.0150 -0.7015
vn -0.6773 -0.0151 -0.7356
vn -0.6463 0.0290 -0.7625
vn -0.5953 0.0292 -0.8030
vn -0.5621 -0.0152 -0.8269
vn -0.5208 -0.0150 -0.8535
vn -0.4850 0.0291 -0.8741
vn -0.4271 0.0291 -0.9037
vn -0.3899 -0.0157 -0.9207
vn -0.3442 -0.0156 -0.9388
vn -0.2974 -0.0151 -0.9546
vn -0.2503 -0.0150 -0.9681
vn -0.2025 -0.0154 -0.9792
vn -0.1545 -0.0154 -0.9879
vn -0.1056 -0.0154 -0.9943
vn -0.0569 -0.0154 -0.9983
vn -0.0080 -0.0150 -0.9999
vn 0.0412 -0.0150 -0.9990
vn 0.0902 -0.0155 -0.9958
vn 0.1391 -0.0157 -0.9901
vn 0.1873 -0.0153 -0.9822
vn 0.2351 -0.0152 -0.9719
vn 0.2830 -0.0150 -0.9590
vn 0.3298 -0.0152 -0.9439
vn 0.3757 -0.0151 -0.9266
vn 0.4204 -0.0154 -0.9072
vn 0.4646 -0.0151 -0.8854
vn 0.5074 -0.0150 -0.8616
vn 0.5488 -0.0150 -0.8358
vn 0.5891 -0.0154 -0.8079
vn 0.6286 -0.0154 -0.7776
vn 0.6659 -0.0150 -0.7459
vn 0.7015 -0.0150 -0.7125
vn 0.7356 -0.0150 -0.6773
vn 0.7680 -0.0154 -0.6402
vn 0.7983 -0.0151 -0.6020
vn 0.8269 -0.0152 -0.5621
vn 0.8535 -0.0150 -0.5209
vn 0.8783 -0.0152 -0.4779
vn 0.9006 -0.0153 -0.4343
vn 0.9207 -0.0156 -0.3899
vn 0.9388 -0.0156 -0.3442
vn 0.9546 -0.0151 -0.2974
vn 0.9681 -0.0150 -0.2503
vn 0.9791 -0.0154 -0.2026
vn 0.9879 -0.0154 -0.1545
vn 0.9914 -0.0153 -0.1301
vn 0.0039 1.0000 -0.0002
vn 0.9898 0.1171 -0.0806
vn 0.9931 0.1173 -0.0078
vn 0.9923 0.1169 0.0410
vn 0.9891 0.1169 0.0899
vn 0.9835 0.1164 0.1382
vn 0.9756 0.1171 0.1859
vn 0.9653 0.1163 0.2338
vn 0.9526 0.1166 0.2810
vn 0.9376 0.1166 0.3275
vn 0.9204 0.1167 0.3730
vn 0.9011 0.1169 0.4176
vn 0.8795 0.1172 0.4613
vn 0.8558 0.1171 0.5039
vn 0.8300 0.1173 0.5452
vn 0.8024 0.1167 0.5853
vn 0.7725 0.1167 0.6242
vn 0.7409 0.1173 0.6613
vn 0.7076 0.1171 0.6968
vn 0.6726 0.1172 0.7307
vn 0.6359 0.1169 0.7628
vn 0.5979 0.1167 0.7930
vn 0.5584 0.1166 0.8213
vn 0.5172 0.1165 0.8479
vn 0.4749 0.1163 0.8723
vn 0.4312 0.1171 0.8946
vn 0.3873 0.1164 0.9146
vn 0.3420 0.1169 0.9324
vn 0.2956 0.1168 0.9481
vn 0.2486 0.1173 0.9615
vn 0.2011 0.1173 0.9725
vn 0.1534 0.1170 0.9812
vn 0.1049 0.1170 0.9876
vn 0.0002 1.0000 0.0039
vn -0.0000 1.0000 0.0039
vn -0.0002 1.0000 0.0039
vn -0.0004 1.0000 0.0039
vn -0.0006 1.0000 0.0039
vn -0.0007 1.0000 0.0038
vn -0.0009 1.0000 0.0038
vn -0.0011 1.0000 0.0037
vn -0.0013 1.0000 0.0037
vn -0.0015 1.0000 0.0036
vn -0.0016 1.0000 0.0035
vn -0.0018 1.0000 0.0035
vn -0.0020 1.0000 0.0034
vn -0.0021 1.0000 0.0033
vn -0.0023 1.0000 0.0032
vn -0.0025 1.0000 0.0030
vn -0.0026 1.0000 0.0029
vn -0.0027 1.0000 0.0028
vn -0.0029 1.0000 0.0026
vn -0.0030 1.0000 0.0025
vn -0.0031 1.0000 0.0023
vn -0.0032 1.0000 0.0022
vn -0.0033 1.0000 0.0020
vn -0.0034 1.0000 0.0019
vn -0.0035 1.0000 0.0017
vn -0.9146 0.1164 0.3872
vn -0.9324 0.1169 0.3420
vn -0.9482 0.1168 0.2955
vn -0.9615 0.1173 0.2486
vn -0.9725 0.1173 0.2011
vn -0.9812 0.1170 0.1534
vn -0.9876 0.1170 0.1049
vn -0.0039 1.0000 0.0002
vn -0.0039 1.0000 -0.0000
vn -0.0039 1.0000 -0.0002
vn -0.0039 1.0000 -0.0004
vn -0.0039 1.0000 -0.0005
vn -0.0038 1.0000 -0.0007
vn -0.0038 1.0000 -0.0009
vn -0.9526 0.1166 -0.2810
vn -0.9376 0.1166 -0.3275
vn -0.9204 0.1167 -0.3730
vn -0.9011 0.1169 -0.4176
vn -0.8795 0.1172 -0.4613
vn -0.8558 0.1171 -0.5039
vn -0.8300 0.1173 -0.5452
vn -0.8024 0.1167 -0.5853
vn -0.7725 0.1167 -0.6242
vn -0.7409 0.1173 -0.6613
vn -0.7076 0.1171 -0.6968
vn -0.6726 0.1172 -0.7307
vn -0.6359 0.1169 -0.7628
vn -0.5979 0.1167 -0.7930
vn -0.5584 0.1166 -0.8214
vn -0.5172 0.1165 -0.8479
vn -0.4749 0.1163 -0.8723
vn -0.4312 0.1171 -0.8946
vn -0.3872 0.1164 -0.9146
vn -0.3420 0.1169 -0.9324
vn -0.2956 0.1168 -0.9481
vn -0.2486 0.1173 -0.9615
vn -0.2011 0.1173 -0.9725
vn -0.1534 0.1170 -0.9812
vn -0.0004 1.0000 -0.0039
vn -0.0002 1.0000 -0.0039
vn -0.0000 1.0000 -0.0039
vn 0.0002 1.0000 -0.0039
vn 0.0004 1.0000 -0.0039
vn 0.0006 1.0000 -0.0039
vn 0.0007 1.0000 -0.0038
vn 0.0009 1.0000 -0.0038
vn 0.0011 1.0000 -0.0037
vn 0.0013 1.0000 -0.0037
vn 0.0015 1.0000 -0.0036
vn 0.0016 1.0000 -0.0035
vn 0.0018 1.0000 -0.0035
vn 0.0020 1.0000 -0.0034
vn 0.0021 1.0000 -0.0033
vn 0.0023 1.0000 -0.0032
vn 0.0025 1.0000 -0.0030
vn 0.0026 1.0000 -0.0029
vn 0.0027 1.0000 -0.0028
vn 0.0029 1.0000 -0.0026
vn 0.0030 1.0000 -0.0025
vn 0.0031 1.0000 -0.0023
vn 0.0032 1.0000 -0.0022
vn 0.0033 1.0000 -0.0020
vn 0.0034 1.0000 -0.0019
vn 0.0035 1.0000 -0.0017
vn 0.0036 1.0000 -0.0015
vn 0.0037 1.0000 -0.0013
vn 0.0037 1.0000 -0.0012
vn 0.0038 1.0000 -0.0010
vn 0.0038 1.0000 -0.0008
vn 0.0038 1.0000 -0.0006
vn 0.0039 1.0000 -0.0005
vn 0.0039 1.0000 -0.0003
vn 0.0039 1.0000 -0.0000
vn 0.0039 1.0000 0.0002
vn 0.0039 1.0000 0.0004
vn 0.0039 1.0000 0.0005
vn 0.0038 1.0000 0.0007
vn 0.0038 1.0000 0.0009
vn 0.0037 1.0000 0.0011
vn 0.0037 1.0000 0.0013
vn 0.0036 1.0000 0.0015
vn 0.0035 1.0000 0.0016
vn 0.0034 1.0000 0.0018
vn 0.0034 1.0000 0.0020
vn 0.0033 1.0000 0.0021
vn 0.0031 1.0000 0.0023
vn 0.0030 1.0000 0.0025
vn 0.0029 1.0000 0.0026
vn 0.0028 1.0000 0.0027
vn 0.0027 1.0000 0.0029
vn 0.0025 1.0000 0.0030
vn 0.0023 1.0000 0.0031
vn 0.0022 1.0000 0.0032
vn 0.0020 1.0000 0.0033
vn 0.0019 1.0000 0.0034
vn 0.0017 1.0000 0.0035
vn 0.0015 1.0000 0.0036
vn 0.0013 1.0000 0.0037
vn 0.0012 1.0000 0.0037
vn 0.0010 1.0000 0.0038
vn 0.0008 1.0000 0.0038
vn 0.0006 1.0000 0.0039
vn 0.0004 1.0000 0.0039
vn -0.0003 1.0000 0.0039
vn -0.0005 1.0000 0.0039
vn -0.0024 1.0000 0.0030
vn -0.0036 1.0000 0.0015
vn -0.0037 1.0000 0.0013
vn -0.0037 1.0000 0.0012
vn -0.0038 1.0000 0.0010
vn -0.0038 1.0000 0.0008
vn -0.0039 1.0000 0.0006
vn -0.0039 1.0000 0.0004
vn -0.0037 1.0000 -0.0011
vn -0.0037 1.0000 -0.0013
vn -0.0036 1.0000 -0.0015
vn -0.0035 1.0000 -0.0016
vn -0.0035 1.0000 -0.0018
vn -0.0034 1.0000 -0.0020
vn -0.0033 1.0000 -0.0021
vn -0.0032 1.0000 -0.0023
vn -0.0030 1.0000 -0.0025
vn -0.0029 1.0000 -0.0026
vn -0.0028 1.0000 -0.0027
vn -0.0027 1.0000 -0.0029
vn -0.0025 1.0000 -0.0030
vn -0.0023 1.0000 -0.0031
vn -0.0022 1.0000 -0.0032
vn -0.0020 1.0000 -0.0033
vn -0.0019 1.0000 -0.0034
vn -0.0017 1.0000 -0.0035
vn -0.0015 1.0000 -0.0036
vn -0.0013 1.0000 -0.0037
vn -0.0012 1.0000 -0.0037
vn -0.0010 1.0000 -0.0038
vn -0.0008 1.0000 -0.0038
vn -0.0006 1.0000 -0.0039
vn 0.0001 1.0000 -0.0039
vn 0.0003 1.0000 -0.0039
vn 0.0005 1.0000 -0.0039
vn 0.0024 1.0000 -0.0030
vn 0.0039 1.0000 -0.0006
vn 0.2008 -0.1392 0.9697
vn 0.1528 -0.1400 0.9783
vn 0.3861 -0.1395 0.9118
vn -0.6969 0.1171 0.7076
vn -0.7307 0.1172 0.6726
vn 0.2330 -0.1400 -0.9623
vn -0.7628 0.1169 0.6359
vn 0.2946 -0.1395 0.9454
vn 0.2482 -0.1387 0.9587
vn 0.6223 -0.1405 -0.7701
vn 0.6592 -0.1398 -0.7388
vn -0.7930 0.1167 0.5979
vn 0.1856 -0.1402 -0.9726
vn 0.7388 -0.1391 0.6594
vn 0.7056 -0.1394 0.6948
vn -0.8479 0.1166 0.5172
vn -0.8723 0.1163 0.4749
vn -0.8946 0.1171 0.4312
vn -0.8214 0.1166 0.5583
vn 0.5835 -0.1405 -0.7999
vn 0.6343 -0.1393 0.7604
vn 0.5959 -0.1398 0.7908
vn 0.0566 0.1173 0.9915
vn 0.0078 0.1173 0.9931
vn 0.5437 -0.1398 -0.8275
vn 0.4165 -0.1396 -0.8983
vn 0.4734 -0.1395 0.8697
vn 0.5158 -0.1390 0.8454
vn 0.3718 -0.1401 -0.9177
vn -0.0410 0.1168 0.9923
vn 0.5565 -0.1394 0.8190
vn -0.0899 0.1169 0.9891
vn -0.1382 0.1164 0.9835
vn -0.9783 -0.1399 0.1528
vn -0.9806 -0.1395 -0.1378
vn -0.2338 0.1163 0.9653
vn -0.2810 0.1166 0.9526
vn -0.3276 0.1166 0.9376
vn -0.9588 -0.1388 0.2479
vn -0.9697 -0.1391 0.2009
vn -0.9624 -0.1395 -0.2330
vn -0.9498 -0.1390 -0.2802
vn -0.1858 0.1171 0.9756
vn -0.9903 -0.1387 0.0075
vn -0.9894 -0.1396 -0.0407
vn -0.9349 -0.1394 -0.3264
vn -0.9178 -0.1398 -0.3717
vn -0.8919 -0.1395 0.4303
vn -0.5853 0.1167 0.8024
vn -0.6243 0.1167 0.7725
vn -0.6613 0.1173 0.7409
vn -0.7999 -0.1399 -0.5836
vn -0.7703 -0.1403 -0.6221
vn -0.5039 0.1171 0.8558
vn -0.5453 0.1173 0.8300
vn -0.9298 -0.1392 0.3408
vn -0.9453 -0.1395 0.2949
vn -0.7387 -0.1393 -0.6595
vn -0.6594 -0.1388 0.7389
vn -0.6948 -0.1391 0.7056
vn -0.3731 0.1167 0.9204
vn -0.7285 -0.1392 0.6708
vn -0.4176 0.1169 0.9011
vn -0.7606 -0.1390 0.6342
vn -0.4613 0.1172 0.8795
vn -0.7907 -0.1395 0.5961
vn -0.8277 -0.1391 -0.5437
vn -0.8697 -0.1394 0.4734
vn -0.8533 -0.1394 -0.5025
vn 0.9324 0.1169 -0.3420
vn 0.9482 0.1168 -0.2956
vn -0.8769 -0.1394 -0.4601
vn 0.9615 0.1173 -0.2486
vn -0.8190 -0.1394 0.5566
vn -0.1527 -0.1409 -0.9782
vn -0.1049 -0.1409 -0.9845
vn 0.9725 0.1173 -0.2011
vn -0.8983 -0.1393 -0.4167
vn 0.9146 0.1164 -0.3872
vn 0.9812 0.1170 -0.1534
vn 0.9847 0.1169 -0.1292
vn -0.0562 -0.1397 -0.9886
vn 0.8723 0.1163 -0.4749
vn 0.8946 0.1171 -0.4312
vn 0.0561 -0.1391 0.9887
vn 0.0078 -0.1388 0.9903
vn -0.0075 -0.1392 -0.9902
vn 0.7307 0.1172 -0.6726
vn 0.7628 0.1169 -0.6359
vn -0.0410 -0.1395 0.9894
vn 0.6969 0.1171 -0.7076
vn -0.0894 -0.1392 0.9862
vn -0.1378 -0.1394 0.9806
vn 0.6243 0.1167 -0.7725
vn 0.6613 0.1173 -0.7409
vn -0.2008 -0.1396 -0.9696
vn -0.2330 -0.1394 0.9624
vn -0.2801 -0.1389 0.9499
vn -0.2480 -0.1392 -0.9587
vn -0.3264 -0.1393 0.9349
vn -0.2948 -0.1396 -0.9453
vn -0.1856 -0.1396 0.9727
vn -0.3408 -0.1397 -0.9297
vn -0.5835 -0.1395 0.8000
vn -0.6224 -0.1395 0.7702
vn -0.5960 -0.1399 -0.7907
vn -0.5565 -0.1397 -0.8190
vn 0.0410 0.1169 -0.9923
vn 0.0899 0.1169 -0.9891
vn 0.7930 0.1167 -0.5979
vn -0.5025 -0.1391 0.8533
vn -0.5437 -0.1388 0.8277
vn -0.4734 -0.1398 -0.8697
vn 0.8214 0.1166 -0.5583
vn -0.0078 0.1173 -0.9931
vn 0.8479 0.1166 -0.5172
vn -0.1049 0.1170 -0.9876
vn -0.0566 0.1173 -0.9915
vn -0.3719 -0.1395 0.9177
vn -0.4165 -0.1390 0.8984
vn -0.4601 -0.1392 0.8769
vn 0.1382 0.1164 -0.9835
vn 0.1858 0.1171 -0.9756
vn 0.2338 0.1163 -0.9653
vn 0.2810 0.1165 -0.9526
vn 0.0015 -1.0000 -0.0009
vn 0.4176 0.1169 -0.9011
vn 0.4613 0.1172 -0.8795
vn 0.5039 0.1171 -0.8558
vn 0.5453 0.1173 -0.8300
vn 0.3731 0.1167 -0.9204
vn 0.5853 0.1167 -0.8024
vn 0.3276 0.1166 -0.9376
vn -0.9931 0.1173 0.0078
vn -0.9923 0.1169 -0.0410
vn -0.9915 0.1173 0.0566
vn -0.8897 0.1555 0.4293
vn -0.9096 0.1563 0.3849
vn -0.9274 0.1563 0.3400
vn 0.0014 -1.0000 -0.0011
vn -0.9430 0.1558 0.2940
vn -0.9563 0.1558 0.2472
vn -0.9891 0.1169 -0.0899
vn -0.9673 0.1559 0.2003
vn -0.9760 0.1555 0.1528
vn -0.9835 0.1164 -0.1382
vn -0.9756 0.1171 -0.1859
vn -0.9795 0.1554 0.1285
vn -0.9653 0.1163 -0.2337
vn -0.0033 1.0000 -0.0020
vn -0.0034 1.0000 -0.0018
vn -0.2190 -0.3656 0.9047
vn -0.3495 -0.3662 0.8624
vn -0.3915 -0.3660 0.8443
vn -0.4322 -0.3659 0.8242
vn -0.4722 -0.3659 0.8020
vn -0.3066 -0.3655 0.8789
vn -0.5111 -0.3656 0.7779
vn -0.2634 -0.3660 0.8926
vn -0.9887 -0.1391 0.0561
vn -0.9869 -0.1399 0.0806
vn 0.9290 -0.3663 -0.0530
vn 0.9276 -0.3659 -0.0757
vn 0.9305 -0.3663 -0.0073
vn -0.0026 1.0000 -0.0029
vn 0.9300 -0.3655 0.0387
vn 0.9267 -0.3662 0.0839
vn 0.9217 -0.3655 0.1296
vn 0.9143 -0.3654 0.1745
vn 0.9047 -0.3655 0.2189
vn 0.8242 -0.3659 0.4322
vn 0.8020 -0.3659 0.4722
vn 0.8443 -0.3659 0.3914
vn 0.7779 -0.3656 0.5111
vn 0.8790 -0.3653 0.3065
vn 0.8624 -0.3661 0.3496
vn 0.8926 -0.3659 0.2635
vn 0.2773 -0.3655 0.8886
vn 0.2330 -0.3663 0.9009
vn 0.3202 -0.3662 0.8737
vn 0.1885 -0.3663 0.9112
vn 0.4045 -0.3654 0.8384
vn 0.3630 -0.3655 0.8571
vn 0.4450 -0.3656 0.8175
vn 0.4847 -0.3660 0.7944
vn 0.6945 -0.3656 0.6197
vn 0.6631 -0.3659 0.6530
vn 0.5960 -0.3659 0.7147
vn 0.5601 -0.3662 0.7430
vn 0.5229 -0.3656 0.7700
vn -0.9781 0.1564 -0.1373
vn -0.9703 0.1556 -0.1852
vn -0.9837 0.1563 -0.0892
vn -0.9878 0.1558 0.0079
vn -0.9870 0.1558 -0.0407
vn -0.9862 0.1559 0.0560
vn -0.9846 0.1555 0.0798
vn 0.9112 -0.3663 -0.1885
vn 0.9195 -0.3659 -0.1437
vn -0.9601 0.1553 -0.2327
vn -0.9475 0.1553 -0.2796
vn -0.9327 0.1555 -0.3254
vn -0.9155 0.1557 -0.3709
vn -0.8256 0.1551 -0.5425
vn -0.7982 0.1560 -0.5819
vn -0.8512 0.1549 -0.5014
vn -0.8749 0.1549 -0.4588
vn -0.7681 0.1560 -0.6210
vn -0.8961 0.1556 -0.4158
vn -0.7371 0.1551 -0.6577
vn -0.7041 0.1549 -0.6930
vn -0.5551 0.1554 -0.8172
vn -0.5144 0.1559 -0.8433
vn -0.4726 0.1553 -0.8675
vn -0.4293 0.1555 -0.8897
vn -0.3849 0.1563 -0.9096
vn -0.5946 0.1551 -0.7889
vn -0.6328 0.1555 -0.7585
vn -0.6690 0.1549 -0.7269
vn 0.4588 0.1549 -0.8749
vn 0.5014 0.1549 -0.8512
vn 0.5425 0.1551 -0.8256
vn 0.3709 0.1551 -0.9156
vn 0.4157 0.1555 -0.8961
vn 0.5819 0.1559 -0.7982
vn 0.6210 0.1559 -0.7681
vn 0.6577 0.1551 -0.7371
vn 0.6930 0.1549 -0.7041
vn 0.1852 0.1556 -0.9703
vn 0.2328 0.1554 -0.9600
vn 0.0892 0.1563 -0.9837
vn 0.1373 0.1564 -0.9781
vn -0.0079 0.1558 -0.9878
vn 0.0407 0.1558 -0.9869
vn 0.8433 0.1558 -0.5144
vn 0.8675 0.1553 -0.4726
vn 0.8897 0.1557 -0.4293
vn 0.0018 -1.0000 0.0001
vn 0.0018 -1.0000 0.0002
vn 0.0018 -1.0000 -0.0000
vn -0.2472 0.1558 -0.9564
vn -0.2003 0.1559 -0.9673
vn -0.2940 0.1558 -0.9430
vn 0.0018 -1.0000 -0.0001
vn -0.1528 0.1555 -0.9759
vn -0.1042 0.1555 -0.9823
vn -0.0560 0.1559 -0.9862
vn -0.3400 0.1563 -0.9274
vn 0.8172 0.1554 -0.5551
vn 0.7585 0.1555 -0.6328
vn 0.7889 0.1551 -0.5946
vn 0.7269 0.1549 -0.6690
vn 0.0018 -1.0000 0.0003
vn 0.0017 -1.0000 0.0005
vn 0.0017 -1.0000 0.0006
vn 0.0018 -1.0000 0.0004
vn 0.0017 -1.0000 0.0007
vn 0.0016 -1.0000 0.0008
vn 0.0016 -1.0000 0.0009
vn 0.0015 -1.0000 0.0010
vn 0.2794 0.1559 -0.9474
vn -0.4848 -0.3659 -0.7944
vn 0.3255 0.1554 -0.9327
vn -0.5229 -0.3653 -0.7701
vn -0.3630 -0.3655 -0.8571
vn -0.2330 -0.3663 -0.9008
vn -0.2796 0.1554 0.9475
vn -0.3254 0.1555 0.9327
vn -0.3709 0.1557 0.9155
vn -0.1885 -0.3663 -0.9112
vn -0.4158 0.1556 0.8961
vn -0.6945 -0.3656 -0.6197
vn -0.2327 0.1552 0.9601
vn 0.0015 -1.0000 0.0011
vn -0.4588 0.1549 0.8749
vn -0.5014 0.1549 0.8512
vn -0.1372 0.1563 0.9781
vn -0.1853 0.1555 0.9703
vn -0.3202 -0.3662 -0.8737
vn -0.6210 0.1559 0.7681
vn -0.6577 0.1551 0.7371
vn 0.0560 0.1559 0.9862
vn 0.0079 0.1558 0.9878
vn -0.0407 0.1558 0.9870
vn -0.5819 0.1559 0.7982
vn -0.0892 0.1563 0.9837
vn -0.5425 0.1551 0.8256
vn -0.8675 0.1552 0.4725
vn 0.3850 0.1564 0.9096
vn 0.3400 0.1563 0.9274
vn 0.4293 0.1556 0.8897
vn 0.2940 0.1558 0.9430
vn 0.2472 0.1558 0.9563
vn -0.8433 0.1553 0.5145
vn -0.7889 0.1557 0.5945
vn -0.8172 0.1555 0.5550
vn 0.1042 0.1555 0.9823
vn -0.6930 0.1549 0.7041
vn -0.7269 0.1549 0.6690
vn 0.7942 -0.3662 -0.4849
vn 0.1528 0.1555 0.9759
vn 0.8177 -0.3655 -0.4448
vn -0.7585 0.1556 0.6329
vn 0.7147 -0.3659 -0.5960
vn 0.7430 -0.3662 -0.5602
vn 0.2003 0.1559 0.9673
vn 0.8384 -0.3654 -0.4045
vn 0.8571 -0.3655 -0.3630
vn 0.6530 -0.3660 -0.6631
vn 0.6848 -0.3659 -0.6303
vn 0.9008 -0.3663 -0.2330
vn 0.5111 -0.3657 -0.7779
vn 0.9600 0.1553 0.2328
vn 0.9474 0.1559 0.2794
vn 0.5849 -0.3658 -0.7240
vn 0.9703 0.1555 0.1853
vn 0.8886 -0.3655 -0.2773
vn 0.9781 0.1564 0.1372
vn 0.6197 -0.3657 -0.6945
vn 0.8737 -0.3662 -0.3202
vn 0.9878 0.1558 -0.0079
vn 0.9870 0.1558 0.0407
vn 0.9862 0.1558 -0.0560
vn 0.9837 0.1563 0.0892
vn 0.0839 -0.3662 -0.9267
vn 0.1296 -0.3656 -0.9217
vn 0.9915 0.1173 -0.0566
vn -0.0073 -0.3663 -0.9305
vn 0.0386 -0.3655 -0.9300
vn -0.1437 -0.3659 -0.9195
vn -0.0984 -0.3659 -0.9254
vn -0.0530 -0.3663 -0.9290
vn 0.9823 0.1555 -0.1042
vn 0.9760 0.1555 -0.1528
vn 0.1745 -0.3654 -0.9143
vn 0.2188 -0.3655 -0.9047
vn 0.2635 -0.3662 -0.8924
vn 0.3496 -0.3661 -0.8624
vn 0.4322 -0.3659 -0.8242
vn 0.3915 -0.3660 -0.8443
vn 0.9845 -0.1409 -0.1049
vn 0.9327 0.1554 0.3255
vn 0.9782 -0.1409 -0.1527
vn 0.9156 0.1551 0.3709
vn 0.8961 0.1555 0.4157
vn 0.9696 -0.1397 -0.2008
vn 0.8749 0.1549 0.4588
vn 0.8512 0.1549 0.5014
vn 0.9297 -0.1398 -0.3408
vn 0.9453 -0.1396 -0.2947
vn 0.9118 -0.1400 -0.3861
vn 0.0026 1.0000 0.0029
vn 0.7681 0.1559 0.6210
vn 0.7372 0.1551 0.6577
vn 0.7285 -0.1398 -0.6707
vn 0.7605 -0.1396 -0.6342
vn 0.7981 0.1559 0.5819
vn 0.7907 -0.1401 -0.5960
vn 0.0018 1.0000 0.0034
vn 0.8256 0.1551 0.5425
vn 0.8189 -0.1399 -0.5566
vn 0.4725 0.1552 0.8676
vn 0.8696 -0.1400 -0.4734
vn 0.8918 -0.1402 -0.4302
vn 0.5145 0.1554 0.8433
vn 0.5550 0.1555 0.8172
vn 0.5945 0.1557 0.7889
vn 0.8454 -0.1395 -0.5156
vn 0.7041 0.1549 0.6930
vn 0.6690 0.1549 0.7269
vn 0.6329 0.1556 0.7585
vn 0.0408 -0.1396 -0.9894
vn 0.1378 -0.1400 -0.9805
vn 0.3265 -0.1399 -0.9348
vt 0.000000 1.000000
vt 0.007813 0.992188
vt 0.000000 0.992188
vt 0.007813 1.000000
vt 0.015625 0.992188
vt 0.023438 1.000000
vt 0.015625 1.000000
vt 0.031250 0.992188
vt 0.023438 0.992188
vt 0.031250 1.000000
vt 0.039063 0.992188
vt 0.039063 1.000000
vt 0.046875 0.992188
vt 0.046875 1.000000
vt 0.054688 0.992188
vt 0.054688 1.000000
vt 0.062500 0.992188
vt 0.062500 1.000000
vt 0.070313 0.992188
vt 0.070313 1.000000
vt 0.078125 0.992188
vt 0.078125 1.000000
vt 0.085938 0.992188
vt 0.093750 1.000000
vt 0.085938 1.000000
vt 0.101563 0.992188
vt 0.093750 0.992188
vt 0.101563 1.000000
vt 0.109375 0.992188
vt 0.117188 1.000000
vt 0.109375 1.000000
vt 0.125000 0.992188
vt 0.117188 0.992188
vt 0.125000 1.000000
vt 0.132813 0.992188
vt 0.140625 1.000000
vt 0.132813 1.000000
vt 0.148438 1.000000
vt 0.140625 0.992188
vt 0.156250 0.992188
vt 0.148438 0.992188
vt 0.164063 1.000000
vt 0.156250 1.000000
vt 0.171875 1.000000
vt 0.164063 0.992188
vt 0.179688 1.000000
vt 0.171875 0.992188
vt 0.187500 1.000000
vt 0.179688 0.992188
vt 0.195313 0.992188
vt 0.187500 0.992188
vt 0.203125 1.000000
vt 0.195313 1.000000
vt 0.210938 1.000000
vt 0.203125 0.992188
vt 0.218750 1.000000
vt 0.210938 0.992188
vt 0.226563 0.992188
vt 0.218750 0.992188
vt 0.234375 1.000000
vt 0.226563 1.000000
vt 0.242188 1.000000
vt 0.234375 0.992188
vt 0.250000 1.000000
vt 0.242188 0.992188
vt 0.257813 0.992188
vt 0.250000 0.992188
vt 0.257813 1.000000
vt 0.265625 0.992188
vt 0.273438 1.000000
vt 0.265625 1.000000
vt 0.281250 0.992188
vt 0.273438 0.992188
vt 0.281250 1.000000
vt 0.289063 0.992188
vt 0.289063 1.000000
vt 0.296875 0.992188
vt 0.296875 1.000000
vt 0.304688 0.992188
vt 0.304688 1.000000
vt 0.312500 0.992188
vt 0.312500 1.000000
vt 0.320313 0.992188
vt 0.320313 1.000000
vt 0.328125 0.992188
vt 0.328125 1.000000
vt 0.335938 0.992188
vt 0.343750 1.000000
vt 0.335938 1.000000
vt 0.351563 0.992188
vt 0.343750 0.992188
vt 0.351563 1.000000
vt 0.359375 0.992188
vt 0.367188 1.000000
vt 0.359375 1.000000
vt 0.375000 1.000000
vt 0.367188 0.992188
vt 0.382813 0.992188
vt 0.375000 0.992188
vt 0.390625 1.000000
vt 0.382813 1.000000
vt 0.398438 1.000000
vt 0.390625 0.992188
vt 0.406250 0.992188
vt 0.398438 0.992188
vt 0.414063 1.000000
vt 0.406250 1.000000
vt 0.421875 1.000000
vt 0.414063 0.992188
vt 0.429688 1.000000
vt 0.421875 0.992188
vt 0.437500 1.000000
vt 0.429688 0.992188
vt 0.445313 1.000000
vt 0.437500 0.992188
vt 0.453125 1.000000
vt 0.445313 0.992188
vt 0.460938 1.000000
vt 0.453125 0.992188
vt 0.468750 1.000000
vt 0.460938 0.992188
vt 0.476563 0.992188
vt 0.468750 0.992188
vt 0.484375 1.000000
vt 0.476563 1.000000
vt 0.492188 1.000000
vt 0.484375 0.992188
vt 0.500000 1.000000
vt 0.492188 0.992188
vt 0.507813 0.992188
vt 0.500000 0.992188
vt 0.507813 1.000000
vt 0.515625 0.992188
vt 0.523438 1.000000
vt 0.515625 1.000000
vt 0.531250 0.992188
vt 0.523438 0.992188
vt 0.531250 1.000000
vt 0.539063 0.992188
vt 0.539063 1.000000
vt 0.546875 0.992188
vt 0.554688 1.000000
vt 0.546875 1.000000
vt 0.562500 0.992188
vt 0.554688 0.992188
vt 0.562500 1.000000
vt 0.570313 0.992188
vt 0.570313 1.000000
vt 0.578125 0.992188
vt 0.578125 1.000000
vt 0.585938 0.992188
vt 0.593750 1.000000
vt 0.585938 1.000000
vt 0.601563 0.992188
vt 0.593750 0.992188
vt 0.601563 1.000000
vt 0.609375 0.992188
vt 0.617188 1.000000
vt 0.609375 1.000000
vt 0.625000 1.000000
vt 0.617188 0.992188
vt 0.632813 0.992188
vt 0.625000 0.992188
vt 0.640625 1.000000
vt 0.632813 1.000000
vt 0.648438 1.000000
vt 0.640625 0.992188
vt 0.656250 0.992188
vt 0.648438 0.992188
vt 0.664063 1.000000
vt 0.656250 1.000000
vt 0.671875 1.000000
vt 0.664063 0.992188
vt 0.679688 1.000000
vt 0.671875 0.992188
vt 0.687500 1.000000
vt 0.679688 0.992188
vt 0.695313 1.000000
vt 0.687500 0.992188
vt 0.703125 1.000000
vt 0.695313 0.992188
vt 0.710938 1.000000
vt 0.703125 0.992188
vt 0.718750 1.000000
vt 0.710938 0.992188
vt 0.726563 0.992188
vt 0.718750 0.992188
vt 0.734375 1.000000
vt 0.726563 1.000000
vt 0.742188 1.000000
vt 0.734375 0.992188
vt 0.750000 1.000000
vt 0.742188 0.992188
vt 0.757813 0.992188
vt 0.750000 0.992188
vt 0.757813 1.000000
vt 0.765625 0.992188
vt 0.773438 1.000000
vt 0.765625 1.000000
vt 0.781250 0.992188
vt 0.773438 0.992188
vt 0.781250 1.000000
vt 0.789063 0.992188
vt 0.789063 1.000000
vt 0.796875 0.992188
vt 0.804688 1.000000
vt 0.796875 1.000000
vt 0.812500 0.992188
vt 0.804688 0.992188
vt 0.812500 1.000000
vt 0.820313 0.992188
vt 0.820313 1.000000
vt 0.828125 0.992188
vt 0.828125 1.000000
vt 0.835938 0.992188
vt 0.843750 1.000000
vt 0.835938 1.000000
vt 0.851563 0.992188
vt 0.843750 0.992188
vt 0.851563 1.000000
vt 0.859375 0.992188
vt 0.867188 1.000000
vt 0.859375 1.000000
vt 0.875000 1.000000
vt 0.867188 0.992188
vt 0.882813 0.992188
vt 0.875000 0.992188
vt 0.890625 1.000000
vt 0.882813 1.000000
vt 0.898438 1.000000
vt 0.890625 0.992188
vt 0.906250 0.992188
vt 0.898438 0.992188
vt 0.914063 1.000000
vt 0.906250 1.000000
vt 0.921875 1.000000
vt 0.914063 0.992188
vt 0.929688 1.000000
vt 0.921875 0.992188
vt 0.937500 1.000000
vt 0.929688 0.992188
vt 0.945313 0.992188
vt 0.937500 0.992188
vt 0.953125 1.000000
vt 0.945313 1.000000
vt 0.960938 1.000000
vt 0.953125 0.992188
vt 0.968750 1.000000
vt 0.960938 0.992188
vt 0.976563 0.992188
vt 0.968750 0.992188
vt 0.984375 1.000000
vt 0.976563 1.000000
vt 0.992188 1.000000
vt 0.984375 0.992188
vt 1.000000 1.000000
vt 0.992188 0.992188
vt 0.000000 0.984375
vt 0.007813 0.984375
vt 0.023438 0.984375
vt 0.015625 0.984375
vt 0.031250 0.984375
vt 0.039063 0.984375
vt 0.046875 0.984375
vt 0.054688 0.984375
vt 0.062500 0.984375
vt 0.070313 0.984375
vt 0.085938 0.984375
vt 0.078125 0.984375
vt 0.093750 0.984375
vt 0.101563 0.984375
vt 0.109375 0.984375
vt 0.125000 0.984375
vt 0.117188 0.984375
vt 0.132813 0.984375
vt 0.140625 0.984375
vt 0.148438 0.984375
vt 0.156250 0.984375
vt 0.171875 0.984375
vt 0.164063 0.984375
vt 0.179688 0.984375
vt 0.187500 0.984375
vt 0.195313 0.984375
vt 0.203125 0.984375
vt 0.210938 0.984375
vt 0.218750 0.984375
vt 0.234375 0.984375
vt 0.226563 0.984375
vt 0.242188 0.984375
vt 0.250000 0.984375
vt 0.257813 0.984375
vt 0.273438 0.984375
vt 0.265625 0.984375
vt 0.281250 0.984375
vt 0.289063 0.984375
vt 0.296875 0.984375
vt 0.304688 0.984375
vt 0.312500 0.984375
vt 0.320313 0.984375
vt 0.335938 0.984375
vt 0.328125 0.984375
vt 0.343750 0.984375
vt 0.351563 0.984375
vt 0.359375 0.984375
vt 0.367188 0.984375
vt 0.382813 0.984375
vt 0.375000 0.984375
vt 0.390625 0.984375
vt 0.398438 0.984375
vt 0.406250 0.984375
vt 0.421875 0.984375
vt 0.414063 0.984375
vt 0.429688 0.984375
vt 0.437500 0.984375
vt 0.445313 0.984375
vt 0.453125 0.984375
vt 0.460938 0.984375
vt 0.468750 0.984375
vt 0.484375 0.984375
vt 0.476563 0.984375
vt 0.492188 0.984375
vt 0.500000 0.984375
vt 0.507813 0.984375
vt 0.523438 0.984375
vt 0.515625 0.984375
vt 0.531250 0.984375
vt 0.539063 0.984375
vt 0.546875 0.984375
vt 0.554688 0.984375
vt 0.562500 0.984375
vt 0.570313 0.984375
vt 0.585938 0.984375
vt 0.578125 0.984375
vt 0.593750 0.984375
vt 0.601563 0.984375
vt 0.609375 0.984375
vt 0.617188 0.984375
vt 0.632813 0.984375
vt 0.625000 0.984375
vt 0.640625 0.984375
vt 0.648438 0.984375
vt 0.656250 0.984375
vt 0.671875 0.984375
vt 0.664063 0.984375
vt 0.679688 0.984375
vt 0.687500 0.984375
vt 0.695313 0.984375
vt 0.703125 0.984375
vt 0.710938 0.984375
vt 0.718750 0.984375
vt 0.734375 0.984375
vt 0.726563 0.984375
vt 0.742188 0.984375
vt 0.750000 0.984375
vt 0.757813 0.984375
vt 0.773438 0.984375
vt 0.765625 0.984375
vt 0.781250 0.984375
vt 0.789063 0.984375
vt 0.796875 0.984375
vt 0.804688 0.984375
vt 0.812500 0.984375
vt 0.820313 0.984375
vt 0.835938 0.984375
vt 0.828125 0.984375
vt 0.843750 0.984375
vt 0.851563 0.984375
vt 0.859375 0.984375
vt 0.867188 0.984375
vt 0.882813 0.984375
vt 0.875000 0.984375
vt 0.890625 0.984375
vt 0.898438 0.984375
vt 0.906250 0.984375
vt 0.921875 0.984375
vt 0.914063 0.984375
vt 0.929688 0.984375
vt 0.937500 0.984375
vt 0.945313 0.984375
vt 0.953125 0.984375
vt 0.960938 0.984375
vt 0.968750 0.984375
vt 0.984375 0.984375
vt 0.976563 0.984375
vt 0.992188 0.984375
vt 1.000000 0.984375
vt 0.000000 0.515625
vt 0.007813 0.507813
vt 0.000000 0.507813
vt 0.007813 0.515625
vt 0.015625 0.507813
vt 0.015625 0.515625
vt 0.023438 0.507813
vt 0.023438 0.515625
vt 0.031250 0.507813
vt 0.031250 0.515625
vt 0.039063 0.507813
vt 0.039063 0.515625
vt 0.046875 0.507813
vt 0.046875 0.515625
vt 0.054688 0.507813
vt 0.062500 0.515625
vt 0.054688 0.515625
vt 0.070313 0.507813
vt 0.062500 0.507813
vt 0.070313 0.515625
vt 0.078125 0.507813
vt 0.078125 0.515625
vt 0.085938 0.507813
vt 0.085938 0.515625
vt 0.093750 0.507813
vt 0.101563 0.515625
vt 0.093750 0.515625
vt 0.109375 0.515625
vt 0.101563 0.507813
vt 0.117188 0.507813
vt 0.109375 0.507813
vt 0.117188 0.515625
vt 0.125000 0.507813
vt 0.125000 0.515625
vt 0.132813 0.507813
vt 0.132813 0.515625
vt 0.140625 0.507813
vt 0.140625 0.515625
vt 0.148438 0.507813
vt 0.148438 0.515625
vt 0.156250 0.507813
vt 0.156250 0.515625
vt 0.164063 0.507813
vt 0.164063 0.515625
vt 0.171875 0.507813
vt 0.171875 0.515625
vt 0.179688 0.507813
vt 0.179688 0.515625
vt 0.187500 0.507813
vt 0.187500 0.515625
vt 0.195313 0.507813
vt 0.195313 0.515625
vt 0.203125 0.507813
vt 0.203125 0.515625
vt 0.210938 0.507813
vt 0.210938 0.515625
vt 0.218750 0.507813
vt 0.218750 0.515625
vt 0.226563 0.507813
vt 0.226563 0.515625
vt 0.234375 0.507813
vt 0.242188 0.515625
vt 0.234375 0.515625
vt 0.250000 0.507813
vt 0.242188 0.507813
vt 0.250000 0.515625
vt 0.257813 0.507813
vt 0.257813 0.515625
vt 0.265625 0.507813
vt 0.265625 0.515625
vt 0.273438 0.507813
vt 0.273438 0.515625
vt 0.281250 0.507813
vt 0.281250 0.515625
vt 0.289063 0.507813
vt 0.296875 0.515625
vt 0.289063 0.515625
vt 0.304688 0.507813
vt 0.296875 0.507813
vt 0.312500 0.515625
vt 0.304688 0.515625
vt 0.320313 0.515625
vt 0.312500 0.507813
vt 0.328125 0.507813
vt 0.320313 0.507813
vt 0.335938 0.515625
vt 0.328125 0.515625
vt 0.343750 0.507813
vt 0.335938 0.507813
vt 0.351563 0.515625
vt 0.343750 0.515625
vt 0.359375 0.515625
vt 0.351563 0.507813
vt 0.367188 0.507813
vt 0.359375 0.507813
vt 0.367188 0.515625
vt 0.375000 0.507813
vt 0.382813 0.515625
vt 0.375000 0.515625
vt 0.390625 0.507813
vt 0.382813 0.507813
vt 0.390625 0.515625
vt 0.398438 0.507813
vt 0.406250 0.515625
vt 0.398438 0.515625
vt 0.414063 0.507813
vt 0.406250 0.507813
vt 0.421875 0.515625
vt 0.414063 0.515625
vt 0.429688 0.507813
vt 0.421875 0.507813
vt 0.429688 0.515625
vt 0.437500 0.507813
vt 0.445313 0.515625
vt 0.437500 0.515625
vt 0.453125 0.507813
vt 0.445313 0.507813
vt 0.460938 0.515625
vt 0.453125 0.515625
vt 0.468750 0.515625
vt 0.460938 0.507813
vt 0.476563 0.515625
vt 0.468750 0.507813
vt 0.484375 0.515625
vt 0.476563 0.507813
vt 0.492188 0.515625
vt 0.484375 0.507813
vt 0.500000 0.515625
vt 0.492188 0.507813
vt 0.507813 0.507813
vt 0.500000 0.507813
vt 0.515625 0.515625
vt 0.507813 0.515625
vt 0.523438 0.515625
vt 0.515625 0.507813
vt 0.531250 0.515625
vt 0.523438 0.507813
vt 0.539063 0.515625
vt 0.531250 0.507813
vt 0.546875 0.515625
vt 0.539063 0.507813
vt 0.554688 0.515625
vt 0.546875 0.507813
vt 0.562500 0.515625
vt 0.554688 0.507813
vt 0.570313 0.515625
vt 0.562500 0.507813
vt 0.578125 0.515625
vt 0.570313 0.507813
vt 0.585938 0.515625
vt 0.578125 0.507813
vt 0.593750 0.515625
vt 0.585938 0.507813
vt 0.601563 0.515625
vt 0.593750 0.507813
vt 0.609375 0.515625
vt 0.601563 0.507813
vt 0.617188 0.515625
vt 0.609375 0.507813
vt 0.625000 0.515625
vt 0.617188 0.507813
vt 0.632813 0.515625
vt 0.625000 0.507813
vt 0.640625 0.507813
vt 0.632813 0.507813
vt 0.640625 0.515625
vt 0.648438 0.507813
vt 0.656250 0.515625
vt 0.648438 0.515625
vt 0.664063 0.515625
vt 0.656250 0.507813
vt 0.671875 0.515625
vt 0.664063 0.507813
vt 0.679688 0.515625
vt 0.671875 0.507813
vt 0.687500 0.507813
vt 0.679688 0.507813
vt 0.695313 0.515625
vt 0.687500 0.515625
vt 0.703125 0.515625
vt 0.695313 0.507813
vt 0.710938 0.515625
vt 0.703125 0.507813
vt 0.718750 0.515625
vt 0.710938 0.507813
vt 0.726563 0.515625
vt 0.718750 0.507813
vt 0.734375 0.515625
vt 0.726563 0.507813
vt 0.742188 0.515625
vt 0.734375 0.507813
vt 0.750000 0.515625
vt 0.742188 0.507813
vt 0.757813 0.507813
vt 0.750000 0.507813
vt 0.765625 0.515625
vt 0.757813 0.515625
vt 0.773438 0.515625
vt 0.765625 0.507813
vt 0.781250 0.515625
vt 0.773438 0.507813
vt 0.789063 0.507813
vt 0.781250 0.507813
vt 0.796875 0.515625
vt 0.789063 0.515625
vt 0.804688 0.515625
vt 0.796875 0.507813
vt 0.812500 0.515625
vt 0.804688 0.507813
vt 0.820313 0.515625
vt 0.812500 0.507813
vt 0.828125 0.515625
vt 0.820313 0.507813
vt 0.835938 0.515625
vt 0.828125 0.507813
vt 0.843750 0.515625
vt 0.835938 0.507813
vt 0.851563 0.515625
vt 0.843750 0.507813
vt 0.859375 0.515625
vt 0.851563 0.507813
vt 0.867188 0.507813
vt 0.859375 0.507813
vt 0.867188 0.515625
vt 0.875000 0.507813
vt 0.882813 0.515625
vt 0.875000 0.515625
vt 0.890625 0.507813
vt 0.882813 0.507813
vt 0.890625 0.515625
vt 0.898438 0.507813
vt 0.898438 0.515625
vt 0.906250 0.507813
vt 0.906250 0.515625
vt 0.914063 0.507813
vt 0.914063 0.515625
vt 0.921875 0.507813
vt 0.921875 0.515625
vt 0.929688 0.507813
vt 0.929688 0.515625
vt 0.937500 0.507813
vt 0.937500 0.515625
vt 0.945313 0.507813
vt 0.945313 0.515625
vt 0.953125 0.507813
vt 0.960938 0.515625
vt 0.953125 0.515625
vt 0.968750 0.507813
vt 0.960938 0.507813
vt 0.968750 0.515625
vt 0.976563 0.507813
vt 0.976563 0.515625
vt 0.984375 0.507813
vt 0.992188 0.515625
vt 0.984375 0.515625
vt 1.000000 0.507813
vt 0.992188 0.507813
vt 0.007813 0.500000
vt 0.000000 0.500000
vt 0.015625 0.500000
vt 0.031250 0.500000
vt 0.023438 0.500000
vt 0.039063 0.500000
vt 0.054688 0.500000
vt 0.046875 0.500000
vt 0.062500 0.500000
vt 0.078125 0.500000
vt 0.070313 0.500000
vt 0.085938 0.500000
vt 0.101563 0.500000
vt 0.093750 0.500000
vt 0.109375 0.500000
vt 0.117188 0.500000
vt 0.132813 0.500000
vt 0.125000 0.500000
vt 0.140625 0.500000
vt 0.148438 0.500000
vt 0.164063 0.500000
vt 0.156250 0.500000
vt 0.179688 0.500000
vt 0.171875 0.500000
vt 0.187500 0.500000
vt 0.203125 0.500000
vt 0.195313 0.500000
vt 0.210938 0.500000
vt 0.226563 0.500000
vt 0.218750 0.500000
vt 0.234375 0.500000
vt 0.242188 0.500000
vt 0.257813 0.500000
vt 0.250000 0.500000
vt 0.265625 0.500000
vt 0.281250 0.500000
vt 0.273438 0.500000
vt 0.289063 0.500000
vt 0.304688 0.500000
vt 0.296875 0.500000
vt 0.312500 0.500000
vt 0.328125 0.500000
vt 0.320313 0.500000
vt 0.335938 0.500000
vt 0.351563 0.500000
vt 0.343750 0.500000
vt 0.359375 0.500000
vt 0.367188 0.500000
vt 0.382813 0.500000
vt 0.375000 0.500000
vt 0.390625 0.500000
vt 0.406250 0.500000
vt 0.398438 0.500000
vt 0.414063 0.500000
vt 0.429688 0.500000
vt 0.421875 0.500000
vt 0.437500 0.500000
vt 0.453125 0.500000
vt 0.445313 0.500000
vt 0.460938 0.500000
vt 0.476563 0.500000
vt 0.468750 0.500000
vt 0.484375 0.500000
vt 0.500000 0.500000
vt 0.492188 0.500000
vt 0.507813 0.500000
vt 0.515625 0.500000
vt 0.531250 0.500000
vt 0.523438 0.500000
vt 0.546875 0.500000
vt 0.539063 0.500000
vt 0.554688 0.500000
vt 0.562500 0.500000
vt 0.578125 0.500000
vt 0.570313 0.500000
vt 0.593750 0.500000
vt 0.585938 0.500000
vt 0.601563 0.500000
vt 0.609375 0.500000
vt 0.625000 0.500000
vt 0.617188 0.500000
vt 0.632813 0.500000
vt 0.640625 0.500000
vt 0.656250 0.500000
vt 0.648438 0.500000
vt 0.664063 0.500000
vt 0.679688 0.500000
vt 0.671875 0.500000
vt 0.687500 0.500000
vt 0.703125 0.500000
vt 0.695313 0.500000
vt 0.710938 0.500000
vt 0.726563 0.500000
vt 0.718750 0.500000
vt 0.734375 0.500000
vt 0.750000 0.500000
vt 0.742188 0.500000
vt 0.757813 0.500000
vt 0.765625 0.500000
vt 0.781250 0.500000
vt 0.773438 0.500000
vt 0.789063 0.500000
vt 0.804688 0.500000
vt 0.796875 0.500000
vt 0.812500 0.500000
vt 0.828125 0.500000
vt 0.820313 0.500000
vt 0.835938 0.500000
vt 0.851563 0.500000
vt 0.843750 0.500000
vt 0.859375 0.500000
vt 0.867188 0.500000
vt 0.875000 0.500000
vt 0.882813 0.500000
vt 0.890625 0.500000
vt 0.906250 0.500000
vt 0.898438 0.500000
vt 0.914063 0.500000
vt 0.929688 0.500000
vt 0.921875 0.500000
vt 0.937500 0.500000
vt 0.953125 0.500000
vt 0.945313 0.500000
vt 0.960938 0.500000
vt 0.976563 0.500000
vt 0.968750 0.500000
vt 0.984375 0.500000
vt 0.992188 0.500000
vt 0.007813 0.492188
vt 0.000000 0.492188
vt 0.015625 0.492188
vt 0.023438 0.492188
vt 0.031250 0.492188
vt 0.039063 0.492188
vt 0.046875 0.492188
vt 0.054688 0.492188
vt 0.062500 0.492188
vt 0.070313 0.492188
vt 0.078125 0.492188
vt 0.085938 0.492188
vt 0.101563 0.492188
vt 0.093750 0.492188
vt 0.109375 0.492188
vt 0.117188 0.492188
vt 0.125000 0.492188
vt 0.132813 0.492188
vt 0.140625 0.492188
vt 0.156250 0.492188
vt 0.148438 0.492188
vt 0.164063 0.492188
vt 0.171875 0.492188
vt 0.179688 0.492188
vt 0.195313 0.492188
vt 0.187500 0.492188
vt 0.203125 0.492188
vt 0.210938 0.492188
vt 0.218750 0.492188
vt 0.226563 0.492188
vt 0.234375 0.492188
vt 0.242188 0.492188
vt 0.257813 0.492188
vt 0.250000 0.492188
vt 0.265625 0.492188
vt 0.273438 0.492188
vt 0.281250 0.492188
vt 0.289063 0.492188
vt 0.296875 0.492188
vt 0.312500 0.492188
vt 0.304688 0.492188
vt 0.320313 0.492188
vt 0.328125 0.492188
vt 0.335938 0.492188
vt 0.351563 0.492188
vt 0.343750 0.492188
vt 0.359375 0.492188
vt 0.367188 0.492188
vt 0.375000 0.492188
vt 0.382813 0.492188
vt 0.390625 0.492188
vt 0.406250 0.492188
vt 0.398438 0.492188
vt 0.414063 0.492188
vt 0.421875 0.492188
vt 0.429688 0.492188
vt 0.445313 0.492188
vt 0.437500 0.492188
vt 0.453125 0.492188
vt 0.460938 0.492188
vt 0.468750 0.492188
vt 0.476563 0.492188
vt 0.484375 0.492188
vt 0.500000 0.492188
vt 0.492188 0.492188
vt 0.507813 0.492188
vt 0.515625 0.492188
vt 0.523438 0.492188
vt 0.531250 0.492188
vt 0.539063 0.492188
vt 0.546875 0.492188
vt 0.562500 0.492188
vt 0.554688 0.492188
vt 0.570313 0.492188
vt 0.578125 0.492188
vt 0.585938 0.492188
vt 0.601563 0.492188
vt 0.593750 0.492188
vt 0.609375 0.492188
vt 0.617188 0.492188
vt 0.625000 0.492188
vt 0.632813 0.492188
vt 0.640625 0.492188
vt 0.656250 0.492188
vt 0.648438 0.492188
vt 0.664063 0.492188
vt 0.671875 0.492188
vt 0.679688 0.492188
vt 0.687500 0.492188
vt 0.695313 0.492188
vt 0.703125 0.492188
vt 0.710938 0.492188
vt 0.718750 0.492188
vt 0.726563 0.492188
vt 0.734375 0.492188
vt 0.750000 0.492188
vt 0.742188 0.492188
vt 0.757813 0.492188
vt 0.765625 0.492188
vt 0.773438 0.492188
vt 0.781250 0.492188
vt 0.789063 0.492188
vt 0.796875 0.492188
vt 0.804688 0.492188
vt 0.812500 0.492188
vt 0.820313 0.492188
vt 0.828125 0.492188
vt 0.835938 0.492188
vt 0.851563 0.492188
vt 0.843750 0.492188
vt 0.859375 0.492188
vt 0.867188 0.492188
vt 0.875000 0.492188
vt 0.882813 0.492188
vt 0.890625 0.492188
vt 0.906250 0.492188
vt 0.898438 0.492188
vt 0.914063 0.492188
vt 0.921875 0.492188
vt 0.929688 0.492188
vt 0.937500 0.492188
vt 0.945313 0.492188
vt 0.953125 0.492188
vt 0.960938 0.492188
vt 0.968750 0.492188
vt 0.976563 0.492188
vt 0.984375 0.492188
vt 1.000000 0.492188
vt 0.992188 0.492188
vt 0.000000 0.023438
vt 0.007813 0.015625
vt 0.000000 0.015625
vt 0.007813 0.023438
vt 0.015625 0.015625
vt 0.015625 0.023438
vt 0.023438 0.015625
vt 0.031250 0.023438
vt 0.023438 0.023438
vt 0.039063 0.023438
vt 0.031250 0.015625
vt 0.046875 0.023438
vt 0.039063 0.015625
vt 0.054688 0.015625
vt 0.046875 0.015625
vt 0.054688 0.023438
vt 0.062500 0.015625
vt 0.062500 0.023438
vt 0.070313 0.015625
vt 0.070313 0.023438
vt 0.078125 0.015625
vt 0.078125 0.023438
vt 0.085938 0.015625
vt 0.085938 0.023438
vt 0.093750 0.015625
vt 0.093750 0.023438
vt 0.101563 0.015625
vt 0.101563 0.023438
vt 0.109375 0.015625
vt 0.109375 0.023438
vt 0.117188 0.015625
vt 0.117188 0.023438
vt 0.125000 0.015625
vt 0.132813 0.023438
vt 0.125000 0.023438
vt 0.140625 0.023438
vt 0.132813 0.015625
vt 0.148438 0.023438
vt 0.140625 0.015625
vt 0.156250 0.023438
vt 0.148438 0.015625
vt 0.164063 0.023438
vt 0.156250 0.015625
vt 0.171875 0.023438
vt 0.164063 0.015625
vt 0.179688 0.023438
vt 0.171875 0.015625
vt 0.187500 0.023438
vt 0.179688 0.015625
vt 0.195313 0.023438
vt 0.187500 0.015625
vt 0.203125 0.015625
vt 0.195313 0.015625
vt 0.203125 0.023438
vt 0.210938 0.015625
vt 0.210938 0.023438
vt 0.218750 0.015625
vt 0.226563 0.023438
vt 0.218750 0.023438
vt 0.234375 0.023438
vt 0.226563 0.015625
vt 0.242188 0.023438
vt 0.234375 0.015625
vt 0.250000 0.015625
vt 0.242188 0.015625
vt 0.250000 0.023438
vt 0.257813 0.015625
vt 0.257813 0.023438
vt 0.265625 0.015625
vt 0.265625 0.023438
vt 0.273438 0.015625
vt 0.273438 0.023438
vt 0.281250 0.015625
vt 0.289063 0.023438
vt 0.281250 0.023438
vt 0.296875 0.015625
vt 0.289063 0.015625
vt 0.296875 0.023438
vt 0.304688 0.015625
vt 0.304688 0.023438
vt 0.312500 0.015625
vt 0.312500 0.023438
vt 0.320313 0.015625
vt 0.320313 0.023438
vt 0.328125 0.015625
vt 0.328125 0.023438
vt 0.335938 0.015625
vt 0.335938 0.023438
vt 0.343750 0.015625
vt 0.343750 0.023438
vt 0.351563 0.015625
vt 0.351563 0.023438
vt 0.359375 0.015625
vt 0.359375 0.023438
vt 0.367188 0.015625
vt 0.375000 0.023438
vt 0.367188 0.023438
vt 0.382813 0.023438
vt 0.375000 0.015625
vt 0.390625 0.023438
vt 0.382813 0.015625
vt 0.398438 0.023438
vt 0.390625 0.015625
vt 0.406250 0.023438
vt 0.398438 0.015625
vt 0.414063 0.023438
vt 0.406250 0.015625
vt 0.421875 0.023438
vt 0.414063 0.015625
vt 0.429688 0.023438
vt 0.421875 0.015625
vt 0.437500 0.023438
vt 0.429688 0.015625
vt 0.445313 0.023438
vt 0.437500 0.015625
vt 0.453125 0.015625
vt 0.445313 0.015625
vt 0.453125 0.023438
vt 0.460938 0.015625
vt 0.460938 0.023438
vt 0.468750 0.015625
vt 0.476563 0.023438
vt 0.468750 0.023438
vt 0.484375 0.023438
vt 0.476563 0.015625
vt 0.492188 0.023438
vt 0.484375 0.015625
vt 0.500000 0.023438
vt 0.492188 0.015625
vt 0.507813 0.015625
vt 0.500000 0.015625
vt 0.507813 0.023438
vt 0.515625 0.015625
vt 0.515625 0.023438
vt 0.523438 0.015625
vt 0.531250 0.023438
vt 0.523438 0.023438
vt 0.539063 0.023438
vt 0.531250 0.015625
vt 0.546875 0.015625
vt 0.539063 0.015625
vt 0.546875 0.023438
vt 0.554688 0.015625
vt 0.554688 0.023438
vt 0.562500 0.015625
vt 0.562500 0.023438
vt 0.570313 0.015625
vt 0.570313 0.023438
vt 0.578125 0.015625
vt 0.578125 0.023438
vt 0.585938 0.015625
vt 0.585938 0.023438
vt 0.593750 0.015625
vt 0.593750 0.023438
vt 0.601563 0.015625
vt 0.601563 0.023438
vt 0.609375 0.015625
vt 0.609375 0.023438
vt 0.617188 0.015625
vt 0.617188 0.023438
vt 0.625000 0.015625
vt 0.632813 0.023438
vt 0.625000 0.023438
vt 0.640625 0.023438
vt 0.632813 0.015625
vt 0.648438 0.023438
vt 0.640625 0.015625
vt 0.656250 0.023438
vt 0.648438 0.015625
vt 0.671875 0.023438
vt 0.664063 0.015625
vt 0.664063 0.023438
vt 0.679688 0.023438
vt 0.671875 0.015625
vt 0.687500 0.023438
vt 0.679688 0.015625
vt 0.695313 0.023438
vt 0.703125 0.015625
vt 0.695313 0.015625
vt 0.703125 0.023438
vt 0.710938 0.015625
vt 0.710938 0.023438
vt 0.718750 0.015625
vt 0.726563 0.023438
vt 0.718750 0.023438
vt 0.734375 0.023438
vt 0.726563 0.015625
vt 0.742188 0.023438
vt 0.734375 0.015625
vt 0.750000 0.015625
vt 0.742188 0.015625
vt 0.750000 0.023438
vt 0.757813 0.015625
vt 0.757813 0.023438
vt 0.765625 0.015625
vt 0.765625 0.023438
vt 0.773438 0.015625
vt 0.773438 0.023438
vt 0.781250 0.015625
vt 0.789063 0.023438
vt 0.781250 0.023438
vt 0.796875 0.023438
vt 0.789063 0.015625
vt 0.804688 0.015625
vt 0.796875 0.015625
vt 0.804688 0.023438
vt 0.812500 0.015625
vt 0.812500 0.023438
vt 0.820313 0.015625
vt 0.820313 0.023438
vt 0.828125 0.015625
vt 0.828125 0.023438
vt 0.835938 0.015625
vt 0.835938 0.023438
vt 0.843750 0.015625
vt 0.843750 0.023438
vt 0.851563 0.015625
vt 0.851563 0.023438
vt 0.859375 0.015625
vt 0.859375 0.023438
vt 0.867188 0.015625
vt 0.867188 0.023438
vt 0.875000 0.015625
vt 0.882813 0.023438
vt 0.875000 0.023438
vt 0.890625 0.023438
vt 0.882813 0.015625
vt 0.898438 0.023438
vt 0.890625 0.015625
vt 0.906250 0.023438
vt 0.898438 0.015625
vt 0.914063 0.023438
vt 0.906250 0.015625
vt 0.921875 0.023438
vt 0.914063 0.015625
vt 0.929688 0.023438
vt 0.921875 0.015625
vt 0.937500 0.023438
vt 0.929688 0.015625
vt 0.945313 0.023438
vt 0.937500 0.015625
vt 0.953125 0.023438
vt 0.945313 0.015625
vt 0.960938 0.015625
vt 0.953125 0.015625
vt 0.960938 0.023438
vt 0.968750 0.015625
vt 0.976563 0.023438
vt 0.968750 0.023438
vt 0.984375 0.023438
vt 0.976563 0.015625
vt 0.992188 0.023438
vt 0.984375 0.015625
vt 1.000000 0.015625
vt 0.992188 0.015625
vt 0.000000 0.007813
vt 0.007813 0.007813
vt 0.023438 0.007813
vt 0.015625 0.007813
vt 0.031250 0.007813
vt 0.039063 0.007813
vt 0.046875 0.007813
vt 0.054688 0.007813
vt 0.062500 0.007813
vt 0.078125 0.007813
vt 0.070313 0.007813
vt 0.085938 0.007813
vt 0.093750 0.007813
vt 0.101563 0.007813
vt 0.109375 0.007813
vt 0.117188 0.007813
vt 0.125000 0.007813
vt 0.132813 0.007813
vt 0.140625 0.007813
vt 0.148438 0.007813
vt 0.156250 0.007813
vt 0.164063 0.007813
vt 0.179688 0.007813
vt 0.171875 0.007813
vt 0.187500 0.007813
vt 0.195313 0.007813
vt 0.203125 0.007813
vt 0.210938 0.007813
vt 0.218750 0.007813
vt 0.234375 0.007813
vt 0.226563 0.007813
vt 0.242188 0.007813
vt 0.250000 0.007813
vt 0.257813 0.007813
vt 0.273438 0.007813
vt 0.265625 0.007813
vt 0.281250 0.007813
vt 0.289063 0.007813
vt 0.296875 0.007813
vt 0.304688 0.007813
vt 0.312500 0.007813
vt 0.328125 0.007813
vt 0.320313 0.007813
vt 0.335938 0.007813
vt 0.343750 0.007813
vt 0.351563 0.007813
vt 0.359375 0.007813
vt 0.367188 0.007813
vt 0.375000 0.007813
vt 0.382813 0.007813
vt 0.390625 0.007813
vt 0.398438 0.007813
vt 0.406250 0.007813
vt 0.414063 0.007813
vt 0.429688 0.007813
vt 0.421875 0.007813
vt 0.437500 0.007813
vt 0.445313 0.007813
vt 0.453125 0.007813
vt 0.460938 0.007813
vt 0.468750 0.007813
vt 0.484375 0.007813
vt 0.476563 0.007813
vt 0.492188 0.007813
vt 0.500000 0.007813
vt 0.507813 0.007813
vt 0.523438 0.007813
vt 0.515625 0.007813
vt 0.531250 0.007813
vt 0.539063 0.007813
vt 0.546875 0.007813
vt 0.554688 0.007813
vt 0.562500 0.007813
vt 0.578125 0.007813
vt 0.570313 0.007813
vt 0.585938 0.007813
vt 0.593750 0.007813
vt 0.601563 0.007813
vt 0.609375 0.007813
vt 0.617188 0.007813
vt 0.625000 0.007813
vt 0.632813 0.007813
vt 0.640625 0.007813
vt 0.656250 0.015625
vt 0.648438 0.007813
vt 0.656250 0.007813
vt 0.664063 0.007813
vt 0.679688 0.007813
vt 0.671875 0.007813
vt 0.687500 0.007813
vt 0.687500 0.015625
vt 0.695313 0.007813
vt 0.703125 0.007813
vt 0.710938 0.007813
vt 0.718750 0.007813
vt 0.734375 0.007813
vt 0.726563 0.007813
vt 0.742188 0.007813
vt 0.750000 0.007813
vt 0.757813 0.007813
vt 0.773438 0.007813
vt 0.765625 0.007813
vt 0.781250 0.007813
vt 0.789063 0.007813
vt 0.796875 0.007813
vt 0.804688 0.007813
vt 0.812500 0.007813
vt 0.828125 0.007813
vt 0.820313 0.007813
vt 0.835938 0.007813
vt 0.843750 0.007813
vt 0.851563 0.007813
vt 0.859375 0.007813
vt 0.867188 0.007813
vt 0.875000 0.007813
vt 0.882813 0.007813
vt 0.890625 0.007813
vt 0.898438 0.007813
vt 0.906250 0.007813
vt 0.914063 0.007813
vt 0.929688 0.007813
vt 0.921875 0.007813
vt 0.937500 0.007813
vt 0.945313 0.007813
vt 0.953125 0.007813
vt 0.960938 0.007813
vt 0.968750 0.007813
vt 0.984375 0.007813
vt 0.976563 0.007813
vt 0.992188 0.007813
vt 1.000000 0.007813
vt 0.000000 0.000000
vt 0.015625 0.000000
vt 0.007813 0.000000
vt 0.023438 0.000000
vt 0.039063 0.000000
vt 0.031250 0.000000
vt 0.046875 0.000000
vt 0.054688 0.000000
vt 0.070313 0.000000
vt 0.062500 0.000000
vt 0.085938 0.000000
vt 0.078125 0.000000
vt 0.101563 0.000000
vt 0.093750 0.000000
vt 0.117188 0.000000
vt 0.109375 0.000000
vt 0.125000 0.000000
vt 0.140625 0.000000
vt 0.132813 0.000000
vt 0.156250 0.000000
vt 0.148438 0.000000
vt 0.171875 0.000000
vt 0.164063 0.000000
vt 0.187500 0.000000
vt 0.179688 0.000000
vt 0.195313 0.000000
vt 0.203125 0.000000
vt 0.218750 0.000000
vt 0.210938 0.000000
vt 0.226563 0.000000
vt 0.242188 0.000000
vt 0.234375 0.000000
vt 0.250000 0.000000
vt 0.265625 0.000000
vt 0.257813 0.000000
vt 0.273438 0.000000
vt 0.289063 0.000000
vt 0.281250 0.000000
vt 0.296875 0.000000
vt 0.304688 0.000000
vt 0.320313 0.000000
vt 0.312500 0.000000
vt 0.335938 0.000000
vt 0.328125 0.000000
vt 0.351563 0.000000
vt 0.343750 0.000000
vt 0.367188 0.000000
vt 0.359375 0.000000
vt 0.375000 0.000000
vt 0.390625 0.000000
vt 0.382813 0.000000
vt 0.406250 0.000000
vt 0.398438 0.000000
vt 0.421875 0.000000
vt 0.414063 0.000000
vt 0.437500 0.000000
vt 0.429688 0.000000
vt 0.445313 0.000000
vt 0.453125 0.000000
vt 0.468750 0.000000
vt 0.460938 0.000000
vt 0.476563 0.000000
vt 0.492188 0.000000
vt 0.484375 0.000000
vt 0.500000 0.000000
vt 0.515625 0.000000
vt 0.507813 0.000000
vt 0.523438 0.000000
vt 0.539063 0.000000
vt 0.531250 0.000000
vt 0.546875 0.000000
vt 0.554688 0.000000
vt 0.570313 0.000000
vt 0.562500 0.000000
vt 0.585938 0.000000
vt 0.578125 0.000000
vt 0.601563 0.000000
vt 0.593750 0.000000
vt 0.617188 0.000000
vt 0.609375 0.000000
vt 0.625000 0.000000
vt 0.640625 0.000000
vt 0.632813 0.000000
vt 0.656250 0.000000
vt 0.648438 0.000000
vt 0.671875 0.000000
vt 0.664063 0.000000
vt 0.687500 0.000000
vt 0.679688 0.000000
vt 0.695313 0.000000
vt 0.703125 0.000000
vt 0.718750 0.000000
vt 0.710938 0.000000
vt 0.726563 0.000000
vt 0.742188 0.000000
vt 0.734375 0.000000
vt 0.750000 0.000000
vt 0.765625 0.000000
vt 0.757813 0.000000
vt 0.773438 0.000000
vt 0.789063 0.000000
vt 0.781250 0.000000
vt 0.796875 0.000000
vt 0.804688 0.000000
vt 0.820313 0.000000
vt 0.812500 0.000000
vt 0.835938 0.000000
vt 0.828125 0.000000
vt 0.851563 0.000000
vt 0.843750 0.000000
vt 0.867188 0.000000
vt 0.859375 0.000000
vt 0.875000 0.000000
vt 0.890625 0.000000
vt 0.882813 0.000000
vt 0.906250 0.000000
vt 0.898438 0.000000
vt 0.921875 0.000000
vt 0.914063 0.000000
vt 0.937500 0.000000
vt 0.929688 0.000000
vt 0.945313 0.000000
vt 0.953125 0.000000
vt 0.968750 0.000000
vt 0.960938 0.000000
vt 0.976563 0.000000
vt 0.992188 0.000000
vt 0.984375 0.000000
vt 1.000000 0.992188
vt 1.000000 0.515625
vt 1.000000 0.500000
vt 1.000000 0.023438
vt 1.000000 0.000000
s 1
f 1/1/1 3/2/3 4/3/4
f 2/4/2 6/5/6 3/2/3
f 7/6/7 6/5/6 5/7/5
f 7/6/7 10/8/10 8/9/8
f 9/10/9 12/11/12 10/8/10
f 11/12/11 14/13/14 12/11/12
f 13/14/13 16/15/16 14/13/14
f 15/16/15 18/17/18 16/15/16
f 17/18/17 20/19/20 18/17/18
f 19/20/19 22/21/22 20/19/20
f 21/22/21 24/23/24 22/21/22
f 25/24/25 24/23/24 23/25/23
f 25/24/25 28/26/28 26/27/26
f 27/28/27 30/29/30 28/26/28
f 31/30/31 30/29/30 29/31/29
f 31/30/31 34/32/34 32/33/32
f 33/34/33 36/35/36 34/32/34
f 37/36/37 36/35/36 35/37/35
f 39/38/39 38/39/38 37/36/37
f 39/38/39 42/40/42 40/41/40
f 43/42/43 42/40/42 41/43/41
f 45/44/45 44/45/44 43/42/43
f 47/46/47 46/47/46 45/44/45
f 49/48/49 48/49/48 47/46/47
f 49/48/49 52/50/52 50/51/50
f 53/52/53 52/50/52 51/53/51
f 55/54/55 54/55/54 53/52/53
f 57/56/57 56/57/56 55/54/55
f 57/56/57 60/58/60 58/59/58
f 61/60/61 60/58/60 59/61/59
f 63/62/63 62/63/62 61/60/61
f 65/64/65 64/65/64 63/62/63
f 65/64/65 68/66/68 66/67/66
f 67/68/67 70/69/70 68/66/68
f 71/70/71 70/69/70 69/71/69
f 71/70/71 74/72/74 72/73/72
f 73/74/73 76/75/76 74/72/74
f 75/76/75 78/77/78 76/75/76
f 77/78/77 80/79/80 78/77/78
f 79/80/79 82/81/82 80/79/80
f 81/82/81 84/83/84 82/81/82
f 83/84/83 86/85/86 84/83/84
f 85/86/85 88/87/88 86/85/86
f 89/88/89 88/87/88 87/89/87
f 89/88/89 92/90/92 90/91/90
f 91/92/91 94/93/94 92/90/92
f 95/94/95 94/93/94 93/95/93
f 97/96/97 96/97/96 95/94/95
f 97/96/97 100/98/100 98/99/98
f 101/100/101 100/98/100 99/101/99
f 103/102/103 102/103/102 101/100/101
f 103/102/103 106/104/106 104/105/104
f 107/106/107 106/104/106 105/107/105
f 109/108/109 108/109/108 107/106/107
f 111/110/111 110/111/110 109/108/109
f 113/112/113 112/113/112 111/110/111
f 115/114/115 114/115/114 113/112/113
f 117/116/117 116/117/116 115/114/115
f 119/118/119 118/119/118 117/116/117
f 121/120/121 120/121/120 119/118/119
f 121/120/121 124/122/124 122/123/122
f 125/124/125 124/122/124 123/125/123
f 127/126/127 126/127/126 125/124/125
f 129/128/129 128/129/128 127/126/127
f 129/128/129 132/130/132 130/131/130
f 131/132/131 134/133/134 132/130/132
f 135/134/135 134/133/134 133/135/133
f 135/134/135 138/136/138 136/137/136
f 137/138/137 140/139/140 138/136/138
f 139/140/139 142/141/142 140/139/140
f 143/142/143 142/141/142 141/143/141
f 143/142/143 146/144/146 144/145/144
f 145/146/145 148/147/148 146/144/146
f 147/148/147 150/149/150 148/147/148
f 149/150/149 152/151/152 150/149/150
f 153/152/153 152/151/152 151/153/151
f 153/152/153 156/154/156 154/155/154
f 155/156/155 158/157/158 156/154/156
f 159/158/159 158/157/158 157/159/157
f 161/160/161 160/161/160 159/158/159
f 161/160/161 164/162/164 162/163/162
f 165/164/165 164/162/164 163/165/163
f 167/166/167 166/167/166 165/164/165
f 167/166/167 170/168/170 168/169/168
f 171/170/171 170/168/170 169/171/169
f 173/172/173 172/173/172 171/170/171
f 175/174/175 174/175/174 173/172/173
f 177/176/177 176/177/176 175/174/175
f 179/178/179 178/179/178 177/176/177
f 181/180/181 180/181/180 179/178/179
f 183/182/183 182/183/182 181/180/181
f 185/184/185 184/185/184 183/182/183
f 185/184/185 188/186/188 186/187/186
f 189/188/189 188/186/188 187/189/187
f 191/190/191 190/191/190 189/188/189
f 193/192/193 192/193/192 191/190/191
f 193/192/193 196/194/196 194/195/194
f 195/196/195 198/197/198 196/194/196
f 199/198/199 198/197/198 197/199/197
f 199/198/199 202/200/202 200/201/200
f 201/202/201 204/203/204 202/200/202
f 203/204/203 206/205/206 204/203/204
f 207/206/207 206/205/206 205/207/205
f 207/206/207 210/208/210 208/209/208
f 209/210/209 212/211/212 210/208/210
f 211/212/211 214/213/214 212/211/212
f 213/214/213 216/215/216 214/213/214
f 217/216/217 216/215/216 215/217/215
f 217/216/217 220/218/220 218/219/218
f 219/220/219 222/221/222 220/218/220
f 223/222/223 222/221/222 221/223/221
f 225/224/225 224/225/224 223/222/223
f 225/224/225 228/226/228 226/227/226
f 229/228/229 228/226/228 227/229/227
f 231/230/231 230/231/230 229/228/229
f 231/230/231 234/232/234 232/233/232
f 235/234/235 234/232/234 233/235/233
f 237/236/237 236/237/236 235/234/235
f 239/238/239 238/239/238 237/236/237
f 241/240/241 240/241/240 239/238/239
f 241/240/241 244/242/244 242/243/242
f 245/244/245 244/242/244 243/245/243
f 247/246/247 246/247/246 245/244/245
f 249/248/249 248/249/248 247/246/247
f 249/248/249 252/250/252 250/251/250
f 253/252/253 252/250/252 251/253/251
f 255/254/255 254/255/254 253/252/253
f 257/256/257 256/257/256 255/254/255
f 3/2/3 1557/258/1343 4/3/4
f 6/5/6 1556/259/1342 3/2/3
f 6/5/6 1555/260/1341 1554/261/1340
f 10/8/10 1555/260/1341 8/9/8
f 12/11/12 1553/262/1339 10/8/10
f 14/13/14 1551/263/1337 12/11/12
f 16/15/16 1552/264/1338 14/13/14
f 18/17/18 1561/265/1346 16/15/16
f 20/19/20 1562/266/1347 18/17/18
f 22/21/22 1563/267/1348 20/19/20
f 22/21/22 1570/268/1355 1564/269/1349
f 24/23/24 1568/270/1353 1570/268/1355
f 26/27/26 1567/271/1352 1568/270/1353
f 28/26/28 1565/272/1350 1567/271/1352
f 32/33/32 1565/272/1350 30/29/30
f 32/33/32 1569/273/1354 1566/274/1351
f 34/32/34 1571/275/1356 1569/273/1354
f 38/39/38 1571/275/1356 36/35/36
f 40/41/40 1572/276/1357 38/39/38
f 42/40/42 1580/277/1365 40/41/40
f 44/45/44 1579/278/1364 42/40/42
f 44/45/44 1573/279/1358 1578/280/1363
f 46/47/46 1574/281/1359 1573/279/1358
f 48/49/48 1575/282/1360 1574/281/1359
f 50/51/50 1576/283/1361 1575/282/1360
f 52/50/52 1577/284/1362 1576/283/1361
f 54/55/54 1610/285/1394 1577/284/1362
f 56/57/56 1604/286/1389 1610/285/1394
f 60/58/60 1604/286/1389 58/59/58
f 60/58/60 1603/287/1388 1602/288/1387
f 62/63/62 1607/289/1391 1603/287/1388
f 66/67/66 1607/289/1391 64/65/64
f 68/66/68 1608/290/1392 66/67/66
f 70/69/70 1609/291/1393 68/66/68
f 70/69/70 1595/292/1380 1594/293/1379
f 74/72/74 1595/292/1380 72/73/72
f 76/75/76 1592/294/1377 74/72/74
f 78/77/78 1593/295/1378 76/75/76
f 80/79/80 1590/296/1375 78/77/78
f 82/81/82 1591/297/1376 80/79/80
f 84/83/84 1627/298/1407 82/81/82
f 86/85/86 1629/299/1409 84/83/84
f 86/85/86 1585/300/1370 1584/301/1369
f 88/87/88 1581/302/1366 1585/300/1370
f 90/91/90 1582/303/1367 1581/302/1366
f 92/90/92 1583/304/1368 1582/303/1367
f 96/97/96 1583/304/1368 94/93/94
f 98/99/98 1586/305/1371 96/97/96
f 98/99/98 1588/306/1373 1587/307/1372
f 102/103/102 1588/306/1373 100/98/100
f 104/105/104 1589/308/1374 102/103/102
f 106/104/106 1614/309/1398 104/105/104
f 108/109/108 1612/310/1396 106/104/106
f 108/109/108 1611/311/1395 1613/312/1397
f 110/111/110 1596/313/1381 1611/311/1395
f 112/113/112 1597/314/1382 1596/313/1381
f 114/115/114 1598/315/1383 1597/314/1382
f 116/117/116 259/316/259 1598/315/1383
f 118/119/118 260/317/260 259/316/259
f 120/121/120 261/318/261 260/317/260
f 124/122/124 261/318/261 122/123/122
f 124/122/124 263/319/263 262/320/262
f 126/127/126 1713/321/1480 263/319/263
f 130/131/130 1713/321/1480 128/129/128
f 132/130/132 1710/322/1479 130/131/130
f 134/133/134 1697/323/1469 132/130/132
f 134/133/134 1696/324/1468 1695/325/1467
f 138/136/138 1696/324/1468 136/137/136
f 140/139/140 1698/326/1470 138/136/138
f 142/141/142 1692/327/1464 140/139/140
f 144/145/144 1690/328/1462 142/141/142
f 146/144/146 1687/329/1459 144/145/144
f 148/147/148 1688/330/1460 146/144/146
f 150/149/150 1745/331/1488 148/147/148
f 150/149/150 1751/332/1491 1750/333/1490
f 152/151/152 1753/334/1493 1751/332/1491
f 154/155/154 1754/335/1494 1753/334/1493
f 156/154/156 1775/336/1506 1754/335/1494
f 160/161/160 1775/336/1506 158/157/158
f 162/163/162 1771/337/1503 160/161/160
f 162/163/162 1765/338/1500 1764/339/1499
f 166/167/166 1765/338/1500 164/162/164
f 168/169/168 1796/340/1515 166/167/166
f 170/168/170 1797/341/1516 168/169/168
f 172/173/172 1799/342/1517 170/168/170
f 172/173/172 1789/343/1512 1792/344/1513
f 174/175/174 1788/345/1511 1789/343/1512
f 176/177/176 1779/346/1508 1788/345/1511
f 178/179/178 1662/347/1437 1779/346/1508
f 180/181/180 1660/348/1435 1662/347/1437
f 182/183/182 1661/349/1436 1660/348/1435
f 184/185/184 1663/350/1438 1661/349/1436
f 188/186/188 1663/350/1438 186/187/186
f 188/186/188 1679/351/1452 1664/352/1439
f 190/191/190 1674/353/1447 1679/351/1452
f 194/195/194 1674/353/1447 192/193/192
f 196/194/196 1669/354/1443 194/195/194
f 198/197/198 1653/355/1428 196/194/196
f 198/197/198 1655/356/1430 1654/357/1429
f 202/200/202 1655/356/1430 200/201/200
f 204/203/204 1657/358/1432 202/200/202
f 206/205/206 1648/359/1423 204/203/204
f 208/209/208 1649/360/1424 206/205/206
f 210/208/210 1644/361/1419 208/209/208
f 212/211/212 1636/362/1413 210/208/210
f 214/213/214 1637/363/1414 212/211/212
f 214/213/214 1641/364/1417 1639/365/1415
f 216/215/216 1646/366/1421 1641/364/1417
f 218/219/218 1647/367/1422 1646/366/1421
f 220/218/220 1658/368/1433 1647/367/1422
f 224/225/224 1658/368/1433 222/221/222
f 226/227/226 1656/369/1431 224/225/224
f 226/227/226 1652/370/1427 1651/371/1426
f 230/231/230 1652/370/1427 228/226/228
f 232/233/232 1670/372/1444 230/231/230
f 234/232/234 1671/373/1445 232/233/232
f 236/237/236 1676/374/1449 234/232/234
f 236/237/236 1667/375/1442 1666/376/1441
f 238/239/238 1665/377/1440 1667/375/1442
f 240/241/240 1659/378/1434 1665/377/1440
f 242/243/242 1463/379/1283 1659/378/1434
f 244/242/244 1464/380/1284 1463/379/1283
f 246/247/246 1467/381/1285 1464/380/1284
f 248/249/248 1470/382/1287 1467/381/1285
f 252/250/252 1470/382/1287 250/251/250
f 252/250/252 1477/383/1290 1471/384/1288
f 254/255/254 1478/385/1291 1477/383/1290
f 256/257/256 1481/386/1294 1478/385/1291
f 265/387/265 1503/388/1306 1506/389/1307
f 264/390/264 1349/391/1190 1503/388/1306
f 266/392/266 1350/393/1191 1349/391/1190
f 267/394/267 1342/395/268 1350/393/1191
f 268/396/268 1338/397/1181 1342/395/268
f 269/398/269 1339/399/270 1338/397/1181
f 270/400/270 1346/401/1187 1339/399/270
f 272/402/272 1346/401/1187 271/403/271
f 272/402/272 1351/404/1192 1347/405/1188
f 273/406/273 1352/407/1193 1351/404/1192
f 274/408/274 1386/409/1224 1352/407/1193
f 275/410/275 1380/411/1218 1386/409/1224
f 277/412/277 1380/411/1218 276/413/276
f 278/414/278 1377/415/1215 277/412/277
f 278/414/278 1358/416/1198 1374/417/1213
f 279/418/279 1359/419/1199 1358/416/1198
f 280/420/280 1364/421/1204 1359/419/1199
f 281/422/281 1365/423/282 1364/421/1204
f 282/424/282 1426/425/283 1365/423/282
f 283/426/283 1419/427/284 1426/425/283
f 284/428/284 1415/429/1252 1419/427/284
f 285/430/285 1416/431/1253 1415/429/1252
f 286/432/286 1423/433/287 1416/431/1253
f 287/434/287 1424/435/1259 1423/433/287
f 288/436/288 1428/437/289 1424/435/1259
f 289/438/289 1411/439/290 1428/437/289
f 290/440/290 1412/441/1249 1411/439/290
f 291/442/291 1409/443/1247 1412/441/1249
f 292/444/292 1407/445/1245 1409/443/1247
f 293/446/293 1404/447/1242 1407/445/1245
f 295/448/295 1404/447/1242 294/449/294
f 295/448/295 1384/450/1222 1383/451/1221
f 296/452/296 1390/453/1228 1384/450/1222
f 297/454/297 1395/455/1233 1390/453/1228
f 298/456/298 1800/457/1518 1395/455/1233
f 299/458/299 1801/459/300 1800/457/1518
f 300/460/300 1803/461/1519 1801/459/300
f 302/462/302 1803/461/1519 301/463/301
f 302/462/302 1303/464/1152 1312/465/1159
f 304/466/304 1303/464/1152 303/467/303
f 305/468/305 1304/469/304 304/466/304
f 305/468/305 1331/470/1175 1806/471/1520
f 307/472/307 1331/470/1175 306/473/306
f 307/472/307 1327/474/308 1326/475/1172
f 309/476/309 1327/474/308 308/477/308
f 310/478/310 1329/479/309 309/476/309
f 310/478/310 1320/480/1166 1325/481/1171
f 311/482/311 1308/483/1156 1320/480/1166
f 313/484/313 1308/483/1156 312/485/312
f 313/484/313 1311/486/314 1309/487/1157
f 314/488/314 1769/489/1501 1311/486/314
f 316/490/316 1769/489/1501 315/491/315
f 316/490/316 1773/492/1504 1770/493/1502
f 318/494/318 1773/492/1504 317/495/317
f 318/494/318 1794/496/1514 1777/497/1507
f 319/498/319 1783/499/1509 1794/496/1514
f 321/500/321 1783/499/1509 320/501/320
f 321/500/321 1762/502/1497 1784/503/1510
f 323/504/323 1762/502/1497 322/505/322
f 324/506/324 1755/507/1495 323/504/323
f 325/508/325 1756/509/1496 324/506/324
f 326/510/326 1760/511/325 325/508/325
f 327/512/327 1752/513/1492 326/510/326
f 328/514/328 1746/515/1489 327/512/327
f 328/514/328 458/516/452 1736/517/1487
f 330/518/330 458/516/452 329/519/329
f 331/520/331 459/521/453 330/518/330
f 332/522/332 460/523/454 331/520/331
f 333/524/333 461/525/455 332/522/332
f 334/526/334 462/527/456 333/524/333
f 335/528/335 463/529/334 334/526/334
f 336/530/336 464/531/457 335/528/335
f 337/532/337 465/533/458 336/530/336
f 338/534/338 466/535/459 337/532/337
f 339/536/339 467/537/460 338/534/338
f 340/538/340 468/539/339 339/536/339
f 341/540/341 469/541/461 340/538/340
f 342/542/342 470/543/462 341/540/341
f 343/544/343 471/545/463 342/542/342
f 344/546/344 472/547/464 343/544/343
f 345/548/345 473/549/465 344/546/344
f 345/548/345 1314/550/1161 1313/551/1160
f 346/552/346 1319/553/347 1314/550/1161
f 348/554/348 1319/553/347 347/555/347
f 349/556/349 1321/557/1167 348/554/348
f 350/558/350 1322/559/1168 349/556/349
f 351/560/351 1333/561/1177 350/558/350
f 351/560/351 1328/562/1173 1330/563/1174
f 353/564/353 1328/562/1173 352/565/352
f 354/566/354 1298/567/353 353/564/353
f 355/568/355 1299/569/1149 354/566/354
f 356/570/356 1300/571/355 355/568/355
f 357/572/357 1306/573/1154 356/570/356
f 358/574/358 1307/575/1155 357/572/357
f 359/576/359 1296/577/1147 358/574/358
f 360/578/360 1297/579/1148 359/576/359
f 360/578/360 1393/580/1231 489/581/481
f 362/582/362 1393/580/1231 361/583/361
f 363/584/363 1394/585/1232 362/582/362
f 364/586/364 1398/587/1236 363/584/363
f 364/586/364 1401/588/1239 1400/589/1238
f 366/590/366 1401/588/1239 365/591/365
f 367/592/367 1410/593/1248 366/590/366
f 368/594/368 1405/595/1243 367/592/367
f 369/596/369 1406/597/1244 368/594/368
f 370/598/370 1408/599/1246 369/596/369
f 371/600/371 1432/601/1265 370/598/370
f 372/602/372 1433/603/1266 371/600/371
f 373/604/373 1434/605/1267 372/602/372
f 374/606/374 1421/607/1257 373/604/373
f 374/606/374 1413/608/1250 1422/609/1258
f 375/610/375 1414/611/1251 1413/608/1250
f 377/612/377 1414/611/1251 376/613/376
f 377/612/377 1367/614/1206 1366/615/1205
f 378/616/378 1369/617/1208 1367/614/1206
f 379/618/379 1371/619/1210 1369/617/1208
f 380/620/380 1373/621/1212 1371/619/1210
f 381/622/381 1382/623/1220 1373/621/1212
f 382/624/382 1375/625/383 1382/623/1220
f 383/626/383 1376/627/1214 1375/625/383
f 384/628/384 1353/629/1194 1376/627/1214
f 385/630/385 1354/631/386 1353/629/1194
f 387/632/387 1354/631/386 386/633/386
f 387/632/387 1363/634/1203 1362/635/1202
f 388/636/388 1344/637/1185 1363/634/1203
f 389/638/389 1345/639/1186 1344/637/1185
f 391/640/391 1345/639/1186 390/641/390
f 391/640/391 1337/642/392 1336/643/1180
f 394/389/393 522/644/393 523/645/393
f 393/388/393 524/646/394 522/644/393
f 396/393/395 524/646/394 395/391/394
f 396/393/395 526/647/396 525/648/395
f 398/397/397 526/647/396 397/395/396
f 399/399/397 527/649/397 398/397/397
f 399/399/397 529/650/398 528/651/397
f 400/401/398 530/652/399 529/650/398
f 402/404/400 530/652/399 401/405/399
f 402/404/400 532/653/401 531/654/400
f 404/409/402 532/653/401 403/407/401
f 405/411/402 533/655/402 404/409/402
f 405/411/402 535/656/403 534/657/402
f 407/417/404 535/656/403 406/415/403
f 408/416/405 536/658/404 407/417/404
f 409/419/406 537/659/405 408/416/405
f 409/419/406 539/660/511 538/661/406
f 411/423/408 539/660/511 410/421/407
f 412/425/409 540/662/408 411/423/408
f 413/427/410 541/663/409 412/425/409
f 413/427/410 543/664/411 542/665/410
f 415/431/412 543/664/411 414/429/411
f 415/431/412 545/666/413 544/667/412
f 417/435/414 545/666/413 416/433/413
f 418/437/415 546/668/414 417/435/414
f 418/437/415 548/669/416 547/670/415
f 419/439/416 549/671/417 548/669/416
f 421/443/418 549/671/417 420/441/417
f 421/443/418 551/672/419 550/673/418
f 423/447/420 551/672/419 422/445/419
f 424/451/421 552/674/420 423/447/420
f 425/450/422 1474/675/421 424/451/421
f 425/450/422 1472/676/423 1475/677/422
f 426/453/423 1465/678/424 1472/676/423
f 428/457/425 1465/678/424 427/455/424
f 428/457/425 1486/679/426 1466/680/425
f 430/461/427 1486/679/426 429/459/426
f 431/465/428 1488/681/427 430/461/427
f 431/465/428 561/682/428 1493/683/427
f 432/464/428 562/684/429 561/682/428
f 434/471/430 562/684/429 433/469/429
f 434/471/430 564/685/431 563/686/430
f 436/475/432 564/685/431 435/470/431
f 437/474/432 565/687/432 436/475/432
f 437/474/432 567/688/433 566/689/432
f 439/481/434 567/688/433 438/479/433
f 440/480/435 568/690/434 439/481/434
f 441/483/436 1457/691/435 440/480/435
f 441/483/436 1454/692/437 1458/693/436
f 442/487/437 1448/694/438 1454/692/437
f 444/489/439 1448/694/438 443/486/438
f 444/489/439 1468/695/440 1449/696/439
f 445/493/440 1469/697/1286 1468/695/440
f 447/497/442 1469/697/1286 446/492/441
f 447/497/442 1446/698/1272 1473/699/442
f 449/499/443 1446/698/1272 448/496/443
f 450/503/444 1447/700/443 449/499/443
f 450/503/444 1435/701/445 1441/702/444
f 451/502/445 1436/703/446 1435/701/445
f 453/509/447 1436/703/446 452/507/446
f 453/509/447 1439/704/448 1437/705/447
f 455/513/449 1439/704/448 454/511/448
f 456/515/450 1442/706/449 455/513/449
f 456/515/450 1605/707/451 1443/708/450
f 457/517/451 1606/709/1390 1605/707/451
f 1737/516/1390 1601/710/1386 1606/709/1390
f 1743/523/1384 1601/710/1386 1740/521/1386
f 1743/523/1384 1600/711/1385 1599/712/1384
f 1748/527/1399 1600/711/1385 1747/525/1385
f 1748/527/1399 1616/713/1399 1615/714/1399
f 1766/529/1399 1619/715/1402 1616/713/1399
f 1761/531/1402 1617/716/1400 1619/715/1402
f 1759/535/1401 1617/716/1400 1758/533/1400
f 1759/535/1401 1620/717/1403 1618/718/1401
f 1793/539/1404 1620/717/1403 1785/537/1403
f 1793/539/1404 1621/719/1404 1624/720/1404
f 1795/541/1404 1622/721/1405 1621/719/1404
f 1780/543/1405 1623/722/1406 1622/721/1405
f 1776/547/1420 1623/722/1406 1781/545/1406
f 1776/547/1420 602/723/553 1645/724/1420
f 1772/549/553 603/725/554 602/723/553
f 474/551/466 1638/726/467 603/725/554
f 476/553/468 1638/726/467 475/550/467
f 476/553/468 1635/727/469 1634/728/468
f 477/557/469 1668/729/470 1635/727/469
f 479/561/471 1668/729/470 478/559/470
f 479/561/471 609/730/472 608/731/471
f 481/562/473 609/730/472 480/563/472
f 482/567/474 1625/732/473 481/562/473
f 482/567/474 612/733/475 1626/734/474
f 483/569/475 613/735/476 612/733/475
f 485/573/477 613/735/476 484/571/476
f 485/573/477 615/736/478 1632/737/477
f 487/577/479 615/736/478 486/575/478
f 488/579/480 616/738/479 487/577/479
f 488/579/480 618/739/562 617/740/480
f 1802/581/562 619/741/482 618/739/562
f 490/580/482 620/742/483 619/741/482
f 492/587/484 620/742/483 491/585/483
f 492/587/484 622/743/485 621/744/484
f 494/588/485 622/743/485 493/589/485
f 495/593/486 623/745/485 494/588/485
f 495/593/486 625/746/487 624/747/486
f 496/595/487 626/748/488 625/746/487
f 498/599/489 626/748/488 497/597/488
f 498/599/489 628/749/490 627/750/489
f 500/603/491 628/749/490 499/601/490
f 501/605/491 629/751/491 500/603/491
f 501/605/491 631/752/492 630/753/491
f 502/607/492 632/754/493 631/752/492
f 503/609/493 633/755/494 632/754/493
f 505/611/495 633/755/494 504/608/494
f 506/615/496 634/756/495 505/611/495
f 507/614/497 635/757/496 506/615/496
f 508/617/498 636/758/497 507/614/497
f 508/617/498 638/759/499 637/760/498
f 509/619/499 639/761/563 638/759/499
f 511/623/501 639/761/563 510/621/500
f 511/623/501 641/762/502 640/763/501
f 513/627/503 641/762/502 512/625/502
f 514/629/504 642/764/503 513/627/503
f 514/629/504 644/765/505 643/766/504
f 515/631/505 645/767/506 644/765/505
f 517/634/507 645/767/506 516/635/506
f 517/634/507 647/768/564 646/769/507
f 519/639/508 647/768/564 518/637/507
f 520/643/509 648/770/508 519/639/508
f 521/642/510 649/771/509 520/643/509
f 1512/645/1309 651/772/565 652/773/566
f 1511/644/1308 653/774/567 651/772/565
f 1514/646/1310 654/775/568 653/774/567
f 1519/648/1312 655/776/569 654/775/568
f 1521/649/1314 655/776/569 1520/647/1313
f 1522/651/1315 656/777/570 1521/649/1314
f 1523/650/1316 657/778/571 1522/651/1315
f 1535/652/1323 658/779/572 1523/650/1316
f 1533/654/1321 659/780/573 1535/652/1323
f 1534/653/1322 660/781/574 1533/654/1321
f 1529/655/1319 661/782/575 1534/653/1322
f 1525/657/1317 662/783/576 1529/655/1319
f 1525/657/1317 664/784/578 663/785/577
f 1526/656/1318 665/786/579 664/784/578
f 1530/658/1320 666/787/580 665/786/579
f 1531/659/580 667/788/581 666/787/580
f 1544/660/1332 667/788/581 1546/661/581
f 1545/662/1333 668/789/582 1544/660/1332
f 1547/663/584 669/790/583 1545/662/1333
f 1547/663/584 671/791/585 670/792/584
f 1548/665/1334 672/793/586 671/791/585
f 1549/664/1335 673/794/587 672/793/586
f 1550/667/1336 674/795/588 673/794/587
f 1542/668/1330 674/795/588 1543/666/1331
f 1542/668/1330 676/796/590 675/797/589
f 1540/670/1328 677/798/591 676/796/590
f 1541/669/1329 678/799/592 677/798/591
f 1536/673/1324 678/799/592 1538/671/1326
f 1537/672/1325 679/800/593 1536/673/1324
f 1539/674/1327 680/801/594 1537/672/1325
f 553/675/512 681/802/595 1539/674/1327
f 554/677/513 682/803/596 553/675/512
f 554/677/513 684/804/598 683/805/597
f 555/676/514 685/806/599 684/804/598
f 556/678/515 686/807/600 685/806/599
f 557/680/516 687/808/601 686/807/600
f 559/681/518 687/808/601 558/679/517
f 560/683/519 688/809/602 559/681/518
f 1494/682/1298 689/810/603 560/683/519
f 1494/682/1298 691/811/605 690/812/604
f 1500/686/1303 691/811/605 1502/684/1305
f 1496/685/1299 692/813/606 1500/686/1303
f 1497/687/1300 693/814/607 1496/685/1299
f 1498/689/1301 694/815/608 1497/687/1300
f 1498/689/1301 696/816/610 695/817/609
f 1499/688/1302 697/818/611 696/816/610
f 1501/690/1304 698/819/520 697/818/611
f 569/691/520 699/820/521 698/819/520
f 571/692/522 699/820/521 570/693/521
f 572/694/523 700/821/612 571/692/522
f 573/696/524 701/822/523 572/694/523
f 573/696/524 703/823/613 702/824/524
f 574/695/525 704/825/614 703/823/613
f 575/697/526 705/826/615 704/825/614
f 576/699/527 706/827/616 705/826/615
f 578/700/529 706/827/616 577/698/528
f 578/700/529 708/828/618 707/829/617
f 579/702/530 709/830/619 708/828/618
f 580/701/531 710/831/620 709/830/619
f 582/705/533 710/831/620 581/703/532
f 583/704/534 711/832/621 582/705/533
f 584/706/535 712/833/622 583/704/534
f 585/708/536 713/834/623 584/706/535
f 585/708/536 715/835/625 714/836/624
f 586/707/537 716/837/626 715/835/625
f 587/709/538 717/838/627 716/837/626
f 588/710/539 718/839/628 717/838/627
f 589/712/540 719/840/629 718/839/628
f 591/714/542 719/840/629 590/711/541
f 592/713/543 720/841/630 591/714/542
f 593/715/544 721/842/631 592/713/543
f 593/715/544 723/843/633 722/844/632
f 595/718/546 723/843/633 594/716/545
f 596/717/547 724/845/634 595/718/546
f 597/720/548 725/846/635 596/717/547
f 598/719/549 726/847/636 597/720/548
f 598/719/549 728/848/638 727/849/637
f 599/721/550 729/850/639 728/848/638
f 600/722/551 730/851/552 729/850/639
f 601/724/552 731/852/640 730/851/552
f 1643/725/1418 731/852/640 1642/723/640
f 604/726/555 732/853/641 1643/725/1418
f 605/728/556 733/854/642 604/726/555
f 605/728/556 735/855/644 734/856/643
f 606/727/557 736/857/645 735/855/644
f 607/729/558 737/858/646 736/857/645
f 1630/731/1410 738/859/647 737/858/646
f 1628/730/1408 739/860/648 738/859/647
f 610/732/559 740/861/649 739/860/648
f 611/734/560 741/862/650 740/861/649
f 1631/733/1411 742/863/651 741/862/650
f 614/737/561 742/863/651 1650/735/1425
f 1633/736/1412 743/864/652 614/737/561
f 1640/738/1416 744/865/653 1633/736/1412
f 1706/740/1476 745/866/654 1640/738/1416
f 1706/740/1476 747/867/656 746/868/655
f 1707/739/1477 748/869/657 747/867/656
f 1708/741/1478 749/870/658 748/869/657
f 1704/742/1474 750/871/659 749/870/658
f 1705/744/1475 751/872/660 750/871/659
f 1700/745/1472 751/872/660 1699/743/1471
f 1723/747/1481 752/873/661 1700/745/1472
f 1724/746/1482 753/874/662 1723/747/1481
f 1726/748/1483 754/875/663 1724/746/1482
f 1727/750/665 755/876/664 1726/748/1483
f 1728/749/1484 756/877/665 1727/750/665
f 1735/751/1486 757/878/666 1728/749/1484
f 1733/753/1485 758/879/667 1735/751/1486
f 1733/753/1485 760/880/669 759/881/668
f 1731/752/669 761/882/670 760/880/669
f 1685/754/1458 762/883/671 761/882/670
f 1686/755/671 763/884/672 762/883/671
f 1693/757/1465 763/884/672 1689/756/1461
f 1682/758/1455 764/885/673 1693/757/1465
f 1683/760/1456 765/886/674 1682/758/1455
f 1683/760/1456 767/887/676 766/888/675
f 1677/759/1450 768/889/677 767/887/676
f 1678/761/1451 769/890/678 768/889/677
f 1672/763/678 770/891/679 769/890/678
f 1673/762/1446 771/892/680 770/891/679
f 1675/764/1448 772/893/681 771/892/680
f 1680/766/1453 773/894/682 772/893/681
f 1681/765/1454 774/895/683 773/894/682
f 1691/769/1463 774/895/683 1694/767/1466
f 1684/768/1457 775/896/684 1691/769/1463
f 1558/770/1344 776/897/685 1684/768/1457
f 1559/771/1345 777/898/686 1558/770/1344
f 1559/771/1345 779/899/688 778/900/687
f 781/901/690 909/902/818 910/903/819
f 780/904/689 911/905/820 909/902/818
f 782/906/691 912/907/821 911/905/820
f 784/908/693 912/907/821 783/909/692
f 785/910/694 913/911/822 784/908/693
f 786/912/695 914/913/823 785/910/694
f 786/912/695 916/914/825 915/915/824
f 787/916/696 917/917/826 916/914/825
f 788/918/697 918/919/827 917/917/826
f 789/920/698 919/921/828 918/919/827
f 790/922/699 920/923/829 919/921/828
f 791/924/700 921/925/830 920/923/829
f 792/926/701 922/927/831 921/925/830
f 793/928/702 923/929/832 922/927/831
f 794/930/703 924/931/833 923/929/832
f 795/932/704 925/933/834 924/931/833
f 797/934/706 925/933/834 796/935/705
f 798/936/707 926/937/835 797/934/706
f 799/938/708 927/939/836 798/936/707
f 800/940/709 928/941/837 799/938/708
f 801/942/710 929/943/838 800/940/709
f 802/944/711 930/945/839 801/942/710
f 803/946/712 931/947/840 802/944/711
f 804/948/713 932/949/841 803/946/712
f 805/950/714 933/951/842 804/948/713
f 805/950/714 935/952/844 934/953/843
f 806/954/715 936/955/845 935/952/844
f 807/956/716 937/957/846 936/955/845
f 809/958/718 937/957/846 808/959/717
f 810/960/719 938/961/847 809/958/718
f 811/962/720 939/963/848 810/960/719
f 811/962/720 941/964/850 940/965/849
f 812/966/721 942/967/851 941/964/850
f 813/968/722 943/969/852 942/967/851
f 814/970/723 944/971/853 943/969/852
f 815/972/724 945/973/854 944/971/853
f 817/974/726 945/973/854 816/975/725
f 817/974/726 947/976/856 946/977/855
f 818/978/727 948/979/857 947/976/856
f 819/980/728 949/981/858 948/979/857
f 820/982/729 950/983/859 949/981/858
f 821/984/730 951/985/860 950/983/859
f 822/986/731 952/987/861 951/985/860
f 823/988/732 953/989/862 952/987/861
f 824/990/733 954/991/863 953/989/862
f 825/992/734 955/993/864 954/991/863
f 826/994/735 956/995/865 955/993/864
f 828/996/737 956/995/865 827/997/736
f 829/998/738 957/999/866 828/996/737
f 830/1000/739 958/1001/867 829/998/738
f 831/1002/740 959/1003/868 830/1000/739
f 832/1004/741 960/1005/869 831/1002/740
f 833/1006/742 961/1007/870 832/1004/741
f 834/1008/743 962/1009/871 833/1006/742
f 835/1010/744 963/1011/872 834/1008/743
f 836/1012/745 964/1013/873 835/1010/744
f 837/1014/746 965/1015/874 836/1012/745
f 837/1014/746 967/1016/876 966/1017/875
f 838/1018/747 968/1019/877 967/1016/876
f 839/1020/748 969/1021/878 968/1019/877
f 841/1022/750 969/1021/878 840/1023/749
f 842/1024/751 970/1025/879 841/1022/750
f 843/1026/752 971/1027/880 842/1024/751
f 844/1028/753 972/1029/881 843/1026/752
f 844/1028/753 974/1030/883 973/1031/882
f 845/1032/754 975/1033/884 974/1030/883
f 846/1034/755 976/1035/885 975/1033/884
f 848/1036/757 976/1035/885 847/1037/756
f 849/1038/758 977/1039/886 848/1036/757
f 849/1038/758 979/1040/888 978/1041/887
f 850/1042/759 980/1043/889 979/1040/888
f 851/1044/760 981/1045/890 980/1043/889
f 852/1046/761 982/1047/891 981/1045/890
f 853/1048/762 983/1049/892 982/1047/891
f 854/1050/763 984/1051/893 983/1049/892
f 855/1052/764 985/1053/894 984/1051/893
f 856/1054/765 986/1055/895 985/1053/894
f 857/1056/766 987/1057/896 986/1055/895
f 858/1058/767 988/1059/897 987/1057/896
f 859/1060/768 989/1061/898 988/1059/897
f 861/1062/770 989/1061/898 860/1063/769
f 862/1064/771 990/1065/899 861/1062/770
f 863/1066/772 991/1067/900 862/1064/771
f 864/1068/773 992/1069/901 863/1066/772
f 866/1070/775 994/1071/903 865/1072/774
f 867/1073/776 995/1074/904 866/1070/775
f 868/1075/777 996/1076/905 867/1073/776
f 869/1077/778 999/1078/908 998/1079/907
f 870/1080/779 1000/1081/909 999/1078/908
f 871/1082/780 1001/1083/910 1000/1081/909
f 873/1084/782 1001/1083/910 872/1085/781
f 874/1086/783 1002/1087/911 873/1084/782
f 875/1088/784 1003/1089/912 874/1086/783
f 875/1088/784 1005/1090/914 1004/1091/913
f 876/1092/785 1006/1093/915 1005/1090/914
f 877/1094/786 1007/1095/916 1006/1093/915
f 878/1096/787 1008/1097/917 1007/1095/916
f 879/1098/788 1009/1099/918 1008/1097/917
f 881/1100/790 1009/1099/918 880/1101/789
f 882/1102/791 1010/1103/919 881/1100/790
f 882/1102/791 1012/1104/921 1011/1105/920
f 883/1106/792 1013/1107/922 1012/1104/921
f 884/1108/793 1014/1109/923 1013/1107/922
f 885/1110/794 1015/1111/924 1014/1109/923
f 886/1112/795 1016/1113/925 1015/1111/924
f 887/1114/796 1017/1115/926 1016/1113/925
f 888/1116/797 1018/1117/927 1017/1115/926
f 889/1118/798 1019/1119/928 1018/1117/927
f 890/1120/799 1020/1121/929 1019/1119/928
f 891/1122/800 1021/1123/930 1020/1121/929
f 893/1124/802 1021/1123/930 892/1125/801
f 894/1126/803 1022/1127/931 893/1124/802
f 895/1128/804 1023/1129/932 894/1126/803
f 896/1130/805 1024/1131/933 895/1128/804
f 897/1132/806 1025/1133/934 896/1130/805
f 898/1134/807 1026/1135/935 897/1132/806
f 899/1136/808 1027/1137/936 898/1134/807
f 900/1138/809 1028/1139/937 899/1136/808
f 901/1140/810 1029/1141/938 900/1138/809
f 902/1142/811 1030/1143/939 901/1140/810
f 902/1142/811 1032/1144/941 1031/1145/940
f 903/1146/812 1033/1147/942 1032/1144/941
f 905/1148/814 1033/1147/942 904/1149/813
f 906/1150/815 1034/1151/943 905/1148/814
f 907/1152/816 1035/1153/944 906/1150/815
f 907/1152/816 1037/1154/946 1036/1155/945
f 909/902/818 1039/1156/948 910/903/819
f 911/905/820 1701/1157/1473 909/902/818
f 911/905/820 1041/1158/950 1040/1159/949
f 912/907/821 1042/1160/951 1041/1158/950
f 913/911/822 1043/1161/952 1042/1160/951
f 915/915/824 1043/1161/952 914/913/823
f 916/914/825 1044/1162/953 915/915/824
f 917/917/826 1045/1163/954 916/914/825
f 918/919/827 1046/1164/955 917/917/826
f 918/919/827 1048/1165/957 1047/1166/956
f 919/921/828 1049/1167/958 1048/1165/957
f 920/923/829 1050/1168/959 1049/1167/958
f 921/925/830 1051/1169/960 1050/1168/959
f 922/927/831 1052/1170/961 1051/1169/960
f 923/929/832 1053/1171/962 1052/1170/961
f 925/933/834 1053/1171/962 924/931/833
f 926/937/835 1054/1172/963 925/933/834
f 927/939/836 1055/1173/964 926/937/835
f 928/941/837 1056/1174/965 927/939/836
f 929/943/838 1057/1175/966 928/941/837
f 930/945/839 1058/1176/967 929/943/838
f 931/947/840 1059/1177/968 930/945/839
f 931/947/840 1061/1178/970 1060/1179/969
f 932/949/841 1062/1180/971 1061/1178/970
f 933/951/842 1063/1181/972 1062/1180/971
f 934/953/843 1064/1182/973 1063/1181/972
f 936/955/845 1064/1182/973 935/952/844
f 937/957/846 1065/1183/974 936/955/845
f 938/961/847 1066/1184/975 937/957/846
f 938/961/847 1068/1185/977 1067/1186/976
f 939/963/848 1069/1187/978 1068/1185/977
f 941/964/850 1069/1187/978 940/965/849
f 942/967/851 1070/1188/979 941/964/850
f 943/969/852 1323/1189/1169 942/967/851
f 943/969/852 1332/1190/1176 1324/1191/1170
f 944/971/853 1334/1192/1178 1332/1190/1176
f 945/973/854 1335/1193/1179 1334/1192/1178
f 947/976/856 1335/1193/1179 946/977/855
f 948/979/857 1348/1194/1189 947/976/856
f 949/981/858 1340/1195/1182 948/979/857
f 950/983/859 1341/1196/1183 949/981/858
f 950/983/859 1368/1197/1207 1343/1198/1184
f 951/985/860 1370/1199/1209 1368/1197/1207
f 952/987/861 1372/1200/1211 1370/1199/1209
f 953/989/862 1360/1201/1200 1372/1200/1211
f 954/991/863 1361/1202/1201 1360/1201/1200
f 955/993/864 1355/1203/1195 1361/1202/1201
f 957/999/866 1355/1203/1195 956/995/865
f 958/1001/867 1356/1204/1196 957/999/866
f 959/1003/868 1357/1205/1197 958/1001/867
f 960/1005/869 1301/1206/1150 959/1003/868
f 961/1007/870 1302/1207/1151 960/1005/869
f 962/1009/871 1305/1208/1153 961/1007/870
f 963/1011/872 1310/1209/1158 962/1009/871
f 963/1011/872 1315/1210/1162 1318/1211/1165
f 964/1013/873 1316/1212/1163 1315/1210/1162
f 965/1015/874 1317/1213/1164 1316/1212/1163
f 966/1017/875 1096/1214/1005 1317/1213/1164
f 968/1019/877 1096/1214/1005 967/1016/876
f 969/1021/878 1097/1215/1006 968/1019/877
f 970/1025/879 1098/1216/1007 969/1021/878
f 970/1025/879 1100/1217/1009 1099/1218/1008
f 971/1027/880 1101/1219/1010 1100/1217/1009
f 973/1031/882 1101/1219/1010 972/1029/881
f 974/1030/883 1102/1220/1011 973/1031/882
f 975/1033/884 1462/1221/1282 974/1030/883
f 975/1033/884 1461/1222/1281 1460/1223/1280
f 976/1035/885 1476/1224/1289 1461/1222/1281
f 977/1039/886 1479/1225/1292 1476/1224/1289
f 979/1040/888 1479/1225/1292 978/1041/887
f 980/1043/889 1480/1226/1293 979/1040/888
f 981/1045/890 1482/1227/1295 980/1043/889
f 982/1047/891 1110/1228/1019 981/1045/890
f 982/1047/891 1112/1229/1021 1111/1230/1020
f 983/1049/892 1113/1231/1022 1112/1229/1021
f 984/1051/893 1114/1232/1023 1113/1231/1022
f 985/1053/894 1115/1233/1024 1114/1232/1023
f 986/1055/895 1116/1234/1025 1115/1233/1024
f 987/1057/896 1117/1235/1026 1116/1234/1025
f 989/1061/898 1117/1235/1026 988/1059/897
f 990/1065/899 1118/1236/1027 989/1061/898
f 991/1067/900 1119/1237/1028 990/1065/899
f 992/1069/901 1120/1238/1029 991/1067/900
f 993/1239/902 1121/1240/1030 992/1069/901
f 994/1071/903 1122/1241/1031 993/1239/902
f 995/1074/904 1123/1242/1032 994/1071/903
f 995/1074/904 1125/1243/1034 1124/1244/1033
f 996/1076/905 1126/1245/1035 1125/1243/1034
f 997/1246/906 1127/1247/1036 1126/1245/1035
f 998/1079/907 1128/1248/1037 1127/1247/1036
f 1000/1081/909 1128/1248/1037 999/1078/908
f 1001/1083/910 1129/1249/1038 1000/1081/909
f 1002/1087/911 1130/1250/1039 1001/1083/910
f 1002/1087/911 1132/1251/1041 1131/1252/1040
f 1003/1089/912 1133/1253/1042 1132/1251/1041
f 1005/1090/914 1133/1253/1042 1004/1091/913
f 1006/1093/915 1430/1254/1263 1005/1090/914
f 1007/1095/916 1431/1255/1264 1006/1093/915
f 1007/1095/916 1417/1256/1254 1427/1257/1261
f 1008/1097/917 1418/1258/1255 1417/1256/1254
f 1009/1099/918 1438/1259/1268 1418/1258/1255
f 1011/1105/920 1438/1259/1268 1010/1103/919
f 1012/1104/921 1440/1260/1269 1011/1105/920
f 1013/1107/922 1444/1261/1270 1012/1104/921
f 1014/1109/923 1445/1262/1271 1013/1107/922
f 1014/1109/923 1455/1263/1277 1459/1264/1279
f 1015/1111/924 1450/1265/1273 1455/1263/1277
f 1016/1113/925 1451/1266/1274 1450/1265/1273
f 1017/1115/926 1452/1267/1275 1451/1266/1274
f 1018/1117/927 1453/1268/1276 1452/1267/1275
f 1019/1119/928 1456/1269/1278 1453/1268/1276
f 1021/1123/930 1456/1269/1278 1020/1121/929
f 1022/1127/931 1402/1270/1240 1021/1123/930
f 1023/1129/932 1403/1271/1241 1022/1127/931
f 1024/1131/933 1399/1272/1237 1023/1129/932
f 1025/1133/934 1396/1273/1234 1024/1131/933
f 1026/1135/935 1397/1274/1235 1025/1133/934
f 1027/1137/936 1420/1275/1256 1026/1135/935
f 1027/1137/936 1429/1276/1262 1425/1277/1260
f 1028/1139/937 1391/1278/1229 1429/1276/1262
f 1029/1141/938 1392/1279/1230 1391/1278/1229
f 1030/1143/939 1387/1280/1225 1392/1279/1230
f 1032/1144/941 1387/1280/1225 1031/1145/940
f 1033/1147/942 1378/1281/1216 1032/1144/941
f 1034/1151/943 1379/1282/1217 1033/1147/942
f 1034/1151/943 1385/1283/1223 1381/1284/1219
f 1035/1153/944 1388/1285/1226 1385/1283/1223
f 1036/1155/945 1389/1286/1227 1388/1285/1226
f 1038/1157/947 1168/1287/1076 1703/1156/1076
f 1038/1157/947 1169/1288/1077 1167/1289/947
f 1709/1158/1078 1169/1288/1077 1702/1159/1077
f 1711/1160/1079 1170/1290/1078 1709/1158/1078
f 1711/1160/1079 1172/1291/1080 1171/1292/1079
f 1717/1162/1081 1172/1291/1080 1712/1161/1080
f 1716/1163/1082 1173/1293/1081 1717/1162/1081
f 1714/1164/1083 1174/1294/1082 1716/1163/1082
f 1714/1164/1083 1176/1295/1084 1175/1296/1083
f 1725/1165/1085 1176/1295/1084 1715/1166/1084
f 1725/1165/1085 1178/1297/1086 1177/1298/1085
f 1730/1168/1087 1178/1297/1086 1729/1167/1086
f 1730/1168/1087 1180/1299/1088 1179/1300/1087
f 1722/1170/1089 1180/1299/1088 1721/1169/1088
f 1722/1170/1089 1182/1301/1090 1181/1302/1089
f 1718/1172/1091 1182/1301/1090 1720/1171/1090
f 1719/1173/1092 1183/1303/1091 1718/1172/1091
f 1719/1173/1092 1185/1304/1093 1184/1305/1092
f 1763/1175/1498 1185/1304/1093 1757/1174/1093
f 1763/1175/1498 1187/1306/1095 1186/1307/1094
f 1768/1177/1096 1187/1306/1095 1767/1176/1095
f 1768/1177/1096 1189/1308/1097 1188/1309/1096
f 1778/1178/1098 1189/1308/1097 1782/1179/1097
f 1778/1178/1098 1191/1310/1099 1190/1311/1098
f 1774/1180/1505 1192/1312/1100 1191/1310/1099
f 1741/1181/1100 1193/1313/1101 1192/1312/1100
f 1744/1183/1102 1193/1313/1101 1742/1182/1101
f 1744/1183/1102 1195/1314/1103 1194/1315/1102
f 1749/1184/1103 1196/1316/1104 1195/1314/1103
f 1739/1185/1105 1196/1316/1104 1738/1186/1104
f 1739/1185/1105 1198/1317/1106 1197/1318/1105
f 1734/1187/1106 1199/1319/1107 1198/1317/1106
f 1071/1189/980 1199/1319/1107 1732/1188/1107
f 1071/1189/980 1201/1320/981 1200/1321/980
f 1073/1190/982 1201/1320/981 1072/1191/981
f 1074/1192/983 1202/1322/982 1073/1190/982
f 1074/1192/983 1204/1323/1109 1203/1324/1108
f 1076/1194/985 1204/1323/1109 1075/1193/984
f 1077/1195/986 1205/1325/985 1076/1194/985
f 1078/1196/987 1206/1326/986 1077/1195/986
f 1078/1196/987 1208/1327/988 1207/1328/987
f 1080/1197/989 1208/1327/988 1079/1198/988
f 1080/1197/989 1210/1329/990 1209/1330/989
f 1082/1200/991 1210/1329/990 1081/1199/990
f 1082/1200/991 1212/1331/992 1211/1332/991
f 1084/1202/993 1212/1331/992 1083/1201/992
f 1084/1202/993 1214/1333/994 1213/1334/993
f 1086/1204/995 1214/1333/994 1085/1203/994
f 1087/1205/996 1215/1335/1110 1086/1204/995
f 1087/1205/996 1217/1336/997 1216/1337/996
f 1089/1207/998 1217/1336/997 1088/1206/997
f 1089/1207/998 1219/1338/999 1218/1339/998
f 1091/1209/1000 1219/1338/999 1090/1208/999
f 1091/1209/1000 1221/1340/1001 1220/1341/1000
f 1093/1210/1002 1221/1340/1001 1092/1211/1001
f 1093/1210/1002 1223/1342/1003 1222/1343/1002
f 1094/1212/1003 1224/1344/1004 1223/1342/1003
f 1095/1213/1004 1225/1345/1111 1224/1344/1004
f 1804/1215/1112 1225/1345/1111 1798/1214/1111
f 1804/1215/1112 1227/1346/1113 1226/1347/1112
f 1805/1216/1113 1228/1348/1114 1227/1346/1113
f 1791/1217/1115 1228/1348/1114 1790/1218/1114
f 1791/1217/1115 1230/1349/1116 1229/1350/1115
f 1786/1219/1116 1231/1351/1117 1230/1349/1116
f 1103/1221/1012 1231/1351/1117 1787/1220/1117
f 1103/1221/1012 1233/1352/1013 1232/1353/1012
f 1105/1222/1014 1233/1352/1013 1104/1223/1013
f 1106/1224/1015 1234/1354/1014 1105/1222/1014
f 1106/1224/1015 1236/1355/1016 1235/1356/1015
f 1108/1226/1017 1236/1355/1016 1107/1225/1016
f 1109/1227/1018 1237/1357/1017 1108/1226/1017
f 1483/1228/1118 1238/1358/1018 1109/1227/1018
f 1483/1228/1118 1240/1359/1119 1239/1360/1118
f 1491/1229/1120 1240/1359/1119 1495/1230/1119
f 1491/1229/1120 1242/1361/1121 1241/1362/1120
f 1487/1232/1297 1242/1361/1121 1492/1231/1121
f 1487/1232/1297 1244/1363/1123 1243/1364/1122
f 1485/1234/1124 1244/1363/1123 1484/1233/1296
f 1485/1234/1124 1246/1365/1125 1245/1366/1124
f 1490/1236/1126 1246/1365/1125 1489/1235/1125
f 1518/1237/1127 1247/1367/1126 1490/1236/1126
f 1518/1237/1127 1249/1368/1128 1248/1369/1127
f 1517/1240/1311 1249/1368/1128 1516/1238/1128
f 1517/1240/1311 1251/1370/1130 1250/1371/1129
f 1527/1242/1131 1251/1370/1130 1524/1241/1130
f 1527/1242/1131 1253/1372/1132 1252/1373/1131
f 1532/1243/1133 1253/1372/1132 1528/1244/1132
f 1532/1243/1133 1255/1374/1134 1254/1375/1133
f 1515/1245/1134 1256/1376/1135 1255/1374/1134
f 1513/1247/1135 1257/1377/1136 1256/1376/1135
f 1510/1249/1137 1257/1377/1136 1509/1248/1136
f 1510/1249/1137 1259/1378/1138 1258/1379/1137
f 1507/1250/1138 1260/1380/1139 1259/1378/1138
f 1505/1251/1140 1260/1380/1139 1504/1252/1139
f 1505/1251/1140 1262/1381/1141 1261/1382/1140
f 1508/1253/1141 1263/1383/1043 1262/1381/1141
f 1135/1255/1044 1263/1383/1043 1134/1254/1043
f 1135/1255/1044 1265/1384/1045 1264/1385/1044
f 1137/1256/1046 1265/1384/1045 1136/1257/1045
f 1138/1258/1047 1266/1386/1142 1137/1256/1046
f 1138/1258/1047 1268/1387/1144 1267/1388/1143
f 1140/1260/1049 1268/1387/1144 1139/1259/1048
f 1141/1261/1050 1269/1389/1049 1140/1260/1049
f 1142/1262/1051 1270/1390/1050 1141/1261/1050
f 1142/1262/1051 1272/1391/1052 1271/1392/1051
f 1144/1263/1053 1272/1391/1052 1143/1264/1052
f 1144/1263/1053 1274/1393/1054 1273/1394/1053
f 1146/1266/1055 1274/1393/1054 1145/1265/1054
f 1146/1266/1055 1276/1395/1056 1275/1396/1055
f 1148/1268/1057 1276/1395/1056 1147/1267/1056
f 1148/1268/1057 1278/1397/1058 1277/1398/1057
f 1150/1270/1059 1278/1397/1058 1149/1269/1058
f 1151/1271/1060 1279/1399/1145 1150/1270/1059
f 1151/1271/1060 1281/1400/1061 1280/1401/1060
f 1153/1273/1062 1281/1400/1061 1152/1272/1061
f 1153/1273/1062 1283/1402/1063 1282/1403/1062
f 1155/1275/1064 1283/1402/1063 1154/1274/1063
f 1155/1275/1064 1285/1404/1065 1284/1405/1064
f 1157/1276/1066 1285/1404/1065 1156/1277/1065
f 1157/1276/1066 1287/1406/1067 1286/1407/1066
f 1158/1278/1067 1288/1408/1068 1287/1406/1067
f 1159/1279/1068 1289/1409/1069 1288/1408/1068
f 1161/1281/1070 1289/1409/1069 1160/1280/1069
f 1161/1281/1070 1291/1410/1071 1290/1411/1070
f 1162/1282/1071 1292/1412/1072 1291/1410/1071
f 1164/1283/1073 1292/1412/1072 1163/1284/1072
f 1164/1283/1073 1294/1413/1146 1293/1414/1073
f 1166/1286/1075 1294/1413/1146 1165/1285/1074
f 1/1/1 2/4/2 3/2/3
f 2/4/2 5/7/5 6/5/6
f 7/6/7 8/9/8 6/5/6
f 7/6/7 9/10/9 10/8/10
f 9/10/9 11/12/11 12/11/12
f 11/12/11 13/14/13 14/13/14
f 13/14/13 15/16/15 16/15/16
f 15/16/15 17/18/17 18/17/18
f 17/18/17 19/20/19 20/19/20
f 19/20/19 21/22/21 22/21/22
f 21/22/21 23/25/23 24/23/24
f 25/24/25 26/27/26 24/23/24
f 25/24/25 27/28/27 28/26/28
f 27/28/27 29/31/29 30/29/30
f 31/30/31 32/33/32 30/29/30
f 31/30/31 33/34/33 34/32/34
f 33/34/33 35/37/35 36/35/36
f 37/36/37 38/39/38 36/35/36
f 39/38/39 40/41/40 38/39/38
f 39/38/39 41/43/41 42/40/42
f 43/42/43 44/45/44 42/40/42
f 45/44/45 46/47/46 44/45/44
f 47/46/47 48/49/48 46/47/46
f 49/48/49 50/51/50 48/49/48
f 49/48/49 51/53/51 52/50/52
f 53/52/53 54/55/54 52/50/52
f 55/54/55 56/57/56 54/55/54
f 57/56/57 58/59/58 56/57/56
f 57/56/57 59/61/59 60/58/60
f 61/60/61 62/63/62 60/58/60
f 63/62/63 64/65/64 62/63/62
f 65/64/65 66/67/66 64/65/64
f 65/64/65 67/68/67 68/66/68
f 67/68/67 69/71/69 70/69/70
f 71/70/71 72/73/72 70/69/70
f 71/70/71 73/74/73 74/72/74
f 73/74/73 75/76/75 76/75/76
f 75/76/75 77/78/77 78/77/78
f 77/78/77 79/80/79 80/79/80
f 79/80/79 81/82/81 82/81/82
f 81/82/81 83/84/83 84/83/84
f 83/84/83 85/86/85 86/85/86
f 85/86/85 87/89/87 88/87/88
f 89/88/89 90/91/90 88/87/88
f 89/88/89 91/92/91 92/90/92
f 91/92/91 93/95/93 94/93/94
f 95/94/95 96/97/96 94/93/94
f 97/96/97 98/99/98 96/97/96
f 97/96/97 99/101/99 100/98/100
f 101/100/101 102/103/102 100/98/100
f 103/102/103 104/105/104 102/103/102
f 103/102/103 105/107/105 106/104/106
f 107/106/107 108/109/108 106/104/106
f 109/108/109 110/111/110 108/109/108
f 111/110/111 112/113/112 110/111/110
f 113/112/113 114/115/114 112/113/112
f 115/114/115 116/117/116 114/115/114
f 117/116/117 118/119/118 116/117/116
f 119/118/119 120/121/120 118/119/118
f 121/120/121 122/123/122 120/121/120
f 121/120/121 123/125/123 124/122/124
f 125/124/125 126/127/126 124/122/124
f 127/126/127 128/129/128 126/127/126
f 129/128/129 130/131/130 128/129/128
f 129/128/129 131/132/131 132/130/132
f 131/132/131 133/135/133 134/133/134
f 135/134/135 136/137/136 134/133/134
f 135/134/135 137/138/137 138/136/138
f 137/138/137 139/140/139 140/139/140
f 139/140/139 141/143/141 142/141/142
f 143/142/143 144/145/144 142/141/142
f 143/142/143 145/146/145 146/144/146
f 145/146/145 147/148/147 148/147/148
f 147/148/147 149/150/149 150/149/150
f 149/150/149 151/153/151 152/151/152
f 153/152/153 154/155/154 152/151/152
f 153/152/153 155/156/155 156/154/156
f 155/156/155 157/159/157 158/157/158
f 159/158/159 160/161/160 158/157/158
f 161/160/161 162/163/162 160/161/160
f 161/160/161 163/165/163 164/162/164
f 165/164/165 166/167/166 164/162/164
f 167/166/167 168/169/168 166/167/166
f 167/166/167 169/171/169 170/168/170
f 171/170/171 172/173/172 170/168/170
f 173/172/173 174/175/174 172/173/172
f 175/174/175 176/177/176 174/175/174
f 177/176/177 178/179/178 176/177/176
f 179/178/179 180/181/180 178/179/178
f 181/180/181 182/183/182 180/181/180
f 183/182/183 184/185/184 182/183/182
f 185/184/185 186/187/186 184/185/184
f 185/184/185 187/189/187 188/186/188
f 189/188/189 190/191/190 188/186/188
f 191/190/191 192/193/192 190/191/190
f 193/192/193 194/195/194 192/193/192
f 193/192/193 195/196/195 196/194/196
f 195/196/195 197/199/197 198/197/198
f 199/198/199 200/201/200 198/197/198
f 199/198/199 201/202/201 202/200/202
f 201/202/201 203/204/203 204/203/204
f 203/204/203 205/207/205 206/205/206
f 207/206/207 208/209/208 206/205/206
f 207/206/207 209/210/209 210/208/210
f 209/210/209 211/212/211 212/211/212
f 211/212/211 213/214/213 214/213/214
f 213/214/213 215/217/215 216/215/216
f 217/216/217 218/219/218 216/215/216
f 217/216/217 219/220/219 220/218/220
f 219/220/219 221/223/221 222/221/222
f 223/222/223 224/225/224 222/221/222
f 225/224/225 226/227/226 224/225/224
f 225/224/225 227/229/227 228/226/228
f 229/228/229 230/231/230 228/226/228
f 231/230/231 232/233/232 230/231/230
f 231/230/231 233/235/233 234/232/234
f 235/234/235 236/237/236 234/232/234
f 237/236/237 238/239/238 236/237/236
f 239/238/239 240/241/240 238/239/238
f 241/240/241 242/243/242 240/241/240
f 241/240/241 243/245/243 244/242/244
f 245/244/245 246/247/246 244/242/244
f 247/246/247 248/249/248 246/247/246
f 249/248/249 250/251/250 248/249/248
f 249/248/249 251/253/251 252/250/252
f 253/252/253 254/255/254 252/250/252
f 255/254/255 256/257/256 254/255/254
f 257/256/257 258/1415/258 256/257/256
f 3/2/3 1556/259/1342 1557/258/1343
f 6/5/6 1554/261/1340 1556/259/1342
f 6/5/6 8/9/8 1555/260/1341
f 10/8/10 1553/262/1339 1555/260/1341
f 12/11/12 1551/263/1337 1553/262/1339
f 14/13/14 1552/264/1338 1551/263/1337
f 16/15/16 1561/265/1346 1552/264/1338
f 18/17/18 1562/266/1347 1561/265/1346
f 20/19/20 1563/267/1348 1562/266/1347
f 22/21/22 1564/269/1349 1563/267/1348
f 22/21/22 24/23/24 1570/268/1355
f 24/23/24 26/27/26 1568/270/1353
f 26/27/26 28/26/28 1567/271/1352
f 28/26/28 30/29/30 1565/272/1350
f 32/33/32 1566/274/1351 1565/272/1350
f 32/33/32 34/32/34 1569/273/1354
f 34/32/34 36/35/36 1571/275/1356
f 38/39/38 1572/276/1357 1571/275/1356
f 40/41/40 1580/277/1365 1572/276/1357
f 42/40/42 1579/278/1364 1580/277/1365
f 44/45/44 1578/280/1363 1579/278/1364
f 44/45/44 46/47/46 1573/279/1358
f 46/47/46 48/49/48 1574/281/1359
f 48/49/48 50/51/50 1575/282/1360
f 50/51/50 52/50/52 1576/283/1361
f 52/50/52 54/55/54 1577/284/1362
f 54/55/54 56/57/56 1610/285/1394
f 56/57/56 58/59/58 1604/286/1389
f 60/58/60 1602/288/1387 1604/286/1389
f 60/58/60 62/63/62 1603/287/1388
f 62/63/62 64/65/64 1607/289/1391
f 66/67/66 1608/290/1392 1607/289/1391
f 68/66/68 1609/291/1393 1608/290/1392
f 70/69/70 1594/293/1379 1609/291/1393
f 70/69/70 72/73/72 1595/292/1380
f 74/72/74 1592/294/1377 1595/292/1380
f 76/75/76 1593/295/1378 1592/294/1377
f 78/77/78 1590/296/1375 1593/295/1378
f 80/79/80 1591/297/1376 1590/296/1375
f 82/81/82 1627/298/1407 1591/297/1376
f 84/83/84 1629/299/1409 1627/298/1407
f 86/85/86 1584/301/1369 1629/299/1409
f 86/85/86 88/87/88 1585/300/1370
f 88/87/88 90/91/90 1581/302/1366
f 90/91/90 92/90/92 1582/303/1367
f 92/90/92 94/93/94 1583/304/1368
f 96/97/96 1586/305/1371 1583/304/1368
f 98/99/98 1587/307/1372 1586/305/1371
f 98/99/98 100/98/100 1588/306/1373
f 102/103/102 1589/308/1374 1588/306/1373
f 104/105/104 1614/309/1398 1589/308/1374
f 106/104/106 1612/310/1396 1614/309/1398
f 108/109/108 1613/312/1397 1612/310/1396
f 108/109/108 110/111/110 1611/311/1395
f 110/111/110 112/113/112 1596/313/1381
f 112/113/112 114/115/114 1597/314/1382
f 114/115/114 116/117/116 1598/315/1383
f 116/117/116 118/119/118 259/316/259
f 118/119/118 120/121/120 260/317/260
f 120/121/120 122/123/122 261/318/261
f 124/122/124 262/320/262 261/318/261
f 124/122/124 126/127/126 263/319/263
f 126/127/126 128/129/128 1713/321/1480
f 130/131/130 1710/322/1479 1713/321/1480
f 132/130/132 1697/323/1469 1710/322/1479
f 134/133/134 1695/325/1467 1697/323/1469
f 134/133/134 136/137/136 1696/324/1468
f 138/136/138 1698/326/1470 1696/324/1468
f 140/139/140 1692/327/1464 1698/326/1470
f 142/141/142 1690/328/1462 1692/327/1464
f 144/145/144 1687/329/1459 1690/328/1462
f 146/144/146 1688/330/1460 1687/329/1459
f 148/147/148 1745/331/1488 1688/330/1460
f 150/149/150 1750/333/1490 1745/331/1488
f 150/149/150 152/151/152 1751/332/1491
f 152/151/152 154/155/154 1753/334/1493
f 154/155/154 156/154/156 1754/335/1494
f 156/154/156 158/157/158 1775/336/1506
f 160/161/160 1771/337/1503 1775/336/1506
f 162/163/162 1764/339/1499 1771/337/1503
f 162/163/162 164/162/164 1765/338/1500
f 166/167/166 1796/340/1515 1765/338/1500
f 168/169/168 1797/341/1516 1796/340/1515
f 170/168/170 1799/342/1517 1797/341/1516
f 172/173/172 1792/344/1513 1799/342/1517
f 172/173/172 174/175/174 1789/343/1512
f 174/175/174 176/177/176 1788/345/1511
f 176/177/176 178/179/178 1779/346/1508
f 178/179/178 180/181/180 1662/347/1437
f 180/181/180 182/183/182 1660/348/1435
f 182/183/182 184/185/184 1661/349/1436
f 184/185/184 186/187/186 1663/350/1438
f 188/186/188 1664/352/1439 1663/350/1438
f 188/186/188 190/191/190 1679/351/1452
f 190/191/190 192/193/192 1674/353/1447
f 194/195/194 1669/354/1443 1674/353/1447
f 196/194/196 1653/355/1428 1669/354/1443
f 198/197/198 1654/357/1429 1653/355/1428
f 198/197/198 200/201/200 1655/356/1430
f 202/200/202 1657/358/1432 1655/356/1430
f 204/203/204 1648/359/1423 1657/358/1432
f 206/205/206 1649/360/1424 1648/359/1423
f 208/209/208 1644/361/1419 1649/360/1424
f 210/208/210 1636/362/1413 1644/361/1419
f 212/211/212 1637/363/1414 1636/362/1413
f 214/213/214 1639/365/1415 1637/363/1414
f 214/213/214 216/215/216 1641/364/1417
f 216/215/216 218/219/218 1646/366/1421
f 218/219/218 220/218/220 1647/367/1422
f 220/218/220 222/221/222 1658/368/1433
f 224/225/224 1656/369/1431 1658/368/1433
f 226/227/226 1651/371/1426 1656/369/1431
f 226/227/226 228/226/228 1652/370/1427
f 230/231/230 1670/372/1444 1652/370/1427
f 232/233/232 1671/373/1445 1670/372/1444
f 234/232/234 1676/374/1449 1671/373/1445
f 236/237/236 1666/376/1441 1676/374/1449
f 236/237/236 238/239/238 1667/375/1442
f 238/239/238 240/241/240 1665/377/1440
f 240/241/240 242/243/242 1659/378/1434
f 242/243/242 244/242/244 1463/379/1283
f 244/242/244 246/247/246 1464/380/1284
f 246/247/246 248/249/248 1467/381/1285
f 248/249/248 250/251/250 1470/382/1287
f 252/250/252 1471/384/1288 1470/382/1287
f 252/250/252 254/255/254 1477/383/1290
f 254/255/254 256/257/256 1478/385/1291
f 256/257/256 258/1415/258 1481/386/1294
f 265/387/265 264/390/264 1503/388/1306
f 264/390/264 266/392/266 1349/391/1190
f 266/392/266 267/394/267 1350/393/1191
f 267/394/267 268/396/268 1342/395/268
f 268/396/268 269/398/269 1338/397/1181
f 269/398/269 270/400/270 1339/399/270
f 270/400/270 271/403/271 1346/401/1187
f 272/402/272 1347/405/1188 1346/401/1187
f 272/402/272 273/406/273 1351/404/1192
f 273/406/273 274/408/274 1352/407/1193
f 274/408/274 275/410/275 1386/409/1224
f 275/410/275 276/413/276 1380/411/1218
f 277/412/277 1377/415/1215 1380/411/1218
f 278/414/278 1374/417/1213 1377/415/1215
f 278/414/278 279/418/279 1358/416/1198
f 279/418/279 280/420/280 1359/419/1199
f 280/420/280 281/422/281 1364/421/1204
f 281/422/281 282/424/282 1365/423/282
f 282/424/282 283/426/283 1426/425/283
f 283/426/283 284/428/284 1419/427/284
f 284/428/284 285/430/285 1415/429/1252
f 285/430/285 286/432/286 1416/431/1253
f 286/432/286 287/434/287 1423/433/287
f 287/434/287 288/436/288 1424/435/1259
f 288/436/288 289/438/289 1428/437/289
f 289/438/289 290/440/290 1411/439/290
f 290/440/290 291/442/291 1412/441/1249
f 291/442/291 292/444/292 1409/443/1247
f 292/444/292 293/446/293 1407/445/1245
f 293/446/293 294/449/294 1404/447/1242
f 295/448/295 1383/451/1221 1404/447/1242
f 295/448/295 296/452/296 1384/450/1222
f 296/452/296 297/454/297 1390/453/1228
f 297/454/297 298/456/298 1395/455/1233
f 298/456/298 299/458/299 1800/457/1518
f 299/458/299 300/460/300 1801/459/300
f 300/460/300 301/463/301 1803/461/1519
f 302/462/302 1312/465/1159 1803/461/1519
f 302/462/302 303/467/303 1303/464/1152
f 304/466/304 1304/469/304 1303/464/1152
f 305/468/305 1806/471/1520 1304/469/304
f 305/468/305 306/473/306 1331/470/1175
f 307/472/307 1326/475/1172 1331/470/1175
f 307/472/307 308/477/308 1327/474/308
f 309/476/309 1329/479/309 1327/474/308
f 310/478/310 1325/481/1171 1329/479/309
f 310/478/310 311/482/311 1320/480/1166
f 311/482/311 312/485/312 1308/483/1156
f 313/484/313 1309/487/1157 1308/483/1156
f 313/484/313 314/488/314 1311/486/314
f 314/488/314 315/491/315 1769/489/1501
f 316/490/316 1770/493/1502 1769/489/1501
f 316/490/316 317/495/317 1773/492/1504
f 318/494/318 1777/497/1507 1773/492/1504
f 318/494/318 319/498/319 1794/496/1514
f 319/498/319 320/501/320 1783/499/1509
f 321/500/321 1784/503/1510 1783/499/1509
f 321/500/321 322/505/322 1762/502/1497
f 323/504/323 1755/507/1495 1762/502/1497
f 324/506/324 1756/509/1496 1755/507/1495
f 325/508/325 1760/511/325 1756/509/1496
f 326/510/326 1752/513/1492 1760/511/325
f 327/512/327 1746/515/1489 1752/513/1492
f 328/514/328 1736/517/1487 1746/515/1489
f 328/514/328 329/519/329 458/516/452
f 330/518/330 459/521/453 458/516/452
f 331/520/331 460/523/454 459/521/453
f 332/522/332 461/525/455 460/523/454
f 333/524/333 462/527/456 461/525/455
f 334/526/334 463/529/334 462/527/456
f 335/528/335 464/531/457 463/529/334
f 336/530/336 465/533/458 464/531/457
f 337/532/337 466/535/459 465/533/458
f 338/534/338 467/537/460 466/535/459
f 339/536/339 468/539/339 467/537/460
f 340/538/340 469/541/461 468/539/339
f 341/540/341 470/543/462 469/541/461
f 342/542/342 471/545/463 470/543/462
f 343/544/343 472/547/464 471/545/463
f 344/546/344 473/549/465 472/547/464
f 345/548/345 1313/551/1160 473/549/465
f 345/548/345 346/552/346 1314/550/1161
f 346/552/346 347/555/347 1319/553/347
f 348/554/348 1321/557/1167 1319/553/347
f 349/556/349 1322/559/1168 1321/557/1167
f 350/558/350 1333/561/1177 1322/559/1168
f 351/560/351 1330/563/1174 1333/561/1177
f 351/560/351 352/565/352 1328/562/1173
f 353/564/353 1298/567/353 1328/562/1173
f 354/566/354 1299/569/1149 1298/567/353
f 355/568/355 1300/571/355 1299/569/1149
f 356/570/356 1306/573/1154 1300/571/355
f 357/572/357 1307/575/1155 1306/573/1154
f 358/574/358 1296/577/1147 1307/575/1155
f 359/576/359 1297/579/1148 1296/577/1147
f 360/578/360 489/581/481 1297/579/1148
f 360/578/360 361/583/361 1393/580/1231
f 362/582/362 1394/585/1232 1393/580/1231
f 363/584/363 1398/587/1236 1394/585/1232
f 364/586/364 1400/589/1238 1398/587/1236
f 364/586/364 365/591/365 1401/588/1239
f 366/590/366 1410/593/1248 1401/588/1239
f 367/592/367 1405/595/1243 1410/593/1248
f 368/594/368 1406/597/1244 1405/595/1243
f 369/596/369 1408/599/1246 1406/597/1244
f 370/598/370 1432/601/1265 1408/599/1246
f 371/600/371 1433/603/1266 1432/601/1265
f 372/602/372 1434/605/1267 1433/603/1266
f 373/604/373 1421/607/1257 1434/605/1267
f 374/606/374 1422/609/1258 1421/607/1257
f 374/606/374 375/610/375 1413/608/1250
f 375/610/375 376/613/376 1414/611/1251
f 377/612/377 1366/615/1205 1414/611/1251
f 377/612/377 378/616/378 1367/614/1206
f 378/616/378 379/618/379 1369/617/1208
f 379/618/379 380/620/380 1371/619/1210
f 380/620/380 381/622/381 1373/621/1212
f 381/622/381 382/624/382 1382/623/1220
f 382/624/382 383/626/383 1375/625/383
f 383/626/383 384/628/384 1376/627/1214
f 384/628/384 385/630/385 1353/629/1194
f 385/630/385 386/633/386 1354/631/386
f 387/632/387 1362/635/1202 1354/631/386
f 387/632/387 388/636/388 1363/634/1203
f 388/636/388 389/638/389 1344/637/1185
f 389/638/389 390/641/390 1345/639/1186
f 391/640/391 1336/643/1180 1345/639/1186
f 391/640/391 392/1416/392 1337/642/392
f 394/389/393 393/388/393 522/644/393
f 393/388/393 395/391/394 524/646/394
f 396/393/395 525/648/395 524/646/394
f 396/393/395 397/395/396 526/647/396
f 398/397/397 527/649/397 526/647/396
f 399/399/397 528/651/397 527/649/397
f 399/399/397 400/401/398 529/650/398
f 400/401/398 401/405/399 530/652/399
f 402/404/400 531/654/400 530/652/399
f 402/404/400 403/407/401 532/653/401
f 404/409/402 533/655/402 532/653/401
f 405/411/402 534/657/402 533/655/402
f 405/411/402 406/415/403 535/656/403
f 407/417/404 536/658/404 535/656/403
f 408/416/405 537/659/405 536/658/404
f 409/419/406 538/661/406 537/659/405
f 409/419/406 410/421/407 539/660/511
f 411/423/408 540/662/408 539/660/511
f 412/425/409 541/663/409 540/662/408
f 413/427/410 542/665/410 541/663/409
f 413/427/410 414/429/411 543/664/411
f 415/431/412 544/667/412 543/664/411
f 415/431/412 416/433/413 545/666/413
f 417/435/414 546/668/414 545/666/413
f 418/437/415 547/670/415 546/668/414
f 418/437/415 419/439/416 548/669/416
f 419/439/416 420/441/417 549/671/417
f 421/443/418 550/673/418 549/671/417
f 421/443/418 422/445/419 551/672/419
f 423/447/420 552/674/420 551/672/419
f 424/451/421 1474/675/421 552/674/420
f 425/450/422 1475/677/422 1474/675/421
f 425/450/422 426/453/423 1472/676/423
f 426/453/423 427/455/424 1465/678/424
f 428/457/425 1466/680/425 1465/678/424
f 428/457/425 429/459/426 1486/679/426
f 430/461/427 1488/681/427 1486/679/426
f 431/465/428 1493/683/427 1488/681/427
f 431/465/428 432/464/428 561/682/428
f 432/464/428 433/469/429 562/684/429
f 434/471/430 563/686/430 562/684/429
f 434/471/430 435/470/431 564/685/431
f 436/475/432 565/687/432 564/685/431
f 437/474/432 566/689/432 565/687/432
f 437/474/432 438/479/433 567/688/433
f 439/481/434 568/690/434 567/688/433
f 440/480/435 1457/691/435 568/690/434
f 441/483/436 1458/693/436 1457/691/435
f 441/483/436 442/487/437 1454/692/437
f 442/487/437 443/486/438 1448/694/438
f 444/489/439 1449/696/439 1448/694/438
f 444/489/439 445/493/440 1468/695/440
f 445/493/440 446/492/441 1469/697/1286
f 447/497/442 1473/699/442 1469/697/1286
f 447/497/442 448/496/443 1446/698/1272
f 449/499/443 1447/700/443 1446/698/1272
f 450/503/444 1441/702/444 1447/700/443
f 450/503/444 451/502/445 1435/701/445
f 451/502/445 452/507/446 1436/703/446
f 453/509/447 1437/705/447 1436/703/446
f 453/509/447 454/511/448 1439/704/448
f 455/513/449 1442/706/449 1439/704/448
f 456/515/450 1443/708/450 1442/706/449
f 456/515/450 457/517/451 1605/707/451
f 457/517/451 1737/516/1390 1606/709/1390
f 1737/516/1390 1740/521/1386 1601/710/1386
f 1743/523/1384 1599/712/1384 1601/710/1386
f 1743/523/1384 1747/525/1385 1600/711/1385
f 1748/527/1399 1615/714/1399 1600/711/1385
f 1748/527/1399 1766/529/1399 1616/713/1399
f 1766/529/1399 1761/531/1402 1619/715/1402
f 1761/531/1402 1758/533/1400 1617/716/1400
f 1759/535/1401 1618/718/1401 1617/716/1400
f 1759/535/1401 1785/537/1403 1620/717/1403
f 1793/539/1404 1624/720/1404 1620/717/1403
f 1793/539/1404 1795/541/1404 1621/719/1404
f 1795/541/1404 1780/543/1405 1622/721/1405
f 1780/543/1405 1781/545/1406 1623/722/1406
f 1776/547/1420 1645/724/1420 1623/722/1406
f 1776/547/1420 1772/549/553 602/723/553
f 1772/549/553 474/551/466 603/725/554
f 474/551/466 475/550/467 1638/726/467
f 476/553/468 1634/728/468 1638/726/467
f 476/553/468 477/557/469 1635/727/469
f 477/557/469 478/559/470 1668/729/470
f 479/561/471 608/731/471 1668/729/470
f 479/561/471 480/563/472 609/730/472
f 481/562/473 1625/732/473 609/730/472
f 482/567/474 1626/734/474 1625/732/473
f 482/567/474 483/569/475 612/733/475
f 483/569/475 484/571/476 613/735/476
f 485/573/477 1632/737/477 613/735/476
f 485/573/477 486/575/478 615/736/478
f 487/577/479 616/738/479 615/736/478
f 488/579/480 617/740/480 616/738/479
f 488/579/480 1802/581/562 618/739/562
f 1802/581/562 490/580/482 619/741/482
f 490/580/482 491/585/483 620/742/483
f 492/587/484 621/744/484 620/742/483
f 492/587/484 493/589/485 622/743/485
f 494/588/485 623/745/485 622/743/485
f 495/593/486 624/747/486 623/745/485
f 495/593/486 496/595/487 625/746/487
f 496/595/487 497/597/488 626/748/488
f 498/599/489 627/750/489 626/748/488
f 498/599/489 499/601/490 628/749/490
f 500/603/491 629/751/491 628/749/490
f 501/605/491 630/753/491 629/751/491
f 501/605/491 502/607/492 631/752/492
f 502/607/492 503/609/493 632/754/493
f 503/609/493 504/608/494 633/755/494
f 505/611/495 634/756/495 633/755/494
f 506/615/496 635/757/496 634/756/495
f 507/614/497 636/758/497 635/757/496
f 508/617/498 637/760/498 636/758/497
f 508/617/498 509/619/499 638/759/499
f 509/619/499 510/621/500 639/761/563
f 511/623/501 640/763/501 639/761/563
f 511/623/501 512/625/502 641/762/502
f 513/627/503 642/764/503 641/762/502
f 514/629/504 643/766/504 642/764/503
f 514/629/504 515/631/505 644/765/505
f 515/631/505 516/635/506 645/767/506
f 517/634/507 646/769/507 645/767/506
f 517/634/507 518/637/507 647/768/564
f 519/639/508 648/770/508 647/768/564
f 520/643/509 649/771/509 648/770/508
f 521/642/510 650/1417/510 649/771/509
f 1512/645/1309 1511/644/1308 651/772/565
f 1511/644/1308 1514/646/1310 653/774/567
f 1514/646/1310 1519/648/1312 654/775/568
f 1519/648/1312 1520/647/1313 655/776/569
f 1521/649/1314 656/777/570 655/776/569
f 1522/651/1315 657/778/571 656/777/570
f 1523/650/1316 658/779/572 657/778/571
f 1535/652/1323 659/780/573 658/779/572
f 1533/654/1321 660/781/574 659/780/573
f 1534/653/1322 661/782/575 660/781/574
f 1529/655/1319 662/783/576 661/782/575
f 1525/657/1317 663/785/577 662/783/576
f 1525/657/1317 1526/656/1318 664/784/578
f 1526/656/1318 1530/658/1320 665/786/579
f 1530/658/1320 1531/659/580 666/787/580
f 1531/659/580 1546/661/581 667/788/581
f 1544/660/1332 668/789/582 667/788/581
f 1545/662/1333 669/790/583 668/789/582
f 1547/663/584 670/792/584 669/790/583
f 1547/663/584 1548/665/1334 671/791/585
f 1548/665/1334 1549/664/1335 672/793/586
f 1549/664/1335 1550/667/1336 673/794/587
f 1550/667/1336 1543/666/1331 674/795/588
f 1542/668/1330 675/797/589 674/795/588
f 1542/668/1330 1540/670/1328 676/796/590
f 1540/670/1328 1541/669/1329 677/798/591
f 1541/669/1329 1538/671/1326 678/799/592
f 1536/673/1324 679/800/593 678/799/592
f 1537/672/1325 680/801/594 679/800/593
f 1539/674/1327 681/802/595 680/801/594
f 553/675/512 682/803/596 681/802/595
f 554/677/513 683/805/597 682/803/596
f 554/677/513 555/676/514 684/804/598
f 555/676/514 556/678/515 685/806/599
f 556/678/515 557/680/516 686/807/600
f 557/680/516 558/679/517 687/808/601
f 559/681/518 688/809/602 687/808/601
f 560/683/519 689/810/603 688/809/602
f 1494/682/1298 690/812/604 689/810/603
f 1494/682/1298 1502/684/1305 691/811/605
f 1500/686/1303 692/813/606 691/811/605
f 1496/685/1299 693/814/607 692/813/606
f 1497/687/1300 694/815/608 693/814/607
f 1498/689/1301 695/817/609 694/815/608
f 1498/689/1301 1499/688/1302 696/816/610
f 1499/688/1302 1501/690/1304 697/818/611
f 1501/690/1304 569/691/520 698/819/520
f 569/691/520 570/693/521 699/820/521
f 571/692/522 700/821/612 699/820/521
f 572/694/523 701/822/523 700/821/612
f 573/696/524 702/824/524 701/822/523
f 573/696/524 574/695/525 703/823/613
f 574/695/525 575/697/526 704/825/614
f 575/697/526 576/699/527 705/826/615
f 576/699/527 577/698/528 706/827/616
f 578/700/529 707/829/617 706/827/616
f 578/700/529 579/702/530 708/828/618
f 579/702/530 580/701/531 709/830/619
f 580/701/531 581/703/532 710/831/620
f 582/705/533 711/832/621 710/831/620
f 583/704/534 712/833/622 711/832/621
f 584/706/535 713/834/623 712/833/622
f 585/708/536 714/836/624 713/834/623
f 585/708/536 586/707/537 715/835/625
f 586/707/537 587/709/538 716/837/626
f 587/709/538 588/710/539 717/838/627
f 588/710/539 589/712/540 718/839/628
f 589/712/540 590/711/541 719/840/629
f 591/714/542 720/841/630 719/840/629
f 592/713/543 721/842/631 720/841/630
f 593/715/544 722/844/632 721/842/631
f 593/715/544 594/716/545 723/843/633
f 595/718/546 724/845/634 723/843/633
f 596/717/547 725/846/635 724/845/634
f 597/720/548 726/847/636 725/846/635
f 598/719/549 727/849/637 726/847/636
f 598/719/549 599/721/550 728/848/638
f 599/721/550 600/722/551 729/850/639
f 600/722/551 601/724/552 730/851/552
f 601/724/552 1642/723/640 731/852/640
f 1643/725/1418 732/853/641 731/852/640
f 604/726/555 733/854/642 732/853/641
f 605/728/556 734/856/643 733/854/642
f 605/728/556 606/727/557 735/855/644
f 606/727/557 607/729/558 736/857/645
f 607/729/558 1630/731/1410 737/858/646
f 1630/731/1410 1628/730/1408 738/859/647
f 1628/730/1408 610/732/559 739/860/648
f 610/732/559 611/734/560 740/861/649
f 611/734/560 1631/733/1411 741/862/650
f 1631/733/1411 1650/735/1425 742/863/651
f 614/737/561 743/864/652 742/863/651
f 1633/736/1412 744/865/653 743/864/652
f 1640/738/1416 745/866/654 744/865/653
f 1706/740/1476 746/868/655 745/866/654
f 1706/740/1476 1707/739/1477 747/867/656
f 1707/739/1477 1708/741/1478 748/869/657
f 1708/741/1478 1704/742/1474 749/870/658
f 1704/742/1474 1705/744/1475 750/871/659
f 1705/744/1475 1699/743/1471 751/872/660
f 1700/745/1472 752/873/661 751/872/660
f 1723/747/1481 753/874/662 752/873/661
f 1724/746/1482 754/875/663 753/874/662
f 1726/748/1483 755/876/664 754/875/663
f 1727/750/665 756/877/665 755/876/664
f 1728/749/1484 757/878/666 756/877/665
f 1735/751/1486 758/879/667 757/878/666
f 1733/753/1485 759/881/668 758/879/667
f 1733/753/1485 1731/752/669 760/880/669
f 1731/752/669 1685/754/1458 761/882/670
f 1685/754/1458 1686/755/671 762/883/671
f 1686/755/671 1689/756/1461 763/884/672
f 1693/757/1465 764/885/673 763/884/672
f 1682/758/1455 765/886/674 764/885/673
f 1683/760/1456 766/888/675 765/886/674
f 1683/760/1456 1677/759/1450 767/887/676
f 1677/759/1450 1678/761/1451 768/889/677
f 1678/761/1451 1672/763/678 769/890/678
f 1672/763/678 1673/762/1446 770/891/679
f 1673/762/1446 1675/764/1448 771/892/680
f 1675/764/1448 1680/766/1453 772/893/681
f 1680/766/1453 1681/765/1454 773/894/682
f 1681/765/1454 1694/767/1466 774/895/683
f 1691/769/1463 775/896/684 774/895/683
f 1684/768/1457 776/897/685 775/896/684
f 1558/770/1344 777/898/686 776/897/685
f 1559/771/1345 778/900/687 777/898/686
f 1559/771/1345 1560/1417/688 779/899/688
f 781/901/690 780/904/689 909/902/818
f 780/904/689 782/906/691 911/905/820
f 782/906/691 783/909/692 912/907/821
f 784/908/693 913/911/822 912/907/821
f 785/910/694 914/913/823 913/911/822
f 786/912/695 915/915/824 914/913/823
f 786/912/695 787/916/696 916/914/825
f 787/916/696 788/918/697 917/917/826
f 788/918/697 789/920/698 918/919/827
f 789/920/698 790/922/699 919/921/828
f 790/922/699 791/924/700 920/923/829
f 791/924/700 792/926/701 921/925/830
f 792/926/701 793/928/702 922/927/831
f 793/928/702 794/930/703 923/929/832
f 794/930/703 795/932/704 924/931/833
f 795/932/704 796/935/705 925/933/834
f 797/934/706 926/937/835 925/933/834
f 798/936/707 927/939/836 926/937/835
f 799/938/708 928/941/837 927/939/836
f 800/940/709 929/943/838 928/941/837
f 801/942/710 930/945/839 929/943/838
f 802/944/711 931/947/840 930/945/839
f 803/946/712 932/949/841 931/947/840
f 804/948/713 933/951/842 932/949/841
f 805/950/714 934/953/843 933/951/842
f 805/950/714 806/954/715 935/952/844
f 806/954/715 807/956/716 936/955/845
f 807/956/716 808/959/717 937/957/846
f 809/958/718 938/961/847 937/957/846
f 810/960/719 939/963/848 938/961/847
f 811/962/720 940/965/849 939/963/848
f 811/962/720 812/966/721 941/964/850
f 812/966/721 813/968/722 942/967/851
f 813/968/722 814/970/723 943/969/852
f 814/970/723 815/972/724 944/971/853
f 815/972/724 816/975/725 945/973/854
f 817/974/726 946/977/855 945/973/854
f 817/974/726 818/978/727 947/976/856
f 818/978/727 819/980/728 948/979/857
f 819/980/728 820/982/729 949/981/858
f 820/982/729 821/984/730 950/983/859
f 821/984/730 822/986/731 951/985/860
f 822/986/731 823/988/732 952/987/861
f 823/988/732 824/990/733 953/989/862
f 824/990/733 825/992/734 954/991/863
f 825/992/734 826/994/735 955/993/864
f 826/994/735 827/997/736 956/995/865
f 828/996/737 957/999/866 956/995/865
f 829/998/738 958/1001/867 957/999/866
f 830/1000/739 959/1003/868 958/1001/867
f 831/1002/740 960/1005/869 959/1003/868
f 832/1004/741 961/1007/870 960/1005/869
f 833/1006/742 962/1009/871 961/1007/870
f 834/1008/743 963/1011/872 962/1009/871
f 835/1010/744 964/1013/873 963/1011/872
f 836/1012/745 965/1015/874 964/1013/873
f 837/1014/746 966/1017/875 965/1015/874
f 837/1014/746 838/1018/747 967/1016/876
f 838/1018/747 839/1020/748 968/1019/877
f 839/1020/748 840/1023/749 969/1021/878
f 841/1022/750 970/1025/879 969/1021/878
f 842/1024/751 971/1027/880 970/1025/879
f 843/1026/752 972/1029/881 971/1027/880
f 844/1028/753 973/1031/882 972/1029/881
f 844/1028/753 845/1032/754 974/1030/883
f 845/1032/754 846/1034/755 975/1033/884
f 846/1034/755 847/1037/756 976/1035/885
f 848/1036/757 977/1039/886 976/1035/885
f 849/1038/758 978/1041/887 977/1039/886
f 849/1038/758 850/1042/759 979/1040/888
f 850/1042/759 851/1044/760 980/1043/889
f 851/1044/760 852/1046/761 981/1045/890
f 852/1046/761 853/1048/762 982/1047/891
f 853/1048/762 854/1050/763 983/1049/892
f 854/1050/763 855/1052/764 984/1051/893
f 855/1052/764 856/1054/765 985/1053/894
f 856/1054/765 857/1056/766 986/1055/895
f 857/1056/766 858/1058/767 987/1057/896
f 858/1058/767 859/1060/768 988/1059/897
f 859/1060/768 860/1063/769 989/1061/898
f 861/1062/770 990/1065/899 989/1061/898
f 862/1064/771 991/1067/900 990/1065/899
f 863/1066/772 992/1069/901 991/1067/900
f 864/1068/773 993/1239/902 992/1069/901
f 866/1070/775 995/1074/904 994/1071/903
f 867/1073/776 996/1076/905 995/1074/904
f 868/1075/777 997/1246/906 996/1076/905
f 869/1077/778 870/1080/779 999/1078/908
f 870/1080/779 871/1082/780 1000/1081/909
f 871/1082/780 872/1085/781 1001/1083/910
f 873/1084/782 1002/1087/911 1001/1083/910
f 874/1086/783 1003/1089/912 1002/1087/911
f 875/1088/784 1004/1091/913 1003/1089/912
f 875/1088/784 876/1092/785 1005/1090/914
f 876/1092/785 877/1094/786 1006/1093/915
f 877/1094/786 878/1096/787 1007/1095/916
f 878/1096/787 879/1098/788 1008/1097/917
f 879/1098/788 880/1101/789 1009/1099/918
f 881/1100/790 1010/1103/919 1009/1099/918
f 882/1102/791 1011/1105/920 1010/1103/919
f 882/1102/791 883/1106/792 1012/1104/921
f 883/1106/792 884/1108/793 1013/1107/922
f 884/1108/793 885/1110/794 1014/1109/923
f 885/1110/794 886/1112/795 1015/1111/924
f 886/1112/795 887/1114/796 1016/1113/925
f 887/1114/796 888/1116/797 1017/1115/926
f 888/1116/797 889/1118/798 1018/1117/927
f 889/1118/798 890/1120/799 1019/1119/928
f 890/1120/799 891/1122/800 1020/1121/929
f 891/1122/800 892/1125/801 1021/1123/930
f 893/1124/802 1022/1127/931 1021/1123/930
f 894/1126/803 1023/1129/932 1022/1127/931
f 895/1128/804 1024/1131/933 1023/1129/932
f 896/1130/805 1025/1133/934 1024/1131/933
f 897/1132/806 1026/1135/935 1025/1133/934
f 898/1134/807 1027/1137/936 1026/1135/935
f 899/1136/808 1028/1139/937 1027/1137/936
f 900/1138/809 1029/1141/938 1028/1139/937
f 901/1140/810 1030/1143/939 1029/1141/938
f 902/1142/811 1031/1145/940 1030/1143/939
f 902/1142/811 903/1146/812 1032/1144/941
f 903/1146/812 904/1149/813 1033/1147/942
f 905/1148/814 1034/1151/943 1033/1147/942
f 906/1150/815 1035/1153/944 1034/1151/943
f 907/1152/816 1036/1155/945 1035/1153/944
f 907/1152/816 908/1418/817 1037/1154/946
f 909/902/818 1701/1157/1473 1039/1156/948
f 911/905/820 1040/1159/949 1701/1157/1473
f 911/905/820 912/907/821 1041/1158/950
f 912/907/821 913/911/822 1042/1160/951
f 913/911/822 914/913/823 1043/1161/952
f 915/915/824 1044/1162/953 1043/1161/952
f 916/914/825 1045/1163/954 1044/1162/953
f 917/917/826 1046/1164/955 1045/1163/954
f 918/919/827 1047/1166/956 1046/1164/955
f 918/919/827 919/921/828 1048/1165/957
f 919/921/828 920/923/829 1049/1167/958
f 920/923/829 921/925/830 1050/1168/959
f 921/925/830 922/927/831 1051/1169/960
f 922/927/831 923/929/832 1052/1170/961
f 923/929/832 924/931/833 1053/1171/962
f 925/933/834 1054/1172/963 1053/1171/962
f 926/937/835 1055/1173/964 1054/1172/963
f 927/939/836 1056/1174/965 1055/1173/964
f 928/941/837 1057/1175/966 1056/1174/965
f 929/943/838 1058/1176/967 1057/1175/966
f 930/945/839 1059/1177/968 1058/1176/967
f 931/947/840 1060/1179/969 1059/1177/968
f 931/947/840 932/949/841 1061/1178/970
f 932/949/841 933/951/842 1062/1180/971
f 933/951/842 934/953/843 1063/1181/972
f 934/953/843 935/952/844 1064/1182/973
f 936/955/845 1065/1183/974 1064/1182/973
f 937/957/846 1066/1184/975 1065/1183/974
f 938/961/847 1067/1186/976 1066/1184/975
f 938/961/847 939/963/848 1068/1185/977
f 939/963/848 940/965/849 1069/1187/978
f 941/964/850 1070/1188/979 1069/1187/978
f 942/967/851 1323/1189/1169 1070/1188/979
f 943/969/852 1324/1191/1170 1323/1189/1169
f 943/969/852 944/971/853 1332/1190/1176
f 944/971/853 945/973/854 1334/1192/1178
f 945/973/854 946/977/855 1335/1193/1179
f 947/976/856 1348/1194/1189 1335/1193/1179
f 948/979/857 1340/1195/1182 1348/1194/1189
f 949/981/858 1341/1196/1183 1340/1195/1182
f 950/983/859 1343/1198/1184 1341/1196/1183
f 950/983/859 951/985/860 1368/1197/1207
f 951/985/860 952/987/861 1370/1199/1209
f 952/987/861 953/989/862 1372/1200/1211
f 953/989/862 954/991/863 1360/1201/1200
f 954/991/863 955/993/864 1361/1202/1201
f 955/993/864 956/995/865 1355/1203/1195
f 957/999/866 1356/1204/1196 1355/1203/1195
f 958/1001/867 1357/1205/1197 1356/1204/1196
f 959/1003/868 1301/1206/1150 1357/1205/1197
f 960/1005/869 1302/1207/1151 1301/1206/1150
f 961/1007/870 1305/1208/1153 1302/1207/1151
f 962/1009/871 1310/1209/1158 1305/1208/1153
f 963/1011/872 1318/1211/1165 1310/1209/1158
f 963/1011/872 964/1013/873 1315/1210/1162
f 964/1013/873 965/1015/874 1316/1212/1163
f 965/1015/874 966/1017/875 1317/1213/1164
f 966/1017/875 967/1016/876 1096/1214/1005
f 968/1019/877 1097/1215/1006 1096/1214/1005
f 969/1021/878 1098/1216/1007 1097/1215/1006
f 970/1025/879 1099/1218/1008 1098/1216/1007
f 970/1025/879 971/1027/880 1100/1217/1009
f 971/1027/880 972/1029/881 1101/1219/1010
f 973/1031/882 1102/1220/1011 1101/1219/1010
f 974/1030/883 1462/1221/1282 1102/1220/1011
f 975/1033/884 1460/1223/1280 1462/1221/1282
f 975/1033/884 976/1035/885 1461/1222/1281
f 976/1035/885 977/1039/886 1476/1224/1289
f 977/1039/886 978/1041/887 1479/1225/1292
f 979/1040/888 1480/1226/1293 1479/1225/1292
f 980/1043/889 1482/1227/1295 1480/1226/1293
f 981/1045/890 1110/1228/1019 1482/1227/1295
f 982/1047/891 1111/1230/1020 1110/1228/1019
f 982/1047/891 983/1049/892 1112/1229/1021
f 983/1049/892 984/1051/893 1113/1231/1022
f 984/1051/893 985/1053/894 1114/1232/1023
f 985/1053/894 986/1055/895 1115/1233/1024
f 986/1055/895 987/1057/896 1116/1234/1025
f 987/1057/896 988/1059/897 1117/1235/1026
f 989/1061/898 1118/1236/1027 1117/1235/1026
f 990/1065/899 1119/1237/1028 1118/1236/1027
f 991/1067/900 1120/1238/1029 1119/1237/1028
f 992/1069/901 1121/1240/1030 1120/1238/1029
f 993/1239/902 1122/1241/1031 1121/1240/1030
f 994/1071/903 1123/1242/1032 1122/1241/1031
f 995/1074/904 1124/1244/1033 1123/1242/1032
f 995/1074/904 996/1076/905 1125/1243/1034
f 996/1076/905 997/1246/906 1126/1245/1035
f 997/1246/906 998/1079/907 1127/1247/1036
f 998/1079/907 999/1078/908 1128/1248/1037
f 1000/1081/909 1129/1249/1038 1128/1248/1037
f 1001/1083/910 1130/1250/1039 1129/1249/1038
f 1002/1087/911 1131/1252/1040 1130/1250/1039
f 1002/1087/911 1003/1089/912 1132/1251/1041
f 1003/1089/912 1004/1091/913 1133/1253/1042
f 1005/1090/914 1430/1254/1263 1133/1253/1042
f 1006/1093/915 1431/1255/1264 1430/1254/1263
f 1007/1095/916 1427/1257/1261 1431/1255/1264
f 1007/1095/916 1008/1097/917 1417/1256/1254
f 1008/1097/917 1009/1099/918 1418/1258/1255
f 1009/1099/918 1010/1103/919 1438/1259/1268
f 1011/1105/920 1440/1260/1269 1438/1259/1268
f 1012/1104/921 1444/1261/1270 1440/1260/1269
f 1013/1107/922 1445/1262/1271 1444/1261/1270
f 1014/1109/923 1459/1264/1279 1445/1262/1271
f 1014/1109/923 1015/1111/924 1455/1263/1277
f 1015/1111/924 1016/1113/925 1450/1265/1273
f 1016/1113/925 1017/1115/926 1451/1266/1274
f 1017/1115/926 1018/1117/927 1452/1267/1275
f 1018/1117/927 1019/1119/928 1453/1268/1276
f 1019/1119/928 1020/1121/929 1456/1269/1278
f 1021/1123/930 1402/1270/1240 1456/1269/1278
f 1022/1127/931 1403/1271/1241 1402/1270/1240
f 1023/1129/932 1399/1272/1237 1403/1271/1241
f 1024/1131/933 1396/1273/1234 1399/1272/1237
f 1025/1133/934 1397/1274/1235 1396/1273/1234
f 1026/1135/935 1420/1275/1256 1397/1274/1235
f 1027/1137/936 1425/1277/1260 1420/1275/1256
f 1027/1137/936 1028/1139/937 1429/1276/1262
f 1028/1139/937 1029/1141/938 1391/1278/1229
f 1029/1141/938 1030/1143/939 1392/1279/1230
f 1030/1143/939 1031/1145/940 1387/1280/1225
f 1032/1144/941 1378/1281/1216 1387/1280/1225
f 1033/1147/942 1379/1282/1217 1378/1281/1216
f 1034/1151/943 1381/1284/1219 1379/1282/1217
f 1034/1151/943 1035/1153/944 1385/1283/1223
f 1035/1153/944 1036/1155/945 1388/1285/1226
f 1036/1155/945 1037/1154/946 1389/1286/1227
f 1038/1157/947 1167/1289/947 1168/1287/1076
f 1038/1157/947 1702/1159/1077 1169/1288/1077
f 1709/1158/1078 1170/1290/1078 1169/1288/1077
f 1711/1160/1079 1171/1292/1079 1170/1290/1078
f 1711/1160/1079 1712/1161/1080 1172/1291/1080
f 1717/1162/1081 1173/1293/1081 1172/1291/1080
f 1716/1163/1082 1174/1294/1082 1173/1293/1081
f 1714/1164/1083 1175/1296/1083 1174/1294/1082
f 1714/1164/1083 1715/1166/1084 1176/1295/1084
f 1725/1165/1085 1177/1298/1085 1176/1295/1084
f 1725/1165/1085 1729/1167/1086 1178/1297/1086
f 1730/1168/1087 1179/1300/1087 1178/1297/1086
f 1730/1168/1087 1721/1169/1088 1180/1299/1088
f 1722/1170/1089 1181/1302/1089 1180/1299/1088
f 1722/1170/1089 1720/1171/1090 1182/1301/1090
f 1718/1172/1091 1183/1303/1091 1182/1301/1090
f 1719/1173/1092 1184/1305/1092 1183/1303/1091
f 1719/1173/1092 1757/1174/1093 1185/1304/1093
f 1763/1175/1498 1186/1307/1094 1185/1304/1093
f 1763/1175/1498 1767/1176/1095 1187/1306/1095
f 1768/1177/1096 1188/1309/1096 1187/1306/1095
f 1768/1177/1096 1782/1179/1097 1189/1308/1097
f 1778/1178/1098 1190/1311/1098 1189/1308/1097
f 1778/1178/1098 1774/1180/1505 1191/1310/1099
f 1774/1180/1505 1741/1181/1100 1192/1312/1100
f 1741/1181/1100 1742/1182/1101 1193/1313/1101
f 1744/1183/1102 1194/1315/1102 1193/1313/1101
f 1744/1183/1102 1749/1184/1103 1195/1314/1103
f 1749/1184/1103 1738/1186/1104 1196/1316/1104
f 1739/1185/1105 1197/1318/1105 1196/1316/1104
f 1739/1185/1105 1734/1187/1106 1198/1317/1106
f 1734/1187/1106 1732/1188/1107 1199/1319/1107
f 1071/1189/980 1200/1321/980 1199/1319/1107
f 1071/1189/980 1072/1191/981 1201/1320/981
f 1073/1190/982 1202/1322/982 1201/1320/981
f 1074/1192/983 1203/1324/1108 1202/1322/982
f 1074/1192/983 1075/1193/984 1204/1323/1109
f 1076/1194/985 1205/1325/985 1204/1323/1109
f 1077/1195/986 1206/1326/986 1205/1325/985
f 1078/1196/987 1207/1328/987 1206/1326/986
f 1078/1196/987 1079/1198/988 1208/1327/988
f 1080/1197/989 1209/1330/989 1208/1327/988
f 1080/1197/989 1081/1199/990 1210/1329/990
f 1082/1200/991 1211/1332/991 1210/1329/990
f 1082/1200/991 1083/1201/992 1212/1331/992
f 1084/1202/993 1213/1334/993 1212/1331/992
f 1084/1202/993 1085/1203/994 1214/1333/994
f 1086/1204/995 1215/1335/1110 1214/1333/994
f 1087/1205/996 1216/1337/996 1215/1335/1110
f 1087/1205/996 1088/1206/997 1217/1336/997
f 1089/1207/998 1218/1339/998 1217/1336/997
f 1089/1207/998 1090/1208/999 1219/1338/999
f 1091/1209/1000 1220/1341/1000 1219/1338/999
f 1091/1209/1000 1092/1211/1001 1221/1340/1001
f 1093/1210/1002 1222/1343/1002 1221/1340/1001
f 1093/1210/1002 1094/1212/1003 1223/1342/1003
f 1094/1212/1003 1095/1213/1004 1224/1344/1004
f 1095/1213/1004 1798/1214/1111 1225/1345/1111
f 1804/1215/1112 1226/1347/1112 1225/1345/1111
f 1804/1215/1112 1805/1216/1113 1227/1346/1113
f 1805/1216/1113 1790/1218/1114 1228/1348/1114
f 1791/1217/1115 1229/1350/1115 1228/1348/1114
f 1791/1217/1115 1786/1219/1116 1230/1349/1116
f 1786/1219/1116 1787/1220/1117 1231/1351/1117
f 1103/1221/1012 1232/1353/1012 1231/1351/1117
f 1103/1221/1012 1104/1223/1013 1233/1352/1013
f 1105/1222/1014 1234/1354/1014 1233/1352/1013
f 1106/1224/1015 1235/1356/1015 1234/1354/1014
f 1106/1224/1015 1107/1225/1016 1236/1355/1016
f 1108/1226/1017 1237/1357/1017 1236/1355/1016
f 1109/1227/1018 1238/1358/1018 1237/1357/1017
f 1483/1228/1118 1239/1360/1118 1238/1358/1018
f 1483/1228/1118 1495/1230/1119 1240/1359/1119
f 1491/1229/1120 1241/1362/1120 1240/1359/1119
f 1491/1229/1120 1492/1231/1121 1242/1361/1121
f 1487/1232/1297 1243/1364/1122 1242/1361/1121
f 1487/1232/1297 1484/1233/1296 1244/1363/1123
f 1485/1234/1124 1245/1366/1124 1244/1363/1123
f 1485/1234/1124 1489/1235/1125 1246/1365/1125
f 1490/1236/1126 1247/1367/1126 1246/1365/1125
f 1518/1237/1127 1248/1369/1127 1247/1367/1126
f 1518/1237/1127 1516/1238/1128 1249/1368/1128
f 1517/1240/1311 1250/1371/1129 1249/1368/1128
f 1517/1240/1311 1524/1241/1130 1251/1370/1130
f 1527/1242/1131 1252/1373/1131 1251/1370/1130
f 1527/1242/1131 1528/1244/1132 1253/1372/1132
f 1532/1243/1133 1254/1375/1133 1253/1372/1132
f 1532/1243/1133 1515/1245/1134 1255/1374/1134
f 1515/1245/1134 1513/1247/1135 1256/1376/1135
f 1513/1247/1135 1509/1248/1136 1257/1377/1136
f 1510/1249/1137 1258/1379/1137 1257/1377/1136
f 1510/1249/1137 1507/1250/1138 1259/1378/1138
f 1507/1250/1138 1504/1252/1139 1260/1380/1139
f 1505/1251/1140 1261/1382/1140 1260/1380/1139
f 1505/1251/1140 1508/1253/1141 1262/1381/1141
f 1508/1253/1141 1134/1254/1043 1263/1383/1043
f 1135/1255/1044 1264/1385/1044 1263/1383/1043
f 1135/1255/1044 1136/1257/1045 1265/1384/1045
f 1137/1256/1046 1266/1386/1142 1265/1384/1045
f 1138/1258/1047 1267/1388/1143 1266/1386/1142
f 1138/1258/1047 1139/1259/1048 1268/1387/1144
f 1140/1260/1049 1269/1389/1049 1268/1387/1144
f 1141/1261/1050 1270/1390/1050 1269/1389/1049
f 1142/1262/1051 1271/1392/1051 1270/1390/1050
f 1142/1262/1051 1143/1264/1052 1272/1391/1052
f 1144/1263/1053 1273/1394/1053 1272/1391/1052
f 1144/1263/1053 1145/1265/1054 1274/1393/1054
f 1146/1266/1055 1275/1396/1055 1274/1393/1054
f 1146/1266/1055 1147/1267/1056 1276/1395/1056
f 1148/1268/1057 1277/1398/1057 1276/1395/1056
f 1148/1268/1057 1149/1269/1058 1278/1397/1058
f 1150/1270/1059 1279/1399/1145 1278/1397/1058
f 1151/1271/1060 1280/1401/1060 1279/1399/1145
f 1151/1271/1060 1152/1272/1061 1281/1400/1061
f 1153/1273/1062 1282/1403/1062 1281/1400/1061
f 1153/1273/1062 1154/1274/1063 1283/1402/1063
f 1155/1275/1064 1284/1405/1064 1283/1402/1063
f 1155/1275/1064 1156/1277/1065 1285/1404/1065
f 1157/1276/1066 1286/1407/1066 1285/1404/1065
f 1157/1276/1066 1158/1278/1067 1287/1406/1067
f 1158/1278/1067 1159/1279/1068 1288/1408/1068
f 1159/1279/1068 1160/1280/1069 1289/1409/1069
f 1161/1281/1070 1290/1411/1070 1289/1409/1069
f 1161/1281/1070 1162/1282/1071 1291/1410/1071
f 1162/1282/1071 1163/1284/1072 1292/1412/1072
f 1164/1283/1073 1293/1414/1073 1292/1412/1072
f 1164/1283/1073 1165/1285/1074 1294/1413/1146
f 1166/1286/1075 1295/1419/1075 1294/1413/1146
