# Blender 5.0.1
# www.blender.org
o Floor_Lamp_swing_arm_CHD_Brass_aniso
v -3.142081 2.253478 0.716757
v -3.142081 2.323055 0.716757
v -3.154938 2.253963 0.699679
v -3.154938 2.322568 0.699679
v -3.150080 2.253963 0.696934
v -3.150080 2.322568 0.696934
v -3.144676 2.253963 0.695539
v -3.144676 2.322568 0.695539
v -3.139096 2.253963 0.695590
v -3.139096 2.322568 0.695590
v -3.133719 2.253963 0.697083
v -3.133719 2.322568 0.697083
v -3.128912 2.253963 0.699918
v -3.128912 2.322568 0.699918
v -3.125003 2.253963 0.703900
v -3.125003 2.322568 0.703900
v -3.122257 2.253963 0.708758
v -3.122257 2.322568 0.708758
v -3.120862 2.253963 0.714161
v -3.120862 2.322568 0.714161
v -3.120913 2.253963 0.719741
v -3.120913 2.322568 0.719741
v -3.122406 2.253963 0.725118
v -3.122406 2.322568 0.725118
v -3.125241 2.253963 0.729925
v -3.125241 2.322568 0.729925
v -3.129223 2.253963 0.733835
v -3.129223 2.322568 0.733835
v -3.134081 2.253963 0.736581
v -3.134081 2.322568 0.736581
v -3.139484 2.253963 0.737976
v -3.139484 2.322568 0.737976
v -3.145064 2.253963 0.737925
v -3.145064 2.322568 0.737925
v -3.150441 2.253963 0.736431
v -3.150441 2.322568 0.736431
v -3.155248 2.253963 0.733597
v -3.155248 2.322568 0.733597
v -3.159158 2.253963 0.729615
v -3.159158 2.322568 0.729615
v -3.161904 2.253963 0.724757
v -3.161904 2.322568 0.724757
v -3.163299 2.253963 0.719353
v -3.163299 2.322568 0.719353
v -3.163248 2.253963 0.713773
v -3.163248 2.322568 0.713773
v -3.161754 2.253963 0.708396
v -3.161754 2.322568 0.708396
v -3.158920 2.253963 0.703589
v -3.158920 2.322568 0.703589
v -3.156856 2.309996 0.697131
v -3.151273 2.309996 0.693976
v -3.145064 2.309996 0.692373
v -3.138651 2.309996 0.692431
v -3.132472 2.309996 0.694148
v -3.126947 2.309996 0.697405
v -3.122454 2.309996 0.701981
v -3.119299 2.309996 0.707564
v -3.117696 2.309996 0.713774
v -3.117754 2.309996 0.720187
v -3.119471 2.309996 0.726366
v -3.122728 2.309996 0.731890
v -3.127304 2.309996 0.736383
v -3.132887 2.309996 0.739539
v -3.139097 2.309996 0.741142
v -3.145510 2.309996 0.741083
v -3.151689 2.309996 0.739367
v -3.157213 2.309996 0.736109
v -3.161706 2.309996 0.731533
v -3.164862 2.309996 0.725950
v -3.166465 2.309996 0.719741
v -3.166406 2.309996 0.713328
v -3.164690 2.309996 0.707149
v -3.161433 2.309996 0.701624
v -3.151273 2.266527 0.693976
v -3.145064 2.266527 0.692373
v -3.138651 2.266527 0.692431
v -3.132472 2.266527 0.694148
v -3.126947 2.266527 0.697405
v -3.122454 2.266527 0.701981
v -3.119299 2.266527 0.707564
v -3.117696 2.266527 0.713774
v -3.117754 2.266527 0.720187
v -3.119471 2.266527 0.726366
v -3.122728 2.266527 0.731890
v -3.127304 2.266527 0.736383
v -3.132887 2.266527 0.739539
v -3.139097 2.266527 0.741142
v -3.145510 2.266527 0.741083
v -3.151689 2.266527 0.739367
v -3.157213 2.266527 0.736109
v -3.161706 2.266527 0.731533
v -3.164862 2.266527 0.725950
v -3.166465 2.266527 0.719741
v -3.166406 2.266527 0.713328
v -3.164690 2.266527 0.707149
v -3.161433 2.266527 0.701624
v -3.156856 2.266527 0.697131
v -3.148973 2.253683 0.699676
v -3.147493 2.253539 0.703344
v -3.145622 2.253486 0.707981
v -3.147772 2.253486 0.709197
v -3.150780 2.253539 0.705202
v -3.153159 2.253683 0.702042
v -3.153841 2.253963 0.698768
v -3.152713 2.253963 0.697946
v -3.151426 2.253963 0.697403
v -3.153159 2.322849 0.702042
v -3.150780 2.322994 0.705202
v -3.147772 2.323047 0.709197
v -3.145622 2.323047 0.707981
v -3.147493 2.322994 0.703344
v -3.148973 2.322849 0.699676
v -3.151426 2.322568 0.697403
v -3.152713 2.322568 0.697946
v -3.153841 2.322568 0.698768
v -3.156826 2.316580 0.697171
v -3.156617 2.320266 0.697450
v -3.156047 2.321961 0.698206
v -3.151255 2.259945 0.694022
v -3.151124 2.256261 0.694345
v -3.150770 2.254569 0.695224
v -3.144317 2.253683 0.698474
v -3.143837 2.253539 0.702400
v -3.143229 2.253486 0.707364
v -3.148784 2.253963 0.696337
v -3.147482 2.253963 0.695835
v -3.146099 2.253963 0.695644
v -3.143229 2.323047 0.707364
v -3.143837 2.322994 0.702400
v -3.144317 2.322849 0.698474
v -3.146099 2.322568 0.695644
v -3.147482 2.322568 0.695835
v -3.148784 2.322568 0.696337
v -3.145058 2.259945 0.692422
v -3.145015 2.256261 0.692768
v -3.144900 2.254569 0.693708
v -3.139509 2.253683 0.698518
v -3.140061 2.253539 0.702435
v -3.140759 2.253486 0.707386
v -3.143271 2.253963 0.695298
v -3.141882 2.253963 0.695150
v -3.140497 2.253963 0.695323
v -3.140759 2.323047 0.707386
v -3.140061 2.322994 0.702435
v -3.139509 2.322849 0.698518
v -3.140497 2.322568 0.695323
v -3.141882 2.322568 0.695150
v -3.143271 2.322568 0.695298
v -3.138658 2.259945 0.692481
v -3.138706 2.256261 0.692826
v -3.138839 2.254569 0.693764
v -3.134876 2.253683 0.699805
v -3.136423 2.253539 0.703445
v -3.138379 2.253486 0.708048
v -3.137676 2.253963 0.695721
v -3.136297 2.253963 0.695937
v -3.135003 2.253963 0.696463
v -3.138379 2.323047 0.708048
v -3.136423 2.322994 0.703445
v -3.134876 2.322849 0.699805
v -3.135003 2.322568 0.696463
v -3.136297 2.322568 0.695937
v -3.137676 2.322568 0.695721
v -3.132491 2.259945 0.694194
v -3.132628 2.256261 0.694515
v -3.132998 2.254569 0.695386
v -3.130734 2.253683 0.702247
v -3.133170 2.253539 0.705363
v -3.136251 2.253486 0.709302
v -3.132381 2.253963 0.697577
v -3.131105 2.253963 0.698143
v -3.129992 2.253963 0.698986
v -3.136251 2.323047 0.709302
v -3.133170 2.322994 0.705363
v -3.130734 2.322849 0.702247
v -3.129992 2.322568 0.698986
v -3.131105 2.322568 0.698143
v -3.132381 2.322568 0.697577
v -3.126978 2.259945 0.697444
v -3.127193 2.256261 0.697719
v -3.127776 2.254569 0.698465
v -3.127365 2.253683 0.705678
v -3.130525 2.253539 0.708057
v -3.134520 2.253486 0.711065
v -3.127748 2.253963 0.700741
v -3.126662 2.253963 0.701618
v -3.125804 2.253963 0.702720
v -3.134520 2.323047 0.711065
v -3.130525 2.322994 0.708057
v -3.127365 2.322849 0.705678
v -3.125804 2.322568 0.702720
v -3.126662 2.322568 0.701618
v -3.127748 2.322568 0.700741
v -3.122494 2.259945 0.702011
v -3.122773 2.256261 0.702221
v -3.123529 2.254569 0.702791
v -3.124999 2.253683 0.709865
v -3.128667 2.253539 0.711345
v -3.133304 2.253486 0.713216
v -3.124091 2.253963 0.704996
v -3.123269 2.253963 0.706125
v -3.122726 2.253963 0.707411
v -3.133304 2.323047 0.713216
v -3.128667 2.322994 0.711345
v -3.124999 2.322849 0.709865
v -3.122726 2.322568 0.707411
v -3.123269 2.322568 0.706125
v -3.124091 2.322568 0.704996
v -3.119345 2.259945 0.707583
v -3.119668 2.256261 0.707713
v -3.120547 2.254569 0.708068
v -3.123797 2.253683 0.714520
v -3.127723 2.253539 0.715001
v -3.132687 2.253486 0.715608
v -3.121660 2.253963 0.710053
v -3.121158 2.253963 0.711356
v -3.120967 2.253963 0.712739
v -3.132687 2.323047 0.715608
v -3.127723 2.322994 0.715001
v -3.123797 2.322849 0.714520
v -3.120967 2.322568 0.712739
v -3.121158 2.322568 0.711356
v -3.121660 2.322568 0.710053
v -3.117745 2.259945 0.713780
v -3.118091 2.256261 0.713822
v -3.119031 2.254569 0.713937
v -3.123841 2.253683 0.719329
v -3.127758 2.253539 0.718776
v -3.132710 2.253486 0.718078
v -3.120621 2.253963 0.715567
v -3.120473 2.253963 0.716955
v -3.120646 2.253963 0.718340
v -3.132710 2.323047 0.718078
v -3.127758 2.322994 0.718776
v -3.123841 2.322849 0.719329
v -3.120646 2.322568 0.718341
v -3.120473 2.322568 0.716955
v -3.120621 2.322568 0.715567
v -3.117804 2.259945 0.720180
v -3.118149 2.256261 0.720131
v -3.119087 2.254569 0.719999
v -3.125128 2.253683 0.723962
v -3.128768 2.253539 0.722415
v -3.133371 2.253486 0.720459
v -3.121044 2.253963 0.721161
v -3.121260 2.253963 0.722541
v -3.121786 2.253963 0.723834
v -3.133371 2.323047 0.720459
v -3.128768 2.322994 0.722414
v -3.125128 2.322849 0.723962
v -3.121786 2.322568 0.723834
v -3.121260 2.322568 0.722541
v -3.121044 2.322568 0.721161
v -3.119517 2.259945 0.726346
v -3.119838 2.256261 0.726210
v -3.120709 2.254569 0.725839
v -3.127570 2.253683 0.728104
v -3.130686 2.253539 0.725667
v -3.134625 2.253486 0.722587
v -3.122900 2.253963 0.726456
v -3.123466 2.253963 0.727732
v -3.124309 2.253963 0.728845
v -3.134625 2.323047 0.722587
v -3.130686 2.322994 0.725667
v -3.127570 2.322849 0.728104
v -3.124309 2.322568 0.728845
v -3.123466 2.322568 0.727732
v -3.122900 2.322568 0.726456
v -3.122767 2.259945 0.731860
v -3.123042 2.256261 0.731645
v -3.123788 2.254569 0.731061
v -3.131001 2.253683 0.731472
v -3.133380 2.253539 0.728313
v -3.136388 2.253486 0.724318
v -3.126064 2.253963 0.731090
v -3.126941 2.253963 0.732176
v -3.128043 2.253963 0.733033
v -3.136388 2.323047 0.724318
v -3.133380 2.322994 0.728313
v -3.131001 2.322849 0.731472
v -3.128043 2.322568 0.733033
v -3.126941 2.322568 0.732176
v -3.126064 2.322568 0.731090
v -3.127334 2.259945 0.736343
v -3.127544 2.256261 0.736065
v -3.128114 2.254569 0.735308
v -3.135188 2.253683 0.733838
v -3.136668 2.253539 0.730170
v -3.138539 2.253486 0.725533
v -3.130320 2.253963 0.734747
v -3.131448 2.253963 0.735569
v -3.132734 2.253963 0.736111
v -3.138539 2.323047 0.725533
v -3.136668 2.322994 0.730170
v -3.135188 2.322849 0.733838
v -3.132734 2.322568 0.736111
v -3.131448 2.322568 0.735569
v -3.130320 2.322568 0.734747
v -3.132906 2.259945 0.739493
v -3.133037 2.256261 0.739169
v -3.133391 2.254569 0.738291
v -3.139843 2.253683 0.735040
v -3.140324 2.253539 0.731114
v -3.140931 2.253486 0.726151
v -3.135376 2.253963 0.737178
v -3.136679 2.253963 0.737680
v -3.138062 2.253963 0.737871
v -3.140931 2.323047 0.726151
v -3.140324 2.322994 0.731114
v -3.139843 2.322849 0.735040
v -3.138062 2.322568 0.737871
v -3.136679 2.322568 0.737680
v -3.135376 2.322568 0.737177
v -3.139103 2.259945 0.741093
v -3.139145 2.256261 0.740746
v -3.139260 2.254569 0.739806
v -3.144652 2.253683 0.734996
v -3.144099 2.253539 0.731080
v -3.143401 2.253486 0.726128
v -3.140890 2.253963 0.738217
v -3.142278 2.253963 0.738365
v -3.143663 2.253963 0.738191
v -3.143401 2.323047 0.726128
v -3.144099 2.322994 0.731080
v -3.144652 2.322849 0.734996
v -3.143663 2.322568 0.738191
v -3.142278 2.322568 0.738365
v -3.140890 2.322568 0.738217
v -3.145503 2.259945 0.741034
v -3.145454 2.256261 0.740688
v -3.145322 2.254569 0.739751
v -3.149285 2.253683 0.733709
v -3.147738 2.253539 0.730069
v -3.145782 2.253486 0.725467
v -3.146484 2.253963 0.737794
v -3.147864 2.253963 0.737577
v -3.149157 2.253963 0.737051
v -3.145782 2.323047 0.725467
v -3.147738 2.322994 0.730069
v -3.149285 2.322849 0.733709
v -3.149157 2.322568 0.737051
v -3.147864 2.322568 0.737577
v -3.146485 2.322568 0.737794
v -3.151670 2.259945 0.739321
v -3.151533 2.256261 0.739000
v -3.151163 2.254569 0.738128
v -3.153427 2.253683 0.731267
v -3.150990 2.253539 0.728151
v -3.147910 2.253486 0.724212
v -3.151779 2.253963 0.735937
v -3.153055 2.253963 0.735371
v -3.154169 2.253963 0.734528
v -3.147910 2.323047 0.724212
v -3.150990 2.322994 0.728151
v -3.153427 2.322849 0.731267
v -3.154169 2.322568 0.734528
v -3.153055 2.322568 0.735371
v -3.151779 2.322568 0.735937
v -3.157182 2.259945 0.736070
v -3.156968 2.256261 0.735795
v -3.156384 2.254569 0.735049
v -3.156796 2.253683 0.727836
v -3.153636 2.253539 0.725457
v -3.149641 2.253486 0.722449
v -3.156413 2.253963 0.732773
v -3.157499 2.253963 0.731896
v -3.158356 2.253963 0.730794
v -3.149641 2.323047 0.722449
v -3.153636 2.322994 0.725457
v -3.156796 2.322849 0.727836
v -3.158356 2.322568 0.730794
v -3.157499 2.322568 0.731896
v -3.156413 2.322568 0.732773
v -3.161666 2.259945 0.731503
v -3.161388 2.256261 0.731293
v -3.160631 2.254569 0.730724
v -3.159161 2.253683 0.723650
v -3.155493 2.253539 0.722170
v -3.150856 2.253486 0.720299
v -3.160070 2.253963 0.728518
v -3.160892 2.253963 0.727390
v -3.161434 2.253963 0.726103
v -3.150856 2.323047 0.720299
v -3.155493 2.322994 0.722170
v -3.159161 2.322849 0.723650
v -3.161434 2.322568 0.726103
v -3.160892 2.322568 0.727390
v -3.160070 2.322568 0.728518
v -3.164816 2.259945 0.725932
v -3.164492 2.256261 0.725801
v -3.163614 2.254569 0.725447
v -3.160363 2.253683 0.718994
v -3.156437 2.253539 0.718514
v -3.151474 2.253486 0.717907
v -3.162501 2.253963 0.723461
v -3.163003 2.253963 0.722159
v -3.163194 2.253963 0.720776
v -3.151474 2.323047 0.717907
v -3.156437 2.322994 0.718514
v -3.160363 2.322849 0.718994
v -3.163194 2.322568 0.720776
v -3.163003 2.322568 0.722159
v -3.162501 2.322568 0.723461
v -3.166415 2.259945 0.719735
v -3.166069 2.256261 0.719692
v -3.165129 2.254569 0.719577
v -3.160319 2.253683 0.714186
v -3.156403 2.253539 0.714738
v -3.151451 2.253486 0.715436
v -3.163540 2.253963 0.717948
v -3.163688 2.253963 0.716559
v -3.163515 2.253963 0.715174
v -3.151451 2.323047 0.715436
v -3.156403 2.322994 0.714738
v -3.160319 2.322849 0.714186
v -3.163515 2.322568 0.715174
v -3.163688 2.322568 0.716559
v -3.163540 2.322568 0.717948
v -3.166357 2.259945 0.713335
v -3.166012 2.256261 0.713383
v -3.165074 2.254569 0.713516
v -3.159032 2.253683 0.709553
v -3.155392 2.253539 0.711100
v -3.150790 2.253486 0.713056
v -3.163117 2.253963 0.712353
v -3.162900 2.253963 0.710974
v -3.162374 2.253963 0.709680
v -3.150790 2.323047 0.713056
v -3.155392 2.322994 0.711100
v -3.159032 2.322849 0.709553
v -3.162374 2.322568 0.709680
v -3.162900 2.322568 0.710974
v -3.163117 2.322568 0.712353
v -3.164644 2.259945 0.707168
v -3.164323 2.256261 0.707305
v -3.163451 2.254569 0.707675
v -3.156590 2.253683 0.705411
v -3.153474 2.253539 0.707847
v -3.149535 2.253486 0.710928
v -3.161260 2.253963 0.707058
v -3.160694 2.253963 0.705782
v -3.159851 2.253963 0.704669
v -3.149535 2.323047 0.710928
v -3.153474 2.322994 0.707847
v -3.156590 2.322849 0.705411
v -3.159851 2.322568 0.704669
v -3.160694 2.322568 0.705782
v -3.161260 2.322568 0.707058
v -3.161393 2.259945 0.701655
v -3.161119 2.256261 0.701870
v -3.160372 2.254569 0.702453
v -3.158096 2.253963 0.702425
v -3.157219 2.253963 0.701338
v -3.156117 2.253963 0.700481
v -3.156117 2.322568 0.700481
v -3.157219 2.322568 0.701338
v -3.158096 2.322568 0.702425
v -3.156856 2.276443 0.697131
v -3.156856 2.288261 0.697131
v -3.156856 2.300079 0.697131
v -3.150770 2.321961 0.695224
v -3.151124 2.320266 0.694345
v -3.151255 2.316580 0.694022
v -3.144900 2.321961 0.693708
v -3.145015 2.320266 0.692768
v -3.145058 2.316580 0.692422
v -3.138839 2.321961 0.693764
v -3.138706 2.320266 0.692826
v -3.138658 2.316580 0.692481
v -3.132998 2.321961 0.695386
v -3.132628 2.320266 0.694515
v -3.132491 2.316580 0.694194
v -3.127776 2.321961 0.698465
v -3.127193 2.320266 0.697719
v -3.126978 2.316580 0.697444
v -3.123529 2.321961 0.702791
v -3.122773 2.320266 0.702221
v -3.122494 2.316580 0.702011
v -3.120547 2.321961 0.708068
v -3.119668 2.320266 0.707713
v -3.119345 2.316580 0.707583
v -3.119031 2.321961 0.713937
v -3.118091 2.320266 0.713822
v -3.117745 2.316580 0.713780
v -3.119087 2.321961 0.719999
v -3.118149 2.320266 0.720131
v -3.117804 2.316580 0.720180
v -3.120709 2.321961 0.725839
v -3.119838 2.320266 0.726210
v -3.119517 2.316580 0.726346
v -3.123788 2.321961 0.731061
v -3.123042 2.320266 0.731645
v -3.122767 2.316580 0.731859
v -3.128114 2.321961 0.735308
v -3.127544 2.320266 0.736065
v -3.127334 2.316580 0.736343
v -3.133391 2.321961 0.738291
v -3.133036 2.320266 0.739169
v -3.132906 2.316580 0.739493
v -3.139260 2.321961 0.739806
v -3.139145 2.320266 0.740746
v -3.139103 2.316580 0.741093
v -3.145322 2.321961 0.739751
v -3.145454 2.320266 0.740688
v -3.145503 2.316580 0.741034
v -3.151163 2.321961 0.738128
v -3.151533 2.320266 0.739000
v -3.151670 2.316580 0.739321
v -3.156384 2.321961 0.735049
v -3.156968 2.320266 0.735795
v -3.157182 2.316580 0.736070
v -3.160631 2.321961 0.730724
v -3.161388 2.320266 0.731293
v -3.161667 2.316580 0.731503
v -3.163614 2.321961 0.725447
v -3.164492 2.320266 0.725801
v -3.164816 2.316580 0.725932
v -3.165129 2.321961 0.719577
v -3.166069 2.320266 0.719692
v -3.166415 2.316580 0.719735
v -3.165074 2.321961 0.713516
v -3.166012 2.320266 0.713383
v -3.166357 2.316580 0.713335
v -3.163451 2.321961 0.707675
v -3.164323 2.320266 0.707305
v -3.164644 2.316580 0.707168
v -3.160372 2.321961 0.702453
v -3.161119 2.320266 0.701870
v -3.161393 2.316580 0.701655
v -3.160401 2.309996 0.700391
v -3.159292 2.309996 0.699228
v -3.158108 2.309996 0.698140
v -3.164013 2.309996 0.705691
v -3.163242 2.309996 0.704280
v -3.162381 2.309996 0.702922
v -3.166130 2.309996 0.711744
v -3.165750 2.309996 0.710182
v -3.165270 2.309996 0.708648
v -3.166608 2.309996 0.718140
v -3.166646 2.309996 0.716532
v -3.166578 2.309996 0.714926
v -3.165414 2.309996 0.724441
v -3.165867 2.309996 0.722898
v -3.166218 2.309996 0.721329
v -3.162631 2.309996 0.730218
v -3.163467 2.309996 0.728845
v -3.164212 2.309996 0.727420
v -3.158446 2.309996 0.735078
v -3.159610 2.309996 0.733968
v -3.160698 2.309996 0.732785
v -3.153147 2.309996 0.738690
v -3.154558 2.309996 0.737919
v -3.155915 2.309996 0.737058
v -3.147093 2.309996 0.740807
v -3.148655 2.309996 0.740427
v -3.150190 2.309996 0.739947
v -3.140698 2.309996 0.741285
v -3.142305 2.309996 0.741322
v -3.143911 2.309996 0.741255
v -3.134397 2.309996 0.740091
v -3.135940 2.309996 0.740544
v -3.137508 2.309996 0.740894
v -3.128619 2.309996 0.737308
v -3.129992 2.309996 0.738144
v -3.131417 2.309996 0.738889
v -3.123759 2.309996 0.733123
v -3.124869 2.309996 0.734286
v -3.126052 2.309996 0.735375
v -3.120148 2.309996 0.727824
v -3.120919 2.309996 0.729235
v -3.121780 2.309996 0.730592
v -3.118031 2.309996 0.721770
v -3.118410 2.309996 0.723332
v -3.118891 2.309996 0.724867
v -3.117553 2.309996 0.715375
v -3.117515 2.309996 0.716982
v -3.117582 2.309996 0.718588
v -3.118746 2.309996 0.709074
v -3.118294 2.309996 0.710617
v -3.117943 2.309996 0.712185
v -3.121530 2.309996 0.703296
v -3.120694 2.309996 0.704669
v -3.119949 2.309996 0.706094
v -3.125714 2.309996 0.698436
v -3.124551 2.309996 0.699546
v -3.123463 2.309996 0.700729
v -3.131014 2.309996 0.694825
v -3.129603 2.309996 0.695596
v -3.128246 2.309996 0.696457
v -3.137067 2.309996 0.692708
v -3.135505 2.309996 0.693087
v -3.133971 2.309996 0.693568
v -3.143463 2.309996 0.692230
v -3.141855 2.309996 0.692192
v -3.140249 2.309996 0.692259
v -3.149764 2.309996 0.693423
v -3.148221 2.309996 0.692971
v -3.146652 2.309996 0.692620
v -3.155541 2.309996 0.696207
v -3.154168 2.309996 0.695371
v -3.152744 2.309996 0.694626
v -3.151273 2.300079 0.693976
v -3.151273 2.288261 0.693976
v -3.151273 2.276443 0.693976
v -3.145064 2.300079 0.692373
v -3.145064 2.288261 0.692373
v -3.145064 2.276443 0.692373
v -3.138651 2.300079 0.692431
v -3.138651 2.288261 0.692431
v -3.138651 2.276443 0.692431
v -3.132472 2.300079 0.694148
v -3.132472 2.288261 0.694148
v -3.132472 2.276443 0.694148
v -3.126947 2.300079 0.697405
v -3.126947 2.288261 0.697405
v -3.126947 2.276443 0.697405
v -3.122454 2.300079 0.701981
v -3.122454 2.288261 0.701981
v -3.122454 2.276443 0.701981
v -3.119299 2.300079 0.707564
v -3.119299 2.288261 0.707564
v -3.119299 2.276443 0.707564
v -3.117696 2.300079 0.713774
v -3.117696 2.288261 0.713774
v -3.117696 2.276443 0.713774
v -3.117754 2.300079 0.720187
v -3.117754 2.288261 0.720187
v -3.117754 2.276443 0.720187
v -3.119471 2.300079 0.726366
v -3.119471 2.288261 0.726366
v -3.119471 2.276443 0.726366
v -3.122728 2.300079 0.731890
v -3.122728 2.288261 0.731890
v -3.122728 2.276443 0.731890
v -3.127304 2.300079 0.736383
v -3.127304 2.288261 0.736383
v -3.127304 2.276443 0.736383
v -3.132887 2.300079 0.739539
v -3.132887 2.288261 0.739539
v -3.132887 2.276443 0.739539
v -3.139097 2.300079 0.741142
v -3.139097 2.288261 0.741142
v -3.139097 2.276443 0.741142
v -3.145510 2.300079 0.741083
v -3.145510 2.288261 0.741083
v -3.145510 2.276443 0.741083
v -3.151689 2.300079 0.739367
v -3.151689 2.288261 0.739367
v -3.151689 2.276443 0.739367
v -3.157213 2.300079 0.736109
v -3.157213 2.288261 0.736109
v -3.157213 2.276443 0.736109
v -3.161706 2.300079 0.731533
v -3.161706 2.288261 0.731533
v -3.161706 2.276443 0.731533
v -3.164862 2.300079 0.725950
v -3.164862 2.288261 0.725950
v -3.164862 2.276443 0.725950
v -3.166465 2.300079 0.719741
v -3.166465 2.288261 0.719741
v -3.166465 2.276443 0.719741
v -3.166406 2.300079 0.713328
v -3.166406 2.288261 0.713328
v -3.166406 2.276443 0.713328
v -3.164690 2.300079 0.707149
v -3.164690 2.288261 0.707149
v -3.164690 2.276443 0.707149
v -3.161433 2.300079 0.701624
v -3.161433 2.288261 0.701624
v -3.161433 2.276443 0.701624
v -3.156047 2.254569 0.698206
v -3.156617 2.256261 0.697450
v -3.156826 2.259945 0.697171
v -3.155541 2.266527 0.696207
v -3.154168 2.266527 0.695371
v -3.152744 2.266527 0.694626
v -3.149764 2.266527 0.693423
v -3.148221 2.266527 0.692971
v -3.146652 2.266527 0.692620
v -3.143463 2.266527 0.692230
v -3.141855 2.266527 0.692192
v -3.140249 2.266527 0.692259
v -3.137067 2.266527 0.692708
v -3.135505 2.266527 0.693087
v -3.133971 2.266527 0.693568
v -3.131014 2.266527 0.694825
v -3.129603 2.266527 0.695596
v -3.128246 2.266527 0.696457
v -3.125714 2.266527 0.698436
v -3.124551 2.266527 0.699546
v -3.123463 2.266527 0.700729
v -3.121530 2.266527 0.703296
v -3.120694 2.266527 0.704669
v -3.119949 2.266527 0.706094
v -3.118746 2.266527 0.709074
v -3.118294 2.266527 0.710617
v -3.117943 2.266527 0.712185
v -3.117553 2.266527 0.715375
v -3.117515 2.266527 0.716982
v -3.117582 2.266527 0.718588
v -3.118031 2.266527 0.721770
v -3.118410 2.266527 0.723332
v -3.118891 2.266527 0.724867
v -3.120148 2.266527 0.727824
v -3.120919 2.266527 0.729235
v -3.121780 2.266527 0.730592
v -3.123759 2.266527 0.733123
v -3.124869 2.266527 0.734286
v -3.126052 2.266527 0.735375
v -3.128619 2.266527 0.737308
v -3.129992 2.266527 0.738144
v -3.131417 2.266527 0.738889
v -3.134397 2.266527 0.740091
v -3.135940 2.266527 0.740544
v -3.137508 2.266527 0.740894
v -3.140698 2.266527 0.741285
v -3.142305 2.266527 0.741322
v -3.143911 2.266527 0.741255
v -3.147093 2.266527 0.740807
v -3.148655 2.266527 0.740427
v -3.150190 2.266527 0.739947
v -3.153147 2.266527 0.738690
v -3.154558 2.266527 0.737919
v -3.155915 2.266527 0.737058
v -3.158447 2.266527 0.735078
v -3.159610 2.266527 0.733968
v -3.160698 2.266527 0.732785
v -3.162631 2.266527 0.730218
v -3.163467 2.266527 0.728845
v -3.164212 2.266527 0.727420
v -3.165414 2.266527 0.724441
v -3.165867 2.266527 0.722898
v -3.166218 2.266527 0.721329
v -3.166608 2.266527 0.718139
v -3.166646 2.266527 0.716532
v -3.166578 2.266527 0.714926
v -3.166130 2.266527 0.711744
v -3.165750 2.266527 0.710182
v -3.165270 2.266527 0.708648
v -3.164013 2.266527 0.705691
v -3.163242 2.266527 0.704280
v -3.162381 2.266527 0.702922
v -3.160401 2.266527 0.700391
v -3.159292 2.266527 0.699228
v -3.158108 2.266527 0.698140
v -3.150194 2.253569 0.702402
v -3.147799 2.253493 0.706639
v -3.150223 2.253544 0.703893
v -3.152276 2.253684 0.701090
v -3.151427 2.253687 0.700220
v -3.150244 2.253684 0.699941
v -3.148902 2.253544 0.703146
v -3.150194 2.322963 0.702402
v -3.147799 2.323040 0.706639
v -3.148902 2.322989 0.703146
v -3.150244 2.322848 0.699941
v -3.151427 2.322845 0.700220
v -3.152276 2.322848 0.701090
v -3.150223 2.322989 0.703893
v -3.155514 2.316580 0.696247
v -3.155329 2.320266 0.696527
v -3.154824 2.321961 0.697287
v -3.154145 2.316580 0.695411
v -3.153986 2.320266 0.695693
v -3.153554 2.321961 0.696457
v -3.152723 2.316580 0.694669
v -3.152579 2.320266 0.694973
v -3.152188 2.321961 0.695797
v -3.146202 2.253569 0.700791
v -3.144986 2.253493 0.705503
v -3.146616 2.253544 0.702223
v -3.147874 2.253684 0.698985
v -3.146829 2.253687 0.698364
v -3.145614 2.253684 0.698401
v -3.145146 2.253544 0.701844
v -3.146202 2.322963 0.700791
v -3.144986 2.323040 0.705503
v -3.145146 2.322989 0.701844
v -3.145614 2.322848 0.698401
v -3.146829 2.322845 0.698364
v -3.147874 2.322848 0.698985
v -3.146616 2.322989 0.702223
v -3.149748 2.316580 0.693469
v -3.149641 2.320266 0.693788
v -3.149350 2.321961 0.694652
v -3.148209 2.316580 0.693016
v -3.148129 2.320266 0.693329
v -3.147909 2.321961 0.694179
v -3.146643 2.316580 0.692667
v -3.146583 2.320266 0.692998
v -3.146419 2.321961 0.693896
v -3.141929 2.253569 0.700268
v -3.141974 2.253493 0.705135
v -3.142700 2.253544 0.701545
v -3.143076 2.253684 0.698091
v -3.141906 2.253687 0.697762
v -3.140743 2.253684 0.698112
v -3.141182 2.253544 0.701558
v -3.141929 2.322963 0.700268
v -3.141974 2.323040 0.705135
v -3.141182 2.322989 0.701558
v -3.140743 2.322848 0.698112
v -3.141906 2.322845 0.697762
v -3.143076 2.322848 0.698091
v -3.142700 2.322989 0.701545
v -3.143460 2.316580 0.692278
v -3.143439 2.320266 0.692613
v -3.143382 2.321961 0.693524
v -3.141856 2.316580 0.692238
v -3.141859 2.320266 0.692562
v -3.141867 2.321961 0.693440
v -3.140253 2.316580 0.692307
v -3.140280 2.320266 0.692642
v -3.140354 2.321961 0.693552
v -3.137667 2.253569 0.700869
v -3.138969 2.253493 0.705558
v -3.138742 2.253544 0.701903
v -3.138211 2.253684 0.698469
v -3.136996 2.253687 0.698454
v -3.135963 2.253684 0.699094
v -3.137279 2.253544 0.702309
v -3.137667 2.322963 0.700869
v -3.138969 2.323040 0.705558
v -3.137279 2.322989 0.702309
v -3.135963 2.322848 0.699094
v -3.136996 2.322845 0.698454
v -3.138211 2.322848 0.698469
v -3.138742 2.322989 0.701903
v -3.137077 2.316580 0.692755
v -3.137143 2.320266 0.693084
v -3.137324 2.321961 0.693979
v -3.135517 2.316580 0.693132
v -3.135604 2.320266 0.693444
v -3.135839 2.321961 0.694290
v -3.133987 2.316580 0.693613
v -3.134100 2.320266 0.693930
v -3.134407 2.321961 0.694789
v -3.133705 2.253569 0.702553
v -3.136177 2.253493 0.706745
v -3.135011 2.253544 0.703273
v -3.133610 2.253684 0.700094
v -3.132432 2.253687 0.700394
v -3.131599 2.253684 0.701279
v -3.133703 2.253544 0.704044
v -3.133705 2.322963 0.702553
v -3.136177 2.323040 0.706745
v -3.133703 2.322989 0.704044
v -3.131599 2.322848 0.701279
v -3.132432 2.322845 0.700394
v -3.133610 2.322848 0.700094
v -3.135011 2.322989 0.703273
v -3.131035 2.316580 0.694868
v -3.131185 2.320266 0.695169
v -3.131591 2.321961 0.695986
v -3.129626 2.316580 0.695635
v -3.129791 2.320266 0.695914
v -3.130237 2.321961 0.696670
v -3.128273 2.316580 0.696496
v -3.128464 2.320266 0.696773
v -3.128982 2.321961 0.697524
v -3.130314 2.253569 0.705204
v -3.133787 2.253493 0.708614
v -3.131762 2.253544 0.705562
v -3.129586 2.253684 0.702854
v -3.128526 2.253687 0.703449
v -3.127951 2.253684 0.704519
v -3.130698 2.253544 0.706645
v -3.130314 2.322963 0.705204
v -3.133787 2.323040 0.708614
v -3.130698 2.322989 0.706645
v -3.127951 2.322848 0.704519
v -3.128526 2.322845 0.703449
v -3.129586 2.322848 0.702854
v -3.131762 2.322989 0.705562
v -3.125746 2.316580 0.698472
v -3.125968 2.320266 0.698724
v -3.126572 2.321961 0.699409
v -3.124584 2.316580 0.699578
v -3.124815 2.320266 0.699805
v -3.125441 2.321961 0.700420
v -3.123499 2.316580 0.700760
v -3.123755 2.320266 0.700978
v -3.124451 2.321961 0.701569
v -3.127725 2.253569 0.708643
v -3.131962 2.253493 0.711038
v -3.129216 2.253544 0.708614
v -3.126413 2.253684 0.706561
v -3.125543 2.253687 0.707410
v -3.125265 2.253684 0.708593
v -3.128469 2.253544 0.709936
v -3.127725 2.322963 0.708643
v -3.131962 2.323040 0.711038
v -3.128469 2.322989 0.709936
v -3.125265 2.322848 0.708593
v -3.125543 2.322845 0.707410
v -3.126413 2.322848 0.706561
v -3.129216 2.322989 0.708614
v -3.121570 2.316580 0.703323
v -3.121850 2.320266 0.703509
v -3.122610 2.321961 0.704014
v -3.120734 2.316580 0.704692
v -3.121016 2.320266 0.704851
v -3.121780 2.321961 0.705283
v -3.119992 2.316580 0.706115
v -3.120296 2.320266 0.706259
v -3.121120 2.321961 0.706650
v -3.126114 2.253569 0.712635
v -3.130826 2.253493 0.713852
v -3.127546 2.253544 0.712221
v -3.124308 2.253684 0.710964
v -3.123688 2.253687 0.712009
v -3.123724 2.253684 0.713224
v -3.127167 2.253544 0.713691
v -3.126114 2.322963 0.712635
v -3.130826 2.323040 0.713852
v -3.127167 2.322989 0.713691
v -3.123724 2.322848 0.713224
v -3.123688 2.322845 0.712009
v -3.124308 2.322848 0.710964
v -3.127546 2.322989 0.712221
v -3.118792 2.316580 0.709089
v -3.119111 2.320266 0.709196
v -3.119976 2.321961 0.709487
v -3.118339 2.316580 0.710628
v -3.118652 2.320266 0.710709
v -3.119502 2.321961 0.710928
v -3.117990 2.316580 0.712194
v -3.118321 2.320266 0.712255
v -3.119219 2.321961 0.712419
v -3.125591 2.253569 0.716908
v -3.130458 2.253493 0.716864
v -3.126868 2.253544 0.716137
v -3.123414 2.253684 0.715761
v -3.123085 2.253687 0.716931
v -3.123435 2.253684 0.718095
v -3.126882 2.253544 0.717655
v -3.125591 2.322963 0.716908
v -3.130458 2.323040 0.716864
v -3.126882 2.322989 0.717655
v -3.123435 2.322848 0.718095
v -3.123085 2.322845 0.716931
v -3.123414 2.322848 0.715761
v -3.126868 2.322989 0.716137
v -3.117601 2.316580 0.715378
v -3.117936 2.320266 0.715399
v -3.118847 2.321961 0.715456
v -3.117561 2.316580 0.716982
v -3.117885 2.320266 0.716979
v -3.118763 2.321961 0.716971
v -3.117630 2.316580 0.718584
v -3.117965 2.320266 0.718557
v -3.118875 2.321961 0.718484
v -3.126192 2.253569 0.721171
v -3.130882 2.253493 0.719868
v -3.127226 2.253544 0.720096
v -3.123792 2.253684 0.720626
v -3.123778 2.253687 0.721841
v -3.124417 2.253684 0.722875
v -3.127632 2.253544 0.721559
v -3.126192 2.322963 0.721171
v -3.130882 2.323040 0.719868
v -3.127632 2.322989 0.721559
v -3.124417 2.322848 0.722875
v -3.123778 2.322845 0.721841
v -3.123792 2.322848 0.720626
v -3.127226 2.322989 0.720096
v -3.118078 2.316580 0.721761
v -3.118407 2.320266 0.721694
v -3.119302 2.321961 0.721513
v -3.118455 2.316580 0.723320
v -3.118767 2.320266 0.723233
v -3.119613 2.321961 0.722998
v -3.118936 2.316580 0.724850
v -3.119253 2.320266 0.724737
v -3.120112 2.321961 0.724431
v -3.127876 2.253569 0.725133
v -3.132068 2.253493 0.722661
v -3.128596 2.253544 0.723827
v -3.125417 2.253684 0.725228
v -3.125717 2.253687 0.726405
v -3.126602 2.253684 0.727238
v -3.129367 2.253544 0.725135
v -3.127876 2.322963 0.725133
v -3.132068 2.323040 0.722661
v -3.129367 2.322989 0.725134
v -3.126602 2.322848 0.727238
v -3.125717 2.322845 0.726405
v -3.125417 2.322848 0.725228
v -3.128596 2.322989 0.723827
v -3.120191 2.316580 0.727803
v -3.120492 2.320266 0.727653
v -3.121309 2.321961 0.727247
v -3.120959 2.316580 0.729211
v -3.121237 2.320266 0.729047
v -3.121994 2.321961 0.728601
v -3.121819 2.316580 0.730565
v -3.122096 2.320266 0.730374
v -3.122847 2.321961 0.729855
v -3.130527 2.253569 0.728524
v -3.133937 2.253493 0.725051
v -3.130885 2.253544 0.727076
v -3.128177 2.253684 0.729252
v -3.128772 2.253687 0.730312
v -3.129842 2.253684 0.730887
v -3.131968 2.253544 0.728140
v -3.130527 2.322963 0.728524
v -3.133937 2.323040 0.725051
v -3.131968 2.322989 0.728140
v -3.129842 2.322848 0.730887
v -3.128772 2.322845 0.730312
v -3.128177 2.322848 0.729252
v -3.130885 2.322989 0.727076
v -3.123796 2.316580 0.733092
v -3.124048 2.320266 0.732869
v -3.124732 2.321961 0.732265
v -3.124902 2.316580 0.734254
v -3.125128 2.320266 0.734023
v -3.125743 2.321961 0.733396
v -3.126083 2.316580 0.735338
v -3.126301 2.320266 0.735082
v -3.126892 2.321961 0.734387
v -3.133966 2.253569 0.731113
v -3.136361 2.253493 0.726876
v -3.133937 2.253544 0.729622
v -3.131885 2.253684 0.732425
v -3.132734 2.253687 0.733294
v -3.133916 2.253684 0.733573
v -3.135259 2.253544 0.730369
v -3.133966 2.322963 0.731113
v -3.136361 2.323040 0.726876
v -3.135259 2.322989 0.730369
v -3.133916 2.322848 0.733573
v -3.132734 2.322845 0.733294
v -3.131885 2.322848 0.732425
v -3.133937 2.322989 0.729622
v -3.128646 2.316580 0.737267
v -3.128832 2.320266 0.736987
v -3.129337 2.321961 0.736227
v -3.130015 2.316580 0.738104
v -3.130174 2.320266 0.737822
v -3.130606 2.321961 0.737058
v -3.131438 2.316580 0.738845
v -3.131582 2.320266 0.738542
v -3.131973 2.321961 0.737717
v -3.137959 2.253569 0.732724
v -3.139175 2.253493 0.728011
v -3.137544 2.253544 0.731291
v -3.136287 2.253684 0.734530
v -3.137332 2.253687 0.735150
v -3.138547 2.253684 0.735113
v -3.139014 2.253544 0.731671
v -3.137959 2.322963 0.732724
v -3.139175 2.323040 0.728011
v -3.139014 2.322989 0.731671
v -3.138547 2.322848 0.735113
v -3.137332 2.322845 0.735150
v -3.136287 2.322848 0.734530
v -3.137544 2.322989 0.731291
v -3.134412 2.316580 0.740046
v -3.134519 2.320266 0.739727
v -3.134810 2.321961 0.738862
v -3.135951 2.316580 0.740499
v -3.136032 2.320266 0.740186
v -3.136251 2.321961 0.739335
v -3.137517 2.316580 0.740847
v -3.137578 2.320266 0.740516
v -3.137742 2.321961 0.739619
v -3.142231 2.253569 0.733246
v -3.142187 2.253493 0.728380
v -3.141460 2.253544 0.731970
v -3.141084 2.253684 0.735423
v -3.142254 2.253687 0.735752
v -3.143418 2.253684 0.735402
v -3.142978 2.253544 0.731956
v -3.142231 2.322963 0.733246
v -3.142187 2.323040 0.728380
v -3.142978 2.322989 0.731956
v -3.143418 2.322848 0.735402
v -3.142254 2.322845 0.735752
v -3.141084 2.322848 0.735423
v -3.141460 2.322989 0.731970
v -3.140701 2.316580 0.741237
v -3.140722 2.320266 0.740901
v -3.140779 2.321961 0.739990
v -3.142305 2.316580 0.741276
v -3.142302 2.320266 0.740953
v -3.142294 2.321961 0.740075
v -3.143908 2.316580 0.741207
v -3.143880 2.320266 0.740872
v -3.143807 2.321961 0.739963
v -3.146494 2.253569 0.732645
v -3.145191 2.253493 0.727956
v -3.145419 2.253544 0.731612
v -3.145949 2.253684 0.735045
v -3.147165 2.253687 0.735060
v -3.148198 2.253684 0.734421
v -3.146882 2.253544 0.731206
v -3.146494 2.322963 0.732645
v -3.145191 2.323040 0.727956
v -3.146882 2.322989 0.731206
v -3.148198 2.322848 0.734421
v -3.147165 2.322845 0.735060
v -3.145949 2.322848 0.735045
v -3.145419 2.322989 0.731612
v -3.147084 2.316580 0.740760
v -3.147017 2.320266 0.740430
v -3.146837 2.321961 0.739536
v -3.148643 2.316580 0.740383
v -3.148556 2.320266 0.740071
v -3.148322 2.321961 0.739225
v -3.150173 2.316580 0.739901
v -3.150060 2.320266 0.739585
v -3.149754 2.321961 0.738725
v -3.150455 2.253569 0.730962
v -3.147984 2.253493 0.726769
v -3.149150 2.253544 0.730242
v -3.150551 2.253684 0.733421
v -3.151728 2.253687 0.733120
v -3.152561 2.253684 0.732235
v -3.150458 2.253544 0.729471
v -3.150455 2.322963 0.730962
v -3.147984 2.323040 0.726769
v -3.150458 2.322989 0.729471
v -3.152561 2.322848 0.732235
v -3.151728 2.322845 0.733120
v -3.150551 2.322848 0.733421
v -3.149150 2.322989 0.730242
v -3.153126 2.316580 0.738647
v -3.152976 2.320266 0.738346
v -3.152570 2.321961 0.737529
v -3.154534 2.316580 0.737879
v -3.154370 2.320266 0.737600
v -3.153924 2.321961 0.736844
v -3.155888 2.316580 0.737018
v -3.155697 2.320266 0.736741
v -3.155178 2.321961 0.735991
v -3.153847 2.253569 0.728310
v -3.150374 2.253493 0.724900
v -3.152399 2.253544 0.727952
v -3.154575 2.253684 0.730660
v -3.155635 2.253687 0.730066
v -3.156210 2.253684 0.728995
v -3.153463 2.253544 0.726869
v -3.153847 2.322963 0.728310
v -3.150374 2.323040 0.724900
v -3.153463 2.322989 0.726869
v -3.156210 2.322848 0.728995
v -3.155635 2.322845 0.730066
v -3.154575 2.322848 0.730660
v -3.152399 2.322989 0.727952
v -3.158415 2.316580 0.735042
v -3.158192 2.320266 0.734790
v -3.157588 2.321961 0.734106
v -3.159577 2.316580 0.733936
v -3.159346 2.320266 0.733709
v -3.158719 2.321961 0.733094
v -3.160661 2.316580 0.732754
v -3.160405 2.320266 0.732536
v -3.159710 2.321961 0.731945
v -3.156436 2.253569 0.724871
v -3.152199 2.253493 0.722476
v -3.154945 2.253544 0.724900
v -3.157748 2.253684 0.726953
v -3.158617 2.253687 0.726104
v -3.158896 2.253684 0.724921
v -3.155692 2.253544 0.723579
v -3.156436 2.322963 0.724871
v -3.152199 2.323040 0.722476
v -3.155692 2.322989 0.723579
v -3.158896 2.322848 0.724921
v -3.158617 2.322845 0.726104
v -3.157748 2.322848 0.726953
v -3.154945 2.322989 0.724900
v -3.162591 2.316580 0.730191
v -3.162310 2.320266 0.730006
v -3.161550 2.321961 0.729501
v -3.163427 2.316580 0.728822
v -3.163145 2.320266 0.728663
v -3.162381 2.321961 0.728231
v -3.164168 2.316580 0.727400
v -3.163865 2.320266 0.727256
v -3.163040 2.321961 0.726865
v -3.158047 2.253569 0.720879
v -3.153334 2.253493 0.719663
v -3.156614 2.253544 0.721293
v -3.159853 2.253684 0.722550
v -3.160473 2.253687 0.721505
v -3.160436 2.253684 0.720291
v -3.156994 2.253544 0.719823
v -3.158047 2.322963 0.720879
v -3.153334 2.323040 0.719663
v -3.156994 2.322989 0.719823
v -3.160436 2.322848 0.720291
v -3.160473 2.322845 0.721505
v -3.159853 2.322848 0.722550
v -3.156614 2.322989 0.721293
v -3.165369 2.316580 0.724425
v -3.165050 2.320266 0.724318
v -3.164185 2.321961 0.724027
v -3.165822 2.316580 0.722886
v -3.165509 2.320266 0.722806
v -3.164659 2.321961 0.722586
v -3.166170 2.316580 0.721320
v -3.165840 2.320266 0.721260
v -3.164942 2.321961 0.721096
v -3.158569 2.253569 0.716606
v -3.153703 2.253493 0.716651
v -3.157293 2.253544 0.717377
v -3.160747 2.253684 0.717753
v -3.161075 2.253687 0.716583
v -3.160725 2.253684 0.715420
v -3.157279 2.253544 0.715859
v -3.158569 2.322963 0.716606
v -3.153703 2.323040 0.716651
v -3.157279 2.322989 0.715859
v -3.160725 2.322848 0.715420
v -3.161075 2.322845 0.716583
v -3.160747 2.322848 0.717753
v -3.157293 2.322989 0.717377
v -3.166560 2.316580 0.718136
v -3.166224 2.320266 0.718116
v -3.165313 2.321961 0.718059
v -3.166599 2.316580 0.716533
v -3.166276 2.320266 0.716536
v -3.165398 2.321961 0.716544
v -3.166530 2.316580 0.714930
v -3.166195 2.320266 0.714957
v -3.165286 2.321961 0.715031
v -3.157969 2.253569 0.712344
v -3.153279 2.253493 0.713646
v -3.156935 2.253544 0.713419
v -3.160368 2.253684 0.712888
v -3.160383 2.253687 0.711673
v -3.159744 2.253684 0.710640
v -3.156529 2.253544 0.711956
v -3.157969 2.322963 0.712344
v -3.153279 2.323040 0.713646
v -3.156529 2.322989 0.711956
v -3.159744 2.322848 0.710639
v -3.160383 2.322845 0.711673
v -3.160368 2.322848 0.712888
v -3.156935 2.322989 0.713419
v -3.166083 2.316580 0.711754
v -3.165753 2.320266 0.711820
v -3.164859 2.321961 0.712001
v -3.165706 2.316580 0.710194
v -3.165394 2.320266 0.710281
v -3.164548 2.321961 0.710516
v -3.165224 2.316580 0.708664
v -3.164908 2.320266 0.708777
v -3.164048 2.321961 0.709084
v -3.156285 2.253569 0.708382
v -3.152092 2.253493 0.710854
v -3.155565 2.253544 0.709688
v -3.158744 2.253684 0.708287
v -3.158443 2.253687 0.707109
v -3.157558 2.253684 0.706276
v -3.154794 2.253544 0.708380
v -3.156285 2.322963 0.708382
v -3.152092 2.323040 0.710854
v -3.154794 2.322989 0.708380
v -3.157558 2.322848 0.706276
v -3.158443 2.322845 0.707109
v -3.158744 2.322848 0.708287
v -3.155565 2.322989 0.709688
v -3.163970 2.316580 0.705712
v -3.163669 2.320266 0.705862
v -3.162852 2.321961 0.706268
v -3.163202 2.316580 0.704303
v -3.162923 2.320266 0.704468
v -3.162167 2.321961 0.704914
v -3.162341 2.316580 0.702950
v -3.162065 2.320266 0.703141
v -3.161314 2.321961 0.703659
v -3.153633 2.253569 0.704991
v -3.150223 2.253493 0.708464
v -3.153275 2.253544 0.706439
v -3.155984 2.253684 0.704262
v -3.155389 2.253687 0.703203
v -3.154318 2.253684 0.702627
v -3.152192 2.253544 0.705375
v -3.153633 2.322963 0.704991
v -3.150223 2.323040 0.708464
v -3.152192 2.322989 0.705375
v -3.154318 2.322848 0.702627
v -3.155389 2.322845 0.703203
v -3.155984 2.322848 0.704262
v -3.153275 2.322989 0.706439
v -3.160365 2.316580 0.700423
v -3.160113 2.320266 0.700645
v -3.159429 2.321961 0.701249
v -3.159259 2.316580 0.699261
v -3.159032 2.320266 0.699492
v -3.158417 2.321961 0.700118
v -3.158077 2.316580 0.698176
v -3.157859 2.320266 0.698432
v -3.157268 2.321961 0.699128
v -3.160401 2.276443 0.700391
v -3.160401 2.288261 0.700391
v -3.160401 2.300079 0.700391
v -3.159292 2.276443 0.699228
v -3.159292 2.288261 0.699228
v -3.159292 2.300079 0.699228
v -3.158108 2.276443 0.698140
v -3.158108 2.288261 0.698140
v -3.158108 2.300079 0.698140
v -3.164013 2.276443 0.705691
v -3.164013 2.288261 0.705691
v -3.164013 2.300079 0.705691
v -3.163242 2.276443 0.704280
v -3.163242 2.288261 0.704280
v -3.163242 2.300079 0.704280
v -3.162381 2.276443 0.702922
v -3.162381 2.288261 0.702922
v -3.162381 2.300079 0.702922
v -3.166130 2.276443 0.711744
v -3.166130 2.288261 0.711744
v -3.166130 2.300079 0.711744
v -3.165750 2.276443 0.710182
v -3.165750 2.288261 0.710182
v -3.165750 2.300079 0.710182
v -3.165270 2.276443 0.708648
v -3.165270 2.288261 0.708648
v -3.165270 2.300079 0.708648
v -3.166608 2.276443 0.718139
v -3.166608 2.288261 0.718140
v -3.166608 2.300079 0.718139
v -3.166646 2.276443 0.716532
v -3.166646 2.288261 0.716532
v -3.166646 2.300079 0.716532
v -3.166578 2.276443 0.714926
v -3.166578 2.288261 0.714926
v -3.166578 2.300079 0.714926
v -3.165414 2.276443 0.724441
v -3.165414 2.288261 0.724441
v -3.165414 2.300079 0.724441
v -3.165867 2.276443 0.722898
v -3.165867 2.288261 0.722898
v -3.165867 2.300079 0.722898
v -3.166218 2.276443 0.721329
v -3.166218 2.288261 0.721329
v -3.166218 2.300079 0.721329
v -3.162631 2.276443 0.730218
v -3.162631 2.288261 0.730218
v -3.162631 2.300079 0.730218
v -3.163467 2.276443 0.728845
v -3.163467 2.288261 0.728845
v -3.163467 2.300079 0.728845
v -3.164212 2.276443 0.727420
v -3.164212 2.288261 0.727420
v -3.164212 2.300079 0.727420
v -3.158446 2.276443 0.735078
v -3.158447 2.288261 0.735078
v -3.158446 2.300079 0.735078
v -3.159610 2.276443 0.733968
v -3.159610 2.288261 0.733968
v -3.159610 2.300079 0.733968
v -3.160698 2.276443 0.732785
v -3.160698 2.288261 0.732785
v -3.160698 2.300079 0.732785
v -3.153147 2.276443 0.738690
v -3.153147 2.288261 0.738690
v -3.153147 2.300079 0.738690
v -3.154558 2.276443 0.737919
v -3.154558 2.288261 0.737919
v -3.154558 2.300079 0.737919
v -3.155915 2.276443 0.737058
v -3.155915 2.288261 0.737058
v -3.155915 2.300079 0.737058
v -3.147093 2.276443 0.740807
v -3.147093 2.288261 0.740807
v -3.147093 2.300079 0.740807
v -3.148655 2.276443 0.740427
v -3.148655 2.288261 0.740427
v -3.148655 2.300079 0.740427
v -3.150190 2.276443 0.739947
v -3.150190 2.288261 0.739947
v -3.150190 2.300079 0.739947
v -3.140698 2.276443 0.741285
v -3.140698 2.288261 0.741285
v -3.140698 2.300079 0.741285
v -3.142305 2.276443 0.741322
v -3.142305 2.288261 0.741322
v -3.142305 2.300079 0.741322
v -3.143911 2.276443 0.741255
v -3.143911 2.288261 0.741255
v -3.143911 2.300079 0.741255
v -3.134397 2.276443 0.740091
v -3.134397 2.288261 0.740091
v -3.134397 2.300079 0.740091
v -3.135940 2.276443 0.740544
v -3.135940 2.288261 0.740544
v -3.135940 2.300079 0.740544
v -3.137508 2.276443 0.740894
v -3.137508 2.288261 0.740894
v -3.137508 2.300079 0.740894
v -3.128619 2.276443 0.737308
v -3.128619 2.288261 0.737308
v -3.128619 2.300079 0.737307
v -3.129992 2.276443 0.738144
v -3.129992 2.288261 0.738144
v -3.129992 2.300079 0.738144
v -3.131417 2.276443 0.738889
v -3.131417 2.288261 0.738889
v -3.131417 2.300079 0.738889
v -3.123759 2.276443 0.733123
v -3.123759 2.288261 0.733123
v -3.123759 2.300079 0.733123
v -3.124869 2.276443 0.734287
v -3.124869 2.288261 0.734287
v -3.124869 2.300079 0.734287
v -3.126052 2.276443 0.735375
v -3.126052 2.288261 0.735375
v -3.126052 2.300079 0.735375
v -3.120148 2.276443 0.727824
v -3.120148 2.288261 0.727824
v -3.120148 2.300079 0.727824
v -3.120919 2.276443 0.729235
v -3.120919 2.288261 0.729235
v -3.120919 2.300079 0.729235
v -3.121780 2.276443 0.730592
v -3.121780 2.288261 0.730592
v -3.121780 2.300079 0.730592
v -3.118031 2.276443 0.721770
v -3.118031 2.288261 0.721770
v -3.118031 2.300079 0.721770
v -3.118410 2.276443 0.723332
v -3.118410 2.288261 0.723332
v -3.118410 2.300079 0.723332
v -3.118891 2.276443 0.724867
v -3.118891 2.288261 0.724867
v -3.118891 2.300079 0.724867
v -3.117553 2.276443 0.715375
v -3.117553 2.288261 0.715375
v -3.117553 2.300079 0.715375
v -3.117515 2.276443 0.716982
v -3.117515 2.288261 0.716982
v -3.117515 2.300079 0.716982
v -3.117582 2.276443 0.718588
v -3.117582 2.288261 0.718588
v -3.117582 2.300079 0.718588
v -3.118746 2.276443 0.709074
v -3.118746 2.288261 0.709074
v -3.118746 2.300079 0.709074
v -3.118294 2.276443 0.710617
v -3.118294 2.288261 0.710617
v -3.118294 2.300079 0.710617
v -3.117943 2.276443 0.712185
v -3.117943 2.288261 0.712185
v -3.117943 2.300079 0.712185
v -3.121530 2.276443 0.703296
v -3.121530 2.288261 0.703296
v -3.121530 2.300079 0.703296
v -3.120694 2.276443 0.704669
v -3.120694 2.288261 0.704669
v -3.120694 2.300079 0.704669
v -3.119949 2.276443 0.706094
v -3.119949 2.288261 0.706094
v -3.119949 2.300079 0.706094
v -3.125714 2.276443 0.698436
v -3.125714 2.288261 0.698436
v -3.125714 2.300079 0.698436
v -3.124551 2.276443 0.699546
v -3.124551 2.288261 0.699546
v -3.124551 2.300079 0.699546
v -3.123463 2.276443 0.700729
v -3.123463 2.288261 0.700729
v -3.123463 2.300079 0.700729
v -3.131014 2.276443 0.694825
v -3.131014 2.288261 0.694825
v -3.131014 2.300079 0.694825
v -3.129603 2.276443 0.695596
v -3.129603 2.288261 0.695596
v -3.129603 2.300079 0.695596
v -3.128246 2.276443 0.696457
v -3.128246 2.288261 0.696457
v -3.128246 2.300079 0.696457
v -3.137067 2.276443 0.692708
v -3.137067 2.288261 0.692708
v -3.137067 2.300079 0.692708
v -3.135505 2.276443 0.693087
v -3.135505 2.288261 0.693087
v -3.135505 2.300079 0.693087
v -3.133971 2.276443 0.693568
v -3.133971 2.288261 0.693568
v -3.133971 2.300079 0.693568
v -3.143463 2.276443 0.692230
v -3.143463 2.288261 0.692230
v -3.143463 2.300079 0.692230
v -3.141855 2.276443 0.692192
v -3.141855 2.288261 0.692192
v -3.141855 2.300079 0.692192
v -3.140249 2.276443 0.692259
v -3.140249 2.288261 0.692259
v -3.140249 2.300079 0.692259
v -3.149764 2.276443 0.693423
v -3.149764 2.288261 0.693423
v -3.149764 2.300079 0.693423
v -3.148221 2.276443 0.692971
v -3.148221 2.288261 0.692971
v -3.148221 2.300079 0.692971
v -3.146652 2.276443 0.692620
v -3.146652 2.288261 0.692620
v -3.146652 2.300079 0.692620
v -3.155541 2.276443 0.696207
v -3.155541 2.288261 0.696207
v -3.155541 2.300079 0.696207
v -3.154168 2.276443 0.695371
v -3.154168 2.288261 0.695371
v -3.154168 2.300079 0.695371
v -3.152744 2.276443 0.694626
v -3.152744 2.288261 0.694626
v -3.152744 2.300079 0.694626
v -3.154824 2.254569 0.697287
v -3.155329 2.256261 0.696527
v -3.155514 2.259945 0.696247
v -3.153554 2.254569 0.696457
v -3.153986 2.256261 0.695693
v -3.154145 2.259945 0.695411
v -3.152188 2.254569 0.695797
v -3.152579 2.256261 0.694973
v -3.152723 2.259945 0.694669
v -3.149350 2.254569 0.694652
v -3.149641 2.256261 0.693788
v -3.149748 2.259945 0.693469
v -3.147909 2.254569 0.694179
v -3.148129 2.256261 0.693329
v -3.148209 2.259945 0.693016
v -3.146419 2.254569 0.693896
v -3.146583 2.256261 0.692998
v -3.146643 2.259945 0.692667
v -3.143382 2.254569 0.693524
v -3.143439 2.256261 0.692613
v -3.143460 2.259945 0.692278
v -3.141867 2.254569 0.693440
v -3.141859 2.256261 0.692562
v -3.141856 2.259945 0.692238
v -3.140354 2.254569 0.693552
v -3.140280 2.256261 0.692642
v -3.140253 2.259945 0.692307
v -3.137324 2.254569 0.693979
v -3.137143 2.256261 0.693084
v -3.137077 2.259945 0.692755
v -3.135839 2.254569 0.694290
v -3.135604 2.256261 0.693444
v -3.135517 2.259945 0.693132
v -3.134407 2.254569 0.694789
v -3.134100 2.256261 0.693930
v -3.133987 2.259945 0.693613
v -3.131591 2.254569 0.695986
v -3.131185 2.256261 0.695169
v -3.131035 2.259945 0.694868
v -3.130237 2.254569 0.696670
v -3.129791 2.256261 0.695914
v -3.129626 2.259945 0.695635
v -3.128982 2.254569 0.697524
v -3.128464 2.256261 0.696773
v -3.128273 2.259945 0.696496
v -3.126572 2.254569 0.699409
v -3.125968 2.256261 0.698724
v -3.125746 2.259945 0.698472
v -3.125441 2.254569 0.700420
v -3.124815 2.256261 0.699805
v -3.124584 2.259945 0.699578
v -3.124451 2.254569 0.701569
v -3.123755 2.256261 0.700978
v -3.123499 2.259945 0.700760
v -3.122610 2.254569 0.704014
v -3.121850 2.256261 0.703509
v -3.121570 2.259945 0.703323
v -3.121780 2.254569 0.705283
v -3.121016 2.256261 0.704851
v -3.120734 2.259945 0.704692
v -3.121120 2.254569 0.706650
v -3.120296 2.256261 0.706259
v -3.119992 2.259945 0.706115
v -3.119976 2.254569 0.709487
v -3.119111 2.256261 0.709196
v -3.118792 2.259945 0.709089
v -3.119502 2.254569 0.710928
v -3.118652 2.256261 0.710709
v -3.118339 2.259945 0.710628
v -3.119219 2.254569 0.712419
v -3.118321 2.256261 0.712255
v -3.117990 2.259945 0.712194
v -3.118847 2.254569 0.715456
v -3.117936 2.256261 0.715399
v -3.117601 2.259945 0.715378
v -3.118763 2.254569 0.716971
v -3.117885 2.256261 0.716979
v -3.117561 2.259945 0.716982
v -3.118875 2.254569 0.718484
v -3.117965 2.256261 0.718557
v -3.117630 2.259945 0.718584
v -3.119302 2.254569 0.721513
v -3.118407 2.256261 0.721694
v -3.118078 2.259945 0.721761
v -3.119613 2.254569 0.722998
v -3.118767 2.256261 0.723233
v -3.118455 2.259945 0.723320
v -3.120112 2.254569 0.724431
v -3.119253 2.256261 0.724737
v -3.118936 2.259945 0.724850
v -3.121309 2.254569 0.727247
v -3.120492 2.256261 0.727653
v -3.120191 2.259945 0.727803
v -3.121994 2.254569 0.728601
v -3.121237 2.256261 0.729047
v -3.120959 2.259945 0.729211
v -3.122847 2.254569 0.729855
v -3.122096 2.256261 0.730374
v -3.121819 2.259945 0.730565
v -3.124732 2.254569 0.732265
v -3.124048 2.256261 0.732869
v -3.123796 2.259945 0.733092
v -3.125743 2.254569 0.733396
v -3.125128 2.256261 0.734023
v -3.124902 2.259945 0.734254
v -3.126892 2.254569 0.734387
v -3.126301 2.256261 0.735082
v -3.126083 2.259945 0.735338
v -3.129337 2.254569 0.736227
v -3.128832 2.256261 0.736987
v -3.128646 2.259945 0.737267
v -3.130606 2.254569 0.737058
v -3.130174 2.256261 0.737822
v -3.130015 2.259945 0.738104
v -3.131973 2.254569 0.737717
v -3.131582 2.256261 0.738542
v -3.131438 2.259945 0.738845
v -3.134810 2.254569 0.738862
v -3.134519 2.256261 0.739727
v -3.134412 2.259945 0.740046
v -3.136251 2.254569 0.739335
v -3.136032 2.256261 0.740186
v -3.135951 2.259945 0.740499
v -3.137742 2.254569 0.739619
v -3.137578 2.256261 0.740516
v -3.137517 2.259945 0.740847
v -3.140779 2.254569 0.739990
v -3.140722 2.256261 0.740901
v -3.140701 2.259945 0.741237
v -3.142294 2.254569 0.740075
v -3.142302 2.256261 0.740953
v -3.142305 2.259945 0.741276
v -3.143807 2.254569 0.739963
v -3.143880 2.256261 0.740872
v -3.143908 2.259945 0.741207
v -3.146837 2.254569 0.739536
v -3.147017 2.256261 0.740430
v -3.147084 2.259945 0.740760
v -3.148322 2.254569 0.739225
v -3.148556 2.256261 0.740071
v -3.148643 2.259945 0.740383
v -3.149754 2.254569 0.738725
v -3.150060 2.256261 0.739585
v -3.150173 2.259945 0.739901
v -3.152570 2.254569 0.737528
v -3.152976 2.256261 0.738346
v -3.153126 2.259945 0.738647
v -3.153924 2.254569 0.736844
v -3.154370 2.256261 0.737600
v -3.154534 2.259945 0.737879
v -3.155178 2.254569 0.735991
v -3.155697 2.256261 0.736741
v -3.155888 2.259945 0.737018
v -3.157588 2.254569 0.734106
v -3.158192 2.256261 0.734790
v -3.158415 2.259945 0.735042
v -3.158719 2.254569 0.733094
v -3.159346 2.256261 0.733709
v -3.159577 2.259945 0.733936
v -3.159710 2.254569 0.731945
v -3.160405 2.256261 0.732536
v -3.160661 2.259945 0.732754
v -3.161550 2.254569 0.729501
v -3.162310 2.256261 0.730006
v -3.162591 2.259945 0.730191
v -3.162381 2.254569 0.728231
v -3.163145 2.256261 0.728663
v -3.163427 2.259945 0.728822
v -3.163040 2.254569 0.726865
v -3.163865 2.256261 0.727256
v -3.164168 2.259945 0.727400
v -3.164185 2.254569 0.724027
v -3.165050 2.256261 0.724318
v -3.165369 2.259945 0.724425
v -3.164659 2.254569 0.722586
v -3.165509 2.256261 0.722806
v -3.165822 2.259945 0.722886
v -3.164942 2.254569 0.721096
v -3.165839 2.256261 0.721260
v -3.166170 2.259945 0.721320
v -3.165313 2.254569 0.718059
v -3.166224 2.256261 0.718116
v -3.166560 2.259945 0.718136
v -3.165398 2.254569 0.716544
v -3.166276 2.256261 0.716536
v -3.166599 2.259945 0.716533
v -3.165286 2.254569 0.715031
v -3.166195 2.256261 0.714957
v -3.166530 2.259945 0.714930
v -3.164859 2.254569 0.712001
v -3.165753 2.256261 0.711820
v -3.166083 2.259945 0.711754
v -3.164548 2.254569 0.710516
v -3.165394 2.256261 0.710281
v -3.165706 2.259945 0.710194
v -3.164048 2.254569 0.709084
v -3.164908 2.256261 0.708777
v -3.165224 2.259945 0.708664
v -3.162852 2.254569 0.706268
v -3.163669 2.256261 0.705862
v -3.163970 2.259945 0.705712
v -3.162167 2.254569 0.704914
v -3.162923 2.256261 0.704468
v -3.163202 2.259945 0.704303
v -3.161314 2.254569 0.703659
v -3.162065 2.256261 0.703141
v -3.162341 2.259945 0.702950
v -3.159429 2.254569 0.701249
v -3.160113 2.256261 0.700645
v -3.160365 2.259945 0.700423
v -3.158417 2.254569 0.700118
v -3.159032 2.256261 0.699492
v -3.159259 2.259945 0.699261
v -3.157268 2.254569 0.699128
v -3.157859 2.256261 0.698432
v -3.158077 2.259945 0.698176
vn -0.0000 -1.0000 -0.0000
vn -0.0000 1.0000 -0.0000
vn -0.1222 -0.9791 -0.1623
vn -0.1225 0.9790 -0.1628
vn -0.0760 -0.9791 -0.1884
vn -0.0763 0.9790 -0.1890
vn -0.0247 -0.9791 -0.2016
vn -0.0247 0.9790 -0.2023
vn 0.0284 -0.9791 -0.2011
vn 0.0284 0.9790 -0.2017
vn 0.0795 -0.9791 -0.1870
vn 0.0797 0.9790 -0.1875
vn 0.1251 -0.9792 -0.1600
vn 0.1255 0.9790 -0.1604
vn 0.1623 -0.9792 -0.1221
vn 0.1628 0.9790 -0.1225
vn 0.1883 -0.9792 -0.0760
vn 0.1889 0.9790 -0.0762
vn 0.2016 -0.9792 -0.0247
vn 0.2023 0.9790 -0.0247
vn 0.2012 -0.9791 0.0284
vn 0.2017 0.9790 0.0285
vn 0.1870 -0.9791 0.0794
vn 0.1875 0.9790 0.0797
vn 0.1600 -0.9792 0.1251
vn 0.1605 0.9790 0.1255
vn 0.1222 -0.9791 0.1623
vn 0.1225 0.9790 0.1628
vn 0.0760 -0.9792 0.1884
vn 0.0763 0.9790 0.1889
vn 0.0247 -0.9791 0.2016
vn 0.0247 0.9790 0.2022
vn -0.0284 -0.9792 0.2011
vn -0.0284 0.9790 0.2017
vn -0.0795 -0.9791 0.1870
vn -0.0797 0.9790 0.1875
vn -0.1251 -0.9792 0.1600
vn -0.1255 0.9790 0.1605
vn -0.1622 -0.9792 0.1222
vn -0.1628 0.9790 0.1225
vn -0.1883 -0.9792 0.0760
vn -0.1890 0.9790 0.0762
vn -0.2016 -0.9792 0.0246
vn -0.2023 0.9790 0.0247
vn -0.2011 -0.9792 -0.0284
vn -0.2018 0.9790 -0.0285
vn -0.1870 -0.9791 -0.0795
vn -0.1876 0.9790 -0.0798
vn -0.1600 -0.9792 -0.1251
vn -0.1605 0.9790 -0.1255
vn -0.6014 0.0038 -0.7989
vn -0.3742 0.0038 -0.9274
vn -0.1214 0.0038 -0.9926
vn 0.1396 0.0038 -0.9902
vn 0.3911 0.0038 -0.9203
vn 0.6160 0.0038 -0.7877
vn 0.7989 0.0037 -0.6014
vn 0.9274 0.0038 -0.3742
vn 0.9926 0.0038 -0.1215
vn 0.9902 0.0038 0.1396
vn 0.9204 0.0038 0.3910
vn 0.7877 0.0038 0.6160
vn 0.6015 0.0038 0.7989
vn 0.3742 0.0038 0.9273
vn 0.1215 0.0038 0.9926
vn -0.1396 0.0038 0.9902
vn -0.3912 0.0037 0.9203
vn -0.6160 0.0038 0.7877
vn -0.7989 0.0038 0.6014
vn -0.9273 0.0038 0.3742
vn -0.9926 0.0038 0.1213
vn -0.9902 0.0038 -0.1394
vn -0.9203 0.0038 -0.3911
vn -0.7877 0.0038 -0.6160
vn -0.3742 -0.0038 -0.9273
vn -0.1215 -0.0038 -0.9926
vn 0.1396 -0.0038 -0.9902
vn 0.3910 -0.0037 -0.9204
vn 0.6161 -0.0038 -0.7877
vn 0.7989 -0.0038 -0.6014
vn 0.9273 -0.0038 -0.3743
vn 0.9926 -0.0038 -0.1214
vn 0.9902 -0.0038 0.1395
vn 0.9203 -0.0038 0.3911
vn 0.7877 -0.0038 0.6160
vn 0.6014 -0.0038 0.7989
vn 0.3742 -0.0038 0.9273
vn 0.1214 -0.0037 0.9926
vn -0.1397 -0.0037 0.9902
vn -0.3911 -0.0038 0.9203
vn -0.6160 -0.0037 0.7878
vn -0.7989 -0.0038 0.6014
vn -0.9273 -0.0038 0.3742
vn -0.9926 -0.0038 0.1213
vn -0.9902 -0.0038 -0.1396
vn -0.9204 -0.0038 -0.3910
vn -0.7877 -0.0038 -0.6160
vn -0.6015 -0.0038 -0.7989
vn -0.0239 -0.9980 -0.0592
vn -0.0077 -0.9998 -0.0193
vn -0.0014 -1.0000 -0.0034
vn -0.0022 -1.0000 -0.0029
vn -0.0126 -0.9998 -0.0166
vn -0.0384 -0.9980 -0.0510
vn -0.1311 -0.9768 -0.1695
vn -0.1109 -0.9743 -0.1960
vn -0.0777 -0.9768 -0.1998
vn -0.0386 0.9979 -0.0512
vn -0.0126 0.9998 -0.0166
vn -0.0022 1.0000 -0.0029
vn -0.0013 1.0000 -0.0033
vn -0.0077 0.9998 -0.0193
vn -0.0240 0.9979 -0.0594
vn -0.0779 0.9766 -0.2003
vn -0.1111 0.9742 -0.1965
vn -0.1315 0.9766 -0.1700
vn -0.6008 0.0495 -0.7979
vn -0.5752 0.2923 -0.7640
vn -0.3843 0.7692 -0.5105
vn -0.3738 -0.0496 -0.9262
vn -0.3578 -0.2925 -0.8868
vn -0.2389 -0.7696 -0.5921
vn -0.0077 -0.9980 -0.0634
vn -0.0026 -0.9998 -0.0206
vn -0.0004 -1.0000 -0.0036
vn -0.0828 -0.9768 -0.1977
vn -0.0563 -0.9743 -0.2180
vn -0.0233 -0.9768 -0.2131
vn -0.0004 1.0000 -0.0036
vn -0.0026 0.9998 -0.0207
vn -0.0078 0.9979 -0.0636
vn -0.0233 0.9766 -0.2137
vn -0.0565 0.9742 -0.2185
vn -0.0831 0.9766 -0.1982
vn -0.1213 -0.0496 -0.9914
vn -0.1161 -0.2926 -0.9492
vn -0.0776 -0.7696 -0.6338
vn 0.0089 -0.9980 -0.0632
vn 0.0029 -0.9998 -0.0206
vn 0.0005 -1.0000 -0.0036
vn -0.0288 -0.9768 -0.2124
vn 0.0021 -0.9743 -0.2251
vn 0.0327 -0.9768 -0.2118
vn 0.0005 1.0000 -0.0036
vn 0.0029 0.9998 -0.0206
vn 0.0090 0.9979 -0.0635
vn 0.0328 0.9766 -0.2124
vn 0.0021 0.9742 -0.2257
vn -0.0289 0.9766 -0.2130
vn 0.1394 -0.0496 -0.9890
vn 0.1335 -0.2925 -0.9469
vn 0.0891 -0.7696 -0.6322
vn 0.0250 -0.9980 -0.0588
vn 0.0081 -0.9998 -0.0191
vn 0.0014 -1.0000 -0.0033
vn 0.0271 -0.9768 -0.2126
vn 0.0603 -0.9743 -0.2169
vn 0.0864 -0.9768 -0.1961
vn 0.0014 1.0000 -0.0033
vn 0.0081 0.9998 -0.0192
vn 0.0250 0.9979 -0.0590
vn 0.0867 0.9766 -0.1967
vn 0.0603 0.9742 -0.2175
vn 0.0272 0.9766 -0.2132
vn 0.3906 -0.0496 -0.9192
vn 0.3740 -0.2926 -0.8801
vn 0.2497 -0.7696 -0.5876
vn 0.0394 -0.9980 -0.0503
vn 0.0129 -0.9998 -0.0164
vn 0.0022 -1.0000 -0.0029
vn 0.0813 -0.9768 -0.1983
vn 0.1144 -0.9743 -0.1939
vn 0.1342 -0.9768 -0.1671
vn 0.0023 1.0000 -0.0028
vn 0.0128 0.9998 -0.0164
vn 0.0394 0.9979 -0.0505
vn 0.1347 0.9766 -0.1676
vn 0.1147 0.9742 -0.1945
vn 0.0815 0.9766 -0.1989
vn 0.6152 -0.0495 -0.7868
vn 0.5891 -0.2925 -0.7533
vn 0.3933 -0.7696 -0.5029
vn 0.0510 -0.9980 -0.0384
vn 0.0166 -0.9998 -0.0125
vn 0.0029 -1.0000 -0.0022
vn 0.1298 -0.9768 -0.1705
vn 0.1607 -0.9743 -0.1577
vn 0.1729 -0.9768 -0.1266
vn 0.0029 1.0000 -0.0022
vn 0.0166 0.9998 -0.0125
vn 0.0513 0.9979 -0.0386
vn 0.1734 0.9766 -0.1270
vn 0.1610 0.9742 -0.1582
vn 0.1302 0.9766 -0.1710
vn 0.7979 -0.0495 -0.6008
vn 0.7639 -0.2926 -0.5752
vn 0.5100 -0.7697 -0.3840
vn 0.0592 -0.9980 -0.0239
vn 0.0194 -0.9998 -0.0078
vn 0.0034 -1.0000 -0.0014
vn 0.1695 -0.9768 -0.1311
vn 0.1960 -0.9743 -0.1108
vn 0.1998 -0.9768 -0.0776
vn 0.0033 1.0000 -0.0013
vn 0.0193 0.9998 -0.0078
vn 0.0594 0.9979 -0.0240
vn 0.2004 0.9766 -0.0778
vn 0.1965 0.9742 -0.1111
vn 0.1700 0.9766 -0.1315
vn 0.9262 -0.0496 -0.3737
vn 0.8868 -0.2925 -0.3578
vn 0.5921 -0.7696 -0.2390
vn 0.0633 -0.9980 -0.0077
vn 0.0207 -0.9998 -0.0025
vn 0.0036 -1.0000 -0.0004
vn 0.1977 -0.9768 -0.0828
vn 0.2180 -0.9743 -0.0563
vn 0.2131 -0.9768 -0.0233
vn 0.0036 1.0000 -0.0004
vn 0.0207 0.9998 -0.0025
vn 0.0636 0.9979 -0.0078
vn 0.2137 0.9766 -0.0233
vn 0.2185 0.9742 -0.0565
vn 0.1982 0.9766 -0.0830
vn 0.9914 -0.0496 -0.1213
vn 0.9492 -0.2925 -0.1161
vn 0.6337 -0.7696 -0.0775
vn 0.0632 -0.9980 0.0089
vn 0.0206 -0.9998 0.0029
vn 0.0036 -1.0000 0.0005
vn 0.2124 -0.9768 -0.0288
vn 0.2252 -0.9743 0.0021
vn 0.2119 -0.9768 0.0327
vn 0.0035 1.0000 0.0005
vn 0.0206 0.9998 0.0029
vn 0.0635 0.9979 0.0089
vn 0.2125 0.9766 0.0328
vn 0.2257 0.9742 0.0020
vn 0.2130 0.9766 -0.0289
vn 0.9890 -0.0495 0.1395
vn 0.9469 -0.2925 0.1334
vn 0.6323 -0.7696 0.0891
vn 0.0587 -0.9980 0.0250
vn 0.0191 -0.9998 0.0081
vn 0.0034 -1.0000 0.0014
vn 0.2126 -0.9768 0.0271
vn 0.2169 -0.9743 0.0602
vn 0.1962 -0.9768 0.0864
vn 0.0033 1.0000 0.0014
vn 0.0191 0.9998 0.0081
vn 0.0590 0.9979 0.0251
vn 0.1967 0.9766 0.0866
vn 0.2175 0.9742 0.0603
vn 0.2132 0.9766 0.0272
vn 0.9192 -0.0496 0.3907
vn 0.8801 -0.2925 0.3740
vn 0.5877 -0.7696 0.2497
vn 0.0503 -0.9980 0.0393
vn 0.0164 -0.9998 0.0128
vn 0.0029 -1.0000 0.0022
vn 0.1984 -0.9768 0.0813
vn 0.1940 -0.9743 0.1143
vn 0.1671 -0.9768 0.1342
vn 0.0028 1.0000 0.0022
vn 0.0164 0.9998 0.0128
vn 0.0504 0.9979 0.0395
vn 0.1676 0.9766 0.1346
vn 0.1945 0.9742 0.1146
vn 0.1990 0.9766 0.0815
vn 0.7868 -0.0495 0.6152
vn 0.7533 -0.2925 0.5891
vn 0.5029 -0.7696 0.3934
vn 0.0384 -0.9980 0.0510
vn 0.0126 -0.9998 0.0166
vn 0.0022 -1.0000 0.0029
vn 0.1705 -0.9768 0.1298
vn 0.1578 -0.9743 0.1606
vn 0.1268 -0.9768 0.1729
vn 0.0022 1.0000 0.0029
vn 0.0125 0.9998 0.0166
vn 0.0386 0.9979 0.0512
vn 0.1270 0.9766 0.1734
vn 0.1582 0.9742 0.1610
vn 0.1711 0.9766 0.1301
vn 0.6007 -0.0495 0.7979
vn 0.5752 -0.2925 0.7639
vn 0.3840 -0.7696 0.5101
vn 0.0238 -0.9980 0.0592
vn 0.0078 -0.9998 0.0193
vn 0.0014 -1.0000 0.0034
vn 0.1311 -0.9768 0.1695
vn 0.1108 -0.9743 0.1960
vn 0.0776 -0.9768 0.1998
vn 0.0013 1.0000 0.0033
vn 0.0077 0.9998 0.0193
vn 0.0240 0.9979 0.0594
vn 0.0779 0.9766 0.2003
vn 0.1112 0.9742 0.1965
vn 0.1315 0.9766 0.1700
vn 0.3738 -0.0496 0.9262
vn 0.3578 -0.2926 0.8868
vn 0.2389 -0.7696 0.5921
vn 0.0078 -0.9980 0.0634
vn 0.0024 -0.9998 0.0206
vn 0.0004 -1.0000 0.0036
vn 0.0828 -0.9768 0.1977
vn 0.0563 -0.9743 0.2180
vn 0.0233 -0.9768 0.2131
vn 0.0004 1.0000 0.0036
vn 0.0025 0.9998 0.0207
vn 0.0078 0.9979 0.0636
vn 0.0234 0.9766 0.2137
vn 0.0565 0.9742 0.2185
vn 0.0831 0.9766 0.1982
vn 0.1213 -0.0496 0.9914
vn 0.1161 -0.2925 0.9492
vn 0.0776 -0.7696 0.6338
vn -0.0089 -0.9980 0.0632
vn -0.0029 -0.9998 0.0206
vn -0.0005 -1.0000 0.0036
vn 0.0288 -0.9768 0.2124
vn -0.0021 -0.9743 0.2251
vn -0.0327 -0.9768 0.2118
vn -0.0005 1.0000 0.0036
vn -0.0029 0.9998 0.0206
vn -0.0090 0.9979 0.0635
vn -0.0328 0.9766 0.2124
vn -0.0020 0.9742 0.2257
vn 0.0289 0.9766 0.2130
vn -0.1395 -0.0496 0.9890
vn -0.1335 -0.2926 0.9469
vn -0.0891 -0.7696 0.6323
vn -0.0249 -0.9980 0.0588
vn -0.0082 -0.9998 0.0191
vn -0.0014 -1.0000 0.0033
vn -0.0271 -0.9768 0.2126
vn -0.0603 -0.9743 0.2169
vn -0.0864 -0.9768 0.1961
vn -0.0014 1.0000 0.0033
vn -0.0082 0.9998 0.0192
vn -0.0250 0.9979 0.0590
vn -0.0867 0.9766 0.1967
vn -0.0603 0.9742 0.2175
vn -0.0272 0.9766 0.2132
vn -0.3906 -0.0495 0.9192
vn -0.3740 -0.2926 0.8801
vn -0.2497 -0.7696 0.5877
vn -0.0393 -0.9980 0.0503
vn -0.0129 -0.9998 0.0164
vn -0.0022 -1.0000 0.0029
vn -0.0813 -0.9768 0.1983
vn -0.1144 -0.9743 0.1939
vn -0.1342 -0.9768 0.1671
vn -0.0022 1.0000 0.0028
vn -0.0129 0.9998 0.0164
vn -0.0394 0.9979 0.0505
vn -0.1346 0.9766 0.1676
vn -0.1146 0.9742 0.1945
vn -0.0815 0.9766 0.1988
vn -0.6152 -0.0496 0.7868
vn -0.5891 -0.2925 0.7532
vn -0.3934 -0.7696 0.5029
vn -0.0510 -0.9980 0.0384
vn -0.0166 -0.9998 0.0125
vn -0.0029 -1.0000 0.0022
vn -0.1298 -0.9768 0.1705
vn -0.1607 -0.9743 0.1577
vn -0.1729 -0.9768 0.1266
vn -0.0029 1.0000 0.0022
vn -0.0166 0.9998 0.0125
vn -0.0512 0.9979 0.0386
vn -0.1734 0.9766 0.1270
vn -0.1610 0.9742 0.1582
vn -0.1302 0.9766 0.1710
vn -0.7979 -0.0495 0.6007
vn -0.7640 -0.2925 0.5751
vn -0.5101 -0.7697 0.3840
vn -0.0591 -0.9980 0.0239
vn -0.0194 -0.9998 0.0078
vn -0.0034 -1.0000 0.0014
vn -0.1695 -0.9768 0.1311
vn -0.1960 -0.9743 0.1108
vn -0.1998 -0.9768 0.0776
vn -0.0033 1.0000 0.0013
vn -0.0193 0.9998 0.0078
vn -0.0594 0.9979 0.0240
vn -0.2004 0.9766 0.0778
vn -0.1965 0.9742 0.1111
vn -0.1700 0.9766 0.1315
vn -0.9262 -0.0496 0.3737
vn -0.8868 -0.2925 0.3578
vn -0.5921 -0.7696 0.2389
vn -0.0633 -0.9980 0.0078
vn -0.0207 -0.9998 0.0025
vn -0.0036 -1.0000 0.0004
vn -0.1977 -0.9768 0.0828
vn -0.2180 -0.9743 0.0563
vn -0.2131 -0.9768 0.0233
vn -0.0036 1.0000 0.0004
vn -0.0207 0.9998 0.0025
vn -0.0636 0.9979 0.0078
vn -0.2137 0.9766 0.0233
vn -0.2185 0.9742 0.0565
vn -0.1982 0.9766 0.0830
vn -0.9914 -0.0496 0.1211
vn -0.9492 -0.2925 0.1162
vn -0.6337 -0.7696 0.0775
vn -0.0632 -0.9980 -0.0089
vn -0.0206 -0.9998 -0.0029
vn -0.0036 -1.0000 -0.0005
vn -0.2124 -0.9768 0.0288
vn -0.2252 -0.9743 -0.0021
vn -0.2119 -0.9768 -0.0327
vn -0.0036 1.0000 -0.0005
vn -0.0206 0.9998 -0.0029
vn -0.0634 0.9979 -0.0090
vn -0.2125 0.9766 -0.0328
vn -0.2257 0.9742 -0.0020
vn -0.2130 0.9766 0.0289
vn -0.9890 -0.0495 -0.1394
vn -0.9469 -0.2926 -0.1334
vn -0.6323 -0.7696 -0.0892
vn -0.0587 -0.9980 -0.0250
vn -0.0192 -0.9998 -0.0081
vn -0.0033 -1.0000 -0.0014
vn -0.2126 -0.9768 -0.0272
vn -0.2169 -0.9743 -0.0603
vn -0.1962 -0.9768 -0.0864
vn -0.0033 1.0000 -0.0014
vn -0.0192 0.9998 -0.0081
vn -0.0590 0.9979 -0.0251
vn -0.1967 0.9766 -0.0866
vn -0.2176 0.9742 -0.0603
vn -0.2132 0.9766 -0.0272
vn -0.9192 -0.0496 -0.3906
vn -0.8801 -0.2926 -0.3739
vn -0.5876 -0.7696 -0.2497
vn -0.0503 -0.9980 -0.0393
vn -0.0163 -0.9998 -0.0128
vn -0.0029 -1.0000 -0.0022
vn -0.1984 -0.9768 -0.0813
vn -0.1940 -0.9743 -0.1143
vn -0.1672 -0.9768 -0.1342
vn -0.0028 1.0000 -0.0022
vn -0.0164 0.9998 -0.0128
vn -0.0505 0.9979 -0.0395
vn -0.1676 0.9766 -0.1346
vn -0.1945 0.9742 -0.1146
vn -0.1990 0.9766 -0.0815
vn -0.7868 -0.0495 -0.6153
vn -0.7533 -0.2926 -0.5890
vn -0.5030 -0.7696 -0.3934
vn -0.1706 -0.9768 -0.1298
vn -0.1578 -0.9743 -0.1606
vn -0.1267 -0.9768 -0.1729
vn -0.1271 0.9766 -0.1734
vn -0.1583 0.9742 -0.1610
vn -0.1711 0.9766 -0.1301
vn -0.6014 -0.0000 -0.7989
vn -0.6015 -0.0000 -0.7989
vn -0.2391 0.7691 -0.5927
vn -0.3578 0.2923 -0.8869
vn -0.3738 0.0495 -0.9262
vn -0.0776 0.7692 -0.6343
vn -0.1161 0.2922 -0.9493
vn -0.1213 0.0495 -0.9914
vn 0.0892 0.7692 -0.6328
vn 0.1335 0.2922 -0.9470
vn 0.1394 0.0495 -0.9890
vn 0.2499 0.7692 -0.5882
vn 0.3741 0.2923 -0.8801
vn 0.3907 0.0495 -0.9192
vn 0.3937 0.7692 -0.5034
vn 0.5891 0.2922 -0.7534
vn 0.6153 0.0495 -0.7868
vn 0.5105 0.7692 -0.3843
vn 0.7640 0.2922 -0.5752
vn 0.7979 0.0496 -0.6007
vn 0.5927 0.7692 -0.2391
vn 0.8868 0.2922 -0.3579
vn 0.9262 0.0495 -0.3737
vn 0.6343 0.7692 -0.0776
vn 0.9493 0.2922 -0.1160
vn 0.9914 0.0495 -0.1214
vn 0.6328 0.7692 0.0892
vn 0.9470 0.2923 0.1334
vn 0.9890 0.0495 0.1395
vn 0.5881 0.7691 0.2500
vn 0.8802 0.2922 0.3740
vn 0.9192 0.0495 0.3907
vn 0.5034 0.7692 0.3937
vn 0.7533 0.2922 0.5891
vn 0.7868 0.0495 0.6153
vn 0.3844 0.7692 0.5105
vn 0.5752 0.2922 0.7640
vn 0.6007 0.0495 0.7979
vn 0.2391 0.7692 0.5926
vn 0.3579 0.2923 0.8869
vn 0.3738 0.0495 0.9262
vn 0.0776 0.7692 0.6343
vn 0.1162 0.2923 0.9493
vn 0.1213 0.0495 0.9914
vn -0.0892 0.7691 0.6328
vn -0.1335 0.2923 0.9470
vn -0.1394 0.0495 0.9890
vn -0.2499 0.7692 0.5881
vn -0.3740 0.2922 0.8802
vn -0.3907 0.0496 0.9192
vn -0.3937 0.7692 0.5033
vn -0.5891 0.2922 0.7534
vn -0.6153 0.0495 0.7868
vn -0.5105 0.7692 0.3843
vn -0.7640 0.2923 0.5752
vn -0.7979 0.0495 0.6008
vn -0.5926 0.7691 0.2392
vn -0.8868 0.2922 0.3579
vn -0.9263 0.0495 0.3736
vn -0.6343 0.7692 0.0776
vn -0.9493 0.2922 0.1160
vn -0.9914 0.0495 0.1212
vn -0.6328 0.7692 -0.0893
vn -0.9470 0.2923 -0.1334
vn -0.9890 0.0495 -0.1396
vn -0.5881 0.7692 -0.2500
vn -0.8802 0.2923 -0.3740
vn -0.9192 0.0495 -0.3906
vn -0.5034 0.7691 -0.3937
vn -0.7533 0.2922 -0.5891
vn -0.7868 0.0495 -0.6153
vn -0.7457 0.0037 -0.6662
vn -0.7006 0.0036 -0.7136
vn -0.6525 0.0037 -0.7578
vn -0.8927 0.0037 -0.4507
vn -0.8613 0.0036 -0.5080
vn -0.8263 0.0037 -0.5632
vn -0.9789 0.0037 -0.2041
vn -0.9635 0.0036 -0.2676
vn -0.9440 0.0037 -0.3301
vn -0.9984 0.0037 0.0562
vn -1.0000 0.0036 -0.0092
vn -0.9972 0.0037 -0.0743
vn -0.9498 0.0037 0.3128
vn -0.9682 0.0036 0.2501
vn -0.9825 0.0037 0.1862
vn -0.8366 0.0037 0.5479
vn -0.8706 0.0036 0.4920
vn -0.9009 0.0037 0.4340
vn -0.6663 0.0037 0.7457
vn -0.7136 0.0036 0.7005
vn -0.7579 0.0037 0.6524
vn -0.4505 0.0037 0.8927
vn -0.5079 0.0036 0.8614
vn -0.5631 0.0037 0.8263
vn -0.2041 0.0037 0.9789
vn -0.2676 0.0036 0.9635
vn -0.3300 0.0037 0.9440
vn 0.0562 0.0037 0.9984
vn -0.0092 0.0036 1.0000
vn -0.0745 0.0037 0.9972
vn 0.3127 0.0037 0.9498
vn 0.2499 0.0036 0.9683
vn 0.1862 0.0037 0.9825
vn 0.5479 0.0037 0.8365
vn 0.4921 0.0036 0.8705
vn 0.4341 0.0037 0.9008
vn 0.7458 0.0037 0.6662
vn 0.7006 0.0036 0.7135
vn 0.6525 0.0037 0.7578
vn 0.8927 0.0037 0.4506
vn 0.8614 0.0036 0.5079
vn 0.8264 0.0037 0.5631
vn 0.9789 0.0037 0.2042
vn 0.9635 0.0036 0.2677
vn 0.9440 0.0037 0.3300
vn 0.9984 0.0037 -0.0561
vn 0.9999 0.0036 0.0093
vn 0.9972 0.0037 0.0745
vn 0.9499 0.0037 -0.3127
vn 0.9682 0.0036 -0.2500
vn 0.9825 0.0037 -0.1862
vn 0.8366 0.0037 -0.5479
vn 0.8706 0.0036 -0.4920
vn 0.9009 0.0037 -0.4340
vn 0.6663 0.0037 -0.7457
vn 0.7135 0.0036 -0.7006
vn 0.7578 0.0037 -0.6525
vn 0.4505 0.0037 -0.8928
vn 0.5079 0.0036 -0.8614
vn 0.5631 0.0037 -0.8264
vn 0.2042 0.0037 -0.9789
vn 0.2677 0.0036 -0.9635
vn 0.3300 0.0037 -0.9440
vn -0.0562 0.0037 -0.9984
vn 0.0091 0.0036 -1.0000
vn 0.0745 0.0036 -0.9972
vn -0.3127 0.0037 -0.9498
vn -0.2500 0.0036 -0.9682
vn -0.1862 0.0037 -0.9825
vn -0.5479 0.0037 -0.8365
vn -0.4921 0.0036 -0.8705
vn -0.4340 0.0036 -0.9009
vn -0.3742 -0.0000 -0.9273
vn -0.3742 -0.0000 -0.9274
vn -0.1215 -0.0000 -0.9926
vn -0.1214 -0.0000 -0.9926
vn 0.1396 -0.0000 -0.9902
vn 0.3911 -0.0000 -0.9204
vn 0.3912 -0.0000 -0.9203
vn 0.3911 -0.0000 -0.9203
vn 0.6160 -0.0000 -0.7877
vn 0.6161 -0.0000 -0.7877
vn 0.6160 -0.0000 -0.7878
vn 0.7989 -0.0000 -0.6014
vn 0.7989 -0.0000 -0.6015
vn 0.9273 -0.0000 -0.3743
vn 0.9273 -0.0000 -0.3742
vn 0.9926 -0.0000 -0.1214
vn 0.9926 -0.0000 -0.1215
vn 0.9902 -0.0000 0.1396
vn 0.9902 -0.0000 0.1395
vn 0.9203 -0.0000 0.3911
vn 0.9204 -0.0000 0.3910
vn 0.7877 -0.0000 0.6160
vn 0.7878 -0.0000 0.6159
vn 0.6015 -0.0000 0.7989
vn 0.6014 -0.0000 0.7989
vn 0.3742 -0.0000 0.9274
vn 0.1214 -0.0000 0.9926
vn 0.1215 -0.0000 0.9926
vn -0.1396 -0.0000 0.9902
vn -0.3911 -0.0000 0.9203
vn -0.3912 -0.0000 0.9203
vn -0.6159 -0.0000 0.7878
vn -0.6160 -0.0000 0.7877
vn -0.7989 -0.0000 0.6015
vn -0.9273 -0.0000 0.3742
vn -0.9273 -0.0000 0.3744
vn -0.9926 -0.0000 0.1216
vn -0.9926 -0.0000 0.1213
vn -0.9902 -0.0000 -0.1396
vn -0.9902 -0.0000 -0.1395
vn -0.9203 -0.0000 -0.3912
vn -0.9204 -0.0000 -0.3910
vn -0.9203 -0.0000 -0.3913
vn -0.7877 -0.0000 -0.6160
vn -0.7877 -0.0000 -0.6161
vn -0.7878 -0.0000 -0.6159
vn -0.3840 -0.7697 -0.5100
vn -0.5751 -0.2926 -0.7640
vn -0.6007 -0.0496 -0.7979
vn -0.5480 -0.0037 -0.8365
vn -0.4921 -0.0036 -0.8705
vn -0.4341 -0.0037 -0.9008
vn -0.3127 -0.0037 -0.9498
vn -0.2500 -0.0036 -0.9683
vn -0.1861 -0.0037 -0.9825
vn -0.0562 -0.0037 -0.9984
vn 0.0092 -0.0036 -1.0000
vn 0.0745 -0.0037 -0.9972
vn 0.2041 -0.0036 -0.9789
vn 0.2677 -0.0036 -0.9635
vn 0.3300 -0.0037 -0.9440
vn 0.4506 -0.0036 -0.8927
vn 0.5079 -0.0036 -0.8614
vn 0.5632 -0.0036 -0.8263
vn 0.6662 -0.0037 -0.7457
vn 0.7135 -0.0036 -0.7007
vn 0.7578 -0.0037 -0.6525
vn 0.8366 -0.0037 -0.5479
vn 0.8706 -0.0036 -0.4920
vn 0.9008 -0.0037 -0.4342
vn 0.9498 -0.0037 -0.3127
vn 0.9682 -0.0036 -0.2500
vn 0.9825 -0.0037 -0.1862
vn 0.9984 -0.0037 -0.0562
vn 1.0000 -0.0036 0.0091
vn 0.9972 -0.0037 0.0743
vn 0.9789 -0.0037 0.2042
vn 0.9635 -0.0036 0.2677
vn 0.9440 -0.0037 0.3300
vn 0.8927 -0.0037 0.4506
vn 0.8614 -0.0036 0.5080
vn 0.8263 -0.0037 0.5632
vn 0.7457 -0.0037 0.6663
vn 0.7006 -0.0036 0.7135
vn 0.6525 -0.0037 0.7578
vn 0.5479 -0.0037 0.8365
vn 0.4920 -0.0036 0.8706
vn 0.4341 -0.0037 0.9009
vn 0.3127 -0.0037 0.9498
vn 0.2500 -0.0036 0.9682
vn 0.1862 -0.0036 0.9825
vn 0.0562 -0.0037 0.9984
vn -0.0091 -0.0036 1.0000
vn -0.0744 -0.0036 0.9972
vn -0.2041 -0.0037 0.9789
vn -0.2676 -0.0036 0.9635
vn -0.3300 -0.0037 0.9440
vn -0.4506 -0.0037 0.8927
vn -0.5080 -0.0036 0.8614
vn -0.5631 -0.0037 0.8264
vn -0.6662 -0.0037 0.7457
vn -0.7135 -0.0036 0.7006
vn -0.7578 -0.0037 0.6524
vn -0.8365 -0.0037 0.5479
vn -0.8705 -0.0036 0.4921
vn -0.9008 -0.0037 0.4341
vn -0.9498 -0.0037 0.3128
vn -0.9682 -0.0036 0.2501
vn -0.9825 -0.0037 0.1861
vn -0.9984 -0.0037 0.0561
vn -1.0000 -0.0036 -0.0091
vn -0.9972 -0.0037 -0.0742
vn -0.9789 -0.0037 -0.2043
vn -0.9635 -0.0036 -0.2678
vn -0.9439 -0.0037 -0.3301
vn -0.8928 -0.0036 -0.4505
vn -0.8613 -0.0036 -0.5081
vn -0.8264 -0.0037 -0.5631
vn -0.7457 -0.0037 -0.6663
vn -0.7006 -0.0036 -0.7135
vn -0.6524 -0.0036 -0.7579
vn -0.0175 -0.9994 -0.0309
vn -0.0045 -1.0000 -0.0079
vn -0.0210 -0.9997 -0.0158
vn -0.0511 -0.9974 -0.0503
vn -0.0384 -0.9970 -0.0679
vn -0.0167 -0.9974 -0.0697
vn -0.0028 -0.9997 -0.0262
vn -0.0176 0.9994 -0.0312
vn -0.0045 1.0000 -0.0079
vn -0.0025 0.9996 -0.0264
vn -0.0169 0.9974 -0.0699
vn -0.0385 0.9969 -0.0682
vn -0.0511 0.9974 -0.0506
vn -0.0213 0.9996 -0.0159
vn -0.5485 0.0484 -0.8347
vn -0.5336 0.2856 -0.7960
vn -0.3731 0.7594 -0.5330
vn -0.4915 0.0473 -0.8696
vn -0.4726 0.2789 -0.8360
vn -0.3257 0.7495 -0.5763
vn -0.4322 0.0484 -0.9005
vn -0.4067 0.2856 -0.8678
vn -0.2641 0.7594 -0.5946
vn -0.0088 -0.9994 -0.0344
vn -0.0023 -1.0000 -0.0088
vn -0.0162 -0.9997 -0.0207
vn -0.0364 -0.9974 -0.0618
vn -0.0195 -0.9969 -0.0756
vn 0.0018 -0.9974 -0.0716
vn 0.0042 -0.9997 -0.0260
vn -0.0089 0.9994 -0.0347
vn -0.0022 1.0000 -0.0088
vn 0.0044 0.9996 -0.0262
vn 0.0018 0.9974 -0.0719
vn -0.0195 0.9969 -0.0758
vn -0.0363 0.9974 -0.0621
vn -0.0164 0.9996 -0.0208
vn -0.3139 0.0484 -0.9482
vn -0.3095 0.2856 -0.9070
vn -0.2225 0.7594 -0.6114
vn -0.2497 0.0472 -0.9672
vn -0.2400 0.2789 -0.9298
vn -0.1655 0.7495 -0.6410
vn -0.1844 0.0484 -0.9817
vn -0.1682 0.2856 -0.9435
vn -0.1013 0.7594 -0.6427
vn 0.0003 -0.9994 -0.0355
vn 0.0001 -1.0000 -0.0091
vn -0.0103 -0.9997 -0.0242
vn -0.0190 -0.9974 -0.0691
vn 0.0007 -0.9969 -0.0780
vn 0.0204 -0.9974 -0.0687
vn 0.0108 -0.9997 -0.0240
vn 0.0003 0.9994 -0.0358
vn -0.0000 1.0000 -0.0091
vn 0.0110 0.9996 -0.0242
vn 0.0202 0.9974 -0.0690
vn 0.0007 0.9969 -0.0783
vn -0.0190 0.9974 -0.0694
vn -0.0105 0.9996 -0.0244
vn -0.0577 0.0484 -0.9972
vn -0.0642 0.2856 -0.9562
vn -0.0566 0.7594 -0.6481
vn 0.0091 0.0473 -0.9988
vn 0.0088 0.2789 -0.9603
vn 0.0061 0.7495 -0.6620
vn 0.0760 0.0484 -0.9959
vn 0.0817 0.2856 -0.9549
vn 0.0685 0.7594 -0.6470
vn 0.0095 -0.9994 -0.0342
vn 0.0024 -1.0000 -0.0088
vn -0.0037 -0.9997 -0.0261
vn -0.0006 -0.9974 -0.0717
vn 0.0208 -0.9970 -0.0752
vn 0.0373 -0.9974 -0.0611
vn 0.0165 -0.9997 -0.0204
vn 0.0097 0.9994 -0.0345
vn 0.0025 1.0000 -0.0088
vn 0.0168 0.9996 -0.0205
vn 0.0374 0.9974 -0.0614
vn 0.0209 0.9969 -0.0755
vn -0.0004 0.9974 -0.0719
vn -0.0038 0.9996 -0.0263
vn 0.2023 0.0484 -0.9781
vn 0.1855 0.2856 -0.9402
vn 0.1131 0.7594 -0.6407
vn 0.2673 0.0472 -0.9624
vn 0.2570 0.2789 -0.9253
vn 0.1771 0.7495 -0.6378
vn 0.3311 0.0484 -0.9423
vn 0.3260 0.2856 -0.9012
vn 0.2336 0.7594 -0.6072
vn 0.0180 -0.9994 -0.0306
vn 0.0047 -1.0000 -0.0079
vn 0.0033 -0.9997 -0.0261
vn 0.0180 -0.9974 -0.0693
vn 0.0396 -0.9970 -0.0672
vn 0.0520 -0.9974 -0.0494
vn 0.0213 -0.9997 -0.0154
vn 0.0182 0.9994 -0.0308
vn 0.0047 1.0000 -0.0078
vn 0.0216 0.9996 -0.0155
vn 0.0520 0.9974 -0.0496
vn 0.0398 0.9969 -0.0675
vn 0.0182 0.9974 -0.0696
vn 0.0031 0.9996 -0.0263
vn 0.4486 0.0484 -0.8924
vn 0.4226 0.2856 -0.8602
vn 0.2750 0.7594 -0.5896
vn 0.5073 0.0472 -0.8605
vn 0.4878 0.2789 -0.8272
vn 0.3362 0.7495 -0.5702
vn 0.5637 0.0484 -0.8246
vn 0.5481 0.2856 -0.7861
vn 0.3828 0.7594 -0.5261
vn 0.0253 -0.9994 -0.0249
vn 0.0065 -1.0000 -0.0064
vn 0.0100 -0.9997 -0.0244
vn 0.0353 -0.9974 -0.0623
vn 0.0556 -0.9970 -0.0547
vn 0.0628 -0.9974 -0.0343
vn 0.0246 -0.9997 -0.0094
vn 0.0255 0.9994 -0.0251
vn 0.0065 1.0000 -0.0064
vn 0.0248 0.9996 -0.0094
vn 0.0631 0.9974 -0.0344
vn 0.0559 0.9969 -0.0549
vn 0.0356 0.9974 -0.0625
vn 0.0098 0.9996 -0.0246
vn 0.6643 0.0484 -0.7459
vn 0.6308 0.2856 -0.7215
vn 0.4183 0.7594 -0.4983
vn 0.7128 0.0472 -0.6998
vn 0.6852 0.2789 -0.6728
vn 0.4723 0.7495 -0.4638
vn 0.7579 0.0484 -0.6505
vn 0.7330 0.2856 -0.6174
vn 0.5059 0.7594 -0.4091
vn 0.0309 -0.9994 -0.0175
vn 0.0079 -1.0000 -0.0045
vn 0.0159 -0.9997 -0.0211
vn 0.0503 -0.9974 -0.0510
vn 0.0679 -0.9970 -0.0384
vn 0.0697 -0.9974 -0.0168
vn 0.0262 -0.9997 -0.0027
vn 0.0311 0.9994 -0.0176
vn 0.0080 1.0000 -0.0045
vn 0.0264 0.9996 -0.0026
vn 0.0699 0.9974 -0.0169
vn 0.0682 0.9969 -0.0386
vn 0.0507 0.9974 -0.0512
vn 0.0159 0.9996 -0.0213
vn 0.8347 0.0484 -0.5486
vn 0.7960 0.2855 -0.5337
vn 0.5330 0.7594 -0.3731
vn 0.8696 0.0472 -0.4915
vn 0.8360 0.2789 -0.4726
vn 0.5763 0.7495 -0.3257
vn 0.9005 0.0484 -0.4321
vn 0.8678 0.2856 -0.4067
vn 0.5946 0.7594 -0.2641
vn 0.0344 -0.9994 -0.0089
vn 0.0088 -1.0000 -0.0023
vn 0.0208 -0.9997 -0.0163
vn 0.0618 -0.9974 -0.0362
vn 0.0756 -0.9970 -0.0195
vn 0.0716 -0.9974 0.0018
vn 0.0260 -0.9997 0.0042
vn 0.0346 0.9994 -0.0089
vn 0.0089 1.0000 -0.0023
vn 0.0262 0.9996 0.0043
vn 0.0719 0.9974 0.0018
vn 0.0759 0.9969 -0.0196
vn 0.0622 0.9974 -0.0363
vn 0.0208 0.9996 -0.0164
vn 0.9482 0.0484 -0.3140
vn 0.9070 0.2856 -0.3095
vn 0.6114 0.7594 -0.2226
vn 0.9671 0.0472 -0.2498
vn 0.9298 0.2789 -0.2401
vn 0.6409 0.7495 -0.1655
vn 0.9817 0.0484 -0.1844
vn 0.9435 0.2856 -0.1681
vn 0.6427 0.7594 -0.1013
vn 0.0355 -0.9994 0.0003
vn 0.0091 -1.0000 0.0001
vn 0.0243 -0.9997 -0.0103
vn 0.0690 -0.9974 -0.0190
vn 0.0780 -0.9970 0.0007
vn 0.0687 -0.9974 0.0203
vn 0.0241 -0.9997 0.0108
vn 0.0358 0.9994 0.0003
vn 0.0091 1.0000 0.0001
vn 0.0242 0.9996 0.0109
vn 0.0689 0.9974 0.0203
vn 0.0783 0.9969 0.0007
vn 0.0693 0.9974 -0.0190
vn 0.0243 0.9996 -0.0105
vn 0.9972 0.0484 -0.0578
vn 0.9562 0.2856 -0.0642
vn 0.6481 0.7594 -0.0567
vn 0.9988 0.0472 0.0091
vn 0.9603 0.2789 0.0087
vn 0.6619 0.7495 0.0061
vn 0.9959 0.0484 0.0759
vn 0.9549 0.2856 0.0816
vn 0.6470 0.7594 0.0686
vn 0.0342 -0.9994 0.0095
vn 0.0087 -1.0000 0.0024
vn 0.0261 -0.9997 -0.0037
vn 0.0717 -0.9974 -0.0005
vn 0.0752 -0.9969 0.0209
vn 0.0611 -0.9974 0.0374
vn 0.0204 -0.9997 0.0166
vn 0.0345 0.9994 0.0096
vn 0.0088 1.0000 0.0024
vn 0.0205 0.9996 0.0168
vn 0.0613 0.9974 0.0375
vn 0.0755 0.9969 0.0209
vn 0.0719 0.9974 -0.0004
vn 0.0262 0.9996 -0.0038
vn 0.9781 0.0484 0.2024
vn 0.9402 0.2856 0.1856
vn 0.6407 0.7594 0.1130
vn 0.9625 0.0472 0.2673
vn 0.9253 0.2789 0.2571
vn 0.6377 0.7496 0.1772
vn 0.9423 0.0484 0.3312
vn 0.9012 0.2856 0.3260
vn 0.6072 0.7594 0.2336
vn 0.0306 -0.9994 0.0180
vn 0.0078 -1.0000 0.0046
vn 0.0262 -0.9997 0.0032
vn 0.0693 -0.9974 0.0181
vn 0.0672 -0.9970 0.0396
vn 0.0494 -0.9974 0.0519
vn 0.0155 -0.9997 0.0213
vn 0.0308 0.9994 0.0182
vn 0.0078 1.0000 0.0046
vn 0.0155 0.9996 0.0216
vn 0.0495 0.9974 0.0521
vn 0.0675 0.9969 0.0398
vn 0.0696 0.9974 0.0182
vn 0.0263 0.9996 0.0031
vn 0.8924 0.0484 0.4487
vn 0.8601 0.2856 0.4226
vn 0.5896 0.7594 0.2750
vn 0.8605 0.0472 0.5072
vn 0.8272 0.2789 0.4878
vn 0.5702 0.7496 0.3362
vn 0.8246 0.0484 0.5637
vn 0.7861 0.2856 0.5482
vn 0.5260 0.7594 0.3828
vn 0.0248 -0.9994 0.0253
vn 0.0064 -1.0000 0.0065
vn 0.0244 -0.9997 0.0098
vn 0.0624 -0.9974 0.0354
vn 0.0547 -0.9970 0.0557
vn 0.0341 -0.9974 0.0630
vn 0.0094 -0.9997 0.0246
vn 0.0251 0.9994 0.0255
vn 0.0064 1.0000 0.0065
vn 0.0093 0.9996 0.0248
vn 0.0344 0.9974 0.0632
vn 0.0549 0.9969 0.0559
vn 0.0624 0.9974 0.0356
vn 0.0246 0.9996 0.0098
vn 0.7459 0.0484 0.6643
vn 0.7216 0.2856 0.6307
vn 0.4984 0.7594 0.4183
vn 0.6998 0.0472 0.7128
vn 0.6728 0.2790 0.6853
vn 0.4638 0.7495 0.4724
vn 0.6505 0.0484 0.7579
vn 0.6174 0.2856 0.7330
vn 0.4091 0.7594 0.5059
vn 0.0175 -0.9994 0.0309
vn 0.0045 -1.0000 0.0079
vn 0.0210 -0.9997 0.0158
vn 0.0511 -0.9974 0.0503
vn 0.0384 -0.9969 0.0680
vn 0.0167 -0.9974 0.0697
vn 0.0027 -0.9997 0.0262
vn 0.0176 0.9994 0.0312
vn 0.0045 1.0000 0.0079
vn 0.0025 0.9996 0.0264
vn 0.0169 0.9974 0.0699
vn 0.0385 0.9969 0.0682
vn 0.0511 0.9974 0.0506
vn 0.0212 0.9996 0.0159
vn 0.5486 0.0484 0.8347
vn 0.5337 0.2856 0.7960
vn 0.3731 0.7594 0.5330
vn 0.4915 0.0472 0.8696
vn 0.4725 0.2789 0.8360
vn 0.3256 0.7495 0.5764
vn 0.4322 0.0484 0.9005
vn 0.4067 0.2856 0.8678
vn 0.2641 0.7594 0.5946
vn 0.0089 -0.9994 0.0344
vn 0.0023 -1.0000 0.0088
vn 0.0162 -0.9997 0.0207
vn 0.0363 -0.9974 0.0618
vn 0.0195 -0.9970 0.0756
vn -0.0018 -0.9974 0.0716
vn -0.0042 -0.9997 0.0260
vn 0.0088 0.9994 0.0347
vn 0.0022 1.0000 0.0088
vn -0.0044 0.9996 0.0262
vn -0.0018 0.9974 0.0719
vn 0.0196 0.9969 0.0758
vn 0.0363 0.9974 0.0621
vn 0.0164 0.9996 0.0208
vn 0.3139 0.0484 0.9482
vn 0.3094 0.2856 0.9070
vn 0.2224 0.7594 0.6114
vn 0.2497 0.0472 0.9672
vn 0.2400 0.2789 0.9298
vn 0.1654 0.7495 0.6410
vn 0.1844 0.0484 0.9817
vn 0.1683 0.2856 0.9435
vn 0.1013 0.7594 0.6427
vn -0.0004 -0.9994 0.0355
vn -0.0001 -1.0000 0.0091
vn 0.0102 -0.9997 0.0242
vn 0.0190 -0.9974 0.0691
vn -0.0007 -0.9970 0.0780
vn -0.0203 -0.9974 0.0687
vn -0.0107 -0.9997 0.0240
vn -0.0004 0.9994 0.0358
vn -0.0001 1.0000 0.0091
vn -0.0110 0.9996 0.0242
vn -0.0202 0.9974 0.0690
vn -0.0007 0.9969 0.0783
vn 0.0190 0.9974 0.0694
vn 0.0105 0.9996 0.0244
vn 0.0577 0.0484 0.9972
vn 0.0642 0.2856 0.9562
vn 0.0566 0.7594 0.6481
vn -0.0091 0.0472 0.9988
vn -0.0088 0.2789 0.9603
vn -0.0061 0.7495 0.6620
vn -0.0760 0.0484 0.9959
vn -0.0817 0.2856 0.9549
vn -0.0685 0.7594 0.6470
vn -0.0096 -0.9994 0.0342
vn -0.0024 -1.0000 0.0088
vn 0.0037 -0.9997 0.0261
vn 0.0006 -0.9974 0.0717
vn -0.0208 -0.9970 0.0752
vn -0.0374 -0.9974 0.0612
vn -0.0165 -0.9997 0.0204
vn -0.0095 0.9994 0.0345
vn -0.0024 1.0000 0.0088
vn -0.0169 0.9996 0.0205
vn -0.0375 0.9974 0.0614
vn -0.0211 0.9969 0.0755
vn 0.0003 0.9974 0.0719
vn 0.0039 0.9996 0.0263
vn -0.2024 0.0484 0.9781
vn -0.1855 0.2856 0.9402
vn -0.1131 0.7594 0.6407
vn -0.2674 0.0472 0.9624
vn -0.2570 0.2789 0.9253
vn -0.1772 0.7495 0.6378
vn -0.3311 0.0484 0.9424
vn -0.3260 0.2856 0.9012
vn -0.2337 0.7594 0.6072
vn -0.0181 -0.9994 0.0306
vn -0.0047 -1.0000 0.0079
vn -0.0033 -0.9997 0.0262
vn -0.0180 -0.9974 0.0693
vn -0.0396 -0.9969 0.0672
vn -0.0519 -0.9974 0.0494
vn -0.0213 -0.9997 0.0154
vn -0.0182 0.9994 0.0308
vn -0.0047 1.0000 0.0078
vn -0.0216 0.9996 0.0155
vn -0.0520 0.9974 0.0496
vn -0.0398 0.9969 0.0675
vn -0.0182 0.9974 0.0696
vn -0.0031 0.9996 0.0263
vn -0.4486 0.0484 0.8924
vn -0.4226 0.2856 0.8602
vn -0.2750 0.7594 0.5896
vn -0.5073 0.0472 0.8605
vn -0.4878 0.2789 0.8272
vn -0.3362 0.7495 0.5702
vn -0.5637 0.0484 0.8246
vn -0.5482 0.2856 0.7861
vn -0.3829 0.7594 0.5261
vn -0.0254 -0.9994 0.0249
vn -0.0065 -1.0000 0.0064
vn -0.0099 -0.9997 0.0244
vn -0.0353 -0.9974 0.0623
vn -0.0557 -0.9969 0.0547
vn -0.0630 -0.9974 0.0343
vn -0.0246 -0.9997 0.0094
vn -0.0255 0.9994 0.0251
vn -0.0066 1.0000 0.0064
vn -0.0248 0.9996 0.0094
vn -0.0631 0.9974 0.0344
vn -0.0559 0.9969 0.0549
vn -0.0356 0.9974 0.0625
vn -0.0098 0.9996 0.0246
vn -0.6643 0.0484 0.7459
vn -0.6307 0.2855 0.7216
vn -0.4183 0.7594 0.4983
vn -0.7128 0.0472 0.6998
vn -0.6852 0.2789 0.6728
vn -0.4723 0.7496 0.4638
vn -0.7579 0.0484 0.6506
vn -0.7329 0.2856 0.6175
vn -0.5060 0.7594 0.4090
vn -0.0309 -0.9994 0.0175
vn -0.0079 -1.0000 0.0045
vn -0.0159 -0.9997 0.0211
vn -0.0503 -0.9974 0.0510
vn -0.0680 -0.9969 0.0384
vn -0.0696 -0.9974 0.0168
vn -0.0262 -0.9997 0.0027
vn -0.0311 0.9994 0.0176
vn -0.0080 1.0000 0.0045
vn -0.0264 0.9996 0.0026
vn -0.0699 0.9974 0.0169
vn -0.0682 0.9969 0.0386
vn -0.0506 0.9974 0.0512
vn -0.0158 0.9996 0.0213
vn -0.8347 0.0484 0.5485
vn -0.7960 0.2856 0.5337
vn -0.5330 0.7594 0.3732
vn -0.8696 0.0472 0.4916
vn -0.8360 0.2789 0.4726
vn -0.5763 0.7495 0.3258
vn -0.9005 0.0484 0.4321
vn -0.8678 0.2856 0.4066
vn -0.5946 0.7594 0.2641
vn -0.0344 -0.9994 0.0089
vn -0.0088 -1.0000 0.0023
vn -0.0208 -0.9997 0.0162
vn -0.0618 -0.9974 0.0363
vn -0.0755 -0.9970 0.0195
vn -0.0716 -0.9974 -0.0018
vn -0.0260 -0.9997 -0.0042
vn -0.0347 0.9994 0.0089
vn -0.0088 1.0000 0.0023
vn -0.0262 0.9996 -0.0043
vn -0.0718 0.9974 -0.0018
vn -0.0758 0.9969 0.0196
vn -0.0621 0.9974 0.0364
vn -0.0208 0.9996 0.0164
vn -0.9482 0.0484 0.3138
vn -0.9070 0.2856 0.3095
vn -0.6114 0.7594 0.2226
vn -0.9672 0.0472 0.2498
vn -0.9298 0.2789 0.2400
vn -0.6409 0.7495 0.1655
vn -0.9817 0.0484 0.1844
vn -0.9435 0.2856 0.1681
vn -0.6426 0.7594 0.1013
vn -0.0354 -0.9994 -0.0003
vn -0.0091 -1.0000 -0.0001
vn -0.0243 -0.9997 0.0103
vn -0.0690 -0.9974 0.0190
vn -0.0780 -0.9970 -0.0007
vn -0.0687 -0.9974 -0.0203
vn -0.0241 -0.9997 -0.0107
vn -0.0358 0.9994 -0.0003
vn -0.0092 1.0000 -0.0001
vn -0.0241 0.9996 -0.0109
vn -0.0690 0.9974 -0.0203
vn -0.0783 0.9969 -0.0007
vn -0.0694 0.9974 0.0191
vn -0.0244 0.9996 0.0105
vn -0.9972 0.0484 0.0577
vn -0.9562 0.2856 0.0641
vn -0.6481 0.7594 0.0568
vn -0.9988 0.0472 -0.0091
vn -0.9603 0.2789 -0.0088
vn -0.6619 0.7495 -0.0060
vn -0.9959 0.0484 -0.0760
vn -0.9549 0.2856 -0.0816
vn -0.6470 0.7594 -0.0685
vn -0.0342 -0.9994 -0.0095
vn -0.0088 -1.0000 -0.0024
vn -0.0261 -0.9997 0.0037
vn -0.0717 -0.9974 0.0005
vn -0.0752 -0.9969 -0.0209
vn -0.0611 -0.9974 -0.0374
vn -0.0205 -0.9997 -0.0166
vn -0.0345 0.9994 -0.0096
vn -0.0088 1.0000 -0.0024
vn -0.0205 0.9996 -0.0168
vn -0.0613 0.9974 -0.0375
vn -0.0754 0.9969 -0.0210
vn -0.0719 0.9974 0.0004
vn -0.0263 0.9996 0.0038
vn -0.9781 0.0484 -0.2025
vn -0.9402 0.2856 -0.1855
vn -0.6407 0.7595 -0.1130
vn -0.9624 0.0472 -0.2673
vn -0.9253 0.2789 -0.2571
vn -0.6378 0.7496 -0.1772
vn -0.9424 0.0484 -0.3310
vn -0.9012 0.2856 -0.3259
vn -0.6072 0.7594 -0.2337
vn -0.0306 -0.9994 -0.0181
vn -0.0078 -1.0000 -0.0046
vn -0.0262 -0.9997 -0.0032
vn -0.0693 -0.9974 -0.0181
vn -0.0672 -0.9970 -0.0396
vn -0.0493 -0.9974 -0.0519
vn -0.0155 -0.9997 -0.0213
vn -0.0308 0.9994 -0.0182
vn -0.0078 1.0000 -0.0046
vn -0.0154 0.9996 -0.0216
vn -0.0496 0.9974 -0.0521
vn -0.0674 0.9969 -0.0398
vn -0.0695 0.9974 -0.0182
vn -0.0264 0.9996 -0.0031
vn -0.8924 0.0484 -0.4486
vn -0.8601 0.2856 -0.4227
vn -0.5897 0.7594 -0.2749
vn -0.8606 0.0473 -0.5071
vn -0.8272 0.2789 -0.4878
vn -0.5702 0.7496 -0.3362
vn -0.8246 0.0484 -0.5637
vn -0.7861 0.2856 -0.5482
vn -0.5261 0.7594 -0.3828
vn -0.0249 -0.9994 -0.0254
vn -0.0064 -1.0000 -0.0065
vn -0.0244 -0.9997 -0.0099
vn -0.0623 -0.9974 -0.0354
vn -0.0547 -0.9970 -0.0557
vn -0.0341 -0.9974 -0.0629
vn -0.0095 -0.9997 -0.0246
vn -0.0250 0.9994 -0.0255
vn -0.0064 1.0000 -0.0065
vn -0.0093 0.9996 -0.0248
vn -0.0344 0.9974 -0.0632
vn -0.0548 0.9969 -0.0559
vn -0.0624 0.9974 -0.0356
vn -0.0246 0.9996 -0.0098
vn -0.7459 0.0484 -0.6643
vn -0.7215 0.2856 -0.6308
vn -0.4984 0.7594 -0.4183
vn -0.6999 0.0472 -0.7127
vn -0.6728 0.2789 -0.6853
vn -0.4638 0.7495 -0.4724
vn -0.6506 0.0484 -0.7579
vn -0.6175 0.2856 -0.7329
vn -0.4091 0.7594 -0.5059
vn -0.7458 -0.0000 -0.6662
vn -0.7457 -0.0000 -0.6663
vn -0.7006 -0.0000 -0.7136
vn -0.7006 -0.0000 -0.7135
vn -0.6525 -0.0000 -0.7578
vn -0.8927 -0.0000 -0.4507
vn -0.8928 -0.0000 -0.4505
vn -0.8927 -0.0000 -0.4506
vn -0.8614 -0.0000 -0.5079
vn -0.8265 -0.0000 -0.5630
vn -0.8264 -0.0000 -0.5631
vn -0.8264 -0.0000 -0.5630
vn -0.9790 -0.0000 -0.2041
vn -0.9789 -0.0000 -0.2042
vn -0.9789 -0.0000 -0.2043
vn -0.9635 -0.0000 -0.2677
vn -0.9635 -0.0000 -0.2676
vn -0.9635 -0.0000 -0.2678
vn -0.9440 -0.0000 -0.3301
vn -0.9440 -0.0000 -0.3299
vn -0.9439 -0.0000 -0.3301
vn -0.9984 -0.0000 0.0562
vn -0.9984 -0.0000 0.0561
vn -1.0000 -0.0000 -0.0093
vn -1.0000 -0.0000 -0.0092
vn -0.9972 -0.0000 -0.0746
vn -0.9972 -0.0000 -0.0744
vn -0.9972 -0.0000 -0.0743
vn -0.9499 -0.0000 0.3127
vn -0.9499 -0.0000 0.3126
vn -0.9683 -0.0000 0.2498
vn -0.9682 -0.0000 0.2500
vn -0.9683 -0.0000 0.2499
vn -0.9825 -0.0000 0.1863
vn -0.9825 -0.0000 0.1862
vn -0.8365 -0.0000 0.5479
vn -0.8366 -0.0000 0.5479
vn -0.8705 -0.0000 0.4921
vn -0.8706 -0.0000 0.4920
vn -0.8706 -0.0000 0.4921
vn -0.9008 -0.0000 0.4342
vn -0.9009 -0.0000 0.4340
vn -0.9009 -0.0000 0.4341
vn -0.6663 -0.0000 0.7457
vn -0.6664 -0.0000 0.7456
vn -0.6661 -0.0000 0.7458
vn -0.7134 -0.0000 0.7007
vn -0.7136 -0.0000 0.7005
vn -0.7135 -0.0000 0.7007
vn -0.7577 -0.0000 0.6526
vn -0.7578 -0.0000 0.6525
vn -0.4506 -0.0000 0.8927
vn -0.4505 -0.0000 0.8928
vn -0.5080 -0.0000 0.8614
vn -0.5079 -0.0000 0.8614
vn -0.5631 -0.0000 0.8264
vn -0.5630 -0.0000 0.8264
vn -0.2042 -0.0000 0.9789
vn -0.2041 -0.0000 0.9789
vn -0.2676 -0.0000 0.9635
vn -0.2677 -0.0000 0.9635
vn -0.3300 -0.0000 0.9440
vn 0.0562 -0.0000 0.9984
vn -0.0091 -0.0000 1.0000
vn -0.0092 -0.0000 1.0000
vn -0.0744 -0.0000 0.9972
vn 0.3126 -0.0000 0.9499
vn 0.3127 -0.0000 0.9499
vn 0.2500 -0.0000 0.9683
vn 0.1862 -0.0000 0.9825
vn 0.5479 -0.0000 0.8366
vn 0.5477 -0.0000 0.8367
vn 0.4920 -0.0000 0.8706
vn 0.4342 -0.0000 0.9008
vn 0.4341 -0.0000 0.9009
vn 0.7457 -0.0000 0.6663
vn 0.7457 -0.0000 0.6662
vn 0.7006 -0.0000 0.7135
vn 0.7006 -0.0000 0.7136
vn 0.6525 -0.0000 0.7578
vn 0.8928 -0.0000 0.4505
vn 0.8927 -0.0000 0.4506
vn 0.8614 -0.0000 0.5080
vn 0.8614 -0.0000 0.5079
vn 0.8264 -0.0000 0.5631
vn 0.8265 -0.0000 0.5630
vn 0.9789 -0.0000 0.2042
vn 0.9789 -0.0000 0.2041
vn 0.9635 -0.0000 0.2677
vn 0.9635 -0.0000 0.2676
vn 0.9440 -0.0000 0.3300
vn 0.9440 -0.0000 0.3301
vn 0.9984 -0.0000 -0.0561
vn 0.9984 -0.0000 -0.0562
vn 1.0000 -0.0000 0.0091
vn 1.0000 -0.0000 0.0093
vn 1.0000 -0.0000 0.0092
vn 0.9972 -0.0000 0.0744
vn 0.9499 -0.0000 -0.3127
vn 0.9499 -0.0000 -0.3126
vn 0.9683 -0.0000 -0.2500
vn 0.9682 -0.0000 -0.2500
vn 0.9683 -0.0000 -0.2498
vn 0.9825 -0.0000 -0.1862
vn 0.9825 -0.0000 -0.1863
vn 0.8366 -0.0000 -0.5478
vn 0.8365 -0.0000 -0.5479
vn 0.8706 -0.0000 -0.4920
vn 0.8705 -0.0000 -0.4921
vn 0.8706 -0.0000 -0.4921
vn 0.9009 -0.0000 -0.4340
vn 0.9008 -0.0000 -0.4342
vn 0.6663 -0.0000 -0.7457
vn 0.7135 -0.0000 -0.7006
vn 0.7136 -0.0000 -0.7006
vn 0.7135 -0.0000 -0.7007
vn 0.7578 -0.0000 -0.6525
vn 0.4505 -0.0000 -0.8928
vn 0.4506 -0.0000 -0.8927
vn 0.5079 -0.0000 -0.8614
vn 0.5080 -0.0000 -0.8614
vn 0.5630 -0.0000 -0.8264
vn 0.5631 -0.0000 -0.8264
vn 0.2042 -0.0000 -0.9789
vn 0.2676 -0.0000 -0.9635
vn 0.2677 -0.0000 -0.9635
vn 0.3300 -0.0000 -0.9440
vn -0.0562 -0.0000 -0.9984
vn 0.0092 -0.0000 -1.0000
vn 0.0091 -0.0000 -1.0000
vn 0.0744 -0.0000 -0.9972
vn -0.3127 -0.0000 -0.9499
vn -0.2499 -0.0000 -0.9683
vn -0.2500 -0.0000 -0.9682
vn -0.2500 -0.0000 -0.9683
vn -0.1862 -0.0000 -0.9825
vn -0.5478 -0.0000 -0.8366
vn -0.5479 -0.0000 -0.8365
vn -0.4920 -0.0000 -0.8706
vn -0.4921 -0.0000 -0.8705
vn -0.4921 -0.0000 -0.8706
vn -0.4342 -0.0000 -0.9008
vn -0.4341 -0.0000 -0.9009
vn -0.3728 -0.7599 -0.5325
vn -0.5336 -0.2859 -0.7960
vn -0.5485 -0.0484 -0.8347
vn -0.3255 -0.7500 -0.5758
vn -0.4725 -0.2792 -0.8359
vn -0.4915 -0.0472 -0.8696
vn -0.2639 -0.7599 -0.5941
vn -0.4066 -0.2859 -0.8677
vn -0.4322 -0.0484 -0.9005
vn -0.2223 -0.7599 -0.6109
vn -0.3094 -0.2859 -0.9069
vn -0.3139 -0.0484 -0.9482
vn -0.1654 -0.7500 -0.6404
vn -0.2400 -0.2792 -0.9298
vn -0.2497 -0.0472 -0.9672
vn -0.1012 -0.7599 -0.6421
vn -0.1682 -0.2859 -0.9434
vn -0.1844 -0.0484 -0.9817
vn -0.0566 -0.7598 -0.6476
vn -0.0641 -0.2859 -0.9561
vn -0.0577 -0.0484 -0.9972
vn 0.0060 -0.7500 -0.6614
vn 0.0093 -0.2786 -0.9604
vn 0.0096 -0.0479 -0.9988
vn 0.0685 -0.7599 -0.6465
vn 0.0811 -0.2853 -0.9550
vn 0.0754 -0.0490 -0.9959
vn 0.1129 -0.7599 -0.6402
vn 0.1855 -0.2859 -0.9401
vn 0.2023 -0.0485 -0.9781
vn 0.1770 -0.7500 -0.6373
vn 0.2570 -0.2792 -0.9252
vn 0.2674 -0.0473 -0.9624
vn 0.2335 -0.7599 -0.6067
vn 0.3260 -0.2859 -0.9011
vn 0.3311 -0.0484 -0.9424
vn 0.2747 -0.7599 -0.5892
vn 0.4225 -0.2859 -0.8601
vn 0.4487 -0.0484 -0.8924
vn 0.3359 -0.7500 -0.5698
vn 0.4877 -0.2792 -0.8271
vn 0.5073 -0.0473 -0.8605
vn 0.3825 -0.7599 -0.5256
vn 0.5481 -0.2859 -0.7860
vn 0.5637 -0.0485 -0.8245
vn 0.4179 -0.7598 -0.4980
vn 0.6307 -0.2859 -0.7215
vn 0.6643 -0.0484 -0.7459
vn 0.4719 -0.7500 -0.4635
vn 0.6852 -0.2792 -0.6727
vn 0.7128 -0.0472 -0.6998
vn 0.5055 -0.7599 -0.4087
vn 0.7329 -0.2859 -0.6173
vn 0.7578 -0.0484 -0.6506
vn 0.5325 -0.7599 -0.3729
vn 0.7960 -0.2859 -0.5336
vn 0.8347 -0.0484 -0.5486
vn 0.5758 -0.7500 -0.3255
vn 0.8360 -0.2792 -0.4724
vn 0.8695 -0.0472 -0.4916
vn 0.5941 -0.7599 -0.2639
vn 0.8677 -0.2859 -0.4066
vn 0.9005 -0.0484 -0.4321
vn 0.6109 -0.7598 -0.2224
vn 0.9070 -0.2859 -0.3094
vn 0.9482 -0.0484 -0.3139
vn 0.6404 -0.7500 -0.1654
vn 0.9297 -0.2792 -0.2400
vn 0.9671 -0.0472 -0.2498
vn 0.6422 -0.7599 -0.1011
vn 0.9434 -0.2859 -0.1682
vn 0.9817 -0.0484 -0.1844
vn 0.6476 -0.7599 -0.0566
vn 0.9561 -0.2859 -0.0642
vn 0.9972 -0.0484 -0.0578
vn 0.6614 -0.7500 0.0061
vn 0.9602 -0.2792 0.0088
vn 0.9988 -0.0472 0.0091
vn 0.6464 -0.7599 0.0686
vn 0.9548 -0.2859 0.0816
vn 0.9959 -0.0484 0.0759
vn 0.6403 -0.7598 0.1129
vn 0.9401 -0.2859 0.1855
vn 0.9781 -0.0484 0.2025
vn 0.6373 -0.7500 0.1771
vn 0.9252 -0.2792 0.2571
vn 0.9625 -0.0472 0.2673
vn 0.6068 -0.7598 0.2334
vn 0.9011 -0.2859 0.3260
vn 0.9423 -0.0484 0.3312
vn 0.5892 -0.7598 0.2748
vn 0.8601 -0.2859 0.4226
vn 0.8924 -0.0484 0.4487
vn 0.5698 -0.7500 0.3359
vn 0.8272 -0.2792 0.4876
vn 0.8605 -0.0472 0.5073
vn 0.5256 -0.7599 0.3825
vn 0.7861 -0.2859 0.5480
vn 0.8246 -0.0484 0.5637
vn 0.4979 -0.7598 0.4180
vn 0.7215 -0.2859 0.6307
vn 0.7459 -0.0484 0.6643
vn 0.4634 -0.7500 0.4720
vn 0.6728 -0.2792 0.6851
vn 0.6999 -0.0472 0.7127
vn 0.4087 -0.7598 0.5056
vn 0.6175 -0.2859 0.7328
vn 0.6505 -0.0484 0.7579
vn 0.3728 -0.7599 0.5326
vn 0.5336 -0.2859 0.7960
vn 0.5485 -0.0484 0.8347
vn 0.3254 -0.7500 0.5759
vn 0.4725 -0.2792 0.8359
vn 0.4915 -0.0472 0.8696
vn 0.2639 -0.7599 0.5941
vn 0.4067 -0.2859 0.8677
vn 0.4322 -0.0484 0.9005
vn 0.2223 -0.7598 0.6109
vn 0.3094 -0.2859 0.9069
vn 0.3139 -0.0484 0.9482
vn 0.1653 -0.7500 0.6404
vn 0.2400 -0.2792 0.9297
vn 0.2497 -0.0472 0.9672
vn 0.1012 -0.7598 0.6422
vn 0.1683 -0.2859 0.9434
vn 0.1844 -0.0485 0.9816
vn 0.0566 -0.7599 0.6476
vn 0.0641 -0.2859 0.9561
vn 0.0577 -0.0484 0.9972
vn -0.0060 -0.7500 0.6614
vn -0.0088 -0.2792 0.9602
vn -0.0092 -0.0472 0.9988
vn -0.0684 -0.7598 0.6465
vn -0.0817 -0.2859 0.9548
vn -0.0759 -0.0485 0.9959
vn -0.1129 -0.7599 0.6402
vn -0.1855 -0.2859 0.9401
vn -0.2024 -0.0484 0.9781
vn -0.1771 -0.7500 0.6373
vn -0.2570 -0.2792 0.9252
vn -0.2673 -0.0472 0.9624
vn -0.2335 -0.7599 0.6067
vn -0.3260 -0.2859 0.9011
vn -0.3311 -0.0484 0.9423
vn -0.2748 -0.7599 0.5891
vn -0.4225 -0.2859 0.8601
vn -0.4486 -0.0484 0.8924
vn -0.3360 -0.7500 0.5698
vn -0.4877 -0.2792 0.8271
vn -0.5072 -0.0472 0.8605
vn -0.3826 -0.7599 0.5256
vn -0.5481 -0.2859 0.7860
vn -0.5636 -0.0484 0.8246
vn -0.4179 -0.7598 0.4980
vn -0.6307 -0.2859 0.7215
vn -0.6643 -0.0485 0.7459
vn -0.4720 -0.7500 0.4634
vn -0.6852 -0.2792 0.6728
vn -0.7128 -0.0473 0.6998
vn -0.5055 -0.7599 0.4087
vn -0.7328 -0.2859 0.6174
vn -0.7580 -0.0484 0.6505
vn -0.5326 -0.7598 0.3729
vn -0.7960 -0.2859 0.5336
vn -0.8347 -0.0484 0.5486
vn -0.5758 -0.7500 0.3255
vn -0.8359 -0.2792 0.4725
vn -0.8696 -0.0472 0.4916
vn -0.5941 -0.7599 0.2639
vn -0.8677 -0.2859 0.4066
vn -0.9005 -0.0484 0.4321
vn -0.6109 -0.7598 0.2223
vn -0.9069 -0.2859 0.3095
vn -0.9482 -0.0484 0.3139
vn -0.6404 -0.7500 0.1653
vn -0.9298 -0.2792 0.2400
vn -0.9671 -0.0472 0.2499
vn -0.6422 -0.7598 0.1013
vn -0.9434 -0.2859 0.1683
vn -0.9817 -0.0484 0.1843
vn -0.6476 -0.7599 0.0567
vn -0.9561 -0.2859 0.0641
vn -0.9972 -0.0484 0.0577
vn -0.6614 -0.7500 -0.0061
vn -0.9602 -0.2791 -0.0088
vn -0.9988 -0.0472 -0.0092
vn -0.6465 -0.7599 -0.0686
vn -0.9548 -0.2859 -0.0816
vn -0.9959 -0.0484 -0.0760
vn -0.6402 -0.7598 -0.1129
vn -0.9401 -0.2859 -0.1855
vn -0.9781 -0.0484 -0.2025
vn -0.6373 -0.7500 -0.1771
vn -0.9252 -0.2792 -0.2571
vn -0.9624 -0.0472 -0.2673
vn -0.6067 -0.7599 -0.2334
vn -0.9011 -0.2859 -0.3259
vn -0.9424 -0.0484 -0.3310
vn -0.5892 -0.7598 -0.2748
vn -0.8601 -0.2859 -0.4225
vn -0.8924 -0.0485 -0.4486
vn -0.5697 -0.7500 -0.3360
vn -0.8272 -0.2792 -0.4877
vn -0.8605 -0.0473 -0.5073
vn -0.5256 -0.7599 -0.3825
vn -0.7860 -0.2859 -0.5481
vn -0.8246 -0.0484 -0.5637
vn -0.4979 -0.7598 -0.4180
vn -0.7215 -0.2859 -0.6307
vn -0.7459 -0.0484 -0.6643
vn -0.4634 -0.7500 -0.4720
vn -0.6728 -0.2792 -0.6851
vn -0.6999 -0.0473 -0.7127
vn -0.4087 -0.7599 -0.5055
vn -0.6174 -0.2859 -0.7328
vn -0.6505 -0.0485 -0.7580
s 1
f 749//725 753//729 748//724
f 750//726 747//723 749//725
f 752//728 747//723 751//727
f 102//102 101//101 1//1
f 103//103 748//724 102//102
f 748//724 100//100 101//101
f 3//3 750//726 104//104
f 105//105 751//727 750//726
f 104//104 749//725 103//103
f 5//5 752//728 107//107
f 99//99 753//729 752//728
f 107//107 751//727 106//106
f 756//732 760//736 755//731
f 757//733 754//730 756//732
f 759//735 754//730 758//734
f 111//111 110//110 2//2
f 112//112 755//731 111//111
f 755//731 109//109 110//110
f 6//6 757//733 113//113
f 114//114 758//734 757//733
f 113//113 756//732 112//112
f 4//4 759//735 116//116
f 108//108 760//736 759//735
f 116//116 758//734 115//115
f 761//737 765//741 764//740
f 762//738 766//742 765//741
f 765//741 767//743 764//740
f 766//742 768//744 765//741
f 117//117 600//599 51//51
f 117//117 762//738 761//737
f 118//118 763//739 762//738
f 119//119 116//116 763//739
f 763//739 115//115 766//742
f 115//115 769//745 766//742
f 114//114 462//461 769//745
f 769//745 463//462 768//744
f 768//744 464//463 767//743
f 602//601 464//463 52//52
f 764//740 602//601 601//600
f 761//737 601//600 600//599
f 772//748 776//752 771//747
f 773//749 770//746 772//748
f 775//751 770//746 774//750
f 101//101 125//125 1//1
f 100//100 771//747 101//101
f 771//747 124//124 125//125
f 5//5 773//749 99//99
f 126//126 774//750 773//749
f 99//99 772//748 100//100
f 7//7 775//751 128//128
f 123//123 776//752 775//751
f 128//128 774//750 127//127
f 779//755 783//759 778//754
f 780//756 777//753 779//755
f 782//758 777//753 781//757
f 129//129 111//111 2//2
f 130//130 778//754 129//129
f 778//754 112//112 111//111
f 8//8 780//756 131//131
f 132//132 781//757 780//756
f 131//131 779//755 130//130
f 6//6 782//758 134//134
f 113//113 783//759 782//758
f 134//134 781//757 133//133
f 784//760 788//764 787//763
f 785//761 789//765 788//764
f 788//764 790//766 787//763
f 789//765 791//767 788//764
f 464//463 597//596 52//52
f 464//463 785//761 784//760
f 463//462 786//762 785//761
f 462//461 134//134 786//762
f 786//762 133//133 789//765
f 133//133 792//768 789//765
f 132//132 465//464 792//768
f 792//768 466//465 791//767
f 791//767 467//466 790//766
f 599//598 467//466 53//53
f 598//597 790//766 599//598
f 784//760 598//597 597//596
f 795//771 799//775 794//770
f 796//772 793//769 795//771
f 798//774 793//769 797//773
f 125//125 140//140 1//1
f 124//124 794//770 125//125
f 794//770 139//139 140//140
f 7//7 796//772 123//123
f 141//141 797//773 796//772
f 123//123 795//771 124//124
f 9//9 798//774 143//143
f 138//138 799//775 798//774
f 143//143 797//773 142//142
f 802//778 806//782 801//777
f 803//779 800//776 802//778
f 805//781 800//776 804//780
f 144//144 129//129 2//2
f 145//145 801//777 144//144
f 801//777 130//130 129//129
f 10//10 803//779 146//146
f 147//147 804//780 803//779
f 146//146 802//778 145//145
f 8//8 805//781 149//149
f 131//131 806//782 805//781
f 149//149 804//780 148//148
f 807//783 811//787 810//786
f 808//784 812//788 811//787
f 811//787 813//789 810//786
f 812//788 814//790 811//787
f 467//466 594//593 53//53
f 467//466 808//784 807//783
f 466//465 809//785 808//784
f 465//464 149//149 809//785
f 809//785 148//148 812//788
f 148//148 815//791 812//788
f 147//147 468//467 815//791
f 815//791 469//468 814//790
f 814//790 470//469 813//789
f 596//595 470//469 54//54
f 810//786 596//595 595//594
f 807//783 595//594 594//593
f 818//794 822//798 817//793
f 819//795 816//792 818//794
f 821//797 816//792 820//796
f 140//140 155//155 1//1
f 139//139 817//793 140//140
f 817//793 154//154 155//155
f 9//9 819//795 138//138
f 156//156 820//796 819//795
f 138//138 818//794 139//139
f 11//11 821//797 158//158
f 153//153 822//798 821//797
f 158//158 820//796 157//157
f 825//801 829//805 824//800
f 826//802 823//799 825//801
f 828//804 823//799 827//803
f 159//159 144//144 2//2
f 160//160 824//800 159//159
f 824//800 145//145 144//144
f 12//12 826//802 161//161
f 162//162 827//803 826//802
f 161//161 825//801 160//160
f 10//10 828//804 164//164
f 146//146 829//805 828//804
f 164//164 827//803 163//163
f 830//806 834//810 833//809
f 831//807 835//811 834//810
f 834//810 836//812 833//809
f 835//811 837//813 834//810
f 470//469 591//590 54//54
f 470//469 831//807 830//806
f 469//468 832//808 831//807
f 468//467 164//164 832//808
f 832//808 163//163 835//811
f 163//163 838//814 835//811
f 162//162 471//470 838//814
f 838//814 472//471 837//813
f 837//813 473//472 836//812
f 593//592 473//472 55//55
f 592//591 836//812 593//592
f 830//806 592//591 591//590
f 841//817 845//821 840//816
f 842//818 839//815 841//817
f 844//820 839//815 843//819
f 155//155 170//170 1//1
f 154//154 840//816 155//155
f 840//816 169//169 170//170
f 11//11 842//818 153//153
f 171//171 843//819 842//818
f 153//153 841//817 154//154
f 13//13 844//820 173//173
f 168//168 845//821 844//820
f 173//173 843//819 172//172
f 848//824 852//828 847//823
f 849//825 846//822 848//824
f 851//827 846//822 850//826
f 174//174 159//159 2//2
f 175//175 847//823 174//174
f 847//823 160//160 159//159
f 14//14 849//825 176//176
f 177//177 850//826 849//825
f 176//176 848//824 175//175
f 12//12 851//827 179//179
f 161//161 852//828 851//827
f 179//179 850//826 178//178
f 853//829 857//833 856//832
f 854//830 858//834 857//833
f 857//833 859//835 856//832
f 858//834 860//836 857//833
f 473//472 588//587 55//55
f 473//472 854//830 853//829
f 472//471 855//831 854//830
f 471//470 179//179 855//831
f 855//831 178//178 858//834
f 178//178 861//837 858//834
f 177//177 474//473 861//837
f 861//837 475//474 860//836
f 860//836 476//475 859//835
f 590//589 476//475 56//56
f 589//588 859//835 590//589
f 853//829 589//588 588//587
f 864//840 868//844 863//839
f 865//841 862//838 864//840
f 867//843 862//838 866//842
f 170//170 185//185 1//1
f 169//169 863//839 170//170
f 863//839 184//184 185//185
f 13//13 865//841 168//168
f 186//186 866//842 865//841
f 168//168 864//840 169//169
f 15//15 867//843 188//188
f 183//183 868//844 867//843
f 188//188 866//842 187//187
f 871//847 875//851 870//846
f 872//848 869//845 871//847
f 874//850 869//845 873//849
f 189//189 174//174 2//2
f 190//190 870//846 189//189
f 870//846 175//175 174//174
f 16//16 872//848 191//191
f 192//192 873//849 872//848
f 191//191 871//847 190//190
f 14//14 874//850 194//194
f 176//176 875//851 874//850
f 194//194 873//849 193//193
f 876//852 880//856 879//855
f 877//853 881//857 880//856
f 880//856 882//858 879//855
f 881//857 883//859 880//856
f 476//475 585//584 56//56
f 476//475 877//853 876//852
f 475//474 878//854 877//853
f 474//473 194//194 878//854
f 878//854 193//193 881//857
f 193//193 884//860 881//857
f 192//192 477//476 884//860
f 884//860 478//477 883//859
f 883//859 479//478 882//858
f 882//858 57//57 587//586
f 586//585 882//858 587//586
f 876//852 586//585 585//584
f 887//863 891//867 886//862
f 888//864 885//861 887//863
f 890//866 885//861 889//865
f 185//185 200//200 1//1
f 184//184 886//862 185//185
f 886//862 199//199 200//200
f 15//15 888//864 183//183
f 201//201 889//865 888//864
f 183//183 887//863 184//184
f 17//17 890//866 203//203
f 198//198 891//867 890//866
f 203//203 889//865 202//202
f 894//870 898//874 893//869
f 895//871 892//868 894//870
f 897//873 892//868 896//872
f 204//204 189//189 2//2
f 205//205 893//869 204//204
f 893//869 190//190 189//189
f 18//18 895//871 206//206
f 207//207 896//872 895//871
f 206//206 894//870 205//205
f 16//16 897//873 209//209
f 191//191 898//874 897//873
f 209//209 896//872 208//208
f 899//875 903//879 902//878
f 900//876 904//880 903//879
f 903//879 905//881 902//878
f 904//880 906//882 903//879
f 479//478 582//581 57//57
f 479//478 900//876 899//875
f 478//477 901//877 900//876
f 477//476 209//209 901//877
f 901//877 208//208 904//880
f 208//208 907//883 904//880
f 207//207 480//479 907//883
f 907//883 481//480 906//882
f 906//882 482//481 905//881
f 584//583 482//481 58//58
f 583//582 905//881 584//583
f 899//875 583//582 582//581
f 910//886 914//890 909//885
f 911//887 908//884 910//886
f 913//889 908//884 912//888
f 200//200 215//215 1//1
f 199//199 909//885 200//200
f 909//885 214//214 215//215
f 17//17 911//887 198//198
f 216//216 912//888 911//887
f 198//198 910//886 199//199
f 19//19 913//889 218//218
f 213//213 914//890 913//889
f 218//218 912//888 217//217
f 917//893 921//897 916//892
f 918//894 915//891 917//893
f 920//896 915//891 919//895
f 219//219 204//204 2//2
f 220//220 916//892 219//219
f 916//892 205//205 204//204
f 20//20 918//894 221//221
f 222//222 919//895 918//894
f 221//221 917//893 220//220
f 18//18 920//896 224//224
f 206//206 921//897 920//896
f 224//224 919//895 223//223
f 922//898 926//902 925//901
f 923//899 927//903 926//902
f 926//902 928//904 925//901
f 927//903 929//905 926//902
f 482//481 579//578 58//58
f 482//481 923//899 922//898
f 481//480 924//900 923//899
f 480//479 224//224 924//900
f 924//900 223//223 927//903
f 223//223 930//906 927//903
f 222//222 483//482 930//906
f 930//906 484//483 929//905
f 929//905 485//484 928//904
f 581//580 485//484 59//59
f 580//579 928//904 581//580
f 922//898 580//579 579//578
f 933//909 937//913 932//908
f 934//910 931//907 933//909
f 936//912 931//907 935//911
f 215//215 230//230 1//1
f 214//214 932//908 215//215
f 932//908 229//229 230//230
f 19//19 934//910 213//213
f 231//231 935//911 934//910
f 213//213 933//909 214//214
f 21//21 936//912 233//233
f 228//228 937//913 936//912
f 233//233 935//911 232//232
f 940//916 944//920 939//915
f 941//917 938//914 940//916
f 943//919 938//914 942//918
f 234//234 219//219 2//2
f 235//235 939//915 234//234
f 939//915 220//220 219//219
f 22//22 941//917 236//236
f 237//237 942//918 941//917
f 236//236 940//916 235//235
f 20//20 943//919 239//239
f 221//221 944//920 943//919
f 239//239 942//918 238//238
f 945//921 949//925 948//924
f 946//922 950//926 949//925
f 949//925 951//927 948//924
f 950//926 952//928 949//925
f 485//484 576//575 59//59
f 485//484 946//922 945//921
f 484//483 947//923 946//922
f 483//482 239//239 947//923
f 947//923 238//238 950//926
f 238//238 953//929 950//926
f 237//237 486//485 953//929
f 953//929 487//486 952//928
f 952//928 488//487 951//927
f 578//577 488//487 60//60
f 577//576 951//927 578//577
f 945//921 577//576 576//575
f 956//932 960//936 955//931
f 957//933 954//930 956//932
f 959//935 954//930 958//934
f 230//230 245//245 1//1
f 229//229 955//931 230//230
f 955//931 244//244 245//245
f 21//21 957//933 228//228
f 246//246 958//934 957//933
f 228//228 956//932 229//229
f 23//23 959//935 248//248
f 243//243 960//936 959//935
f 248//248 958//934 247//247
f 963//939 967//943 962//938
f 964//940 961//937 963//939
f 966//942 961//937 965//941
f 249//249 234//234 2//2
f 250//250 962//938 249//249
f 962//938 235//235 234//234
f 24//24 964//940 251//251
f 252//252 965//941 964//940
f 251//251 963//939 250//250
f 22//22 966//942 254//254
f 236//236 967//943 966//942
f 254//254 965//941 253//253
f 968//944 972//948 971//947
f 969//945 973//949 972//948
f 972//948 974//950 971//947
f 973//949 975//951 972//948
f 488//487 573//572 60//60
f 488//487 969//945 968//944
f 487//486 970//946 969//945
f 486//485 254//254 970//946
f 970//946 253//253 973//949
f 253//253 976//952 973//949
f 252//252 489//488 976//952
f 976//952 490//489 975//951
f 975//951 491//490 974//950
f 575//574 491//490 61//61
f 574//573 974//950 575//574
f 968//944 574//573 573//572
f 979//955 983//959 978//954
f 980//956 977//953 979//955
f 982//958 977//953 981//957
f 245//245 260//260 1//1
f 244//244 978//954 245//245
f 978//954 259//259 260//260
f 23//23 980//956 243//243
f 261//261 981//957 980//956
f 243//243 979//955 244//244
f 25//25 982//958 263//263
f 258//258 983//959 982//958
f 263//263 981//957 262//262
f 986//962 990//966 985//961
f 987//963 984//960 986//962
f 989//965 984//960 988//964
f 264//264 249//249 2//2
f 265//265 985//961 264//264
f 985//961 250//250 249//249
f 26//26 987//963 266//266
f 267//267 988//964 987//963
f 266//266 986//962 265//265
f 24//24 989//965 269//269
f 251//251 990//966 989//965
f 269//269 988//964 268//268
f 991//967 995//971 994//970
f 992//968 996//972 995//971
f 995//971 997//973 994//970
f 996//972 998//974 995//971
f 491//490 570//569 61//61
f 491//490 992//968 991//967
f 490//489 993//969 992//968
f 489//488 269//269 993//969
f 993//969 268//268 996//972
f 268//268 999//975 996//972
f 267//267 492//491 999//975
f 999//975 493//492 998//974
f 998//974 494//493 997//973
f 572//571 494//493 62//62
f 571//570 997//973 572//571
f 991//967 571//570 570//569
f 1002//978 1006//982 1001//977
f 1003//979 1000//976 1002//978
f 1005//981 1000//976 1004//980
f 260//260 275//275 1//1
f 259//259 1001//977 260//260
f 1001//977 274//274 275//275
f 25//25 1003//979 258//258
f 276//276 1004//980 1003//979
f 258//258 1002//978 259//259
f 27//27 1005//981 278//278
f 273//273 1006//982 1005//981
f 278//278 1004//980 277//277
f 1009//985 1013//989 1008//984
f 1010//986 1007//983 1009//985
f 1012//988 1007//983 1011//987
f 279//279 264//264 2//2
f 280//280 1008//984 279//279
f 1008//984 265//265 264//264
f 28//28 1010//986 281//281
f 282//282 1011//987 1010//986
f 281//281 1009//985 280//280
f 26//26 1012//988 284//284
f 266//266 1013//989 1012//988
f 284//284 1011//987 283//283
f 1014//990 1018//994 1017//993
f 1015//991 1019//995 1018//994
f 1018//994 1020//996 1017//993
f 1019//995 1021//997 1018//994
f 494//493 567//566 62//62
f 494//493 1015//991 1014//990
f 493//492 1016//992 1015//991
f 492//491 284//284 1016//992
f 1016//992 283//283 1019//995
f 283//283 1022//998 1019//995
f 282//282 495//494 1022//998
f 1022//998 496//495 1021//997
f 1021//997 497//496 1020//996
f 569//568 497//496 63//63
f 568//567 1020//996 569//568
f 1014//990 568//567 567//566
f 1025//1001 1029//1005 1024//1000
f 1026//1002 1023//999 1025//1001
f 1028//1004 1023//999 1027//1003
f 275//275 290//290 1//1
f 274//274 1024//1000 275//275
f 1024//1000 289//289 290//290
f 27//27 1026//1002 273//273
f 291//291 1027//1003 1026//1002
f 273//273 1025//1001 274//274
f 29//29 1028//1004 293//293
f 288//288 1029//1005 1028//1004
f 293//293 1027//1003 292//292
f 1032//1008 1036//1012 1031//1007
f 1033//1009 1030//1006 1032//1008
f 1035//1011 1030//1006 1034//1010
f 294//294 279//279 2//2
f 295//295 1031//1007 294//294
f 1031//1007 280//280 279//279
f 30//30 1033//1009 296//296
f 297//297 1034//1010 1033//1009
f 296//296 1032//1008 295//295
f 28//28 1035//1011 299//299
f 281//281 1036//1012 1035//1011
f 299//299 1034//1010 298//298
f 1037//1013 1041//1017 1040//1016
f 1038//1014 1042//1018 1041//1017
f 1041//1017 1043//1019 1040//1016
f 1042//1018 1044//1020 1041//1017
f 497//496 564//563 63//63
f 497//496 1038//1014 1037//1013
f 496//495 1039//1015 1038//1014
f 495//494 299//299 1039//1015
f 1039//1015 298//298 1042//1018
f 298//298 1045//1021 1042//1018
f 297//297 498//497 1045//1021
f 1045//1021 499//498 1044//1020
f 1044//1020 500//499 1043//1019
f 566//565 500//499 64//64
f 565//564 1043//1019 566//565
f 1037//1013 565//564 564//563
f 1048//1024 1052//1028 1047//1023
f 1049//1025 1046//1022 1048//1024
f 1051//1027 1046//1022 1050//1026
f 290//290 305//305 1//1
f 289//289 1047//1023 290//290
f 1047//1023 304//304 305//305
f 29//29 1049//1025 288//288
f 306//306 1050//1026 1049//1025
f 288//288 1048//1024 289//289
f 31//31 1051//1027 308//308
f 303//303 1052//1028 1051//1027
f 308//308 1050//1026 307//307
f 1055//1031 1059//1035 1054//1030
f 1056//1032 1053//1029 1055//1031
f 1058//1034 1053//1029 1057//1033
f 309//309 294//294 2//2
f 310//310 1054//1030 309//309
f 1054//1030 295//295 294//294
f 32//32 1056//1032 311//311
f 312//312 1057//1033 1056//1032
f 311//311 1055//1031 310//310
f 30//30 1058//1034 314//314
f 296//296 1059//1035 1058//1034
f 314//314 1057//1033 313//313
f 1060//1036 1064//1040 1063//1039
f 1061//1037 1065//1041 1064//1040
f 1064//1040 1066//1042 1063//1039
f 1065//1041 1067//1043 1064//1040
f 500//499 561//560 64//64
f 500//499 1061//1037 1060//1036
f 499//498 1062//1038 1061//1037
f 498//497 314//314 1062//1038
f 1062//1038 313//313 1065//1041
f 313//313 1068//1044 1065//1041
f 312//312 501//500 1068//1044
f 1068//1044 502//501 1067//1043
f 1067//1043 503//502 1066//1042
f 563//562 503//502 65//65
f 562//561 1066//1042 563//562
f 1060//1036 562//561 561//560
f 1071//1047 1075//1051 1070//1046
f 1072//1048 1069//1045 1071//1047
f 1074//1050 1069//1045 1073//1049
f 305//305 320//320 1//1
f 304//304 1070//1046 305//305
f 1070//1046 319//319 320//320
f 31//31 1072//1048 303//303
f 321//321 1073//1049 1072//1048
f 303//303 1071//1047 304//304
f 33//33 1074//1050 323//323
f 318//318 1075//1051 1074//1050
f 323//323 1073//1049 322//322
f 1078//1054 1082//1058 1077//1053
f 1079//1055 1076//1052 1078//1054
f 1081//1057 1076//1052 1080//1056
f 324//324 309//309 2//2
f 325//325 1077//1053 324//324
f 1077//1053 310//310 309//309
f 34//34 1079//1055 326//326
f 327//327 1080//1056 1079//1055
f 326//326 1078//1054 325//325
f 32//32 1081//1057 329//329
f 311//311 1082//1058 1081//1057
f 329//329 1080//1056 328//328
f 1083//1059 1087//1063 1086//1062
f 1084//1060 1088//1064 1087//1063
f 1087//1063 1089//1065 1086//1062
f 1088//1064 1090//1066 1087//1063
f 503//502 558//557 65//65
f 503//502 1084//1060 1083//1059
f 502//501 1085//1061 1084//1060
f 501//500 329//329 1085//1061
f 1085//1061 328//328 1088//1064
f 328//328 1091//1067 1088//1064
f 327//327 504//503 1091//1067
f 1091//1067 505//504 1090//1066
f 1090//1066 506//505 1089//1065
f 560//559 506//505 66//66
f 559//558 1089//1065 560//559
f 1083//1059 559//558 558//557
f 1094//1070 1098//1074 1093//1069
f 1095//1071 1092//1068 1094//1070
f 1097//1073 1092//1068 1096//1072
f 320//320 335//335 1//1
f 319//319 1093//1069 320//320
f 1093//1069 334//334 335//335
f 33//33 1095//1071 318//318
f 336//336 1096//1072 1095//1071
f 318//318 1094//1070 319//319
f 35//35 1097//1073 338//338
f 333//333 1098//1074 1097//1073
f 338//338 1096//1072 337//337
f 1101//1077 1105//1081 1100//1076
f 1102//1078 1099//1075 1101//1077
f 1104//1080 1099//1075 1103//1079
f 339//339 324//324 2//2
f 340//340 1100//1076 339//339
f 1100//1076 325//325 324//324
f 36//36 1102//1078 341//341
f 342//342 1103//1079 1102//1078
f 341//341 1101//1077 340//340
f 34//34 1104//1080 344//344
f 326//326 1105//1081 1104//1080
f 344//344 1103//1079 343//343
f 1106//1082 1110//1086 1109//1085
f 1107//1083 1111//1087 1110//1086
f 1110//1086 1112//1088 1109//1085
f 1111//1087 1113//1089 1110//1086
f 506//505 555//554 66//66
f 506//505 1107//1083 1106//1082
f 505//504 1108//1084 1107//1083
f 504//503 344//344 1108//1084
f 1108//1084 343//343 1111//1087
f 343//343 1114//1090 1111//1087
f 342//342 507//506 1114//1090
f 1114//1090 508//507 1113//1089
f 1113//1089 509//508 1112//1088
f 1112//1088 67//67 557//556
f 556//555 1112//1088 557//556
f 1106//1082 556//555 555//554
f 1117//1093 1121//1097 1116//1092
f 1118//1094 1115//1091 1117//1093
f 1120//1096 1115//1091 1119//1095
f 335//335 350//350 1//1
f 334//334 1116//1092 335//335
f 1116//1092 349//349 350//350
f 35//35 1118//1094 333//333
f 351//351 1119//1095 1118//1094
f 333//333 1117//1093 334//334
f 37//37 1120//1096 353//353
f 348//348 1121//1097 1120//1096
f 353//353 1119//1095 352//352
f 1124//1100 1128//1104 1123//1099
f 1125//1101 1122//1098 1124//1100
f 1127//1103 1122//1098 1126//1102
f 354//354 339//339 2//2
f 355//355 1123//1099 354//354
f 1123//1099 340//340 339//339
f 38//38 1125//1101 356//356
f 357//357 1126//1102 1125//1101
f 356//356 1124//1100 355//355
f 36//36 1127//1103 359//359
f 341//341 1128//1104 1127//1103
f 359//359 1126//1102 358//358
f 1129//1105 1133//1109 1132//1108
f 1130//1106 1134//1110 1133//1109
f 1133//1109 1135//1111 1132//1108
f 1134//1110 1136//1112 1133//1109
f 509//508 552//551 67//67
f 509//508 1130//1106 1129//1105
f 508//507 1131//1107 1130//1106
f 507//506 359//359 1131//1107
f 1131//1107 358//358 1134//1110
f 358//358 1137//1113 1134//1110
f 357//357 510//509 1137//1113
f 1137//1113 511//510 1136//1112
f 1136//1112 512//511 1135//1111
f 554//553 512//511 68//68
f 553//552 1135//1111 554//553
f 1129//1105 553//552 552//551
f 1140//1116 1144//1120 1139//1115
f 1141//1117 1138//1114 1140//1116
f 1143//1119 1138//1114 1142//1118
f 350//350 365//365 1//1
f 349//349 1139//1115 350//350
f 1139//1115 364//364 365//365
f 37//37 1141//1117 348//348
f 366//366 1142//1118 1141//1117
f 348//348 1140//1116 349//349
f 39//39 1143//1119 368//368
f 363//363 1144//1120 1143//1119
f 368//368 1142//1118 367//367
f 1147//1123 1151//1127 1146//1122
f 1148//1124 1145//1121 1147//1123
f 1150//1126 1145//1121 1149//1125
f 369//369 354//354 2//2
f 370//370 1146//1122 369//369
f 1146//1122 355//355 354//354
f 40//40 1148//1124 371//371
f 372//372 1149//1125 1148//1124
f 371//371 1147//1123 370//370
f 38//38 1150//1126 374//374
f 356//356 1151//1127 1150//1126
f 374//374 1149//1125 373//373
f 1152//1128 1156//1132 1155//1131
f 1153//1129 1157//1133 1156//1132
f 1156//1132 1158//1134 1155//1131
f 1157//1133 1159//1135 1156//1132
f 512//511 549//548 68//68
f 512//511 1153//1129 1152//1128
f 511//510 1154//1130 1153//1129
f 510//509 374//374 1154//1130
f 1154//1130 373//373 1157//1133
f 373//373 1160//1136 1157//1133
f 372//372 513//512 1160//1136
f 1160//1136 514//513 1159//1135
f 1159//1135 515//514 1158//1134
f 551//550 515//514 69//69
f 550//549 1158//1134 551//550
f 1152//1128 550//549 549//548
f 1163//1139 1167//1143 1162//1138
f 1164//1140 1161//1137 1163//1139
f 1166//1142 1161//1137 1165//1141
f 365//365 380//380 1//1
f 364//364 1162//1138 365//365
f 1162//1138 379//379 380//380
f 39//39 1164//1140 363//363
f 381//381 1165//1141 1164//1140
f 363//363 1163//1139 364//364
f 41//41 1166//1142 383//383
f 378//378 1167//1143 1166//1142
f 383//383 1165//1141 382//382
f 1170//1146 1174//1150 1169//1145
f 1171//1147 1168//1144 1170//1146
f 1173//1149 1168//1144 1172//1148
f 384//384 369//369 2//2
f 385//385 1169//1145 384//384
f 1169//1145 370//370 369//369
f 42//42 1171//1147 386//386
f 387//387 1172//1148 1171//1147
f 386//386 1170//1146 385//385
f 40//40 1173//1149 389//389
f 371//371 1174//1150 1173//1149
f 389//389 1172//1148 388//388
f 1175//1151 1179//1155 1178//1154
f 1176//1152 1180//1156 1179//1155
f 1179//1155 1181//1157 1178//1154
f 1180//1156 1182//1158 1179//1155
f 515//514 546//545 69//69
f 515//514 1176//1152 1175//1151
f 514//513 1177//1153 1176//1152
f 513//512 389//389 1177//1153
f 1177//1153 388//388 1180//1156
f 388//388 1183//1159 1180//1156
f 387//387 516//515 1183//1159
f 1183//1159 517//516 1182//1158
f 1182//1158 518//517 1181//1157
f 548//547 518//517 70//70
f 547//546 1181//1157 548//547
f 1175//1151 547//546 546//545
f 1186//1162 1190//1166 1185//1161
f 1187//1163 1184//1160 1186//1162
f 1189//1165 1184//1160 1188//1164
f 380//380 395//395 1//1
f 379//379 1185//1161 380//380
f 1185//1161 394//394 395//395
f 41//41 1187//1163 378//378
f 396//396 1188//1164 1187//1163
f 378//378 1186//1162 379//379
f 43//43 1189//1165 398//398
f 393//393 1190//1166 1189//1165
f 398//398 1188//1164 397//397
f 1193//1169 1197//1173 1192//1168
f 1194//1170 1191//1167 1193//1169
f 1196//1172 1191//1167 1195//1171
f 399//399 384//384 2//2
f 400//400 1192//1168 399//399
f 1192//1168 385//385 384//384
f 44//44 1194//1170 401//401
f 402//402 1195//1171 1194//1170
f 401//401 1193//1169 400//400
f 42//42 1196//1172 404//404
f 386//386 1197//1173 1196//1172
f 404//404 1195//1171 403//403
f 1198//1174 1202//1178 1201//1177
f 1199//1175 1203//1179 1202//1178
f 1202//1178 1204//1180 1201//1177
f 1203//1179 1205//1181 1202//1178
f 518//517 543//542 70//70
f 518//517 1199//1175 1198//1174
f 517//516 1200//1176 1199//1175
f 516//515 404//404 1200//1176
f 1200//1176 403//403 1203//1179
f 403//403 1206//1182 1203//1179
f 402//402 519//518 1206//1182
f 1206//1182 520//519 1205//1181
f 1205//1181 521//520 1204//1180
f 545//544 521//520 71//71
f 544//543 1204//1180 545//544
f 1198//1174 544//543 543//542
f 1209//1185 1213//1189 1208//1184
f 1210//1186 1207//1183 1209//1185
f 1212//1188 1207//1183 1211//1187
f 395//395 410//410 1//1
f 394//394 1208//1184 395//395
f 1208//1184 409//409 410//410
f 43//43 1210//1186 393//393
f 411//411 1211//1187 1210//1186
f 393//393 1209//1185 394//394
f 45//45 1212//1188 413//413
f 408//408 1213//1189 1212//1188
f 413//413 1211//1187 412//412
f 1216//1192 1220//1196 1215//1191
f 1217//1193 1214//1190 1216//1192
f 1219//1195 1214//1190 1218//1194
f 414//414 399//399 2//2
f 415//415 1215//1191 414//414
f 1215//1191 400//400 399//399
f 46//46 1217//1193 416//416
f 417//417 1218//1194 1217//1193
f 416//416 1216//1192 415//415
f 44//44 1219//1195 419//419
f 401//401 1220//1196 1219//1195
f 419//419 1218//1194 418//418
f 1221//1197 1225//1201 1224//1200
f 1222//1198 1226//1202 1225//1201
f 1225//1201 1227//1203 1224//1200
f 1226//1202 1228//1204 1225//1201
f 521//520 540//539 71//71
f 521//520 1222//1198 1221//1197
f 520//519 1223//1199 1222//1198
f 519//518 419//419 1223//1199
f 1223//1199 418//418 1226//1202
f 418//418 1229//1205 1226//1202
f 417//417 522//521 1229//1205
f 1229//1205 523//522 1228//1204
f 1228//1204 524//523 1227//1203
f 542//541 524//523 72//72
f 541//540 1227//1203 542//541
f 1221//1197 541//540 540//539
f 1232//1208 1236//1212 1231//1207
f 1233//1209 1230//1206 1232//1208
f 1235//1211 1230//1206 1234//1210
f 410//410 425//425 1//1
f 409//409 1231//1207 410//410
f 1231//1207 424//424 425//425
f 45//45 1233//1209 408//408
f 426//426 1234//1210 1233//1209
f 408//408 1232//1208 409//409
f 47//47 1235//1211 428//428
f 423//423 1236//1212 1235//1211
f 428//428 1234//1210 427//427
f 1239//1215 1243//1219 1238//1214
f 1240//1216 1237//1213 1239//1215
f 1242//1218 1237//1213 1241//1217
f 429//429 414//414 2//2
f 430//430 1238//1214 429//429
f 1238//1214 415//415 414//414
f 48//48 1240//1216 431//431
f 432//432 1241//1217 1240//1216
f 431//431 1239//1215 430//430
f 46//46 1242//1218 434//434
f 416//416 1243//1219 1242//1218
f 434//434 1241//1217 433//433
f 1244//1220 1248//1224 1247//1223
f 1245//1221 1249//1225 1248//1224
f 1248//1224 1250//1226 1247//1223
f 1249//1225 1251//1227 1248//1224
f 524//523 537//536 72//72
f 524//523 1245//1221 1244//1220
f 523//522 1246//1222 1245//1221
f 522//521 434//434 1246//1222
f 1246//1222 433//433 1249//1225
f 433//433 1252//1228 1249//1225
f 432//432 525//524 1252//1228
f 1252//1228 526//525 1251//1227
f 1251//1227 527//526 1250//1226
f 539//538 527//526 73//73
f 538//537 1250//1226 539//538
f 1244//1220 538//537 537//536
f 1255//1231 1259//1235 1254//1230
f 1256//1232 1253//1229 1255//1231
f 1258//1234 1253//1229 1257//1233
f 425//425 440//440 1//1
f 424//424 1254//1230 425//425
f 1254//1230 439//439 440//440
f 47//47 1256//1232 423//423
f 441//441 1257//1233 1256//1232
f 423//423 1255//1231 424//424
f 49//49 1258//1234 443//443
f 438//438 1259//1235 1258//1234
f 443//443 1257//1233 442//442
f 1262//1238 1266//1242 1261//1237
f 1263//1239 1260//1236 1262//1238
f 1265//1241 1260//1236 1264//1240
f 444//444 429//429 2//2
f 445//445 1261//1237 444//444
f 1261//1237 430//430 429//429
f 50//50 1263//1239 446//446
f 447//447 1264//1240 1263//1239
f 446//446 1262//1238 445//445
f 48//48 1265//1241 449//449
f 431//431 1266//1242 1265//1241
f 449//449 1264//1240 448//448
f 1267//1243 1271//1247 1270//1246
f 1268//1244 1272//1248 1271//1247
f 1271//1247 1273//1249 1270//1246
f 1272//1248 1274//1250 1271//1247
f 527//526 534//533 73//73
f 527//526 1268//1244 1267//1243
f 526//525 1269//1245 1268//1244
f 525//524 449//449 1269//1245
f 1269//1245 448//448 1272//1248
f 448//448 1275//1251 1272//1248
f 447//447 528//527 1275//1251
f 1275//1251 529//528 1274//1250
f 1274//1250 530//529 1273//1249
f 536//535 530//529 74//74
f 1270//1246 536//535 535//534
f 1267//1243 535//534 534//533
f 1278//1254 1282//1258 1277//1253
f 1279//1255 1276//1252 1278//1254
f 1281//1257 1276//1252 1280//1256
f 440//440 102//102 1//1
f 439//439 1277//1253 440//440
f 1277//1253 103//103 102//102
f 49//49 1279//1255 438//438
f 453//453 1280//1256 1279//1255
f 438//438 1278//1254 439//439
f 3//3 1281//1257 455//455
f 104//104 1282//1258 1281//1257
f 455//455 1280//1256 454//454
f 1285//1261 1289//1265 1284//1260
f 1286//1262 1283//1259 1285//1261
f 1288//1264 1283//1259 1287//1263
f 110//110 444//444 2//2
f 109//109 1284//1260 110//110
f 1284//1260 445//445 444//444
f 4//4 1286//1262 108//108
f 456//456 1287//1263 1286//1262
f 108//108 1285//1261 109//109
f 50//50 1288//1264 458//458
f 446//446 1289//1265 1288//1264
f 458//458 1287//1263 457//457
f 1290//1266 1294//1270 1293//1269
f 1291//1267 1295//1271 1294//1270
f 1294//1270 1296//1272 1293//1269
f 1295//1271 1297//1273 1294//1270
f 530//529 531//530 74//74
f 530//529 1291//1267 1290//1266
f 529//528 1292//1268 1291//1267
f 528//527 458//458 1292//1268
f 1292//1268 457//457 1295//1271
f 457//457 1298//1274 1295//1271
f 456//456 119//119 1298//1274
f 1298//1274 118//118 1297//1273
f 1297//1273 117//117 1296//1272
f 533//532 117//117 51//51
f 532//531 1296//1272 533//532
f 1290//1266 532//531 531//530
f 1300//1276 1302//1277 1299//1275
f 1301//1276 1303//1278 1300//1276
f 1303//1278 1305//1279 1302//1277
f 1304//1278 1306//1279 1303//1278
f 671//647 744//720 97//97
f 671//647 1300//1276 1299//1275
f 669//645 1300//1276 670//646
f 74//74 1301//1276 669//645
f 531//530 1304//1278 1301//1276
f 532//531 1307//1279 1304//1278
f 533//532 461//459 1307//1279
f 1307//1279 460//460 1306//1279
f 1306//1279 459//459 1305//1279
f 1305//1279 98//98 746//722
f 1302//1277 746//722 745//721
f 1299//1275 745//721 744//720
f 1309//1281 1311//1283 1308//1280
f 1310//1282 1312//1283 1309//1281
f 1312//1283 1314//1284 1311//1283
f 1313//1283 1315//1285 1312//1283
f 668//644 741//717 96//96
f 668//644 1309//1281 1308//1280
f 666//642 1309//1281 667//643
f 73//73 1310//1282 666//642
f 534//533 1313//1283 1310//1282
f 535//534 1316//1286 1313//1283
f 536//535 669//645 1316//1286
f 1316//1286 670//646 1315//1285
f 1315//1285 671//647 1314//1284
f 1314//1284 97//97 743//719
f 1311//1283 743//719 742//718
f 1308//1280 742//718 741//717
f 1318//1288 1320//1290 1317//1287
f 1319//1289 1321//1291 1318//1288
f 1321//1291 1323//1293 1320//1290
f 1322//1292 1324//1294 1321//1291
f 665//640 738//714 95//95
f 665//640 1318//1288 1317//1287
f 663//640 1318//1288 664//641
f 663//640 537//536 1319//1289
f 537//536 1322//1292 1319//1289
f 538//537 1325//1295 1322//1292
f 539//538 666//642 1325//1295
f 1325//1295 667//643 1324//1294
f 1324//1294 668//644 1323//1293
f 1323//1293 96//96 740//716
f 1320//1290 740//716 739//715
f 738//714 1320//1290 739//715
f 1326//1296 1330//1299 1329//1298
f 1328//1297 1330//1299 1327//1296
f 1330//1299 1332//1300 1329//1298
f 1330//1299 1334//1302 1333//1301
f 662//638 735//711 94//94
f 661//639 1326//1296 662//638
f 660//638 1327//1296 661//639
f 71//71 1328//1297 660//638
f 1328//1297 541//540 1331//1299
f 541//540 1334//1302 1331//1299
f 1334//1302 72//72 663//640
f 1334//1302 664//641 1333//1301
f 1332//1300 664//641 665//640
f 1332//1300 95//95 737//713
f 1329//1298 737//713 736//712
f 1326//1296 736//712 735//711
f 1336//1303 1338//1305 1335//1303
f 1336//1303 1340//1307 1339//1306
f 1339//1306 1341//1308 1338//1305
f 1339//1306 1343//1308 1342//1309
f 93//93 1335//1303 732//708
f 658//636 1335//1303 659//637
f 657//636 1336//1303 658//636
f 70//70 1337//1304 657//636
f 543//542 1340//1307 1337//1304
f 544//543 1343//1308 1340//1307
f 545//544 660//638 1343//1308
f 1343//1308 661//639 1342//1309
f 1342//1309 662//638 1341//1308
f 1341//1308 94//94 734//710
f 1338//1305 734//710 733//709
f 732//708 1338//1305 733//709
f 1345//1311 1347//1312 1344//1310
f 1346//1311 1348//1313 1345//1311
f 1348//1313 1350//1315 1347//1312
f 1348//1313 1352//1317 1351//1316
f 656//635 729//705 92//92
f 655//635 1344//1310 656//635
f 654//635 1345//1311 655//635
f 69//69 1346//1311 654//635
f 1346//1311 547//546 1349//1314
f 547//546 1352//1317 1349//1314
f 548//547 657//636 1352//1317
f 1352//1317 658//636 1351//1316
f 1351//1316 659//637 1350//1315
f 1350//1315 93//93 731//707
f 730//706 1350//1315 731//707
f 729//705 1347//1312 730//706
f 1354//1319 1356//1321 1353//1318
f 1354//1319 1358//1323 1357//1322
f 1357//1322 1359//1324 1356//1321
f 1357//1322 1361//1324 1360//1325
f 91//91 1353//1318 726//702
f 652//634 1353//1318 653//634
f 652//634 1355//1320 1354//1319
f 68//68 1355//1320 651//633
f 549//548 1358//1323 1355//1320
f 1358//1323 551//550 1361//1324
f 1361//1324 69//69 654//635
f 1361//1324 655//635 1360//1325
f 1360//1325 656//635 1359//1324
f 1359//1324 92//92 728//704
f 1356//1321 728//704 727//703
f 1353//1318 727//703 726//702
f 1363//1327 1365//1328 1362//1326
f 1364//1326 1366//1329 1363//1327
f 1366//1329 1368//1330 1365//1328
f 1367//1328 1369//1331 1366//1329
f 650//632 723//699 90//90
f 649//631 1362//1326 650//632
f 648//631 1363//1327 649//631
f 67//67 1364//1326 648//631
f 552//551 1367//1328 1364//1326
f 553//552 1370//1330 1367//1328
f 554//553 651//633 1370//1330
f 1370//1330 652//634 1369//1331
f 1369//1331 653//634 1368//1330
f 1368//1330 91//91 725//701
f 1365//1328 725//701 724//700
f 723//699 1365//1328 724//700
f 1372//1333 1374//1334 1371//1332
f 1373//1332 1375//1334 1372//1333
f 1375//1334 1377//1336 1374//1334
f 1376//1335 1378//1336 1375//1334
f 89//89 1371//1332 720//696
f 646//630 1371//1332 647//630
f 645//630 1372//1333 646//630
f 66//66 1373//1332 645//630
f 555//554 1376//1335 1373//1332
f 556//555 1379//1336 1376//1335
f 557//556 648//631 1379//1336
f 1379//1336 649//631 1378//1336
f 1378//1336 650//632 1377//1336
f 1377//1336 90//90 722//698
f 721//697 1377//1336 722//698
f 1371//1332 721//697 720//696
f 1381//1337 1383//1338 1380//1337
f 1382//1337 1384//1339 1381//1337
f 1384//1339 1386//1340 1383//1338
f 1385//1338 1387//1340 1384//1339
f 644//628 717//693 88//88
f 643//629 1380//1337 644//628
f 642//628 1381//1337 643//629
f 65//65 1382//1337 642//628
f 558//557 1385//1338 1382//1337
f 559//558 1388//1340 1385//1338
f 560//559 645//630 1388//1340
f 1388//1340 646//630 1387//1340
f 1387//1340 647//630 1386//1340
f 1386//1340 89//89 719//695
f 1383//1338 719//695 718//694
f 1380//1337 718//694 717//693
f 1390//1342 1392//1343 1389//1341
f 1391//1341 1393//1343 1390//1342
f 1393//1343 1395//1344 1392//1343
f 1394//1343 1396//1344 1393//1343
f 641//627 714//690 87//87
f 640//627 1389//1341 641//627
f 639//627 1390//1342 640//627
f 64//64 1391//1341 639//627
f 561//560 1394//1343 1391//1341
f 562//561 1397//1344 1394//1343
f 563//562 642//628 1397//1344
f 1397//1344 643//629 1396//1344
f 1396//1344 644//628 1395//1344
f 1395//1344 88//88 716//692
f 1392//1343 716//692 715//691
f 1389//1341 715//691 714//690
f 1399//1346 1401//1347 1398//1345
f 1400//1345 1402//1347 1399//1346
f 1402//1347 1404//1348 1401//1347
f 1403//1347 1405//1349 1402//1347
f 638//625 711//687 86//86
f 637//626 1398//1345 638//625
f 637//626 1400//1345 1399//1346
f 63//63 1400//1345 636//625
f 564//563 1403//1347 1400//1345
f 565//564 1406//1348 1403//1347
f 566//565 639//627 1406//1348
f 1406//1348 640//627 1405//1349
f 1405//1349 641//627 1404//1348
f 1404//1348 87//87 713//689
f 1401//1347 713//689 712//688
f 1398//1345 712//688 711//687
f 1408//1350 1410//1352 1407//1350
f 1409//1351 1411//1352 1408//1350
f 1411//1352 1413//1354 1410//1352
f 1412//1353 1414//1354 1411//1352
f 635//623 708//684 85//85
f 634//624 1407//1350 635//623
f 633//623 1408//1350 634//624
f 62//62 1409//1351 633//623
f 567//566 1412//1353 1409//1351
f 568//567 1415//1354 1412//1353
f 569//568 636//625 1415//1354
f 1415//1354 637//626 1414//1354
f 1413//1354 637//626 638//625
f 1413//1354 86//86 710//686
f 1410//1352 710//686 709//685
f 1407//1350 709//685 708//684
f 1417//1356 1419//1357 1416//1355
f 1418//1356 1420//1358 1417//1356
f 1420//1358 1422//1359 1419//1357
f 1421//1357 1423//1360 1420//1358
f 84//84 1416//1355 705//681
f 631//621 1416//1355 632//622
f 630//621 1417//1356 631//621
f 61//61 1418//1356 630//621
f 570//569 1421//1357 1418//1356
f 571//570 1424//1359 1421//1357
f 572//571 633//623 1424//1359
f 1424//1359 634//624 1423//1360
f 1423//1360 635//623 1422//1359
f 1422//1359 85//85 707//683
f 1419//1357 707//683 706//682
f 1416//1355 706//682 705//681
f 1426//1361 1428//1363 1425//1361
f 1427//1362 1429//1363 1426//1361
f 1429//1363 1431//1365 1428//1363
f 1430//1364 1432//1366 1429//1363
f 83//83 1425//1361 702//678
f 629//619 1426//1361 1425//1361
f 627//619 1426//1361 628//620
f 60//60 1427//1362 627//619
f 573//572 1430//1364 1427//1362
f 574//573 1433//1365 1430//1364
f 575//574 630//621 1433//1365
f 1432//1366 630//621 631//621
f 1432//1366 632//622 1431//1365
f 704//680 632//622 84//84
f 1428//1363 704//680 703//679
f 702//678 1428//1363 703//679
f 1435//1368 1437//1369 1434//1367
f 1436//1367 1438//1370 1435//1368
f 1438//1370 1440//1372 1437//1369
f 1439//1371 1441//1372 1438//1370
f 626//617 699//675 82//82
f 625//618 1434//1367 626//617
f 625//618 1436//1367 1435//1368
f 59//59 1436//1367 624//617
f 576//575 1439//1371 1436//1367
f 577//576 1442//1372 1439//1371
f 578//577 627//619 1442//1372
f 1442//1372 628//620 1441//1372
f 1440//1372 628//620 629//619
f 1440//1372 83//83 701//677
f 1437//1369 701//677 700//676
f 1434//1367 700//676 699//675
f 1444//1374 1446//1375 1443//1373
f 1444//1374 1448//1377 1447//1376
f 1447//1376 1449//1378 1446//1375
f 1447//1376 1451//1378 1450//1379
f 623//616 696//672 81//81
f 622//616 1443//1373 623//616
f 621//615 1444//1374 622//616
f 58//58 1445//1374 621//615
f 579//578 1448//1377 1445//1374
f 580//579 1451//1378 1448//1377
f 581//580 624//617 1451//1378
f 1450//1379 624//617 625//618
f 1450//1379 626//617 1449//1378
f 1449//1378 82//82 698//674
f 1446//1375 698//674 697//673
f 1443//1373 697//673 696//672
f 1453//1381 1455//1382 1452//1380
f 1454//1380 1456//1383 1453//1381
f 1456//1383 1458//1385 1455//1382
f 1456//1383 1460//1386 1459//1386
f 80//80 1452//1380 693//669
f 619//613 1452//1380 620//614
f 618//613 1453//1381 619//613
f 57//57 1454//1380 618//613
f 582//581 1457//1384 1454//1380
f 583//582 1460//1386 1457//1384
f 584//583 621//615 1460//1386
f 1460//1386 622//616 1459//1386
f 1459//1386 623//616 1458//1385
f 1458//1385 81//81 695//671
f 1455//1382 695//671 694//670
f 693//669 1455//1382 694//670
f 1462//1387 1464//1388 1461//1387
f 1462//1387 1466//1390 1465//1389
f 1464//1388 1468//1391 1467//1391
f 1466//1390 1468//1391 1465//1389
f 79//79 1461//1387 690//666
f 616//611 1461//1387 617//612
f 616//611 1463//1387 1462//1387
f 56//56 1463//1387 615//610
f 585//584 1466//1390 1463//1387
f 586//585 1469//1391 1466//1390
f 587//586 618//613 1469//1391
f 1469//1391 619//613 1468//1391
f 1467//1391 619//613 620//614
f 1467//1391 80//80 692//668
f 1464//1388 692//668 691//667
f 1461//1387 691//667 690//666
f 1471//1393 1473//1394 1470//1392
f 1472//1393 1474//1394 1471//1393
f 1474//1394 1476//1396 1473//1394
f 1475//1395 1477//1397 1474//1394
f 78//78 1470//1392 687//663
f 613//608 1470//1392 614//609
f 612//607 1471//1393 613//608
f 612//607 588//587 1472//1393
f 588//587 1475//1395 1472//1393
f 589//588 1478//1397 1475//1395
f 590//589 615//610 1478//1397
f 1478//1397 616//611 1477//1397
f 1477//1397 617//612 1476//1396
f 1476//1396 79//79 689//665
f 1473//1394 689//665 688//664
f 1470//1392 688//664 687//663
f 1480//1398 1482//1399 1479//1398
f 1481//1398 1483//1400 1480//1398
f 1483//1400 1485//1401 1482//1399
f 1484//1399 1486//1401 1483//1400
f 611//606 684//660 77//77
f 610//606 1479//1398 611//606
f 609//606 1480//1398 610//606
f 54//54 1481//1398 609//606
f 591//590 1484//1399 1481//1398
f 592//591 1487//1401 1484//1399
f 1487//1401 55//55 612//607
f 1487//1401 613//608 1486//1401
f 1486//1401 614//609 1485//1401
f 686//662 614//609 78//78
f 1482//1399 686//662 685//661
f 1479//1398 685//661 684//660
f 1488//1402 1492//1404 1491//1403
f 1490//1402 1492//1404 1489//1402
f 1491//1403 1495//1405 1494//1405
f 1493//1403 1495//1405 1492//1404
f 76//76 1488//1402 681//657
f 607//605 1488//1402 608//604
f 606//604 1489//1402 607//605
f 53//53 1490//1402 606//604
f 1490//1402 595//594 1493//1403
f 1493//1403 596//595 1496//1405
f 596//595 609//606 1496//1405
f 1496//1405 610//606 1495//1405
f 1495//1405 611//606 1494//1405
f 1494//1405 77//77 683//659
f 1491//1403 683//659 682//658
f 1488//1402 682//658 681//657
f 1498//1406 1500//1407 1497//1406
f 1498//1406 1502//1409 1501//1408
f 1501//1408 1503//1410 1500//1407
f 1502//1409 1504//1410 1501//1408
f 605//602 678//654 75//75
f 604//603 1497//1406 605//602
f 603//602 1498//1406 604//603
f 52//52 1499//1406 603//602
f 597//596 1502//1409 1499//1406
f 598//597 1505//1410 1502//1409
f 599//598 606//604 1505//1410
f 1505//1410 607//605 1504//1410
f 1504//1410 608//604 1503//1410
f 680//656 608//604 76//76
f 1500//1407 680//656 679//655
f 1497//1406 679//655 678//654
f 1507//1412 1509//1413 1506//1411
f 1508//1412 1510//1414 1507//1412
f 1510//1414 1512//1416 1509//1413
f 1511//1415 1513//1416 1510//1414
f 459//459 675//651 98//98
f 460//460 1506//1411 459//459
f 461//459 1507//1412 460//460
f 51//51 1508//1412 461//459
f 600//599 1511//1415 1508//1412
f 601//600 1514//1417 1511//1415
f 602//601 603//602 1514//1417
f 1514//1417 604//603 1513//1416
f 1513//1416 605//602 1512//1416
f 1512//1416 75//75 677//653
f 1509//1413 677//653 676//652
f 1506//1411 676//652 675//651
f 1516//1419 1518//1421 1515//1418
f 1517//1420 1519//1422 1516//1419
f 1518//1421 1522//1425 1521//1424
f 1519//1422 1523//1426 1522//1425
f 672//648 105//105 3//3
f 673//649 1515//1418 672//648
f 674//650 1516//1419 673//649
f 674//650 675//651 1517//1420
f 1517//1420 676//652 1520//1423
f 676//652 1523//1426 1520//1423
f 677//653 120//120 1523//1426
f 1522//1425 120//120 121//121
f 1521//1424 121//121 122//122
f 107//107 122//122 5//5
f 106//106 1521//1424 107//107
f 1515//1418 106//106 105//105
f 1525//1428 1527//1430 1524//1427
f 1526//1429 1528//1431 1525//1428
f 1527//1430 1531//1434 1530//1433
f 1528//1431 1532//1435 1531//1434
f 122//122 126//126 5//5
f 121//121 1524//1427 122//122
f 120//120 1525//1428 121//121
f 120//120 678//654 1526//1429
f 1526//1429 679//655 1529//1432
f 679//655 1532//1435 1529//1432
f 680//656 135//135 1532//1435
f 1531//1434 135//135 136//136
f 1530//1433 136//136 137//137
f 128//128 137//137 7//7
f 127//127 1530//1433 128//128
f 1524//1427 127//127 126//126
f 1534//1437 1536//1439 1533//1436
f 1535//1438 1537//1440 1534//1437
f 1536//1439 1540//1443 1539//1442
f 1538//1441 1540//1443 1537//1440
f 137//137 141//141 7//7
f 136//136 1533//1436 137//137
f 135//135 1534//1437 136//136
f 135//135 681//657 1535//1438
f 1535//1438 682//658 1538//1441
f 682//658 1541//1444 1538//1441
f 683//659 150//150 1541//1444
f 1540//1443 150//150 151//151
f 1539//1442 151//151 152//152
f 143//143 152//152 9//9
f 142//142 1539//1442 143//143
f 1533//1436 142//142 141//141
f 1543//1446 1545//1448 1542//1445
f 1544//1447 1546//1449 1543//1446
f 1545//1448 1549//1452 1548//1451
f 1546//1449 1550//1453 1549//1452
f 152//152 156//156 9//9
f 151//151 1542//1445 152//152
f 150//150 1543//1446 151//151
f 150//150 684//660 1544//1447
f 684//660 1547//1450 1544//1447
f 685//661 1550//1453 1547//1450
f 686//662 165//165 1550//1453
f 1549//1452 165//165 166//166
f 1548//1451 166//166 167//167
f 158//158 167//167 11//11
f 157//157 1548//1451 158//158
f 1542//1445 157//157 156//156
f 1552//1455 1554//1457 1551//1454
f 1553//1456 1555//1458 1552//1455
f 1554//1457 1558//1461 1557//1460
f 1555//1458 1559//1462 1558//1461
f 167//167 171//171 11//11
f 166//166 1551//1454 167//167
f 165//165 1552//1455 166//166
f 78//78 1553//1456 165//165
f 1553//1456 688//664 1556//1459
f 1556//1459 689//665 1559//1462
f 689//665 180//180 1559//1462
f 1558//1461 180//180 181//181
f 1557//1460 181//181 182//182
f 173//173 182//182 13//13
f 172//172 1557//1460 173//173
f 1551//1454 172//172 171//171
f 1561//1464 1563//1466 1560//1463
f 1562//1465 1564//1467 1561//1464
f 1563//1466 1567//1470 1566//1469
f 1564//1467 1568//1471 1567//1470
f 182//182 186//186 13//13
f 181//181 1560//1463 182//182
f 180//180 1561//1464 181//181
f 180//180 690//666 1562//1465
f 1562//1465 691//667 1565//1468
f 691//667 1568//1471 1565//1468
f 692//668 195//195 1568//1471
f 1567//1470 195//195 196//196
f 1566//1469 196//196 197//197
f 188//188 197//197 15//15
f 187//187 1566//1469 188//188
f 1560//1463 187//187 186//186
f 1570//1473 1572//1475 1569//1472
f 1571//1474 1573//1476 1570//1473
f 1572//1475 1576//1479 1575//1478
f 1573//1476 1577//1480 1576//1479
f 197//197 201//201 15//15
f 196//196 1569//1472 197//197
f 195//195 1570//1473 196//196
f 195//195 693//669 1571//1474
f 1571//1474 694//670 1574//1477
f 694//670 1577//1480 1574//1477
f 695//671 210//210 1577//1480
f 1576//1479 210//210 211//211
f 1575//1478 211//211 212//212
f 203//203 212//212 17//17
f 202//202 1575//1478 203//203
f 1569//1472 202//202 201//201
f 1579//1482 1581//1484 1578//1481
f 1580//1483 1582//1485 1579//1482
f 1581//1484 1585//1488 1584//1487
f 1582//1485 1586//1489 1585//1488
f 212//212 216//216 17//17
f 211//211 1578//1481 212//212
f 210//210 1579//1482 211//211
f 210//210 696//672 1580//1483
f 1580//1483 697//673 1583//1486
f 697//673 1586//1489 1583//1486
f 698//674 225//225 1586//1489
f 1585//1488 225//225 226//226
f 1584//1487 226//226 227//227
f 218//218 227//227 19//19
f 217//217 1584//1487 218//218
f 1578//1481 217//217 216//216
f 1588//1491 1590//1493 1587//1490
f 1589//1492 1591//1494 1588//1491
f 1590//1493 1594//1497 1593//1496
f 1591//1494 1595//1498 1594//1497
f 227//227 231//231 19//19
f 226//226 1587//1490 227//227
f 225//225 1588//1491 226//226
f 225//225 699//675 1589//1492
f 1589//1492 700//676 1592//1495
f 700//676 1595//1498 1592//1495
f 701//677 240//240 1595//1498
f 1594//1497 240//240 241//241
f 1593//1496 241//241 242//242
f 233//233 242//242 21//21
f 232//232 1593//1496 233//233
f 1587//1490 232//232 231//231
f 1597//1500 1599//1502 1596//1499
f 1598//1501 1600//1503 1597//1500
f 1599//1502 1603//1506 1602//1505
f 1600//1503 1604//1507 1603//1506
f 242//242 246//246 21//21
f 241//241 1596//1499 242//242
f 240//240 1597//1500 241//241
f 240//240 702//678 1598//1501
f 1598//1501 703//679 1601//1504
f 703//679 1604//1507 1601//1504
f 704//680 255//255 1604//1507
f 1603//1506 255//255 256//256
f 1602//1505 256//256 257//257
f 248//248 257//257 23//23
f 247//247 1602//1505 248//248
f 1596//1499 247//247 246//246
f 1606//1509 1608//1511 1605//1508
f 1607//1510 1609//1512 1606//1509
f 1608//1511 1612//1515 1611//1514
f 1609//1512 1613//1516 1612//1515
f 257//257 261//261 23//23
f 256//256 1605//1508 257//257
f 255//255 1606//1509 256//256
f 255//255 705//681 1607//1510
f 1607//1510 706//682 1610//1513
f 706//682 1613//1516 1610//1513
f 707//683 270//270 1613//1516
f 1612//1515 270//270 271//271
f 1611//1514 271//271 272//272
f 263//263 272//272 25//25
f 262//262 1611//1514 263//263
f 1605//1508 262//262 261//261
f 1615//1518 1617//1520 1614//1517
f 1616//1519 1618//1521 1615//1518
f 1617//1520 1621//1524 1620//1523
f 1618//1521 1622//1525 1621//1524
f 272//272 276//276 25//25
f 271//271 1614//1517 272//272
f 270//270 1615//1518 271//271
f 270//270 708//684 1616//1519
f 1616//1519 709//685 1619//1522
f 709//685 1622//1525 1619//1522
f 710//686 285//285 1622//1525
f 1621//1524 285//285 286//286
f 1620//1523 286//286 287//287
f 278//278 287//287 27//27
f 277//277 1620//1523 278//278
f 1614//1517 277//277 276//276
f 1624//1527 1626//1529 1623//1526
f 1625//1528 1627//1530 1624//1527
f 1626//1529 1630//1533 1629//1532
f 1627//1530 1631//1534 1630//1533
f 287//287 291//291 27//27
f 286//286 1623//1526 287//287
f 285//285 1624//1527 286//286
f 285//285 711//687 1625//1528
f 1625//1528 712//688 1628//1531
f 712//688 1631//1534 1628//1531
f 713//689 300//300 1631//1534
f 1630//1533 300//300 301//301
f 1629//1532 301//301 302//302
f 293//293 302//302 29//29
f 292//292 1629//1532 293//293
f 1623//1526 292//292 291//291
f 1633//1536 1635//1538 1632//1535
f 1634//1537 1636//1539 1633//1536
f 1635//1538 1639//1542 1638//1541
f 1636//1539 1640//1543 1639//1542
f 302//302 306//306 29//29
f 301//301 1632//1535 302//302
f 300//300 1633//1536 301//301
f 300//300 714//690 1634//1537
f 1634//1537 715//691 1637//1540
f 715//691 1640//1543 1637//1540
f 1640//1543 88//88 315//315
f 1639//1542 315//315 316//316
f 1638//1541 316//316 317//317
f 308//308 317//317 31//31
f 307//307 1638//1541 308//308
f 1632//1535 307//307 306//306
f 1642//1545 1644//1547 1641//1544
f 1643//1546 1645//1548 1642//1545
f 1644//1547 1648//1551 1647//1550
f 1645//1548 1649//1552 1648//1551
f 317//317 321//321 31//31
f 316//316 1641//1544 317//317
f 315//315 1642//1545 316//316
f 315//315 717//693 1643//1546
f 1643//1546 718//694 1646//1549
f 718//694 1649//1552 1646//1549
f 1649//1552 89//89 330//330
f 1648//1551 330//330 331//331
f 1647//1550 331//331 332//332
f 323//323 332//332 33//33
f 322//322 1647//1550 323//323
f 1641//1544 322//322 321//321
f 1651//1554 1653//1556 1650//1553
f 1652//1555 1654//1557 1651//1554
f 1653//1556 1657//1560 1656//1559
f 1654//1557 1658//1561 1657//1560
f 332//332 336//336 33//33
f 331//331 1650//1553 332//332
f 330//330 1651//1554 331//331
f 330//330 720//696 1652//1555
f 1652//1555 721//697 1655//1558
f 721//697 1658//1561 1655//1558
f 722//698 345//345 1658//1561
f 1657//1560 345//345 346//346
f 1656//1559 346//346 347//347
f 338//338 347//347 35//35
f 337//337 1656//1559 338//338
f 1650//1553 337//337 336//336
f 1660//1563 1662//1565 1659//1562
f 1661//1564 1663//1566 1660//1563
f 1662//1565 1666//1569 1665//1568
f 1663//1566 1667//1570 1666//1569
f 347//347 351//351 35//35
f 346//346 1659//1562 347//347
f 345//345 1660//1563 346//346
f 345//345 723//699 1661//1564
f 1661//1564 724//700 1664//1567
f 724//700 1667//1570 1664//1567
f 725//701 360//360 1667//1570
f 1666//1569 360//360 361//361
f 1665//1568 361//361 362//362
f 353//353 362//362 37//37
f 352//352 1665//1568 353//353
f 1659//1562 352//352 351//351
f 1669//1572 1671//1574 1668//1571
f 1670//1573 1672//1575 1669//1572
f 1671//1574 1675//1578 1674//1577
f 1672//1575 1676//1579 1675//1578
f 362//362 366//366 37//37
f 361//361 1668//1571 362//362
f 360//360 1669//1572 361//361
f 91//91 1670//1573 360//360
f 1670//1573 727//703 1673//1576
f 727//703 1676//1579 1673//1576
f 728//704 375//375 1676//1579
f 1675//1578 375//375 376//376
f 1674//1577 376//376 377//377
f 368//368 377//377 39//39
f 367//367 1674//1577 368//368
f 1668//1571 367//367 366//366
f 1678//1581 1680//1583 1677//1580
f 1679//1582 1681//1584 1678//1581
f 1680//1583 1684//1587 1683//1586
f 1681//1584 1685//1588 1684//1587
f 377//377 381//381 39//39
f 376//376 1677//1580 377//377
f 375//375 1678//1581 376//376
f 375//375 729//705 1679//1582
f 1679//1582 730//706 1682//1585
f 730//706 1685//1588 1682//1585
f 731//707 390//390 1685//1588
f 1684//1587 390//390 391//391
f 1683//1586 391//391 392//392
f 383//383 392//392 41//41
f 382//382 1683//1586 383//383
f 1677//1580 382//382 381//381
f 1687//1590 1689//1592 1686//1589
f 1688//1591 1690//1593 1687//1590
f 1689//1592 1693//1596 1692//1595
f 1690//1593 1694//1597 1693//1596
f 392//392 396//396 41//41
f 391//391 1686//1589 392//392
f 390//390 1687//1590 391//391
f 390//390 732//708 1688//1591
f 1688//1591 733//709 1691//1594
f 733//709 1694//1597 1691//1594
f 734//710 405//405 1694//1597
f 1693//1596 405//405 406//406
f 1692//1595 406//406 407//407
f 398//398 407//407 43//43
f 397//397 1692//1595 398//398
f 1686//1589 397//397 396//396
f 1696//1599 1698//1601 1695//1598
f 1697//1600 1699//1602 1696//1599
f 1698//1601 1702//1605 1701//1604
f 1699//1602 1703//1606 1702//1605
f 407//407 411//411 43//43
f 406//406 1695//1598 407//407
f 405//405 1696//1599 406//406
f 405//405 735//711 1697//1600
f 1697//1600 736//712 1700//1603
f 736//712 1703//1606 1700//1603
f 737//713 420//420 1703//1606
f 1702//1605 420//420 421//421
f 1701//1604 421//421 422//422
f 413//413 422//422 45//45
f 412//412 1701//1604 413//413
f 1695//1598 412//412 411//411
f 1705//1608 1707//1610 1704//1607
f 1706//1609 1708//1611 1705//1608
f 1707//1610 1711//1614 1710//1613
f 1708//1611 1712//1615 1711//1614
f 422//422 426//426 45//45
f 421//421 1704//1607 422//422
f 420//420 1705//1608 421//421
f 420//420 738//714 1706//1609
f 1706//1609 739//715 1709//1612
f 739//715 1712//1615 1709//1612
f 740//716 435//435 1712//1615
f 1711//1614 435//435 436//436
f 1710//1613 436//436 437//437
f 428//428 437//437 47//47
f 427//427 1710//1613 428//428
f 1704//1607 427//427 426//426
f 1714//1617 1716//1619 1713//1616
f 1715//1618 1717//1620 1714//1617
f 1716//1619 1720//1623 1719//1622
f 1717//1620 1721//1624 1720//1623
f 437//437 441//441 47//47
f 436//436 1713//1616 437//437
f 435//435 1714//1617 436//436
f 435//435 741//717 1715//1618
f 741//717 1718//1621 1715//1618
f 742//718 1721//1624 1718//1621
f 743//719 450//450 1721//1624
f 1720//1623 450//450 451//451
f 1719//1622 451//451 452//452
f 443//443 452//452 49//49
f 442//442 1719//1622 443//443
f 1713//1616 442//442 441//441
f 1723//1626 1725//1628 1722//1625
f 1724//1627 1726//1629 1723//1626
f 1725//1628 1729//1632 1728//1631
f 1726//1629 1730//1633 1729//1632
f 452//452 453//453 49//49
f 451//451 1722//1625 452//452
f 450//450 1723//1626 451//451
f 450//450 744//720 1724//1627
f 1724//1627 745//721 1727//1630
f 1727//1630 746//722 1730//1633
f 746//722 674//650 1730//1633
f 1729//1632 674//650 673//649
f 1728//1631 673//649 672//648
f 455//455 672//648 3//3
f 454//454 1728//1631 455//455
f 1722//1625 454//454 453//453
f 749//725 747//723 753//729
f 750//726 751//727 747//723
f 752//728 753//729 747//723
f 102//102 748//724 101//101
f 103//103 749//725 748//724
f 748//724 753//729 100//100
f 3//3 105//105 750//726
f 105//105 106//106 751//727
f 104//104 750//726 749//725
f 5//5 99//99 752//728
f 99//99 100//100 753//729
f 107//107 752//728 751//727
f 756//732 754//730 760//736
f 757//733 758//734 754//730
f 759//735 760//736 754//730
f 111//111 755//731 110//110
f 112//112 756//732 755//731
f 755//731 760//736 109//109
f 6//6 114//114 757//733
f 114//114 115//115 758//734
f 113//113 757//733 756//732
f 4//4 108//108 759//735
f 108//108 109//109 760//736
f 116//116 759//735 758//734
f 761//737 762//738 765//741
f 762//738 763//739 766//742
f 765//741 768//744 767//743
f 766//742 769//745 768//744
f 117//117 761//737 600//599
f 117//117 118//118 762//738
f 118//118 119//119 763//739
f 119//119 4//4 116//116
f 763//739 116//116 115//115
f 115//115 114//114 769//745
f 114//114 6//6 462//461
f 769//745 462//461 463//462
f 768//744 463//462 464//463
f 602//601 767//743 464//463
f 764//740 767//743 602//601
f 761//737 764//740 601//600
f 772//748 770//746 776//752
f 773//749 774//750 770//746
f 775//751 776//752 770//746
f 101//101 771//747 125//125
f 100//100 772//748 771//747
f 771//747 776//752 124//124
f 5//5 126//126 773//749
f 126//126 127//127 774//750
f 99//99 773//749 772//748
f 7//7 123//123 775//751
f 123//123 124//124 776//752
f 128//128 775//751 774//750
f 779//755 777//753 783//759
f 780//756 781//757 777//753
f 782//758 783//759 777//753
f 129//129 778//754 111//111
f 130//130 779//755 778//754
f 778//754 783//759 112//112
f 8//8 132//132 780//756
f 132//132 133//133 781//757
f 131//131 780//756 779//755
f 6//6 113//113 782//758
f 113//113 112//112 783//759
f 134//134 782//758 781//757
f 784//760 785//761 788//764
f 785//761 786//762 789//765
f 788//764 791//767 790//766
f 789//765 792//768 791//767
f 464//463 784//760 597//596
f 464//463 463//462 785//761
f 463//462 462//461 786//762
f 462//461 6//6 134//134
f 786//762 134//134 133//133
f 133//133 132//132 792//768
f 132//132 8//8 465//464
f 792//768 465//464 466//465
f 791//767 466//465 467//466
f 599//598 790//766 467//466
f 598//597 787//763 790//766
f 784//760 787//763 598//597
f 795//771 793//769 799//775
f 796//772 797//773 793//769
f 798//774 799//775 793//769
f 125//125 794//770 140//140
f 124//124 795//771 794//770
f 794//770 799//775 139//139
f 7//7 141//141 796//772
f 141//141 142//142 797//773
f 123//123 796//772 795//771
f 9//9 138//138 798//774
f 138//138 139//139 799//775
f 143//143 798//774 797//773
f 802//778 800//776 806//782
f 803//779 804//780 800//776
f 805//781 806//782 800//776
f 144//144 801//777 129//129
f 145//145 802//778 801//777
f 801//777 806//782 130//130
f 10//10 147//147 803//779
f 147//147 148//148 804//780
f 146//146 803//779 802//778
f 8//8 131//131 805//781
f 131//131 130//130 806//782
f 149//149 805//781 804//780
f 807//783 808//784 811//787
f 808//784 809//785 812//788
f 811//787 814//790 813//789
f 812//788 815//791 814//790
f 467//466 807//783 594//593
f 467//466 466//465 808//784
f 466//465 465//464 809//785
f 465//464 8//8 149//149
f 809//785 149//149 148//148
f 148//148 147//147 815//791
f 147//147 10//10 468//467
f 815//791 468//467 469//468
f 814//790 469//468 470//469
f 596//595 813//789 470//469
f 810//786 813//789 596//595
f 807//783 810//786 595//594
f 818//794 816//792 822//798
f 819//795 820//796 816//792
f 821//797 822//798 816//792
f 140//140 817//793 155//155
f 139//139 818//794 817//793
f 817//793 822//798 154//154
f 9//9 156//156 819//795
f 156//156 157//157 820//796
f 138//138 819//795 818//794
f 11//11 153//153 821//797
f 153//153 154//154 822//798
f 158//158 821//797 820//796
f 825//801 823//799 829//805
f 826//802 827//803 823//799
f 828//804 829//805 823//799
f 159//159 824//800 144//144
f 160//160 825//801 824//800
f 824//800 829//805 145//145
f 12//12 162//162 826//802
f 162//162 163//163 827//803
f 161//161 826//802 825//801
f 10//10 146//146 828//804
f 146//146 145//145 829//805
f 164//164 828//804 827//803
f 830//806 831//807 834//810
f 831//807 832//808 835//811
f 834//810 837//813 836//812
f 835//811 838//814 837//813
f 470//469 830//806 591//590
f 470//469 469//468 831//807
f 469//468 468//467 832//808
f 468//467 10//10 164//164
f 832//808 164//164 163//163
f 163//163 162//162 838//814
f 162//162 12//12 471//470
f 838//814 471//470 472//471
f 837//813 472//471 473//472
f 593//592 836//812 473//472
f 592//591 833//809 836//812
f 830//806 833//809 592//591
f 841//817 839//815 845//821
f 842//818 843//819 839//815
f 844//820 845//821 839//815
f 155//155 840//816 170//170
f 154//154 841//817 840//816
f 840//816 845//821 169//169
f 11//11 171//171 842//818
f 171//171 172//172 843//819
f 153//153 842//818 841//817
f 13//13 168//168 844//820
f 168//168 169//169 845//821
f 173//173 844//820 843//819
f 848//824 846//822 852//828
f 849//825 850//826 846//822
f 851//827 852//828 846//822
f 174//174 847//823 159//159
f 175//175 848//824 847//823
f 847//823 852//828 160//160
f 14//14 177//177 849//825
f 177//177 178//178 850//826
f 176//176 849//825 848//824
f 12//12 161//161 851//827
f 161//161 160//160 852//828
f 179//179 851//827 850//826
f 853//829 854//830 857//833
f 854//830 855//831 858//834
f 857//833 860//836 859//835
f 858//834 861//837 860//836
f 473//472 853//829 588//587
f 473//472 472//471 854//830
f 472//471 471//470 855//831
f 471//470 12//12 179//179
f 855//831 179//179 178//178
f 178//178 177//177 861//837
f 177//177 14//14 474//473
f 861//837 474//473 475//474
f 860//836 475//474 476//475
f 590//589 859//835 476//475
f 589//588 856//832 859//835
f 853//829 856//832 589//588
f 864//840 862//838 868//844
f 865//841 866//842 862//838
f 867//843 868//844 862//838
f 170//170 863//839 185//185
f 169//169 864//840 863//839
f 863//839 868//844 184//184
f 13//13 186//186 865//841
f 186//186 187//187 866//842
f 168//168 865//841 864//840
f 15//15 183//183 867//843
f 183//183 184//184 868//844
f 188//188 867//843 866//842
f 871//847 869//845 875//851
f 872//848 873//849 869//845
f 874//850 875//851 869//845
f 189//189 870//846 174//174
f 190//190 871//847 870//846
f 870//846 875//851 175//175
f 16//16 192//192 872//848
f 192//192 193//193 873//849
f 191//191 872//848 871//847
f 14//14 176//176 874//850
f 176//176 175//175 875//851
f 194//194 874//850 873//849
f 876//852 877//853 880//856
f 877//853 878//854 881//857
f 880//856 883//859 882//858
f 881//857 884//860 883//859
f 476//475 876//852 585//584
f 476//475 475//474 877//853
f 475//474 474//473 878//854
f 474//473 14//14 194//194
f 878//854 194//194 193//193
f 193//193 192//192 884//860
f 192//192 16//16 477//476
f 884//860 477//476 478//477
f 883//859 478//477 479//478
f 882//858 479//478 57//57
f 586//585 879//855 882//858
f 876//852 879//855 586//585
f 887//863 885//861 891//867
f 888//864 889//865 885//861
f 890//866 891//867 885//861
f 185//185 886//862 200//200
f 184//184 887//863 886//862
f 886//862 891//867 199//199
f 15//15 201//201 888//864
f 201//201 202//202 889//865
f 183//183 888//864 887//863
f 17//17 198//198 890//866
f 198//198 199//199 891//867
f 203//203 890//866 889//865
f 894//870 892//868 898//874
f 895//871 896//872 892//868
f 897//873 898//874 892//868
f 204//204 893//869 189//189
f 205//205 894//870 893//869
f 893//869 898//874 190//190
f 18//18 207//207 895//871
f 207//207 208//208 896//872
f 206//206 895//871 894//870
f 16//16 191//191 897//873
f 191//191 190//190 898//874
f 209//209 897//873 896//872
f 899//875 900//876 903//879
f 900//876 901//877 904//880
f 903//879 906//882 905//881
f 904//880 907//883 906//882
f 479//478 899//875 582//581
f 479//478 478//477 900//876
f 478//477 477//476 901//877
f 477//476 16//16 209//209
f 901//877 209//209 208//208
f 208//208 207//207 907//883
f 207//207 18//18 480//479
f 907//883 480//479 481//480
f 906//882 481//480 482//481
f 584//583 905//881 482//481
f 583//582 902//878 905//881
f 899//875 902//878 583//582
f 910//886 908//884 914//890
f 911//887 912//888 908//884
f 913//889 914//890 908//884
f 200//200 909//885 215//215
f 199//199 910//886 909//885
f 909//885 914//890 214//214
f 17//17 216//216 911//887
f 216//216 217//217 912//888
f 198//198 911//887 910//886
f 19//19 213//213 913//889
f 213//213 214//214 914//890
f 218//218 913//889 912//888
f 917//893 915//891 921//897
f 918//894 919//895 915//891
f 920//896 921//897 915//891
f 219//219 916//892 204//204
f 220//220 917//893 916//892
f 916//892 921//897 205//205
f 20//20 222//222 918//894
f 222//222 223//223 919//895
f 221//221 918//894 917//893
f 18//18 206//206 920//896
f 206//206 205//205 921//897
f 224//224 920//896 919//895
f 922//898 923//899 926//902
f 923//899 924//900 927//903
f 926//902 929//905 928//904
f 927//903 930//906 929//905
f 482//481 922//898 579//578
f 482//481 481//480 923//899
f 481//480 480//479 924//900
f 480//479 18//18 224//224
f 924//900 224//224 223//223
f 223//223 222//222 930//906
f 222//222 20//20 483//482
f 930//906 483//482 484//483
f 929//905 484//483 485//484
f 581//580 928//904 485//484
f 580//579 925//901 928//904
f 922//898 925//901 580//579
f 933//909 931//907 937//913
f 934//910 935//911 931//907
f 936//912 937//913 931//907
f 215//215 932//908 230//230
f 214//214 933//909 932//908
f 932//908 937//913 229//229
f 19//19 231//231 934//910
f 231//231 232//232 935//911
f 213//213 934//910 933//909
f 21//21 228//228 936//912
f 228//228 229//229 937//913
f 233//233 936//912 935//911
f 940//916 938//914 944//920
f 941//917 942//918 938//914
f 943//919 944//920 938//914
f 234//234 939//915 219//219
f 235//235 940//916 939//915
f 939//915 944//920 220//220
f 22//22 237//237 941//917
f 237//237 238//238 942//918
f 236//236 941//917 940//916
f 20//20 221//221 943//919
f 221//221 220//220 944//920
f 239//239 943//919 942//918
f 945//921 946//922 949//925
f 946//922 947//923 950//926
f 949//925 952//928 951//927
f 950//926 953//929 952//928
f 485//484 945//921 576//575
f 485//484 484//483 946//922
f 484//483 483//482 947//923
f 483//482 20//20 239//239
f 947//923 239//239 238//238
f 238//238 237//237 953//929
f 237//237 22//22 486//485
f 953//929 486//485 487//486
f 952//928 487//486 488//487
f 578//577 951//927 488//487
f 577//576 948//924 951//927
f 945//921 948//924 577//576
f 956//932 954//930 960//936
f 957//933 958//934 954//930
f 959//935 960//936 954//930
f 230//230 955//931 245//245
f 229//229 956//932 955//931
f 955//931 960//936 244//244
f 21//21 246//246 957//933
f 246//246 247//247 958//934
f 228//228 957//933 956//932
f 23//23 243//243 959//935
f 243//243 244//244 960//936
f 248//248 959//935 958//934
f 963//939 961//937 967//943
f 964//940 965//941 961//937
f 966//942 967//943 961//937
f 249//249 962//938 234//234
f 250//250 963//939 962//938
f 962//938 967//943 235//235
f 24//24 252//252 964//940
f 252//252 253//253 965//941
f 251//251 964//940 963//939
f 22//22 236//236 966//942
f 236//236 235//235 967//943
f 254//254 966//942 965//941
f 968//944 969//945 972//948
f 969//945 970//946 973//949
f 972//948 975//951 974//950
f 973//949 976//952 975//951
f 488//487 968//944 573//572
f 488//487 487//486 969//945
f 487//486 486//485 970//946
f 486//485 22//22 254//254
f 970//946 254//254 253//253
f 253//253 252//252 976//952
f 252//252 24//24 489//488
f 976//952 489//488 490//489
f 975//951 490//489 491//490
f 575//574 974//950 491//490
f 574//573 971//947 974//950
f 968//944 971//947 574//573
f 979//955 977//953 983//959
f 980//956 981//957 977//953
f 982//958 983//959 977//953
f 245//245 978//954 260//260
f 244//244 979//955 978//954
f 978//954 983//959 259//259
f 23//23 261//261 980//956
f 261//261 262//262 981//957
f 243//243 980//956 979//955
f 25//25 258//258 982//958
f 258//258 259//259 983//959
f 263//263 982//958 981//957
f 986//962 984//960 990//966
f 987//963 988//964 984//960
f 989//965 990//966 984//960
f 264//264 985//961 249//249
f 265//265 986//962 985//961
f 985//961 990//966 250//250
f 26//26 267//267 987//963
f 267//267 268//268 988//964
f 266//266 987//963 986//962
f 24//24 251//251 989//965
f 251//251 250//250 990//966
f 269//269 989//965 988//964
f 991//967 992//968 995//971
f 992//968 993//969 996//972
f 995//971 998//974 997//973
f 996//972 999//975 998//974
f 491//490 991//967 570//569
f 491//490 490//489 992//968
f 490//489 489//488 993//969
f 489//488 24//24 269//269
f 993//969 269//269 268//268
f 268//268 267//267 999//975
f 267//267 26//26 492//491
f 999//975 492//491 493//492
f 998//974 493//492 494//493
f 572//571 997//973 494//493
f 571//570 994//970 997//973
f 991//967 994//970 571//570
f 1002//978 1000//976 1006//982
f 1003//979 1004//980 1000//976
f 1005//981 1006//982 1000//976
f 260//260 1001//977 275//275
f 259//259 1002//978 1001//977
f 1001//977 1006//982 274//274
f 25//25 276//276 1003//979
f 276//276 277//277 1004//980
f 258//258 1003//979 1002//978
f 27//27 273//273 1005//981
f 273//273 274//274 1006//982
f 278//278 1005//981 1004//980
f 1009//985 1007//983 1013//989
f 1010//986 1011//987 1007//983
f 1012//988 1013//989 1007//983
f 279//279 1008//984 264//264
f 280//280 1009//985 1008//984
f 1008//984 1013//989 265//265
f 28//28 282//282 1010//986
f 282//282 283//283 1011//987
f 281//281 1010//986 1009//985
f 26//26 266//266 1012//988
f 266//266 265//265 1013//989
f 284//284 1012//988 1011//987
f 1014//990 1015//991 1018//994
f 1015//991 1016//992 1019//995
f 1018//994 1021//997 1020//996
f 1019//995 1022//998 1021//997
f 494//493 1014//990 567//566
f 494//493 493//492 1015//991
f 493//492 492//491 1016//992
f 492//491 26//26 284//284
f 1016//992 284//284 283//283
f 283//283 282//282 1022//998
f 282//282 28//28 495//494
f 1022//998 495//494 496//495
f 1021//997 496//495 497//496
f 569//568 1020//996 497//496
f 568//567 1017//993 1020//996
f 1014//990 1017//993 568//567
f 1025//1001 1023//999 1029//1005
f 1026//1002 1027//1003 1023//999
f 1028//1004 1029//1005 1023//999
f 275//275 1024//1000 290//290
f 274//274 1025//1001 1024//1000
f 1024//1000 1029//1005 289//289
f 27//27 291//291 1026//1002
f 291//291 292//292 1027//1003
f 273//273 1026//1002 1025//1001
f 29//29 288//288 1028//1004
f 288//288 289//289 1029//1005
f 293//293 1028//1004 1027//1003
f 1032//1008 1030//1006 1036//1012
f 1033//1009 1034//1010 1030//1006
f 1035//1011 1036//1012 1030//1006
f 294//294 1031//1007 279//279
f 295//295 1032//1008 1031//1007
f 1031//1007 1036//1012 280//280
f 30//30 297//297 1033//1009
f 297//297 298//298 1034//1010
f 296//296 1033//1009 1032//1008
f 28//28 281//281 1035//1011
f 281//281 280//280 1036//1012
f 299//299 1035//1011 1034//1010
f 1037//1013 1038//1014 1041//1017
f 1038//1014 1039//1015 1042//1018
f 1041//1017 1044//1020 1043//1019
f 1042//1018 1045//1021 1044//1020
f 497//496 1037//1013 564//563
f 497//496 496//495 1038//1014
f 496//495 495//494 1039//1015
f 495//494 28//28 299//299
f 1039//1015 299//299 298//298
f 298//298 297//297 1045//1021
f 297//297 30//30 498//497
f 1045//1021 498//497 499//498
f 1044//1020 499//498 500//499
f 566//565 1043//1019 500//499
f 565//564 1040//1016 1043//1019
f 1037//1013 1040//1016 565//564
f 1048//1024 1046//1022 1052//1028
f 1049//1025 1050//1026 1046//1022
f 1051//1027 1052//1028 1046//1022
f 290//290 1047//1023 305//305
f 289//289 1048//1024 1047//1023
f 1047//1023 1052//1028 304//304
f 29//29 306//306 1049//1025
f 306//306 307//307 1050//1026
f 288//288 1049//1025 1048//1024
f 31//31 303//303 1051//1027
f 303//303 304//304 1052//1028
f 308//308 1051//1027 1050//1026
f 1055//1031 1053//1029 1059//1035
f 1056//1032 1057//1033 1053//1029
f 1058//1034 1059//1035 1053//1029
f 309//309 1054//1030 294//294
f 310//310 1055//1031 1054//1030
f 1054//1030 1059//1035 295//295
f 32//32 312//312 1056//1032
f 312//312 313//313 1057//1033
f 311//311 1056//1032 1055//1031
f 30//30 296//296 1058//1034
f 296//296 295//295 1059//1035
f 314//314 1058//1034 1057//1033
f 1060//1036 1061//1037 1064//1040
f 1061//1037 1062//1038 1065//1041
f 1064//1040 1067//1043 1066//1042
f 1065//1041 1068//1044 1067//1043
f 500//499 1060//1036 561//560
f 500//499 499//498 1061//1037
f 499//498 498//497 1062//1038
f 498//497 30//30 314//314
f 1062//1038 314//314 313//313
f 313//313 312//312 1068//1044
f 312//312 32//32 501//500
f 1068//1044 501//500 502//501
f 1067//1043 502//501 503//502
f 563//562 1066//1042 503//502
f 562//561 1063//1039 1066//1042
f 1060//1036 1063//1039 562//561
f 1071//1047 1069//1045 1075//1051
f 1072//1048 1073//1049 1069//1045
f 1074//1050 1075//1051 1069//1045
f 305//305 1070//1046 320//320
f 304//304 1071//1047 1070//1046
f 1070//1046 1075//1051 319//319
f 31//31 321//321 1072//1048
f 321//321 322//322 1073//1049
f 303//303 1072//1048 1071//1047
f 33//33 318//318 1074//1050
f 318//318 319//319 1075//1051
f 323//323 1074//1050 1073//1049
f 1078//1054 1076//1052 1082//1058
f 1079//1055 1080//1056 1076//1052
f 1081//1057 1082//1058 1076//1052
f 324//324 1077//1053 309//309
f 325//325 1078//1054 1077//1053
f 1077//1053 1082//1058 310//310
f 34//34 327//327 1079//1055
f 327//327 328//328 1080//1056
f 326//326 1079//1055 1078//1054
f 32//32 311//311 1081//1057
f 311//311 310//310 1082//1058
f 329//329 1081//1057 1080//1056
f 1083//1059 1084//1060 1087//1063
f 1084//1060 1085//1061 1088//1064
f 1087//1063 1090//1066 1089//1065
f 1088//1064 1091//1067 1090//1066
f 503//502 1083//1059 558//557
f 503//502 502//501 1084//1060
f 502//501 501//500 1085//1061
f 501//500 32//32 329//329
f 1085//1061 329//329 328//328
f 328//328 327//327 1091//1067
f 327//327 34//34 504//503
f 1091//1067 504//503 505//504
f 1090//1066 505//504 506//505
f 560//559 1089//1065 506//505
f 559//558 1086//1062 1089//1065
f 1083//1059 1086//1062 559//558
f 1094//1070 1092//1068 1098//1074
f 1095//1071 1096//1072 1092//1068
f 1097//1073 1098//1074 1092//1068
f 320//320 1093//1069 335//335
f 319//319 1094//1070 1093//1069
f 1093//1069 1098//1074 334//334
f 33//33 336//336 1095//1071
f 336//336 337//337 1096//1072
f 318//318 1095//1071 1094//1070
f 35//35 333//333 1097//1073
f 333//333 334//334 1098//1074
f 338//338 1097//1073 1096//1072
f 1101//1077 1099//1075 1105//1081
f 1102//1078 1103//1079 1099//1075
f 1104//1080 1105//1081 1099//1075
f 339//339 1100//1076 324//324
f 340//340 1101//1077 1100//1076
f 1100//1076 1105//1081 325//325
f 36//36 342//342 1102//1078
f 342//342 343//343 1103//1079
f 341//341 1102//1078 1101//1077
f 34//34 326//326 1104//1080
f 326//326 325//325 1105//1081
f 344//344 1104//1080 1103//1079
f 1106//1082 1107//1083 1110//1086
f 1107//1083 1108//1084 1111//1087
f 1110//1086 1113//1089 1112//1088
f 1111//1087 1114//1090 1113//1089
f 506//505 1106//1082 555//554
f 506//505 505//504 1107//1083
f 505//504 504//503 1108//1084
f 504//503 34//34 344//344
f 1108//1084 344//344 343//343
f 343//343 342//342 1114//1090
f 342//342 36//36 507//506
f 1114//1090 507//506 508//507
f 1113//1089 508//507 509//508
f 1112//1088 509//508 67//67
f 556//555 1109//1085 1112//1088
f 1106//1082 1109//1085 556//555
f 1117//1093 1115//1091 1121//1097
f 1118//1094 1119//1095 1115//1091
f 1120//1096 1121//1097 1115//1091
f 335//335 1116//1092 350//350
f 334//334 1117//1093 1116//1092
f 1116//1092 1121//1097 349//349
f 35//35 351//351 1118//1094
f 351//351 352//352 1119//1095
f 333//333 1118//1094 1117//1093
f 37//37 348//348 1120//1096
f 348//348 349//349 1121//1097
f 353//353 1120//1096 1119//1095
f 1124//1100 1122//1098 1128//1104
f 1125//1101 1126//1102 1122//1098
f 1127//1103 1128//1104 1122//1098
f 354//354 1123//1099 339//339
f 355//355 1124//1100 1123//1099
f 1123//1099 1128//1104 340//340
f 38//38 357//357 1125//1101
f 357//357 358//358 1126//1102
f 356//356 1125//1101 1124//1100
f 36//36 341//341 1127//1103
f 341//341 340//340 1128//1104
f 359//359 1127//1103 1126//1102
f 1129//1105 1130//1106 1133//1109
f 1130//1106 1131//1107 1134//1110
f 1133//1109 1136//1112 1135//1111
f 1134//1110 1137//1113 1136//1112
f 509//508 1129//1105 552//551
f 509//508 508//507 1130//1106
f 508//507 507//506 1131//1107
f 507//506 36//36 359//359
f 1131//1107 359//359 358//358
f 358//358 357//357 1137//1113
f 357//357 38//38 510//509
f 1137//1113 510//509 511//510
f 1136//1112 511//510 512//511
f 554//553 1135//1111 512//511
f 553//552 1132//1108 1135//1111
f 1129//1105 1132//1108 553//552
f 1140//1116 1138//1114 1144//1120
f 1141//1117 1142//1118 1138//1114
f 1143//1119 1144//1120 1138//1114
f 350//350 1139//1115 365//365
f 349//349 1140//1116 1139//1115
f 1139//1115 1144//1120 364//364
f 37//37 366//366 1141//1117
f 366//366 367//367 1142//1118
f 348//348 1141//1117 1140//1116
f 39//39 363//363 1143//1119
f 363//363 364//364 1144//1120
f 368//368 1143//1119 1142//1118
f 1147//1123 1145//1121 1151//1127
f 1148//1124 1149//1125 1145//1121
f 1150//1126 1151//1127 1145//1121
f 369//369 1146//1122 354//354
f 370//370 1147//1123 1146//1122
f 1146//1122 1151//1127 355//355
f 40//40 372//372 1148//1124
f 372//372 373//373 1149//1125
f 371//371 1148//1124 1147//1123
f 38//38 356//356 1150//1126
f 356//356 355//355 1151//1127
f 374//374 1150//1126 1149//1125
f 1152//1128 1153//1129 1156//1132
f 1153//1129 1154//1130 1157//1133
f 1156//1132 1159//1135 1158//1134
f 1157//1133 1160//1136 1159//1135
f 512//511 1152//1128 549//548
f 512//511 511//510 1153//1129
f 511//510 510//509 1154//1130
f 510//509 38//38 374//374
f 1154//1130 374//374 373//373
f 373//373 372//372 1160//1136
f 372//372 40//40 513//512
f 1160//1136 513//512 514//513
f 1159//1135 514//513 515//514
f 551//550 1158//1134 515//514
f 550//549 1155//1131 1158//1134
f 1152//1128 1155//1131 550//549
f 1163//1139 1161//1137 1167//1143
f 1164//1140 1165//1141 1161//1137
f 1166//1142 1167//1143 1161//1137
f 365//365 1162//1138 380//380
f 364//364 1163//1139 1162//1138
f 1162//1138 1167//1143 379//379
f 39//39 381//381 1164//1140
f 381//381 382//382 1165//1141
f 363//363 1164//1140 1163//1139
f 41//41 378//378 1166//1142
f 378//378 379//379 1167//1143
f 383//383 1166//1142 1165//1141
f 1170//1146 1168//1144 1174//1150
f 1171//1147 1172//1148 1168//1144
f 1173//1149 1174//1150 1168//1144
f 384//384 1169//1145 369//369
f 385//385 1170//1146 1169//1145
f 1169//1145 1174//1150 370//370
f 42//42 387//387 1171//1147
f 387//387 388//388 1172//1148
f 386//386 1171//1147 1170//1146
f 40//40 371//371 1173//1149
f 371//371 370//370 1174//1150
f 389//389 1173//1149 1172//1148
f 1175//1151 1176//1152 1179//1155
f 1176//1152 1177//1153 1180//1156
f 1179//1155 1182//1158 1181//1157
f 1180//1156 1183//1159 1182//1158
f 515//514 1175//1151 546//545
f 515//514 514//513 1176//1152
f 514//513 513//512 1177//1153
f 513//512 40//40 389//389
f 1177//1153 389//389 388//388
f 388//388 387//387 1183//1159
f 387//387 42//42 516//515
f 1183//1159 516//515 517//516
f 1182//1158 517//516 518//517
f 548//547 1181//1157 518//517
f 547//546 1178//1154 1181//1157
f 1175//1151 1178//1154 547//546
f 1186//1162 1184//1160 1190//1166
f 1187//1163 1188//1164 1184//1160
f 1189//1165 1190//1166 1184//1160
f 380//380 1185//1161 395//395
f 379//379 1186//1162 1185//1161
f 1185//1161 1190//1166 394//394
f 41//41 396//396 1187//1163
f 396//396 397//397 1188//1164
f 378//378 1187//1163 1186//1162
f 43//43 393//393 1189//1165
f 393//393 394//394 1190//1166
f 398//398 1189//1165 1188//1164
f 1193//1169 1191//1167 1197//1173
f 1194//1170 1195//1171 1191//1167
f 1196//1172 1197//1173 1191//1167
f 399//399 1192//1168 384//384
f 400//400 1193//1169 1192//1168
f 1192//1168 1197//1173 385//385
f 44//44 402//402 1194//1170
f 402//402 403//403 1195//1171
f 401//401 1194//1170 1193//1169
f 42//42 386//386 1196//1172
f 386//386 385//385 1197//1173
f 404//404 1196//1172 1195//1171
f 1198//1174 1199//1175 1202//1178
f 1199//1175 1200//1176 1203//1179
f 1202//1178 1205//1181 1204//1180
f 1203//1179 1206//1182 1205//1181
f 518//517 1198//1174 543//542
f 518//517 517//516 1199//1175
f 517//516 516//515 1200//1176
f 516//515 42//42 404//404
f 1200//1176 404//404 403//403
f 403//403 402//402 1206//1182
f 402//402 44//44 519//518
f 1206//1182 519//518 520//519
f 1205//1181 520//519 521//520
f 545//544 1204//1180 521//520
f 544//543 1201//1177 1204//1180
f 1198//1174 1201//1177 544//543
f 1209//1185 1207//1183 1213//1189
f 1210//1186 1211//1187 1207//1183
f 1212//1188 1213//1189 1207//1183
f 395//395 1208//1184 410//410
f 394//394 1209//1185 1208//1184
f 1208//1184 1213//1189 409//409
f 43//43 411//411 1210//1186
f 411//411 412//412 1211//1187
f 393//393 1210//1186 1209//1185
f 45//45 408//408 1212//1188
f 408//408 409//409 1213//1189
f 413//413 1212//1188 1211//1187
f 1216//1192 1214//1190 1220//1196
f 1217//1193 1218//1194 1214//1190
f 1219//1195 1220//1196 1214//1190
f 414//414 1215//1191 399//399
f 415//415 1216//1192 1215//1191
f 1215//1191 1220//1196 400//400
f 46//46 417//417 1217//1193
f 417//417 418//418 1218//1194
f 416//416 1217//1193 1216//1192
f 44//44 401//401 1219//1195
f 401//401 400//400 1220//1196
f 419//419 1219//1195 1218//1194
f 1221//1197 1222//1198 1225//1201
f 1222//1198 1223//1199 1226//1202
f 1225//1201 1228//1204 1227//1203
f 1226//1202 1229//1205 1228//1204
f 521//520 1221//1197 540//539
f 521//520 520//519 1222//1198
f 520//519 519//518 1223//1199
f 519//518 44//44 419//419
f 1223//1199 419//419 418//418
f 418//418 417//417 1229//1205
f 417//417 46//46 522//521
f 1229//1205 522//521 523//522
f 1228//1204 523//522 524//523
f 542//541 1227//1203 524//523
f 541//540 1224//1200 1227//1203
f 1221//1197 1224//1200 541//540
f 1232//1208 1230//1206 1236//1212
f 1233//1209 1234//1210 1230//1206
f 1235//1211 1236//1212 1230//1206
f 410//410 1231//1207 425//425
f 409//409 1232//1208 1231//1207
f 1231//1207 1236//1212 424//424
f 45//45 426//426 1233//1209
f 426//426 427//427 1234//1210
f 408//408 1233//1209 1232//1208
f 47//47 423//423 1235//1211
f 423//423 424//424 1236//1212
f 428//428 1235//1211 1234//1210
f 1239//1215 1237//1213 1243//1219
f 1240//1216 1241//1217 1237//1213
f 1242//1218 1243//1219 1237//1213
f 429//429 1238//1214 414//414
f 430//430 1239//1215 1238//1214
f 1238//1214 1243//1219 415//415
f 48//48 432//432 1240//1216
f 432//432 433//433 1241//1217
f 431//431 1240//1216 1239//1215
f 46//46 416//416 1242//1218
f 416//416 415//415 1243//1219
f 434//434 1242//1218 1241//1217
f 1244//1220 1245//1221 1248//1224
f 1245//1221 1246//1222 1249//1225
f 1248//1224 1251//1227 1250//1226
f 1249//1225 1252//1228 1251//1227
f 524//523 1244//1220 537//536
f 524//523 523//522 1245//1221
f 523//522 522//521 1246//1222
f 522//521 46//46 434//434
f 1246//1222 434//434 433//433
f 433//433 432//432 1252//1228
f 432//432 48//48 525//524
f 1252//1228 525//524 526//525
f 1251//1227 526//525 527//526
f 539//538 1250//1226 527//526
f 538//537 1247//1223 1250//1226
f 1244//1220 1247//1223 538//537
f 1255//1231 1253//1229 1259//1235
f 1256//1232 1257//1233 1253//1229
f 1258//1234 1259//1235 1253//1229
f 425//425 1254//1230 440//440
f 424//424 1255//1231 1254//1230
f 1254//1230 1259//1235 439//439
f 47//47 441//441 1256//1232
f 441//441 442//442 1257//1233
f 423//423 1256//1232 1255//1231
f 49//49 438//438 1258//1234
f 438//438 439//439 1259//1235
f 443//443 1258//1234 1257//1233
f 1262//1238 1260//1236 1266//1242
f 1263//1239 1264//1240 1260//1236
f 1265//1241 1266//1242 1260//1236
f 444//444 1261//1237 429//429
f 445//445 1262//1238 1261//1237
f 1261//1237 1266//1242 430//430
f 50//50 447//447 1263//1239
f 447//447 448//448 1264//1240
f 446//446 1263//1239 1262//1238
f 48//48 431//431 1265//1241
f 431//431 430//430 1266//1242
f 449//449 1265//1241 1264//1240
f 1267//1243 1268//1244 1271//1247
f 1268//1244 1269//1245 1272//1248
f 1271//1247 1274//1250 1273//1249
f 1272//1248 1275//1251 1274//1250
f 527//526 1267//1243 534//533
f 527//526 526//525 1268//1244
f 526//525 525//524 1269//1245
f 525//524 48//48 449//449
f 1269//1245 449//449 448//448
f 448//448 447//447 1275//1251
f 447//447 50//50 528//527
f 1275//1251 528//527 529//528
f 1274//1250 529//528 530//529
f 536//535 1273//1249 530//529
f 1270//1246 1273//1249 536//535
f 1267//1243 1270//1246 535//534
f 1278//1254 1276//1252 1282//1258
f 1279//1255 1280//1256 1276//1252
f 1281//1257 1282//1258 1276//1252
f 440//440 1277//1253 102//102
f 439//439 1278//1254 1277//1253
f 1277//1253 1282//1258 103//103
f 49//49 453//453 1279//1255
f 453//453 454//454 1280//1256
f 438//438 1279//1255 1278//1254
f 3//3 104//104 1281//1257
f 104//104 103//103 1282//1258
f 455//455 1281//1257 1280//1256
f 1285//1261 1283//1259 1289//1265
f 1286//1262 1287//1263 1283//1259
f 1288//1264 1289//1265 1283//1259
f 110//110 1284//1260 444//444
f 109//109 1285//1261 1284//1260
f 1284//1260 1289//1265 445//445
f 4//4 456//456 1286//1262
f 456//456 457//457 1287//1263
f 108//108 1286//1262 1285//1261
f 50//50 446//446 1288//1264
f 446//446 445//445 1289//1265
f 458//458 1288//1264 1287//1263
f 1290//1266 1291//1267 1294//1270
f 1291//1267 1292//1268 1295//1271
f 1294//1270 1297//1273 1296//1272
f 1295//1271 1298//1274 1297//1273
f 530//529 1290//1266 531//530
f 530//529 529//528 1291//1267
f 529//528 528//527 1292//1268
f 528//527 50//50 458//458
f 1292//1268 458//458 457//457
f 457//457 456//456 1298//1274
f 456//456 4//4 119//119
f 1298//1274 119//119 118//118
f 1297//1273 118//118 117//117
f 533//532 1296//1272 117//117
f 532//531 1293//1269 1296//1272
f 1290//1266 1293//1269 532//531
f 1300//1276 1303//1278 1302//1277
f 1301//1276 1304//1278 1303//1278
f 1303//1278 1306//1279 1305//1279
f 1304//1278 1307//1279 1306//1279
f 671//647 1299//1275 744//720
f 671//647 670//646 1300//1276
f 669//645 1301//1276 1300//1276
f 74//74 531//530 1301//1276
f 531//530 532//531 1304//1278
f 532//531 533//532 1307//1279
f 533//532 51//51 461//459
f 1307//1279 461//459 460//460
f 1306//1279 460//460 459//459
f 1305//1279 459//459 98//98
f 1302//1277 1305//1279 746//722
f 1299//1275 1302//1277 745//721
f 1309//1281 1312//1283 1311//1283
f 1310//1282 1313//1283 1312//1283
f 1312//1283 1315//1285 1314//1284
f 1313//1283 1316//1286 1315//1285
f 668//644 1308//1280 741//717
f 668//644 667//643 1309//1281
f 666//642 1310//1282 1309//1281
f 73//73 534//533 1310//1282
f 534//533 535//534 1313//1283
f 535//534 536//535 1316//1286
f 536//535 74//74 669//645
f 1316//1286 669//645 670//646
f 1315//1285 670//646 671//647
f 1314//1284 671//647 97//97
f 1311//1283 1314//1284 743//719
f 1308//1280 1311//1283 742//718
f 1318//1288 1321//1291 1320//1290
f 1319//1289 1322//1292 1321//1291
f 1321//1291 1324//1294 1323//1293
f 1322//1292 1325//1295 1324//1294
f 665//640 1317//1287 738//714
f 665//640 664//641 1318//1288
f 663//640 1319//1289 1318//1288
f 663//640 72//72 537//536
f 537//536 538//537 1322//1292
f 538//537 539//538 1325//1295
f 539//538 73//73 666//642
f 1325//1295 666//642 667//643
f 1324//1294 667//643 668//644
f 1323//1293 668//644 96//96
f 1320//1290 1323//1293 740//716
f 738//714 1317//1287 1320//1290
f 1326//1296 1327//1296 1330//1299
f 1328//1297 1331//1299 1330//1299
f 1330//1299 1333//1301 1332//1300
f 1330//1299 1331//1299 1334//1302
f 662//638 1326//1296 735//711
f 661//639 1327//1296 1326//1296
f 660//638 1328//1297 1327//1296
f 71//71 540//539 1328//1297
f 1328//1297 540//539 541//540
f 541//540 542//541 1334//1302
f 1334//1302 542//541 72//72
f 1334//1302 663//640 664//641
f 1332//1300 1333//1301 664//641
f 1332//1300 665//640 95//95
f 1329//1298 1332//1300 737//713
f 1326//1296 1329//1298 736//712
f 1336//1303 1339//1306 1338//1305
f 1336//1303 1337//1304 1340//1307
f 1339//1306 1342//1309 1341//1308
f 1339//1306 1340//1307 1343//1308
f 93//93 659//637 1335//1303
f 658//636 1336//1303 1335//1303
f 657//636 1337//1304 1336//1303
f 70//70 543//542 1337//1304
f 543//542 544//543 1340//1307
f 544//543 545//544 1343//1308
f 545//544 71//71 660//638
f 1343//1308 660//638 661//639
f 1342//1309 661//639 662//638
f 1341//1308 662//638 94//94
f 1338//1305 1341//1308 734//710
f 732//708 1335//1303 1338//1305
f 1345//1311 1348//1313 1347//1312
f 1346//1311 1349//1314 1348//1313
f 1348//1313 1351//1316 1350//1315
f 1348//1313 1349//1314 1352//1317
f 656//635 1344//1310 729//705
f 655//635 1345//1311 1344//1310
f 654//635 1346//1311 1345//1311
f 69//69 546//545 1346//1311
f 1346//1311 546//545 547//546
f 547//546 548//547 1352//1317
f 548//547 70//70 657//636
f 1352//1317 657//636 658//636
f 1351//1316 658//636 659//637
f 1350//1315 659//637 93//93
f 730//706 1347//1312 1350//1315
f 729//705 1344//1310 1347//1312
f 1354//1319 1357//1322 1356//1321
f 1354//1319 1355//1320 1358//1323
f 1357//1322 1360//1325 1359//1324
f 1357//1322 1358//1323 1361//1324
f 91//91 653//634 1353//1318
f 652//634 1354//1319 1353//1318
f 652//634 651//633 1355//1320
f 68//68 549//548 1355//1320
f 549//548 550//549 1358//1323
f 1358//1323 550//549 551//550
f 1361//1324 551//550 69//69
f 1361//1324 654//635 655//635
f 1360//1325 655//635 656//635
f 1359//1324 656//635 92//92
f 1356//1321 1359//1324 728//704
f 1353//1318 1356//1321 727//703
f 1363//1327 1366//1329 1365//1328
f 1364//1326 1367//1328 1366//1329
f 1366//1329 1369//1331 1368//1330
f 1367//1328 1370//1330 1369//1331
f 650//632 1362//1326 723//699
f 649//631 1363//1327 1362//1326
f 648//631 1364//1326 1363//1327
f 67//67 552//551 1364//1326
f 552//551 553//552 1367//1328
f 553//552 554//553 1370//1330
f 554//553 68//68 651//633
f 1370//1330 651//633 652//634
f 1369//1331 652//634 653//634
f 1368//1330 653//634 91//91
f 1365//1328 1368//1330 725//701
f 723//699 1362//1326 1365//1328
f 1372//1333 1375//1334 1374//1334
f 1373//1332 1376//1335 1375//1334
f 1375//1334 1378//1336 1377//1336
f 1376//1335 1379//1336 1378//1336
f 89//89 647//630 1371//1332
f 646//630 1372//1333 1371//1332
f 645//630 1373//1332 1372//1333
f 66//66 555//554 1373//1332
f 555//554 556//555 1376//1335
f 556//555 557//556 1379//1336
f 557//556 67//67 648//631
f 1379//1336 648//631 649//631
f 1378//1336 649//631 650//632
f 1377//1336 650//632 90//90
f 721//697 1374//1334 1377//1336
f 1371//1332 1374//1334 721//697
f 1381//1337 1384//1339 1383//1338
f 1382//1337 1385//1338 1384//1339
f 1384//1339 1387//1340 1386//1340
f 1385//1338 1388//1340 1387//1340
f 644//628 1380//1337 717//693
f 643//629 1381//1337 1380//1337
f 642//628 1382//1337 1381//1337
f 65//65 558//557 1382//1337
f 558//557 559//558 1385//1338
f 559//558 560//559 1388//1340
f 560//559 66//66 645//630
f 1388//1340 645//630 646//630
f 1387//1340 646//630 647//630
f 1386//1340 647//630 89//89
f 1383//1338 1386//1340 719//695
f 1380//1337 1383//1338 718//694
f 1390//1342 1393//1343 1392//1343
f 1391//1341 1394//1343 1393//1343
f 1393//1343 1396//1344 1395//1344
f 1394//1343 1397//1344 1396//1344
f 641//627 1389//1341 714//690
f 640//627 1390//1342 1389//1341
f 639//627 1391//1341 1390//1342
f 64//64 561//560 1391//1341
f 561//560 562//561 1394//1343
f 562//561 563//562 1397//1344
f 563//562 65//65 642//628
f 1397//1344 642//628 643//629
f 1396//1344 643//629 644//628
f 1395//1344 644//628 88//88
f 1392//1343 1395//1344 716//692
f 1389//1341 1392//1343 715//691
f 1399//1346 1402//1347 1401//1347
f 1400//1345 1403//1347 1402//1347
f 1402//1347 1405//1349 1404//1348
f 1403//1347 1406//1348 1405//1349
f 638//625 1398//1345 711//687
f 637//626 1399//1346 1398//1345
f 637//626 636//625 1400//1345
f 63//63 564//563 1400//1345
f 564//563 565//564 1403//1347
f 565//564 566//565 1406//1348
f 566//565 64//64 639//627
f 1406//1348 639//627 640//627
f 1405//1349 640//627 641//627
f 1404//1348 641//627 87//87
f 1401//1347 1404//1348 713//689
f 1398//1345 1401//1347 712//688
f 1408//1350 1411//1352 1410//1352
f 1409//1351 1412//1353 1411//1352
f 1411//1352 1414//1354 1413//1354
f 1412//1353 1415//1354 1414//1354
f 635//623 1407//1350 708//684
f 634//624 1408//1350 1407//1350
f 633//623 1409//1351 1408//1350
f 62//62 567//566 1409//1351
f 567//566 568//567 1412//1353
f 568//567 569//568 1415//1354
f 569//568 63//63 636//625
f 1415//1354 636//625 637//626
f 1413//1354 1414//1354 637//626
f 1413//1354 638//625 86//86
f 1410//1352 1413//1354 710//686
f 1407//1350 1410//1352 709//685
f 1417//1356 1420//1358 1419//1357
f 1418//1356 1421//1357 1420//1358
f 1420//1358 1423//1360 1422//1359
f 1421//1357 1424//1359 1423//1360
f 84//84 632//622 1416//1355
f 631//621 1417//1356 1416//1355
f 630//621 1418//1356 1417//1356
f 61//61 570//569 1418//1356
f 570//569 571//570 1421//1357
f 571//570 572//571 1424//1359
f 572//571 62//62 633//623
f 1424//1359 633//623 634//624
f 1423//1360 634//624 635//623
f 1422//1359 635//623 85//85
f 1419//1357 1422//1359 707//683
f 1416//1355 1419//1357 706//682
f 1426//1361 1429//1363 1428//1363
f 1427//1362 1430//1364 1429//1363
f 1429//1363 1432//1366 1431//1365
f 1430//1364 1433//1365 1432//1366
f 83//83 629//619 1425//1361
f 629//619 628//620 1426//1361
f 627//619 1427//1362 1426//1361
f 60//60 573//572 1427//1362
f 573//572 574//573 1430//1364
f 574//573 575//574 1433//1365
f 575//574 61//61 630//621
f 1432//1366 1433//1365 630//621
f 1432//1366 631//621 632//622
f 704//680 1431//1365 632//622
f 1428//1363 1431//1365 704//680
f 702//678 1425//1361 1428//1363
f 1435//1368 1438//1370 1437//1369
f 1436//1367 1439//1371 1438//1370
f 1438//1370 1441//1372 1440//1372
f 1439//1371 1442//1372 1441//1372
f 626//617 1434//1367 699//675
f 625//618 1435//1368 1434//1367
f 625//618 624//617 1436//1367
f 59//59 576//575 1436//1367
f 576//575 577//576 1439//1371
f 577//576 578//577 1442//1372
f 578//577 60//60 627//619
f 1442//1372 627//619 628//620
f 1440//1372 1441//1372 628//620
f 1440//1372 629//619 83//83
f 1437//1369 1440//1372 701//677
f 1434//1367 1437//1369 700//676
f 1444//1374 1447//1376 1446//1375
f 1444//1374 1445//1374 1448//1377
f 1447//1376 1450//1379 1449//1378
f 1447//1376 1448//1377 1451//1378
f 623//616 1443//1373 696//672
f 622//616 1444//1374 1443//1373
f 621//615 1445//1374 1444//1374
f 58//58 579//578 1445//1374
f 579//578 580//579 1448//1377
f 580//579 581//580 1451//1378
f 581//580 59//59 624//617
f 1450//1379 1451//1378 624//617
f 1450//1379 625//618 626//617
f 1449//1378 626//617 82//82
f 1446//1375 1449//1378 698//674
f 1443//1373 1446//1375 697//673
f 1453//1381 1456//1383 1455//1382
f 1454//1380 1457//1384 1456//1383
f 1456//1383 1459//1386 1458//1385
f 1456//1383 1457//1384 1460//1386
f 80//80 620//614 1452//1380
f 619//613 1453//1381 1452//1380
f 618//613 1454//1380 1453//1381
f 57//57 582//581 1454//1380
f 582//581 583//582 1457//1384
f 583//582 584//583 1460//1386
f 584//583 58//58 621//615
f 1460//1386 621//615 622//616
f 1459//1386 622//616 623//616
f 1458//1385 623//616 81//81
f 1455//1382 1458//1385 695//671
f 693//669 1452//1380 1455//1382
f 1462//1387 1465//1389 1464//1388
f 1462//1387 1463//1387 1466//1390
f 1464//1388 1465//1389 1468//1391
f 1466//1390 1469//1391 1468//1391
f 79//79 617//612 1461//1387
f 616//611 1462//1387 1461//1387
f 616//611 615//610 1463//1387
f 56//56 585//584 1463//1387
f 585//584 586//585 1466//1390
f 586//585 587//586 1469//1391
f 587//586 57//57 618//613
f 1469//1391 618//613 619//613
f 1467//1391 1468//1391 619//613
f 1467//1391 620//614 80//80
f 1464//1388 1467//1391 692//668
f 1461//1387 1464//1388 691//667
f 1471//1393 1474//1394 1473//1394
f 1472//1393 1475//1395 1474//1394
f 1474//1394 1477//1397 1476//1396
f 1475//1395 1478//1397 1477//1397
f 78//78 614//609 1470//1392
f 613//608 1471//1393 1470//1392
f 612//607 1472//1393 1471//1393
f 612//607 55//55 588//587
f 588//587 589//588 1475//1395
f 589//588 590//589 1478//1397
f 590//589 56//56 615//610
f 1478//1397 615//610 616//611
f 1477//1397 616//611 617//612
f 1476//1396 617//612 79//79
f 1473//1394 1476//1396 689//665
f 1470//1392 1473//1394 688//664
f 1480//1398 1483//1400 1482//1399
f 1481//1398 1484//1399 1483//1400
f 1483//1400 1486//1401 1485//1401
f 1484//1399 1487//1401 1486//1401
f 611//606 1479//1398 684//660
f 610//606 1480//1398 1479//1398
f 609//606 1481//1398 1480//1398
f 54//54 591//590 1481//1398
f 591//590 592//591 1484//1399
f 592//591 593//592 1487//1401
f 1487//1401 593//592 55//55
f 1487//1401 612//607 613//608
f 1486//1401 613//608 614//609
f 686//662 1485//1401 614//609
f 1482//1399 1485//1401 686//662
f 1479//1398 1482//1399 685//661
f 1488//1402 1489//1402 1492//1404
f 1490//1402 1493//1403 1492//1404
f 1491//1403 1492//1404 1495//1405
f 1493//1403 1496//1405 1495//1405
f 76//76 608//604 1488//1402
f 607//605 1489//1402 1488//1402
f 606//604 1490//1402 1489//1402
f 53//53 594//593 1490//1402
f 1490//1402 594//593 595//594
f 1493//1403 595//594 596//595
f 596//595 54//54 609//606
f 1496//1405 609//606 610//606
f 1495//1405 610//606 611//606
f 1494//1405 611//606 77//77
f 1491//1403 1494//1405 683//659
f 1488//1402 1491//1403 682//658
f 1498//1406 1501//1408 1500//1407
f 1498//1406 1499//1406 1502//1409
f 1501//1408 1504//1410 1503//1410
f 1502//1409 1505//1410 1504//1410
f 605//602 1497//1406 678//654
f 604//603 1498//1406 1497//1406
f 603//602 1499//1406 1498//1406
f 52//52 597//596 1499//1406
f 597//596 598//597 1502//1409
f 598//597 599//598 1505//1410
f 599//598 53//53 606//604
f 1505//1410 606//604 607//605
f 1504//1410 607//605 608//604
f 680//656 1503//1410 608//604
f 1500//1407 1503//1410 680//656
f 1497//1406 1500//1407 679//655
f 1507//1412 1510//1414 1509//1413
f 1508//1412 1511//1415 1510//1414
f 1510//1414 1513//1416 1512//1416
f 1511//1415 1514//1417 1513//1416
f 459//459 1506//1411 675//651
f 460//460 1507//1412 1506//1411
f 461//459 1508//1412 1507//1412
f 51//51 600//599 1508//1412
f 600//599 601//600 1511//1415
f 601//600 602//601 1514//1417
f 602//601 52//52 603//602
f 1514//1417 603//602 604//603
f 1513//1416 604//603 605//602
f 1512//1416 605//602 75//75
f 1509//1413 1512//1416 677//653
f 1506//1411 1509//1413 676//652
f 1516//1419 1519//1422 1518//1421
f 1517//1420 1520//1423 1519//1422
f 1518//1421 1519//1422 1522//1425
f 1519//1422 1520//1423 1523//1426
f 672//648 1515//1418 105//105
f 673//649 1516//1419 1515//1418
f 674//650 1517//1420 1516//1419
f 674//650 98//98 675//651
f 1517//1420 675//651 676//652
f 676//652 677//653 1523//1426
f 677//653 75//75 120//120
f 1522//1425 1523//1426 120//120
f 1521//1424 1522//1425 121//121
f 107//107 1521//1424 122//122
f 106//106 1518//1421 1521//1424
f 1515//1418 1518//1421 106//106
f 1525//1428 1528//1431 1527//1430
f 1526//1429 1529//1432 1528//1431
f 1527//1430 1528//1431 1531//1434
f 1528//1431 1529//1432 1532//1435
f 122//122 1524//1427 126//126
f 121//121 1525//1428 1524//1427
f 120//120 1526//1429 1525//1428
f 120//120 75//75 678//654
f 1526//1429 678//654 679//655
f 679//655 680//656 1532//1435
f 680//656 76//76 135//135
f 1531//1434 1532//1435 135//135
f 1530//1433 1531//1434 136//136
f 128//128 1530//1433 137//137
f 127//127 1527//1430 1530//1433
f 1524//1427 1527//1430 127//127
f 1534//1437 1537//1440 1536//1439
f 1535//1438 1538//1441 1537//1440
f 1536//1439 1537//1440 1540//1443
f 1538//1441 1541//1444 1540//1443
f 137//137 1533//1436 141//141
f 136//136 1534//1437 1533//1436
f 135//135 1535//1438 1534//1437
f 135//135 76//76 681//657
f 1535//1438 681//657 682//658
f 682//658 683//659 1541//1444
f 683//659 77//77 150//150
f 1540//1443 1541//1444 150//150
f 1539//1442 1540//1443 151//151
f 143//143 1539//1442 152//152
f 142//142 1536//1439 1539//1442
f 1533//1436 1536//1439 142//142
f 1543//1446 1546//1449 1545//1448
f 1544//1447 1547//1450 1546//1449
f 1545//1448 1546//1449 1549//1452
f 1546//1449 1547//1450 1550//1453
f 152//152 1542//1445 156//156
f 151//151 1543//1446 1542//1445
f 150//150 1544//1447 1543//1446
f 150//150 77//77 684//660
f 684//660 685//661 1547//1450
f 685//661 686//662 1550//1453
f 686//662 78//78 165//165
f 1549//1452 1550//1453 165//165
f 1548//1451 1549//1452 166//166
f 158//158 1548//1451 167//167
f 157//157 1545//1448 1548//1451
f 1542//1445 1545//1448 157//157
f 1552//1455 1555//1458 1554//1457
f 1553//1456 1556//1459 1555//1458
f 1554//1457 1555//1458 1558//1461
f 1555//1458 1556//1459 1559//1462
f 167//167 1551//1454 171//171
f 166//166 1552//1455 1551//1454
f 165//165 1553//1456 1552//1455
f 78//78 687//663 1553//1456
f 1553//1456 687//663 688//664
f 1556//1459 688//664 689//665
f 689//665 79//79 180//180
f 1558//1461 1559//1462 180//180
f 1557//1460 1558//1461 181//181
f 173//173 1557//1460 182//182
f 172//172 1554//1457 1557//1460
f 1551//1454 1554//1457 172//172
f 1561//1464 1564//1467 1563//1466
f 1562//1465 1565//1468 1564//1467
f 1563//1466 1564//1467 1567//1470
f 1564//1467 1565//1468 1568//1471
f 182//182 1560//1463 186//186
f 181//181 1561//1464 1560//1463
f 180//180 1562//1465 1561//1464
f 180//180 79//79 690//666
f 1562//1465 690//666 691//667
f 691//667 692//668 1568//1471
f 692//668 80//80 195//195
f 1567//1470 1568//1471 195//195
f 1566//1469 1567//1470 196//196
f 188//188 1566//1469 197//197
f 187//187 1563//1466 1566//1469
f 1560//1463 1563//1466 187//187
f 1570//1473 1573//1476 1572//1475
f 1571//1474 1574//1477 1573//1476
f 1572//1475 1573//1476 1576//1479
f 1573//1476 1574//1477 1577//1480
f 197//197 1569//1472 201//201
f 196//196 1570//1473 1569//1472
f 195//195 1571//1474 1570//1473
f 195//195 80//80 693//669
f 1571//1474 693//669 694//670
f 694//670 695//671 1577//1480
f 695//671 81//81 210//210
f 1576//1479 1577//1480 210//210
f 1575//1478 1576//1479 211//211
f 203//203 1575//1478 212//212
f 202//202 1572//1475 1575//1478
f 1569//1472 1572//1475 202//202
f 1579//1482 1582//1485 1581//1484
f 1580//1483 1583//1486 1582//1485
f 1581//1484 1582//1485 1585//1488
f 1582//1485 1583//1486 1586//1489
f 212//212 1578//1481 216//216
f 211//211 1579//1482 1578//1481
f 210//210 1580//1483 1579//1482
f 210//210 81//81 696//672
f 1580//1483 696//672 697//673
f 697//673 698//674 1586//1489
f 698//674 82//82 225//225
f 1585//1488 1586//1489 225//225
f 1584//1487 1585//1488 226//226
f 218//218 1584//1487 227//227
f 217//217 1581//1484 1584//1487
f 1578//1481 1581//1484 217//217
f 1588//1491 1591//1494 1590//1493
f 1589//1492 1592//1495 1591//1494
f 1590//1493 1591//1494 1594//1497
f 1591//1494 1592//1495 1595//1498
f 227//227 1587//1490 231//231
f 226//226 1588//1491 1587//1490
f 225//225 1589//1492 1588//1491
f 225//225 82//82 699//675
f 1589//1492 699//675 700//676
f 700//676 701//677 1595//1498
f 701//677 83//83 240//240
f 1594//1497 1595//1498 240//240
f 1593//1496 1594//1497 241//241
f 233//233 1593//1496 242//242
f 232//232 1590//1493 1593//1496
f 1587//1490 1590//1493 232//232
f 1597//1500 1600//1503 1599//1502
f 1598//1501 1601//1504 1600//1503
f 1599//1502 1600//1503 1603//1506
f 1600//1503 1601//1504 1604//1507
f 242//242 1596//1499 246//246
f 241//241 1597//1500 1596//1499
f 240//240 1598//1501 1597//1500
f 240//240 83//83 702//678
f 1598//1501 702//678 703//679
f 703//679 704//680 1604//1507
f 704//680 84//84 255//255
f 1603//1506 1604//1507 255//255
f 1602//1505 1603//1506 256//256
f 248//248 1602//1505 257//257
f 247//247 1599//1502 1602//1505
f 1596//1499 1599//1502 247//247
f 1606//1509 1609//1512 1608//1511
f 1607//1510 1610//1513 1609//1512
f 1608//1511 1609//1512 1612//1515
f 1609//1512 1610//1513 1613//1516
f 257//257 1605//1508 261//261
f 256//256 1606//1509 1605//1508
f 255//255 1607//1510 1606//1509
f 255//255 84//84 705//681
f 1607//1510 705//681 706//682
f 706//682 707//683 1613//1516
f 707//683 85//85 270//270
f 1612//1515 1613//1516 270//270
f 1611//1514 1612//1515 271//271
f 263//263 1611//1514 272//272
f 262//262 1608//1511 1611//1514
f 1605//1508 1608//1511 262//262
f 1615//1518 1618//1521 1617//1520
f 1616//1519 1619//1522 1618//1521
f 1617//1520 1618//1521 1621//1524
f 1618//1521 1619//1522 1622//1525
f 272//272 1614//1517 276//276
f 271//271 1615//1518 1614//1517
f 270//270 1616//1519 1615//1518
f 270//270 85//85 708//684
f 1616//1519 708//684 709//685
f 709//685 710//686 1622//1525
f 710//686 86//86 285//285
f 1621//1524 1622//1525 285//285
f 1620//1523 1621//1524 286//286
f 278//278 1620//1523 287//287
f 277//277 1617//1520 1620//1523
f 1614//1517 1617//1520 277//277
f 1624//1527 1627//1530 1626//1529
f 1625//1528 1628//1531 1627//1530
f 1626//1529 1627//1530 1630//1533
f 1627//1530 1628//1531 1631//1534
f 287//287 1623//1526 291//291
f 286//286 1624//1527 1623//1526
f 285//285 1625//1528 1624//1527
f 285//285 86//86 711//687
f 1625//1528 711//687 712//688
f 712//688 713//689 1631//1534
f 713//689 87//87 300//300
f 1630//1533 1631//1534 300//300
f 1629//1532 1630//1533 301//301
f 293//293 1629//1532 302//302
f 292//292 1626//1529 1629//1532
f 1623//1526 1626//1529 292//292
f 1633//1536 1636//1539 1635//1538
f 1634//1537 1637//1540 1636//1539
f 1635//1538 1636//1539 1639//1542
f 1636//1539 1637//1540 1640//1543
f 302//302 1632//1535 306//306
f 301//301 1633//1536 1632//1535
f 300//300 1634//1537 1633//1536
f 300//300 87//87 714//690
f 1634//1537 714//690 715//691
f 715//691 716//692 1640//1543
f 1640//1543 716//692 88//88
f 1639//1542 1640//1543 315//315
f 1638//1541 1639//1542 316//316
f 308//308 1638//1541 317//317
f 307//307 1635//1538 1638//1541
f 1632//1535 1635//1538 307//307
f 1642//1545 1645//1548 1644//1547
f 1643//1546 1646//1549 1645//1548
f 1644//1547 1645//1548 1648//1551
f 1645//1548 1646//1549 1649//1552
f 317//317 1641//1544 321//321
f 316//316 1642//1545 1641//1544
f 315//315 1643//1546 1642//1545
f 315//315 88//88 717//693
f 1643//1546 717//693 718//694
f 718//694 719//695 1649//1552
f 1649//1552 719//695 89//89
f 1648//1551 1649//1552 330//330
f 1647//1550 1648//1551 331//331
f 323//323 1647//1550 332//332
f 322//322 1644//1547 1647//1550
f 1641//1544 1644//1547 322//322
f 1651//1554 1654//1557 1653//1556
f 1652//1555 1655//1558 1654//1557
f 1653//1556 1654//1557 1657//1560
f 1654//1557 1655//1558 1658//1561
f 332//332 1650//1553 336//336
f 331//331 1651//1554 1650//1553
f 330//330 1652//1555 1651//1554
f 330//330 89//89 720//696
f 1652//1555 720//696 721//697
f 721//697 722//698 1658//1561
f 722//698 90//90 345//345
f 1657//1560 1658//1561 345//345
f 1656//1559 1657//1560 346//346
f 338//338 1656//1559 347//347
f 337//337 1653//1556 1656//1559
f 1650//1553 1653//1556 337//337
f 1660//1563 1663//1566 1662//1565
f 1661//1564 1664//1567 1663//1566
f 1662//1565 1663//1566 1666//1569
f 1663//1566 1664//1567 1667//1570
f 347//347 1659//1562 351//351
f 346//346 1660//1563 1659//1562
f 345//345 1661//1564 1660//1563
f 345//345 90//90 723//699
f 1661//1564 723//699 724//700
f 724//700 725//701 1667//1570
f 725//701 91//91 360//360
f 1666//1569 1667//1570 360//360
f 1665//1568 1666//1569 361//361
f 353//353 1665//1568 362//362
f 352//352 1662//1565 1665//1568
f 1659//1562 1662//1565 352//352
f 1669//1572 1672//1575 1671//1574
f 1670//1573 1673//1576 1672//1575
f 1671//1574 1672//1575 1675//1578
f 1672//1575 1673//1576 1676//1579
f 362//362 1668//1571 366//366
f 361//361 1669//1572 1668//1571
f 360//360 1670//1573 1669//1572
f 91//91 726//702 1670//1573
f 1670//1573 726//702 727//703
f 727//703 728//704 1676//1579
f 728//704 92//92 375//375
f 1675//1578 1676//1579 375//375
f 1674//1577 1675//1578 376//376
f 368//368 1674//1577 377//377
f 367//367 1671//1574 1674//1577
f 1668//1571 1671//1574 367//367
f 1678//1581 1681//1584 1680//1583
f 1679//1582 1682//1585 1681//1584
f 1680//1583 1681//1584 1684//1587
f 1681//1584 1682//1585 1685//1588
f 377//377 1677//1580 381//381
f 376//376 1678//1581 1677//1580
f 375//375 1679//1582 1678//1581
f 375//375 92//92 729//705
f 1679//1582 729//705 730//706
f 730//706 731//707 1685//1588
f 731//707 93//93 390//390
f 1684//1587 1685//1588 390//390
f 1683//1586 1684//1587 391//391
f 383//383 1683//1586 392//392
f 382//382 1680//1583 1683//1586
f 1677//1580 1680//1583 382//382
f 1687//1590 1690//1593 1689//1592
f 1688//1591 1691//1594 1690//1593
f 1689//1592 1690//1593 1693//1596
f 1690//1593 1691//1594 1694//1597
f 392//392 1686//1589 396//396
f 391//391 1687//1590 1686//1589
f 390//390 1688//1591 1687//1590
f 390//390 93//93 732//708
f 1688//1591 732//708 733//709
f 733//709 734//710 1694//1597
f 734//710 94//94 405//405
f 1693//1596 1694//1597 405//405
f 1692//1595 1693//1596 406//406
f 398//398 1692//1595 407//407
f 397//397 1689//1592 1692//1595
f 1686//1589 1689//1592 397//397
f 1696//1599 1699//1602 1698//1601
f 1697//1600 1700//1603 1699//1602
f 1698//1601 1699//1602 1702//1605
f 1699//1602 1700//1603 1703//1606
f 407//407 1695//1598 411//411
f 406//406 1696//1599 1695//1598
f 405//405 1697//1600 1696//1599
f 405//405 94//94 735//711
f 1697//1600 735//711 736//712
f 736//712 737//713 1703//1606
f 737//713 95//95 420//420
f 1702//1605 1703//1606 420//420
f 1701//1604 1702//1605 421//421
f 413//413 1701//1604 422//422
f 412//412 1698//1601 1701//1604
f 1695//1598 1698//1601 412//412
f 1705//1608 1708//1611 1707//1610
f 1706//1609 1709//1612 1708//1611
f 1707//1610 1708//1611 1711//1614
f 1708//1611 1709//1612 1712//1615
f 422//422 1704//1607 426//426
f 421//421 1705//1608 1704//1607
f 420//420 1706//1609 1705//1608
f 420//420 95//95 738//714
f 1706//1609 738//714 739//715
f 739//715 740//716 1712//1615
f 740//716 96//96 435//435
f 1711//1614 1712//1615 435//435
f 1710//1613 1711//1614 436//436
f 428//428 1710//1613 437//437
f 427//427 1707//1610 1710//1613
f 1704//1607 1707//1610 427//427
f 1714//1617 1717//1620 1716//1619
f 1715//1618 1718//1621 1717//1620
f 1716//1619 1717//1620 1720//1623
f 1717//1620 1718//1621 1721//1624
f 437//437 1713//1616 441//441
f 436//436 1714//1617 1713//1616
f 435//435 1715//1618 1714//1617
f 435//435 96//96 741//717
f 741//717 742//718 1718//1621
f 742//718 743//719 1721//1624
f 743//719 97//97 450//450
f 1720//1623 1721//1624 450//450
f 1719//1622 1720//1623 451//451
f 443//443 1719//1622 452//452
f 442//442 1716//1619 1719//1622
f 1713//1616 1716//1619 442//442
f 1723//1626 1726//1629 1725//1628
f 1724//1627 1727//1630 1726//1629
f 1725//1628 1726//1629 1729//1632
f 1726//1629 1727//1630 1730//1633
f 452//452 1722//1625 453//453
f 451//451 1723//1626 1722//1625
f 450//450 1724//1627 1723//1626
f 450//450 97//97 744//720
f 1724//1627 744//720 745//721
f 1727//1630 745//721 746//722
f 746//722 98//98 674//650
f 1729//1632 1730//1633 674//650
f 1728//1631 1729//1632 673//649
f 455//455 1728//1631 672//648
f 454//454 1725//1628 1728//1631
f 1722//1625 1725//1628 454//454
