# Blender 5.0.1
# www.blender.org
o Floor_Lamp_Finial_Base
v -3.141730 2.661782 0.716082
v -3.141730 2.670065 0.716082
v -3.150697 2.661782 0.704171
v -3.150697 2.670065 0.704171
v -3.147309 2.661782 0.702255
v -3.147309 2.670065 0.702255
v -3.143541 2.661782 0.701283
v -3.143541 2.670065 0.701283
v -3.139649 2.661782 0.701318
v -3.139649 2.670065 0.701318
v -3.135899 2.661782 0.702360
v -3.135899 2.670065 0.702360
v -3.132546 2.661782 0.704337
v -3.132546 2.670065 0.704337
v -3.129819 2.661782 0.707114
v -3.129819 2.670065 0.707114
v -3.127904 2.661782 0.710502
v -3.127904 2.670065 0.710502
v -3.126931 2.661782 0.714271
v -3.126931 2.670065 0.714271
v -3.126967 2.661782 0.718163
v -3.126967 2.670065 0.718163
v -3.128008 2.661782 0.721913
v -3.128008 2.670065 0.721913
v -3.129985 2.661782 0.725266
v -3.129985 2.670065 0.725266
v -3.132762 2.661782 0.727992
v -3.132762 2.670065 0.727992
v -3.136151 2.661782 0.729908
v -3.136151 2.670065 0.729908
v -3.139919 2.661782 0.730880
v -3.139919 2.670065 0.730880
v -3.143811 2.661782 0.730845
v -3.143811 2.670065 0.730845
v -3.147561 2.661782 0.729803
v -3.147561 2.670065 0.729803
v -3.150914 2.661782 0.727826
v -3.150914 2.670065 0.727826
v -3.153641 2.661782 0.725049
v -3.153641 2.670065 0.725049
v -3.155556 2.661782 0.721661
v -3.155556 2.670065 0.721661
v -3.156529 2.661782 0.717892
v -3.156529 2.670065 0.717892
v -3.156493 2.661782 0.714000
v -3.156493 2.670065 0.714000
v -3.155452 2.661782 0.710250
v -3.155452 2.670065 0.710250
v -3.153475 2.661782 0.706897
v -3.153475 2.670065 0.706897
v -3.150697 2.668823 0.704171
v -3.147309 2.668823 0.702255
v -3.143541 2.668823 0.701283
v -3.139649 2.668823 0.701318
v -3.135899 2.668823 0.702360
v -3.132546 2.668823 0.704337
v -3.129819 2.668823 0.707114
v -3.127904 2.668823 0.710502
v -3.126931 2.668823 0.714271
v -3.126967 2.668823 0.718163
v -3.128008 2.668823 0.721913
v -3.129985 2.668823 0.725266
v -3.132762 2.668823 0.727992
v -3.136151 2.668823 0.729908
v -3.139919 2.668823 0.730880
v -3.143811 2.668823 0.730845
v -3.147561 2.668823 0.729803
v -3.150914 2.668823 0.727826
v -3.153641 2.668823 0.725049
v -3.155556 2.668823 0.721661
v -3.156529 2.668823 0.717892
v -3.156493 2.668823 0.714000
v -3.155452 2.668823 0.710250
v -3.153475 2.668823 0.706897
v -3.147309 2.663001 0.702255
v -3.143541 2.663001 0.701283
v -3.139649 2.663001 0.701318
v -3.135899 2.663001 0.702360
v -3.132546 2.663001 0.704337
v -3.129819 2.663001 0.707114
v -3.127904 2.663001 0.710502
v -3.126931 2.663001 0.714271
v -3.126967 2.663001 0.718163
v -3.128008 2.663001 0.721913
v -3.129985 2.663001 0.725266
v -3.132762 2.663001 0.727992
v -3.136151 2.663001 0.729908
v -3.139919 2.663001 0.730880
v -3.143811 2.663001 0.730845
v -3.147561 2.663001 0.729803
v -3.150914 2.663001 0.727826
v -3.153641 2.663001 0.725049
v -3.155556 2.663001 0.721661
v -3.156529 2.663001 0.717892
v -3.156493 2.663001 0.714000
v -3.155452 2.663001 0.710250
v -3.153475 2.663001 0.706897
v -3.150697 2.663001 0.704171
v -3.135929 2.668867 0.711473
v -3.135251 2.668867 0.712559
v -3.141796 2.668867 0.715891
v -3.141796 2.668867 0.715891
v -3.135809 2.668882 0.711383
v -3.135117 2.668882 0.712491
v -3.135692 2.668929 0.711295
v -3.134987 2.668929 0.712425
v -3.135583 2.669005 0.711213
v -3.134865 2.669005 0.712363
v -3.135485 2.669108 0.711139
v -3.134755 2.669108 0.712307
v -3.135400 2.669235 0.711075
v -3.134660 2.669235 0.712259
v -3.135331 2.669383 0.711023
v -3.134583 2.669383 0.712220
v -3.135280 2.669546 0.710985
v -3.134527 2.669546 0.712191
v -3.135249 2.669720 0.710961
v -3.134492 2.669720 0.712173
v -3.135238 2.669899 0.710953
v -3.134480 2.669899 0.712167
v -3.135238 2.671482 0.710953
v -3.134480 2.671482 0.712167
v -3.135256 2.671509 0.710967
v -3.134500 2.671509 0.712177
v -3.137876 2.671509 0.712939
v -3.137423 2.671509 0.713665
v -3.137995 2.671525 0.713029
v -3.137556 2.671525 0.713733
v -3.138112 2.671571 0.713117
v -3.137686 2.671571 0.713799
v -3.138221 2.671647 0.713199
v -3.137808 2.671647 0.713861
v -3.138319 2.671751 0.713273
v -3.137918 2.671751 0.713917
v -3.138405 2.671878 0.713337
v -3.138013 2.671878 0.713965
v -3.138474 2.672025 0.713389
v -3.138090 2.672025 0.714004
v -3.138525 2.672189 0.713428
v -3.138146 2.672189 0.714033
v -3.138556 2.672362 0.713451
v -3.138181 2.672362 0.714051
v -3.138566 2.672542 0.713459
v -3.138193 2.672542 0.714057
v -3.134771 2.668867 0.713747
v -3.141796 2.668867 0.715891
v -3.134628 2.668882 0.713703
v -3.134489 2.668929 0.713661
v -3.134358 2.669005 0.713621
v -3.134240 2.669108 0.713585
v -3.134138 2.669235 0.713554
v -3.134055 2.669383 0.713528
v -3.133995 2.669546 0.713510
v -3.133957 2.669720 0.713498
v -3.133945 2.669899 0.713494
v -3.133945 2.671482 0.713494
v -3.133966 2.671509 0.713501
v -3.137102 2.671509 0.714458
v -3.137246 2.671525 0.714502
v -3.137385 2.671571 0.714545
v -3.137516 2.671647 0.714585
v -3.137634 2.671751 0.714621
v -3.137736 2.671878 0.714652
v -3.137818 2.672025 0.714677
v -3.137879 2.672189 0.714696
v -3.137916 2.672362 0.714707
v -3.137929 2.672542 0.714711
v -3.134506 2.668867 0.714999
v -3.141796 2.668867 0.715891
v -3.134357 2.668882 0.714981
v -3.134212 2.668929 0.714964
v -3.134077 2.669005 0.714947
v -3.133954 2.669108 0.714932
v -3.133848 2.669235 0.714919
v -3.133763 2.669383 0.714909
v -3.133699 2.669546 0.714901
v -3.133661 2.669720 0.714896
v -3.133648 2.669899 0.714894
v -3.133648 2.671482 0.714894
v -3.133670 2.671509 0.714897
v -3.136925 2.671509 0.715295
v -3.137074 2.671525 0.715314
v -3.137218 2.671571 0.715331
v -3.137354 2.671647 0.715348
v -3.137476 2.671751 0.715363
v -3.137582 2.671878 0.715376
v -3.137668 2.672025 0.715386
v -3.137731 2.672189 0.715394
v -3.137770 2.672362 0.715399
v -3.137783 2.672542 0.715400
v -3.134461 2.668867 0.716279
v -3.134312 2.668882 0.716287
v -3.134166 2.668929 0.716295
v -3.134030 2.669005 0.716302
v -3.133907 2.669108 0.716308
v -3.133800 2.669235 0.716314
v -3.133714 2.669383 0.716319
v -3.133651 2.669546 0.716322
v -3.133612 2.669720 0.716324
v -3.133599 2.669899 0.716325
v -3.133599 2.671482 0.716325
v -3.133621 2.671509 0.716324
v -3.136895 2.671509 0.716151
v -3.137045 2.671525 0.716143
v -3.137191 2.671571 0.716135
v -3.137327 2.671647 0.716128
v -3.137450 2.671751 0.716121
v -3.137557 2.671878 0.716116
v -3.137643 2.672025 0.716111
v -3.137706 2.672189 0.716108
v -3.137745 2.672362 0.716106
v -3.137758 2.672542 0.716105
v -3.134640 2.668867 0.717547
v -3.141796 2.668867 0.715892
v -3.134494 2.668882 0.717581
v -3.134352 2.668929 0.717614
v -3.134219 2.669005 0.717644
v -3.134099 2.669108 0.717672
v -3.133995 2.669235 0.717696
v -3.133911 2.669383 0.717716
v -3.133849 2.669546 0.717730
v -3.133811 2.669720 0.717739
v -3.133798 2.669899 0.717742
v -3.133798 2.671482 0.717742
v -3.133820 2.671509 0.717737
v -3.137015 2.671509 0.716998
v -3.137161 2.671525 0.716964
v -3.137303 2.671571 0.716931
v -3.137436 2.671647 0.716900
v -3.137556 2.671751 0.716873
v -3.137660 2.671878 0.716849
v -3.137744 2.672025 0.716829
v -3.137806 2.672189 0.716815
v -3.137844 2.672362 0.716806
v -3.137857 2.672542 0.716803
v -3.135036 2.668867 0.718765
v -3.141796 2.668867 0.715892
v -3.134898 2.668882 0.718823
v -3.134764 2.668929 0.718880
v -3.134639 2.669005 0.718934
v -3.134525 2.669108 0.718982
v -3.134427 2.669235 0.719024
v -3.134348 2.669383 0.719057
v -3.134289 2.669546 0.719082
v -3.134253 2.669720 0.719098
v -3.134241 2.669899 0.719103
v -3.134241 2.671482 0.719103
v -3.134261 2.671509 0.719094
v -3.137280 2.671509 0.717811
v -3.137418 2.671525 0.717753
v -3.137552 2.671571 0.717696
v -3.137677 2.671647 0.717642
v -3.137791 2.671751 0.717594
v -3.137889 2.671878 0.717552
v -3.137968 2.672025 0.717519
v -3.138027 2.672189 0.717494
v -3.138063 2.672362 0.717479
v -3.138075 2.672542 0.717473
v -3.135638 2.668867 0.719895
v -3.141796 2.668867 0.715892
v -3.135512 2.668882 0.719977
v -3.135390 2.668929 0.720056
v -3.135276 2.669005 0.720131
v -3.135172 2.669108 0.720198
v -3.135083 2.669235 0.720256
v -3.135010 2.669383 0.720303
v -3.134957 2.669546 0.720338
v -3.134924 2.669720 0.720359
v -3.134913 2.669899 0.720366
v -3.134913 2.671482 0.720366
v -3.134932 2.671509 0.720354
v -3.137681 2.671509 0.718567
v -3.137807 2.671525 0.718485
v -3.137929 2.671571 0.718406
v -3.138044 2.671647 0.718331
v -3.138147 2.671751 0.718264
v -3.138237 2.671878 0.718206
v -3.138309 2.672025 0.718159
v -3.138362 2.672189 0.718124
v -3.138395 2.672362 0.718103
v -3.138406 2.672542 0.718096
v -3.136427 2.668866 0.720904
v -3.141796 2.668867 0.715892
v -3.136317 2.668882 0.721006
v -3.136211 2.668929 0.721105
v -3.136111 2.669005 0.721198
v -3.136021 2.669108 0.721283
v -3.135943 2.669235 0.721355
v -3.135880 2.669383 0.721414
v -3.135833 2.669546 0.721458
v -3.135805 2.669720 0.721484
v -3.135795 2.669899 0.721493
v -3.135795 2.671482 0.721493
v -3.135811 2.671509 0.721478
v -3.138209 2.671509 0.719241
v -3.138318 2.671525 0.719138
v -3.138425 2.671571 0.719039
v -3.138525 2.671647 0.718946
v -3.138615 2.671751 0.718862
v -3.138693 2.671878 0.718789
v -3.138756 2.672025 0.718730
v -3.138802 2.672189 0.718687
v -3.138831 2.672362 0.718660
v -3.138840 2.672542 0.718651
v -3.137379 2.668866 0.721760
v -3.141796 2.668867 0.715893
v -3.137289 2.668882 0.721880
v -3.137201 2.668929 0.721996
v -3.137119 2.669005 0.722105
v -3.137045 2.669108 0.722204
v -3.136981 2.669235 0.722289
v -3.136929 2.669383 0.722358
v -3.136890 2.669546 0.722409
v -3.136867 2.669720 0.722440
v -3.136859 2.669899 0.722450
v -3.136859 2.671482 0.722450
v -3.136872 2.671509 0.722433
v -3.138845 2.671509 0.719813
v -3.138935 2.671525 0.719693
v -3.139023 2.671571 0.719577
v -3.139105 2.671647 0.719468
v -3.139179 2.671751 0.719369
v -3.139243 2.671878 0.719284
v -3.139295 2.672025 0.719215
v -3.139333 2.672189 0.719164
v -3.139357 2.672362 0.719133
v -3.139364 2.672542 0.719123
v -3.138465 2.668866 0.722438
v -3.141796 2.668867 0.715893
v -3.138397 2.668882 0.722572
v -3.138331 2.668929 0.722702
v -3.138269 2.669005 0.722823
v -3.138213 2.669108 0.722933
v -3.138165 2.669235 0.723028
v -3.138125 2.669383 0.723105
v -3.138097 2.669546 0.723162
v -3.138079 2.669720 0.723197
v -3.138073 2.669899 0.723208
v -3.138073 2.671482 0.723208
v -3.138083 2.671509 0.723189
v -3.139570 2.671509 0.720266
v -3.139639 2.671525 0.720132
v -3.139704 2.671571 0.720003
v -3.139766 2.671647 0.719881
v -3.139822 2.671751 0.719771
v -3.139871 2.671878 0.719676
v -3.139910 2.672025 0.719599
v -3.139939 2.672189 0.719542
v -3.139956 2.672362 0.719508
v -3.139962 2.672542 0.719496
v -3.139652 2.668867 0.722917
v -3.141797 2.668867 0.715893
v -3.139609 2.668882 0.723061
v -3.139566 2.668929 0.723200
v -3.139526 2.669005 0.723331
v -3.139490 2.669108 0.723449
v -3.139459 2.669235 0.723550
v -3.139434 2.669383 0.723633
v -3.139415 2.669546 0.723694
v -3.139404 2.669720 0.723731
v -3.139400 2.669899 0.723744
v -3.139400 2.671482 0.723744
v -3.139406 2.671509 0.723723
v -3.140364 2.671509 0.720586
v -3.140408 2.671525 0.720443
v -3.140450 2.671571 0.720304
v -3.140490 2.671647 0.720173
v -3.140526 2.671751 0.720055
v -3.140557 2.671878 0.719953
v -3.140583 2.672025 0.719870
v -3.140601 2.672189 0.719810
v -3.140612 2.672362 0.719772
v -3.140616 2.672542 0.719760
v -3.140905 2.668867 0.723183
v -3.141797 2.668867 0.715893
v -3.140887 2.668882 0.723332
v -3.140869 2.668929 0.723476
v -3.140852 2.669005 0.723612
v -3.140837 2.669108 0.723734
v -3.140825 2.669235 0.723840
v -3.140814 2.669383 0.723926
v -3.140806 2.669546 0.723989
v -3.140802 2.669720 0.724028
v -3.140800 2.669899 0.724041
v -3.140800 2.671482 0.724041
v -3.140803 2.671509 0.724019
v -3.141201 2.671509 0.720764
v -3.141219 2.671525 0.720615
v -3.141237 2.671571 0.720470
v -3.141253 2.671647 0.720335
v -3.141268 2.671751 0.720212
v -3.141281 2.671878 0.720107
v -3.141292 2.672025 0.720021
v -3.141299 2.672189 0.719958
v -3.141304 2.672362 0.719919
v -3.141306 2.672542 0.719906
v -3.142185 2.668867 0.723227
v -3.141797 2.668867 0.715893
v -3.142193 2.668882 0.723377
v -3.142200 2.668929 0.723522
v -3.142207 2.669005 0.723659
v -3.142214 2.669108 0.723782
v -3.142220 2.669235 0.723888
v -3.142224 2.669383 0.723975
v -3.142227 2.669546 0.724038
v -3.142230 2.669720 0.724077
v -3.142230 2.669899 0.724090
v -3.142230 2.671482 0.724090
v -3.142229 2.671509 0.724068
v -3.142056 2.671509 0.720793
v -3.142048 2.671525 0.720643
v -3.142040 2.671571 0.720498
v -3.142033 2.671647 0.720362
v -3.142027 2.671751 0.720239
v -3.142021 2.671878 0.720132
v -3.142017 2.672025 0.720046
v -3.142013 2.672189 0.719982
v -3.142011 2.672362 0.719943
v -3.142010 2.672542 0.719930
v -3.143453 2.668867 0.723048
v -3.141797 2.668867 0.715893
v -3.143486 2.668882 0.723195
v -3.143519 2.668929 0.723336
v -3.143550 2.669005 0.723469
v -3.143578 2.669108 0.723590
v -3.143602 2.669235 0.723693
v -3.143621 2.669383 0.723778
v -3.143636 2.669546 0.723840
v -3.143644 2.669720 0.723878
v -3.143647 2.669899 0.723890
v -3.143647 2.671482 0.723890
v -3.143642 2.671509 0.723869
v -3.142903 2.671509 0.720674
v -3.142869 2.671525 0.720528
v -3.142837 2.671571 0.720386
v -3.142806 2.671647 0.720253
v -3.142778 2.671751 0.720133
v -3.142754 2.671878 0.720029
v -3.142735 2.672025 0.719945
v -3.142720 2.672189 0.719883
v -3.142711 2.672362 0.719845
v -3.142709 2.672542 0.719832
v -3.144670 2.668867 0.722652
v -3.144729 2.668882 0.722790
v -3.144786 2.668929 0.722924
v -3.144839 2.669005 0.723050
v -3.144887 2.669108 0.723163
v -3.144929 2.669235 0.723261
v -3.144963 2.669383 0.723341
v -3.144988 2.669546 0.723400
v -3.145003 2.669720 0.723435
v -3.145008 2.669899 0.723448
v -3.145008 2.671482 0.723448
v -3.145000 2.671509 0.723427
v -3.143717 2.671509 0.720409
v -3.143658 2.671525 0.720271
v -3.143601 2.671571 0.720137
v -3.143548 2.671647 0.720011
v -3.143500 2.671751 0.719898
v -3.143458 2.671878 0.719800
v -3.143424 2.672025 0.719720
v -3.143399 2.672189 0.719662
v -3.143384 2.672362 0.719626
v -3.143379 2.672542 0.719614
v -3.145801 2.668867 0.722051
v -3.141798 2.668867 0.715893
v -3.145882 2.668882 0.722176
v -3.145962 2.668929 0.722298
v -3.146036 2.669005 0.722413
v -3.146103 2.669108 0.722516
v -3.146161 2.669235 0.722606
v -3.146209 2.669383 0.722678
v -3.146243 2.669546 0.722731
v -3.146264 2.669720 0.722764
v -3.146271 2.669899 0.722775
v -3.146271 2.671482 0.722775
v -3.146260 2.671509 0.722757
v -3.144472 2.671509 0.720007
v -3.144390 2.671525 0.719881
v -3.144311 2.671571 0.719759
v -3.144237 2.671647 0.719645
v -3.144170 2.671751 0.719541
v -3.144111 2.671878 0.719452
v -3.144064 2.672025 0.719380
v -3.144030 2.672189 0.719326
v -3.144008 2.672362 0.719293
v -3.144001 2.672542 0.719282
v -3.146809 2.668867 0.721262
v -3.141798 2.668867 0.715892
v -3.146912 2.668882 0.721371
v -3.147011 2.668929 0.721478
v -3.147104 2.669005 0.721578
v -3.147188 2.669108 0.721668
v -3.147261 2.669235 0.721746
v -3.147320 2.669383 0.721809
v -3.147363 2.669546 0.721855
v -3.147390 2.669720 0.721884
v -3.147399 2.669899 0.721894
v -3.147399 2.671482 0.721894
v -3.147384 2.671509 0.721877
v -3.145146 2.671509 0.719480
v -3.145044 2.671525 0.719370
v -3.144945 2.671571 0.719264
v -3.144851 2.671647 0.719164
v -3.144767 2.671751 0.719074
v -3.144695 2.671878 0.718996
v -3.144636 2.672025 0.718933
v -3.144592 2.672189 0.718886
v -3.144566 2.672362 0.718858
v -3.144557 2.672542 0.718848
v -3.147666 2.668867 0.720310
v -3.141798 2.668867 0.715892
v -3.147785 2.668882 0.720400
v -3.147902 2.668929 0.720488
v -3.148011 2.669005 0.720570
v -3.148109 2.669108 0.720644
v -3.148195 2.669235 0.720708
v -3.148263 2.669383 0.720760
v -3.148314 2.669546 0.720798
v -3.148345 2.669720 0.720822
v -3.148356 2.669899 0.720830
v -3.148356 2.671482 0.720830
v -3.148338 2.671509 0.720816
v -3.145719 2.671509 0.718844
v -3.145599 2.671525 0.718754
v -3.145482 2.671571 0.718666
v -3.145373 2.671647 0.718584
v -3.145275 2.671751 0.718510
v -3.145190 2.671878 0.718446
v -3.145121 2.672025 0.718394
v -3.145070 2.672189 0.718355
v -3.145039 2.672362 0.718332
v -3.145028 2.672542 0.718324
v -3.148344 2.668867 0.719224
v -3.141798 2.668867 0.715892
v -3.148477 2.668882 0.719292
v -3.148607 2.668929 0.719358
v -3.148729 2.669005 0.719420
v -3.148839 2.669108 0.719476
v -3.148934 2.669235 0.719524
v -3.149011 2.669383 0.719563
v -3.149067 2.669546 0.719592
v -3.149102 2.669720 0.719610
v -3.149114 2.669899 0.719616
v -3.149114 2.671482 0.719616
v -3.149094 2.671509 0.719606
v -3.146172 2.671509 0.718118
v -3.146038 2.671525 0.718050
v -3.145908 2.671571 0.717984
v -3.145787 2.671647 0.717922
v -3.145677 2.671751 0.717866
v -3.145581 2.671878 0.717818
v -3.145504 2.672025 0.717779
v -3.145448 2.672189 0.717750
v -3.145413 2.672362 0.717732
v -3.145401 2.672542 0.717726
v -3.148823 2.668867 0.718036
v -3.141798 2.668867 0.715892
v -3.148966 2.668882 0.718080
v -3.149106 2.668929 0.718123
v -3.149236 2.669005 0.718162
v -3.149354 2.669108 0.718198
v -3.149456 2.669235 0.718230
v -3.149539 2.669383 0.718255
v -3.149600 2.669546 0.718273
v -3.149637 2.669720 0.718285
v -3.149649 2.669899 0.718289
v -3.149649 2.671482 0.718289
v -3.149628 2.671509 0.718282
v -3.146492 2.671509 0.717325
v -3.146348 2.671525 0.717281
v -3.146209 2.671571 0.717238
v -3.146079 2.671647 0.717198
v -3.145961 2.671751 0.717162
v -3.145859 2.671878 0.717131
v -3.145776 2.672025 0.717106
v -3.145715 2.672189 0.717088
v -3.145678 2.672362 0.717076
v -3.145665 2.672542 0.717072
v -3.149089 2.668867 0.716784
v -3.141798 2.668867 0.715892
v -3.149237 2.668882 0.716802
v -3.149382 2.668929 0.716820
v -3.149518 2.669005 0.716836
v -3.149640 2.669108 0.716851
v -3.149746 2.669235 0.716864
v -3.149832 2.669383 0.716875
v -3.149895 2.669546 0.716882
v -3.149933 2.669720 0.716887
v -3.149946 2.669899 0.716889
v -3.149946 2.671482 0.716889
v -3.149925 2.671509 0.716886
v -3.146669 2.671509 0.716488
v -3.146520 2.671525 0.716469
v -3.146376 2.671571 0.716452
v -3.146240 2.671647 0.716435
v -3.146118 2.671751 0.716420
v -3.146012 2.671878 0.716407
v -3.145926 2.672025 0.716397
v -3.145863 2.672189 0.716389
v -3.145824 2.672362 0.716384
v -3.145812 2.672542 0.716383
v -3.149133 2.668867 0.715504
v -3.141798 2.668867 0.715891
v -3.149282 2.668882 0.715496
v -3.149428 2.668929 0.715488
v -3.149564 2.669005 0.715481
v -3.149687 2.669108 0.715475
v -3.149794 2.669235 0.715469
v -3.149880 2.669383 0.715464
v -3.149944 2.669546 0.715461
v -3.149983 2.669720 0.715459
v -3.149996 2.669899 0.715458
v -3.149996 2.671482 0.715458
v -3.149974 2.671509 0.715459
v -3.146699 2.671509 0.715633
v -3.146549 2.671525 0.715640
v -3.146404 2.671571 0.715648
v -3.146267 2.671647 0.715655
v -3.146144 2.671751 0.715662
v -3.146038 2.671878 0.715667
v -3.145952 2.672025 0.715672
v -3.145888 2.672189 0.715675
v -3.145849 2.672362 0.715677
v -3.145836 2.672542 0.715678
v -3.148954 2.668867 0.714236
v -3.141798 2.668867 0.715891
v -3.149100 2.668882 0.714202
v -3.149242 2.668929 0.714169
v -3.149375 2.669005 0.714139
v -3.149495 2.669108 0.714111
v -3.149599 2.669235 0.714087
v -3.149683 2.669383 0.714067
v -3.149745 2.669546 0.714053
v -3.149783 2.669720 0.714044
v -3.149796 2.669899 0.714041
v -3.149796 2.671482 0.714041
v -3.149774 2.671509 0.714046
v -3.146579 2.671509 0.714785
v -3.146433 2.671525 0.714819
v -3.146291 2.671571 0.714852
v -3.146158 2.671647 0.714883
v -3.146038 2.671751 0.714911
v -3.145934 2.671878 0.714934
v -3.145850 2.672025 0.714954
v -3.145788 2.672189 0.714968
v -3.145750 2.672362 0.714977
v -3.145737 2.672542 0.714980
v -3.148558 2.668867 0.713018
v -3.141798 2.668867 0.715891
v -3.148696 2.668882 0.712960
v -3.148830 2.668929 0.712903
v -3.148955 2.669005 0.712849
v -3.149069 2.669108 0.712801
v -3.149167 2.669235 0.712759
v -3.149246 2.669383 0.712726
v -3.149305 2.669546 0.712701
v -3.149341 2.669720 0.712685
v -3.149353 2.669899 0.712680
v -3.149353 2.671482 0.712680
v -3.149333 2.671509 0.712689
v -3.146315 2.671509 0.713972
v -3.146177 2.671525 0.714030
v -3.146043 2.671571 0.714087
v -3.145917 2.671647 0.714141
v -3.145803 2.671751 0.714189
v -3.145705 2.671878 0.714231
v -3.145626 2.672025 0.714264
v -3.145567 2.672189 0.714289
v -3.145531 2.672362 0.714305
v -3.145519 2.672542 0.714310
v -3.147956 2.668867 0.711888
v -3.141798 2.668867 0.715891
v -3.148082 2.668882 0.711806
v -3.148204 2.668929 0.711727
v -3.148318 2.669005 0.711653
v -3.148422 2.669108 0.711585
v -3.148511 2.669235 0.711527
v -3.148584 2.669383 0.711480
v -3.148637 2.669546 0.711445
v -3.148670 2.669720 0.711424
v -3.148681 2.669899 0.711417
v -3.148681 2.671482 0.711417
v -3.148662 2.671509 0.711429
v -3.145913 2.671509 0.713216
v -3.145787 2.671525 0.713298
v -3.145665 2.671571 0.713377
v -3.145550 2.671647 0.713452
v -3.145447 2.671751 0.713519
v -3.145358 2.671878 0.713577
v -3.145285 2.672025 0.713624
v -3.145232 2.672189 0.713659
v -3.145199 2.672362 0.713680
v -3.145188 2.672542 0.713687
v -3.147167 2.668867 0.710879
v -3.141798 2.668867 0.715891
v -3.147277 2.668882 0.710777
v -3.147383 2.668929 0.710678
v -3.147483 2.669005 0.710585
v -3.147573 2.669108 0.710500
v -3.147651 2.669235 0.710428
v -3.147714 2.669383 0.710369
v -3.147761 2.669546 0.710325
v -3.147789 2.669720 0.710299
v -3.147799 2.669899 0.710290
v -3.147799 2.671482 0.710290
v -3.147783 2.671509 0.710305
v -3.145386 2.671509 0.712542
v -3.145276 2.671525 0.712645
v -3.145169 2.671571 0.712744
v -3.145070 2.671647 0.712837
v -3.144979 2.671751 0.712921
v -3.144902 2.671878 0.712994
v -3.144838 2.672025 0.713053
v -3.144792 2.672189 0.713096
v -3.144763 2.672362 0.713123
v -3.144754 2.672542 0.713132
v -3.146215 2.668867 0.710023
v -3.141798 2.668867 0.715890
v -3.146306 2.668882 0.709903
v -3.146393 2.668929 0.709787
v -3.146475 2.669005 0.709678
v -3.146549 2.669108 0.709579
v -3.146614 2.669235 0.709494
v -3.146666 2.669383 0.709425
v -3.146704 2.669546 0.709374
v -3.146727 2.669720 0.709343
v -3.146735 2.669899 0.709333
v -3.146735 2.671482 0.709333
v -3.146722 2.671509 0.709350
v -3.144749 2.671509 0.711970
v -3.144659 2.671525 0.712090
v -3.144572 2.671571 0.712206
v -3.144490 2.671647 0.712315
v -3.144415 2.671751 0.712414
v -3.144351 2.671878 0.712499
v -3.144299 2.672025 0.712568
v -3.144261 2.672189 0.712619
v -3.144238 2.672362 0.712650
v -3.144230 2.672542 0.712660
v -3.145129 2.668867 0.709345
v -3.141798 2.668867 0.715890
v -3.145197 2.668882 0.709211
v -3.145263 2.668929 0.709081
v -3.145325 2.669005 0.708960
v -3.145381 2.669108 0.708850
v -3.145430 2.669235 0.708755
v -3.145469 2.669383 0.708678
v -3.145498 2.669546 0.708621
v -3.145515 2.669720 0.708586
v -3.145521 2.669899 0.708575
v -3.145521 2.671482 0.708575
v -3.145511 2.671509 0.708594
v -3.144024 2.671509 0.711517
v -3.143955 2.671525 0.711651
v -3.143890 2.671571 0.711780
v -3.143828 2.671647 0.711902
v -3.143772 2.671751 0.712012
v -3.143723 2.671878 0.712107
v -3.143684 2.672025 0.712184
v -3.143655 2.672189 0.712241
v -3.143638 2.672362 0.712276
v -3.143632 2.672542 0.712287
v -3.143942 2.668867 0.708866
v -3.141798 2.668867 0.715890
v -3.143986 2.668882 0.708722
v -3.144028 2.668929 0.708583
v -3.144068 2.669005 0.708452
v -3.144104 2.669108 0.708334
v -3.144135 2.669235 0.708233
v -3.144160 2.669383 0.708150
v -3.144179 2.669546 0.708089
v -3.144190 2.669720 0.708052
v -3.144194 2.669899 0.708039
v -3.144194 2.671482 0.708039
v -3.144188 2.671509 0.708060
v -3.143230 2.671509 0.711197
v -3.143186 2.671525 0.711340
v -3.143144 2.671571 0.711480
v -3.143104 2.671647 0.711610
v -3.143068 2.671751 0.711728
v -3.143037 2.671878 0.711830
v -3.143012 2.672025 0.711913
v -3.142993 2.672189 0.711974
v -3.142982 2.672362 0.712011
v -3.142978 2.672542 0.712023
v -3.142689 2.668867 0.708600
v -3.141797 2.668867 0.715890
v -3.142707 2.668882 0.708451
v -3.142725 2.668929 0.708307
v -3.142742 2.669005 0.708171
v -3.142757 2.669108 0.708049
v -3.142770 2.669235 0.707943
v -3.142780 2.669383 0.707857
v -3.142788 2.669546 0.707794
v -3.142792 2.669720 0.707755
v -3.142794 2.669899 0.707742
v -3.142794 2.671482 0.707742
v -3.142792 2.671509 0.707764
v -3.142393 2.671509 0.711019
v -3.142375 2.671525 0.711168
v -3.142357 2.671571 0.711313
v -3.142341 2.671647 0.711448
v -3.142326 2.671751 0.711571
v -3.142313 2.671878 0.711676
v -3.142302 2.672025 0.711762
v -3.142295 2.672189 0.711825
v -3.142290 2.672362 0.711864
v -3.142288 2.672542 0.711877
v -3.141409 2.668867 0.708556
v -3.141797 2.668867 0.715890
v -3.141402 2.668882 0.708406
v -3.141394 2.668929 0.708261
v -3.141387 2.669005 0.708124
v -3.141380 2.669108 0.708001
v -3.141375 2.669235 0.707895
v -3.141370 2.669383 0.707809
v -3.141367 2.669546 0.707745
v -3.141365 2.669720 0.707706
v -3.141364 2.669899 0.707693
v -3.141364 2.671482 0.707693
v -3.141365 2.671509 0.707715
v -3.141538 2.671509 0.710990
v -3.141546 2.671525 0.711140
v -3.141554 2.671571 0.711285
v -3.141561 2.671647 0.711421
v -3.141567 2.671751 0.711545
v -3.141573 2.671878 0.711651
v -3.141577 2.672025 0.711737
v -3.141581 2.672189 0.711801
v -3.141583 2.672362 0.711840
v -3.141584 2.672542 0.711853
v -3.140141 2.668867 0.708735
v -3.141797 2.668867 0.715890
v -3.140108 2.668882 0.708588
v -3.140075 2.668929 0.708447
v -3.140044 2.669005 0.708314
v -3.140016 2.669108 0.708193
v -3.139992 2.669235 0.708090
v -3.139973 2.669383 0.708005
v -3.139959 2.669546 0.707943
v -3.139950 2.669720 0.707905
v -3.139947 2.669899 0.707893
v -3.139947 2.671482 0.707893
v -3.139952 2.671509 0.707914
v -3.140691 2.671509 0.711109
v -3.140725 2.671525 0.711255
v -3.140758 2.671571 0.711397
v -3.140788 2.671647 0.711530
v -3.140816 2.671751 0.711650
v -3.140840 2.671878 0.711754
v -3.140860 2.672025 0.711838
v -3.140874 2.672189 0.711900
v -3.140883 2.672362 0.711938
v -3.140886 2.672542 0.711951
v -3.138924 2.668867 0.709131
v -3.138865 2.668882 0.708993
v -3.138808 2.668929 0.708859
v -3.138755 2.669005 0.708733
v -3.138707 2.669108 0.708620
v -3.138665 2.669235 0.708522
v -3.138631 2.669383 0.708442
v -3.138606 2.669546 0.708384
v -3.138591 2.669720 0.708348
v -3.138586 2.669899 0.708336
v -3.138586 2.671482 0.708336
v -3.138595 2.671509 0.708356
v -3.139877 2.671509 0.711374
v -3.139936 2.671525 0.711512
v -3.139993 2.671571 0.711646
v -3.140046 2.671647 0.711772
v -3.140095 2.671751 0.711885
v -3.140136 2.671878 0.711983
v -3.140170 2.672025 0.712063
v -3.140195 2.672189 0.712121
v -3.140210 2.672362 0.712157
v -3.140215 2.672542 0.712169
v -3.137794 2.668867 0.709733
v -3.141796 2.668867 0.715890
v -3.137712 2.668882 0.709607
v -3.137633 2.668929 0.709485
v -3.137558 2.669005 0.709370
v -3.137491 2.669108 0.709267
v -3.137433 2.669235 0.709177
v -3.137386 2.669383 0.709105
v -3.137351 2.669546 0.709052
v -3.137330 2.669720 0.709019
v -3.137323 2.669899 0.709008
v -3.137323 2.671482 0.709008
v -3.137335 2.671509 0.709026
v -3.139122 2.671509 0.711776
v -3.139204 2.671525 0.711902
v -3.139283 2.671571 0.712024
v -3.139357 2.671647 0.712138
v -3.139425 2.671751 0.712242
v -3.139483 2.671878 0.712331
v -3.139530 2.672025 0.712404
v -3.139565 2.672189 0.712457
v -3.139586 2.672362 0.712490
v -3.139593 2.672542 0.712501
v -3.136785 2.668867 0.710521
v -3.141796 2.668867 0.715891
v -3.136683 2.668882 0.710412
v -3.136583 2.668929 0.710305
v -3.136490 2.669005 0.710205
v -3.136406 2.669108 0.710115
v -3.136333 2.669235 0.710037
v -3.136274 2.669383 0.709974
v -3.136231 2.669546 0.709928
v -3.136204 2.669720 0.709899
v -3.136195 2.669899 0.709889
v -3.136195 2.671482 0.709889
v -3.136210 2.671509 0.709906
v -3.138448 2.671509 0.712303
v -3.138550 2.671525 0.712413
v -3.138649 2.671571 0.712519
v -3.138743 2.671647 0.712619
v -3.138827 2.671751 0.712709
v -3.138900 2.671878 0.712787
v -3.138958 2.672025 0.712850
v -3.139002 2.672189 0.712897
v -3.139029 2.672362 0.712925
v -3.139038 2.672542 0.712935
v -3.141306 2.672560 0.719906
v -3.140616 2.672592 0.719760
v -3.139962 2.672623 0.719496
v -3.139364 2.672654 0.719123
v -3.144754 2.672573 0.713132
v -3.145188 2.672604 0.713687
v -3.145519 2.672636 0.714310
v -3.145737 2.672667 0.714980
v -3.145836 2.672698 0.715678
v -3.145812 2.672730 0.716383
v -3.145665 2.672761 0.717072
v -3.145401 2.672792 0.717726
v -3.145028 2.672824 0.718324
v -3.144557 2.672855 0.718848
v -3.144001 2.672886 0.719282
v -3.143379 2.672918 0.719614
v -3.142709 2.672949 0.719832
v -3.142010 2.672980 0.719930
v -3.141306 2.673012 0.719906
v -3.140616 2.673043 0.719760
v -3.139962 2.673074 0.719496
v -3.139364 2.673105 0.719123
v -3.142288 2.672560 0.711877
v -3.142978 2.672592 0.712023
v -3.143632 2.672623 0.712287
v -3.144230 2.672654 0.712660
v -3.144754 2.672686 0.713132
v -3.145188 2.672717 0.713687
v -3.145519 2.672748 0.714310
v -3.145737 2.672780 0.714980
v -3.145836 2.672811 0.715678
v -3.145812 2.672843 0.716383
v -3.145665 2.672874 0.717072
v -3.145401 2.672905 0.717726
v -3.145028 2.672936 0.718324
v -3.144557 2.672968 0.718848
v -3.144001 2.672999 0.719282
v -3.143379 2.673030 0.719614
v -3.142709 2.673062 0.719832
v -3.142010 2.673093 0.719930
v -3.141306 2.673124 0.719906
v -3.140616 2.673156 0.719760
v -3.139962 2.673187 0.719496
v -3.139364 2.673218 0.719123
v -3.138840 2.672573 0.718651
v -3.138406 2.672604 0.718096
v -3.138075 2.672636 0.717473
v -3.137857 2.672667 0.716803
v -3.137758 2.672698 0.716105
v -3.137783 2.672730 0.715400
v -3.137929 2.672761 0.714711
v -3.138193 2.672792 0.714057
v -3.138566 2.672824 0.713459
v -3.139038 2.672855 0.712935
v -3.139593 2.672886 0.712501
v -3.140215 2.672918 0.712169
v -3.140886 2.672949 0.711951
v -3.141584 2.672980 0.711853
v -3.142288 2.673012 0.711877
v -3.142978 2.673043 0.712023
v -3.143632 2.673074 0.712287
v -3.144230 2.673105 0.712660
v -3.144754 2.673137 0.713132
v -3.145188 2.673168 0.713687
v -3.145519 2.673200 0.714310
v -3.145737 2.673231 0.714980
v -3.145836 2.673262 0.715678
v -3.145812 2.673294 0.716383
v -3.145665 2.673325 0.717072
v -3.145401 2.673356 0.717726
v -3.145028 2.673388 0.718324
v -3.144557 2.673419 0.718848
v -3.144001 2.673450 0.719282
v -3.143379 2.673481 0.719614
v -3.142709 2.673513 0.719832
v -3.142010 2.673544 0.719930
v -3.141306 2.673575 0.719906
v -3.140616 2.673607 0.719760
v -3.139962 2.673638 0.719496
v -3.139364 2.673670 0.719123
v -3.138840 2.672686 0.718651
v -3.138406 2.672717 0.718096
v -3.138075 2.672748 0.717473
v -3.137857 2.672780 0.716803
v -3.137758 2.672811 0.716105
v -3.137783 2.672843 0.715400
v -3.137929 2.672874 0.714711
v -3.138193 2.672905 0.714057
v -3.138566 2.672936 0.713459
v -3.139038 2.672968 0.712935
v -3.139593 2.672999 0.712501
v -3.140215 2.673030 0.712169
v -3.140886 2.673062 0.711951
v -3.141584 2.673093 0.711853
v -3.142288 2.673124 0.711877
v -3.142978 2.673156 0.712023
v -3.143632 2.673187 0.712287
v -3.144230 2.673218 0.712660
v -3.144754 2.673250 0.713132
v -3.145188 2.673281 0.713687
v -3.145519 2.673312 0.714310
v -3.145737 2.673344 0.714980
v -3.145836 2.673375 0.715678
v -3.145812 2.673406 0.716383
v -3.145665 2.673438 0.717072
v -3.145401 2.673469 0.717726
v -3.145028 2.673500 0.718324
v -3.144557 2.673532 0.718848
v -3.144001 2.673563 0.719282
v -3.143379 2.673594 0.719614
v -3.142709 2.673626 0.719832
v -3.142010 2.673657 0.719930
v -3.141306 2.673688 0.719906
v -3.140616 2.673720 0.719760
v -3.139962 2.673751 0.719496
v -3.139364 2.673782 0.719123
v -3.138851 2.673137 0.718641
v -3.138430 2.673168 0.718080
v -3.138114 2.673200 0.717457
v -3.137912 2.673231 0.716790
v -3.137829 2.673262 0.716101
v -3.137867 2.673294 0.715411
v -3.138024 2.673325 0.714740
v -3.138294 2.673356 0.714108
v -3.138668 2.673388 0.713536
v -3.139134 2.673419 0.713039
v -3.139678 2.673450 0.712631
v -3.140282 2.673481 0.712326
v -3.140927 2.673513 0.712131
v -3.141594 2.673544 0.712051
v -3.142262 2.673575 0.712088
v -3.142912 2.673607 0.712241
v -3.143522 2.673638 0.712502
v -3.144076 2.673670 0.712865
v -3.144557 2.673701 0.713316
v -3.144950 2.673732 0.713842
v -3.145245 2.673764 0.714426
v -3.145433 2.673795 0.715050
v -3.145510 2.673826 0.715695
v -3.145473 2.673857 0.716341
v -3.145326 2.673889 0.716969
v -3.145073 2.673920 0.717559
v -3.144722 2.673951 0.718094
v -3.144285 2.673983 0.718558
v -3.143777 2.674014 0.718937
v -3.143213 2.674045 0.719222
v -3.142609 2.674077 0.719403
v -3.141987 2.674108 0.719477
v -3.141363 2.674139 0.719441
v -3.140757 2.674171 0.719298
v -3.140188 2.674202 0.719053
v -3.139672 2.674233 0.718714
v -3.138851 2.673250 0.718641
v -3.138430 2.673281 0.718080
v -3.138114 2.673312 0.717457
v -3.137912 2.673344 0.716790
v -3.137829 2.673375 0.716101
v -3.137867 2.673406 0.715411
v -3.138024 2.673438 0.714740
v -3.138294 2.673469 0.714108
v -3.138668 2.673500 0.713536
v -3.139134 2.673532 0.713039
v -3.139678 2.673563 0.712631
v -3.140282 2.673594 0.712326
v -3.140927 2.673626 0.712131
v -3.141594 2.673657 0.712051
v -3.142262 2.673688 0.712088
v -3.142912 2.673720 0.712241
v -3.143522 2.673751 0.712502
v -3.144076 2.673782 0.712865
v -3.144557 2.673814 0.713316
v -3.144950 2.673845 0.713842
v -3.145245 2.673876 0.714426
v -3.145433 2.673908 0.715050
v -3.145510 2.673939 0.715695
v -3.145473 2.673970 0.716341
v -3.145326 2.674002 0.716969
v -3.145073 2.674033 0.717559
v -3.144722 2.674064 0.718094
v -3.144285 2.674096 0.718558
v -3.143777 2.674127 0.718937
v -3.143213 2.674158 0.719222
v -3.142609 2.674190 0.719403
v -3.141987 2.674221 0.719477
v -3.141363 2.674252 0.719441
v -3.140757 2.674284 0.719298
v -3.140188 2.674315 0.719053
v -3.139672 2.674346 0.718714
v -3.138840 2.673701 0.718651
v -3.138406 2.673732 0.718096
v -3.138075 2.673764 0.717473
v -3.137857 2.673795 0.716803
v -3.137758 2.673826 0.716105
v -3.137783 2.673857 0.715400
v -3.137929 2.673889 0.714711
v -3.138193 2.673920 0.714057
v -3.138566 2.673951 0.713459
v -3.139038 2.673983 0.712935
v -3.139593 2.674014 0.712501
v -3.140215 2.674045 0.712169
v -3.140886 2.674077 0.711951
v -3.141584 2.674108 0.711853
v -3.142288 2.674139 0.711877
v -3.142978 2.674171 0.712023
v -3.143632 2.674202 0.712287
v -3.144230 2.674233 0.712660
v -3.144754 2.674265 0.713132
v -3.145188 2.674296 0.713687
v -3.145519 2.674327 0.714310
v -3.145737 2.674359 0.714980
v -3.145836 2.674390 0.715678
v -3.145812 2.674421 0.716383
v -3.145665 2.674453 0.717072
v -3.145401 2.674484 0.717726
v -3.145028 2.674515 0.718324
v -3.144557 2.674547 0.718848
v -3.144001 2.674578 0.719282
v -3.143379 2.674609 0.719614
v -3.142709 2.674641 0.719832
v -3.142010 2.674672 0.719930
v -3.141306 2.674703 0.719906
v -3.140616 2.674735 0.719760
v -3.139962 2.674766 0.719496
v -3.139364 2.674797 0.719123
v -3.138840 2.673814 0.718651
v -3.138406 2.673845 0.718096
v -3.138075 2.673876 0.717473
v -3.137857 2.673908 0.716803
v -3.137758 2.673939 0.716105
v -3.137783 2.673970 0.715400
v -3.137929 2.674002 0.714711
v -3.138193 2.674033 0.714057
v -3.138566 2.674064 0.713459
v -3.139038 2.674096 0.712935
v -3.139593 2.674127 0.712501
v -3.140215 2.674158 0.712169
v -3.140886 2.674190 0.711951
v -3.141584 2.674221 0.711853
v -3.142288 2.674252 0.711877
v -3.142978 2.674284 0.712023
v -3.143632 2.674315 0.712287
v -3.144230 2.674346 0.712660
v -3.144754 2.674377 0.713132
v -3.145188 2.674409 0.713687
v -3.145519 2.674440 0.714310
v -3.145737 2.674471 0.714980
v -3.145836 2.674503 0.715678
v -3.145812 2.674534 0.716383
v -3.145665 2.674566 0.717072
v -3.145401 2.674597 0.717726
v -3.145028 2.674628 0.718324
v -3.144557 2.674659 0.718848
v -3.144001 2.674691 0.719282
v -3.143379 2.674722 0.719614
v -3.142709 2.674753 0.719832
v -3.142010 2.674785 0.719930
v -3.141306 2.674816 0.719906
v -3.140616 2.674847 0.719760
v -3.139962 2.674879 0.719496
v -3.139364 2.674910 0.719123
v -3.139214 2.674265 0.718303
v -3.138834 2.674296 0.717817
v -3.138545 2.674327 0.717274
v -3.138354 2.674359 0.716688
v -3.138268 2.674390 0.716078
v -3.138290 2.674421 0.715462
v -3.138417 2.674453 0.714860
v -3.138648 2.674484 0.714289
v -3.138974 2.674515 0.713766
v -3.139386 2.674547 0.713308
v -3.139871 2.674578 0.712929
v -3.140415 2.674609 0.712639
v -3.141001 2.674641 0.712449
v -3.141611 2.674672 0.712363
v -3.142226 2.674703 0.712384
v -3.142829 2.674735 0.712512
v -3.143400 2.674766 0.712742
v -3.143922 2.674797 0.713069
v -3.144380 2.674829 0.713481
v -3.144760 2.674860 0.713966
v -3.145049 2.674891 0.714509
v -3.145240 2.674923 0.715095
v -3.145326 2.674954 0.715705
v -3.145304 2.674985 0.716321
v -3.145177 2.675017 0.716923
v -3.144946 2.675048 0.717494
v -3.144620 2.675079 0.718017
v -3.144208 2.675111 0.718475
v -3.143723 2.675142 0.718854
v -3.143179 2.675173 0.719144
v -3.142593 2.675205 0.719334
v -3.141984 2.675236 0.719420
v -3.141368 2.675267 0.719399
v -3.140765 2.675298 0.719271
v -3.140194 2.675330 0.719041
v -3.139672 2.675361 0.718714
v -3.139214 2.674377 0.718303
v -3.138834 2.674409 0.717817
v -3.138545 2.674440 0.717274
v -3.138354 2.674471 0.716688
v -3.138268 2.674503 0.716078
v -3.138290 2.674534 0.715462
v -3.138417 2.674566 0.714860
v -3.138648 2.674597 0.714289
v -3.138974 2.674628 0.713766
v -3.139386 2.674659 0.713308
v -3.139871 2.674691 0.712929
v -3.140415 2.674722 0.712639
v -3.141001 2.674753 0.712449
v -3.141611 2.674785 0.712363
v -3.142226 2.674816 0.712384
v -3.142829 2.674847 0.712512
v -3.143400 2.674879 0.712742
v -3.143922 2.674910 0.713069
v -3.144380 2.674942 0.713481
v -3.144760 2.674973 0.713966
v -3.145049 2.675004 0.714509
v -3.145240 2.675035 0.715095
v -3.145326 2.675067 0.715705
v -3.145304 2.675098 0.716321
v -3.145177 2.675129 0.716923
v -3.144946 2.675161 0.717494
v -3.144620 2.675192 0.718017
v -3.144208 2.675223 0.718475
v -3.143723 2.675255 0.718854
v -3.143179 2.675286 0.719144
v -3.142593 2.675317 0.719334
v -3.141984 2.675349 0.719420
v -3.141368 2.675380 0.719399
v -3.140765 2.675411 0.719271
v -3.140194 2.675443 0.719041
v -3.139672 2.675474 0.718714
v -3.138840 2.674829 0.718651
v -3.138406 2.674860 0.718096
v -3.138075 2.674891 0.717473
v -3.137857 2.674923 0.716803
v -3.137758 2.674954 0.716105
v -3.137783 2.674985 0.715400
v -3.137929 2.675017 0.714711
v -3.138193 2.675048 0.714057
v -3.138566 2.675079 0.713459
v -3.139038 2.675111 0.712935
v -3.139593 2.675142 0.712501
v -3.140215 2.675173 0.712169
v -3.140886 2.675205 0.711951
v -3.141584 2.675236 0.711853
v -3.142288 2.675267 0.711877
v -3.142978 2.675298 0.712023
v -3.143632 2.675330 0.712287
v -3.144230 2.675361 0.712660
v -3.144754 2.675393 0.713132
v -3.145188 2.675424 0.713687
v -3.145519 2.675455 0.714310
v -3.145737 2.675487 0.714980
v -3.145836 2.675518 0.715678
v -3.145812 2.675549 0.716383
v -3.145665 2.675581 0.717072
v -3.145401 2.675612 0.717726
v -3.145028 2.675643 0.718324
v -3.144557 2.675674 0.718848
v -3.144001 2.675706 0.719282
v -3.143379 2.675737 0.719614
v -3.142709 2.675768 0.719832
v -3.142010 2.675800 0.719930
v -3.141306 2.675831 0.719906
v -3.140616 2.675863 0.719760
v -3.139962 2.675894 0.719496
v -3.139364 2.675925 0.719123
v -3.138840 2.674942 0.718651
v -3.138406 2.674973 0.718096
v -3.138075 2.675004 0.717473
v -3.137857 2.675035 0.716803
v -3.137758 2.675067 0.716105
v -3.137783 2.675098 0.715400
v -3.137929 2.675129 0.714711
v -3.138193 2.675161 0.714057
v -3.138566 2.675192 0.713459
v -3.139038 2.675223 0.712935
v -3.139593 2.675255 0.712501
v -3.140215 2.675286 0.712169
v -3.140886 2.675317 0.711951
v -3.141584 2.675349 0.711853
v -3.142288 2.675380 0.711877
v -3.142978 2.675411 0.712023
v -3.143632 2.675443 0.712287
v -3.144230 2.675474 0.712660
v -3.144754 2.675505 0.713132
v -3.145188 2.675537 0.713687
v -3.145519 2.675568 0.714310
v -3.145737 2.675599 0.714980
v -3.145836 2.675631 0.715678
v -3.145812 2.675662 0.716383
v -3.145665 2.675693 0.717072
v -3.145401 2.675725 0.717726
v -3.145028 2.675756 0.718324
v -3.144557 2.675787 0.718848
v -3.144001 2.675819 0.719282
v -3.143379 2.675850 0.719614
v -3.142709 2.675881 0.719832
v -3.142010 2.675913 0.719930
v -3.141306 2.675944 0.719906
v -3.140616 2.675975 0.719760
v -3.139962 2.676007 0.719496
v -3.139364 2.676038 0.719123
v -3.139214 2.675393 0.718303
v -3.138834 2.675424 0.717817
v -3.138545 2.675455 0.717274
v -3.138354 2.675487 0.716688
v -3.138268 2.675518 0.716078
v -3.138290 2.675549 0.715462
v -3.138417 2.675581 0.714860
v -3.138648 2.675612 0.714289
v -3.138974 2.675643 0.713766
v -3.139386 2.675674 0.713308
v -3.139871 2.675706 0.712929
v -3.140415 2.675737 0.712639
v -3.141001 2.675768 0.712449
v -3.141611 2.675800 0.712363
v -3.142226 2.675831 0.712384
v -3.142829 2.675863 0.712512
v -3.143400 2.675894 0.712742
v -3.143922 2.675925 0.713069
v -3.144380 2.675956 0.713481
v -3.144760 2.675988 0.713966
v -3.145049 2.676019 0.714509
v -3.145240 2.676050 0.715095
v -3.145326 2.676082 0.715705
v -3.145304 2.676113 0.716321
v -3.145177 2.676144 0.716923
v -3.144946 2.676176 0.717494
v -3.144620 2.676207 0.718017
v -3.144208 2.676238 0.718475
v -3.143723 2.676270 0.718854
v -3.143179 2.676301 0.719144
v -3.142593 2.676332 0.719334
v -3.141984 2.676364 0.719420
v -3.141368 2.676395 0.719399
v -3.140765 2.676426 0.719271
v -3.140194 2.676458 0.719041
v -3.139672 2.676489 0.718714
v -3.139214 2.675505 0.718303
v -3.138834 2.675537 0.717817
v -3.138545 2.675568 0.717274
v -3.138354 2.675599 0.716688
v -3.138268 2.675631 0.716078
v -3.138290 2.675662 0.715462
v -3.138417 2.675693 0.714860
v -3.138648 2.675725 0.714289
v -3.138974 2.675756 0.713766
v -3.139386 2.675787 0.713308
v -3.139871 2.675819 0.712929
v -3.140415 2.675850 0.712639
v -3.141001 2.675881 0.712449
v -3.141611 2.675913 0.712363
v -3.142226 2.675944 0.712384
v -3.142829 2.675975 0.712512
v -3.143400 2.676007 0.712742
v -3.143922 2.676038 0.713069
v -3.144380 2.676069 0.713481
v -3.144760 2.676100 0.713966
v -3.145049 2.676132 0.714509
v -3.145240 2.676163 0.715095
v -3.145326 2.676195 0.715705
v -3.145304 2.676226 0.716321
v -3.145177 2.676257 0.716923
v -3.144946 2.676289 0.717494
v -3.144620 2.676320 0.718017
v -3.144208 2.676351 0.718475
v -3.143723 2.676383 0.718854
v -3.143179 2.676414 0.719144
v -3.142593 2.676445 0.719334
v -3.141984 2.676476 0.719420
v -3.141368 2.676508 0.719399
v -3.140765 2.676539 0.719271
v -3.140194 2.676570 0.719041
v -3.139672 2.676602 0.718714
v -3.138840 2.675956 0.718651
v -3.138406 2.675988 0.718096
v -3.138075 2.676019 0.717473
v -3.137857 2.676050 0.716803
v -3.137758 2.676082 0.716105
v -3.137783 2.676113 0.715400
v -3.137929 2.676144 0.714711
v -3.138193 2.676176 0.714057
v -3.138566 2.676207 0.713459
v -3.139038 2.676238 0.712935
v -3.139593 2.676270 0.712501
v -3.140215 2.676301 0.712169
v -3.140886 2.676332 0.711951
v -3.141584 2.676364 0.711853
v -3.142288 2.676395 0.711877
v -3.142978 2.676426 0.712023
v -3.143632 2.676458 0.712287
v -3.144230 2.676489 0.712660
v -3.144754 2.676520 0.713132
v -3.145188 2.676552 0.713687
v -3.145519 2.676583 0.714310
v -3.145737 2.676614 0.714980
v -3.145836 2.676646 0.715678
v -3.145812 2.676677 0.716383
v -3.145665 2.676708 0.717072
v -3.145401 2.676740 0.717726
v -3.145028 2.676771 0.718324
v -3.144557 2.676802 0.718848
v -3.144001 2.676834 0.719282
v -3.143379 2.676865 0.719614
v -3.142709 2.676896 0.719832
v -3.142010 2.676928 0.719930
v -3.141306 2.676959 0.719906
v -3.140616 2.676990 0.719760
v -3.139962 2.677022 0.719496
v -3.139364 2.677053 0.719123
v -3.138840 2.676069 0.718651
v -3.138406 2.676100 0.718096
v -3.138075 2.676132 0.717473
v -3.137857 2.676163 0.716803
v -3.137758 2.676195 0.716105
v -3.137783 2.676226 0.715400
v -3.137929 2.676257 0.714711
v -3.138193 2.676289 0.714057
v -3.138566 2.676320 0.713459
v -3.139038 2.676351 0.712935
v -3.139593 2.676383 0.712501
v -3.140215 2.676414 0.712169
v -3.140886 2.676445 0.711951
v -3.141584 2.676476 0.711853
v -3.142288 2.676508 0.711877
v -3.142978 2.676539 0.712023
v -3.143632 2.676570 0.712287
v -3.144230 2.676602 0.712660
v -3.144754 2.676633 0.713132
v -3.145188 2.676665 0.713687
v -3.145519 2.676696 0.714310
v -3.145737 2.676727 0.714980
v -3.145836 2.676759 0.715678
v -3.145812 2.676790 0.716383
v -3.145665 2.676821 0.717072
v -3.145401 2.676852 0.717726
v -3.145028 2.676884 0.718324
v -3.144557 2.676915 0.718848
v -3.144001 2.676946 0.719282
v -3.143379 2.676978 0.719614
v -3.142709 2.677009 0.719832
v -3.142010 2.677040 0.719930
v -3.141306 2.677072 0.719906
v -3.140616 2.677103 0.719760
v -3.139962 2.677135 0.719496
v -3.139364 2.677166 0.719123
v -3.139214 2.676520 0.718303
v -3.138834 2.676552 0.717817
v -3.138545 2.676583 0.717274
v -3.138354 2.676614 0.716688
v -3.138268 2.676646 0.716078
v -3.138290 2.676677 0.715462
v -3.138417 2.676708 0.714860
v -3.138648 2.676740 0.714289
v -3.138974 2.676771 0.713766
v -3.139386 2.676802 0.713308
v -3.139871 2.676834 0.712929
v -3.140415 2.676865 0.712639
v -3.141001 2.676896 0.712449
v -3.141611 2.676928 0.712363
v -3.142226 2.676959 0.712384
v -3.142829 2.676990 0.712512
v -3.143400 2.677022 0.712742
v -3.143922 2.677053 0.713069
v -3.144380 2.677084 0.713481
v -3.144760 2.677116 0.713966
v -3.145049 2.677147 0.714509
v -3.145240 2.677178 0.715095
v -3.145326 2.677210 0.715705
v -3.145304 2.677241 0.716321
v -3.145177 2.677272 0.716923
v -3.144946 2.677304 0.717494
v -3.144620 2.677335 0.718017
v -3.144208 2.677366 0.718475
v -3.143723 2.677397 0.718854
v -3.143179 2.677429 0.719144
v -3.142593 2.677460 0.719334
v -3.141984 2.677491 0.719420
v -3.141368 2.677523 0.719399
v -3.140765 2.677554 0.719271
v -3.140194 2.677586 0.719041
v -3.139672 2.677617 0.718714
v -3.139214 2.676633 0.718303
v -3.138834 2.676665 0.717817
v -3.138545 2.676696 0.717274
v -3.138354 2.676727 0.716688
v -3.138268 2.676759 0.716078
v -3.138290 2.676790 0.715462
v -3.138417 2.676821 0.714860
v -3.138648 2.676852 0.714289
v -3.138974 2.676884 0.713766
v -3.139386 2.676915 0.713308
v -3.139871 2.676946 0.712929
v -3.140415 2.676978 0.712639
v -3.141001 2.677009 0.712449
v -3.141611 2.677040 0.712363
v -3.142226 2.677072 0.712384
v -3.142829 2.677103 0.712512
v -3.143400 2.677135 0.712742
v -3.143922 2.677166 0.713069
v -3.144380 2.677197 0.713481
v -3.144760 2.677228 0.713966
v -3.145049 2.677260 0.714509
v -3.145240 2.677291 0.715095
v -3.145326 2.677322 0.715705
v -3.145304 2.677354 0.716321
v -3.145177 2.677385 0.716923
v -3.144946 2.677416 0.717494
v -3.144620 2.677448 0.718017
v -3.144208 2.677479 0.718475
v -3.143723 2.677510 0.718854
v -3.143179 2.677542 0.719144
v -3.142593 2.677573 0.719334
v -3.141984 2.677604 0.719420
v -3.141368 2.677636 0.719399
v -3.140765 2.677667 0.719271
v -3.140194 2.677698 0.719041
v -3.139672 2.677730 0.718714
v -3.138840 2.677084 0.718651
v -3.138406 2.677116 0.718096
v -3.138075 2.677147 0.717473
v -3.137857 2.677178 0.716803
v -3.137758 2.677210 0.716105
v -3.137783 2.677241 0.715400
v -3.137929 2.677272 0.714711
v -3.138193 2.677304 0.714057
v -3.138566 2.677335 0.713459
v -3.139038 2.677366 0.712935
v -3.139593 2.677397 0.712501
v -3.140215 2.677429 0.712169
v -3.140886 2.677460 0.711951
v -3.141584 2.677491 0.711853
v -3.142288 2.677523 0.711877
v -3.142978 2.677554 0.712023
v -3.143632 2.677586 0.712287
v -3.144230 2.677617 0.712660
v -3.144754 2.677648 0.713132
v -3.145188 2.677680 0.713687
v -3.145519 2.677711 0.714310
v -3.145737 2.677742 0.714980
v -3.145836 2.677773 0.715678
v -3.145812 2.677805 0.716383
v -3.145665 2.677836 0.717072
v -3.145401 2.677867 0.717726
v -3.145028 2.677899 0.718324
v -3.144557 2.677930 0.718848
v -3.144001 2.677961 0.719282
v -3.143379 2.677993 0.719614
v -3.142709 2.678024 0.719832
v -3.142010 2.678056 0.719930
v -3.141306 2.678087 0.719906
v -3.140616 2.678118 0.719760
v -3.139962 2.678149 0.719496
v -3.139364 2.678181 0.719123
v -3.138840 2.677197 0.718651
v -3.138406 2.677228 0.718096
v -3.138075 2.677260 0.717473
v -3.137857 2.677291 0.716803
v -3.137758 2.677322 0.716105
v -3.137783 2.677354 0.715400
v -3.137929 2.677385 0.714711
v -3.138193 2.677416 0.714057
v -3.138566 2.677448 0.713459
v -3.139038 2.677479 0.712935
v -3.139593 2.677510 0.712501
v -3.140215 2.677542 0.712169
v -3.140886 2.677573 0.711951
v -3.141584 2.677604 0.711853
v -3.142288 2.677636 0.711877
v -3.142978 2.677667 0.712023
v -3.143632 2.677698 0.712287
v -3.144230 2.677730 0.712660
v -3.144754 2.677761 0.713132
v -3.145188 2.677792 0.713687
v -3.145519 2.677824 0.714310
v -3.145737 2.677855 0.714980
v -3.145836 2.677886 0.715678
v -3.145812 2.677918 0.716383
v -3.145665 2.677949 0.717072
v -3.145401 2.677980 0.717726
v -3.145028 2.678012 0.718324
v -3.144557 2.678043 0.718848
v -3.144001 2.678074 0.719282
v -3.143379 2.678106 0.719614
v -3.142709 2.678137 0.719832
v -3.142010 2.678168 0.719930
v -3.141306 2.678200 0.719906
v -3.140616 2.678231 0.719760
v -3.139962 2.678262 0.719496
v -3.139364 2.678293 0.719123
v -3.139214 2.677648 0.718303
v -3.138834 2.677680 0.717817
v -3.138545 2.677711 0.717274
v -3.138354 2.677742 0.716688
v -3.138268 2.677773 0.716078
v -3.138290 2.677805 0.715462
v -3.138417 2.677836 0.714860
v -3.138648 2.677867 0.714289
v -3.138974 2.677899 0.713766
v -3.139386 2.677930 0.713308
v -3.139871 2.677961 0.712929
v -3.140415 2.677993 0.712639
v -3.141001 2.678024 0.712449
v -3.141611 2.678056 0.712363
v -3.142226 2.678087 0.712384
v -3.142829 2.678118 0.712512
v -3.143400 2.678149 0.712742
v -3.143922 2.678181 0.713069
v -3.144380 2.678212 0.713481
v -3.144760 2.678243 0.713966
v -3.145049 2.678275 0.714509
v -3.145240 2.678306 0.715095
v -3.145326 2.678337 0.715705
v -3.145304 2.678369 0.716321
v -3.145177 2.678400 0.716923
v -3.144946 2.678431 0.717494
v -3.144620 2.678463 0.718017
v -3.144208 2.678494 0.718475
v -3.143723 2.678525 0.718854
v -3.143179 2.678557 0.719144
v -3.142593 2.678588 0.719334
v -3.141984 2.678619 0.719420
v -3.141368 2.678651 0.719399
v -3.140765 2.678682 0.719271
v -3.140194 2.678713 0.719041
v -3.139672 2.678745 0.718714
v -3.139214 2.677761 0.718303
v -3.138834 2.677792 0.717817
v -3.138545 2.677824 0.717274
v -3.138354 2.677855 0.716688
v -3.138268 2.677886 0.716078
v -3.138290 2.677918 0.715462
v -3.138417 2.677949 0.714860
v -3.138648 2.677980 0.714289
v -3.138974 2.678012 0.713766
v -3.139386 2.678043 0.713308
v -3.139871 2.678074 0.712929
v -3.140415 2.678106 0.712639
v -3.141001 2.678137 0.712449
v -3.141611 2.678168 0.712363
v -3.142226 2.678200 0.712384
v -3.142829 2.678231 0.712512
v -3.143400 2.678262 0.712742
v -3.143922 2.678293 0.713069
v -3.144380 2.678325 0.713481
v -3.144760 2.678356 0.713966
v -3.145049 2.678388 0.714509
v -3.145240 2.678419 0.715095
v -3.145326 2.678450 0.715705
v -3.145304 2.678482 0.716321
v -3.145177 2.678513 0.716923
v -3.144946 2.678544 0.717494
v -3.144620 2.678576 0.718017
v -3.144208 2.678607 0.718475
v -3.143723 2.678638 0.718854
v -3.143179 2.678669 0.719144
v -3.142593 2.678701 0.719334
v -3.141984 2.678732 0.719420
v -3.141368 2.678763 0.719399
v -3.140765 2.678795 0.719271
v -3.140194 2.678826 0.719041
v -3.139672 2.678858 0.718714
v -3.138840 2.678212 0.718651
v -3.138406 2.678243 0.718096
v -3.138075 2.678275 0.717473
v -3.137857 2.678306 0.716803
v -3.137758 2.678337 0.716105
v -3.137783 2.678369 0.715400
v -3.137929 2.678400 0.714711
v -3.138193 2.678431 0.714057
v -3.138566 2.678463 0.713459
v -3.139038 2.678494 0.712935
v -3.139593 2.678525 0.712501
v -3.140215 2.678557 0.712169
v -3.140886 2.678588 0.711951
v -3.141584 2.678619 0.711853
v -3.142288 2.678651 0.711877
v -3.142978 2.678682 0.712023
v -3.143632 2.678713 0.712287
v -3.144230 2.678745 0.712660
v -3.144754 2.678776 0.713132
v -3.145188 2.678807 0.713687
v -3.145519 2.678839 0.714310
v -3.145737 2.678870 0.714980
v -3.145836 2.678901 0.715678
v -3.145812 2.678933 0.716383
v -3.145665 2.678964 0.717072
v -3.145401 2.678995 0.717726
v -3.145028 2.679027 0.718324
v -3.144557 2.679058 0.718848
v -3.144001 2.679089 0.719282
v -3.143379 2.679121 0.719614
v -3.142709 2.679152 0.719832
v -3.142010 2.679183 0.719930
v -3.141306 2.679214 0.719906
v -3.140616 2.679246 0.719760
v -3.139962 2.679277 0.719496
v -3.139364 2.679309 0.719123
v -3.138840 2.678325 0.718651
v -3.138406 2.678356 0.718096
v -3.138075 2.678388 0.717473
v -3.137857 2.678419 0.716803
v -3.137758 2.678450 0.716105
v -3.137783 2.678482 0.715400
v -3.137929 2.678513 0.714711
v -3.138193 2.678544 0.714057
v -3.138566 2.678576 0.713459
v -3.139038 2.678607 0.712935
v -3.139593 2.678638 0.712501
v -3.140215 2.678669 0.712169
v -3.140886 2.678701 0.711951
v -3.141584 2.678732 0.711853
v -3.142288 2.678763 0.711877
v -3.142978 2.678795 0.712023
v -3.143632 2.678826 0.712287
v -3.144230 2.678858 0.712660
v -3.144754 2.678889 0.713132
v -3.145188 2.678920 0.713687
v -3.145519 2.678952 0.714310
v -3.145737 2.678983 0.714980
v -3.145836 2.679014 0.715678
v -3.145812 2.679045 0.716383
v -3.145665 2.679077 0.717072
v -3.145401 2.679108 0.717726
v -3.145028 2.679139 0.718324
v -3.144557 2.679171 0.718848
v -3.144001 2.679202 0.719282
v -3.143379 2.679233 0.719614
v -3.142709 2.679265 0.719832
v -3.142010 2.679296 0.719930
v -3.141306 2.679327 0.719906
v -3.140616 2.679359 0.719760
v -3.139962 2.679390 0.719496
v -3.139364 2.679421 0.719123
v -3.139214 2.678776 0.718303
v -3.138834 2.678807 0.717817
v -3.138545 2.678839 0.717274
v -3.138354 2.678870 0.716688
v -3.138268 2.678901 0.716078
v -3.138290 2.678933 0.715462
v -3.138417 2.678964 0.714860
v -3.138648 2.678995 0.714289
v -3.138974 2.679027 0.713766
v -3.139386 2.679058 0.713308
v -3.139871 2.679089 0.712929
v -3.140415 2.679121 0.712639
v -3.141001 2.679152 0.712449
v -3.141611 2.679183 0.712363
v -3.142226 2.679214 0.712384
v -3.142829 2.679246 0.712512
v -3.143400 2.679277 0.712742
v -3.143922 2.679309 0.713069
v -3.144380 2.679340 0.713481
v -3.144760 2.679371 0.713966
v -3.145049 2.679403 0.714509
v -3.145240 2.679434 0.715095
v -3.145326 2.679465 0.715705
v -3.145304 2.679497 0.716321
v -3.145177 2.679528 0.716923
v -3.144946 2.679559 0.717494
v -3.144620 2.679590 0.718017
v -3.144208 2.679622 0.718475
v -3.143723 2.679653 0.718854
v -3.143179 2.679685 0.719144
v -3.142593 2.679716 0.719334
v -3.141984 2.679747 0.719420
v -3.141368 2.679779 0.719399
v -3.140765 2.679810 0.719271
v -3.140194 2.679841 0.719041
v -3.139672 2.679873 0.718714
v -3.139214 2.678889 0.718303
v -3.138834 2.678920 0.717817
v -3.138545 2.678952 0.717274
v -3.138354 2.678983 0.716688
v -3.138268 2.679014 0.716078
v -3.138290 2.679045 0.715462
v -3.138417 2.679077 0.714860
v -3.138648 2.679108 0.714289
v -3.138974 2.679139 0.713766
v -3.139386 2.679171 0.713308
v -3.139871 2.679202 0.712929
v -3.140415 2.679233 0.712639
v -3.141001 2.679265 0.712449
v -3.141611 2.679296 0.712363
v -3.142226 2.679327 0.712384
v -3.142829 2.679359 0.712512
v -3.143400 2.679390 0.712742
v -3.143922 2.679421 0.713069
v -3.144380 2.679453 0.713481
v -3.144760 2.679484 0.713966
v -3.145049 2.679515 0.714509
v -3.145240 2.679547 0.715095
v -3.145326 2.679578 0.715705
v -3.145304 2.679609 0.716321
v -3.145177 2.679641 0.716923
v -3.144946 2.679672 0.717494
v -3.144620 2.679703 0.718017
v -3.144208 2.679735 0.718475
v -3.143723 2.679766 0.718854
v -3.143179 2.679797 0.719144
v -3.142593 2.679829 0.719334
v -3.141984 2.679860 0.719420
v -3.141368 2.679891 0.719399
v -3.140765 2.679923 0.719271
v -3.140194 2.679954 0.719041
v -3.139672 2.679985 0.718714
v -3.138840 2.679340 0.718651
v -3.138406 2.679371 0.718096
v -3.138075 2.679403 0.717473
v -3.137857 2.679434 0.716803
v -3.137758 2.679465 0.716105
v -3.137783 2.679497 0.715400
v -3.137929 2.679528 0.714711
v -3.138193 2.679559 0.714057
v -3.138566 2.679590 0.713459
v -3.139038 2.679622 0.712935
v -3.139593 2.679653 0.712501
v -3.140215 2.679685 0.712169
v -3.140886 2.679716 0.711951
v -3.141584 2.679747 0.711853
v -3.142288 2.679779 0.711877
v -3.142978 2.679810 0.712023
v -3.143632 2.679841 0.712287
v -3.144230 2.679873 0.712660
v -3.144754 2.679904 0.713132
v -3.145188 2.679935 0.713687
v -3.145519 2.679966 0.714310
v -3.145737 2.679998 0.714980
v -3.145836 2.680029 0.715678
v -3.145812 2.680060 0.716383
v -3.145665 2.680092 0.717072
v -3.145401 2.680123 0.717726
v -3.145028 2.680155 0.718324
v -3.144557 2.680186 0.718848
v -3.144001 2.680217 0.719282
v -3.143379 2.680248 0.719614
v -3.142709 2.680280 0.719832
v -3.142010 2.680311 0.719930
v -3.141306 2.680342 0.719906
v -3.140616 2.680374 0.719760
v -3.139962 2.680405 0.719496
v -3.139364 2.680436 0.719123
v -3.138840 2.679453 0.718651
v -3.138406 2.679484 0.718096
v -3.138075 2.679515 0.717473
v -3.137857 2.679547 0.716803
v -3.137758 2.679578 0.716105
v -3.137783 2.679609 0.715400
v -3.137929 2.679641 0.714711
v -3.138193 2.679672 0.714057
v -3.138566 2.679703 0.713459
v -3.139038 2.679735 0.712935
v -3.139593 2.679766 0.712501
v -3.140215 2.679797 0.712169
v -3.140886 2.679829 0.711951
v -3.141584 2.679860 0.711853
v -3.142288 2.679891 0.711877
v -3.142978 2.679923 0.712023
v -3.143632 2.679954 0.712287
v -3.144230 2.679985 0.712660
v -3.144754 2.680017 0.713132
v -3.145188 2.680048 0.713687
v -3.145519 2.680079 0.714310
v -3.145737 2.680111 0.714980
v -3.145836 2.680142 0.715678
v -3.145812 2.680173 0.716383
v -3.145665 2.680205 0.717072
v -3.145401 2.680236 0.717726
v -3.145028 2.680267 0.718324
v -3.144557 2.680299 0.718848
v -3.144001 2.680330 0.719282
v -3.143379 2.680361 0.719614
v -3.142709 2.680393 0.719832
v -3.142010 2.680424 0.719930
v -3.141306 2.680455 0.719906
v -3.140616 2.680486 0.719760
v -3.139962 2.680518 0.719496
v -3.139364 2.680549 0.719123
v -3.139214 2.679904 0.718303
v -3.138834 2.679935 0.717817
v -3.138545 2.679966 0.717274
v -3.138354 2.679998 0.716688
v -3.138268 2.680029 0.716078
v -3.138290 2.680060 0.715462
v -3.138417 2.680092 0.714860
v -3.138648 2.680123 0.714289
v -3.138974 2.680155 0.713766
v -3.139386 2.680186 0.713308
v -3.139871 2.680217 0.712929
v -3.140415 2.680248 0.712639
v -3.141001 2.680280 0.712449
v -3.141611 2.680311 0.712363
v -3.142226 2.680342 0.712384
v -3.142829 2.680374 0.712512
v -3.143400 2.680405 0.712742
v -3.143922 2.680436 0.713069
v -3.144380 2.680468 0.713481
v -3.144760 2.680499 0.713966
v -3.145049 2.680530 0.714509
v -3.145240 2.680562 0.715095
v -3.145326 2.680593 0.715705
v -3.145304 2.680624 0.716321
v -3.145177 2.680656 0.716923
v -3.144946 2.680687 0.717494
v -3.144620 2.680718 0.718017
v -3.144208 2.680750 0.718475
v -3.143723 2.680781 0.718854
v -3.143179 2.680812 0.719144
v -3.142593 2.680844 0.719334
v -3.141984 2.680875 0.719420
v -3.141368 2.680906 0.719399
v -3.140765 2.680938 0.719271
v -3.140194 2.680969 0.719041
v -3.139672 2.681000 0.718714
v -3.139214 2.680017 0.718303
v -3.138834 2.680048 0.717817
v -3.138545 2.680079 0.717274
v -3.138354 2.680111 0.716688
v -3.138268 2.680142 0.716078
v -3.138290 2.680173 0.715462
v -3.138417 2.680205 0.714860
v -3.138648 2.680236 0.714289
v -3.138974 2.680267 0.713766
v -3.139386 2.680299 0.713308
v -3.139871 2.680330 0.712929
v -3.140415 2.680361 0.712639
v -3.141001 2.680393 0.712449
v -3.141611 2.680424 0.712363
v -3.142226 2.680455 0.712384
v -3.142829 2.680486 0.712512
v -3.143400 2.680518 0.712742
v -3.143922 2.680549 0.713069
v -3.144380 2.680581 0.713481
v -3.144760 2.680612 0.713966
v -3.145049 2.680643 0.714509
v -3.145240 2.680675 0.715095
v -3.145326 2.680706 0.715705
v -3.145304 2.680737 0.716321
v -3.145177 2.680768 0.716923
v -3.144946 2.680800 0.717494
v -3.144620 2.680831 0.718017
v -3.144208 2.680862 0.718475
v -3.143723 2.680894 0.718854
v -3.143179 2.680925 0.719144
v -3.142593 2.680956 0.719334
v -3.141984 2.680988 0.719420
v -3.141368 2.681019 0.719399
v -3.140765 2.681051 0.719271
v -3.140194 2.681082 0.719041
v -3.139672 2.681113 0.718714
v -3.138840 2.680468 0.718651
v -3.138406 2.680499 0.718096
v -3.138075 2.680530 0.717473
v -3.137857 2.680562 0.716803
v -3.137758 2.680593 0.716105
v -3.137783 2.680624 0.715400
v -3.137929 2.680656 0.714711
v -3.138193 2.680687 0.714057
v -3.138566 2.680718 0.713459
v -3.139038 2.680750 0.712935
v -3.139593 2.680781 0.712501
v -3.140215 2.680812 0.712169
v -3.140886 2.680844 0.711951
v -3.141584 2.680875 0.711853
v -3.142288 2.680906 0.711877
v -3.142978 2.680938 0.712023
v -3.143632 2.680969 0.712287
v -3.144230 2.681000 0.712660
v -3.144754 2.681032 0.713132
v -3.145188 2.681063 0.713687
v -3.145519 2.681094 0.714310
v -3.145737 2.681126 0.714980
v -3.145836 2.681157 0.715678
v -3.145812 2.681188 0.716383
v -3.145665 2.681220 0.717072
v -3.145401 2.681251 0.717726
v -3.145028 2.681282 0.718324
v -3.144557 2.681314 0.718848
v -3.144001 2.681345 0.719282
v -3.143379 2.681376 0.719614
v -3.142709 2.681408 0.719832
v -3.142010 2.681439 0.719930
v -3.141306 2.681470 0.719906
v -3.140616 2.681502 0.719760
v -3.139962 2.681533 0.719496
v -3.139364 2.681564 0.719123
v -3.138840 2.680581 0.718651
v -3.138406 2.680612 0.718096
v -3.138075 2.680643 0.717473
v -3.137857 2.680675 0.716803
v -3.137758 2.680706 0.716105
v -3.137783 2.680737 0.715400
v -3.137929 2.680768 0.714711
v -3.138193 2.680800 0.714057
v -3.138566 2.680831 0.713459
v -3.139038 2.680862 0.712935
v -3.139593 2.680894 0.712501
v -3.140215 2.680925 0.712169
v -3.140886 2.680956 0.711951
v -3.141584 2.680988 0.711853
v -3.142288 2.681019 0.711877
v -3.142978 2.681051 0.712023
v -3.143632 2.681082 0.712287
v -3.144230 2.681113 0.712660
v -3.144754 2.681144 0.713132
v -3.145188 2.681176 0.713687
v -3.145519 2.681207 0.714310
v -3.145737 2.681238 0.714980
v -3.145836 2.681270 0.715678
v -3.145812 2.681301 0.716383
v -3.145665 2.681332 0.717072
v -3.145401 2.681364 0.717726
v -3.145028 2.681395 0.718324
v -3.144557 2.681426 0.718848
v -3.144001 2.681458 0.719282
v -3.143379 2.681489 0.719614
v -3.142709 2.681520 0.719832
v -3.142010 2.681552 0.719930
v -3.141306 2.681583 0.719906
v -3.140616 2.681614 0.719760
v -3.139962 2.681646 0.719496
v -3.139364 2.681677 0.719123
v -3.139214 2.681032 0.718303
v -3.138834 2.681063 0.717817
v -3.138545 2.681094 0.717274
v -3.138354 2.681126 0.716688
v -3.138268 2.681157 0.716078
v -3.138290 2.681188 0.715462
v -3.138417 2.681220 0.714860
v -3.138648 2.681251 0.714289
v -3.138974 2.681282 0.713766
v -3.139386 2.681314 0.713308
v -3.139871 2.681345 0.712929
v -3.140415 2.681376 0.712639
v -3.141001 2.681408 0.712449
v -3.141611 2.681439 0.712363
v -3.142226 2.681470 0.712384
v -3.142829 2.681502 0.712512
v -3.143400 2.681533 0.712742
v -3.143922 2.681564 0.713069
v -3.144380 2.681596 0.713481
v -3.144760 2.681627 0.713966
v -3.145049 2.681658 0.714509
v -3.145240 2.681690 0.715095
v -3.145326 2.681721 0.715705
v -3.145304 2.681752 0.716321
v -3.145177 2.681783 0.716923
v -3.144946 2.681815 0.717494
v -3.144620 2.681846 0.718017
v -3.144208 2.681878 0.718475
v -3.143723 2.681909 0.718854
v -3.143179 2.681940 0.719144
v -3.142593 2.681972 0.719334
v -3.141984 2.682003 0.719420
v -3.141368 2.682034 0.719399
v -3.140765 2.682065 0.719271
v -3.140194 2.682097 0.719041
v -3.139672 2.682128 0.718714
v -3.139214 2.681144 0.718303
v -3.138834 2.681176 0.717817
v -3.138545 2.681207 0.717274
v -3.138354 2.681238 0.716688
v -3.138268 2.681270 0.716078
v -3.138290 2.681301 0.715462
v -3.138417 2.681332 0.714860
v -3.138648 2.681364 0.714289
v -3.138974 2.681395 0.713766
v -3.139386 2.681426 0.713308
v -3.139871 2.681458 0.712929
v -3.140415 2.681489 0.712639
v -3.141001 2.681520 0.712449
v -3.141611 2.681552 0.712363
v -3.142226 2.681583 0.712384
v -3.142829 2.681614 0.712512
v -3.143400 2.681646 0.712742
v -3.143922 2.681677 0.713069
v -3.144380 2.681708 0.713481
v -3.144760 2.681740 0.713966
v -3.145049 2.681771 0.714509
v -3.145240 2.681802 0.715095
v -3.145326 2.681834 0.715705
v -3.145304 2.681865 0.716321
v -3.145177 2.681896 0.716923
v -3.144946 2.681928 0.717494
v -3.144620 2.681959 0.718017
v -3.144208 2.681990 0.718475
v -3.143723 2.682022 0.718854
v -3.143179 2.682053 0.719144
v -3.142593 2.682084 0.719334
v -3.141984 2.682116 0.719420
v -3.141368 2.682147 0.719399
v -3.140765 2.682178 0.719271
v -3.140194 2.682209 0.719041
v -3.139672 2.682241 0.718714
v -3.138840 2.681596 0.718651
v -3.138406 2.681627 0.718096
v -3.138075 2.681658 0.717473
v -3.137857 2.681690 0.716803
v -3.137758 2.681721 0.716105
v -3.137783 2.681752 0.715400
v -3.137929 2.681783 0.714711
v -3.138193 2.681815 0.714057
v -3.138566 2.681846 0.713459
v -3.139038 2.681878 0.712935
v -3.139593 2.681909 0.712501
v -3.140215 2.681940 0.712169
v -3.140886 2.681972 0.711951
v -3.141584 2.682003 0.711853
v -3.142288 2.682034 0.711877
v -3.142978 2.682065 0.712023
v -3.143632 2.682097 0.712287
v -3.144230 2.682128 0.712660
v -3.144754 2.682159 0.713132
v -3.145188 2.682191 0.713687
v -3.145519 2.682222 0.714310
v -3.145737 2.682253 0.714980
v -3.145836 2.682285 0.715678
v -3.145812 2.682316 0.716383
v -3.145665 2.682348 0.717072
v -3.145401 2.682379 0.717726
v -3.145028 2.682410 0.718324
v -3.144557 2.682441 0.718848
v -3.144001 2.682473 0.719282
v -3.143379 2.682504 0.719614
v -3.142709 2.682535 0.719832
v -3.142010 2.682567 0.719930
v -3.141306 2.682598 0.719906
v -3.140616 2.682629 0.719760
v -3.139962 2.682661 0.719496
v -3.139364 2.682692 0.719123
v -3.138840 2.681708 0.718651
v -3.138406 2.681740 0.718096
v -3.138075 2.681771 0.717473
v -3.137857 2.681802 0.716803
v -3.137758 2.681834 0.716105
v -3.137783 2.681865 0.715400
v -3.137929 2.681896 0.714711
v -3.138193 2.681928 0.714057
v -3.138566 2.681959 0.713459
v -3.139038 2.681990 0.712935
v -3.139593 2.682022 0.712501
v -3.140215 2.682053 0.712169
v -3.140886 2.682084 0.711951
v -3.141584 2.682116 0.711853
v -3.142288 2.682147 0.711877
v -3.142978 2.682178 0.712023
v -3.143632 2.682209 0.712287
v -3.144230 2.682241 0.712660
v -3.144754 2.682272 0.713132
v -3.145188 2.682304 0.713687
v -3.145519 2.682335 0.714310
v -3.145737 2.682366 0.714980
v -3.145836 2.682398 0.715678
v -3.145812 2.682429 0.716383
v -3.145665 2.682460 0.717072
v -3.145401 2.682492 0.717726
v -3.145028 2.682523 0.718324
v -3.144557 2.682554 0.718848
v -3.144001 2.682585 0.719282
v -3.143379 2.682617 0.719614
v -3.142709 2.682648 0.719832
v -3.142010 2.682679 0.719930
v -3.141306 2.682711 0.719906
v -3.140616 2.682742 0.719760
v -3.139962 2.682774 0.719496
v -3.139364 2.682805 0.719123
v -3.139214 2.682159 0.718303
v -3.138834 2.682191 0.717817
v -3.138545 2.682222 0.717274
v -3.138354 2.682253 0.716688
v -3.138268 2.682285 0.716078
v -3.138290 2.682316 0.715462
v -3.138417 2.682348 0.714860
v -3.138648 2.682379 0.714289
v -3.138974 2.682410 0.713766
v -3.139386 2.682441 0.713308
v -3.139871 2.682473 0.712929
v -3.140415 2.682504 0.712639
v -3.141001 2.682535 0.712449
v -3.141611 2.682567 0.712363
v -3.142226 2.682598 0.712384
v -3.142829 2.682629 0.712512
v -3.143400 2.682661 0.712742
v -3.143922 2.682692 0.713069
v -3.144380 2.682723 0.713481
v -3.144760 2.682755 0.713966
v -3.145049 2.682786 0.714509
v -3.145240 2.682817 0.715095
v -3.145326 2.682849 0.715705
v -3.145304 2.682880 0.716321
v -3.145177 2.682911 0.716923
v -3.144946 2.682943 0.717494
v -3.144620 2.682974 0.718017
v -3.144208 2.683005 0.718475
v -3.143723 2.683037 0.718854
v -3.143179 2.683068 0.719144
v -3.142593 2.683099 0.719334
v -3.141984 2.683131 0.719420
v -3.141368 2.683162 0.719399
v -3.140765 2.683193 0.719271
v -3.140194 2.683225 0.719041
v -3.139672 2.683256 0.718714
v -3.139214 2.682272 0.718303
v -3.138834 2.682304 0.717817
v -3.138545 2.682335 0.717274
v -3.138354 2.682366 0.716688
v -3.138268 2.682398 0.716078
v -3.138290 2.682429 0.715462
v -3.138417 2.682460 0.714860
v -3.138648 2.682492 0.714289
v -3.138974 2.682523 0.713766
v -3.139386 2.682554 0.713308
v -3.139871 2.682585 0.712929
v -3.140415 2.682617 0.712639
v -3.141001 2.682648 0.712449
v -3.141611 2.682679 0.712363
v -3.142226 2.682711 0.712384
v -3.142829 2.682742 0.712512
v -3.143400 2.682774 0.712742
v -3.143922 2.682805 0.713069
v -3.144380 2.682836 0.713481
v -3.144760 2.682868 0.713966
v -3.145049 2.682899 0.714509
v -3.145240 2.682930 0.715095
v -3.145326 2.682961 0.715705
v -3.145304 2.682993 0.716321
v -3.145177 2.683024 0.716923
v -3.144946 2.683055 0.717494
v -3.144620 2.683087 0.718017
v -3.144208 2.683118 0.718475
v -3.143723 2.683149 0.718854
v -3.143179 2.683181 0.719144
v -3.142593 2.683212 0.719334
v -3.141984 2.683244 0.719420
v -3.141368 2.683275 0.719399
v -3.140765 2.683306 0.719271
v -3.140194 2.683337 0.719041
v -3.139672 2.683369 0.718714
v -3.138840 2.682723 0.718651
v -3.138406 2.682755 0.718096
v -3.138075 2.682786 0.717473
v -3.137857 2.682817 0.716803
v -3.137758 2.682849 0.716105
v -3.137783 2.682880 0.715400
v -3.137929 2.682911 0.714711
v -3.138193 2.682943 0.714057
v -3.138566 2.682974 0.713459
v -3.139038 2.683005 0.712935
v -3.139593 2.683037 0.712501
v -3.140215 2.683068 0.712169
v -3.140886 2.683099 0.711951
v -3.141584 2.683131 0.711853
v -3.142288 2.683162 0.711877
v -3.142978 2.683193 0.712023
v -3.143632 2.683225 0.712287
v -3.144230 2.683256 0.712660
v -3.144754 2.683287 0.713132
v -3.145188 2.683319 0.713687
v -3.145519 2.683350 0.714310
v -3.145737 2.683381 0.714980
v -3.145836 2.683413 0.715678
v -3.145812 2.683444 0.716383
v -3.145665 2.683475 0.717072
v -3.145401 2.683506 0.717726
v -3.145028 2.683538 0.718324
v -3.144557 2.683569 0.718848
v -3.144001 2.683601 0.719282
v -3.143379 2.683632 0.719614
v -3.142709 2.683663 0.719832
v -3.142010 2.683695 0.719930
v -3.141306 2.683726 0.719906
v -3.140616 2.683757 0.719760
v -3.139962 2.683789 0.719496
v -3.139364 2.683820 0.719123
v -3.138840 2.682836 0.718651
v -3.138406 2.682868 0.718096
v -3.138075 2.682899 0.717473
v -3.137857 2.682930 0.716803
v -3.137758 2.682961 0.716105
v -3.137783 2.682993 0.715400
v -3.137929 2.683024 0.714711
v -3.138193 2.683055 0.714057
v -3.138566 2.683087 0.713459
v -3.139038 2.683118 0.712935
v -3.139593 2.683149 0.712501
v -3.140215 2.683181 0.712169
v -3.140886 2.683212 0.711951
v -3.141584 2.683244 0.711853
v -3.142288 2.683275 0.711877
v -3.142978 2.683306 0.712023
v -3.143632 2.683337 0.712287
v -3.144230 2.683369 0.712660
v -3.144754 2.683400 0.713132
v -3.145188 2.683431 0.713687
v -3.145519 2.683463 0.714310
v -3.145737 2.683494 0.714980
v -3.145836 2.683525 0.715678
v -3.145812 2.683557 0.716383
v -3.145665 2.683588 0.717072
v -3.145401 2.683619 0.717726
v -3.145028 2.683651 0.718324
v -3.144557 2.683682 0.718848
v -3.144001 2.683713 0.719282
v -3.143379 2.683745 0.719614
v -3.142709 2.683776 0.719832
v -3.142010 2.683807 0.719930
v -3.141306 2.683839 0.719906
v -3.140616 2.683870 0.719760
v -3.139962 2.683901 0.719496
v -3.139364 2.683933 0.719123
v -3.139214 2.683287 0.718303
v -3.138834 2.683319 0.717817
v -3.138545 2.683350 0.717274
v -3.138354 2.683381 0.716688
v -3.138268 2.683413 0.716078
v -3.138290 2.683444 0.715462
v -3.138417 2.683475 0.714860
v -3.138648 2.683506 0.714289
v -3.138974 2.683538 0.713766
v -3.139386 2.683569 0.713308
v -3.139871 2.683601 0.712929
v -3.140415 2.683632 0.712639
v -3.141001 2.683663 0.712449
v -3.141611 2.683695 0.712363
v -3.142226 2.683726 0.712384
v -3.142829 2.683757 0.712512
v -3.143400 2.683789 0.712742
v -3.143922 2.683820 0.713069
v -3.144380 2.683851 0.713481
v -3.144760 2.683882 0.713966
v -3.145049 2.683914 0.714509
v -3.145240 2.683945 0.715095
v -3.145326 2.683976 0.715705
v -3.145304 2.684008 0.716321
v -3.145177 2.684039 0.716923
v -3.144946 2.684071 0.717494
v -3.144620 2.684102 0.718017
v -3.144208 2.684133 0.718475
v -3.143723 2.684165 0.718854
v -3.143179 2.684196 0.719144
v -3.142593 2.684227 0.719334
v -3.141984 2.684258 0.719420
v -3.141368 2.684290 0.719399
v -3.140765 2.684321 0.719271
v -3.140194 2.684352 0.719041
v -3.139672 2.684384 0.718714
v -3.139214 2.683400 0.718303
v -3.138834 2.683431 0.717817
v -3.138545 2.683463 0.717274
v -3.138354 2.683494 0.716688
v -3.138268 2.683525 0.716078
v -3.138290 2.683557 0.715462
v -3.138417 2.683588 0.714860
v -3.138648 2.683619 0.714289
v -3.138974 2.683651 0.713766
v -3.139386 2.683682 0.713308
v -3.139871 2.683713 0.712929
v -3.140415 2.683745 0.712639
v -3.141001 2.683776 0.712449
v -3.141611 2.683807 0.712363
v -3.142226 2.683839 0.712384
v -3.142829 2.683870 0.712512
v -3.143400 2.683901 0.712742
v -3.143922 2.683933 0.713069
v -3.144380 2.683964 0.713481
v -3.144760 2.683995 0.713966
v -3.145049 2.684027 0.714509
v -3.145240 2.684058 0.715095
v -3.145326 2.684089 0.715705
v -3.145304 2.684121 0.716321
v -3.145177 2.684152 0.716923
v -3.144946 2.684183 0.717494
v -3.144620 2.684215 0.718017
v -3.144208 2.684246 0.718475
v -3.143723 2.684277 0.718854
v -3.143179 2.684309 0.719144
v -3.142593 2.684340 0.719334
v -3.141984 2.684371 0.719420
v -3.141368 2.684402 0.719399
v -3.140765 2.684434 0.719271
v -3.140194 2.684465 0.719041
v -3.139672 2.684497 0.718714
v -3.138840 2.683851 0.718651
v -3.138406 2.683882 0.718096
v -3.138075 2.683914 0.717473
v -3.137857 2.683945 0.716803
v -3.137758 2.683976 0.716105
v -3.137783 2.684008 0.715400
v -3.137929 2.684039 0.714711
v -3.138193 2.684071 0.714057
v -3.138566 2.684102 0.713459
v -3.139038 2.684133 0.712935
v -3.139593 2.684165 0.712501
v -3.140215 2.684196 0.712169
v -3.140886 2.684227 0.711951
v -3.141584 2.684258 0.711853
v -3.142288 2.684290 0.711877
v -3.142978 2.684321 0.712023
v -3.143632 2.684352 0.712287
v -3.144230 2.684384 0.712660
v -3.144754 2.684415 0.713132
v -3.145188 2.684446 0.713687
v -3.145519 2.684478 0.714310
v -3.145737 2.684509 0.714980
v -3.145836 2.684541 0.715678
v -3.145812 2.684572 0.716383
v -3.145665 2.684603 0.717072
v -3.145401 2.684634 0.717726
v -3.145028 2.684666 0.718324
v -3.144557 2.684697 0.718848
v -3.144001 2.684728 0.719282
v -3.143379 2.684760 0.719614
v -3.142709 2.684791 0.719832
v -3.142010 2.684822 0.719930
v -3.141306 2.684854 0.719906
v -3.140616 2.684885 0.719760
v -3.139962 2.684916 0.719496
v -3.139364 2.684948 0.719123
v -3.138840 2.683964 0.718651
v -3.138406 2.683995 0.718096
v -3.138075 2.684027 0.717473
v -3.137857 2.684058 0.716803
v -3.137758 2.684089 0.716105
v -3.137783 2.684121 0.715400
v -3.137929 2.684152 0.714711
v -3.138193 2.684183 0.714057
v -3.138566 2.684215 0.713459
v -3.139038 2.684246 0.712935
v -3.139593 2.684277 0.712501
v -3.140215 2.684309 0.712169
v -3.140886 2.684340 0.711951
v -3.141584 2.684371 0.711853
v -3.142288 2.684402 0.711877
v -3.142978 2.684434 0.712023
v -3.143632 2.684465 0.712287
v -3.144230 2.684497 0.712660
v -3.144754 2.684528 0.713132
v -3.145188 2.684559 0.713687
v -3.145519 2.684591 0.714310
v -3.145737 2.684622 0.714980
v -3.145836 2.684653 0.715678
v -3.145812 2.684685 0.716383
v -3.145665 2.684716 0.717072
v -3.145401 2.684747 0.717726
v -3.145028 2.684778 0.718324
v -3.144557 2.684810 0.718848
v -3.144001 2.684841 0.719282
v -3.143379 2.684872 0.719614
v -3.142709 2.684904 0.719832
v -3.142010 2.684935 0.719930
v -3.141306 2.684967 0.719906
v -3.140616 2.684998 0.719760
v -3.139962 2.685029 0.719496
v -3.139364 2.685061 0.719123
v -3.139214 2.684415 0.718303
v -3.138834 2.684446 0.717817
v -3.138545 2.684478 0.717274
v -3.138354 2.684509 0.716688
v -3.138268 2.684541 0.716078
v -3.138290 2.684572 0.715462
v -3.138417 2.684603 0.714860
v -3.138648 2.684634 0.714289
v -3.138974 2.684666 0.713766
v -3.139386 2.684697 0.713308
v -3.139871 2.684728 0.712929
v -3.140415 2.684760 0.712639
v -3.141001 2.684791 0.712449
v -3.141611 2.684822 0.712363
v -3.142226 2.684854 0.712384
v -3.142829 2.684885 0.712512
v -3.143400 2.684916 0.712742
v -3.143922 2.684948 0.713069
v -3.144380 2.684979 0.713481
v -3.144760 2.685010 0.713966
v -3.145049 2.685042 0.714509
v -3.145240 2.685073 0.715095
v -3.145326 2.685104 0.715705
v -3.145304 2.685136 0.716321
v -3.145177 2.685167 0.716923
v -3.144946 2.685198 0.717494
v -3.144620 2.685230 0.718017
v -3.144208 2.685261 0.718475
v -3.143723 2.685292 0.718854
v -3.143179 2.685324 0.719144
v -3.142593 2.685355 0.719334
v -3.141984 2.685386 0.719420
v -3.141368 2.685418 0.719399
v -3.140765 2.685449 0.719271
v -3.140194 2.685480 0.719041
v -3.139672 2.685512 0.718714
v -3.139214 2.684528 0.718303
v -3.138834 2.684559 0.717817
v -3.138545 2.684591 0.717274
v -3.138354 2.684622 0.716688
v -3.138268 2.684653 0.716078
v -3.138290 2.684685 0.715462
v -3.138417 2.684716 0.714860
v -3.138648 2.684747 0.714289
v -3.138974 2.684778 0.713766
v -3.139386 2.684810 0.713308
v -3.139871 2.684841 0.712929
v -3.140415 2.684872 0.712639
v -3.141001 2.684904 0.712449
v -3.141611 2.684935 0.712363
v -3.142226 2.684967 0.712384
v -3.142829 2.684998 0.712512
v -3.143400 2.685029 0.712742
v -3.143922 2.685061 0.713069
v -3.144380 2.685092 0.713481
v -3.144760 2.685123 0.713966
v -3.145049 2.685154 0.714509
v -3.145240 2.685186 0.715095
v -3.145326 2.685217 0.715705
v -3.145304 2.685248 0.716321
v -3.145177 2.685280 0.716923
v -3.144946 2.685311 0.717494
v -3.144620 2.685342 0.718017
v -3.144208 2.685374 0.718475
v -3.143723 2.685405 0.718854
v -3.143179 2.685436 0.719144
v -3.142593 2.685468 0.719334
v -3.141984 2.685499 0.719420
v -3.141368 2.685530 0.719399
v -3.140765 2.685562 0.719271
v -3.140194 2.685593 0.719041
v -3.139672 2.685624 0.718714
v -3.138840 2.684979 0.718651
v -3.138406 2.685010 0.718096
v -3.138075 2.685042 0.717473
v -3.137857 2.685073 0.716803
v -3.137758 2.685104 0.716105
v -3.137783 2.685136 0.715400
v -3.137929 2.685167 0.714711
v -3.138193 2.685198 0.714057
v -3.138566 2.685230 0.713459
v -3.139038 2.685261 0.712935
v -3.139593 2.685292 0.712501
v -3.140215 2.685324 0.712169
v -3.140886 2.685355 0.711951
v -3.141584 2.685386 0.711853
v -3.142288 2.685418 0.711877
v -3.142978 2.685449 0.712023
v -3.143632 2.685480 0.712287
v -3.144230 2.685512 0.712660
v -3.144754 2.685543 0.713132
v -3.145188 2.685574 0.713687
v -3.145519 2.685606 0.714310
v -3.145737 2.685637 0.714980
v -3.145836 2.685668 0.715678
v -3.145812 2.685699 0.716383
v -3.145665 2.685731 0.717072
v -3.145401 2.685762 0.717726
v -3.145028 2.685794 0.718324
v -3.144557 2.685825 0.718848
v -3.144001 2.685856 0.719282
v -3.143379 2.685888 0.719614
v -3.142709 2.685919 0.719832
v -3.142010 2.685950 0.719930
v -3.141306 2.685982 0.719906
v -3.140616 2.686013 0.719760
v -3.139962 2.686044 0.719496
v -3.139364 2.686075 0.719123
v -3.138840 2.685092 0.718651
v -3.138406 2.685123 0.718096
v -3.138075 2.685154 0.717473
v -3.137857 2.685186 0.716803
v -3.137758 2.685217 0.716105
v -3.137783 2.685248 0.715400
v -3.137929 2.685280 0.714711
v -3.138193 2.685311 0.714057
v -3.138566 2.685342 0.713459
v -3.139038 2.685374 0.712935
v -3.139593 2.685405 0.712501
v -3.140215 2.685436 0.712169
v -3.140886 2.685468 0.711951
v -3.141584 2.685499 0.711853
v -3.142288 2.685530 0.711877
v -3.142978 2.685562 0.712023
v -3.143632 2.685593 0.712287
v -3.144230 2.685624 0.712660
v -3.144754 2.685656 0.713132
v -3.145188 2.685687 0.713687
v -3.145519 2.685718 0.714310
v -3.145737 2.685750 0.714980
v -3.145836 2.685781 0.715678
v -3.145812 2.685812 0.716383
v -3.145665 2.685844 0.717072
v -3.145401 2.685875 0.717726
v -3.145028 2.685906 0.718324
v -3.144557 2.685938 0.718848
v -3.144001 2.685969 0.719282
v -3.143379 2.686000 0.719614
v -3.142709 2.686032 0.719832
v -3.142010 2.686063 0.719930
v -3.141306 2.686094 0.719906
v -3.140616 2.686126 0.719760
v -3.139962 2.686157 0.719496
v -3.139364 2.686188 0.719123
v -3.139214 2.685543 0.718303
v -3.138834 2.685574 0.717817
v -3.138545 2.685606 0.717274
v -3.138354 2.685637 0.716688
v -3.138268 2.685668 0.716078
v -3.138290 2.685699 0.715462
v -3.138417 2.685731 0.714860
v -3.138648 2.685762 0.714289
v -3.138974 2.685794 0.713766
v -3.139386 2.685825 0.713308
v -3.139871 2.685856 0.712929
v -3.140415 2.685888 0.712639
v -3.141001 2.685919 0.712449
v -3.141611 2.685950 0.712363
v -3.142226 2.685982 0.712384
v -3.142829 2.686013 0.712512
v -3.143400 2.686044 0.712742
v -3.143922 2.686075 0.713069
v -3.144380 2.686107 0.713481
v -3.144760 2.686138 0.713966
v -3.145049 2.686169 0.714509
v -3.145240 2.686201 0.715095
v -3.145326 2.686232 0.715705
v -3.145304 2.686264 0.716321
v -3.145177 2.686295 0.716923
v -3.144946 2.686326 0.717494
v -3.144620 2.686357 0.718017
v -3.144208 2.686389 0.718475
v -3.143723 2.686420 0.718854
v -3.143179 2.686451 0.719144
v -3.142593 2.686483 0.719334
v -3.141984 2.686514 0.719420
v -3.141368 2.686545 0.719399
v -3.140765 2.686577 0.719271
v -3.140194 2.686608 0.719041
v -3.139672 2.686639 0.718714
v -3.139214 2.685656 0.718303
v -3.138834 2.685687 0.717817
v -3.138545 2.685718 0.717274
v -3.138354 2.685750 0.716688
v -3.138268 2.685781 0.716078
v -3.138290 2.685812 0.715462
v -3.138417 2.685844 0.714860
v -3.138648 2.685875 0.714289
v -3.138974 2.685906 0.713766
v -3.139386 2.685938 0.713308
v -3.139871 2.685969 0.712929
v -3.140415 2.686000 0.712639
v -3.141001 2.686032 0.712449
v -3.141611 2.686063 0.712363
v -3.142226 2.686094 0.712384
v -3.142829 2.686126 0.712512
v -3.143400 2.686157 0.712742
v -3.143922 2.686188 0.713069
v -3.144380 2.686220 0.713481
v -3.144760 2.686251 0.713966
v -3.145049 2.686282 0.714509
v -3.145240 2.686314 0.715095
v -3.145326 2.686345 0.715705
v -3.145304 2.686376 0.716321
v -3.145177 2.686408 0.716923
v -3.144946 2.686439 0.717494
v -3.144620 2.686470 0.718017
v -3.144208 2.686502 0.718475
v -3.143723 2.686533 0.718854
v -3.143179 2.686564 0.719144
v -3.142593 2.686595 0.719334
v -3.141984 2.686627 0.719420
v -3.141368 2.686658 0.719399
v -3.140765 2.686690 0.719271
v -3.140194 2.686721 0.719041
v -3.139672 2.686752 0.718714
v -3.138840 2.686107 0.718651
v -3.138406 2.686138 0.718096
v -3.138075 2.686169 0.717473
v -3.137857 2.686201 0.716803
v -3.137758 2.686232 0.716105
v -3.137783 2.686264 0.715400
v -3.137929 2.686295 0.714711
v -3.138193 2.686326 0.714057
v -3.138566 2.686357 0.713459
v -3.139038 2.686389 0.712935
v -3.139593 2.686420 0.712501
v -3.140215 2.686451 0.712169
v -3.140886 2.686483 0.711951
v -3.141584 2.686514 0.711853
v -3.142288 2.686545 0.711877
v -3.142978 2.686577 0.712023
v -3.143632 2.686608 0.712287
v -3.144230 2.686639 0.712660
v -3.144754 2.686671 0.713132
v -3.145188 2.686702 0.713687
v -3.145519 2.686733 0.714310
v -3.145737 2.686765 0.714980
v -3.145836 2.686796 0.715678
v -3.145812 2.686827 0.716383
v -3.145665 2.686859 0.717072
v -3.145401 2.686890 0.717726
v -3.145028 2.686921 0.718324
v -3.144557 2.686953 0.718848
v -3.144001 2.686984 0.719282
v -3.143379 2.687015 0.719614
v -3.142709 2.687047 0.719832
v -3.142010 2.687078 0.719930
v -3.141306 2.687109 0.719906
v -3.140616 2.687141 0.719760
v -3.139962 2.687172 0.719496
v -3.139364 2.687203 0.719123
v -3.138840 2.686220 0.718651
v -3.138406 2.686251 0.718096
v -3.138075 2.686282 0.717473
v -3.137857 2.686314 0.716803
v -3.137758 2.686345 0.716105
v -3.137783 2.686376 0.715400
v -3.137929 2.686408 0.714711
v -3.138193 2.686439 0.714057
v -3.138566 2.686470 0.713459
v -3.139038 2.686502 0.712935
v -3.139593 2.686533 0.712501
v -3.140215 2.686564 0.712169
v -3.140886 2.686595 0.711951
v -3.141584 2.686627 0.711853
v -3.142288 2.686658 0.711877
v -3.142978 2.686690 0.712023
v -3.143632 2.686721 0.712287
v -3.144230 2.686752 0.712660
v -3.144754 2.686784 0.713132
v -3.145188 2.686815 0.713687
v -3.145519 2.686846 0.714310
v -3.145737 2.686877 0.714980
v -3.145836 2.686909 0.715678
v -3.145812 2.686940 0.716383
v -3.145665 2.686971 0.717072
v -3.145401 2.687003 0.717726
v -3.145028 2.687034 0.718324
v -3.144557 2.687065 0.718848
v -3.144001 2.687097 0.719282
v -3.143379 2.687128 0.719614
v -3.142709 2.687160 0.719832
v -3.142010 2.687191 0.719930
v -3.141308 2.687222 0.719890
v -3.140629 2.687253 0.719720
v -3.139993 2.687285 0.719435
v -3.139421 2.687316 0.719047
v -3.139214 2.686671 0.718303
v -3.138834 2.686702 0.717817
v -3.138545 2.686733 0.717274
v -3.138354 2.686765 0.716688
v -3.138268 2.686796 0.716078
v -3.138290 2.686827 0.715462
v -3.138417 2.686859 0.714860
v -3.138648 2.686890 0.714289
v -3.138974 2.686921 0.713766
v -3.139386 2.686953 0.713308
v -3.139871 2.686984 0.712929
v -3.140415 2.687015 0.712639
v -3.141001 2.687047 0.712449
v -3.141611 2.687078 0.712363
v -3.142226 2.687109 0.712384
v -3.142829 2.687141 0.712512
v -3.143400 2.687172 0.712742
v -3.143922 2.687203 0.713069
v -3.144380 2.687235 0.713481
v -3.144760 2.687266 0.713966
v -3.145049 2.687297 0.714509
v -3.145240 2.687329 0.715095
v -3.145326 2.687360 0.715705
v -3.145304 2.687391 0.716321
v -3.145177 2.687423 0.716923
v -3.144946 2.687454 0.717494
v -3.144620 2.687485 0.718017
v -3.144208 2.687517 0.718475
v -3.143723 2.687548 0.718854
v -3.143179 2.687579 0.719144
v -3.142593 2.687611 0.719334
v -3.141984 2.687642 0.719420
v -3.141368 2.687673 0.719399
v -3.140765 2.687705 0.719271
v -3.140194 2.687736 0.719041
v -3.139672 2.687767 0.718714
v -3.139214 2.686784 0.718303
v -3.138834 2.686815 0.717817
v -3.138545 2.686846 0.717274
v -3.138354 2.686877 0.716688
v -3.138268 2.686909 0.716078
v -3.138290 2.686940 0.715462
v -3.138417 2.686971 0.714860
v -3.138648 2.687003 0.714289
v -3.138974 2.687034 0.713766
v -3.139386 2.687065 0.713308
v -3.139871 2.687097 0.712929
v -3.140415 2.687128 0.712639
v -3.141001 2.687160 0.712449
v -3.141611 2.687191 0.712363
v -3.142226 2.687222 0.712384
v -3.142829 2.687253 0.712512
v -3.143400 2.687285 0.712742
v -3.143922 2.687316 0.713069
v -3.144380 2.687347 0.713481
v -3.144760 2.687379 0.713966
v -3.145049 2.687410 0.714509
v -3.145240 2.687441 0.715095
v -3.145326 2.687473 0.715705
v -3.145304 2.687504 0.716321
v -3.145177 2.687535 0.716923
v -3.144946 2.687567 0.717494
v -3.144620 2.687598 0.718017
v -3.144208 2.687629 0.718475
v -3.143723 2.687661 0.718854
v -3.143179 2.687692 0.719144
v -3.142593 2.687723 0.719334
v -3.141984 2.687755 0.719420
v -3.141368 2.687786 0.719399
v -3.140766 2.687817 0.719268
v -3.140208 2.687849 0.719015
v -3.139705 2.687880 0.718670
v -3.138860 2.687235 0.718633
v -3.138450 2.687266 0.718067
v -3.138147 2.687297 0.717443
v -3.137959 2.687329 0.716779
v -3.137889 2.687360 0.716098
v -3.137939 2.687391 0.715419
v -3.138104 2.687423 0.714764
v -3.138380 2.687454 0.714152
v -3.138755 2.687485 0.713601
v -3.139216 2.687517 0.713126
v -3.139750 2.687548 0.712742
v -3.140338 2.687579 0.712459
v -3.140962 2.687611 0.712283
v -3.141603 2.687642 0.712219
v -3.142241 2.687673 0.712267
v -3.142855 2.687705 0.712425
v -3.143430 2.687736 0.712684
v -3.143946 2.687767 0.713037
v -3.144390 2.687799 0.713472
v -3.144748 2.687830 0.713973
v -3.145013 2.687861 0.714525
v -3.145175 2.687892 0.715110
v -3.145234 2.687924 0.715710
v -3.145187 2.687955 0.716306
v -3.145038 2.687987 0.716881
v -3.144794 2.688018 0.717417
v -3.144463 2.688049 0.717898
v -3.144056 2.688081 0.718312
v -3.143587 2.688112 0.718645
v -3.143071 2.688143 0.718890
v -3.142525 2.688174 0.719040
v -3.141966 2.688206 0.719093
v -3.141411 2.688237 0.719047
v -3.140877 2.688268 0.718907
v -3.140379 2.688300 0.718678
v -3.139932 2.688331 0.718369
v -3.138929 2.687347 0.718569
v -3.138529 2.687379 0.718016
v -3.138234 2.687410 0.717406
v -3.138051 2.687441 0.716758
v -3.137984 2.687473 0.716093
v -3.138032 2.687504 0.715431
v -3.138195 2.687535 0.714792
v -3.138464 2.687567 0.714195
v -3.138830 2.687598 0.713658
v -3.139281 2.687629 0.713196
v -3.139802 2.687661 0.712821
v -3.140375 2.687692 0.712546
v -3.140984 2.687723 0.712375
v -3.141608 2.687755 0.712314
v -3.142229 2.687786 0.712361
v -3.142828 2.687817 0.712515
v -3.143387 2.687849 0.712768
v -3.143889 2.687880 0.713113
v -3.144321 2.687911 0.713536
v -3.144669 2.687943 0.714024
v -3.144926 2.687974 0.714562
v -3.145084 2.688005 0.715131
v -3.145139 2.688037 0.715715
v -3.145093 2.688068 0.716295
v -3.144948 2.688099 0.716853
v -3.144710 2.688131 0.717374
v -3.144387 2.688162 0.717842
v -3.143991 2.688193 0.718243
v -3.143536 2.688225 0.718566
v -3.143034 2.688256 0.718803
v -3.142504 2.688287 0.718948
v -3.141961 2.688318 0.718998
v -3.141421 2.688331 0.718969
v -3.140892 2.688331 0.718857
v -3.140391 2.688331 0.718655
v -3.139214 2.687799 0.718303
v -3.138846 2.687830 0.717810
v -3.138582 2.687861 0.717258
v -3.138419 2.687892 0.716673
v -3.138361 2.687924 0.716073
v -3.138407 2.687955 0.715477
v -3.138556 2.687987 0.714902
v -3.138800 2.688018 0.714366
v -3.139132 2.688049 0.713885
v -3.139538 2.688081 0.713471
v -3.140007 2.688112 0.713138
v -3.140523 2.688143 0.712893
v -3.141069 2.688174 0.712743
v -3.141628 2.688206 0.712690
v -3.142183 2.688237 0.712736
v -3.142718 2.688268 0.712876
v -3.143215 2.688300 0.713105
v -3.143662 2.688331 0.713414
v -3.144064 2.688331 0.713776
v -3.144397 2.688331 0.714202
v -3.144651 2.688331 0.714679
v -3.144818 2.688331 0.715193
v -3.144893 2.688331 0.715728
v -3.144875 2.688331 0.716268
v -3.144763 2.688331 0.716797
v -3.144560 2.688331 0.717298
v -3.144274 2.688331 0.717757
v -3.143913 2.688331 0.718158
v -3.143487 2.688331 0.718491
v -3.143010 2.688331 0.718745
v -3.142496 2.688331 0.718912
v -3.141961 2.688331 0.718988
v -3.139273 2.687911 0.718247
v -3.138925 2.687943 0.717759
v -3.138668 2.687974 0.717221
v -3.138510 2.688005 0.716652
v -3.138455 2.688037 0.716068
v -3.138501 2.688068 0.715488
v -3.138646 2.688099 0.714930
v -3.138884 2.688131 0.714409
v -3.139207 2.688162 0.713941
v -3.139603 2.688193 0.713540
v -3.140059 2.688225 0.713217
v -3.140560 2.688256 0.712980
v -3.141090 2.688287 0.712835
v -3.141633 2.688318 0.712785
v -3.142174 2.688331 0.712814
v -3.142702 2.688331 0.712926
v -3.143203 2.688331 0.713128
v -3.139530 2.688331 0.718007
v -3.139197 2.688331 0.717581
v -3.138943 2.688331 0.717104
v -3.138776 2.688331 0.716590
v -3.138701 2.688331 0.716055
v -3.138719 2.688331 0.715515
v -3.138831 2.688331 0.714986
v -3.139034 2.688331 0.714485
v -3.139320 2.688331 0.714027
v -3.139681 2.688331 0.713625
v -3.140107 2.688331 0.713292
v -3.140584 2.688331 0.713038
v -3.141098 2.688331 0.712871
v -3.141634 2.688331 0.712795
v -3.150697 2.661782 0.704171
v -3.147309 2.661782 0.702255
v -3.147309 2.670065 0.702255
v -3.150697 2.670065 0.704171
v -3.143541 2.661782 0.701283
v -3.143541 2.670065 0.701283
v -3.139649 2.661782 0.701318
v -3.139649 2.670065 0.701318
v -3.135899 2.661782 0.702360
v -3.135899 2.670065 0.702360
v -3.132546 2.661782 0.704337
v -3.132546 2.670065 0.704337
v -3.129819 2.661782 0.707114
v -3.129819 2.670065 0.707114
v -3.127904 2.661782 0.710502
v -3.127904 2.670065 0.710502
v -3.126931 2.661782 0.714271
v -3.126931 2.670065 0.714271
v -3.126967 2.661782 0.718163
v -3.126967 2.670065 0.718163
v -3.128008 2.661782 0.721913
v -3.128008 2.670065 0.721913
v -3.129985 2.661782 0.725266
v -3.129985 2.670065 0.725266
v -3.132762 2.661782 0.727992
v -3.132762 2.670065 0.727992
v -3.136151 2.661782 0.729908
v -3.136151 2.670065 0.729908
v -3.139919 2.661782 0.730880
v -3.139919 2.670065 0.730880
v -3.143811 2.661782 0.730845
v -3.143811 2.670065 0.730845
v -3.147561 2.661782 0.729803
v -3.147561 2.670065 0.729803
v -3.150914 2.661782 0.727826
v -3.150914 2.670065 0.727826
v -3.153641 2.661782 0.725049
v -3.153641 2.670065 0.725049
v -3.155556 2.661782 0.721661
v -3.155556 2.670065 0.721661
v -3.156529 2.661782 0.717892
v -3.156529 2.670065 0.717892
v -3.156493 2.661782 0.714000
v -3.156493 2.670065 0.714000
v -3.155452 2.661782 0.710250
v -3.155452 2.670065 0.710250
v -3.153475 2.661782 0.706897
v -3.153475 2.670065 0.706897
v -3.144380 2.678325 0.713481
v -3.144760 2.678356 0.713966
v -3.145188 2.677792 0.713687
v -3.145519 2.677824 0.714310
v -3.145240 2.677178 0.715095
v -3.145326 2.677210 0.715705
v -3.145240 2.679434 0.715095
v -3.145326 2.679465 0.715705
v -3.138417 2.676708 0.714860
v -3.138648 2.676740 0.714289
v -3.139214 2.674265 0.718303
v -3.138834 2.674296 0.717817
v -3.139038 2.677366 0.712935
v -3.139593 2.677397 0.712501
v -3.140616 2.686013 0.719760
v -3.139962 2.686044 0.719496
v -3.143632 2.683225 0.712287
v -3.144230 2.683256 0.712660
v -3.141611 2.686063 0.712363
v -3.142226 2.686094 0.712384
v -3.138834 2.683431 0.717817
v -3.138545 2.683463 0.717274
v -3.143723 2.687548 0.718854
v -3.143179 2.687579 0.719144
v -3.138354 2.682253 0.716688
v -3.138268 2.682285 0.716078
v -3.145073 2.673920 0.717559
v -3.144722 2.673951 0.718094
v -3.145177 2.682911 0.716923
v -3.144946 2.682943 0.717494
v -3.145304 2.686264 0.716321
v -3.145177 2.686295 0.716923
v -3.138417 2.680092 0.714860
v -3.138648 2.680123 0.714289
v -3.143922 2.674910 0.713069
v -3.144380 2.674942 0.713481
v -3.139386 2.684810 0.713308
v -3.139871 2.684841 0.712929
v -3.142829 2.684885 0.712512
v -3.143400 2.684916 0.712742
v -3.139871 2.675819 0.712929
v -3.140415 2.675850 0.712639
v -3.138417 2.681332 0.714860
v -3.138648 2.681364 0.714289
v -3.137783 2.686376 0.715400
v -3.137929 2.686408 0.714711
v -3.137783 2.675098 0.715400
v -3.137929 2.675129 0.714711
v -3.140765 2.681051 0.719271
v -3.140194 2.681082 0.719041
v -3.144754 2.676520 0.713132
v -3.145188 2.676552 0.713687
v -3.138566 2.679590 0.713459
v -3.139038 2.679622 0.712935
v -3.139593 2.680894 0.712501
v -3.140215 2.680925 0.712169
v -3.144754 2.677761 0.713132
v -3.141368 2.679779 0.719399
v -3.140765 2.679810 0.719271
v -3.138974 2.676771 0.713766
v -3.138648 2.674484 0.714289
v -3.138974 2.674515 0.713766
v -3.140215 2.677429 0.712169
v -3.139364 2.686075 0.719123
v -3.137758 2.678450 0.716105
v -3.137783 2.678482 0.715400
v -3.144748 2.687830 0.713973
v -3.145013 2.687861 0.714525
v -3.141306 2.682598 0.719906
v -3.140616 2.682629 0.719760
v -3.139400 2.671482 0.723744
v -3.140800 2.671482 0.724041
v -3.145188 2.683319 0.713687
v -3.145519 2.683350 0.714310
v -3.138354 2.683494 0.716688
v -3.141984 2.687642 0.719420
v -3.141368 2.687673 0.719399
v -3.145245 2.673764 0.714426
v -3.145433 2.673795 0.715050
v -3.141984 2.683131 0.719420
v -3.141368 2.683162 0.719399
v -3.145049 2.686169 0.714509
v -3.145240 2.686201 0.715095
v -3.145028 2.684666 0.718324
v -3.144557 2.684697 0.718848
v -3.138290 2.680060 0.715462
v -3.140886 2.686483 0.711951
v -3.141584 2.686514 0.711853
v -3.142226 2.684854 0.712384
v -3.141001 2.675881 0.712449
v -3.138834 2.681176 0.717817
v -3.138545 2.681207 0.717274
v -3.138840 2.686220 0.718651
v -3.138406 2.686251 0.718096
v -3.138193 2.675161 0.714057
v -3.143723 2.680894 0.718854
v -3.143179 2.680925 0.719144
v -3.142978 2.676426 0.712023
v -3.143632 2.676458 0.712287
v -3.145812 2.680060 0.716383
v -3.145665 2.680092 0.717072
v -3.139038 2.680862 0.712935
v -3.141001 2.678137 0.712449
v -3.141611 2.678168 0.712363
v -3.144760 2.679371 0.713966
v -3.145049 2.679403 0.714509
v -3.138417 2.674453 0.714860
v -3.142010 2.685950 0.719930
v -3.141306 2.685982 0.719906
v -3.144390 2.687799 0.713472
v -3.141584 2.682003 0.711853
v -3.142288 2.682034 0.711877
v -3.138840 2.676069 0.718651
v -3.138406 2.676100 0.718096
v -3.139672 2.679985 0.718714
v -3.139214 2.680017 0.718303
v -3.144754 2.683287 0.713132
v -3.140415 2.686000 0.712639
v -3.141001 2.686032 0.712449
v -3.149353 2.671482 0.712680
v -3.148681 2.671482 0.711417
v -3.138268 2.683525 0.716078
v -3.144285 2.673983 0.718558
v -3.143777 2.674014 0.718937
v -3.142593 2.683099 0.719334
v -3.145401 2.684634 0.717726
v -3.144754 2.674265 0.713132
v -3.145188 2.674296 0.713687
v -3.139214 2.679904 0.718303
v -3.138834 2.679935 0.717817
v -3.142288 2.686545 0.711877
v -3.143922 2.684948 0.713069
v -3.144380 2.684979 0.713481
v -3.138974 2.675756 0.713766
v -3.139386 2.675787 0.713308
v -3.145188 2.675537 0.713687
v -3.145519 2.675568 0.714310
v -3.140215 2.683181 0.712169
v -3.140886 2.683212 0.711951
v -3.144760 2.680612 0.713966
v -3.145049 2.680643 0.714509
v -3.145836 2.680029 0.715678
v -3.145519 2.681207 0.714310
v -3.145737 2.681238 0.714980
v -3.145240 2.678419 0.715095
v -3.145326 2.678450 0.715705
v -3.138648 2.677980 0.714289
v -3.138974 2.678012 0.713766
v -3.143632 2.677698 0.712287
v -3.144230 2.677730 0.712660
v -3.145049 2.677147 0.714509
v -3.144380 2.679340 0.713481
v -3.146735 2.671482 0.709333
v -3.145521 2.671482 0.708575
v -3.139386 2.676802 0.713308
v -3.139871 2.676834 0.712929
v -3.139386 2.674547 0.713308
v -3.139871 2.674578 0.712929
v -3.139386 2.683569 0.713308
v -3.139871 2.683601 0.712929
v -3.140886 2.677460 0.711951
v -3.141584 2.677491 0.711853
v -3.138840 2.685092 0.718651
v -3.138406 2.685123 0.718096
v -3.139593 2.678638 0.712501
v -3.140215 2.678669 0.712169
v -3.137929 2.681896 0.714711
v -3.138193 2.681928 0.714057
v -3.142978 2.682065 0.712023
v -3.138075 2.676132 0.717473
v -3.139932 2.688331 0.718369
v -3.139530 2.688331 0.718007
v -3.139214 2.683400 0.718303
v -3.140765 2.683193 0.719271
v -3.140194 2.683225 0.719041
v -3.144620 2.686357 0.718017
v -3.144208 2.686389 0.718475
v -3.144001 2.684728 0.719282
v -3.143379 2.684760 0.719614
v -3.140415 2.680248 0.712639
v -3.141001 2.680280 0.712449
v -3.142978 2.686577 0.712023
v -3.143400 2.674879 0.712742
v -3.138974 2.684778 0.713766
v -3.139962 2.687172 0.719496
v -3.139364 2.687203 0.719123
v -3.138566 2.675192 0.713459
v -3.139038 2.675223 0.712935
v -3.144380 2.680581 0.713481
v -3.139593 2.679653 0.712501
v -3.145812 2.681301 0.716383
v -3.145665 2.681332 0.717072
v -3.145304 2.678482 0.716321
v -3.143379 2.678106 0.719614
v -3.142709 2.678137 0.719832
v -3.143922 2.679309 0.713069
v -3.141306 2.674816 0.719906
v -3.140616 2.674847 0.719760
v -3.143379 2.685888 0.719614
v -3.142709 2.685919 0.719832
v -3.138193 2.685198 0.714057
v -3.138566 2.685230 0.713459
v -3.140886 2.678701 0.711951
v -3.137783 2.681865 0.715400
v -3.143632 2.682097 0.712287
v -3.137857 2.676163 0.716803
v -3.145737 2.683381 0.714980
v -3.140765 2.687705 0.719271
v -3.145510 2.673826 0.715695
v -3.143723 2.683037 0.718854
v -3.143179 2.683068 0.719144
v -3.143723 2.686420 0.718854
v -3.142709 2.684791 0.719832
v -3.145812 2.684572 0.716383
v -3.145665 2.684603 0.717072
v -3.142709 2.680393 0.719832
v -3.142010 2.680424 0.719930
v -3.144946 2.676176 0.717494
v -3.144620 2.676207 0.718017
v -3.140194 2.676458 0.719041
v -3.139672 2.676489 0.718714
v -3.144230 2.675474 0.712660
v -3.144754 2.675505 0.713132
v -3.139038 2.683118 0.712935
v -3.139593 2.683149 0.712501
v -3.145240 2.680675 0.715095
v -3.145326 2.680706 0.715705
v -3.145519 2.679966 0.714310
v -3.145737 2.679998 0.714980
v -3.145836 2.681270 0.715678
v -3.145049 2.678388 0.714509
v -3.144380 2.677084 0.713481
v -3.144760 2.677116 0.713966
v -3.139962 2.674879 0.719496
v -3.140415 2.683632 0.712639
v -3.141001 2.683663 0.712449
v -3.144620 2.677448 0.718017
v -3.144208 2.677479 0.718475
v -3.144001 2.679089 0.719282
v -3.143379 2.679121 0.719614
v -3.140886 2.681972 0.711951
v -3.144557 2.676802 0.718848
v -3.144001 2.676834 0.719282
v -3.145812 2.683444 0.716383
v -3.145665 2.683475 0.717072
v -3.138290 2.682316 0.715462
v -3.140584 2.688331 0.713038
v -3.141098 2.688331 0.712871
v -3.144208 2.683005 0.718475
v -3.141984 2.682003 0.719420
v -3.141368 2.682034 0.719399
v -3.142010 2.684822 0.719930
v -3.145401 2.687003 0.717726
v -3.145028 2.687034 0.718324
v -3.143379 2.680361 0.719614
v -3.142226 2.674816 0.712384
v -3.142829 2.674847 0.712512
v -3.138417 2.684716 0.714860
v -3.138648 2.684747 0.714289
v -3.141611 2.681552 0.712363
v -3.142226 2.681583 0.712384
v -3.137758 2.686345 0.716105
v -3.141368 2.681019 0.719399
v -3.140215 2.679685 0.712169
v -3.140886 2.679716 0.711951
v -3.139386 2.678043 0.713308
v -3.139364 2.674910 0.719123
v -3.144946 2.677416 0.717494
v -3.141584 2.678732 0.711853
v -3.142288 2.678763 0.711877
v -3.144557 2.679058 0.718848
v -3.139672 2.683256 0.718714
v -3.139214 2.683287 0.718303
v -3.137857 2.681802 0.716803
v -3.137758 2.681834 0.716105
v -3.138648 2.685875 0.714289
v -3.138974 2.685906 0.713766
v -3.138417 2.682348 0.714860
v -3.144620 2.682974 0.718017
v -3.142978 2.684434 0.712023
v -3.143632 2.684465 0.712287
v -3.138417 2.686859 0.714860
v -3.138648 2.686890 0.714289
v -3.141611 2.680311 0.712363
v -3.144230 2.686639 0.712660
v -3.144754 2.686671 0.713132
v -3.133670 2.671509 0.714897
v -3.133621 2.671509 0.716324
v -3.141984 2.680988 0.719420
v -3.144230 2.676489 0.712660
v -3.145401 2.681364 0.717726
v -3.144001 2.678074 0.719282
v -3.142593 2.679716 0.719334
v -3.141984 2.679747 0.719420
v -3.134261 2.671509 0.719094
v -3.134932 2.671509 0.720354
v -3.145812 2.674534 0.716383
v -3.145665 2.674566 0.717072
v -3.138840 2.677084 0.718651
v -3.138406 2.677116 0.718096
v -3.139038 2.685261 0.712935
v -3.145028 2.679027 0.718324
v -3.144754 2.682159 0.713132
v -3.145188 2.682191 0.713687
v -3.145519 2.685718 0.714310
v -3.145737 2.685750 0.714980
v -3.141368 2.684290 0.719399
v -3.140765 2.684321 0.719271
v -3.138648 2.682379 0.714289
v -3.139681 2.688331 0.713625
v -3.140107 2.688331 0.713292
v -3.143179 2.681940 0.719144
v -3.142593 2.681972 0.719334
v -3.138974 2.686921 0.713766
v -3.144557 2.680299 0.718848
v -3.144001 2.680330 0.719282
v -3.145188 2.686702 0.713687
v -3.145177 2.676144 0.716923
v -3.138840 2.674829 0.718651
v -3.138406 2.674860 0.718096
v -3.142829 2.681614 0.712512
v -3.143400 2.681646 0.712742
v -3.142593 2.680956 0.719334
v -3.138545 2.677711 0.717274
v -3.138354 2.677742 0.716688
v -3.140886 2.680956 0.711951
v -3.139871 2.678074 0.712929
v -3.140415 2.678106 0.712639
v -3.143179 2.677429 0.719144
v -3.142593 2.677460 0.719334
v -3.143179 2.679685 0.719144
v -3.134241 2.671482 0.719103
v -3.134913 2.671482 0.720366
v -3.139962 2.677135 0.719496
v -3.139364 2.677166 0.719123
v -3.144230 2.677617 0.712660
v -3.144754 2.677648 0.713132
v -3.138406 2.678356 0.718096
v -3.138075 2.678388 0.717473
v -3.145519 2.682222 0.714310
v -3.145401 2.683506 0.717726
v -3.145188 2.685687 0.713687
v -3.137857 2.683945 0.716803
v -3.137758 2.683976 0.716105
v -3.140757 2.674171 0.719298
v -3.140188 2.674202 0.719053
v -3.138834 2.685574 0.717817
v -3.138545 2.685606 0.717274
v -3.139672 2.677617 0.718714
v -3.139214 2.677648 0.718303
v -3.141584 2.684371 0.711853
v -3.142288 2.684402 0.711877
v -3.145665 2.686971 0.717072
v -3.142226 2.680342 0.712384
v -3.142829 2.680374 0.712512
v -3.143632 2.686608 0.712287
v -3.145240 2.676050 0.715095
v -3.145326 2.676082 0.715705
v -3.137857 2.674923 0.716803
v -3.137758 2.674954 0.716105
v -3.145240 2.685073 0.715095
v -3.145326 2.685104 0.715705
v -3.139364 2.681564 0.719123
v -3.138840 2.681596 0.718651
v -3.137783 2.680624 0.715400
v -3.137929 2.680656 0.714711
v -3.138268 2.677773 0.716078
v -3.139593 2.676270 0.712501
v -3.140215 2.676301 0.712169
v -3.138840 2.679340 0.718651
v -3.138406 2.679371 0.718096
v -3.138268 2.679014 0.716078
v -3.138290 2.679045 0.715462
v -3.138834 2.676552 0.717817
v -3.138545 2.676583 0.717274
v -3.142829 2.674735 0.712512
v -3.143400 2.674766 0.712742
v -3.142829 2.683757 0.712512
v -3.143400 2.683789 0.712742
v -3.145188 2.677680 0.713687
v -3.139593 2.685292 0.712501
v -3.140215 2.685324 0.712169
v -3.143922 2.682805 0.713069
v -3.144380 2.682836 0.713481
v -3.139386 2.685938 0.713308
v -3.144754 2.685656 0.713132
v -3.139034 2.688331 0.714485
v -3.139320 2.688331 0.714027
v -3.139386 2.686953 0.713308
v -3.139871 2.686984 0.712929
v -3.140757 2.674284 0.719298
v -3.140188 2.674315 0.719053
v -3.145304 2.676113 0.716321
v -3.138075 2.674891 0.717473
v -3.138545 2.684591 0.717274
v -3.138354 2.684622 0.716688
v -3.137929 2.683024 0.714711
v -3.138193 2.683055 0.714057
v -3.139947 2.671482 0.707893
v -3.138586 2.671482 0.708336
v -3.139038 2.676238 0.712935
v -3.143379 2.680248 0.719614
v -3.142709 2.680280 0.719832
v -3.140415 2.679121 0.712639
v -3.141001 2.679152 0.712449
v -3.142226 2.674703 0.712384
v -3.142226 2.683726 0.712384
v -3.142978 2.677554 0.712023
v -3.143632 2.677586 0.712287
v -3.145812 2.678933 0.716383
v -3.145665 2.678964 0.717072
v -3.140194 2.683337 0.719041
v -3.139672 2.683369 0.718714
v -3.140194 2.684352 0.719041
v -3.142593 2.687611 0.719334
v -3.139386 2.682441 0.713308
v -3.139871 2.682473 0.712929
v -3.144946 2.686326 0.717494
v -3.139364 2.673782 0.719123
v -3.138840 2.673814 0.718651
v -3.140215 2.684309 0.712169
v -3.140886 2.684340 0.711951
v -3.145836 2.686909 0.715678
v -3.145812 2.686940 0.716383
v -3.145028 2.674515 0.718324
v -3.144557 2.674547 0.718848
v -3.139672 2.674346 0.718714
v -3.138268 2.684653 0.716078
v -3.138268 2.681270 0.716078
v -3.138290 2.681301 0.715462
v -3.143379 2.675850 0.719614
v -3.142709 2.675881 0.719832
v -3.142010 2.675800 0.719930
v -3.141306 2.675831 0.719906
v -3.137783 2.682993 0.715400
v -3.138193 2.680687 0.714057
v -3.138566 2.680718 0.713459
v -3.138290 2.677805 0.715462
v -3.138417 2.677836 0.714860
v -3.140886 2.676332 0.711951
v -3.141584 2.676364 0.711853
v -3.142010 2.680311 0.719930
v -3.141584 2.680988 0.711853
v -3.134500 2.671509 0.712177
v -3.133966 2.671509 0.713501
v -3.143723 2.677397 0.718854
v -3.139871 2.679089 0.712929
v -3.143922 2.674797 0.713069
v -3.144380 2.674829 0.713481
v -3.145519 2.677711 0.714310
v -3.145737 2.677742 0.714980
v -3.140886 2.685355 0.711951
v -3.141584 2.685386 0.711853
v -3.145836 2.678901 0.715678
v -3.149094 2.671509 0.719606
v -3.149628 2.671509 0.718282
v -3.139871 2.685969 0.712929
v -3.143632 2.685593 0.712287
v -3.144230 2.685624 0.712660
v -3.137783 2.684008 0.715400
v -3.140415 2.682504 0.712639
v -3.139672 2.674233 0.718714
v -3.144946 2.681815 0.717494
v -3.144620 2.681846 0.718017
v -3.138354 2.685637 0.716688
v -3.145401 2.674484 0.717726
v -3.145049 2.676019 0.714509
v -3.137783 2.674985 0.715400
v -3.145049 2.685042 0.714509
v -3.138566 2.683087 0.713459
v -3.138648 2.677867 0.714289
v -3.142288 2.676395 0.711877
v -3.138193 2.676176 0.714057
v -3.138566 2.676207 0.713459
v -3.141306 2.680342 0.719906
v -3.138075 2.679403 0.717473
v -3.138406 2.680612 0.718096
v -3.138075 2.680643 0.717473
v -3.140194 2.678713 0.719041
v -3.139672 2.678745 0.718714
v -3.138354 2.678983 0.716688
v -3.139386 2.679058 0.713308
v -3.138860 2.687235 0.718633
v -3.138450 2.687266 0.718067
v -3.141001 2.674641 0.712449
v -3.141611 2.674672 0.712363
v -3.145401 2.674597 0.717726
v -3.141611 2.683695 0.712363
v -3.142288 2.677523 0.711877
v -3.143723 2.677510 0.718854
v -3.145401 2.678995 0.717726
v -3.139672 2.677730 0.718714
v -3.139214 2.677761 0.718303
v -3.143400 2.682774 0.712742
v -3.145240 2.684058 0.715095
v -3.145326 2.684089 0.715705
v -3.139406 2.671509 0.723723
v -3.140803 2.671509 0.724019
v -3.138974 2.682410 0.713766
v -3.144208 2.681878 0.718475
v -3.138268 2.685668 0.716078
v -3.141363 2.674252 0.719441
v -3.144380 2.680468 0.713481
v -3.144760 2.680499 0.713966
v -3.141984 2.686627 0.719420
v -3.141368 2.686658 0.719399
v -3.138193 2.675048 0.714057
v -3.138566 2.675079 0.713459
v -3.138290 2.684685 0.715462
v -3.138075 2.686282 0.717473
v -3.142010 2.675913 0.719930
v -3.141306 2.675944 0.719906
v -3.143379 2.675737 0.719614
v -3.142709 2.675768 0.719832
v -3.139038 2.680750 0.712935
v -3.139593 2.680781 0.712501
v -3.138974 2.677899 0.713766
v -3.144001 2.680217 0.719282
v -3.140765 2.678682 0.719271
v -3.144620 2.677335 0.718017
v -3.144208 2.677366 0.718475
v -3.141611 2.679183 0.712363
v -3.140415 2.674609 0.712639
v -3.145028 2.674628 0.718324
v -3.145519 2.678839 0.714310
v -3.145737 2.678870 0.714980
v -3.138147 2.687297 0.717443
v -3.138840 2.681708 0.718651
v -3.138406 2.681740 0.718096
v -3.138406 2.682755 0.718096
v -3.138075 2.682786 0.717473
v -3.137929 2.684039 0.714711
v -3.138193 2.684071 0.714057
v -3.139672 2.684384 0.718714
v -3.141368 2.678763 0.719399
v -3.140765 2.678795 0.719271
v -3.141611 2.687078 0.712363
v -3.142226 2.687109 0.712384
v -3.145326 2.673889 0.716969
v -3.145304 2.681752 0.716321
v -3.145177 2.681783 0.716923
v -3.144620 2.685342 0.718017
v -3.144208 2.685374 0.718475
v -3.140616 2.684998 0.719760
v -3.139962 2.685029 0.719496
v -3.145812 2.674421 0.716383
v -3.145665 2.674453 0.717072
v -3.143922 2.680436 0.713069
v -3.144760 2.685010 0.713966
v -3.137857 2.679434 0.716803
v -3.137758 2.679465 0.716105
v -3.138834 2.678920 0.717817
v -3.138545 2.678952 0.717274
v -3.142829 2.679246 0.712512
v -3.143400 2.679277 0.712742
v -3.139214 2.676520 0.718303
v -3.144557 2.674659 0.718848
v -3.145188 2.678807 0.713687
v -3.149114 2.671482 0.719616
v -3.149649 2.671482 0.718289
v -3.137959 2.687329 0.716779
v -3.144230 2.682128 0.712660
v -3.149974 2.671509 0.715459
v -3.149774 2.671509 0.714046
v -3.145836 2.683413 0.715678
v -3.142226 2.682711 0.712384
v -3.142829 2.682742 0.712512
v -3.140194 2.678826 0.719041
v -3.142829 2.687141 0.712512
v -3.143723 2.681909 0.718854
v -3.144946 2.685311 0.717494
v -3.145049 2.680530 0.714509
v -3.145240 2.680562 0.715095
v -3.145401 2.686890 0.717726
v -3.145028 2.686921 0.718324
v -3.137335 2.671509 0.709026
v -3.136210 2.671509 0.709906
v -3.143662 2.688331 0.713414
v -3.143203 2.688331 0.713128
v -3.138840 2.680581 0.718651
v -3.141984 2.678619 0.719420
v -3.141368 2.678651 0.719399
v -3.137758 2.677322 0.716105
v -3.137783 2.677354 0.715400
v -3.138290 2.676677 0.715462
v -3.143179 2.677542 0.719144
v -3.144754 2.678776 0.713132
v -3.138075 2.681771 0.717473
v -3.140616 2.676990 0.719760
v -3.139962 2.677022 0.719496
v -3.139197 2.688331 0.717581
v -3.138943 2.688331 0.717104
v -3.145049 2.684027 0.714509
v -3.139672 2.678858 0.718714
v -3.143400 2.687172 0.712742
v -3.145240 2.681690 0.715095
v -3.145326 2.681721 0.715705
v -3.136859 2.671482 0.722450
v -3.138073 2.671482 0.723208
v -3.145326 2.680593 0.715705
v -3.143400 2.680405 0.712742
v -3.143400 2.675894 0.712742
v -3.143922 2.675925 0.713069
v -3.139038 2.675111 0.712935
v -3.145304 2.676226 0.716321
v -3.145177 2.676257 0.716923
v -3.144557 2.686953 0.718848
v -3.144001 2.683713 0.719282
v -3.143379 2.683745 0.719614
v -3.139871 2.677961 0.712929
v -3.140415 2.677993 0.712639
v -3.137857 2.677291 0.716803
v -3.137889 2.687360 0.716098
v -3.137939 2.687391 0.715419
v -3.139364 2.677053 0.719123
v -3.138776 2.688331 0.716590
v -3.138840 2.682723 0.718651
v -3.140215 2.685436 0.712169
v -3.140886 2.685468 0.711951
v -3.140215 2.684196 0.712169
v -3.140886 2.684227 0.711951
v -3.141001 2.687047 0.712449
v -3.139672 2.682128 0.718714
v -3.139214 2.682159 0.718303
v -3.145812 2.682429 0.716383
v -3.145665 2.682460 0.717072
v -3.145304 2.685248 0.716321
v -3.145177 2.685280 0.716923
v -3.139364 2.685061 0.719123
v -3.145304 2.680624 0.716321
v -3.139364 2.675925 0.719123
v -3.138840 2.675956 0.718651
v -3.145812 2.686827 0.716383
v -3.145665 2.686859 0.717072
v -3.141001 2.678024 0.712449
v -3.145401 2.680123 0.717726
v -3.139962 2.681533 0.719496
v -3.138834 2.674409 0.717817
v -3.138545 2.674440 0.717274
v -3.138075 2.677260 0.717473
v -3.145304 2.677241 0.716321
v -3.140766 2.687817 0.719268
v -3.143379 2.674722 0.719614
v -3.142709 2.674753 0.719832
v -3.145304 2.684008 0.716321
v -3.145177 2.684039 0.716923
v -3.142593 2.677573 0.719334
v -3.141984 2.677604 0.719420
v -3.142010 2.676928 0.719930
v -3.141306 2.676959 0.719906
v -3.139214 2.685656 0.718303
v -3.138834 2.685687 0.717817
v -3.139593 2.685405 0.712501
v -3.139593 2.684165 0.712501
v -3.143922 2.687203 0.713069
v -3.144380 2.687235 0.713481
v -3.140415 2.682617 0.712639
v -3.141001 2.682648 0.712449
v -3.145326 2.685217 0.715705
v -3.138834 2.684446 0.717817
v -3.138545 2.684478 0.717274
v -3.145519 2.674327 0.714310
v -3.144760 2.674973 0.713966
v -3.138648 2.680236 0.714289
v -3.138974 2.680267 0.713766
v -3.139962 2.676007 0.719496
v -3.139364 2.676038 0.719123
v -3.145028 2.675643 0.718324
v -3.144557 2.675674 0.718848
v -3.139364 2.682692 0.719123
v -3.138193 2.679559 0.714057
v -3.145188 2.673281 0.713687
v -3.145519 2.673312 0.714310
v -3.145737 2.677855 0.714980
v -3.145836 2.677886 0.715678
v -3.145177 2.677272 0.716923
v -3.138268 2.676646 0.716078
v -3.142010 2.674785 0.719930
v -3.145326 2.683976 0.715705
v -3.139038 2.678607 0.712935
v -3.139672 2.686752 0.718714
v -3.139214 2.686784 0.718303
v -3.140765 2.682178 0.719271
v -3.140194 2.682209 0.719041
v -3.138701 2.688331 0.716055
v -3.138719 2.688331 0.715515
v -3.139962 2.683789 0.719496
v -3.139364 2.683820 0.719123
v -3.140765 2.686577 0.719271
v -3.140194 2.686608 0.719041
v -3.141584 2.685499 0.711853
v -3.142288 2.685530 0.711877
v -3.139038 2.684133 0.712935
v -3.138406 2.678243 0.718096
v -3.138075 2.678275 0.717473
v -3.140415 2.687015 0.712639
v -3.139871 2.682585 0.712929
v -3.145240 2.685186 0.715095
v -3.139364 2.683933 0.719123
v -3.138840 2.683964 0.718651
v -3.144380 2.675956 0.713481
v -3.145049 2.675004 0.714509
v -3.144946 2.676289 0.717494
v -3.141001 2.681520 0.712449
v -3.138840 2.674942 0.718651
v -3.145401 2.675612 0.717726
v -3.141584 2.680875 0.711853
v -3.142288 2.680906 0.711877
v -3.136872 2.671509 0.722433
v -3.138083 2.671509 0.723189
v -3.137929 2.679528 0.714711
v -3.145028 2.679139 0.718324
v -3.144557 2.679171 0.718848
v -3.139214 2.681032 0.718303
v -3.138834 2.681063 0.717817
v -3.144208 2.678494 0.718475
v -3.143723 2.678525 0.718854
v -3.138840 2.677197 0.718651
v -3.138406 2.677228 0.718096
v -3.140194 2.679841 0.719041
v -3.139672 2.679873 0.718714
v -3.139364 2.679421 0.719123
v -3.138840 2.679453 0.718651
v -3.144001 2.674691 0.719282
v -3.144946 2.684071 0.717494
v -3.144620 2.684102 0.718017
v -3.141368 2.677636 0.719399
v -3.140765 2.677667 0.719271
v -3.145836 2.682398 0.715678
v -3.139672 2.682241 0.718714
v -3.138831 2.688331 0.714986
v -3.140616 2.683757 0.719760
v -3.139214 2.678776 0.718303
v -3.138545 2.685718 0.717274
v -3.138354 2.685750 0.716688
v -3.138566 2.685342 0.713459
v -3.139038 2.685374 0.712935
v -3.141584 2.684258 0.711853
v -3.137857 2.678306 0.716803
v -3.141611 2.682679 0.712363
v -3.141306 2.680455 0.719906
v -3.141306 2.684967 0.719906
v -3.138290 2.675662 0.715462
v -3.138417 2.675693 0.714860
v -3.140415 2.681489 0.712639
v -3.138290 2.680173 0.715462
v -3.138417 2.680205 0.714860
v -3.140616 2.675975 0.719760
v -3.144001 2.675706 0.719282
v -3.137323 2.671482 0.709008
v -3.136195 2.671482 0.709889
v -3.145028 2.680155 0.718324
v -3.144001 2.679202 0.719282
v -3.139214 2.674377 0.718303
v -3.144946 2.677304 0.717494
v -3.140391 2.688331 0.718655
v -3.138354 2.676614 0.716688
v -3.145049 2.683914 0.714509
v -3.145240 2.683945 0.715095
v -3.138755 2.687485 0.713601
v -3.139216 2.687517 0.713126
v -3.145737 2.682366 0.714980
v -3.149946 2.671482 0.716889
v -3.149996 2.671482 0.715458
v -3.138840 2.682836 0.718651
v -3.138406 2.682868 0.718096
v -3.142978 2.685562 0.712023
v -3.138566 2.684102 0.713459
v -3.138974 2.682523 0.713766
v -3.139386 2.682554 0.713308
v -3.145737 2.674359 0.714980
v -3.145240 2.675035 0.715095
v -3.145326 2.675067 0.715705
v -3.143723 2.685405 0.718854
v -3.142010 2.684935 0.719930
v -3.144620 2.676320 0.718017
v -3.144208 2.676351 0.718475
v -3.139871 2.681458 0.712929
v -3.143379 2.687015 0.719614
v -3.142709 2.687047 0.719832
v -3.145519 2.686733 0.714310
v -3.137783 2.679497 0.715400
v -3.138545 2.681094 0.717274
v -3.138354 2.681126 0.716688
v -3.142709 2.681408 0.719832
v -3.142010 2.681439 0.719930
v -3.145737 2.673344 0.714980
v -3.139672 2.685512 0.718714
v -3.139214 2.685543 0.718303
v -3.145812 2.677918 0.716383
v -3.139214 2.678889 0.718303
v -3.143179 2.687692 0.719144
v -3.142593 2.687723 0.719334
v -3.144208 2.684133 0.718475
v -3.143723 2.684165 0.718854
v -3.139871 2.676946 0.712929
v -3.140415 2.676978 0.712639
v -3.138566 2.678576 0.713459
v -3.141368 2.682147 0.719399
v -3.144230 2.676602 0.712660
v -3.144754 2.676633 0.713132
v -3.137857 2.682930 0.716803
v -3.137758 2.682961 0.716105
v -3.141368 2.686545 0.719399
v -3.142288 2.684290 0.711877
v -3.142978 2.684321 0.712023
v -3.145401 2.682492 0.717726
v -3.141363 2.674139 0.719441
v -3.138648 2.682492 0.714289
v -3.144380 2.685092 0.713481
v -3.144760 2.685123 0.713966
v -3.138290 2.686827 0.715462
v -3.138290 2.684572 0.715462
v -3.138417 2.684603 0.714860
v -3.144760 2.675988 0.713966
v -3.137929 2.675017 0.714711
v -3.142709 2.684904 0.719832
v -3.143179 2.682053 0.719144
v -3.142593 2.682084 0.719334
v -3.138354 2.680111 0.716688
v -3.138268 2.680142 0.716078
v -3.140886 2.680844 0.711951
v -3.143379 2.679233 0.719614
v -3.142709 2.679265 0.719832
v -3.141306 2.681470 0.719906
v -3.140194 2.675330 0.719041
v -3.139672 2.675361 0.718714
v -3.143179 2.678557 0.719144
v -3.145665 2.677949 0.717072
v -3.141984 2.687755 0.719420
v -3.139386 2.676915 0.713308
v -3.145188 2.682304 0.713687
v -3.145519 2.682335 0.714310
v -3.142709 2.683663 0.719832
v -3.142010 2.683695 0.719930
v -3.143179 2.686451 0.719144
v -3.142593 2.686483 0.719334
v -3.145028 2.682523 0.718324
v -3.141987 2.674108 0.719477
v -3.138417 2.682460 0.714860
v -3.143922 2.685061 0.713069
v -3.139214 2.684415 0.718303
v -3.145836 2.674390 0.715678
v -3.140616 2.680486 0.719760
v -3.138268 2.675631 0.716078
v -3.138974 2.681395 0.713766
v -3.139386 2.681426 0.713308
v -3.142010 2.687078 0.719930
v -3.141306 2.687109 0.719906
v -3.139386 2.677930 0.713308
v -3.144557 2.680186 0.718848
v -3.138268 2.681157 0.716078
v -3.138290 2.681188 0.715462
v -3.140892 2.688331 0.718857
v -3.145836 2.673375 0.715678
v -3.145812 2.673406 0.716383
v -3.142226 2.679214 0.712384
v -3.145188 2.676665 0.713687
v -3.145519 2.676696 0.714310
v -3.137929 2.678513 0.714711
v -3.138193 2.678544 0.714057
v -3.138380 2.687454 0.714152
v -3.138075 2.681658 0.717473
v -3.137857 2.681690 0.716803
v -3.143379 2.683632 0.719614
v -3.138417 2.685844 0.714860
v -3.141984 2.686514 0.719420
v -3.135795 2.671482 0.721493
v -3.144557 2.682554 0.718848
v -3.139364 2.680436 0.719123
v -3.138840 2.680468 0.718651
v -3.142609 2.674077 0.719403
v -3.141584 2.679860 0.711853
v -3.142288 2.679891 0.711877
v -3.143179 2.685436 0.719144
v -3.149796 2.671482 0.714041
v -3.138193 2.674033 0.714057
v -3.138566 2.674064 0.713459
v -3.140886 2.675317 0.711951
v -3.141584 2.675349 0.711853
v -3.140215 2.680812 0.712169
v -3.141984 2.676476 0.719420
v -3.141368 2.676508 0.719399
v -3.140616 2.681502 0.719760
v -3.142593 2.678588 0.719334
v -3.138648 2.676852 0.714289
v -3.138974 2.676884 0.713766
v -3.141368 2.687786 0.719399
v -3.143922 2.683820 0.713069
v -3.142010 2.678056 0.719930
v -3.141306 2.678087 0.719906
v -3.137758 2.681721 0.716105
v -3.138290 2.685812 0.715462
v -3.145188 2.684446 0.713687
v -3.145519 2.684478 0.714310
v -3.138268 2.686796 0.716078
v -3.139962 2.680518 0.719496
v -3.139364 2.680549 0.719123
v -3.138648 2.675612 0.714289
v -3.138974 2.675643 0.713766
v -3.141984 2.685499 0.719420
v -3.141368 2.685530 0.719399
v -3.144557 2.684810 0.718848
v -3.144001 2.684841 0.719282
v -3.141984 2.682116 0.719420
v -3.140616 2.687141 0.719760
v -3.145188 2.675424 0.713687
v -3.145519 2.675455 0.714310
v -3.144946 2.680800 0.717494
v -3.144620 2.680831 0.718017
v -3.142593 2.676445 0.719334
v -3.144754 2.681144 0.713132
v -3.145188 2.681176 0.713687
v -3.141984 2.675236 0.719420
v -3.141368 2.675267 0.719399
v -3.145665 2.673438 0.717072
v -3.145401 2.673469 0.717726
v -3.142829 2.678231 0.712512
v -3.143400 2.678262 0.712742
v -3.138417 2.676821 0.714860
v -3.145049 2.679515 0.714509
v -3.145240 2.679547 0.715095
v -3.145737 2.676727 0.714980
v -3.145836 2.676759 0.715678
v -3.141984 2.684258 0.719420
v -3.142709 2.678024 0.719832
v -3.138075 2.683914 0.717473
v -3.138104 2.687423 0.714764
v -3.149925 2.671509 0.716886
v -3.144557 2.683569 0.718848
v -3.144001 2.683601 0.719282
v -3.138840 2.678212 0.718651
v -3.145304 2.687391 0.716321
v -3.145177 2.687423 0.716923
v -3.143213 2.674045 0.719222
v -3.134480 2.671482 0.712167
v -3.133945 2.671482 0.713494
v -3.138417 2.675581 0.714860
v -3.142593 2.685468 0.719334
v -3.145028 2.684778 0.718324
v -3.145737 2.686765 0.714980
v -3.144754 2.675393 0.713132
v -3.143179 2.676414 0.719144
v -3.140616 2.679359 0.719760
v -3.139962 2.679390 0.719496
v -3.144230 2.681113 0.712660
v -3.141421 2.688331 0.718969
v -3.142593 2.675205 0.719334
v -3.138290 2.676790 0.715462
v -3.145326 2.679578 0.715705
v -3.142593 2.684227 0.719334
v -3.140616 2.678118 0.719760
v -3.139962 2.678149 0.719496
v -3.138406 2.683882 0.718096
v -3.142978 2.682178 0.712023
v -3.143632 2.682209 0.712287
v -3.143632 2.676570 0.712287
v -3.145028 2.683538 0.718324
v -3.144760 2.682868 0.713966
v -3.138268 2.685781 0.716078
v -3.137857 2.685186 0.716803
v -3.137758 2.685217 0.716105
v -3.139038 2.678494 0.712935
v -3.139593 2.678525 0.712501
v -3.143379 2.682617 0.719614
v -3.142709 2.682648 0.719832
v -3.141634 2.688331 0.712795
v -3.145836 2.685781 0.715678
v -3.139672 2.681113 0.718714
v -3.139214 2.681144 0.718303
v -3.138545 2.686733 0.717274
v -3.138354 2.686765 0.716688
v -3.138268 2.684541 0.716078
v -3.140886 2.679829 0.711951
v -3.139386 2.675674 0.713308
v -3.139871 2.675706 0.712929
v -3.143379 2.684872 0.719614
v -3.137929 2.674002 0.714711
v -3.145836 2.686796 0.715678
v -3.144230 2.675361 0.712660
v -3.144760 2.678243 0.713966
v -3.145049 2.678275 0.714509
v -3.140765 2.676539 0.719271
v -3.140765 2.675298 0.719271
v -3.145304 2.679609 0.716321
v -3.139364 2.678293 0.719123
v -3.138840 2.678325 0.718651
v -3.144380 2.683851 0.713481
v -3.144001 2.677961 0.719282
v -3.143379 2.677993 0.719614
v -3.142978 2.676539 0.712023
v -3.145049 2.682899 0.714509
v -3.145737 2.684509 0.714980
v -3.140215 2.678557 0.712169
v -3.142010 2.682679 0.719930
v -3.139386 2.681314 0.713308
v -3.139871 2.681345 0.712929
v -3.138354 2.684509 0.716688
v -3.144760 2.679484 0.713966
v -3.139038 2.679735 0.712935
v -3.139593 2.679766 0.712501
v -3.138268 2.675518 0.716078
v -3.138290 2.675549 0.715462
v -3.140765 2.685562 0.719271
v -3.137783 2.673970 0.715400
v -3.140765 2.680938 0.719271
v -3.140194 2.680969 0.719041
v -3.145737 2.675487 0.714980
v -3.144194 2.671482 0.708039
v -3.143723 2.676383 0.718854
v -3.145737 2.681126 0.714980
v -3.145836 2.681157 0.715678
v -3.143723 2.675142 0.718854
v -3.143179 2.675173 0.719144
v -3.143179 2.684196 0.719144
v -3.141001 2.677009 0.712449
v -3.142288 2.676508 0.711877
v -3.139038 2.674096 0.712935
v -3.138075 2.685154 0.717473
v -3.138193 2.678431 0.714057
v -3.138566 2.678463 0.713459
v -3.144946 2.687454 0.717494
v -3.144001 2.682585 0.719282
v -3.139214 2.682272 0.718303
v -3.138834 2.682304 0.717817
v -3.140415 2.681376 0.712639
v -3.145812 2.685812 0.716383
v -3.145665 2.685844 0.717072
v -3.145049 2.685154 0.714509
v -3.140215 2.679797 0.712169
v -3.140215 2.686451 0.712169
v -3.140415 2.675737 0.712639
v -3.141001 2.675768 0.712449
v -3.139672 2.675474 0.718714
v -3.139214 2.675505 0.718303
v -3.139672 2.681000 0.718714
v -3.145812 2.675549 0.716383
v -3.145665 2.675581 0.717072
v -3.140194 2.676570 0.719041
v -3.139672 2.676602 0.718714
v -3.141306 2.679327 0.719906
v -3.145812 2.681188 0.716383
v -3.144208 2.675111 0.718475
v -3.138545 2.676696 0.717274
v -3.138354 2.676727 0.716688
v -3.145177 2.679641 0.716923
v -3.144946 2.679672 0.717494
v -3.145401 2.676852 0.717726
v -3.145028 2.676884 0.718324
v -3.144760 2.683882 0.713966
v -3.139364 2.678181 0.719123
v -3.142855 2.687705 0.712425
v -3.143430 2.687736 0.712684
v -3.144230 2.682241 0.712660
v -3.139593 2.674127 0.712501
v -3.145240 2.682930 0.715095
v -3.145326 2.682961 0.715705
v -3.145836 2.684541 0.715678
v -3.138648 2.681251 0.714289
v -3.138974 2.681282 0.713766
v -3.141611 2.684822 0.712363
v -3.143922 2.679421 0.713069
v -3.144380 2.679453 0.713481
v -3.138840 2.686107 0.718651
v -3.139364 2.686188 0.719123
v -3.137857 2.673908 0.716803
v -3.137758 2.673939 0.716105
v -3.141984 2.680875 0.719420
v -3.141368 2.680906 0.719399
v -3.142288 2.675267 0.711877
v -3.142978 2.675298 0.712023
v -3.145240 2.678306 0.715095
v -3.138834 2.678807 0.717817
v -3.138545 2.678839 0.717274
v -3.145665 2.681220 0.717072
v -3.144620 2.675079 0.718017
v -3.143379 2.673594 0.719614
v -3.142709 2.673626 0.719832
v -3.138834 2.676665 0.717817
v -3.142241 2.687673 0.712267
v -3.138406 2.681627 0.718096
v -3.140215 2.674158 0.712169
v -3.138075 2.682899 0.717473
v -3.135811 2.671509 0.721478
v -3.144557 2.673814 0.713316
v -3.141001 2.681408 0.712449
v -3.141611 2.681439 0.712363
v -3.142829 2.686126 0.712512
v -3.143400 2.686157 0.712742
v -3.138566 2.679703 0.713459
v -3.139038 2.686389 0.712935
v -3.139593 2.686420 0.712501
v -3.138834 2.680048 0.717817
v -3.141584 2.675236 0.711853
v -3.143922 2.678181 0.713069
v -3.144380 2.678212 0.713481
v -3.142010 2.679296 0.719930
v -3.145519 2.681094 0.714310
v -3.142010 2.673657 0.719930
v -3.141611 2.677040 0.712363
v -3.138840 2.683851 0.718651
v -3.144754 2.682272 0.713132
v -3.139593 2.681909 0.712501
v -3.140215 2.681940 0.712169
v -3.140215 2.676414 0.712169
v -3.140886 2.676445 0.711951
v -3.144950 2.673845 0.713842
v -3.138417 2.681220 0.714860
v -3.137783 2.679609 0.715400
v -3.137929 2.679641 0.714711
v -3.139214 2.675393 0.718303
v -3.138834 2.675424 0.717817
v -3.138545 2.680079 0.717274
v -3.141584 2.683244 0.711853
v -3.145326 2.678337 0.715705
v -3.145304 2.678369 0.716321
v -3.137857 2.676050 0.716803
v -3.137758 2.676082 0.716105
v -3.145401 2.681251 0.717726
v -3.145028 2.681282 0.718324
v -3.145008 2.671482 0.723448
v -3.146271 2.671482 0.722775
v -3.144557 2.673532 0.718848
v -3.144001 2.673563 0.719282
v -3.138974 2.683538 0.713766
v -3.142829 2.677103 0.712512
v -3.143400 2.677135 0.712742
v -3.141984 2.684371 0.719420
v -3.141368 2.684402 0.719399
v -3.140962 2.687611 0.712283
v -3.141603 2.687642 0.712219
v -3.139593 2.676383 0.712501
v -3.141584 2.678619 0.711853
v -3.142288 2.678651 0.711877
v -3.137758 2.678337 0.716105
v -3.145245 2.673876 0.714426
v -3.142978 2.679923 0.712023
v -3.144557 2.685938 0.718848
v -3.144001 2.685969 0.719282
v -3.141308 2.687222 0.719890
v -3.138193 2.686326 0.714057
v -3.138566 2.686357 0.713459
v -3.142829 2.675863 0.712512
v -3.137857 2.685073 0.716803
v -3.137758 2.685104 0.716105
v -3.145737 2.684622 0.714980
v -3.145836 2.684653 0.715678
v -3.145326 2.676195 0.715705
v -3.140215 2.675173 0.712169
v -3.140886 2.675205 0.711951
v -3.142288 2.683275 0.711877
v -3.144754 2.681032 0.713132
v -3.145188 2.681063 0.713687
v -3.141306 2.673688 0.719906
v -3.140616 2.673720 0.719760
v -3.138648 2.683506 0.714289
v -3.143723 2.679766 0.718854
v -3.143179 2.679797 0.719144
v -3.142226 2.677072 0.712384
v -3.141584 2.676476 0.711853
v -3.141584 2.674221 0.711853
v -3.142288 2.674252 0.711877
v -3.144946 2.683055 0.717494
v -3.144620 2.683087 0.718017
v -3.143632 2.679954 0.712287
v -3.143922 2.686188 0.713069
v -3.145028 2.685906 0.718324
v -3.140415 2.684872 0.712639
v -3.138834 2.686702 0.717817
v -3.141611 2.679296 0.712363
v -3.142226 2.679327 0.712384
v -3.142226 2.675831 0.712384
v -3.138075 2.685042 0.717473
v -3.145812 2.684685 0.716383
v -3.145240 2.676163 0.715095
v -3.144208 2.680750 0.718475
v -3.143723 2.680781 0.718854
v -3.139593 2.675142 0.712501
v -3.142978 2.683306 0.712023
v -3.143400 2.678149 0.712742
v -3.145028 2.673500 0.718324
v -3.138417 2.683475 0.714860
v -3.137929 2.677385 0.714711
v -3.145401 2.679108 0.717726
v -3.145665 2.676821 0.717072
v -3.138354 2.674471 0.716688
v -3.145812 2.677805 0.716383
v -3.145665 2.677836 0.717072
v -3.138566 2.681959 0.713459
v -3.142978 2.674284 0.712023
v -3.144208 2.683118 0.718475
v -3.142978 2.678682 0.712023
v -3.143632 2.678713 0.712287
v -3.145326 2.687360 0.715705
v -3.138834 2.682191 0.717817
v -3.138545 2.682222 0.717274
v -3.135256 2.671509 0.710967
v -3.143400 2.681533 0.712742
v -3.143922 2.681564 0.713069
v -3.143922 2.686075 0.713069
v -3.144380 2.686107 0.713481
v -3.143379 2.686000 0.719614
v -3.142709 2.686032 0.719832
v -3.141001 2.684904 0.712449
v -3.142709 2.687160 0.719832
v -3.142010 2.687191 0.719930
v -3.141001 2.684791 0.712449
v -3.142829 2.679359 0.712512
v -3.137758 2.679578 0.716105
v -3.138545 2.675455 0.717274
v -3.138406 2.685010 0.718096
v -3.145188 2.684559 0.713687
v -3.145519 2.684591 0.714310
v -3.149333 2.671509 0.712689
v -3.143723 2.682022 0.718854
v -3.141611 2.678056 0.712363
v -3.142226 2.678087 0.712384
v -3.137783 2.676113 0.715400
v -3.145812 2.676790 0.716383
v -3.138268 2.674503 0.716078
v -3.143922 2.677166 0.713069
v -3.140765 2.684434 0.719271
v -3.140886 2.674190 0.711951
v -3.138595 2.671509 0.708356
v -3.143723 2.683149 0.718854
v -3.145240 2.687329 0.715095
v -3.145510 2.673939 0.715695
v -3.145473 2.673970 0.716341
v -3.144380 2.681596 0.713481
v -3.144230 2.679985 0.712660
v -3.144754 2.680017 0.713132
v -3.144380 2.686220 0.713481
v -3.144760 2.686251 0.713966
v -3.145401 2.685875 0.717726
v -3.140415 2.684760 0.712639
v -3.141611 2.675800 0.712363
v -3.137783 2.685136 0.715400
v -3.139038 2.686502 0.712935
v -3.139593 2.686533 0.712501
v -3.144760 2.676100 0.713966
v -3.145049 2.676132 0.714509
v -3.144208 2.681990 0.718475
v -3.144946 2.680687 0.717494
v -3.144620 2.680718 0.718017
v -3.143632 2.683337 0.712287
v -3.144230 2.683369 0.712660
v -3.144620 2.678463 0.718017
v -3.142829 2.678118 0.712512
v -3.143379 2.681376 0.719614
v -3.145049 2.674891 0.714509
v -3.145240 2.674923 0.715095
v -3.138268 2.683413 0.716078
v -3.138290 2.683444 0.715462
v -3.138193 2.677416 0.714057
v -3.138566 2.677448 0.713459
v -3.138268 2.676759 0.716078
v -3.144208 2.679735 0.718475
v -3.145836 2.677773 0.715678
v -3.143179 2.684309 0.719144
v -3.142593 2.684340 0.719334
v -3.139672 2.684497 0.718714
v -3.139214 2.684528 0.718303
v -3.145177 2.683024 0.716923
v -3.144230 2.678745 0.712660
v -3.145326 2.674002 0.716969
v -3.144760 2.681627 0.713966
v -3.145188 2.680048 0.713687
v -3.142010 2.686063 0.719930
v -3.141306 2.686094 0.719906
v -3.141611 2.684935 0.712363
v -3.142226 2.684967 0.712384
v -3.139214 2.686671 0.718303
v -3.139871 2.684728 0.712929
v -3.143400 2.679390 0.712742
v -3.137857 2.686201 0.716803
v -3.137758 2.686232 0.716105
v -3.138354 2.675487 0.716688
v -3.138406 2.673845 0.718096
v -3.144620 2.681959 0.718017
v -3.144946 2.678431 0.717494
v -3.137929 2.676144 0.714711
v -3.142978 2.680938 0.712023
v -3.144760 2.674860 0.713966
v -3.148662 2.671509 0.711429
v -3.147783 2.671509 0.710305
v -3.145665 2.679077 0.717072
v -3.140616 2.677103 0.719760
v -3.138290 2.674534 0.715462
v -3.138417 2.674566 0.714860
v -3.140194 2.684465 0.719041
v -3.139750 2.687548 0.712742
v -3.139038 2.681990 0.712935
v -3.143179 2.683181 0.719144
v -3.142593 2.683212 0.719334
v -3.138417 2.683588 0.714860
v -3.138648 2.683619 0.714289
v -3.137783 2.678369 0.715400
v -3.144760 2.687266 0.713966
v -3.145049 2.687297 0.714509
v -3.145519 2.680079 0.714310
v -3.143400 2.686044 0.712742
v -3.139364 2.679309 0.719123
v -3.140194 2.685593 0.719041
v -3.139672 2.685624 0.718714
v -3.140215 2.686564 0.712169
v -3.140886 2.686595 0.711951
v -3.145177 2.680656 0.716923
v -3.145836 2.675518 0.715678
v -3.138648 2.678995 0.714289
v -3.138974 2.679027 0.713766
v -3.143632 2.680969 0.712287
v -3.139386 2.680299 0.713308
v -3.144620 2.679703 0.718017
v -3.142288 2.683162 0.711877
v -3.142978 2.683193 0.712023
v -3.140338 2.687579 0.712459
v -3.139038 2.681878 0.712935
v -3.145304 2.682993 0.716321
v -3.138974 2.683651 0.713766
v -3.137929 2.678400 0.714711
v -3.145049 2.681658 0.714509
v -3.141611 2.685950 0.712363
v -3.142226 2.685982 0.712384
v -3.141364 2.671482 0.707693
v -3.145401 2.684747 0.717726
v -3.138075 2.673876 0.717473
v -3.145177 2.681896 0.716923
v -3.144946 2.681928 0.717494
v -3.145177 2.678400 0.716923
v -3.144001 2.681345 0.719282
v -3.139871 2.680330 0.712929
v -3.145836 2.679014 0.715678
v -3.145812 2.679045 0.716383
v -3.141584 2.683131 0.711853
v -3.143723 2.684277 0.718854
v -3.139593 2.682022 0.712501
v -3.140215 2.682053 0.712169
v -3.137783 2.676226 0.715400
v -3.137929 2.676257 0.714711
v -3.140616 2.675863 0.719760
v -3.137783 2.685248 0.715400
v -3.138545 2.682335 0.717274
v -3.145326 2.686345 0.715705
v -3.145304 2.686376 0.716321
v -3.142829 2.686013 0.712512
v -3.138648 2.684634 0.714289
v -3.138974 2.684666 0.713766
v -3.140616 2.680374 0.719760
v -3.139962 2.680405 0.719496
v -3.141584 2.686627 0.711853
v -3.142288 2.686658 0.711877
v -3.142829 2.675975 0.712512
v -3.143400 2.676007 0.712742
v -3.144001 2.675819 0.719282
v -3.145519 2.683463 0.714310
v -3.145737 2.683494 0.714980
v -3.144230 2.681000 0.712660
v -3.140415 2.680361 0.712639
v -3.140215 2.677542 0.712169
v -3.140886 2.677573 0.711951
v -3.145304 2.677354 0.716321
v -3.145177 2.677385 0.716923
v -3.138193 2.676289 0.714057
v -3.139962 2.675894 0.719496
v -3.137929 2.685280 0.714711
v -3.139386 2.683682 0.713308
v -3.139871 2.683713 0.712929
v -3.141306 2.682711 0.719906
v -3.143913 2.688331 0.718158
v -3.143487 2.688331 0.718491
v -3.145240 2.686314 0.715095
v -3.142829 2.684998 0.712512
v -3.143400 2.685029 0.712742
v -3.139364 2.674797 0.719123
v -3.142229 2.671509 0.724068
v -3.138193 2.679672 0.714057
v -3.144557 2.675787 0.718848
v -3.139962 2.681646 0.719496
v -3.139364 2.681677 0.719123
v -3.144557 2.681314 0.718848
v -3.138834 2.683319 0.717817
v -3.138545 2.683350 0.717274
v -3.139593 2.677510 0.712501
v -3.141984 2.677491 0.719420
v -3.139386 2.674659 0.713308
v -3.139871 2.674691 0.712929
v -3.140215 2.683068 0.712169
v -3.140886 2.683099 0.711951
v -3.141984 2.678732 0.719420
v -3.145326 2.677322 0.715705
v -3.138566 2.681846 0.713459
v -3.137758 2.676195 0.716105
v -3.145737 2.674471 0.714980
v -3.145836 2.674503 0.715678
v -3.138193 2.685311 0.714057
v -3.144754 2.684415 0.713132
v -3.140415 2.683745 0.712639
v -3.148356 2.671482 0.720830
v -3.144274 2.688331 0.717757
v -3.138354 2.682366 0.716688
v -3.138268 2.682398 0.716078
v -3.141001 2.685919 0.712449
v -3.138354 2.686877 0.716688
v -3.138268 2.686909 0.716078
v -3.139386 2.684697 0.713308
v -3.138417 2.679077 0.714860
v -3.141365 2.671509 0.707715
v -3.139952 2.671509 0.707914
v -3.137783 2.686264 0.715400
v -3.144001 2.674578 0.719282
v -3.144001 2.686984 0.719282
v -3.145028 2.675756 0.718324
v -3.140616 2.681614 0.719760
v -3.138354 2.683381 0.716688
v -3.141584 2.677604 0.711853
v -3.142288 2.677636 0.711877
v -3.141368 2.677523 0.719399
v -3.147799 2.671482 0.710290
v -3.144230 2.678858 0.712660
v -3.144754 2.678889 0.713132
v -3.141306 2.677072 0.719906
v -3.140415 2.674722 0.712639
v -3.145240 2.677291 0.715095
v -3.145812 2.685699 0.716383
v -3.145665 2.685731 0.717072
v -3.137783 2.681752 0.715400
v -3.137929 2.681783 0.714711
v -3.144230 2.684384 0.712660
v -3.141001 2.683776 0.712449
v -3.145433 2.673908 0.715050
v -3.145049 2.686282 0.714509
v -3.148338 2.671509 0.720816
v -3.138648 2.679108 0.714289
v -3.137929 2.686295 0.714711
v -3.143922 2.676038 0.713069
v -3.133820 2.671509 0.717737
v -3.145188 2.683431 0.713687
v -3.141611 2.680424 0.712363
v -3.142226 2.680455 0.712384
v -3.139038 2.677479 0.712935
v -3.140194 2.679954 0.719041
v -3.145188 2.678920 0.713687
v -3.142010 2.677040 0.719930
v -3.141001 2.674753 0.712449
v -3.143179 2.678669 0.719144
v -3.142593 2.678701 0.719334
v -3.142288 2.682147 0.711877
v -3.138193 2.681815 0.714057
v -3.142174 2.688331 0.712814
v -3.142702 2.688331 0.712926
v -3.145188 2.674409 0.713687
v -3.145519 2.674440 0.714310
v -3.139672 2.686639 0.718714
v -3.138406 2.674973 0.718096
v -3.144763 2.688331 0.716797
v -3.144560 2.688331 0.717298
v -3.142609 2.674190 0.719403
v -3.141987 2.674221 0.719477
v -3.144754 2.673250 0.713132
v -3.138290 2.682429 0.715462
v -3.145812 2.680173 0.716383
v -3.145665 2.680205 0.717072
v -3.138406 2.683995 0.718096
v -3.145665 2.684716 0.717072
v -3.141611 2.675913 0.712363
v -3.142226 2.675944 0.712384
v -3.144760 2.681740 0.713966
v -3.145049 2.681771 0.714509
v -3.145665 2.675693 0.717072
v -3.145401 2.675725 0.717726
v -3.142010 2.681552 0.719930
v -3.141306 2.681583 0.719906
v -3.142829 2.680486 0.712512
v -3.142978 2.677667 0.712023
v -3.140765 2.677554 0.719271
v -3.140194 2.677586 0.719041
v -3.145519 2.678952 0.714310
v -3.142709 2.677009 0.719832
v -3.138974 2.674628 0.713766
v -3.146722 2.671509 0.709350
v -3.145737 2.685637 0.714980
v -3.145836 2.685668 0.715678
v -3.141584 2.682116 0.711853
v -3.142794 2.671482 0.707742
v -3.143632 2.684352 0.712287
v -3.138075 2.684027 0.717473
v -3.138290 2.686940 0.715462
v -3.138974 2.679139 0.713766
v -3.139386 2.679171 0.713308
v -3.144380 2.676069 0.713481
v -3.143379 2.674609 0.719614
v -3.144380 2.681708 0.713481
v -3.137857 2.680675 0.716803
v -3.144754 2.683400 0.713132
v -3.142709 2.681520 0.719832
v -3.141001 2.680393 0.712449
v -3.141368 2.679891 0.719399
v -3.140765 2.679923 0.719271
v -3.143632 2.678826 0.712287
v -3.141611 2.674785 0.712363
v -3.142792 2.671509 0.707764
v -3.144208 2.678607 0.718475
v -3.143723 2.678638 0.718854
v -3.144380 2.677197 0.713481
v -3.144760 2.677228 0.713966
v -3.138648 2.687003 0.714289
v -3.138974 2.687034 0.713766
v -3.139038 2.676351 0.712935
v -3.141306 2.683726 0.719906
v -3.140616 2.682742 0.719760
v -3.137857 2.684058 0.716803
v -3.145049 2.682786 0.714509
v -3.145240 2.682817 0.715095
v -3.142230 2.671482 0.724090
v -3.140194 2.675443 0.719041
v -3.145188 2.686815 0.713687
v -3.145519 2.686846 0.714310
v -3.145240 2.681802 0.715095
v -3.145326 2.681834 0.715705
v -3.137758 2.680706 0.716105
v -3.144208 2.676238 0.718475
v -3.137758 2.680593 0.716105
v -3.143379 2.681489 0.719614
v -3.138834 2.677792 0.717817
v -3.145737 2.678983 0.714980
v -3.138648 2.674597 0.714289
v -3.139593 2.683037 0.712501
v -3.138417 2.686971 0.714860
v -3.140886 2.682084 0.711951
v -3.139962 2.682774 0.719496
v -3.145401 2.680236 0.717726
v -3.144760 2.682755 0.713966
v -3.138290 2.685699 0.715462
v -3.138417 2.685731 0.714860
v -3.140765 2.675411 0.719271
v -3.144754 2.686784 0.713132
v -3.142709 2.674641 0.719832
v -3.142010 2.674672 0.719930
v -3.143922 2.681677 0.713069
v -3.143723 2.676270 0.718854
v -3.137857 2.680562 0.716803
v -3.138417 2.678964 0.714860
v -3.145326 2.674954 0.715705
v -3.138834 2.677680 0.717817
v -3.142978 2.678795 0.712023
v -3.145028 2.682410 0.718324
v -3.144557 2.682441 0.718848
v -3.144557 2.676915 0.718848
v -3.144001 2.676946 0.719282
v -3.144651 2.688331 0.714679
v -3.144818 2.688331 0.715193
v -3.145401 2.677867 0.717726
v -3.143632 2.674315 0.712287
v -3.137758 2.675067 0.716105
v -3.139364 2.682805 0.719123
v -3.145737 2.680111 0.714980
v -3.145836 2.680142 0.715678
v -3.138648 2.685762 0.714289
v -3.138840 2.684979 0.718651
v -3.145737 2.686877 0.714980
v -3.145304 2.681865 0.716321
v -3.137783 2.680737 0.715400
v -3.137929 2.680768 0.714711
v -3.142593 2.686595 0.719334
v -3.138075 2.680530 0.717473
v -3.138290 2.678933 0.715462
v -3.138545 2.677824 0.717274
v -3.138354 2.677855 0.716688
v -3.144397 2.688331 0.714202
v -3.143647 2.671482 0.723890
v -3.145028 2.677899 0.718324
v -3.142709 2.679152 0.719832
v -3.144230 2.685512 0.712660
v -3.144754 2.685543 0.713132
v -3.145028 2.680267 0.718324
v -3.143922 2.683933 0.713069
v -3.144380 2.683964 0.713481
v -3.141001 2.679265 0.712449
v -3.138974 2.685794 0.713766
v -3.141984 2.675349 0.719420
v -3.141368 2.675380 0.719399
v -3.137783 2.684121 0.715400
v -3.137929 2.684152 0.714711
v -3.143632 2.686721 0.712287
v -3.144230 2.686752 0.712660
v -3.143179 2.686564 0.719144
v -3.143179 2.676301 0.719144
v -3.142593 2.676332 0.719334
v -3.145737 2.675599 0.714980
v -3.145836 2.675631 0.715678
v -3.143179 2.685324 0.719144
v -3.142593 2.685355 0.719334
v -3.138075 2.676019 0.717473
v -3.145028 2.681395 0.718324
v -3.144557 2.681426 0.718848
v -3.145304 2.674985 0.716321
v -3.145177 2.675017 0.716923
v -3.142709 2.683776 0.719832
v -3.143922 2.680549 0.713069
v -3.143379 2.676978 0.719614
v -3.144064 2.688331 0.713776
v -3.143642 2.671509 0.723869
v -3.145000 2.671509 0.723427
v -3.145177 2.678513 0.716923
v -3.144557 2.677930 0.718848
v -3.145188 2.685574 0.713687
v -3.137783 2.682880 0.715400
v -3.137929 2.682911 0.714711
v -3.144760 2.683995 0.713966
v -3.138193 2.684183 0.714057
v -3.142978 2.686690 0.712023
v -3.138193 2.677304 0.714057
v -3.138566 2.677335 0.713459
v -3.140765 2.686690 0.719271
v -3.141984 2.676364 0.719420
v -3.145812 2.675662 0.716383
v -3.141984 2.685386 0.719420
v -3.138406 2.675988 0.718096
v -3.138354 2.678870 0.716688
v -3.138268 2.678901 0.716078
v -3.142010 2.683807 0.719930
v -3.142593 2.679829 0.719334
v -3.144893 2.688331 0.715728
v -3.142010 2.679183 0.719930
v -3.141306 2.679214 0.719906
v -3.138566 2.676320 0.713459
v -3.137857 2.675035 0.716803
v -3.133798 2.671482 0.717742
v -3.142978 2.685449 0.712023
v -3.143632 2.685480 0.712287
v -3.144001 2.682473 0.719282
v -3.145519 2.676583 0.714310
v -3.145737 2.676614 0.714980
v -3.143213 2.674158 0.719222
v -3.138193 2.682943 0.714057
v -3.138545 2.686846 0.717274
v -3.143922 2.682692 0.713069
v -3.144380 2.682723 0.713481
v -3.137758 2.684089 0.716105
v -3.147384 2.671509 0.721877
v -3.139962 2.674766 0.719496
v -3.140194 2.686721 0.719041
v -3.144208 2.686502 0.718475
v -3.143723 2.686533 0.718854
v -3.141368 2.676395 0.719399
v -3.141368 2.685418 0.719399
v -3.140765 2.682065 0.719271
v -3.144946 2.675048 0.717494
v -3.144557 2.683682 0.718848
v -3.140616 2.678231 0.719760
v -3.139962 2.678262 0.719496
v -3.139214 2.676633 0.718303
v -3.141984 2.679860 0.719420
v -3.145519 2.685606 0.714310
v -3.145836 2.676646 0.715678
v -3.138566 2.682974 0.713459
v -3.143400 2.683901 0.712742
v -3.138834 2.686815 0.717817
v -3.140415 2.679233 0.712639
v -3.145511 2.671509 0.708594
v -3.138406 2.679484 0.718096
v -3.138075 2.679515 0.717473
v -3.139871 2.685856 0.712929
v -3.140415 2.685888 0.712639
v -3.138566 2.684215 0.713459
v -3.139038 2.684246 0.712935
v -3.147399 2.671482 0.721894
v -3.137783 2.677241 0.715400
v -3.137929 2.677272 0.714711
v -3.140616 2.674735 0.719760
v -3.138193 2.680800 0.714057
v -3.138566 2.680831 0.713459
v -3.143723 2.685292 0.718854
v -3.140194 2.682097 0.719041
v -3.141306 2.683839 0.719906
v -3.140616 2.683870 0.719760
v -3.138417 2.677949 0.714860
v -3.144875 2.688331 0.716268
v -3.138268 2.674390 0.716078
v -3.138290 2.674421 0.715462
v -3.144188 2.671509 0.708060
v -3.145049 2.677260 0.714509
v -3.140616 2.679246 0.719760
v -3.139962 2.679277 0.719496
v -3.144230 2.674346 0.712660
v -3.138075 2.675004 0.717473
v -3.142288 2.685418 0.711877
v -3.145812 2.676677 0.716383
v -3.137758 2.682849 0.716105
v -3.141611 2.683807 0.712363
v -3.142226 2.683839 0.712384
v -3.142829 2.682629 0.712512
v -3.143400 2.682661 0.712742
v -3.139871 2.680217 0.712929
v -3.137857 2.679547 0.716803
v -3.139593 2.684277 0.712501
v -3.143632 2.675330 0.712287
v -3.140765 2.685449 0.719271
v -3.140194 2.685480 0.719041
v -3.138406 2.680499 0.718096
v -3.145401 2.683619 0.717726
v -3.145028 2.683651 0.718324
v -3.138290 2.677918 0.715462
v -3.138354 2.674359 0.716688
v -3.144754 2.674377 0.713132
v -3.140886 2.678588 0.711951
v -3.143379 2.682504 0.719614
v -3.143777 2.674127 0.718937
v -3.139038 2.683005 0.712935
v -3.142829 2.681502 0.712512
v -3.145304 2.684121 0.716321
v -3.139871 2.679202 0.712929
v -3.139386 2.680186 0.713308
v -3.142593 2.675317 0.719334
v -3.141306 2.674703 0.719906
v -3.133599 2.671482 0.716325
v -3.144620 2.685230 0.718017
v -3.144208 2.685261 0.718475
v -3.143400 2.680518 0.712742
v -3.141306 2.678200 0.719906
v -3.145304 2.679497 0.716321
v -3.145177 2.679528 0.716923
v -3.144946 2.678544 0.717494
v -3.145401 2.682379 0.717726
v -3.145073 2.674033 0.717559
v -3.144722 2.674064 0.718094
v -3.144557 2.673701 0.713316
v -3.137857 2.682817 0.716803
v -3.145177 2.684152 0.716923
v -3.144557 2.687065 0.718848
v -3.143179 2.680812 0.719144
v -3.138406 2.686138 0.718096
v -3.138075 2.686169 0.717473
v -3.145177 2.686408 0.716923
v -3.138268 2.677886 0.716078
v -3.144620 2.678576 0.718017
v -3.141611 2.676928 0.712363
v -3.142226 2.676959 0.712384
v -3.145401 2.685762 0.717726
v -3.142709 2.682535 0.719832
v -3.142010 2.682567 0.719930
v -3.145401 2.676740 0.717726
v -3.145028 2.676771 0.718324
v -3.143010 2.688331 0.718745
v -3.144285 2.674096 0.718558
v -3.144950 2.673732 0.713842
v -3.142226 2.681470 0.712384
v -3.145326 2.682849 0.715705
v -3.138974 2.680155 0.713766
v -3.139962 2.686157 0.719496
v -3.144001 2.687097 0.719282
v -3.142593 2.680844 0.719334
v -3.138834 2.675537 0.717817
v -3.138545 2.675568 0.717274
v -3.144001 2.681458 0.719282
v -3.145401 2.677980 0.717726
v -3.145028 2.678012 0.718324
v -3.138075 2.677147 0.717473
v -3.145028 2.685794 0.718324
v -3.144946 2.684183 0.717494
v -3.144620 2.684215 0.718017
v -3.141001 2.682535 0.712449
v -3.140616 2.684885 0.719760
v -3.139962 2.684916 0.719496
v -3.144946 2.675161 0.717494
v -3.144620 2.675192 0.718017
v -3.138834 2.684559 0.717817
v -3.138354 2.675599 0.716688
v -3.143632 2.679841 0.712287
v -3.144230 2.679873 0.712660
v -3.142288 2.675380 0.711877
v -3.145836 2.683525 0.715678
v -3.144946 2.679559 0.717494
v -3.144557 2.678043 0.718848
v -3.142829 2.676990 0.712512
v -3.138545 2.674327 0.717274
v -3.137857 2.677178 0.716803
v -3.144557 2.685825 0.718848
v -3.145665 2.682348 0.717072
v -3.145665 2.676708 0.717072
v -3.140765 2.683306 0.719271
v -3.144208 2.684246 0.718475
v -3.146260 2.671509 0.722757
v -3.145304 2.682880 0.716321
v -3.140616 2.686126 0.719760
v -3.139364 2.684948 0.719123
v -3.143379 2.687128 0.719614
v -3.144946 2.686439 0.717494
v -3.144208 2.675223 0.718475
v -3.145304 2.685136 0.716321
v -3.138566 2.686470 0.713459
v -3.142978 2.675411 0.712023
v -3.139962 2.673751 0.719496
v -3.145812 2.683557 0.716383
v -3.142978 2.679810 0.712023
v -3.141961 2.688331 0.718988
v -3.143400 2.677022 0.712742
v -3.144208 2.679622 0.718475
v -3.143723 2.679653 0.718854
v -3.141001 2.676896 0.712449
v -3.137857 2.678419 0.716803
v -3.145737 2.682253 0.714980
v -3.145836 2.682285 0.715678
v -3.143379 2.676865 0.719614
v -3.142496 2.688331 0.718912
v -3.139386 2.685825 0.713308
v -3.141306 2.684854 0.719906
v -3.143723 2.675255 0.718854
v -3.145177 2.685167 0.716923
v -3.135238 2.671482 0.710953
v -3.138193 2.686439 0.714057
v -3.140215 2.675286 0.712169
v -3.144208 2.680862 0.718475
v -3.142288 2.679779 0.711877
v -3.144620 2.679590 0.718017
v -3.137758 2.677210 0.716105
v -3.144001 2.685856 0.719282
v -3.139962 2.682661 0.719496
v -3.145812 2.682316 0.716383
v -3.142709 2.676896 0.719832
v -3.144760 2.686138 0.713966
v -3.144230 2.684497 0.712660
v -3.138354 2.679998 0.716688
v -3.138268 2.680029 0.716078
v -3.144620 2.686470 0.718017
v -3.145177 2.675129 0.716923
v -3.140765 2.676426 0.719271
v -3.138354 2.681238 0.716688
v -3.143632 2.675443 0.712287
v -3.145665 2.683588 0.717072
v -3.144754 2.679904 0.713132
v -3.142978 2.681051 0.712023
v -3.143632 2.681082 0.712287
v -3.142226 2.678200 0.712384
v -3.143922 2.677053 0.713069
v -3.140415 2.676865 0.712639
v -3.140194 2.677698 0.719041
v -3.143946 2.687767 0.713037
v -3.141368 2.683275 0.719399
v -3.138290 2.683557 0.715462
v -3.144754 2.684528 0.713132
v -3.138545 2.679966 0.717274
v -3.143179 2.675286 0.719144
v -3.144946 2.685198 0.717494
v -3.138648 2.675725 0.714289
v -3.139593 2.675255 0.712501
v -3.139962 2.683901 0.719496
v -3.141584 2.679747 0.711853
v -3.142288 2.681019 0.711877
v -3.142010 2.678168 0.719930
v -3.137929 2.685167 0.714711
v -3.142829 2.683870 0.712512
v -3.144208 2.687517 0.718475
v -3.141611 2.682567 0.712363
v -3.145304 2.675098 0.716321
v -3.145177 2.680768 0.716923
v -3.145188 2.679935 0.713687
v -3.143922 2.678293 0.713069
v -3.133648 2.671482 0.714894
v -3.141984 2.683244 0.719420
v -3.144620 2.687485 0.718017
v -3.142226 2.682598 0.712384
v -3.145473 2.673857 0.716341
v -3.145326 2.686232 0.715705
v -3.137857 2.686314 0.716803
v -3.145304 2.680737 0.716321
vn -0.0000 -1.0000 -0.0000
vn -0.0000 1.0000 -0.0000
vn -0.6015 -0.0000 -0.7989
vn -0.3742 -0.0000 -0.9273
vn -0.1214 -0.0000 -0.9926
vn 0.1396 -0.0000 -0.9902
vn 0.3911 -0.0000 -0.9203
vn 0.6160 -0.0000 -0.7877
vn 0.7989 -0.0000 -0.6015
vn 0.9273 -0.0000 -0.3742
vn 0.9926 -0.0000 -0.1214
vn 0.9902 -0.0000 0.1396
vn 0.9203 -0.0000 0.3911
vn 0.7877 -0.0000 0.6160
vn 0.6015 -0.0000 0.7989
vn 0.3742 -0.0000 0.9273
vn 0.1214 -0.0000 0.9926
vn -0.1396 -0.0000 0.9902
vn -0.3911 -0.0000 0.9203
vn -0.6160 -0.0000 0.7877
vn -0.7989 -0.0000 0.6015
vn -0.9273 -0.0000 0.3742
vn -0.9926 -0.0000 0.1214
vn -0.9902 -0.0000 -0.1396
vn -0.9203 -0.0000 -0.3911
vn -0.7877 -0.0000 -0.6160
vn 0.0439 -0.9985 -0.0331
vn 0.0490 -0.9985 -0.0249
vn 0.0002 -1.0000 -0.0001
vn -0.0001 -1.0000 -0.0000
vn 0.1686 -0.9775 -0.1269
vn 0.1881 -0.9775 -0.0957
vn 0.3215 -0.9154 -0.2421
vn 0.3587 -0.9154 -0.1826
vn 0.4556 -0.8214 -0.3430
vn 0.5083 -0.8214 -0.2587
vn 0.5669 -0.7046 -0.4268
vn 0.6324 -0.7046 -0.3219
vn 0.6545 -0.5735 -0.4927
vn 0.7301 -0.5735 -0.3716
vn 0.7197 -0.4342 -0.5418
vn 0.8028 -0.4342 -0.4086
vn 0.7644 -0.2908 -0.5755
vn 0.8527 -0.2908 -0.4340
vn 0.7904 -0.1457 -0.5951
vn 0.8817 -0.1457 -0.4488
vn 0.7984 -0.0365 -0.6011
vn 0.8906 -0.0365 -0.4533
vn 0.6127 0.6417 -0.4613
vn 0.6835 0.6417 -0.3479
vn 0.0393 0.9988 -0.0296
vn 0.0438 0.9988 -0.0223
vn 0.1599 0.9798 -0.1204
vn 0.1783 0.9798 -0.0908
vn 0.3141 0.9195 -0.2365
vn 0.3504 0.9195 -0.1784
vn 0.4500 0.8263 -0.3388
vn 0.5020 0.8263 -0.2555
vn 0.5629 0.7095 -0.4238
vn 0.6280 0.7096 -0.3196
vn 0.6520 0.5778 -0.4909
vn 0.7274 0.5778 -0.3702
vn 0.7183 0.4376 -0.5408
vn 0.8013 0.4376 -0.4079
vn 0.7638 0.2931 -0.5750
vn 0.8520 0.2931 -0.4337
vn 0.7902 0.1469 -0.5949
vn 0.8815 0.1469 -0.4487
vn 0.7984 0.0366 -0.6011
vn 0.8906 0.0366 -0.4533
vn 0.0526 -0.9985 -0.0160
vn 0.2018 -0.9775 -0.0616
vn 0.3849 -0.9154 -0.1175
vn 0.5455 -0.8214 -0.1665
vn 0.6787 -0.7046 -0.2072
vn 0.7835 -0.5735 -0.2392
vn 0.8616 -0.4342 -0.2630
vn 0.9151 -0.2908 -0.2793
vn 0.9462 -0.1457 -0.2888
vn 0.9558 -0.0365 -0.2918
vn 0.7335 0.6417 -0.2239
vn 0.0470 0.9988 -0.0144
vn 0.1914 0.9798 -0.0584
vn 0.3761 0.9195 -0.1148
vn 0.5387 0.8263 -0.1644
vn 0.6740 0.7096 -0.2057
vn 0.7806 0.5778 -0.2383
vn 0.8600 0.4376 -0.2625
vn 0.9144 0.2931 -0.2791
vn 0.9461 0.1469 -0.2888
vn 0.9558 0.0366 -0.2918
vn 0.0545 -0.9985 -0.0067
vn -0.0002 -1.0000 0.0001
vn 0.2095 -0.9775 -0.0256
vn 0.3995 -0.9154 -0.0489
vn 0.5661 -0.8214 -0.0693
vn 0.7043 -0.7046 -0.0862
vn 0.8132 -0.5735 -0.0995
vn 0.8942 -0.4342 -0.1094
vn 0.9497 -0.2908 -0.1162
vn 0.9820 -0.1457 -0.1201
vn 0.9919 -0.0365 -0.1214
vn 0.0488 0.9988 -0.0060
vn 0.1986 0.9798 -0.0243
vn 0.3903 0.9195 -0.0478
vn 0.5591 0.8263 -0.0684
vn 0.6994 0.7095 -0.0856
vn 0.8101 0.5778 -0.0991
vn 0.8925 0.4376 -0.1092
vn 0.9490 0.2931 -0.1161
vn 0.9818 0.1469 -0.1201
vn 0.9919 0.0366 -0.1214
vn 0.0549 -0.9985 0.0029
vn 0.2107 -0.9775 0.0111
vn 0.4019 -0.9154 0.0212
vn 0.5695 -0.8214 0.0301
vn 0.7086 -0.7046 0.0374
vn 0.8181 -0.5735 0.0432
vn 0.8996 -0.4342 0.0475
vn 0.9555 -0.2908 0.0505
vn 0.9880 -0.1457 0.0522
vn 0.9979 -0.0365 0.0527
vn 0.9986 -0.0000 0.0528
vn 0.0491 0.9988 0.0026
vn 0.1998 0.9798 0.0106
vn 0.3926 0.9195 0.0207
vn 0.5624 0.8263 0.0297
vn 0.7037 0.7095 0.0372
vn 0.8150 0.5778 0.0431
vn 0.8979 0.4376 0.0474
vn 0.9547 0.2931 0.0504
vn 0.9878 0.1469 0.0522
vn 0.9979 0.0366 0.0527
vn 0.0535 -0.9985 0.0124
vn -0.0008 -1.0000 0.0006
vn 0.2056 -0.9775 0.0476
vn 0.3921 -0.9154 0.0907
vn 0.5556 -0.8214 0.1285
vn 0.6913 -0.7046 0.1599
vn 0.7982 -0.5735 0.1846
vn 0.8777 -0.4341 0.2030
vn 0.9322 -0.2908 0.2156
vn 0.9639 -0.1457 0.2230
vn 0.9736 -0.0365 0.2252
vn 0.7472 0.6417 0.1728
vn 0.0479 0.9988 0.0111
vn 0.1950 0.9798 0.0451
vn 0.3831 0.9195 0.0886
vn 0.5487 0.8263 0.1269
vn 0.6865 0.7096 0.1588
vn 0.7952 0.5778 0.1839
vn 0.8760 0.4376 0.2026
vn 0.9315 0.2931 0.2155
vn 0.9637 0.1469 0.2229
vn 0.9736 0.0366 0.2252
vn 0.0506 -0.9985 0.0215
vn -0.0010 -1.0000 0.0008
vn 0.1942 -0.9775 0.0825
vn 0.3704 -0.9154 0.1574
vn 0.5249 -0.8214 0.2231
vn 0.6530 -0.7046 0.2775
vn 0.7540 -0.5735 0.3204
vn 0.8291 -0.4342 0.3523
vn 0.8806 -0.2908 0.3742
vn 0.9105 -0.1457 0.3870
vn 0.9197 -0.0365 0.3909
vn 0.7059 0.6417 0.3000
vn 0.0453 0.9988 0.0192
vn 0.1842 0.9798 0.0783
vn 0.3619 0.9195 0.1538
vn 0.5184 0.8263 0.2203
vn 0.6485 0.7096 0.2756
vn 0.7512 0.5778 0.3192
vn 0.8275 0.4376 0.3517
vn 0.8799 0.2931 0.3739
vn 0.9104 0.1469 0.3869
vn 0.9197 0.0366 0.3909
vn 0.0461 -0.9985 0.0299
vn 0.1769 -0.9775 0.1150
vn 0.3374 -0.9154 0.2193
vn 0.4782 -0.8214 0.3108
vn 0.5949 -0.7046 0.3867
vn 0.6869 -0.5735 0.4465
vn 0.7553 -0.4342 0.4910
vn 0.8022 -0.2908 0.5214
vn 0.8295 -0.1457 0.5392
vn 0.8379 -0.0365 0.5446
vn 0.6430 0.6417 0.4180
vn 0.0412 0.9988 0.0268
vn 0.1678 0.9798 0.1091
vn 0.3297 0.9195 0.2143
vn 0.4722 0.8263 0.3070
vn 0.5908 0.7095 0.3840
vn 0.6843 0.5778 0.4448
vn 0.7539 0.4376 0.4900
vn 0.8016 0.2931 0.5211
vn 0.8293 0.1469 0.5391
vn 0.8379 0.0366 0.5446
vn 0.0402 -0.9985 0.0375
vn -0.0005 -1.0000 0.0004
vn 0.1543 -0.9775 0.1440
vn 0.2942 -0.9154 0.2746
vn 0.4169 -0.8214 0.3891
vn 0.5187 -0.7046 0.4841
vn 0.5989 -0.5735 0.5590
vn 0.6586 -0.4342 0.6147
vn 0.6995 -0.2908 0.6528
vn 0.7233 -0.1457 0.6750
vn 0.7306 -0.0365 0.6819
vn 0.5607 0.6417 0.5233
vn 0.0360 0.9988 0.0336
vn 0.1463 0.9798 0.1365
vn 0.2875 0.9195 0.2683
vn 0.4118 0.8263 0.3843
vn 0.5151 0.7096 0.4808
vn 0.5967 0.5778 0.5569
vn 0.6574 0.4376 0.6135
vn 0.6989 0.2931 0.6523
vn 0.7231 0.1469 0.6749
vn 0.7306 0.0366 0.6819
vn 0.0331 -0.9985 0.0439
vn -0.0007 -1.0000 0.0005
vn 0.1269 -0.9775 0.1686
vn 0.2421 -0.9154 0.3215
vn 0.3430 -0.8214 0.4556
vn 0.4268 -0.7046 0.5669
vn 0.4927 -0.5735 0.6545
vn 0.5418 -0.4342 0.7197
vn 0.5755 -0.2908 0.7644
vn 0.5951 -0.1457 0.7904
vn 0.6011 -0.0365 0.7984
vn 0.4613 0.6417 0.6127
vn 0.0296 0.9988 0.0393
vn 0.1204 0.9798 0.1599
vn 0.2365 0.9195 0.3141
vn 0.3388 0.8263 0.4500
vn 0.4238 0.7096 0.5629
vn 0.4909 0.5778 0.6520
vn 0.5408 0.4376 0.7183
vn 0.5750 0.2931 0.7638
vn 0.5949 0.1469 0.7902
vn 0.6011 0.0366 0.7984
vn 0.0249 -0.9985 0.0490
vn 0.0957 -0.9775 0.1881
vn 0.1826 -0.9154 0.3587
vn 0.2587 -0.8214 0.5083
vn 0.3219 -0.7046 0.6324
vn 0.3716 -0.5735 0.7301
vn 0.4086 -0.4342 0.8028
vn 0.4340 -0.2908 0.8527
vn 0.4488 -0.1457 0.8817
vn 0.4533 -0.0365 0.8906
vn 0.3479 0.6417 0.6835
vn 0.0223 0.9988 0.0438
vn 0.0908 0.9798 0.1783
vn 0.1784 0.9195 0.3504
vn 0.2555 0.8263 0.5020
vn 0.3196 0.7096 0.6280
vn 0.3702 0.5778 0.7274
vn 0.4079 0.4376 0.8013
vn 0.4337 0.2931 0.8520
vn 0.4487 0.1469 0.8815
vn 0.4533 0.0366 0.8906
vn 0.0160 -0.9985 0.0526
vn 0.0616 -0.9775 0.2018
vn 0.1175 -0.9154 0.3849
vn 0.1665 -0.8214 0.5455
vn 0.2072 -0.7046 0.6787
vn 0.2392 -0.5735 0.7835
vn 0.2630 -0.4342 0.8616
vn 0.2793 -0.2908 0.9151
vn 0.2888 -0.1457 0.9462
vn 0.2918 -0.0365 0.9558
vn 0.2239 0.6417 0.7335
vn 0.0144 0.9988 0.0470
vn 0.0584 0.9798 0.1914
vn 0.1148 0.9195 0.3761
vn 0.1644 0.8263 0.5387
vn 0.2057 0.7096 0.6740
vn 0.2383 0.5778 0.7806
vn 0.2625 0.4376 0.8600
vn 0.2791 0.2931 0.9144
vn 0.2888 0.1469 0.9461
vn 0.2918 0.0366 0.9558
vn 0.0067 -0.9985 0.0545
vn 0.0002 -1.0000 -0.0002
vn 0.0256 -0.9775 0.2095
vn 0.0489 -0.9154 0.3995
vn 0.0693 -0.8214 0.5661
vn 0.0862 -0.7046 0.7043
vn 0.0995 -0.5735 0.8132
vn 0.1094 -0.4342 0.8942
vn 0.1162 -0.2908 0.9497
vn 0.1201 -0.1457 0.9820
vn 0.1214 -0.0365 0.9919
vn 0.0931 0.6417 0.7613
vn 0.0060 0.9988 0.0488
vn 0.0243 0.9798 0.1986
vn 0.0478 0.9195 0.3903
vn 0.0684 0.8263 0.5591
vn 0.0856 0.7095 0.6994
vn 0.0991 0.5778 0.8101
vn 0.1092 0.4376 0.8925
vn 0.1161 0.2931 0.9490
vn 0.1201 0.1469 0.9818
vn 0.1214 0.0366 0.9919
vn -0.0029 -0.9985 0.0549
vn -0.0004 -1.0000 0.0003
vn -0.0111 -0.9775 0.2107
vn -0.0212 -0.9154 0.4019
vn -0.0301 -0.8214 0.5695
vn -0.0374 -0.7046 0.7086
vn -0.0432 -0.5735 0.8181
vn -0.0475 -0.4342 0.8996
vn -0.0505 -0.2908 0.9555
vn -0.0522 -0.1457 0.9880
vn -0.0527 -0.0365 0.9979
vn -0.0405 0.6417 0.7659
vn -0.0026 0.9988 0.0491
vn -0.0106 0.9798 0.1998
vn -0.0207 0.9195 0.3926
vn -0.0297 0.8263 0.5624
vn -0.0372 0.7096 0.7037
vn -0.0431 0.5778 0.8150
vn -0.0474 0.4376 0.8979
vn -0.0504 0.2931 0.9547
vn -0.0522 0.1469 0.9878
vn -0.0527 0.0366 0.9979
vn -0.0124 -0.9985 0.0535
vn -0.0006 -1.0000 0.0004
vn -0.0476 -0.9775 0.2056
vn -0.0907 -0.9154 0.3921
vn -0.1285 -0.8214 0.5556
vn -0.1599 -0.7046 0.6913
vn -0.1846 -0.5735 0.7982
vn -0.2030 -0.4342 0.8777
vn -0.2156 -0.2908 0.9322
vn -0.2230 -0.1457 0.9639
vn -0.2252 -0.0365 0.9736
vn -0.2254 -0.0000 0.9743
vn -0.0111 0.9988 0.0479
vn -0.0451 0.9798 0.1950
vn -0.0886 0.9195 0.3831
vn -0.1269 0.8263 0.5487
vn -0.1588 0.7096 0.6865
vn -0.1839 0.5778 0.7952
vn -0.2026 0.4376 0.8760
vn -0.2155 0.2931 0.9315
vn -0.2229 0.1469 0.9637
vn -0.2252 0.0366 0.9736
vn -0.0215 -0.9985 0.0506
vn -0.0825 -0.9775 0.1942
vn -0.1574 -0.9154 0.3704
vn -0.2231 -0.8214 0.5249
vn -0.2775 -0.7046 0.6530
vn -0.3204 -0.5735 0.7540
vn -0.3523 -0.4342 0.8291
vn -0.3742 -0.2908 0.8806
vn -0.3870 -0.1457 0.9105
vn -0.3909 -0.0365 0.9197
vn -0.3000 0.6417 0.7058
vn -0.0192 0.9988 0.0453
vn -0.0783 0.9798 0.1842
vn -0.1538 0.9195 0.3619
vn -0.2203 0.8263 0.5184
vn -0.2756 0.7095 0.6485
vn -0.3192 0.5778 0.7512
vn -0.3517 0.4376 0.8275
vn -0.3739 0.2931 0.8799
vn -0.3869 0.1469 0.9104
vn -0.3909 0.0366 0.9197
vn -0.0299 -0.9985 0.0461
vn 0.0001 -1.0000 -0.0001
vn -0.1150 -0.9775 0.1769
vn -0.2193 -0.9154 0.3374
vn -0.3108 -0.8214 0.4782
vn -0.3867 -0.7046 0.5949
vn -0.4465 -0.5735 0.6869
vn -0.4910 -0.4342 0.7553
vn -0.5214 -0.2908 0.8022
vn -0.5392 -0.1457 0.8295
vn -0.5446 -0.0365 0.8379
vn -0.5450 -0.0000 0.8384
vn -0.4180 0.6417 0.6430
vn -0.0268 0.9988 0.0412
vn -0.1091 0.9798 0.1678
vn -0.2143 0.9195 0.3297
vn -0.3070 0.8263 0.4722
vn -0.3840 0.7096 0.5908
vn -0.4448 0.5778 0.6843
vn -0.4900 0.4376 0.7539
vn -0.5211 0.2931 0.8016
vn -0.5391 0.1469 0.8293
vn -0.5446 0.0366 0.8379
vn -0.0375 -0.9985 0.0402
vn -0.1440 -0.9775 0.1543
vn -0.2746 -0.9154 0.2942
vn -0.3891 -0.8214 0.4169
vn -0.4841 -0.7046 0.5187
vn -0.5590 -0.5735 0.5989
vn -0.6147 -0.4342 0.6586
vn -0.6528 -0.2908 0.6995
vn -0.6750 -0.1457 0.7233
vn -0.6819 -0.0365 0.7306
vn -0.6823 -0.0000 0.7311
vn -0.0336 0.9988 0.0360
vn -0.1365 0.9798 0.1463
vn -0.2683 0.9195 0.2875
vn -0.3843 0.8263 0.4118
vn -0.4808 0.7096 0.5151
vn -0.5569 0.5778 0.5967
vn -0.6135 0.4376 0.6574
vn -0.6523 0.2931 0.6989
vn -0.6749 0.1469 0.7231
vn -0.6819 0.0366 0.7306
vn -0.0439 -0.9985 0.0331
vn -0.0001 -1.0000 0.0001
vn -0.1686 -0.9775 0.1269
vn -0.3215 -0.9154 0.2421
vn -0.4556 -0.8214 0.3430
vn -0.5669 -0.7046 0.4268
vn -0.6545 -0.5735 0.4927
vn -0.7197 -0.4342 0.5418
vn -0.7644 -0.2908 0.5755
vn -0.7904 -0.1457 0.5951
vn -0.7984 -0.0365 0.6011
vn -0.0393 0.9988 0.0296
vn -0.1599 0.9798 0.1204
vn -0.3141 0.9195 0.2365
vn -0.4500 0.8263 0.3388
vn -0.5629 0.7096 0.4238
vn -0.6520 0.5778 0.4909
vn -0.7183 0.4376 0.5408
vn -0.7638 0.2931 0.5750
vn -0.7902 0.1469 0.5949
vn -0.7984 0.0366 0.6011
vn -0.0490 -0.9985 0.0249
vn -0.1881 -0.9775 0.0957
vn -0.3587 -0.9154 0.1826
vn -0.5083 -0.8214 0.2587
vn -0.6324 -0.7046 0.3219
vn -0.7301 -0.5735 0.3716
vn -0.8028 -0.4342 0.4086
vn -0.8527 -0.2908 0.4340
vn -0.8817 -0.1457 0.4488
vn -0.8906 -0.0365 0.4533
vn -0.6835 0.6417 0.3479
vn -0.0438 0.9988 0.0223
vn -0.1783 0.9798 0.0908
vn -0.3504 0.9195 0.1784
vn -0.5020 0.8263 0.2555
vn -0.6280 0.7096 0.3196
vn -0.7274 0.5778 0.3702
vn -0.8013 0.4376 0.4079
vn -0.8520 0.2931 0.4337
vn -0.8815 0.1469 0.4487
vn -0.8906 0.0366 0.4533
vn -0.0526 -0.9985 0.0160
vn 0.0003 -1.0000 -0.0003
vn -0.2018 -0.9775 0.0616
vn -0.3849 -0.9154 0.1175
vn -0.5455 -0.8214 0.1665
vn -0.6787 -0.7046 0.2072
vn -0.7835 -0.5735 0.2392
vn -0.8616 -0.4342 0.2630
vn -0.9151 -0.2908 0.2793
vn -0.9462 -0.1457 0.2888
vn -0.9558 -0.0365 0.2918
vn -0.7335 0.6417 0.2239
vn -0.0470 0.9988 0.0144
vn -0.1914 0.9798 0.0584
vn -0.3761 0.9195 0.1148
vn -0.5387 0.8263 0.1644
vn -0.6740 0.7095 0.2057
vn -0.7806 0.5778 0.2383
vn -0.8600 0.4376 0.2625
vn -0.9144 0.2931 0.2791
vn -0.9461 0.1469 0.2888
vn -0.9558 0.0366 0.2918
vn -0.0545 -0.9985 0.0067
vn 0.0007 -1.0000 -0.0005
vn -0.2095 -0.9775 0.0256
vn -0.3995 -0.9154 0.0489
vn -0.5661 -0.8214 0.0693
vn -0.7043 -0.7046 0.0862
vn -0.8132 -0.5735 0.0995
vn -0.8942 -0.4342 0.1094
vn -0.9497 -0.2908 0.1162
vn -0.9820 -0.1457 0.1201
vn -0.9919 -0.0365 0.1214
vn -0.7613 0.6417 0.0931
vn -0.0488 0.9988 0.0060
vn -0.1986 0.9798 0.0243
vn -0.3903 0.9195 0.0478
vn -0.5591 0.8263 0.0684
vn -0.6994 0.7095 0.0856
vn -0.8101 0.5778 0.0991
vn -0.8925 0.4376 0.1092
vn -0.9490 0.2931 0.1161
vn -0.9818 0.1469 0.1201
vn -0.9919 0.0366 0.1214
vn -0.0549 -0.9985 -0.0029
vn 0.0006 -1.0000 -0.0005
vn -0.2107 -0.9775 -0.0111
vn -0.4019 -0.9154 -0.0212
vn -0.5695 -0.8214 -0.0301
vn -0.7086 -0.7046 -0.0374
vn -0.8181 -0.5735 -0.0432
vn -0.8996 -0.4342 -0.0475
vn -0.9555 -0.2908 -0.0505
vn -0.9880 -0.1457 -0.0522
vn -0.9979 -0.0365 -0.0527
vn -0.7659 0.6417 -0.0405
vn -0.0491 0.9988 -0.0026
vn -0.1998 0.9798 -0.0106
vn -0.3926 0.9195 -0.0207
vn -0.5624 0.8263 -0.0297
vn -0.7037 0.7096 -0.0372
vn -0.8150 0.5778 -0.0431
vn -0.8979 0.4376 -0.0474
vn -0.9547 0.2931 -0.0504
vn -0.9878 0.1469 -0.0522
vn -0.9979 0.0366 -0.0527
vn -0.0535 -0.9985 -0.0124
vn -0.0003 -1.0000 0.0002
vn -0.2056 -0.9775 -0.0476
vn -0.3921 -0.9154 -0.0907
vn -0.5556 -0.8214 -0.1285
vn -0.6913 -0.7046 -0.1599
vn -0.7982 -0.5735 -0.1846
vn -0.8777 -0.4342 -0.2030
vn -0.9322 -0.2908 -0.2156
vn -0.9639 -0.1457 -0.2230
vn -0.9736 -0.0365 -0.2252
vn -0.7472 0.6417 -0.1728
vn -0.0479 0.9988 -0.0111
vn -0.1949 0.9798 -0.0451
vn -0.3831 0.9195 -0.0886
vn -0.5487 0.8263 -0.1269
vn -0.6865 0.7095 -0.1588
vn -0.7952 0.5778 -0.1839
vn -0.8760 0.4376 -0.2026
vn -0.9315 0.2931 -0.2155
vn -0.9637 0.1469 -0.2229
vn -0.9736 0.0366 -0.2252
vn -0.0506 -0.9985 -0.0215
vn -0.0006 -1.0000 0.0005
vn -0.1942 -0.9775 -0.0825
vn -0.3704 -0.9154 -0.1574
vn -0.5249 -0.8214 -0.2231
vn -0.6530 -0.7046 -0.2775
vn -0.7540 -0.5735 -0.3204
vn -0.8291 -0.4342 -0.3523
vn -0.8806 -0.2908 -0.3742
vn -0.9105 -0.1457 -0.3870
vn -0.9197 -0.0365 -0.3909
vn -0.7058 0.6417 -0.3000
vn -0.0453 0.9988 -0.0192
vn -0.1842 0.9798 -0.0783
vn -0.3619 0.9195 -0.1538
vn -0.5184 0.8263 -0.2203
vn -0.6485 0.7095 -0.2756
vn -0.7512 0.5778 -0.3192
vn -0.8275 0.4376 -0.3517
vn -0.8799 0.2931 -0.3739
vn -0.9104 0.1469 -0.3869
vn -0.9197 0.0366 -0.3909
vn -0.0461 -0.9985 -0.0299
vn -0.1769 -0.9775 -0.1150
vn -0.3374 -0.9154 -0.2193
vn -0.4782 -0.8214 -0.3108
vn -0.5949 -0.7046 -0.3867
vn -0.6869 -0.5735 -0.4465
vn -0.7553 -0.4342 -0.4910
vn -0.8022 -0.2908 -0.5214
vn -0.8295 -0.1457 -0.5392
vn -0.8379 -0.0365 -0.5446
vn -0.6430 0.6417 -0.4180
vn -0.6430 0.6418 -0.4180
vn -0.0412 0.9988 -0.0268
vn -0.1678 0.9798 -0.1091
vn -0.3297 0.9195 -0.2143
vn -0.4722 0.8263 -0.3070
vn -0.5908 0.7096 -0.3840
vn -0.6843 0.5778 -0.4448
vn -0.7539 0.4376 -0.4900
vn -0.8016 0.2931 -0.5211
vn -0.8293 0.1469 -0.5391
vn -0.8379 0.0366 -0.5446
vn -0.0402 -0.9985 -0.0375
vn -0.0009 -1.0000 0.0007
vn -0.1543 -0.9775 -0.1440
vn -0.2942 -0.9154 -0.2746
vn -0.4169 -0.8214 -0.3891
vn -0.5187 -0.7046 -0.4841
vn -0.5989 -0.5735 -0.5590
vn -0.6586 -0.4342 -0.6147
vn -0.6995 -0.2908 -0.6528
vn -0.7233 -0.1457 -0.6750
vn -0.7306 -0.0365 -0.6819
vn -0.7311 -0.0000 -0.6823
vn -0.0360 0.9988 -0.0336
vn -0.1463 0.9798 -0.1365
vn -0.2875 0.9195 -0.2683
vn -0.4118 0.8263 -0.3843
vn -0.5151 0.7096 -0.4808
vn -0.5967 0.5778 -0.5569
vn -0.6574 0.4376 -0.6135
vn -0.6989 0.2931 -0.6523
vn -0.7231 0.1469 -0.6749
vn -0.7306 0.0366 -0.6819
vn -0.0331 -0.9985 -0.0439
vn -0.1269 -0.9775 -0.1686
vn -0.2421 -0.9154 -0.3215
vn -0.3430 -0.8214 -0.4556
vn -0.4268 -0.7046 -0.5669
vn -0.4927 -0.5735 -0.6545
vn -0.5418 -0.4342 -0.7197
vn -0.5755 -0.2908 -0.7644
vn -0.5951 -0.1457 -0.7904
vn -0.6011 -0.0365 -0.7984
vn -0.4613 0.6417 -0.6127
vn -0.0296 0.9988 -0.0393
vn -0.1204 0.9798 -0.1599
vn -0.2365 0.9195 -0.3141
vn -0.3388 0.8263 -0.4500
vn -0.4238 0.7096 -0.5629
vn -0.4909 0.5778 -0.6520
vn -0.5408 0.4376 -0.7183
vn -0.5750 0.2931 -0.7638
vn -0.5949 0.1469 -0.7902
vn -0.6011 0.0366 -0.7984
vn -0.0249 -0.9985 -0.0490
vn -0.0957 -0.9775 -0.1881
vn -0.1826 -0.9154 -0.3587
vn -0.2587 -0.8214 -0.5083
vn -0.3219 -0.7046 -0.6324
vn -0.3716 -0.5735 -0.7301
vn -0.4086 -0.4342 -0.8028
vn -0.4340 -0.2908 -0.8527
vn -0.4488 -0.1457 -0.8817
vn -0.4533 -0.0365 -0.8906
vn -0.3479 0.6417 -0.6835
vn -0.0223 0.9988 -0.0438
vn -0.0908 0.9798 -0.1783
vn -0.1784 0.9195 -0.3504
vn -0.2555 0.8263 -0.5020
vn -0.3196 0.7096 -0.6280
vn -0.3702 0.5778 -0.7274
vn -0.4079 0.4376 -0.8013
vn -0.4337 0.2931 -0.8520
vn -0.4487 0.1469 -0.8815
vn -0.4533 0.0366 -0.8906
vn -0.0160 -0.9985 -0.0526
vn -0.0616 -0.9775 -0.2018
vn -0.1175 -0.9154 -0.3849
vn -0.1665 -0.8214 -0.5455
vn -0.2072 -0.7046 -0.6787
vn -0.2392 -0.5735 -0.7835
vn -0.2630 -0.4342 -0.8616
vn -0.2793 -0.2908 -0.9151
vn -0.2888 -0.1457 -0.9462
vn -0.2918 -0.0365 -0.9558
vn -0.2920 -0.0000 -0.9564
vn -0.2239 0.6417 -0.7335
vn -0.0144 0.9988 -0.0470
vn -0.0584 0.9798 -0.1914
vn -0.1148 0.9195 -0.3761
vn -0.1644 0.8263 -0.5387
vn -0.2057 0.7095 -0.6740
vn -0.2383 0.5778 -0.7806
vn -0.2625 0.4376 -0.8600
vn -0.2791 0.2931 -0.9144
vn -0.2888 0.1469 -0.9461
vn -0.2918 0.0366 -0.9558
vn -0.0067 -0.9985 -0.0545
vn 0.0005 -1.0000 -0.0004
vn -0.0256 -0.9775 -0.2095
vn -0.0489 -0.9154 -0.3995
vn -0.0693 -0.8214 -0.5661
vn -0.0862 -0.7046 -0.7043
vn -0.0995 -0.5735 -0.8132
vn -0.1094 -0.4342 -0.8942
vn -0.1162 -0.2908 -0.9497
vn -0.1201 -0.1457 -0.9820
vn -0.1214 -0.0365 -0.9919
vn -0.0931 0.6417 -0.7613
vn -0.0060 0.9988 -0.0488
vn -0.0243 0.9798 -0.1986
vn -0.0478 0.9195 -0.3903
vn -0.0684 0.8263 -0.5591
vn -0.0856 0.7095 -0.6994
vn -0.0991 0.5778 -0.8101
vn -0.1092 0.4376 -0.8925
vn -0.1161 0.2931 -0.9490
vn -0.1201 0.1469 -0.9818
vn -0.1214 0.0366 -0.9919
vn 0.0029 -0.9985 -0.0549
vn 0.0111 -0.9775 -0.2107
vn 0.0212 -0.9154 -0.4019
vn 0.0301 -0.8214 -0.5695
vn 0.0374 -0.7046 -0.7086
vn 0.0432 -0.5735 -0.8181
vn 0.0475 -0.4342 -0.8996
vn 0.0505 -0.2908 -0.9555
vn 0.0522 -0.1457 -0.9880
vn 0.0527 -0.0365 -0.9979
vn 0.0528 -0.0000 -0.9986
vn 0.0026 0.9988 -0.0491
vn 0.0106 0.9798 -0.1998
vn 0.0207 0.9195 -0.3926
vn 0.0297 0.8263 -0.5624
vn 0.0372 0.7096 -0.7037
vn 0.0431 0.5778 -0.8150
vn 0.0474 0.4376 -0.8979
vn 0.0504 0.2931 -0.9547
vn 0.0522 0.1469 -0.9878
vn 0.0527 0.0366 -0.9979
vn 0.0124 -0.9985 -0.0535
vn 0.0476 -0.9775 -0.2056
vn 0.0907 -0.9154 -0.3921
vn 0.1285 -0.8214 -0.5556
vn 0.1599 -0.7046 -0.6913
vn 0.1846 -0.5735 -0.7982
vn 0.2030 -0.4342 -0.8777
vn 0.2156 -0.2908 -0.9322
vn 0.2230 -0.1457 -0.9639
vn 0.2252 -0.0365 -0.9736
vn 0.1728 0.6417 -0.7472
vn 0.0111 0.9988 -0.0479
vn 0.0451 0.9798 -0.1950
vn 0.0886 0.9195 -0.3831
vn 0.1269 0.8263 -0.5487
vn 0.1588 0.7095 -0.6865
vn 0.1839 0.5778 -0.7952
vn 0.2026 0.4376 -0.8760
vn 0.2155 0.2931 -0.9315
vn 0.2229 0.1469 -0.9637
vn 0.2252 0.0366 -0.9736
vn 0.0215 -0.9985 -0.0506
vn 0.0825 -0.9775 -0.1942
vn 0.1574 -0.9154 -0.3704
vn 0.2231 -0.8214 -0.5249
vn 0.2775 -0.7046 -0.6530
vn 0.3204 -0.5735 -0.7540
vn 0.3523 -0.4342 -0.8291
vn 0.3742 -0.2908 -0.8806
vn 0.3870 -0.1457 -0.9105
vn 0.3909 -0.0365 -0.9197
vn 0.3000 0.6417 -0.7058
vn 0.0192 0.9988 -0.0453
vn 0.0783 0.9798 -0.1842
vn 0.1538 0.9195 -0.3619
vn 0.2203 0.8263 -0.5184
vn 0.2756 0.7096 -0.6485
vn 0.3192 0.5778 -0.7512
vn 0.3517 0.4376 -0.8275
vn 0.3739 0.2931 -0.8799
vn 0.3869 0.1469 -0.9104
vn 0.3909 0.0366 -0.9197
vn 0.0300 -0.9985 -0.0461
vn 0.1150 -0.9775 -0.1769
vn 0.2193 -0.9154 -0.3374
vn 0.3108 -0.8214 -0.4782
vn 0.3867 -0.7046 -0.5949
vn 0.4465 -0.5735 -0.6869
vn 0.4910 -0.4342 -0.7553
vn 0.5214 -0.2908 -0.8022
vn 0.5392 -0.1457 -0.8295
vn 0.5446 -0.0365 -0.8379
vn 0.4180 0.6417 -0.6430
vn 0.0268 0.9988 -0.0412
vn 0.1091 0.9798 -0.1678
vn 0.2143 0.9195 -0.3297
vn 0.3070 0.8263 -0.4722
vn 0.3840 0.7096 -0.5908
vn 0.4448 0.5778 -0.6843
vn 0.4901 0.4376 -0.7539
vn 0.5211 0.2931 -0.8016
vn 0.5391 0.1469 -0.8293
vn 0.5446 0.0366 -0.8379
vn 0.0375 -0.9985 -0.0402
vn 0.1440 -0.9775 -0.1543
vn 0.2746 -0.9154 -0.2942
vn 0.3891 -0.8214 -0.4169
vn 0.4841 -0.7046 -0.5187
vn 0.5590 -0.5735 -0.5989
vn 0.6147 -0.4342 -0.6586
vn 0.6528 -0.2908 -0.6995
vn 0.6750 -0.1457 -0.7233
vn 0.6819 -0.0365 -0.7306
vn 0.5233 0.6417 -0.5607
vn 0.0336 0.9988 -0.0360
vn 0.1365 0.9798 -0.1463
vn 0.2683 0.9195 -0.2874
vn 0.3843 0.8263 -0.4118
vn 0.4808 0.7095 -0.5151
vn 0.5569 0.5778 -0.5967
vn 0.6135 0.4376 -0.6574
vn 0.6523 0.2931 -0.6989
vn 0.6749 0.1469 -0.7231
vn 0.6819 0.0366 -0.7306
vn 0.2920 -0.0000 0.9564
vn 0.4536 -0.0000 0.8912
vn -0.8384 -0.0000 -0.5450
vn -0.9743 -0.0000 -0.2254
vn -0.9986 -0.0000 -0.0528
vn -0.9564 -0.0000 0.2920
vn -0.8912 -0.0000 0.4536
vn -0.0528 -0.0000 0.9986
vn 0.6067 0.0029 0.7949
vn -0.4536 -0.0000 -0.8912
vn 0.6095 -0.0000 0.7928
vn 0.7311 -0.0000 0.6823
vn 0.8384 -0.0000 0.5450
vn 0.9743 -0.0000 0.2254
vn 0.9564 -0.0000 -0.2920
vn 0.8912 -0.0000 -0.4536
vn 0.6823 -0.0000 -0.7311
vn 0.5450 -0.0000 -0.8384
vn 0.2254 -0.0000 -0.9743
vn 0.6042 -0.0029 0.7968
vn 0.7329 0.0128 0.6803
vn 0.8392 0.0284 0.5431
vn 0.9200 0.0440 0.3895
vn 0.9727 0.0594 0.2244
vn 0.9958 0.0747 0.0527
vn 0.9887 0.0898 -0.1202
vn 0.9516 0.1047 -0.2890
vn 0.8858 0.1193 -0.4485
vn 0.7934 0.1337 -0.5938
vn 0.6773 0.1478 -0.7207
vn 0.5412 0.1616 -0.8252
vn 0.3894 0.1751 -0.9043
vn 0.2265 0.1883 -0.9556
vn 0.0576 0.2011 -0.9779
vn -0.1122 0.2136 -0.9705
vn -0.2776 0.2258 -0.9338
vn -0.4338 0.2376 -0.8691
vn -0.5759 0.2490 -0.7786
vn -0.6157 0.5088 -0.6016
vn -0.7003 0.5285 -0.4799
vn -0.7616 0.5473 -0.3471
vn -0.7983 0.5653 -0.2078
vn -0.8101 0.5825 -0.0662
vn -0.7974 0.5990 0.0732
vn -0.7612 0.6148 0.2062
vn -0.8901 -0.0000 0.4558
vn -0.7974 -0.0000 0.6034
vn -0.6805 -0.0000 0.7327
vn -0.5429 -0.0000 0.8398
vn -0.3116 0.6836 0.6600
vn -0.2230 -0.0000 0.9748
vn -0.0671 0.7069 0.7041
vn 0.0543 0.7177 0.6942
vn 0.2943 -0.0000 0.9557
vn 0.4558 -0.0000 0.8901
vn 0.6034 -0.0000 0.7974
vn 0.7417 0.0187 0.6704
vn 0.8462 0.0344 0.5318
vn 0.9248 0.0501 0.3771
vn 0.9752 0.0657 0.2112
vn 0.9959 0.0812 0.0392
vn 0.9863 0.0965 -0.1335
vn 0.9468 0.1117 -0.3017
vn 0.8788 0.1266 -0.4601
vn 0.7843 0.1414 -0.6040
vn 0.6665 0.1559 -0.7290
vn 0.5290 0.1701 -0.8314
vn 0.3762 0.1840 -0.9081
vn 0.2128 0.1976 -0.9569
vn 0.0439 0.2109 -0.9765
vn -0.1254 0.2239 -0.9665
vn -0.2899 0.2365 -0.9274
vn -0.4446 0.2488 -0.8605
vn -0.5850 0.2607 -0.7680
vn -0.6196 0.5170 -0.5907
vn -0.7021 0.5363 -0.4685
vn -0.9276 -0.0000 -0.3736
vn -0.9784 -0.0000 -0.2068
vn -0.9994 -0.0000 -0.0337
vn -0.7914 0.6057 0.0824
vn -0.9506 -0.0000 0.3103
vn -0.8823 -0.0000 0.4708
vn -0.7871 -0.0000 0.6169
vn -0.6679 -0.0000 0.7442
vn -0.5285 -0.0000 0.8489
vn -0.3730 -0.0000 0.9278
vn -0.2061 -0.0000 0.9785
vn -0.0330 -0.0000 0.9995
vn 0.1411 -0.0000 0.9900
vn 0.3110 -0.0000 0.9504
vn 0.4714 -0.0000 0.8819
vn 0.6086 -0.0000 0.7935
vn 0.7428 -0.0128 0.6694
vn 0.8479 -0.0285 0.5295
vn 0.9267 -0.0442 0.3733
vn 0.9768 -0.0598 0.2057
vn 0.9966 -0.0753 0.0322
vn 0.9857 -0.0906 -0.1420
vn 0.9444 -0.1058 -0.3113
vn 0.8741 -0.1208 -0.4705
vn 0.7771 -0.1356 -0.6146
vn 0.6566 -0.1501 -0.7392
vn 0.5164 -0.1643 -0.8404
vn 0.3610 -0.1783 -0.9154
vn 0.1953 -0.1919 -0.9618
vn 0.0244 -0.2053 -0.9784
vn -0.1462 -0.2183 -0.9649
vn -0.3114 -0.2310 -0.9218
vn -0.4659 -0.2433 -0.8507
vn -0.6052 -0.2553 -0.7540
vn -0.7473 -0.0000 -0.6645
vn -0.7313 -0.5274 -0.4325
vn -0.7846 -0.5461 -0.2935
vn -0.9795 -0.0000 -0.2015
vn -0.9996 -0.0000 -0.0283
vn -0.9893 -0.0000 0.1458
vn -0.9489 -0.0000 0.3155
vn -0.8797 -0.0000 0.4755
vn -0.7837 -0.0000 0.6212
vn -0.6638 -0.0000 0.7479
vn -0.5238 -0.0000 0.8518
vn -0.3678 -0.0000 0.9299
vn -0.2007 -0.0000 0.9797
vn -0.0274 -0.0000 0.9996
vn 0.1298 -0.7158 0.6862
vn 0.2443 -0.7261 0.6427
vn 0.3479 -0.7359 0.5808
vn 0.4315 -0.7455 0.5079
vn 0.7337 -0.0186 0.6792
vn 0.8405 -0.0343 0.5407
vn 0.9213 -0.0498 0.3856
vn 0.9736 -0.0652 0.2189
vn 0.9957 -0.0805 0.0458
vn 0.9871 -0.0955 -0.1282
vn 0.9482 -0.1104 -0.2979
vn 0.8803 -0.1249 -0.4577
vn 0.7855 -0.1393 -0.6030
vn 0.6670 -0.1533 -0.7291
vn 0.5286 -0.1670 -0.8323
vn 0.3746 -0.1805 -0.9094
vn 0.2099 -0.1936 -0.9584
vn 0.0397 -0.2063 -0.9777
vn -0.1309 -0.2187 -0.9670
vn -0.2964 -0.2308 -0.9268
vn -0.4520 -0.2425 -0.8584
vn -0.5928 -0.2538 -0.7643
vn -0.7294 -0.0000 -0.6841
vn -0.8371 -0.0000 -0.5471
vn -0.9194 -0.0000 -0.3934
vn -0.9737 -0.0000 -0.2278
vn -0.9985 -0.0000 -0.0552
vn -0.9929 -0.0000 0.1190
vn -0.9571 -0.0000 0.2896
vn -0.8923 -0.0000 0.4514
vn -0.8004 -0.0000 0.5995
vn -0.6841 -0.0000 0.7294
vn -0.5471 -0.0000 0.8371
vn -0.3934 -0.0000 0.9194
vn -0.1242 -0.7012 0.7020
vn -0.0552 -0.0000 0.9985
vn 0.1215 -0.7231 0.6800
vn 0.2349 -0.7332 0.6381
vn 0.3376 -0.7429 0.5780
vn 0.4258 -0.7498 0.5064
vn 0.7327 -0.0000 0.6805
vn 0.8398 -0.0000 0.5429
vn 0.9213 -0.0000 0.3888
vn 0.6357 0.7498 0.1835
vn 0.6579 0.7498 0.0704
vn 0.6601 0.7498 -0.0450
vn 0.6423 0.7498 -0.1589
vn 0.6049 0.7498 -0.2680
vn 0.5492 0.7498 -0.3690
vn 0.4768 0.7498 -0.4587
vn 0.3899 0.7498 -0.5346
vn 0.3889 -0.0000 -0.9213
vn 0.2230 -0.0000 -0.9748
vn 0.0503 -0.0000 -0.9987
vn -0.0450 0.7498 -0.6601
vn -0.2943 -0.0000 -0.9557
vn -0.4558 -0.0000 -0.8901
vn -0.6034 -0.0000 -0.7974
vn -0.7327 -0.0000 -0.6805
vn -0.8398 -0.0000 -0.5429
vn -0.9213 -0.0000 -0.3888
vn -0.9748 -0.0000 -0.2230
vn -0.9987 -0.0000 -0.0503
vn -0.6601 0.7498 0.0450
vn -0.6423 0.7498 0.1589
vn -0.6049 0.7498 0.2680
vn -0.5492 0.7498 0.3690
vn -0.4768 0.7498 0.4587
vn -0.3899 0.7498 0.5346
vn -0.2911 0.7498 0.5941
vn -0.1835 0.7498 0.6357
vn -0.0704 0.7498 0.6579
vn 0.0450 0.7498 0.6601
vn 0.1589 0.7498 0.6423
vn 0.2680 0.7498 0.6049
vn 0.3690 0.7498 0.5492
vn 0.7291 -0.0000 0.6844
vn 0.8369 -0.0000 0.5474
vn 0.9192 -0.0000 0.3937
vn 0.6374 0.7482 0.1839
vn 0.6597 0.7482 0.0704
vn 0.6619 0.7482 -0.0452
vn 0.9573 -0.0000 -0.2893
vn 0.8925 -0.0000 -0.4511
vn 0.8006 -0.0000 -0.5992
vn 0.6844 -0.0000 -0.7291
vn 0.5474 -0.0000 -0.8369
vn 0.3937 -0.0000 -0.9192
vn 0.2281 -0.0000 -0.9736
vn 0.0556 -0.0000 -0.9985
vn -0.1186 -0.0000 -0.9929
vn -0.2893 -0.0000 -0.9573
vn -0.4511 -0.0000 -0.8925
vn -0.5992 -0.0000 -0.8006
vn -0.4601 0.7482 -0.4780
vn -0.5361 0.7482 -0.3909
vn -0.9192 -0.0000 -0.3937
vn -0.9736 -0.0000 -0.2281
vn -0.9985 -0.0000 -0.0556
vn -0.6619 0.7482 0.0452
vn -0.6440 0.7482 0.1594
vn -0.6065 0.7482 0.2688
vn -0.8006 -0.0000 0.5992
vn -0.4780 0.7482 0.4601
vn -0.3909 0.7482 0.5361
vn -0.2918 0.7482 0.5958
vn -0.2281 -0.0000 0.9736
vn -0.0556 -0.0000 0.9985
vn 0.1186 -0.0000 0.9929
vn 0.2893 -0.0000 0.9573
vn 0.4511 -0.0000 0.8925
vn 0.5992 -0.0000 0.8006
vn 0.5086 -0.7482 0.4260
vn 0.5748 -0.7482 0.3313
vn 0.9214 -0.0000 0.3885
vn 0.9749 -0.0000 0.2226
vn 0.9988 -0.0000 0.0499
vn 0.9923 -0.0000 -0.1242
vn 0.9556 -0.0000 -0.2947
vn 0.8899 -0.0000 -0.4561
vn 0.7972 -0.0000 -0.6037
vn 0.6802 -0.0000 -0.7330
vn 0.5426 -0.0000 -0.8400
vn 0.3885 -0.0000 -0.9214
vn 0.2226 -0.0000 -0.9749
vn 0.0499 -0.0000 -0.9988
vn -0.1157 -0.7482 -0.6533
vn -0.2274 -0.7482 -0.6233
vn -0.3322 -0.7482 -0.5743
vn -0.4269 -0.7482 -0.5079
vn -0.5086 -0.7482 -0.4260
vn -0.5748 -0.7482 -0.3313
vn -0.6236 -0.7482 -0.2264
vn -0.6535 -0.7482 -0.1147
vn -0.6634 -0.7482 0.0005
vn -0.6533 -0.7482 0.1157
vn -0.6233 -0.7482 0.2274
vn -0.5743 -0.7482 0.3322
vn -0.7972 -0.0000 0.6037
vn -0.4260 -0.7482 0.5086
vn -0.3313 -0.7482 0.5748
vn -0.2264 -0.7482 0.6236
vn -0.2226 -0.0000 0.9749
vn -0.0499 -0.0000 0.9988
vn 0.1243 -0.0000 0.9923
vn 0.2947 -0.0000 0.9556
vn 0.4561 -0.0000 0.8899
vn 0.4269 -0.7482 0.5079
vn 0.7294 -0.0000 0.6841
vn 0.8371 -0.0000 0.5471
vn 0.9194 -0.0000 0.3934
vn 0.9737 -0.0000 0.2278
vn 0.9985 -0.0000 0.0552
vn 0.9929 -0.0000 -0.1190
vn 0.9571 -0.0000 -0.2896
vn 0.8923 -0.0000 -0.4514
vn 0.8004 -0.0000 -0.5995
vn 0.4248 -0.7498 -0.5072
vn 0.3303 -0.7498 -0.5733
vn 0.2257 -0.7498 -0.6219
vn 0.1143 -0.7498 -0.6517
vn 0.0552 -0.0000 -0.9985
vn -0.1155 -0.7498 -0.6515
vn -0.2269 -0.7498 -0.6215
vn -0.3314 -0.7498 -0.5727
vn -0.5995 -0.0000 -0.8004
vn -0.1143 -0.7498 0.6517
vn 0.0006 -0.7498 0.6616
vn 0.1155 -0.7498 0.6515
vn 0.2269 -0.7498 0.6215
vn 0.3314 -0.7498 0.5727
vn 0.9748 -0.0000 0.2230
vn 0.9987 -0.0000 0.0503
vn 0.2911 0.7498 -0.5941
vn 0.1835 0.7498 -0.6357
vn 0.0704 0.7498 -0.6579
vn -0.1589 0.7498 -0.6423
vn -0.2680 0.7498 -0.6049
vn -0.3690 0.7498 -0.5492
vn -0.4587 0.7498 -0.4768
vn -0.5346 0.7498 -0.3899
vn -0.5941 0.7498 -0.2911
vn -0.9923 -0.0000 0.1239
vn -0.9557 -0.0000 0.2943
vn 0.4601 0.7482 0.4780
vn 0.5958 0.7482 0.2918
vn 0.9985 -0.0000 0.0556
vn 0.9929 -0.0000 -0.1186
vn 0.6065 0.7482 -0.2688
vn 0.1839 0.7482 -0.6374
vn 0.0704 0.7482 -0.6597
vn -0.0452 0.7482 -0.6619
vn -0.7291 -0.0000 -0.6844
vn -0.8369 -0.0000 -0.5474
vn -0.9929 -0.0000 0.1186
vn -0.9573 -0.0000 0.2893
vn -0.8925 -0.0000 0.4511
vn -0.1839 0.7482 0.6374
vn -0.0704 0.7482 0.6597
vn 0.0452 0.7482 0.6619
vn 0.1594 0.7482 0.6440
vn 0.8400 -0.0000 0.5426
vn 0.6236 -0.7482 0.2264
vn 0.6535 -0.7482 0.1147
vn 0.6634 -0.7482 -0.0005
vn 0.6533 -0.7482 -0.1157
vn 0.6233 -0.7482 -0.2274
vn 0.5743 -0.7482 -0.3322
vn 0.5079 -0.7482 -0.4269
vn 0.4260 -0.7482 -0.5086
vn 0.3313 -0.7482 -0.5748
vn 0.2264 -0.7482 -0.6236
vn 0.1147 -0.7482 -0.6535
vn -0.0005 -0.7482 -0.6634
vn -0.2947 -0.0000 -0.9556
vn -0.4561 -0.0000 -0.8899
vn -0.6037 -0.0000 -0.7972
vn -0.7330 -0.0000 -0.6802
vn -0.8400 -0.0000 -0.5426
vn -0.9214 -0.0000 -0.3885
vn -0.5079 -0.7482 0.4269
vn -0.3885 -0.0000 0.9214
vn 0.0005 -0.7482 0.6634
vn 0.1157 -0.7482 0.6533
vn 0.2274 -0.7482 0.6233
vn 0.3322 -0.7482 0.5743
vn 0.6037 -0.0000 0.7972
vn 0.6517 -0.7498 0.1143
vn 0.6616 -0.7498 -0.0006
vn 0.6215 -0.7498 -0.2269
vn 0.6841 -0.0000 -0.7294
vn 0.5471 -0.0000 -0.8371
vn 0.3934 -0.0000 -0.9194
vn 0.2278 -0.0000 -0.9737
vn -0.1190 -0.0000 -0.9929
vn -0.2896 -0.0000 -0.9571
vn -0.4514 -0.0000 -0.8923
vn -0.6517 -0.7498 -0.1143
vn -0.6616 -0.7498 0.0006
vn -0.6515 -0.7498 0.1155
vn -0.6215 -0.7498 0.2269
vn -0.5727 -0.7498 0.3314
vn -0.5064 -0.7498 0.4258
vn -0.2278 -0.0000 0.9737
vn 0.1190 -0.0000 0.9929
vn 0.2896 -0.0000 0.9572
vn 0.4514 -0.0000 0.8923
vn 0.5995 -0.0000 0.8004
vn 0.4587 0.7498 0.4768
vn 0.5346 0.7498 0.3899
vn 0.5941 0.7498 0.2911
vn 0.9923 -0.0000 -0.1239
vn 0.8901 -0.0000 -0.4558
vn 0.7974 -0.0000 -0.6034
vn 0.6805 -0.0000 -0.7327
vn 0.5429 -0.0000 -0.8398
vn -0.6357 0.7498 -0.1835
vn -0.3889 -0.0000 0.9213
vn -0.0503 -0.0000 0.9987
vn 0.1239 -0.0000 0.9923
vn 0.9736 -0.0000 0.2281
vn -0.1594 0.7482 -0.6440
vn -0.2688 0.7482 -0.6065
vn -0.3701 0.7482 -0.5506
vn -0.6844 -0.0000 0.7291
vn -0.5474 -0.0000 0.8369
vn -0.3937 -0.0000 0.9192
vn 0.2688 0.7482 0.6065
vn 0.7330 -0.0000 0.6802
vn -0.1242 -0.0000 -0.9923
vn -0.9749 -0.0000 -0.2226
vn -0.9988 -0.0000 -0.0499
vn -0.9923 -0.0000 0.1243
vn -0.9556 -0.0000 0.2947
vn -0.1147 -0.7482 0.6535
vn 0.6515 -0.7498 -0.1155
vn 0.5727 -0.7498 -0.3314
vn 0.5064 -0.7498 -0.4258
vn -0.4248 -0.7498 0.5072
vn 0.2896 -0.0000 0.9571
vn 0.9557 -0.0000 -0.2943
vn -0.1239 -0.0000 -0.9923
vn -0.6579 0.7498 -0.0704
vn 0.5361 0.7482 0.3909
vn -0.5506 0.7482 0.3701
vn -0.8899 -0.0000 0.4561
vn -0.6802 -0.0000 0.7330
vn -0.5426 -0.0000 0.8400
vn -0.4258 -0.7498 -0.5064
vn -0.9572 -0.0000 0.2896
vn 0.6440 0.7482 -0.1594
vn 0.5506 0.7482 -0.3701
vn -0.1243 -0.0000 -0.9923
vn -0.5072 -0.7498 -0.4248
vn -0.5733 -0.7498 -0.3303
vn 0.9213 -0.0000 0.3889
vn 0.3909 0.7482 -0.5361
vn 0.5072 -0.7498 0.4248
vn 0.6220 -0.7498 0.2257
vn -0.6219 -0.7498 -0.2257
vn -0.3303 -0.7498 0.5733
vn -0.2257 -0.7498 0.6219
vn -0.2229 -0.0000 0.9748
vn -0.5958 0.7482 -0.2918
vn -0.6374 0.7482 -0.1839
vn -0.6597 0.7482 -0.0704
vn 0.2892 -0.0000 0.9573
vn 0.3701 0.7482 0.5506
vn -0.9923 -0.0000 0.1242
vn -0.0006 -0.7498 -0.6616
vn -0.9213 -0.0000 -0.3889
vn -0.9573 -0.0000 0.2892
vn 0.1242 -0.0000 0.9923
vn 0.4780 0.7482 -0.4601
vn -0.2892 -0.0000 -0.9573
vn 0.5733 -0.7498 0.3303
vn 0.6219 -0.7498 0.2257
vn -0.6220 -0.7498 -0.2257
vn -0.3888 -0.0000 0.9213
vn 0.9573 -0.0000 -0.2892
vn 0.2918 0.7482 -0.5958
vn 0.1223 0.1311 0.9838
vn 0.2734 0.3380 0.9006
vn 0.3814 0.5083 0.7721
vn 0.4617 0.6345 0.6199
vn -0.0495 0.0071 0.9987
vn 0.1284 0.1496 0.9804
vn 0.2388 0.5504 0.8001
vn 0.3488 0.6167 0.7057
vn 0.4464 0.6625 0.6016
vn 0.2901 0.0250 0.9567
vn 0.3856 0.4889 0.7825
vn 0.4854 0.5606 0.6709
vn 0.5234 -0.7349 0.4312
vn 0.9923 -0.0000 -0.1243
vn 0.6456 -0.2570 -0.7191
vn 0.5149 -0.2345 -0.8246
vn 0.3670 -0.2109 -0.9060
vn 0.2063 -0.1861 -0.9606
vn 0.0377 -0.1603 -0.9863
vn -0.1333 -0.1336 -0.9820
vn -0.3016 -0.1060 -0.9475
vn -0.4615 -0.0778 -0.8837
vn -0.6079 -0.0490 -0.7925
vn -0.7361 -0.0201 -0.6766
vn -0.8417 0.0089 -0.5399
vn -0.9215 0.0378 -0.3866
vn -0.9728 0.0663 -0.2219
vn -0.9943 0.0942 -0.0509
vn -0.9853 0.1213 0.1207
vn -0.9463 0.1476 0.2875
vn -0.8790 0.1728 0.4443
vn -0.7857 0.1969 0.5864
vn -0.6696 0.2199 0.7094
vn -0.5345 0.2417 0.8099
vn -0.3527 0.5128 0.7827
vn -0.2086 0.5481 0.8100
vn -0.0656 0.5806 0.8115
vn 0.0734 0.6106 0.7885
vn 0.2156 0.6360 0.7410
vn 0.4074 0.4583 0.7899
vn 0.5024 0.5474 0.6693
vn 0.5589 0.6417 0.5252
vn 0.6416 0.6417 0.4201
vn 0.7048 0.6417 0.3024
vn 0.7466 0.6417 0.1754
vn 0.7657 0.6417 0.0431
vn 0.7616 0.6417 -0.0905
vn 0.7343 0.6417 -0.2214
vn 0.6847 0.6417 -0.3455
vn 0.6143 0.6417 -0.4591
vn 0.5637 -0.4742 -0.6763
vn 0.4501 -0.4332 -0.7809
vn 0.3166 -0.3893 -0.8650
vn 0.1672 -0.3426 -0.9245
vn 0.0067 -0.2932 -0.9560
vn -0.1594 -0.2413 -0.9573
vn -0.2212 0.6417 -0.7343
vn -0.3453 0.6417 -0.6848
vn -0.6276 -0.0742 -0.7750
vn -0.5587 0.6417 -0.5254
vn -0.6414 0.6417 -0.4204
vn -0.7047 0.6417 -0.3027
vn -0.8918 0.4085 -0.1946
vn -0.9000 0.4343 -0.0377
vn -0.8807 0.4592 0.1161
vn -0.8354 0.4831 0.2620
vn -0.7664 0.5059 0.3959
vn -0.6764 0.5275 0.5139
vn -0.5691 0.5480 0.6131
vn -0.4480 0.5673 0.6910
vn -0.3175 0.5854 0.7460
vn -0.1815 0.6023 0.7773
vn -0.0444 0.6181 0.7848
vn 0.0906 0.6325 0.7693
vn 0.5519 0.6508 0.5213
vn 0.6408 0.6433 0.4190
vn 0.7058 0.6417 0.3000
vn 0.7659 0.6417 0.0405
vn 0.7613 0.6417 -0.0931
vn 0.0405 0.6417 -0.7659
vn -0.5607 0.6417 -0.5233
vn -0.6127 0.6417 0.4613
vn -0.5233 0.6417 0.5607
vn -0.1728 0.6417 0.7472
vn 0.5667 0.6161 0.5470
vn 0.6419 0.6398 0.4226
vn -0.0404 0.6417 0.7659
vn 0.5750 0.6156 0.5389
vn -0.6950 0.6359 0.3356
vn -0.6172 0.6500 0.4433
vn -0.8537 0.0419 -0.5191
vn -0.9261 0.0997 -0.3640
vn -0.0663 0.7458 0.6629
vn 0.0550 0.7336 0.6773
vn -0.7612 0.5548 -0.3357
vn -0.7959 0.5725 -0.1967
vn -0.7529 -0.0162 -0.6580
vn -0.5235 0.6635 0.5346
vn -0.4171 0.6763 0.6071
vn -0.6459 -0.5175 -0.5612
vn -0.7239 -0.5368 -0.4333
vn 0.4335 -0.7456 0.5061
vn 0.1789 0.7148 0.6761
vn -0.8059 0.5895 -0.0559
vn 0.1771 0.7322 0.6577
vn 0.2831 0.7418 0.6079
vn 0.3163 -0.0000 0.9487
vn 0.4763 -0.0000 0.8793
vn 0.3736 0.7474 0.5494
vn 0.3888 -0.0000 -0.9213
vn -0.5846 -0.6509 0.4844
vn -0.4831 -0.6644 0.5703
vn 0.6125 -0.0000 0.7905
vn 0.3764 0.7484 0.5461
vn -0.6707 -0.6367 0.3805
vn 0.5367 -0.7273 0.4278
vn 0.6197 -0.7077 0.3392
vn 0.1467 -0.0000 0.9892
vn 0.6883 -0.6864 0.2347
vn -0.7539 0.6212 0.2142
vn -0.7845 -0.6064 0.1300
vn -0.7382 -0.6219 0.2613
vn 0.7393 -0.6632 0.1166
vn 0.7701 -0.6378 -0.0120
vn 0.7783 -0.6102 -0.1479
vn 0.2971 0.0401 0.9540
vn -0.7772 -0.5554 -0.2957
vn 0.1243 -0.0000 0.9922
vn 0.6547 -0.5123 -0.5558
vn 0.5253 0.6417 -0.5588
vn -0.8051 -0.5732 -0.1528
vn 0.0622 0.7220 0.6890
vn -0.0582 0.7114 0.7003
vn -0.8072 -0.5901 -0.0094
vn 0.7212 -0.5476 -0.4244
vn -0.1807 0.7003 0.6906
vn 0.1244 0.0015 0.9922
vn -0.7035 0.6299 0.3291
vn 0.7623 -0.5802 -0.2868
vn -0.3016 0.6886 0.6595
vn -0.3247 -0.1872 -0.9271
vn -0.4829 -0.1313 -0.8658
vn -0.1903 0.6955 0.6929
vn -0.0903 0.6417 -0.7616
vn -0.6531 -0.5079 -0.5618
vn -0.8514 -0.0000 -0.5245
vn -0.5334 0.6580 0.5316
vn -0.4272 0.6711 0.6060
vn 0.1756 0.6417 -0.7466
vn 0.0433 0.6417 -0.7657
vn -0.9296 -0.0000 -0.3686
vn 0.0617 0.7423 0.6672
vn 0.1703 0.7281 0.6640
vn -0.6266 0.6442 0.4386
vn -0.0635 0.7500 0.6584
vn -0.8137 -0.5813 -0.0044
vn -0.7901 -0.5977 0.1363
vn -0.7427 -0.6134 0.2687
vn 0.4203 0.6417 -0.6415
vn -0.2896 -0.0000 -0.9572
vn 0.3025 0.6417 -0.7048
vn 0.7284 -0.6732 0.1277
vn 0.7610 -0.6487 0.0012
vn -0.3700 -0.6772 0.6360
vn -0.8121 -0.5641 -0.1492
vn -0.1189 -0.6937 0.7104
vn 0.0075 -0.7050 0.7092
vn 0.7716 -0.6221 -0.1326
vn -0.2490 -0.6895 0.6801
vn 0.7206 -0.5615 -0.4068
vn 0.6576 -0.5273 -0.5381
vn 0.7585 -0.5931 -0.2701
vn 0.0006 -0.7124 0.7018
vn 0.9572 -0.0000 -0.2896
vn -0.2454 -0.6818 0.6891
vn 0.6760 -0.6956 0.2432
vn 0.6067 -0.7161 0.3452
vn -0.3682 -0.6694 0.6453
vn -0.6738 -0.6283 0.3888
vn -0.5861 -0.6427 0.4934
vn -0.7438 -0.0000 -0.6684
vn -0.4830 -0.6563 0.5796
vn -0.8486 -0.0000 -0.5291
vn 0.2777 0.7380 0.6150
vn -0.4590 0.6417 -0.6144
vn -0.9901 -0.0000 0.1405
s 1
f 1//1 2974//1 2975//1
f 2//2 2976//2 2977//2
f 4//3 52//4 51//3
f 1//1 2975//1 2978//1
f 2//2 2979//2 2976//2
f 6//4 53//5 52//4
f 1//1 2978//1 2980//1
f 2//2 2981//2 2979//2
f 8//5 54//6 53//5
f 1//1 2980//1 2982//1
f 2//2 2983//2 2981//2
f 10//6 55//7 54//6
f 1//1 2982//1 2984//1
f 2//2 2985//2 2983//2
f 12//7 56//8 55//7
f 1//1 2984//1 2986//1
f 2//2 2987//2 2985//2
f 14//8 57//9 56//8
f 1//1 2986//1 2988//1
f 2//2 2989//2 2987//2
f 16//9 58//10 57//9
f 1//1 2988//1 2990//1
f 2//2 2991//2 2989//2
f 18//10 59//11 58//10
f 1//1 2990//1 2992//1
f 2//2 2993//2 2991//2
f 20//11 60//12 59//11
f 1//1 2992//1 2994//1
f 2//2 2995//2 2993//2
f 22//12 61//13 60//12
f 1//1 2994//1 2996//1
f 2//2 2997//2 2995//2
f 24//13 62//14 61//13
f 1//1 2996//1 2998//1
f 2//2 2999//2 2997//2
f 26//14 63//15 62//14
f 1//1 2998//1 3000//1
f 2//2 3001//2 2999//2
f 28//15 64//16 63//15
f 1//1 3000//1 3002//1
f 2//2 3003//2 3001//2
f 30//16 65//17 64//16
f 1//1 3002//1 3004//1
f 2//2 3005//2 3003//2
f 32//17 66//18 65//17
f 1//1 3004//1 3006//1
f 2//2 3007//2 3005//2
f 34//18 67//19 66//18
f 1//1 3006//1 3008//1
f 2//2 3009//2 3007//2
f 36//19 68//20 67//19
f 1//1 3008//1 3010//1
f 2//2 3011//2 3009//2
f 38//20 69//21 68//20
f 1//1 3010//1 3012//1
f 2//2 3013//2 3011//2
f 40//21 70//22 69//21
f 1//1 3012//1 3014//1
f 2//2 3015//2 3013//2
f 42//22 71//23 70//22
f 1//1 3014//1 3016//1
f 2//2 3017//2 3015//2
f 44//23 72//24 71//23
f 1//1 3016//1 3018//1
f 2//2 3019//2 3017//2
f 46//24 73//25 72//24
f 1//1 3018//1 3020//1
f 2//2 3021//2 3019//2
f 48//25 74//26 73//25
f 1//1 3020//1 2974//1
f 2//2 2977//2 3021//2
f 50//26 51//3 74//26
f 74//26 98//3 97//26
f 73//25 97//26 96//25
f 72//24 96//25 95//24
f 71//23 95//24 94//23
f 70//22 94//23 93//22
f 69//21 93//22 92//21
f 68//20 92//21 91//20
f 67//19 91//20 90//19
f 66//18 90//19 89//18
f 65//17 89//18 88//17
f 64//16 88//17 87//16
f 63//15 87//16 86//15
f 62//14 86//15 85//14
f 61//13 85//14 84//13
f 60//12 84//13 83//12
f 59//11 83//12 82//11
f 58//10 82//11 81//10
f 57//9 81//10 80//9
f 56//8 80//9 79//8
f 55//7 79//8 78//7
f 54//6 78//7 77//6
f 53//5 77//6 76//5
f 52//4 76//5 75//4
f 51//3 75//4 98//3
f 98//3 5//4 3//3
f 75//4 7//5 5//4
f 76//5 9//6 7//5
f 77//6 11//7 9//6
f 78//7 13//8 11//7
f 79//8 15//9 13//8
f 80//9 17//10 15//9
f 81//10 19//11 17//10
f 82//11 21//12 19//11
f 83//12 23//13 21//12
f 84//13 25//14 23//13
f 85//14 27//15 25//14
f 86//15 29//16 27//15
f 87//16 31//17 29//16
f 88//17 33//18 31//17
f 89//18 35//19 33//18
f 90//19 37//20 35//19
f 91//20 39//21 37//20
f 92//21 41//22 39//21
f 93//22 43//23 41//22
f 94//23 45//24 43//23
f 95//24 47//25 45//24
f 96//25 49//26 47//25
f 97//26 3//3 49//26
f 100//28 102//30 99//27
f 103//31 100//28 99//27
f 106//34 103//31 105//33
f 108//36 105//33 107//35
f 109//37 108//36 107//35
f 112//40 109//37 111//39
f 113//41 112//40 111//39
f 116//44 113//41 115//43
f 118//46 115//43 117//45
f 119//47 118//46 117//45
f 4831//9 120//48 119//47
f 3465//50 121//49 4218//49
f 125//51 124//2 123//2
f 127//53 126//52 125//51
f 130//56 127//53 129//55
f 131//57 130//56 129//55
f 133//59 132//58 131//57
f 135//61 134//60 133//59
f 137//63 136//62 135//61
f 139//65 138//64 137//63
f 142//68 139//65 141//67
f 144//70 141//67 143//69
f 145//71 101//29 100//28
f 147//72 100//28 104//32
f 148//73 104//32 106//34
f 149//74 106//34 108//36
f 110//38 149//74 108//36
f 151//76 110//38 112//40
f 152//77 112//40 114//42
f 153//78 114//42 116//44
f 154//79 116//44 118//46
f 155//80 118//46 120//48
f 3958//817 120//48 3957//818
f 3466//81 122//50 3465//50
f 158//82 124//2 126//52
f 128//54 158//82 126//52
f 160//84 128//54 130//56
f 161//85 130//56 132//58
f 162//86 132//58 134//60
f 163//87 134//60 136//62
f 138//64 163//87 136//62
f 140//66 164//88 138//64
f 166//90 140//66 142//68
f 144//70 166//90 142//68
f 168//92 146//1 145//71
f 170//94 145//71 147//72
f 148//73 170//94 147//72
f 172//96 148//73 149//74
f 150//75 172//96 149//74
f 174//98 150//75 151//76
f 152//77 174//98 151//76
f 176//100 152//77 153//78
f 177//101 153//78 154//79
f 155//80 177//101 154//79
f 179//11 155//80 3958//817
f 3466//81 4880//1326 156//81
f 158//82 180//2 157//2
f 182//104 158//82 159//83
f 183//105 159//83 160//84
f 161//85 183//105 160//84
f 162//86 184//106 161//85
f 186//108 162//86 163//87
f 187//109 163//87 164//88
f 165//89 187//109 164//88
f 189//111 165//89 166//90
f 167//91 189//111 166//90
f 168//92 191//113 169//93
f 170//94 191//113 168//92
f 171//95 192//114 170//94
f 194//116 171//95 172//96
f 195//117 172//96 173//97
f 196//118 173//97 174//98
f 197//119 174//98 175//99
f 176//100 197//119 175//99
f 199//121 176//100 177//101
f 178//102 199//121 177//101
f 179//11 200//122 178//102
f 3309//1325 4880//1326 3308//1326
f 203//124 180//2 181//103
f 182//104 203//124 181//103
f 205//126 182//104 183//105
f 206//127 183//105 184//106
f 185//107 206//127 184//106
f 208//129 185//107 186//108
f 209//130 186//108 187//109
f 210//131 187//109 188//110
f 211//132 188//110 189//111
f 190//112 211//132 189//111
f 191//113 214//135 169//93
f 192//114 213//134 191//113
f 193//115 215//136 192//114
f 194//116 216//137 193//115
f 218//139 194//116 195//117
f 196//118 218//139 195//117
f 220//141 196//118 197//119
f 221//142 197//119 198//120
f 222//143 198//120 199//121
f 223//144 199//121 200//122
f 201//123 223//144 200//122
f 3309//1325 224//145 4737//1325
f 226//146 202//2 203//124
f 204//125 226//146 203//124
f 228//148 204//125 205//126
f 206//127 228//148 205//126
f 230//150 206//127 207//128
f 208//129 230//150 207//128
f 209//130 231//151 208//129
f 233//153 209//130 210//131
f 234//154 210//131 211//132
f 212//133 234//154 211//132
f 236//156 214//135 213//134
f 215//136 236//156 213//134
f 239//159 215//136 216//137
f 217//138 239//159 216//137
f 241//161 217//138 218//139
f 219//140 241//161 218//139
f 243//163 219//140 220//141
f 244//164 220//141 221//142
f 245//165 221//142 222//143
f 246//166 222//143 223//144
f 3353//13 223//144 4649//816
f 225//145 247//167 224//145
f 249//168 4457//2 226//146
f 227//147 249//168 226//146
f 251//170 227//147 228//148
f 252//171 228//148 229//149
f 253//172 229//149 230//150
f 254//173 230//150 231//151
f 232//152 254//173 231//151
f 233//153 255//174 232//152
f 257//176 233//153 234//154
f 235//155 257//176 234//154
f 259//178 237//157 236//156
f 261//179 236//156 238//158
f 262//180 238//158 239//159
f 240//160 262//180 239//159
f 264//182 240//160 241//161
f 265//183 241//161 242//162
f 266//184 242//162 243//163
f 267//185 243//163 244//164
f 268//186 244//164 245//165
f 269//187 245//165 246//166
f 3353//13 269//187 246//166
f 3317//188 247//167 3316//167
f 272//189 248//2 249//168
f 250//169 272//189 249//168
f 251//170 273//190 250//169
f 252//171 274//191 251//170
f 253//172 275//192 252//171
f 277//194 253//172 254//173
f 278//195 254//173 255//174
f 279//196 255//174 256//175
f 257//176 279//196 256//175
f 258//177 280//197 257//176
f 282//199 260//1 259//178
f 284//201 259//178 261//179
f 285//202 261//179 262//180
f 263//181 285//202 262//180
f 287//204 263//181 264//182
f 288//205 264//182 265//183
f 289//206 265//183 266//184
f 290//207 266//184 267//185
f 268//186 290//207 267//185
f 292//209 268//186 269//187
f 3889//814 269//187 3354//815
f 4105//210 270//188 3317//188
f 272//189 294//2 271//2
f 296//212 272//189 273//190
f 274//191 296//212 273//190
f 298//214 274//191 275//192
f 276//193 298//214 275//192
f 277//194 299//215 276//193
f 301//217 277//194 278//195
f 302//218 278//195 279//196
f 280//197 302//218 279//196
f 281//198 303//219 280//197
f 305//221 283//200 282//199
f 307//223 282//199 284//201
f 308//224 284//201 285//202
f 309//225 285//202 286//203
f 287//204 309//225 286//203
f 288//205 310//226 287//204
f 289//206 311//227 288//205
f 313//229 289//206 290//207
f 291//208 313//229 290//207
f 315//231 291//208 292//209
f 3619//15 292//209 3889//814
f 3730//232 293//210 4105//210
f 318//233 294//2 295//211
f 319//234 295//211 296//212
f 297//213 319//234 296//212
f 321//236 297//213 298//214
f 322//237 298//214 299//215
f 323//238 299//215 300//216
f 324//239 300//216 301//217
f 325//240 301//217 302//218
f 303//219 325//240 302//218
f 327//242 303//219 304//220
f 328//243 306//222 305//221
f 330//244 305//221 307//223
f 331//245 307//223 308//224
f 309//225 331//245 308//224
f 310//226 332//246 309//225
f 334//248 310//226 311//227
f 335//249 311//227 312//228
f 336//250 312//228 313//229
f 314//230 336//250 313//229
f 338//252 314//230 315//231
f 3620//804 315//231 3619//15
f 340//253 316//232 3730//232
f 341//254 317//2 318//233
f 319//234 341//254 318//233
f 343//256 319//234 320//235
f 344//257 320//235 321//236
f 345//258 321//236 322//237
f 346//259 322//237 323//238
f 324//239 346//259 323//238
f 348//261 324//239 325//240
f 349//262 325//240 326//241
f 350//263 326//241 327//242
f 351//264 329//93 328//243
f 353//265 328//243 330//244
f 331//245 353//265 330//244
f 332//246 354//266 331//245
f 356//268 332//246 333//247
f 334//248 356//268 333//247
f 335//249 357//269 334//248
f 359//271 335//249 336//250
f 337//251 359//271 336//250
f 361//273 337//251 338//252
f 3092//803 338//252 3620//804
f 340//253 362//274 339//253
f 341//254 363//2 3731//2
f 342//255 364//275 341//254
f 366//277 342//255 343//256
f 367//278 343//256 344//257
f 345//258 367//278 344//257
f 369//280 345//258 346//259
f 347//260 369//280 346//259
f 371//282 347//260 348//261
f 372//283 348//261 349//262
f 373//284 349//262 350//263
f 374//285 352//1 351//264
f 376//287 351//264 353//265
f 354//266 376//287 353//265
f 355//267 377//288 354//266
f 379//290 355//267 356//268
f 357//269 379//290 356//268
f 381//292 357//269 358//270
f 382//293 358//270 359//271
f 383//294 359//271 360//272
f 384//295 360//272 361//273
f 3093//17 361//273 3092//803
f 3519//296 362//274 3518//274
f 387//297 363//2 364//275
f 388//298 364//275 365//276
f 389//299 365//276 366//277
f 367//278 389//299 366//277
f 391//301 367//278 368//279
f 392//302 368//279 369//280
f 370//281 392//302 369//280
f 394//304 370//281 371//282
f 372//283 394//304 371//282
f 396//306 372//283 373//284
f 374//285 398//308 375//286
f 376//287 397//307 374//285
f 400//310 376//287 377//288
f 401//311 377//288 378//289
f 379//290 401//311 378//289
f 403//313 379//290 380//291
f 404//314 380//291 381//292
f 405//315 381//292 382//293
f 383//294 405//315 382//293
f 384//295 406//316 383//294
f 3093//17 407//317 384//295
f 409//318 385//296 3519//296
f 410//319 386//2 387//297
f 411//320 387//297 388//298
f 412//321 388//298 389//299
f 390//300 412//321 389//299
f 414//323 390//300 391//301
f 415//324 391//301 392//302
f 393//303 415//324 392//302
f 394//304 416//325 393//303
f 418//327 394//304 395//305
f 419//328 395//305 396//306
f 397//307 421//330 398//308
f 422//331 397//307 399//309
f 423//332 399//309 400//310
f 424//333 400//310 401//311
f 402//312 424//333 401//311
f 426//335 402//312 403//313
f 427//336 403//313 404//314
f 405//315 427//336 404//314
f 406//316 428//337 405//315
f 430//339 406//316 407//317
f 431//340 407//317 4535//810
f 409//318 4591//1331 408//318
f 433//341 4396//2 410//319
f 434//342 410//319 411//320
f 412//321 434//342 411//320
f 413//322 435//343 412//321
f 437//345 413//322 414//323
f 438//346 414//323 415//324
f 439//347 415//324 416//325
f 440//348 416//325 417//326
f 441//349 417//326 418//327
f 442//350 418//327 419//328
f 420//329 443//351 421//330
f 444//352 420//329 422//331
f 423//332 444//352 422//331
f 424//333 445//353 423//332
f 447//355 424//333 425//334
f 448//356 425//334 426//335
f 449//357 426//335 427//336
f 428//337 449//357 427//336
f 429//338 450//358 428//337
f 452//360 429//338 430//339
f 453//19 430//339 431//340
f 4623//1331 4142//361 4591//1331
f 455//362 432//2 433//341
f 456//363 433//341 434//342
f 435//343 456//363 434//342
f 458//365 435//343 436//344
f 459//366 436//344 437//345
f 460//367 437//345 438//346
f 461//368 438//346 439//347
f 462//369 439//347 440//348
f 441//349 462//369 440//348
f 464//371 441//349 442//350
f 443//351 466//373 421//330
f 467//374 443//351 444//352
f 468//375 444//352 445//353
f 446//354 468//375 445//353
f 470//377 446//354 447//355
f 471//378 447//355 448//356
f 472//379 448//356 449//357
f 473//380 449//357 450//358
f 451//359 473//380 450//358
f 475//382 451//359 452//360
f 476//383 452//360 453//19
f 454//361 4143//384 4142//361
f 478//385 4624//2 455//362
f 456//363 478//385 455//362
f 480//387 456//363 457//364
f 458//365 480//387 457//364
f 482//389 458//365 459//366
f 460//367 482//389 459//366
f 484//391 460//367 461//368
f 485//392 461//368 462//369
f 463//370 485//392 462//369
f 464//371 486//393 463//370
f 488//395 466//373 465//372
f 490//396 465//372 467//374
f 491//397 467//374 468//375
f 492//398 468//375 469//376
f 470//377 492//398 469//376
f 471//378 493//399 470//377
f 495//401 471//378 472//379
f 496//402 472//379 473//380
f 474//381 496//402 473//380
f 498//404 474//381 475//382
f 499//405 475//382 476//383
f 4661//1330 4143//384 477//384
f 501//406 4804//2 478//385
f 479//386 501//406 478//385
f 503//408 479//386 480//387
f 504//409 480//387 481//388
f 482//389 504//409 481//388
f 506//411 482//389 483//390
f 507//412 483//390 484//391
f 508//413 484//391 485//392
f 486//393 508//413 485//392
f 510//415 486//393 487//394
f 511//416 489//373 488//395
f 513//418 488//395 490//396
f 514//419 490//396 491//397
f 515//420 491//397 492//398
f 493//399 515//420 492//398
f 494//400 516//421 493//399
f 518//423 494//400 495//401
f 519//424 495//401 496//402
f 520//425 496//402 497//403
f 521//426 497//403 498//404
f 522//21 498//404 499//405
f 4453//1329 4688//1330 4661//1330
f 524//427 500//2 501//406
f 525//428 501//406 502//407
f 526//429 502//407 503//408
f 504//409 526//429 503//408
f 528//431 504//409 505//410
f 529//432 505//410 506//411
f 530//433 506//411 507//412
f 531//434 507//412 508//413
f 532//435 508//413 509//414
f 533//436 509//414 510//415
f 534//437 512//417 511//416
f 536//438 511//416 513//418
f 514//419 536//438 513//418
f 515//420 537//439 514//419
f 539//441 515//420 516//421
f 540//442 516//421 517//422
f 541//443 517//422 518//423
f 519//424 541//443 518//423
f 543//445 519//424 520//425
f 521//426 543//445 520//425
f 3580//809 521//426 522//21
f 3476//447 4419//1329 4453//1329
f 547//448 523//2 524//427
f 548//449 524//427 525//428
f 549//450 525//428 526//429
f 550//451 526//429 527//430
f 551//452 527//430 528//431
f 552//453 528//431 529//432
f 553//454 529//432 530//433
f 554//455 530//433 531//434
f 555//456 531//434 532//435
f 556//457 532//435 533//436
f 557//458 535//1 534//437
f 559//460 534//437 536//438
f 560//461 536//438 537//439
f 538//440 560//461 537//439
f 562//463 538//440 539//441
f 540//442 562//463 539//441
f 564//465 540//442 541//443
f 565//466 541//443 542//444
f 566//467 542//444 543//445
f 567//468 543//445 544//446
f 3581//808 544//446 3580//809
f 3476//447 568//469 545//447
f 570//470 546//2 547//448
f 571//471 547//448 548//449
f 572//472 548//449 549//450
f 573//473 549//450 550//451
f 574//474 550//451 551//452
f 575//475 551//452 552//453
f 553//454 575//475 552//453
f 577//477 553//454 554//455
f 555//456 577//477 554//455
f 579//479 555//456 556//457
f 580//480 558//459 557//458
f 559//460 580//480 557//458
f 583//483 559//460 560//461
f 561//462 583//483 560//461
f 585//485 561//462 562//463
f 563//464 585//485 562//463
f 587//487 563//464 564//465
f 588//488 564//465 565//466
f 566//467 588//488 565//466
f 590//490 566//467 567//468
f 3784//23 567//468 3581//808
f 3477//469 591//491 568//469
f 593//492 569//2 570//470
f 594//493 570//470 571//471
f 595//494 571//471 572//472
f 573//473 595//494 572//472
f 597//496 573//473 574//474
f 598//497 574//474 575//475
f 599//498 575//475 576//476
f 600//499 576//476 577//477
f 578//478 600//499 577//477
f 602//501 578//478 579//479
f 603//502 581//481 580//480
f 582//482 603//502 580//480
f 606//505 582//482 583//483
f 607//506 583//483 584//484
f 608//507 584//484 585//485
f 609//508 585//485 586//486
f 610//509 586//486 587//487
f 611//510 587//487 588//488
f 589//489 611//510 588//488
f 590//490 612//511 589//489
f 3785//807 590//490 3784//23
f 3584//513 591//491 3950//491
f 616//514 592//2 593//492
f 617//515 593//492 594//493
f 618//516 594//493 595//494
f 619//517 595//494 596//495
f 620//518 596//495 597//496
f 621//519 597//496 598//497
f 599//498 621//519 598//497
f 600//499 622//520 599//498
f 601//500 623//521 600//499
f 625//523 601//500 602//501
f 626//524 604//503 603//502
f 628//526 603//502 605//504
f 606//505 628//526 605//504
f 630//528 606//505 607//506
f 631//529 607//506 608//507
f 609//508 631//529 608//507
f 610//509 632//530 609//508
f 634//532 610//509 611//510
f 635//533 611//510 612//511
f 613//512 635//533 612//511
f 3897//806 613//512 3785//807
f 3584//513 637//535 614//513
f 616//514 3585//2 615//2
f 617//515 639//536 616//514
f 618//516 640//537 617//515
f 619//517 641//538 618//516
f 620//518 642//539 619//517
f 644//541 620//518 621//519
f 622//520 644//541 621//519
f 646//543 622//520 623//521
f 624//522 646//543 623//521
f 648//545 624//522 625//523
f 649//546 627//525 626//524
f 651//548 626//524 628//526
f 652//549 628//526 629//527
f 653//550 629//527 630//528
f 654//551 630//528 631//529
f 632//530 654//551 631//529
f 656//553 632//530 633//531
f 634//532 656//553 633//531
f 658//555 634//532 635//533
f 636//534 658//555 635//533
f 3897//806 659//556 636//534
f 638//535 660//557 637//535
f 662//558 3585//2 639//536
f 640//537 662//558 639//536
f 664//560 640//537 641//538
f 665//561 641//538 642//539
f 643//540 665//561 642//539
f 667//563 643//540 644//541
f 668//564 644//541 645//542
f 669//565 645//542 646//543
f 647//544 669//565 646//543
f 671//567 647//544 648//545
f 649//546 673//547 650//547
f 674//569 649//546 651//548
f 675//570 651//548 652//549
f 676//571 652//549 653//550
f 654//551 676//571 653//550
f 678//573 654//551 655//552
f 679//574 655//552 656//553
f 680//575 656//553 657//554
f 681//576 657//554 658//555
f 682//577 658//555 659//556
f 3142//805 659//556 3141//25
f 4235//557 683//578 660//557
f 685//580 661//2 662//558
f 686//581 662//558 663//559
f 687//582 663//559 664//560
f 688//583 664//560 665//561
f 689//584 665//561 666//562
f 667//563 689//584 666//562
f 691//586 667//563 668//564
f 692//587 668//564 669//565
f 693//588 669//565 670//566
f 694//589 670//566 671//567
f 695//590 673//547 672//568
f 697//592 672//568 674//569
f 675//570 697//592 674//569
f 699//594 675//570 676//571
f 677//572 699//594 676//571
f 701//596 677//572 678//573
f 702//597 678//573 679//574
f 680//575 702//597 679//574
f 704//599 680//575 681//576
f 682//577 704//599 681//576
f 706//601 682//577 3142//805
f 4306//1328 683//578 684//579
f 708//602 4305//2 685//580
f 709//603 685//580 686//581
f 710//604 686//581 687//582
f 711//605 687//582 688//583
f 712//606 688//583 689//584
f 690//585 712//606 689//584
f 714//608 690//585 691//586
f 692//587 714//608 691//586
f 716//610 692//587 693//588
f 717//611 693//588 694//589
f 718//612 696//591 695//590
f 697//592 718//612 695//590
f 721//614 697//592 698//593
f 722//615 698//593 699//594
f 723//616 699//594 700//595
f 724//617 700//595 701//596
f 725//618 701//596 702//597
f 726//619 702//597 703//598
f 727//620 703//598 704//599
f 705//600 727//620 704//599
f 3174//3 705//600 706//601
f 4501//622 4439//1328 4306//1328
f 731//623 707//2 708//602
f 732//624 708//602 709//603
f 733//625 709//603 710//604
f 711//605 733//625 710//604
f 735//627 711//605 712//606
f 736//628 712//606 713//607
f 737//629 713//607 714//608
f 738//630 714//608 715//609
f 716//610 738//630 715//609
f 740//632 716//610 717//611
f 718//612 742//200 719//1
f 743//634 718//612 720//613
f 744//635 720//613 721//614
f 745//636 721//614 722//615
f 723//616 745//636 722//615
f 747//638 723//616 724//617
f 748//639 724//617 725//618
f 726//619 748//639 725//618
f 750//641 726//619 727//620
f 751//642 727//620 728//621
f 3175//812 728//621 3174//3
f 4501//622 752//643 729//622
f 731//623 4681//2 730//2
f 755//645 731//623 732//624
f 756//646 732//624 733//625
f 734//626 756//646 733//625
f 735//627 757//647 734//626
f 759//649 735//627 736//628
f 760//650 736//628 737//629
f 738//630 760//650 737//629
f 762//652 738//630 739//631
f 740//632 762//652 739//631
f 764//654 742//200 741//633
f 743//634 764//654 741//633
f 744//635 766//655 743//634
f 768//657 744//635 745//636
f 769//658 745//636 746//637
f 747//638 769//658 746//637
f 748//639 770//659 747//638
f 772//661 748//639 749//640
f 773//662 749//640 750//641
f 774//663 750//641 751//642
f 3175//812 774//663 751//642
f 776//665 752//643 753//643
f 777//666 4681//2 754//644
f 778//667 754//644 755//645
f 779//668 755//645 756//646
f 757//647 779//668 756//646
f 781//670 757//647 758//648
f 782//671 758//648 759//649
f 783//672 759//649 760//650
f 761//651 783//672 760//650
f 785//674 761//651 762//652
f 763//653 785//674 762//652
f 764//654 788//677 765//135
f 766//655 787//676 764//654
f 767//656 789//678 766//655
f 791//680 767//656 768//657
f 792//681 768//657 769//658
f 793//682 769//658 770//659
f 794//683 770//659 771//660
f 795//684 771//660 772//661
f 773//662 795//684 772//661
f 797//686 773//662 774//663
f 775//664 797//686 774//663
f 799//687 4030//665 776//665
f 777//666 4522//2 4702//2
f 778//667 800//688 777//666
f 802//690 778//667 779//668
f 780//669 802//690 779//668
f 804//692 780//669 781//670
f 782//671 804//692 781//670
f 806//694 782//671 783//672
f 784//673 806//694 783//672
f 808//696 784//673 785//674
f 786//675 808//696 785//674
f 810//698 788//677 787//676
f 812//699 787//676 789//678
f 790//679 812//699 789//678
f 814//701 790//679 791//680
f 792//681 814//701 791//680
f 816//703 792//681 793//682
f 817//704 793//682 794//683
f 795//684 817//704 794//683
f 796//685 818//705 795//684
f 820//707 796//685 797//686
f 821//708 797//686 4505//5
f 4428//1327 798//687 799//687
f 800//688 822//2 4522//2
f 824//710 800//688 801//689
f 825//711 801//689 802//690
f 826//712 802//690 803//691
f 827//713 803//691 804//692
f 805//693 827//713 804//692
f 829//715 805//693 806//694
f 830//716 806//694 807//695
f 808//696 830//716 807//695
f 809//697 831//717 808//696
f 810//698 834//93 811//459
f 835//720 810//698 812//699
f 836//721 812//699 813//700
f 814//701 836//721 813//700
f 838//723 814//701 815//702
f 839//724 815//702 816//703
f 817//704 839//724 816//703
f 841//726 817//704 818//705
f 819//706 841//726 818//705
f 843//728 819//706 820//707
f 821//708 843//728 820//707
f 4429//729 4345//1327 4428//1327
f 846//730 822//2 823//709
f 847//731 823//709 824//710
f 825//711 847//731 824//710
f 849//733 825//711 826//712
f 850//734 826//712 827//713
f 851//735 827//713 828//714
f 852//736 828//714 829//715
f 853//737 829//715 830//716
f 831//717 853//737 830//716
f 832//718 854//738 831//717
f 833//719 856//740 834//93
f 857//741 833//719 835//720
f 836//721 857//741 835//720
f 859//743 836//721 837//722
f 860//744 837//722 838//723
f 839//724 860//744 838//723
f 862//746 839//724 840//725
f 863//747 840//725 841//726
f 842//727 863//747 841//726
f 865//749 842//727 843//728
f 3420//821 865//749 843//728
f 4245//750 844//729 4429//729
f 846//730 867//2 845//2
f 847//731 868//751 846//730
f 848//732 869//752 847//731
f 849//733 870//753 848//732
f 872//755 849//733 850//734
f 873//756 850//734 851//735
f 852//736 873//756 851//735
f 875//758 852//736 853//737
f 854//738 875//758 853//737
f 877//760 854//738 855//739
f 856//740 879//417 834//93
f 857//741 878//761 856//740
f 858//742 880//762 857//741
f 882//764 858//742 859//743
f 860//744 882//764 859//743
f 884//766 860//744 861//745
f 885//767 861//745 862//746
f 863//747 885//767 862//746
f 887//769 863//747 864//748
f 865//749 887//769 864//748
f 3771//820 865//749 3421//7
f 3597//771 866//750 4245//750
f 891//772 867//2 868//751
f 892//773 868//751 869//752
f 870//753 892//773 869//752
f 871//754 893//774 870//753
f 895//776 871//754 872//755
f 896//777 872//755 873//756
f 897//778 873//756 874//757
f 875//758 897//778 874//757
f 876//759 898//779 875//758
f 900//781 876//759 877//760
f 878//761 902//417 879//417
f 903//783 878//761 880//762
f 881//763 903//783 880//762
f 905//785 881//763 882//764
f 883//765 905//785 882//764
f 907//787 883//765 884//766
f 908//788 884//766 885//767
f 886//768 908//788 885//767
f 910//790 886//768 887//769
f 888//770 910//790 887//769
f 3772//819 888//770 3771//820
f 3598//792 889//771 3597//771
f 891//772 913//2 890//2
f 892//773 914//793 891//772
f 893//774 915//794 892//773
f 894//775 916//795 893//774
f 918//797 894//775 895//776
f 919//798 895//776 896//777
f 897//778 919//798 896//777
f 898//779 920//799 897//778
f 922//801 898//779 899//780
f 900//781 922//801 899//780
f 99//27 902//417 901//782
f 103//31 901//782 903//783
f 904//784 103//31 903//783
f 107//35 904//784 905//785
f 109//37 905//785 906//786
f 907//787 109//37 906//786
f 908//788 111//39 907//787
f 115//43 908//788 909//789
f 910//790 115//43 909//789
f 911//791 117//45 910//790
f 4831//9 911//791 3772//819
f 4218//49 912//792 3598//792
f 125//51 913//2 914//793
f 127//53 914//793 915//794
f 916//795 127//53 915//794
f 131//57 916//795 917//796
f 133//59 917//796 918//797
f 135//61 918//797 919//798
f 137//63 919//798 920//799
f 139//65 920//799 921//800
f 141//67 921//800 922//801
f 143//69 922//801 923//802
f 396//306 924//17 419//328
f 373//284 924//17 396//306
f 350//263 925//803 373//284
f 327//242 926//804 350//263
f 717//611 928//601 740//632
f 694//589 928//601 717//611
f 671//567 929//805 694//589
f 648//545 930//25 671//567
f 625//523 931//806 648//545
f 602//501 932//807 625//523
f 579//479 933//23 602//501
f 556//457 934//808 579//479
f 533//436 935//809 556//457
f 510//415 936//21 533//436
f 487//394 937//405 510//415
f 464//371 938//383 487//394
f 442//350 939//19 464//371
f 419//328 940//340 442//350
f 924//17 941//810 419//328
f 925//803 942//17 924//17
f 926//804 943//803 925//803
f 927//15 944//804 926//804
f 809//697 946//5 832//718
f 786//675 946//5 809//697
f 763//653 947//664 786//675
f 740//632 948//812 763//653
f 928//601 949//3 740//632
f 929//805 950//601 928//601
f 930//25 951//805 929//805
f 931//806 952//25 930//25
f 932//807 953//806 931//806
f 933//23 954//807 932//807
f 934//808 955//23 933//23
f 935//809 956//808 934//808
f 936//21 957//809 935//809
f 937//405 958//21 936//21
f 938//383 959//405 937//405
f 939//19 960//383 938//383
f 940//340 961//19 939//19
f 941//810 962//340 940//340
f 942//17 963//810 941//810
f 943//803 964//17 942//17
f 944//804 965//803 943//803
f 945//811 966//804 944//804
f 304//220 968//814 327//242
f 281//198 968//814 304//220
f 258//177 969//815 281//198
f 235//155 970//13 258//177
f 212//133 971//816 235//155
f 190//112 972//123 212//133
f 167//91 973//11 190//112
f 144//70 974//817 167//91
f 143//69 975//818 144//70
f 923//802 976//9 143//69
f 900//781 977//819 923//802
f 877//760 978//820 900//781
f 855//739 979//7 877//760
f 832//718 980//821 855//739
f 946//5 981//708 832//718
f 947//664 982//5 946//5
f 948//812 983//664 947//664
f 949//3 984//812 948//812
f 950//601 985//3 949//3
f 951//805 986//601 950//601
f 952//25 987//805 951//805
f 953//806 988//25 952//25
f 954//807 989//806 953//806
f 955//23 990//807 954//807
f 956//808 991//23 955//23
f 957//809 992//808 956//808
f 958//21 993//809 957//809
f 959//405 994//21 958//21
f 960//383 995//405 959//405
f 961//19 996//383 960//383
f 962//340 997//19 961//19
f 963//810 998//340 962//340
f 964//17 999//810 963//810
f 965//803 1000//17 964//17
f 966//804 1001//803 965//803
f 967//813 1002//804 966//804
f 968//814 927//15 327//242
f 969//815 1004//823 968//814
f 970//13 1005//824 969//815
f 971//816 1006//825 970//13
f 972//123 1007//826 971//816
f 973//11 1008//827 972//123
f 974//817 1009//828 973//11
f 975//818 1010//829 974//817
f 976//9 1011//830 975//818
f 977//819 1012//831 976//9
f 978//820 1013//832 977//819
f 979//7 1014//833 978//820
f 980//821 1015//834 979//7
f 981//708 1016//835 980//821
f 982//5 1017//836 981//708
f 983//664 1018//837 982//5
f 984//812 1019//838 983//664
f 985//3 1020//839 984//812
f 986//601 1021//840 985//3
f 987//805 4480//985 986//601
f 988//25 3693//986 987//805
f 989//806 3694//987 988//25
f 990//807 3808//988 989//806
f 991//23 3876//989 990//807
f 992//808 3877//1109 991//23
f 993//809 3937//1110 992//808
f 994//21 1029//848 993//809
f 995//405 1030//849 994//21
f 996//383 1031//850 995//405
f 997//19 1032//851 996//383
f 998//340 4098//1245 997//19
f 999//810 1034//853 998//340
f 1000//17 4120//1185 999//810
f 1001//803 4175//1186 1000//17
f 1002//804 1037//856 1001//803
f 1003//822 1038//857 1002//804
f 1004//823 945//811 927//15
f 1005//824 1040//859 1004//823
f 1006//825 1041//860 1005//824
f 1007//826 1042//861 1006//825
f 1008//827 1043//862 1007//826
f 1009//828 1044//863 1008//827
f 1010//829 1045//864 1009//828
f 1011//830 1046//865 1010//829
f 1012//831 1047//866 1011//830
f 1013//832 1048//867 1012//831
f 1014//833 1049//868 1013//832
f 1015//834 1050//869 1014//833
f 1016//835 1051//870 1015//834
f 1017//836 1052//871 1016//835
f 1018//837 1053//872 1017//836
f 1019//838 1054//873 1018//837
f 1020//839 1055//874 1019//838
f 1021//840 1056//875 1020//839
f 1022//841 1057//876 1021//840
f 1023//842 1058//877 1022//841
f 1024//843 1059//878 1023//842
f 1025//844 3099//1342 1024//843
f 1026//845 3100//1343 1025//844
f 1027//846 3230//1351 1026//845
f 1028//847 1063//882 1027//846
f 3938//1385 3560//1367 1028//847
f 4202//1401 3048//1336 3938//1385
f 4144//1394 3049//1337 4202//1401
f 4145//1395 3144//1345 4144//1394
f 1033//852 3145//1346 4145//1395
f 4099//1390 3956//1387 1033//852
f 1035//854 3893//1383 4099//1390
f 1036//855 3860//1380 1035//854
f 4176//1400 3829//1379 1036//855
f 4814//1431 3366//1352 4176//1400
f 3440//1356 3367//1353 4814//1431
f 1040//859 967//813 945//811
f 1041//860 1076//895 1040//859
f 1042//861 1077//896 1041//860
f 1043//862 1078//897 1042//861
f 1044//863 1079//898 1043//862
f 1045//864 1080//899 1044//863
f 1046//865 1081//900 1045//864
f 1047//866 1082//901 1046//865
f 1048//867 1083//902 1047//866
f 1049//868 1084//903 1048//867
f 1050//869 1085//904 1049//868
f 1051//870 1086//905 1050//869
f 1052//871 1087//906 1051//870
f 1053//872 1088//907 1052//871
f 1054//873 1089//908 1053//872
f 1055//874 1090//909 1054//873
f 1056//875 1091//910 1055//874
f 1057//876 1092//911 1056//875
f 4748//1428 1093//912 1057//876
f 4767//1430 1094//913 4748//1428
f 1060//879 4128//1393 4767//1430
f 1061//880 4157//1398 1060//879
f 1062//881 1097//916 1061//880
f 4884//1433 1098//917 1062//881
f 1064//883 1099//918 4884//1433
f 1065//884 1100//919 1064//883
f 1066//885 1101//920 1065//884
f 1067//886 1102//921 1066//885
f 1068//887 1103//922 1067//886
f 1069//888 1104//923 1068//887
f 1070//889 1105//924 1069//888
f 1071//890 1106//925 1070//889
f 1072//891 1107//926 1071//890
f 1073//892 3523//1365 1072//891
f 1074//893 3412//1354 1073//892
f 1075//894 3413//1355 1074//893
f 1076//895 1003//822 967//813
f 1077//896 1112//931 1076//895
f 1078//897 1113//932 1077//896
f 1079//898 1114//933 1078//897
f 1080//899 1115//934 1079//898
f 1081//900 1116//935 1080//899
f 1082//901 1117//936 1081//900
f 1083//902 1118//937 1082//901
f 1084//903 1119//938 1083//902
f 1085//904 1120//939 1084//903
f 1086//905 1121//940 1085//904
f 1087//906 1122//941 1086//905
f 1088//907 1123//942 1087//906
f 1089//908 1124//943 1088//907
f 1090//909 1125//944 1089//908
f 1091//910 1126//945 1090//909
f 1092//911 1127//946 1091//910
f 1093//912 1128//947 1092//911
f 4106//1392 1129//948 1093//912
f 1095//914 3148//1347 4106//1392
f 1096//915 3149//1348 1095//914
f 4451//1412 3683//1374 1096//915
f 4248//1403 3792//1378 4451//1412
f 4249//1404 3864//1381 4248//1403
f 4286//1405 3567//1368 4249//1404
f 4746//1426 3568//1369 4286//1405
f 4747//1427 3487//1362 4746//1426
f 4766//1429 3446//1358 4747//1427
f 4729//1425 3447//1359 4766//1429
f 4655//1422 4431//1411 4729//1425
f 4478//1413 4512//1416 4655//1422
f 4479//1414 1142//961 4478//1413
f 1108//927 4559//1420 4479//1414
f 1109//928 1144//963 1108//927
f 1110//929 1145//964 1109//928
f 1111//930 1146//965 1110//929
f 1112//931 1039//858 1003//822
f 1113//932 1148//967 1112//931
f 1114//933 1149//968 1113//932
f 1115//934 1150//969 1114//933
f 1116//935 4087//1098 1115//934
f 1117//936 4088//1099 1116//935
f 1118//937 4026//1178 1117//936
f 1119//938 3999//1207 1118//937
f 1120//939 3898//1179 1119//938
f 1121//940 3899//1180 1120//939
f 1122//941 4039//1181 1121//940
f 1123//942 4076//1182 1122//941
f 1124//943 1159//978 1123//942
f 1125//944 1160//979 1124//943
f 1126//945 1161//980 1125//944
f 1127//946 4183//1208 1126//945
f 1128//947 1163//982 1127//946
f 1129//948 1164//983 1128//947
f 1130//949 1165//984 1129//948
f 1131//950 1166//985 1130//949
f 1132//951 1167//986 1131//950
f 1133//952 1168//987 1132//951
f 1134//953 1169//988 1133//952
f 1135//954 1170//989 1134//953
f 1136//955 3318//1109 1135//954
f 1137//956 3319//1110 1136//955
f 1138//957 3508//848 1137//956
f 1139//958 3545//849 1138//957
f 1140//959 3578//850 1139//958
f 1141//960 3745//851 1140//959
f 4558//1170 3664//1184 1141//960
f 1143//962 3665//853 4558//1170
f 4736//1171 3699//1185 1143//962
f 4691//1206 3218//1186 4736//1171
f 4662//1173 3219//856 4691//1206
f 4395//1174 3255//857 4662//1173
f 3441//1175 3483//1361 3440//1356
f 4299//1176 3032//1111 3441//1175
f 4347//1177 3033//1210 4299//1176
f 1151//970 4797//1112 4347//1177
f 1152//971 1187//1006 1151//970
f 1153//972 1188//1007 1152//971
f 1154//973 1189//1008 1153//972
f 1155//974 3128//1217 1154//973
f 1156//975 3082//1115 1155//974
f 1157//976 3083//1218 1156//975
f 1158//977 3178//1240 1157//976
f 4103//1100 3179//1223 1158//977
f 4244//1101 3544//1247 4103//1100
f 4182//1102 3506//1116 4244//1101
f 1162//981 3507//1117 4182//1102
f 4211//1103 3427//1118 1162//981
f 4574//1104 3397//1188 4211//1103
f 4706//1105 3398//1189 4574//1104
f 4726//1106 3469//1190 4706//1105
f 4472//1107 1202//1021 4726//1106
f 4473//1108 1203//1022 4472//1107
f 4414//1183 4271//1230 4473//1108
f 4415//1209 4272//1231 4414//1183
f 1171//990 4564//1232 4415//1209
f 1172//991 1207//1026 1171//990
f 1173//992 1208//1027 1172//991
f 1174//993 1209//1028 1173//992
f 1175//994 4097//1211 1174//993
f 1176//995 1211//1030 1175//994
f 1177//996 1212//1031 1176//995
f 1178//997 1213//1032 1177//996
f 1179//998 3969//1124 1178//997
f 1180//999 3935//1125 1179//998
f 1181//1000 3936//1126 1180//999
f 1182//1001 4005//1127 1181//1000
f 1183//1002 3847//1194 1182//1001
f 1184//1003 3448//1360 1075//894
f 1185//1004 3775//1195 1184//1003
f 1186//1005 3659//1128 1185//1004
f 4725//1187 1222//1041 1186//1005
f 4700//1113 1223//1042 4725//1187
f 4701//1114 1224//1043 4700//1113
f 1190//1009 1225//1044 4701//1114
f 1191//1010 1226//1045 1190//1009
f 1192//1011 1227//1046 1191//1010
f 1193//1012 1228//1047 1192//1011
f 1194//1013 1229//1048 1193//1012
f 1195//1014 1230//1049 1194//1013
f 1196//1015 1231//1050 1195//1014
f 1197//1016 1232//1051 1196//1015
f 1198//1017 1233//1052 1197//1016
f 1199//1018 3277//1219 1198//1017
f 1200//1019 3278//1141 1199//1018
f 1201//1020 3204//1142 1200//1019
f 3470//1119 3056//1143 1201//1020
f 4304//1120 3057//1144 3470//1119
f 1204//1023 3684//1145 4304//1120
f 1205//1024 3723//1146 1204//1023
f 1206//1025 3793//1197 1205//1024
f 4617//1121 3794//1198 1206//1025
f 4618//1122 4876//1199 4617//1121
f 4669//1123 4847//1200 4618//1122
f 1210//1029 4786//1212 4669//1123
f 4064//1191 1246//1065 1210//1029
f 4034//1192 4810//1213 4064//1191
f 4035//1193 4829//1214 4034//1192
f 1214//1033 4864//1148 4035//1193
f 1215//1034 1250//1069 1214//1033
f 1216//1035 1251//1070 1215//1034
f 1217//1036 1252//1071 1216//1035
f 1218//1037 1253//1072 1217//1036
f 1219//1038 1254//1073 1218//1037
f 1220//1039 1147//966 1111//930
f 1221//1040 3340//1224 1220//1039
f 3660//1129 3341//1242 1221//1040
f 4207//1130 3415//1243 3660//1129
f 4241//1131 3380//1154 4207//1130
f 4309//1132 3381//1155 4241//1131
f 4310//1133 3489//1202 4309//1132
f 4547//1134 3837//1156 4310//1133
f 4500//1135 3528//1203 4547//1134
f 4406//1136 3529//1204 4500//1135
f 4407//1137 1265//1084 4406//1136
f 4443//1138 1266//1085 4407//1137
f 4465//1139 1267//1086 4443//1138
f 4521//1140 1268//1087 4465//1139
f 1234//1053 4115//1236 4521//1140
f 1235//1054 1270//1089 1234//1053
f 1236//1055 1271//1090 1235//1054
f 1237//1056 1272//1091 1236//1055
f 1238//1057 4001//1215 1237//1056
f 1239//1058 3963//1220 1238//1057
f 1240//1059 3928//1221 1239//1058
f 1241//1060 3929//1244 1240//1059
f 1242//1061 4029//1164 1241//1060
f 1243//1062 4329//1165 1242//1061
f 1244//1063 4058//1166 1243//1062
f 1245//1064 4059//1167 1244//1063
f 4787//1147 3727//1168 1245//1064
f 1247//1066 3689//1169 4787//1147
f 1248//1067 3690//1205 1247//1066
f 1249//1068 3770//1227 1248//1067
f 4735//1201 3534//1228 1249//1068
f 4601//1149 1286//1093 4735//1201
f 4602//1150 1287//1094 4601//1149
f 4556//1151 1288//1095 4602//1150
f 4536//1152 1289//1096 4556//1151
f 1255//1074 1290//1097 4536//1152
f 1256//1075 3288//858 4395//1174
f 1257//1076 1292//967 1256//1075
f 1258//1077 1293//968 1257//1076
f 1259//1078 1294//969 1258//1077
f 1260//1079 1295//1098 1259//1078
f 1261//1080 1296//1099 1260//1079
f 1262//1081 3068//1178 1261//1080
f 1263//1082 3069//1207 1262//1081
f 1264//1083 3116//1179 1263//1082
f 3625//1157 3208//1180 1264//1083
f 4199//1158 3209//1181 3625//1157
f 4170//1159 4867//1182 4199//1158
f 4171//1160 4833//1357 4170//1159
f 1269//1088 3900//979 4171//1160
f 4091//1161 3901//980 1269//1088
f 4092//1162 4792//1208 4091//1161
f 4718//1163 4813//982 4092//1162
f 1273//1092 4850//983 4718//1163
f 1274//949 3243//984 1273//1092
f 1275//950 3244//985 1274//949
f 1276//951 3157//986 1275//950
f 1277//952 3158//1237 1276//951
f 1278//953 1313//988 1277//952
f 1279//954 1314//989 1278//953
f 1280//955 1315//1109 1279//954
f 1281//956 1316//1110 1280//955
f 1282//957 1317//848 1281//956
f 1283//958 1318//849 1282//957
f 1284//959 1319//850 1283//958
f 1285//960 4375//851 1284//959
f 3535//1170 3452//1245 1285//960
f 3454//962 3453//853 3535//1170
f 3455//1171 3532//1185 3454//962
f 4361//1206 3533//1186 3455//1171
f 4385//1173 3769//856 4361//1206
f 3652//1174 3687//857 4385//1173
f 3726//1175 3848//1234 1183//1002
f 4475//1176 1328//1111 3726//1175
f 4707//1177 4133//1210 4475//1176
f 4648//970 1330//1112 4707//1177
f 4575//971 1331//1006 4648//970
f 1297//972 4023//1007 4575//971
f 1298//973 4024//1008 1297//972
f 1299//974 3959//1217 1298//973
f 1300//975 1335//1115 1299//974
f 1301//976 3921//1218 1300//975
f 1302//977 3996//1240 1301//976
f 1303//1100 3997//1223 1302//977
f 1304//1101 4053//1247 1303//1100
f 1305//1102 1340//1116 1304//1101
f 1306//981 1341//1117 1305//1102
f 1307//1103 1342//1118 1306//981
f 1308//1104 4164//1188 1307//1103
f 1309//1105 3623//1189 1308//1104
f 1310//1106 3624//1190 1309//1105
f 1311//1107 3722//1021 1310//1106
f 1312//1108 3836//1022 1311//1107
f 4610//1183 3488//1230 1312//1108
f 4611//1209 3378//1231 4610//1183
f 4637//990 3379//1232 4611//1209
f 4490//991 3414//1026 4637//990
f 4491//992 3339//1027 4490//991
f 4433//993 3239//1028 4491//992
f 4398//994 3240//1211 4433//993
f 1320//995 1355//1030 4398//994
f 1321//996 1356//1031 1320//995
f 1322//997 1357//1032 1321//996
f 1323//998 1358//1124 1322//997
f 1324//999 1359//1125 1323//998
f 1325//1000 1360//1126 1324//999
f 1326//1001 1361//1127 1325//1000
f 1327//1002 3241//1194 1326//1001
f 4132//1003 4055//1153 1219//1038
f 1329//1004 4056//1195 4132//1003
f 4231//1005 1365//1128 1329//1004
f 4298//1187 4775//1041 4231//1005
f 1332//1113 4789//1042 4298//1187
f 1333//1114 3866//1043 1332//1113
f 1334//1009 3764//1044 1333//1114
f 3920//1010 3765//1045 1334//1009
f 1336//1011 4866//1046 3920//1010
f 1337//1012 3155//1047 1336//1011
f 1338//1013 3156//1048 1337//1012
f 1339//1014 3062//1049 1338//1013
f 4054//1015 3063//1050 1339//1014
f 4257//1016 3111//1051 4054//1015
f 4193//1017 4486//1052 4257//1016
f 1343//1018 4487//1196 4193//1017
f 1344//1019 1379//1141 1343//1018
f 1345//1020 1380//1142 1344//1019
f 1346//1119 1381//1143 1345//1020
f 1347//1120 1382//1144 1346//1119
f 1348//1023 1383//1145 1347//1120
f 1349//1024 1384//1146 1348//1023
f 1350//1025 4196//1197 1349//1024
f 1351//1121 4169//1198 1350//1025
f 1352//1122 3626//1199 1351//1121
f 1353//1123 3627//1200 1352//1122
f 1354//1029 3724//1212 1353//1123
f 4542//1191 3797//1065 1354//1029
f 4561//1192 3798//1213 4542//1191
f 4608//1193 4031//1214 4561//1192
f 4609//1033 1393//1148 4608//1193
f 4636//1034 1394//1069 4609//1033
f 4666//1035 3903//1070 4636//1034
f 4848//1036 3904//1375 4666//1035
f 1362//1037 4004//1072 4848//1036
f 1363//1038 4060//1073 1362//1037
f 1364//1039 1291//966 1255//1074
f 4774//1040 3653//1224 1364//1039
f 1366//1129 4639//1242 4774//1040
f 1367//1130 4614//1243 1366//1129
f 1368//1131 1403//1154 1367//1130
f 1369//1132 1404//1155 1368//1131
f 1370//1133 4239//1202 1369//1132
f 1371//1134 1406//1156 1370//1133
f 1372//1135 3494//1203 1371//1134
f 1373//1136 3495//1204 1372//1135
f 1374//1137 3422//1084 1373//1136
f 1375//1138 3389//1085 1374//1137
f 1376//1139 3390//1086 1375//1138
f 1377//1140 3461//1087 1376//1139
f 1378//1053 3462//1236 1377//1140
f 4373//1054 3493//1089 1378//1053
f 4374//1055 3119//1090 4373//1054
f 4456//1056 3120//1091 4374//1055
f 4511//1057 3311//1215 4456//1056
f 4261//1058 3072//1220 4511//1057
f 4262//1059 3073//1221 4261//1058
f 1385//1060 4653//1226 4262//1059
f 1386//1061 1421//1164 1385//1060
f 1387//1062 1422//1165 1386//1061
f 1388//1063 1423//1166 1387//1062
f 1389//1064 1424//1167 1388//1063
f 1390//1147 1425//1168 1389//1064
f 1391//1066 1426//1169 1390//1147
f 1392//1067 3263//1205 1391//1066
f 3964//1068 3264//1227 1392//1067
f 3932//1201 4825//1228 3964//1068
f 1395//1149 4841//1093 3932//1201
f 1396//1150 3670//1094 1395//1149
f 1397//1151 3671//1095 1396//1150
f 1398//1152 3610//1096 1397//1151
f 4061//1074 3611//1097 1398//1152
f 1400//1075 3688//858 3652//1174
f 1401//1076 3134//967 1400//1075
f 1402//1077 3135//968 1401//1076
f 4138//1078 3191//969 1402//1077
f 4139//1079 3227//1098 4138//1078
f 1405//1080 4413//1099 4139//1079
f 4302//1081 1441//1178 1405//1080
f 1407//1082 4360//1207 4302//1081
f 1408//1083 1443//1179 1407//1082
f 1409//1157 1444//1180 1408//1083
f 1410//1158 1445//1181 1409//1157
f 1411//1159 1446//1182 1410//1158
f 1412//1160 1447//978 1411//1159
f 1413//1088 4127//979 1412//1160
f 1414//1161 4181//980 1413//1088
f 1415//1162 4038//1208 1414//1161
f 1416//1163 4012//982 1415//1162
f 1417//1092 3978//983 1416//1163
f 1418//949 3821//984 1417//1092
f 1419//950 3822//985 1418//949
f 1420//951 3879//986 1419//950
f 4654//952 3880//987 1420//951
f 4676//953 3944//988 4654//952
f 4709//954 1458//989 4676//953
f 4801//955 4240//1109 4709//954
f 4763//956 4206//1110 4801//955
f 4764//957 4069//848 4763//956
f 1427//958 1462//849 4764//957
f 1428//959 1463//850 1427//958
f 1429//960 1464//851 1428//959
f 1430//1170 1465//1184 1429//960
f 1431//962 1466//853 1430//1170
f 1432//1171 1467//1185 1431//962
f 1433//1172 1468//1186 1432//1171
f 1434//1173 1469//856 1433//1172
f 1435//1174 3355//857 1434//1173
f 1436//1175 3242//1234 1327//1002
f 1437//1176 3577//1111 1436//1175
f 1438//1177 3395//1210 1437//1176
f 1439//970 3396//1112 1438//1177
f 1440//971 3778//1006 1439//970
f 4359//972 3698//1007 1440//971
f 1442//973 3606//1008 4359//972
f 4384//974 3030//1217 1442//973
f 4647//975 3031//1115 4384//974
f 4529//976 3081//1218 4647//975
f 4153//977 3176//1240 4529//976
f 4126//1100 3177//1223 4153//977
f 1448//1101 4857//1247 4126//1100
f 1449//1102 1484//1116 1448//1101
f 1450//981 1485//1117 1449//1102
f 1451//1103 1486//1118 1450//981
f 1452//1104 1487//1188 1451//1103
f 1453//1105 1488//1189 1452//1104
f 1454//1106 1489//1190 1453//1105
f 1455//1107 3253//1021 1454//1106
f 1456//1108 3254//1022 1455//1107
f 1457//1183 3172//1230 1456//1108
f 3945//1209 3026//1231 1457//1183
f 1459//990 3027//1232 3945//1209
f 1460//991 3662//1026 1459//990
f 1461//992 3697//1027 1460//991
f 4070//993 3776//1028 1461//992
f 4569//994 3541//1211 4070//993
f 4570//995 3542//1030 4569//994
f 4621//996 3467//1031 4570//995
f 4499//997 3350//1032 4621//996
f 4464//998 3351//1124 4499//997
f 4442//999 4405//1125 4464//998
f 4308//1000 4438//1126 4442//999
f 1470//1001 4496//1127 4308//1000
f 1471//1002 1506//1194 1470//1001
f 1472//1003 1399//1153 1363//1038
f 1473//1004 1508//1195 1472//1003
f 1474//1005 4100//1128 1473//1004
f 1475//1187 1510//1041 1474//1005
f 1476//1113 1511//1042 1475//1187
f 1477//1114 1512//1043 1476//1113
f 1478//1009 3970//1261 1477//1114
f 1479//1010 3941//1045 1478//1009
f 1480//1011 3907//1046 1479//1010
f 1481//1012 3908//1047 1480//1011
f 1482//1013 3852//1048 1481//1012
f 1483//1014 3817//1049 1482//1013
f 4821//1015 3818//1050 1483//1014
f 4758//1016 4037//1051 4821//1015
f 4759//1017 1521//1052 4758//1016
f 4796//1018 1522//1196 4759//1017
f 4818//1019 1523//1141 4796//1018
f 4856//1020 1524//1142 4818//1019
f 1490//1119 1525//1143 4856//1020
f 1491//1120 1526//1144 1490//1119
f 1492//1023 1527//1145 1491//1120
f 1493//1024 1528//1146 1492//1023
f 1494//1025 1529//1197 1493//1024
f 1495//1121 1530//1198 1494//1025
f 1496//1122 1531//1199 1495//1121
f 1497//1123 1532//1200 1496//1122
f 1498//1029 3289//1212 1497//1123
f 1499//1191 3258//1065 1498//1029
f 1500//1192 3259//1213 1499//1191
f 1501//1193 3511//1214 1500//1192
f 1502//1033 3607//1148 1501//1193
f 1503//1034 3668//1069 1502//1033
f 1504//1035 3669//1070 1503//1034
f 1505//1036 3748//1375 1504//1035
f 4497//1037 3749//1072 1505//1036
f 1507//1038 4858//1073 4497//1037
f 4673//1039 3636//966 4061//1074
f 1509//1040 3320//1224 4673//1039
f 4065//1129 3321//1242 1509//1040
f 4066//1130 4779//1243 4065//1129
f 4277//1131 4798//1154 4066//1130
f 1513//1132 4837//1155 4277//1131
f 1514//1133 1549//1202 1513//1132
f 1515//1134 1550//1156 1514//1133
f 1516//1135 1551//1203 1515//1134
f 1517//1136 1552//1204 1516//1135
f 1518//1137 3034//1084 1517//1136
f 1519//1138 3035//1085 1518//1137
f 1520//1139 3084//1086 1519//1138
f 4121//1140 3182//1087 1520//1139
f 4180//1053 3183//1236 4121//1140
f 4147//1054 3510//1089 4180//1053
f 4148//1055 3429//1090 4147//1054
f 4242//1056 3430//1091 4148//1055
f 4525//1057 3357//1215 4242//1056
f 4526//1058 3358//1220 4525//1057
f 4703//1059 3401//1221 4526//1058
f 4444//1060 3471//1226 4703//1059
f 4411//1061 1565//1164 4444//1060
f 4382//1062 1566//1165 4411//1061
f 4383//1063 4208//1166 4382//1062
f 1533//1064 4209//1167 4383//1063
f 1534//1147 1569//1168 1533//1064
f 1535//1066 1570//1169 1534//1147
f 1536//1067 1571//1205 1535//1066
f 1537//1068 4010//1227 1536//1067
f 1538//1201 4011//1228 1537//1068
f 1539//1149 3947//1093 1538//1201
f 1540//1150 1575//1094 1539//1149
f 1541//1151 3912//1095 1540//1150
f 1542//1152 3973//1096 1541//1151
f 1543//1074 3974//1097 1542//1152
f 1544//1075 3356//858 1435//1174
f 1545//1076 3739//967 1544//1075
f 1546//1077 3740//968 1545//1076
f 1547//1078 3661//969 1546//1077
f 1548//1079 3633//1098 1547//1078
f 4689//1080 1584//1099 1548//1079
f 4690//1081 3605//1178 4689//1080
f 4633//1082 1586//1207 4690//1081
f 4634//1083 1587//1179 4633//1082
f 1553//1157 1588//1180 4634//1083
f 1554//1158 1589//1181 1553//1157
f 1555//1159 1590//1182 1554//1158
f 1556//1160 1591//978 1555//1159
f 1557//1088 1592//979 1556//1160
f 1558//1161 1593//980 1557//1088
f 1559//1162 1594//1208 1558//1161
f 1560//1163 1595//982 1559//1162
f 1561//1092 3170//983 1560//1163
f 1562//949 3171//984 1561//1092
f 1563//950 3078//985 1562//949
f 1564//951 3024//986 1563//950
f 3472//952 3025//1237 1564//951
f 4279//953 3695//988 3472//952
f 1567//954 3696//989 4279//953
f 1568//955 3811//1109 1567//954
f 4573//956 3850//1110 1568//955
f 4592//957 4777//848 4573//956
f 4626//958 4778//849 4592//957
f 1572//959 4795//850 4626//958
f 1573//960 3313//851 1572//959
f 1574//1170 3215//1245 1573//960
f 3911//962 3216//853 1574//1170
f 1576//1171 4871//1185 3911//962
f 1577//1206 1612//1186 1576//1171
f 1578//1173 1613//856 1577//1206
f 1579//1174 1614//857 1578//1173
f 1580//1175 3370//1234 1471//1002
f 1581//1176 3371//1111 1580//1175
f 1582//1177 1617//1210 1581//1176
f 1583//970 3345//1112 1582//1177
f 3604//971 3346//1006 1583//970
f 1585//972 3388//1007 3604//971
f 4204//973 3459//1008 1585//972
f 4275//974 3460//1217 4204//973
f 4276//975 3492//1115 4275//974
f 4461//976 3538//1218 4276//975
f 4404//977 3871//1240 4461//976
f 4380//1100 3631//1223 4404//977
f 4381//1101 3632//1247 4380//1100
f 4436//1102 1628//1116 4381//1101
f 4437//981 4237//1117 4436//1102
f 4495//1103 1630//1118 4437//981
f 1596//1104 1631//1188 4495//1103
f 1597//1105 4201//1189 1596//1104
f 1598//1106 1633//1190 1597//1105
f 1599//1107 1634//1021 1598//1106
f 1600//1108 4002//1022 1599//1107
f 1601//1183 4003//1230 1600//1108
f 1602//1209 4093//1231 1601//1183
f 1603//990 4136//1232 1602//1209
f 1604//991 1639//1026 1603//990
f 1605//992 1640//1027 1604//991
f 1606//993 4301//1028 1605//992
f 1607//994 1642//1211 1606//993
f 1608//995 3737//1030 1607//994
f 1609//996 3738//1031 1608//995
f 1610//997 3849//1032 1609//996
f 1611//998 3906//1124 1610//997
f 4741//999 3602//1125 1611//998
f 4671//1000 3603//1126 4741//999
f 4672//1001 1649//1127 4671//1000
f 4007//1002 1650//1194 4672//1001
f 1616//1003 3513//1153 1507//1038
f 4565//1004 1652//1195 1616//1003
f 1618//1005 1653//1128 4565//1004
f 1619//1187 1654//1041 1618//1005
f 1620//1113 1655//1042 1619//1187
f 1621//1114 1656//1043 1620//1113
f 1622//1009 1657//1044 1621//1114
f 1623//1010 1658//1045 1622//1009
f 1624//1011 3168//1046 1623//1010
f 1625//1012 3169//1047 1624//1011
f 1626//1013 3287//1048 1625//1012
f 1627//1014 3348//1049 1626//1013
f 3656//1015 3349//1050 1627//1014
f 1629//1016 3124//1051 3656//1015
f 4238//1017 3125//1052 1629//1016
f 4269//1018 4855//1196 4238//1017
f 1632//1019 3939//1141 4269//1018
f 4116//1020 3940//1142 1632//1019
f 4117//1119 4879//1143 4116//1020
f 1635//1120 3022//1144 4117//1119
f 1636//1023 3023//1145 1635//1120
f 1637//1024 3252//1146 1636//1023
f 1638//1025 3166//1197 1637//1024
f 4137//1121 3167//1198 1638//1025
f 4350//1122 3214//1199 4137//1121
f 1641//1123 4625//1200 4350//1122
f 4268//1029 1677//1212 1641//1123
f 1643//1191 4757//1065 4268//1029
f 1644//1192 1679//1213 1643//1191
f 1645//1193 1680//1214 1644//1192
f 1646//1033 1681//1148 1645//1193
f 1647//1034 1682//1069 1646//1033
f 1648//1035 4410//1070 1647//1034
f 3540//1036 3556//1239 1648//1035
f 3500//1037 3557//1072 3540//1036
f 1651//1038 3589//1073 3500//1037
f 3514//1039 4072//966 1543//1074
f 4545//1040 3953//1224 3514//1039
f 4588//1129 3715//1242 4545//1040
f 4589//1130 3716//1243 4588//1129
f 4756//1131 1691//1154 4589//1130
f 4724//1132 1692//1155 4756//1131
f 4698//1133 1693//1202 4724//1132
f 1659//1134 1694//1156 4698//1133
f 1660//1135 4041//1203 1659//1134
f 1661//1136 4042//1204 1660//1135
f 1662//1137 3984//1084 1661//1136
f 1663//1138 3985//1085 1662//1137
f 1664//1139 4015//1086 1663//1138
f 1665//1140 4727//1087 1664//1139
f 1666//1053 4154//1236 1665//1140
f 1667//1054 1702//1089 1666//1053
f 1668//1055 1703//1090 1667//1054
f 1669//1056 1704//1091 1668//1055
f 1670//1057 1705//1215 1669//1056
f 1671//1058 3608//1220 1670//1057
f 1672//1059 3579//1221 1671//1058
f 1673//1060 3546//1226 1672//1059
f 1674//1061 3547//1164 1673//1060
f 1675//1062 3475//1165 1674//1061
f 1676//1063 3431//1166 1675//1062
f 4744//1064 3432//1167 1676//1063
f 1678//1147 3512//1168 4744//1064
f 4523//1066 3323//1169 1678//1147
f 4524//1067 3292//1205 4523//1066
f 4466//1068 3260//1227 4524//1067
f 4467//1201 3261//1228 4466//1068
f 1683//1149 1718//1093 4467//1201
f 1684//1150 1719//1094 1683//1149
f 1685//1151 1720//1095 1684//1150
f 1686//1152 1721//1096 1685//1151
f 1687//1074 1722//1097 1686//1152
f 1688//1075 1615//858 1579//1174
f 1689//1076 4008//967 1688//1075
f 1690//1077 3359//968 1689//1076
f 3760//1078 3360//969 1690//1077
f 4156//1079 4822//1098 3760//1078
f 4318//1080 3086//1099 4156//1079
f 4341//1081 3087//1178 4318//1080
f 1695//1082 3881//1207 4341//1081
f 1696//1083 3882//1179 1695//1082
f 1697//1157 3819//1180 1696//1083
f 1698//1158 3701//1181 1697//1157
f 1699//1159 3186//1182 1698//1158
f 1700//1160 3187//978 1699//1159
f 1701//1088 3224//979 1700//1160
f 4155//1161 3290//980 1701//1088
f 4213//1162 3291//1208 4155//1161
f 4214//1163 4566//982 4213//1162
f 4285//1092 4520//983 4214//1163
f 1706//949 4440//984 4285//1092
f 1707//950 1742//985 1706//949
f 1708//951 1743//986 1707//950
f 1709//952 1744//987 1708//951
f 1710//953 1745//988 1709//952
f 1711//954 1746//989 1710//953
f 1712//1216 1747//1109 1711//954
f 1713//956 4307//1110 1712//1216
f 1714//957 4205//848 1713//956
f 1715//958 3733//849 1714//957
f 1716//959 3734//850 1715//958
f 1717//960 3774//851 1716//959
f 4593//1170 3844//1184 1717//960
f 4645//962 1754//853 4593//1170
f 4646//1171 4118//1185 4645//962
f 4704//1206 1756//1186 4646//1171
f 4705//1173 1757//856 4704//1206
f 4323//1174 3966//857 4705//1173
f 1724//1175 3501//1234 4007//1002
f 1725//1176 3754//1111 1724//1175
f 1726//1177 4094//1210 1725//1176
f 1727//970 1762//1112 1726//1177
f 1728//971 1763//1006 1727//970
f 1729//972 1764//1007 1728//971
f 1730//973 1765//1008 1729//972
f 1731//974 1766//1217 1730//973
f 1732//975 1767//1115 1731//974
f 1733//976 1768//1218 1732//975
f 1734//977 3503//1240 1733//976
f 1735//1100 3468//1223 1734//977
f 1736//1101 3425//1247 1735//1100
f 1737//1102 3426//1116 1736//1101
f 1738//981 3543//1117 1737//1102
f 1739//1103 3878//1118 1738//981
f 1740//1104 3575//1188 1739//1103
f 1741//1105 3576//1189 1740//1104
f 4441//1106 3217//1190 1741//1105
f 4463//1107 3173//1021 4441//1106
f 4498//1108 3126//1022 4463//1107
f 4546//1183 3127//1230 4498//1108
f 4353//1209 3028//1231 4546//1183
f 4354//990 3029//1232 4353//1209
f 1748//991 4742//1026 4354//990
f 1749//992 1784//1027 1748//991
f 1750//993 1785//1028 1749//992
f 1751//994 1786//1211 1750//993
f 1752//995 1787//1030 1751//994
f 1753//996 1788//1031 1752//995
f 3845//997 3352//1032 1753//996
f 1755//998 3314//1124 3845//997
f 4062//999 3315//1125 1755//998
f 3965//1000 3079//1126 4062//999
f 1758//1001 3080//1127 3965//1000
f 1759//1002 3741//1194 1758//1001
f 1760//1003 3615//1153 1651//1038
f 1761//1004 3812//1195 1760//1003
f 4095//1005 3573//1128 1761//1004
f 4640//1187 3574//1041 4095//1005
f 4641//1113 3502//1042 4640//1187
f 4587//1114 3393//1043 4641//1113
f 4563//1009 3394//1044 4587//1114
f 4330//1010 4427//1045 4563//1009
f 4331//1011 4454//1046 4330//1010
f 1769//1012 4509//1047 4331//1011
f 1770//1013 1805//1048 1769//1012
f 1771//1014 1806//1049 1770//1013
f 1772//1015 1807//1050 1771//1014
f 1773//1016 1808//1051 1772//1015
f 1774//1017 1809//1052 1773//1016
f 1775//1018 1810//1219 1774//1017
f 1776//1019 1811//1141 1775//1018
f 1777//1020 1812//1142 1776//1019
f 1778//1119 4083//1143 1777//1020
f 1779//1120 4084//1144 1778//1119
f 1780//1023 4020//1145 1779//1120
f 1781//1024 3942//1146 1780//1023
f 1782//1025 3943//1197 1781//1024
f 1783//1121 1818//1198 1782//1025
f 4743//1122 4006//1199 1783//1121
f 4794//1123 4067//1200 4743//1122
f 4836//1029 1821//1212 4794//1123
f 4819//1191 4334//1065 4836//1029
f 4820//1192 4278//1213 4819//1191
f 1789//1193 4178//1214 4820//1192
f 1790//1033 1825//1148 1789//1193
f 1791//1034 1826//1069 1790//1033
f 1792//1035 1827//1070 1791//1034
f 1793//1036 1828//1071 1792//1035
f 1794//1037 1829//1072 1793//1036
f 1795//1038 1830//1073 1794//1037
f 1796//1039 1723//966 1687//1074
f 1797//1040 3391//1224 1796//1039
f 1798//1129 3392//1242 1797//1040
f 1799//1130 3497//1243 1798//1129
f 1800//1131 3571//1154 1799//1130
f 1801//1132 3572//1155 1800//1131
f 1802//1133 3803//1202 1801//1132
f 1803//1134 3732//1156 1802//1133
f 1804//1135 3692//1203 1803//1134
f 4510//1136 3074//1204 1804//1135
f 4733//1137 3075//1084 4510//1136
f 4680//1138 3211//1085 4733//1137
f 4599//1139 3285//1086 4680//1138
f 4191//1140 3286//1087 4599//1139
f 4192//1053 4869//1236 4191//1140
f 4229//1054 4835//1089 4192//1053
f 4295//1055 4816//1090 4229//1054
f 1813//1056 4790//1091 4295//1055
f 1814//1057 1849//1215 1813//1056
f 1815//1058 1850//1220 1814//1057
f 1816//1059 1851//1221 1815//1058
f 1817//1060 3249//1226 1816//1059
f 3971//1061 3250//1164 1817//1060
f 1819//1062 3163//1165 3971//1061
f 1820//1063 3121//1166 1819//1062
f 4068//1064 3122//1167 1820//1063
f 1822//1147 3657//1168 4068//1064
f 1823//1066 3773//1169 1822//1147
f 1824//1067 3872//1205 1823//1066
f 4179//1068 3539//1227 1824//1067
f 4643//1201 3423//1228 4179//1068
f 4674//1149 3424//1093 4643//1201
f 4518//1150 3463//1094 4674//1149
f 4519//1151 3496//1095 4518//1150
f 4462//1152 1865//1096 4519//1151
f 1831//1074 4370//1097 4462//1152
f 1832//1075 3743//858 4323//1174
f 1833//1076 3744//967 1832//1075
f 1834//1077 1869//968 1833//1076
f 1835//1078 1870//1222 1834//1077
f 1836//1079 1871//1098 1835//1078
f 1837//1080 1872//1099 1836//1079
f 1838//1081 1873//1178 1837//1080
f 1839//1082 1874//1207 1838//1081
f 1840//1083 1875//1179 1839//1082
f 1841//1157 1876//1180 1840//1083
f 1842//1158 1877//1181 1841//1157
f 1843//1159 4022//1182 1842//1158
f 1844//1160 4051//1357 1843//1159
f 1845//1088 3995//979 1844//1160
f 1846//1161 3894//980 1845//1088
f 1847//1162 1882//1208 1846//1161
f 1848//1163 4158//982 1847//1162
f 4791//1092 1884//983 1848//1163
f 4852//949 1885//984 4791//1092
f 4878//950 1886//985 4852//949
f 1852//951 1887//986 4878//950
f 1853//952 1888//987 1852//951
f 1854//953 1889//988 1853//952
f 1855//954 1890//989 1854//953
f 1856//955 1891//1109 1855//954
f 1857//956 1892//1110 1856//955
f 1858//957 1893//848 1857//956
f 1859//958 1894//849 1858//957
f 1860//959 3336//850 1859//958
f 1861//960 3337//851 1860//959
f 1862//1170 3276//1245 1861//960
f 1863//962 3237//853 1862//1170
f 1864//1171 3238//1185 1863//962
f 4369//1206 3762//1186 1864//1171
f 1866//1173 3865//856 4369//1206
f 1867//1174 3918//857 1866//1173
f 1868//1175 3742//1234 1759//1002
f 4682//1176 3150//1111 1868//1175
f 4683//1177 3151//1210 4682//1176
f 4716//970 4863//1112 4683//1177
f 4230//971 4844//1006 4716//970
f 4130//972 4845//1007 4230//971
f 4131//973 3107//1008 4130//972
f 4397//974 3054//1217 4131//973
f 4111//975 3055//1115 4397//974
f 4021//976 4770//1218 4111//975
f 1878//977 4734//1240 4021//976
f 1879//1100 1914//1223 1878//977
f 1880//1101 3201//1247 1879//1100
f 1881//1102 3202//1116 1880//1101
f 3895//981 3305//1117 1881//1102
f 1883//1103 3375//1118 3895//981
f 4186//1104 3376//1188 1883//1103
f 4251//1105 3622//1189 4186//1104
f 4252//1106 3569//1190 4251//1105
f 4288//1107 3524//1021 4252//1106
f 4321//1108 3525//1022 4288//1107
f 4577//1183 3593//1230 4321//1108
f 4578//1209 3594//1231 4577//1183
f 4482//990 3621//1232 4578//1209
f 4483//991 1927//1026 4482//990
f 4552//992 1928//1027 4483//991
f 4596//993 1929//1028 4552//992
f 1895//994 4265//1211 4596//993
f 1896//995 1931//1030 1895//994
f 1897//996 1932//1031 1896//995
f 1898//997 1933//1032 1897//996
f 1899//998 1934//1124 1898//997
f 1900//999 4089//1125 1899//998
f 1901//1000 4090//1126 1900//999
f 1902//1001 4027//1127 1901//1000
f 1903//1002 1938//1194 1902//1001
f 1904//1003 3136//1153 1795//1038
f 1905//1004 3137//1195 1904//1003
f 1906//1005 1941//1128 1905//1004
f 1907//1187 4134//1041 1906//1005
f 1908//1113 3841//1042 1907//1187
f 1909//1114 3842//1043 1908//1113
f 1910//1009 3767//1261 1909//1114
f 1911//1010 1946//1045 1910//1009
f 1912//1011 1947//1046 1911//1010
f 1913//1012 1948//1047 1912//1011
f 4715//1013 1949//1048 1913//1012
f 1915//1014 1950//1049 4715//1013
f 1916//1015 1951//1050 1915//1014
f 1917//1016 1952//1051 1916//1015
f 1918//1017 1953//1052 1917//1016
f 1919//1018 1954//1196 1918//1017
f 1920//1019 1955//1141 1919//1018
f 1921//1020 1956//1142 1920//1019
f 1922//1119 1957//1143 1921//1020
f 1923//1120 3210//1144 1922//1119
f 1924//1023 3161//1145 1923//1120
f 1925//1024 3162//1146 1924//1023
f 1926//1025 3247//1197 1925//1024
f 3651//1121 3248//1198 1926//1025
f 4328//1122 4887//1235 3651//1121
f 4264//1123 4877//1200 4328//1122
f 1930//1029 3930//1212 4264//1123
f 4197//1191 3931//1065 1930//1029
f 4198//1192 4834//1213 4197//1191
f 4752//1193 3117//1214 4198//1192
f 4773//1033 3118//1148 4752//1193
f 1935//1034 3344//1069 4773//1033
f 1936//1035 3310//1070 1935//1034
f 1937//1036 3284//1071 1936//1035
f 4028//1037 3070//1072 1937//1036
f 1939//1038 3071//1073 4028//1037
f 1940//1039 3891//966 1831//1074
f 4114//1040 1976//1224 1940//1039
f 1942//1129 4721//1242 4114//1040
f 1943//1130 1978//1225 1942//1129
f 1944//1131 1979//1154 1943//1130
f 1945//1132 1980//1155 1944//1131
f 3768//1133 3386//1202 1945//1132
f 3685//1134 3387//1156 3768//1133
f 3686//1135 3457//1203 3685//1134
f 4333//1136 3458//1204 3686//1135
f 4352//1137 3536//1084 4333//1136
f 4379//1138 3537//1085 4352//1137
f 4517//1139 3902//1086 4379//1138
f 4459//1140 3843//1087 4517//1139
f 4460//1053 3728//1236 4459//1140
f 4494//1054 1990//1089 4460//1053
f 4740//1055 1991//1090 4494//1054
f 4620//1056 1992//1091 4740//1055
f 1958//1057 1993//1215 4620//1056
f 1959//1058 1994//1220 1958//1057
f 1960//1059 4174//1221 1959//1058
f 1961//1060 1996//1226 1960//1059
f 1962//1061 1997//1164 1961//1060
f 1963//1062 4033//1165 1962//1061
f 1964//1063 4063//1166 1963//1062
f 1965//1064 4096//1167 1964//1063
f 1966//1147 4140//1168 1965//1064
f 1967//1066 2002//1169 1966//1147
f 1968//1067 2003//1205 1967//1066
f 1969//1068 2004//1227 1968//1067
f 1970//1201 2005//1228 1969//1068
f 1971//1149 3806//1093 1970//1201
f 1972//1150 3807//1094 1971//1149
f 1973//1151 3846//1095 1972//1150
f 1974//1152 3905//1096 1973//1151
f 3990//1074 3658//1097 1974//1152
f 3892//1075 3919//858 1867//1174
f 1977//1076 2012//967 3892//1075
f 4586//1077 2013//968 1977//1076
f 4562//1078 3499//969 4586//1077
f 4543//1079 2015//1098 4562//1078
f 1981//1080 2016//1099 4543//1079
f 1982//1081 2017//1178 1981//1080
f 1983//1082 2018//1207 1982//1081
f 1984//1083 2019//1179 1983//1082
f 1985//1157 2020//1180 1984//1083
f 1986//1158 3123//1181 1985//1157
f 1987//1159 3076//1182 1986//1158
f 1988//1160 3077//978 1987//1159
f 1989//1088 3347//979 1988//1160
f 3729//1161 3464//980 1989//1088
f 4303//1162 4870//1208 3729//1161
f 4332//1163 4853//982 4303//1162
f 4378//1092 4854//983 4332//1163
f 4173//949 3967//984 4378//1092
f 1995//950 3933//985 4173//949
f 4119//951 3934//986 1995//950
f 4032//952 3164//1237 4119//951
f 1998//953 3165//988 4032//952
f 1999//954 3251//989 1998//953
f 2000//955 3212//1109 1999//954
f 2001//956 3213//1110 2000//955
f 4141//957 3312//848 2001//956
f 4401//958 4615//849 4141//957
f 4351//959 4616//850 4401//958
f 4270//960 4776//851 4351//959
f 2006//1170 4544//1184 4270//960
f 2007//962 2042//1229 2006//1170
f 2008//1171 2043//1185 2007//962
f 2009//1206 2044//1186 2008//1171
f 2010//1173 4434//856 2009//1206
f 2011//1174 4399//857 2010//1173
f 3601//1175 4057//1234 1903//1002
f 3498//1176 3735//1111 3601//1175
f 2014//1177 3736//1210 3498//1176
f 4514//970 3804//1112 2014//1177
f 4541//971 3805//1006 4514//970
f 4583//972 3873//1007 4541//971
f 4584//973 2053//1008 4583//972
f 4692//974 2054//1217 4584//973
f 4693//975 2055//1115 4692//974
f 2021//976 2056//1218 4693//975
f 2022//977 4017//1240 2021//976
f 2023//1100 2058//1223 2022//977
f 2024//1101 4047//1247 2023//1100
f 2025//1102 4107//1116 2024//1101
f 2026//981 2061//1117 2025//1102
f 2027//1103 4768//1118 2026//981
f 2028//1104 4731//1188 2027//1103
f 2029//1105 2064//1189 2028//1104
f 2030//1106 2065//1190 2029//1105
f 2031//1107 2066//1021 2030//1106
f 2032//1108 2067//1022 2031//1107
f 2033//1183 2068//1230 2032//1108
f 2034//1209 3617//1231 2033//1183
f 2035//990 3618//1232 2034//1209
f 2036//991 3561//1026 2035//990
f 2037//992 3562//1027 2036//991
f 2038//993 3484//1028 2037//992
f 2039//994 3485//1211 2038//993
f 2040//995 3521//1030 2039//994
f 2041//996 3591//1031 2040//995
f 4516//997 3333//1032 2041//996
f 4492//998 3334//1124 4516//997
f 4493//999 3271//1125 4492//998
f 2045//1000 3272//1126 4493//999
f 2046//1001 2081//1127 2045//1000
f 2047//1002 2082//1194 2046//1001
f 2048//1003 1975//1153 1939//1038
f 2049//1004 3991//1195 2048//1003
f 2050//1005 3112//1128 2049//1004
f 2051//1187 3113//1041 2050//1005
f 2052//1113 2087//1042 2051//1187
f 3874//1114 3450//1043 2052//1113
f 4129//1009 3451//1044 3874//1114
f 4080//1010 3064//1045 4129//1009
f 4081//1011 3065//1046 4080//1010
f 2057//1012 3867//1047 4081//1011
f 4018//1013 3868//1048 2057//1012
f 2059//1014 3799//1049 4018//1013
f 2060//1015 3766//1050 2059//1014
f 4108//1016 3725//1051 2060//1015
f 2062//1017 3281//1052 4108//1016
f 2063//1018 3282//1196 2062//1017
f 4219//1019 3342//1141 2063//1018
f 4220//1020 3343//1142 4219//1019
f 4250//1119 4560//1143 4220//1020
f 4287//1120 4513//1144 4250//1119
f 4342//1023 4488//1145 4287//1120
f 2069//1024 4489//1146 4342//1023
f 2070//1025 2105//1197 2069//1024
f 2071//1121 2106//1198 2070//1025
f 2072//1122 2107//1199 2071//1121
f 2073//1123 2108//1200 2072//1122
f 2074//1029 2109//1212 2073//1123
f 2075//1191 2110//1065 2074//1029
f 2076//1192 4263//1213 2075//1191
f 2077//1193 4236//1214 2076//1192
f 2078//1033 3839//1148 2077//1193
f 2079//1034 3840//1069 2078//1033
f 2080//1035 3926//1070 2079//1034
f 4668//1036 3820//1071 2080//1035
f 4695//1037 3704//1072 4668//1036
f 2083//1038 3705//1073 4695//1037
f 2084//1039 3384//966 3990//1074
f 2085//1040 3385//1224 2084//1039
f 2086//1129 4102//1242 2085//1040
f 4849//1130 3884//1243 2086//1129
f 2088//1131 3885//1154 4849//1130
f 2089//1132 2124//1155 2088//1131
f 2090//1133 2125//1202 2089//1132
f 2091//1134 2126//1156 2090//1133
f 2092//1135 2127//1203 2091//1134
f 2093//1136 4412//1204 2092//1135
f 2094//1137 4338//1084 2093//1136
f 2095//1138 2130//1085 2094//1137
f 2096//1139 4125//1086 2095//1138
f 2097//1140 3262//1087 2096//1139
f 2098//1053 3132//1236 2097//1140
f 2099//1054 3133//1089 2098//1053
f 2100//1055 3190//1090 2099//1054
f 2101//1056 3226//1091 2100//1055
f 2102//1057 3583//1215 2101//1056
f 2103//1058 3324//1220 2102//1057
f 2104//1059 3325//1221 2103//1058
f 4539//1060 3361//1226 2104//1059
f 4540//1061 4823//1164 4539//1060
f 4582//1062 4824//1165 4540//1061
f 4348//1063 4840//1166 4582//1062
f 4349//1064 4800//1167 4348//1063
f 4300//1147 4745//1168 4349//1064
f 2111//1066 4567//1169 4300//1147
f 2112//1067 2147//1205 2111//1066
f 2113//1068 2148//1227 2112//1067
f 2114//1201 2149//1228 2113//1068
f 2115//1149 2150//1093 2114//1201
f 2116//1150 2151//1094 2115//1149
f 2117//1151 3090//1095 2116//1150
f 2118//1152 3091//1096 2117//1151
f 2119//1074 2154//1097 2118//1152
f 2120//1075 4400//858 2011//1174
f 2121//1076 3549//967 2120//1075
f 2122//1077 3550//968 2121//1076
f 2123//1078 3609//969 2122//1077
f 3913//1079 3295//1098 2123//1078
f 4447//1080 3296//1099 3913//1079
f 4448//1081 3225//1178 4447//1080
f 4469//1082 3188//1207 4448//1081
f 2128//1083 3189//1179 4469//1082
f 2129//1157 2164//1180 2128//1083
f 4124//1158 2165//1181 2129//1157
f 2131//1159 4357//1182 4124//1158
f 2132//1160 2167//978 2131//1159
f 2133//1088 2168//979 2132//1160
f 2134//1161 2169//980 2133//1088
f 2135//1162 2170//1208 2134//1161
f 2136//1163 3976//982 2135//1162
f 2137//1092 3977//983 2136//1163
f 2138//949 4075//984 2137//1092
f 2139//950 4123//985 2138//949
f 2140//951 3853//986 2139//950
f 2141//952 3854//987 2140//951
f 2142//953 3783//988 2141//952
f 2143//954 3750//989 2142//953
f 2144//955 3646//1109 2143//954
f 2145//956 3647//1110 2144//955
f 2146//957 3828//848 2145//956
f 4568//958 3859//849 2146//957
f 4652//959 3890//850 4568//958
f 4728//960 4044//851 4652//959
f 4761//1170 3986//1245 4728//960
f 4762//962 3987//853 4761//1170
f 2152//1171 2187//1185 4762//962
f 2153//1206 2188//1186 2152//1171
f 4839//1173 2189//856 2153//1206
f 2155//1174 2190//857 4839//1173
f 2156//1175 3644//1234 2047//1002
f 2157//1176 2192//1111 2156//1175
f 2158//1177 2193//1210 2157//1176
f 2159//970 4217//1112 2158//1177
f 2160//971 3046//1006 2159//970
f 2161//972 3047//1007 2160//971
f 2162//973 3267//1008 2161//972
f 2163//974 3299//1217 2162//973
f 4210//975 3330//1115 2163//974
f 4313//976 3520//1218 4210//975
f 2166//977 3437//1240 4313//976
f 4358//1100 3438//1223 2166//977
f 4550//1101 3482//1247 4358//1100
f 4504//1102 4783//1116 4550//1101
f 4468//981 4875//1117 4504//1102
f 2171//1103 4883//1118 4468//981
f 2172//1104 2207//1188 2171//1103
f 2173//1105 2208//1189 2172//1104
f 2174//1106 2209//1190 2173//1105
f 2175//1107 2210//1021 2174//1106
f 2176//1108 2211//1022 2175//1107
f 2177//1183 2212//1230 2176//1108
f 2178//1209 2213//1231 2177//1183
f 2179//990 2214//1232 2178//1209
f 2180//991 2215//1026 2179//990
f 2181//992 3050//1027 2180//991
f 2182//993 3051//1028 2181//992
f 2183//994 3300//1211 2182//993
f 2184//995 3270//1030 2183//994
f 2185//996 3231//1031 2184//995
f 2186//997 3232//1032 2185//996
f 4016//998 3146//1124 2186//997
f 4389//999 3101//1125 4016//998
f 4531//1000 3102//1126 4389//999
f 4551//1001 3195//1127 4531//1000
f 4576//1002 3196//1194 4551//1001
f 3645//1003 3751//1153 2083//1038
f 4216//1004 4045//1195 3645//1003
f 2194//1005 4046//1128 4216//1004
f 2195//1187 2230//1041 2194//1005
f 2196//1113 2231//1042 2195//1187
f 2197//1114 2232//1043 2196//1113
f 2198//1009 2233//1044 2197//1114
f 2199//1010 3861//1045 2198//1009
f 2200//1011 3830//1046 2199//1010
f 2201//1012 3790//1047 2200//1011
f 2202//1013 3791//1048 2201//1012
f 2203//1014 3718//1049 2202//1013
f 2204//1015 3678//1050 2203//1014
f 2205//1016 3679//1051 2204//1015
f 2206//1017 3761//1052 2205//1016
f 4713//1018 3587//1219 2206//1017
f 4714//1019 3588//1141 4713//1018
f 4658//1020 3515//1142 4714//1019
f 4659//1119 3404//1143 4658//1020
f 4553//1120 3405//1144 4659//1119
f 4533//1023 3980//1145 4553//1120
f 4534//1024 4013//1146 4533//1023
f 4769//1025 4077//1197 4534//1024
f 4805//1121 2250//1198 4769//1025
f 2216//1122 2251//1235 4805//1121
f 2217//1123 2252//1200 2216//1122
f 2218//1029 2253//1212 2217//1123
f 2219//1191 2254//1065 2218//1029
f 2220//1192 2255//1213 2219//1191
f 2221//1193 2256//1214 2220//1192
f 2222//1033 2257//1148 2221//1193
f 2223//1034 2258//1069 2222//1033
f 2224//1035 2259//1070 2223//1034
f 2225//1233 4860//1071 2224//1035
f 2226//1037 4802//1072 2225//1233
f 3293//1038 3433//1073 2226//1037
f 2228//1039 3691//966 2119//1074
f 2229//1040 3638//1224 2228//1039
f 4363//1129 3551//1242 2229//1040
f 4421//1130 3552//1243 4363//1129
f 4422//1131 4749//1154 4421//1130
f 4481//1132 4710//1155 4422//1131
f 2234//1133 4628//1202 4481//1132
f 2235//1134 2270//1156 2234//1133
f 2236//1135 2271//1203 2235//1134
f 2237//1136 2272//1204 2236//1135
f 2238//1137 2273//1084 2237//1136
f 2239//1138 2274//1085 2238//1137
f 2240//1139 2275//1086 2239//1138
f 2241//1140 2276//1087 2240//1139
f 2242//1053 2277//1236 2241//1140
f 2243//1054 2278//1089 2242//1053
f 2244//1055 2279//1090 2243//1054
f 2245//1056 3038//1091 2244//1055
f 2246//1057 3039//1215 2245//1056
f 2247//1058 3138//1220 2246//1057
f 2248//1059 3094//1221 2247//1058
f 2249//1060 3095//1226 2248//1059
f 4078//1061 3228//1164 2249//1060
f 4339//1062 3586//1165 4078//1061
f 4284//1063 3265//1166 4339//1062
f 4184//1064 3266//1167 4284//1063
f 4185//1147 3362//1168 4184//1064
f 4212//1066 3979//1169 4185//1147
f 4246//1067 3951//1205 4212//1066
f 4314//1068 3952//1227 4246//1067
f 4315//1201 3886//1228 4314//1068
f 4881//1149 2294//1093 4315//1201
f 2260//1150 2295//1094 4881//1149
f 2261//1151 2296//1095 2260//1150
f 2262//1152 3753//1096 2261//1151
f 2263//1074 3708//1097 2262//1152
f 2264//1075 2191//858 2155//1174
f 2265//1076 3786//967 2264//1075
f 2266//1077 3787//968 2265//1076
f 2267//1078 4104//969 2266//1077
f 2268//1079 3823//1098 2267//1078
f 2269//1080 3824//1099 2268//1079
f 4629//1421 3456//1178 2269//1080
f 4656//1082 3418//1207 4629//1421
f 4677//1083 3419//1179 4656//1082
f 4730//1157 3491//1180 4677//1083
f 4548//1158 3245//1181 4730//1157
f 4408//1159 3246//1182 4548//1158
f 4409//1160 3159//978 4408//1159
f 4355//1088 3160//979 4409//1160
f 4335//1161 2313//980 4355//1088
f 4336//1407 2314//1208 4335//1161
f 2280//1163 2315//982 4336//1407
f 2281//1092 2316//983 2280//1163
f 2282//949 2317//984 2281//1092
f 2283//950 2318//985 2282//949
f 2284//951 2319//986 2283//950
f 2285//952 2320//1237 2284//951
f 2286//953 2321//988 2285//952
f 2287//954 2322//989 2286//953
f 2288//955 2323//1109 2287//954
f 2289//956 2324//1110 2288//955
f 2290//957 2325//848 2289//956
f 2291//958 2326//849 2290//957
f 2292//959 2327//850 2291//958
f 2293//960 3629//851 2292//959
f 3855//1170 3630//1184 2293//960
f 3856//962 4619//853 3855//1170
f 4530//1171 4642//1185 3856//962
f 2297//1206 4696//1186 4530//1171
f 2298//1173 2333//856 2297//1206
f 2299//1174 2334//857 2298//1173
f 2300//1175 2227//1234 4576//1002
f 2301//1176 3294//1111 2300//1175
f 2302//1177 2337//1210 2301//1176
f 2303//970 2338//1112 2302//1177
f 2304//971 2339//1006 2303//970
f 2305//972 2340//1007 2304//971
f 2306//973 2341//1008 2305//972
f 2307//974 2342//1217 2306//973
f 2308//975 2343//1115 2307//974
f 2309//976 4146//1218 2308//975
f 2310//977 3180//1240 2309//976
f 2311//1100 3181//1223 2310//977
f 2312//1101 3256//1247 2311//1100
f 4135//1102 3257//1116 2312//1101
f 4172//981 3509//1117 4135//1102
f 4200//1103 3428//1118 4172//981
f 4266//1104 3399//1188 4200//1103
f 4267//1105 3400//1189 4266//1104
f 4515//1106 3910//1190 4267//1105
f 4458//1107 4009//1021 4515//1106
f 4376//1108 4071//1022 4458//1107
f 4377//1183 3779//1230 4376//1108
f 4793//1209 3780//1231 4377//1183
f 4815//990 3700//1232 4793//1209
f 4851//991 2359//1026 4815//990
f 4722//992 3667//1027 4851//991
f 4723//993 3746//1028 4722//992
f 4670//994 3747//1211 4723//993
f 2328//995 3815//1030 4670//994
f 2329//996 3816//1031 2328//995
f 2330//997 4036//1032 2329//996
f 2331//998 3972//1124 2330//997
f 2332//999 3946//1125 2331//998
f 4697//1000 3328//1126 2332//999
f 4868//1001 3329//1127 4697//1000
f 2335//1002 3435//1194 4868//1001
f 2336//1003 3434//1153 3293//1038
f 4402//1004 3194//1195 2336//1003
f 4403//1005 3042//1128 4402//1004
f 4435//1187 3043//1041 4403//1005
f 4273//1113 3096//1042 4435//1187
f 4274//1114 2376//1043 4273//1113
f 4203//1246 2377//1044 4274//1114
f 4177//1010 4316//1045 4203//1246
f 2344//1011 2379//1046 4177//1010
f 2345//1012 2380//1047 2344//1011
f 2346//1013 2381//1048 2345//1012
f 2347//1014 2382//1049 2346//1013
f 2348//1015 2383//1050 2347//1014
f 2349//1016 2384//1051 2348//1015
f 2350//1017 2385//1052 2349//1016
f 2351//1018 2386//1219 2350//1017
f 2352//1019 2387//1141 2351//1018
f 2353//1020 2388//1142 2352//1019
f 2354//1119 2389//1143 2353//1020
f 2355//1120 2390//1144 2354//1119
f 2356//1023 2391//1145 2355//1120
f 2357//1024 3614//1146 2356//1023
f 2358//1025 3516//1197 2357//1024
f 3666//1121 3517//1198 2358//1025
f 2360//1238 4732//1199 3666//1121
f 2361//1123 2396//1200 2360//1238
f 2362//1029 2397//1212 2361//1123
f 2363//1191 2398//1065 2362//1029
f 2364//1192 2399//1213 2363//1191
f 2365//1193 2400//1214 2364//1192
f 2366//1033 2401//1148 2365//1193
f 2367//1034 2402//1069 2366//1033
f 2368//1035 2403//1070 2367//1034
f 2369//1036 2404//1239 2368//1035
f 2370//1037 2405//1072 2369//1036
f 2371//1038 2406//1073 2370//1037
f 2372//1039 3709//966 2263//1074
f 2373//1040 4122//1224 2372//1039
f 2374//1129 3975//1242 2373//1040
f 2375//1130 3948//1243 2374//1129
f 3143//1131 3364//1154 2375//1130
f 4861//1132 3365//1155 3143//1131
f 2378//1133 3481//1202 4861//1132
f 4317//1134 3553//1156 2378//1133
f 4340//1135 3554//1203 4317//1134
f 4387//1136 3789//1204 4340//1135
f 4388//1137 3714//1084 4387//1136
f 4418//1138 3675//1085 4388//1137
f 4450//1139 3641//1086 4418//1138
f 4711//1140 3642//1087 4450//1139
f 4712//1053 3759//1236 4711//1140
f 4873//1054 3826//1089 4712//1053
f 4678//1055 2423//1090 4873//1054
f 4597//1056 2424//1091 4678//1055
f 4598//1057 4449//1215 4597//1056
f 4630//1058 4417//1220 4598//1057
f 2392//1059 3915//1221 4630//1058
f 2393//1060 3916//1226 2392//1059
f 2394//1061 4014//1164 2393//1060
f 2395//1062 4079//1165 2394//1061
f 4750//1063 3235//1166 2395//1062
f 4781//1064 3236//1167 4750//1063
f 4782//1147 3147//1168 4781//1064
f 4803//1066 3105//1169 4782//1147
f 4356//1067 3106//1205 4803//1066
f 4280//1068 3199//1227 4356//1067
f 4281//1201 3200//1228 4280//1068
f 4149//1149 3234//1093 4281//1201
f 4150//1150 3273//1094 4149//1149
f 4243//1151 4828//1095 4150//1150
f 4311//1152 4784//1096 4243//1151
f 2407//1074 4785//1097 4311//1152
f 2408//1075 3720//858 2299//1174
f 2409//1076 2444//967 2408//1075
f 2410//1077 2445//968 2409//1076
f 2411//1078 2446//1222 2410//1077
f 2412//1079 2447//1098 2411//1078
f 2413//1080 2448//1099 2412//1079
f 2414//1081 2449//1178 2413//1080
f 2415//1082 2450//1207 2414//1081
f 2416//1083 2451//1179 2415//1082
f 2417//1157 2452//1180 2416//1083
f 2418//1158 2453//1181 2417//1157
f 2419//1159 2454//1182 2418//1158
f 2420//1160 3442//1357 2419//1159
f 2421//1088 3443//979 2420//1160
f 2422//1161 3372//980 2421//1088
f 3827//1162 3373//1208 2422//1161
f 4506//1163 3301//982 3827//1162
f 2425//1092 3302//983 4506//1163
f 2426//949 2461//984 2425//1092
f 2427//950 2462//985 2426//949
f 2428//951 2463//986 2427//950
f 2429//952 2464//987 2428//951
f 2430//953 2465//988 2429//952
f 2431//954 4168//989 2430//953
f 2432//955 2467//1109 2431//954
f 2433//956 2468//1110 2432//955
f 2434//957 2469//848 2433//956
f 2435//958 3961//849 2434//957
f 2436//959 3924//850 2435//958
f 2437//960 3925//851 2436//959
f 2438//1170 3998//1184 2437//960
f 2439//962 3838//853 2438//1170
f 2440//1171 3796//1185 2439//962
f 2441//1206 3763//1186 2440//1171
f 2442//1173 3565//856 2441//1206
f 4807//1174 3566//857 2442//1173
f 3721//1175 3555//1234 2335//1002
f 4484//1176 3863//1111 3721//1175
f 4507//1177 3681//1210 4484//1176
f 4532//970 3682//1112 4507//1177
f 4660//971 4019//1006 4532//970
f 4603//972 3994//1007 4660//971
f 4604//973 3834//1008 4603//972
f 4631//974 2486//1217 4604//973
f 4686//975 2487//1115 4631//974
f 4687//976 2488//1218 4686//975
f 4717//977 2489//1240 4687//976
f 2455//1100 2490//1223 4717//977
f 2456//1101 4256//1247 2455//1100
f 2457//1102 4228//1116 2456//1101
f 2458//981 4082//1117 2457//1102
f 2459//1103 3110//1118 2458//981
f 2460//1104 3060//1188 2459//1103
f 4843//1105 3061//1189 2460//1104
f 4862//1106 3153//1190 4843//1105
f 4233//1107 3154//1021 4862//1106
f 4234//1108 3570//1022 4233//1107
f 4167//1183 3490//1230 4234//1108
f 2466//1209 3382//1231 4167//1183
f 4195//990 3383//1232 2466//1209
f 4485//991 4811//1026 4195//990
f 4346//992 4830//1027 4485//991
f 2470//993 4865//1028 4346//992
f 2471//994 2506//1211 2470//993
f 2472//995 2507//1030 2471//994
f 2473//996 2508//1031 2472//995
f 2474//997 2509//1032 2473//996
f 2475//998 2510//1124 2474//997
f 2476//999 2511//1125 2475//998
f 2477//1000 2512//1126 2476//999
f 2478//1001 2513//1127 2477//1000
f 2479//1002 2514//1194 2478//1001
f 2480//1003 4282//1153 2371//1038
f 2481//1004 2516//1195 2480//1003
f 2482//1005 2517//1128 2481//1004
f 2483//1187 3416//1041 2482//1005
f 2484//1113 3417//1042 2483//1187
f 2485//1114 3449//1043 2484//1113
f 3835//1009 3530//1261 2485//1114
f 4367//1010 3279//1045 3835//1009
f 4368//1011 3280//1046 4367//1010
f 4426//1012 3205//1047 4368//1011
f 4294//1013 3058//1048 4426//1012
f 2491//1014 3059//1049 4294//1013
f 2492//1015 2527//1050 2491//1014
f 2493//1016 2528//1051 2492//1015
f 2494//1017 2529//1052 2493//1016
f 2495//1241 2530//1219 2494//1017
f 2496//1019 2531//1141 2495//1241
f 2497//1020 2532//1142 2496//1019
f 2498//1119 3862//1143 2497//1020
f 2499//1120 3831//1144 2498//1119
f 2500//1023 3832//1145 2499//1120
f 2501//1024 4050//1146 2500//1023
f 2502//1025 3719//1197 2501//1024
f 2503//1121 3680//1198 2502//1025
f 2504//1122 3648//1235 2503//1121
f 2505//1123 3649//1200 2504//1122
f 4738//1029 3592//1212 2505//1123
f 4739//1191 3563//1065 4738//1029
f 4694//1192 3564//1213 4739//1191
f 4612//1193 3795//1214 4694//1192
f 4613//1033 3896//1148 4612//1193
f 4638//1034 3960//1069 4613//1033
f 4667//1035 3922//1070 4638//1034
f 4719//1036 3923//1239 4667//1035
f 4720//1037 2549//1072 4719//1036
f 2515//1038 2550//1073 4720//1037
f 4283//1039 2443//966 2407//1074
f 4788//1040 2552//1224 4283//1039
f 2518//1129 2553//1242 4788//1040
f 2519//1130 2554//1243 2518//1129
f 2520//1131 2555//1154 2519//1130
f 2521//1132 2556//1155 2520//1131
f 2522//1133 2557//1202 2521//1132
f 2523//1134 2558//1156 2522//1133
f 2524//1135 3222//1203 2523//1134
f 2525//1136 3223//1204 2524//1135
f 2526//1137 3322//1084 2525//1136
f 4189//1138 3402//1085 2526//1137
f 4225//1139 3403//1086 4189//1138
f 4291//1140 3473//1087 4225//1139
f 4292//1053 3474//1236 4291//1140
f 4393//1054 4708//1089 4292//1053
f 4394//1055 4650//1090 4393//1054
f 2533//1056 4651//1091 4394//1055
f 2534//1057 2569//1215 2533//1056
f 2535//1058 2570//1220 2534//1057
f 2536//1059 2571//1221 2535//1058
f 2537//1060 2572//1244 2536//1059
f 2538//1061 2573//1164 2537//1060
f 2539//1062 2574//1165 2538//1061
f 2540//1063 2575//1166 2539//1062
f 2541//1064 2576//1167 2540//1063
f 2542//1147 2577//1168 2541//1064
f 2543//1066 2578//1169 2542//1147
f 2544//1067 2579//1205 2543//1066
f 2545//1068 2580//1227 2544//1067
f 2546//1201 3220//1228 2545//1068
f 2547//1149 3221//1093 2546//1201
f 2548//1150 3129//1094 2547//1149
f 4025//1151 3130//1095 2548//1150
f 4324//1152 3036//1096 4025//1151
f 4325//1074 3037//1097 4324//1152
f 4580//1075 3650//858 4807//1174
f 4232//1076 3184//967 4580//1075
f 4194//1077 3185//968 4232//1076
f 4165//1078 2590//1222 4194//1077
f 4166//1079 3982//1098 4165//1078
f 4258//1080 3983//1099 4166//1079
f 4872//1081 2593//1178 4258//1080
f 2559//1082 2594//1207 4872//1081
f 2560//1083 2595//1179 2559//1082
f 2561//1157 3757//1180 2560//1083
f 2562//1158 3758//1181 2561//1157
f 2563//1159 3674//1182 2562//1158
f 2564//1160 3639//978 2563//1159
f 2565//1088 3640//979 2564//1160
f 2566//1161 3712//980 2565//1088
f 2567//1162 3713//1208 2566//1161
f 2568//1163 3788//982 2567//1162
f 4594//1092 3479//983 2568//1163
f 4595//949 3480//984 4594//1092
f 4627//950 3407//985 4595//949
f 4675//951 3363//986 4627//950
f 4502//952 3326//987 4675//951
f 4503//953 3327//988 4502//952
f 4445//954 3989//989 4503//953
f 4446//955 4048//1109 4445//954
f 4760//956 2612//1110 4446//955
f 4780//957 2613//848 4760//956
f 4799//958 2614//849 4780//957
f 4838//959 2615//850 4799//958
f 2581//960 2616//851 4838//959
f 2582//1170 2617//1245 2581//960
f 2583//962 2618//853 2582//1170
f 2584//1171 2619//1185 2583//962
f 2585//1206 2620//1186 2584//1171
f 2586//1173 2621//856 2585//1206
f 2587//1174 2622//857 2586//1173
f 2588//1175 3809//1234 2479//1002
f 2589//1176 3810//1111 2588//1175
f 4040//1177 3368//1210 2589//1176
f 2591//970 3369//1112 4040//1177
f 2592//971 3486//1006 2591//970
f 4362//972 3522//1007 2592//971
f 4386//973 4554//1008 4362//972
f 4416//974 4555//1217 4386//973
f 2596//975 4579//1115 4416//974
f 2597//976 2632//1218 2596//975
f 2598//977 2633//1240 2597//976
f 2599//1100 2634//1223 2598//977
f 2600//1101 2635//1247 2599//1100
f 2601//1102 2636//1116 2600//1101
f 2602//981 2637//1117 2601//1102
f 2603//1103 2638//1118 2602//981
f 2604//1104 2639//1188 2603//1103
f 2605//1105 2640//1189 2604//1104
f 2606//1106 2641//1190 2605//1105
f 2607//1107 2642//1021 2606//1106
f 2608//1108 2643//1022 2607//1107
f 2609//1183 3103//1230 2608//1108
f 2610//1209 3104//1231 2609//1183
f 2611//990 2646//1232 2610//1209
f 4049//991 3052//1026 2611//990
f 4255//992 3053//1027 4049//991
f 4188//993 3439//1028 4255//992
f 4159//994 3197//1211 4188//993
f 4160//995 3198//1030 4159//994
f 4223//996 3233//1031 4160//995
f 4224//997 3857//1032 4223//996
f 4289//998 3858//1124 4224//997
f 4290//999 3888//1125 4289//998
f 4806//1000 3825//1126 4290//999
f 4771//1001 2657//1127 4806//1000
f 2623//1002 2658//1194 4771//1001
f 2624//1003 2551//1153 2515//1038
f 2625//1004 3672//1195 2624//1003
f 2626//1005 3673//1128 2625//1004
f 2627//1187 3755//1041 2626//1005
f 2628//1113 3756//1042 2627//1187
f 2629//1114 3981//1043 2628//1113
f 2630//1246 3914//1261 2629//1114
f 2631//1010 3887//1045 2630//1246
f 4600//1011 3297//1046 2631//1010
f 4827//1012 3298//1047 4600//1011
f 4684//1013 3406//1048 4827//1012
f 4685//1014 3478//1049 4684//1013
f 4423//1015 3139//1050 4685//1014
f 4343//1016 3140//1051 4423//1015
f 4344//1017 3040//1052 4343//1016
f 4366//1018 3041//1196 4344//1017
f 4322//1019 2675//1141 4366//1018
f 4221//1020 4110//1142 4322//1019
f 4222//1119 4187//1143 4221//1020
f 4842//1120 2678//1144 4222//1119
f 2644//1023 2679//1145 4842//1120
f 2645//1024 2680//1146 2644//1023
f 4885//1025 2681//1197 2645//1024
f 2647//1121 2682//1198 4885//1025
f 2648//1122 2683//1235 2647//1121
f 2649//1123 2684//1200 2648//1122
f 2650//1029 2685//1212 2649//1123
f 2651//1191 2686//1065 2650//1029
f 2652//1192 2687//1213 2651//1191
f 2653//1193 2688//1214 2652//1192
f 2654//1033 2689//1148 2653//1193
f 2655//1034 2690//1069 2654//1033
f 2656//1035 3526//1070 2655//1034
f 3710//1036 3527//1239 2656//1035
f 3711//1037 4635//1072 3710//1036
f 2659//1038 4663//1073 3711//1037
f 2660//1039 3085//966 4325//1074
f 2661//1040 2696//1224 2660//1039
f 2662//1129 2697//1242 2661//1040
f 2663//1130 2698//1243 2662//1129
f 2664//1131 2699//1154 2663//1130
f 2665//1132 2700//1155 2664//1131
f 2666//1133 2701//1202 2665//1132
f 2667//1134 2702//1156 2666//1133
f 2668//1135 2703//1203 2667//1134
f 2669//1136 2704//1204 2668//1135
f 2670//1137 4112//1084 2669//1136
f 2671//1138 2706//1085 2670//1137
f 2672//1139 4052//1086 2671//1138
f 2673//1140 3108//1087 2672//1139
f 2674//1053 3109//1236 2673//1140
f 4109//1054 3152//1089 2674//1053
f 2676//1055 3203//1090 4109//1054
f 2677//1056 3377//1091 2676//1055
f 4253//1057 3306//1215 2677//1056
f 4254//1058 3307//1220 4253//1057
f 4452//1059 3338//1221 4254//1058
f 4392//1060 3802//1226 4452//1059
f 4364//1061 3962//1164 4392//1060
f 4365//1062 4000//1165 4364//1061
f 4755//1063 3654//1166 4365//1062
f 4809//1064 3655//1167 4755//1063
f 4846//1147 3595//1168 4809//1064
f 4664//1066 3596//1169 4846//1147
f 4665//1067 3628//1205 4664//1066
f 4607//1068 4432//1227 4665//1067
f 4585//1201 3800//1228 4607//1068
f 2691//1149 3801//1093 4585//1201
f 2692//1150 3869//1094 2691//1149
f 2693//1151 3870//1095 2692//1150
f 2694//1152 3927//1096 2693//1151
f 2695//1074 3206//1097 2694//1152
f 4085//1075 4086//858 2587//1174
f 4753//1076 3114//967 4085//1075
f 4754//1077 3115//968 4753//1076
f 4296//1078 3531//969 4754//1077
f 4297//1079 4886//1098 4296//1078
f 4430//1080 3283//1099 4297//1079
f 4455//1081 3066//1178 4430//1080
f 4162//1082 3067//1207 4455//1081
f 4163//1083 4832//1179 4162//1082
f 2705//1157 2740//1180 4163//1083
f 4113//1158 2741//1181 2705//1157
f 2707//1159 2742//1182 4113//1158
f 2708//1160 2743//978 2707//1159
f 2709//1088 2744//979 2708//1160
f 2710//1161 2745//980 2709//1088
f 2711//1162 2746//1208 2710//1161
f 2712//1163 2747//982 2711//1162
f 2713//1092 2748//983 2712//1163
f 2714//949 2749//984 2713//1092
f 2715//950 2750//985 2714//949
f 2716//951 2751//986 2715//950
f 2717//952 2752//1237 2716//951
f 2718//953 2753//988 2717//952
f 2719//954 3444//989 2718//953
f 2720//1216 3445//1109 2719//954
f 2721//956 3374//1110 2720//1216
f 2722//957 3274//848 2721//956
f 2723//958 3275//849 2722//957
f 2724//959 2759//850 2723//958
f 2725//960 2760//851 2724//959
f 2726//1170 2761//1245 2725//960
f 2727//962 2762//853 2726//1170
f 2728//1248 2763//1252 2727//962
f 2729//1249 2764//1253 2728//1248
f 2730//1250 2765//1254 2729//1249
f 2731//1251 2766//1255 2730//1250
f 2732//1175 4474//1234 2623//1002
f 2733//1176 4293//1111 2732//1175
f 2734//1177 4190//1210 2733//1176
f 2735//970 3992//1112 2734//1177
f 2736//971 3993//1006 2735//970
f 2737//972 3917//1007 2736//971
f 2738//973 3833//1008 2737//972
f 2739//974 3303//1217 2738//973
f 4812//975 3304//1115 2739//974
f 4259//976 3335//1218 4812//975
f 4260//977 3410//1240 4259//976
f 4326//1100 3411//1223 4260//977
f 4327//1101 3717//1247 4326//1100
f 4371//1102 3643//1116 4327//1101
f 4372//981 3558//1117 4371//1102
f 4632//1103 3559//1118 4372//981
f 4605//1104 3590//1188 4632//1103
f 4606//1105 3616//1189 4605//1104
f 4557//1106 3676//1190 4606//1105
f 4537//1107 2786//1021 4557//1106
f 4538//1108 2787//1022 4537//1107
f 4581//1183 2788//1230 4538//1108
f 2754//1209 4247//1231 4581//1183
f 2755//990 4215//1232 2754//1209
f 2756//991 3954//1026 2755//990
f 2757//992 3955//1027 2756//991
f 2758//993 4043//1028 2757//992
f 4751//994 4882//1211 2758//993
f 4772//995 4874//1030 4751//994
f 4808//996 3044//1031 4772//995
f 4226//997 3045//1032 4808//996
f 4227//1402 3436//1124 4226//997
f 4161//1399 3097//1340 4227//1402
f 2765//1254 3098//1341 4161//1399
f 2766//1255 3229//1350 2765//1254
f 2767//1256 2802//1258 2766//1255
f 2768//1003 3702//1153 2659//1038
f 2769//1004 3703//1195 2768//1003
f 2770//1005 2805//1128 2769//1004
f 2771//1187 2806//1041 2770//1005
f 2772//1113 2807//1042 2771//1187
f 2773//1114 2808//1043 2772//1113
f 2774//1009 2809//1261 2773//1114
f 2775//1010 2810//1045 2774//1009
f 2776//1011 2811//1046 2775//1010
f 2777//1012 2812//1047 2776//1011
f 2778//1013 2813//1262 2777//1012
f 2779//1014 2814//1263 2778//1013
f 2780//1015 2815//1264 2779//1014
f 2781//1016 2816//1265 2780//1015
f 2782//1017 2817//1266 2781//1016
f 2783//1018 2818//1267 2782//1017
f 2784//1019 2819//1268 2783//1018
f 2785//1020 2820//1269 2784//1019
f 3677//1119 2821//1270 2785//1020
f 4319//1120 2822//1271 3677//1119
f 4320//1023 2823//1272 4319//1120
f 2789//1024 2824//1273 4320//1023
f 2790//1025 2825//1274 2789//1024
f 2791//1121 2826//1275 2790//1025
f 2792//1122 2827//1276 2791//1121
f 2793//1123 2828//1277 2792//1122
f 2794//1029 2829//1278 2793//1123
f 2795//1191 2830//1279 2794//1029
f 2796//1192 2831//1280 2795//1191
f 2797//1193 2832//1281 2796//1192
f 2798//1033 3813//1148 2797//1193
f 2799//1034 3814//1069 2798//1033
f 2800//1035 3851//1070 2799//1034
f 2801//1257 3909//1384 2800//1035
f 2802//1258 3663//1373 2801//1257
f 2803//1259 2838//1287 2802//1258
f 2804//1260 3207//1349 2695//1074
f 4679//1424 3504//1363 2804//1260
f 4657//1423 3505//1364 4679//1424
f 4424//1409 3548//1366 4657//1423
f 4425//1410 3582//1370 4424//1409
f 4508//1415 3634//1371 4425//1410
f 4549//1419 3635//1372 4508//1415
f 4527//1417 3949//1386 4549//1419
f 4528//1418 3883//1382 4527//1417
f 2813//1262 3781//1376 4528//1418
f 2814//1263 2849//1298 2813//1262
f 2815//1264 2850//1299 2814//1263
f 2816//1265 2851//1300 2815//1264
f 2817//1266 2852//1301 2816//1265
f 2818//1267 2853//1302 2817//1266
f 2819//1268 2854//1303 2818//1267
f 2820//1269 4073//1388 2819//1268
f 2821//1270 4074//1389 2820//1269
f 2822//1271 2857//1306 2821//1270
f 2823//1272 3131//1344 2822//1271
f 2824//1273 3088//1338 2823//1272
f 2825//1274 3089//1339 2824//1273
f 2826//1275 2861//1310 2825//1274
f 2827//1276 2862//1311 2826//1275
f 2828//1277 2863//1312 2827//1276
f 2829//1278 2864//1313 2828//1277
f 2830//1279 2865//1314 2829//1278
f 2831//1280 2866//1315 2830//1279
f 2832//1281 2867//1316 2831//1280
f 2833//1282 2868//1317 2832//1281
f 2834//1283 2869//1318 2833//1282
f 2835//1284 2870//1319 2834//1283
f 2836//1285 2871//1320 2835//1284
f 2837//1286 2872//1321 2836//1285
f 2838//1287 2873//274 2837//1286
f 2839//1288 2874//253 2838//1287
f 2840//1289 2767//1256 2731//1251
f 2841//1290 2876//1322 2840//1289
f 2842//1291 2877//1323 2841//1290
f 2843//1292 2878//1324 2842//1291
f 2844//1293 2879//145 2843//1292
f 2845//1294 2880//1325 2844//1293
f 2846//1295 2881//1326 2845//1294
f 2847//1296 2882//81 2846//1295
f 2848//1297 2883//50 2847//1296
f 3782//1377 2884//49 2848//1297
f 4312//1406 2885//792 3782//1377
f 4337//1408 2886//771 4312//1406
f 4151//1396 2887//750 4337//1408
f 4152//1397 2888//729 4151//1396
f 4101//1391 2889//1327 4152//1397
f 2855//1304 2890//687 4101//1391
f 2856//1305 2891//665 2855//1304
f 4859//1432 2892//643 2856//1305
f 2858//1307 2893//622 4859//1432
f 2859//1308 2894//1328 2858//1307
f 2860//1309 2895//578 2859//1308
f 2861//1310 2896//557 2860//1309
f 2862//1311 2897//535 2861//1310
f 2863//1312 2898//513 2862//1311
f 2864//1313 2899//491 2863//1312
f 2865//1314 2900//469 2864//1313
f 2866//1315 2901//447 2865//1314
f 2867//1316 2902//1329 2866//1315
f 2868//1317 2903//1330 2867//1316
f 2869//1318 2904//384 2868//1317
f 2870//1319 2905//361 2869//1318
f 2871//1320 2906//1331 2870//1319
f 2872//1321 2907//318 2871//1320
f 2873//274 3968//296 2872//1321
f 2874//253 2909//274 2873//274
f 2875//232 2910//253 2874//253
f 2876//1322 2803//1259 2767//1256
f 2877//1323 2911//1332 2876//1322
f 2878//1324 2912//1333 2877//1323
f 2879//145 2913//1324 2878//1324
f 2880//1325 2914//145 2879//145
f 2881//1326 2915//1325 2880//1325
f 2882//81 2916//1326 2881//1326
f 2883//50 2917//81 2882//81
f 2884//49 2918//50 2883//50
f 2885//792 2919//49 2884//49
f 2886//771 2920//792 2885//792
f 2887//750 2921//771 2886//771
f 2888//729 2922//750 2887//750
f 2889//1327 2923//729 2888//729
f 2890//687 2924//1327 2889//1327
f 2891//665 2925//687 2890//687
f 2892//643 2926//665 2891//665
f 2893//622 2927//643 2892//643
f 2894//1328 3599//622 2893//622
f 2895//578 4622//1328 2894//1328
f 2896//557 4590//578 2895//578
f 2897//535 4571//557 2896//557
f 2898//513 2932//535 2897//535
f 2899//491 2933//513 2898//513
f 2900//469 2934//491 2899//491
f 2901//447 2935//469 2900//469
f 2902//1329 2936//447 2901//447
f 2903//1330 2937//1329 2902//1329
f 2904//384 2938//1330 2903//1330
f 2905//361 2939//384 2904//384
f 2906//1331 2940//361 2905//361
f 2907//318 2941//1331 2906//1331
f 3968//296 2942//1334 2907//318
f 2911//1332 2839//1288 2803//1259
f 2912//1333 2943//1335 2911//1332
f 2913//1324 2944//188 2912//1333
f 2914//145 2945//1324 2913//1324
f 2915//1325 2946//145 2914//145
f 2916//1326 2947//1325 2915//1325
f 2917//81 2948//1326 2916//1326
f 2918//50 2949//81 2917//81
f 2919//49 2950//50 2918//50
f 2920//792 2951//49 2919//49
f 2921//771 2952//792 2920//792
f 2922//750 2953//771 2921//771
f 2923//729 2954//750 2922//750
f 2924//1327 2955//729 2923//729
f 2925//687 2956//1327 2924//1327
f 2926//665 2957//687 2925//687
f 2927//643 2958//665 2926//665
f 3599//622 3600//643 2927//643
f 2943//1335 2875//232 2839//1288
f 2944//188 3193//210 2943//1335
f 2945//1324 3612//188 2944//188
f 2946//145 2962//1324 2945//1324
f 2947//1325 2963//145 2946//145
f 2948//1326 2964//1325 2947//1325
f 2949//81 2965//1326 2948//1326
f 2950//50 2966//81 2949//81
f 2951//49 2967//50 2950//50
f 2952//792 2968//49 2951//49
f 2953//771 2969//792 2952//792
f 2954//750 2970//771 2953//771
f 2955//729 3268//750 2954//750
f 2956//1327 3269//729 2955//729
f 2957//687 2973//1327 2956//1327
f 2961//2 3613//2 2960//2
f 3613//2 3192//2 2960//2
f 3613//2 3637//2 3192//2
f 3637//2 3777//2 3192//2
f 3637//2 3706//2 3777//2
f 3706//2 3875//2 3777//2
f 3706//2 3707//2 3875//2
f 3707//2 2908//2 3875//2
f 3707//2 3752//2 2908//2
f 3752//2 4817//2 2908//2
f 3752//2 3408//2 4817//2
f 3408//2 4826//2 4817//2
f 3408//2 3409//2 4826//2
f 3409//2 4765//2 4826//2
f 3409//2 3331//2 4765//2
f 3331//2 4391//2 4765//2
f 3331//2 3332//2 4391//2
f 3332//2 4390//2 4391//2
f 3332//2 2971//2 4390//2
f 2971//2 4420//2 4390//2
f 2971//2 2972//2 4420//2
f 2972//2 4477//2 4420//2
f 2972//2 3988//2 4477//2
f 3988//2 4476//2 4477//2
f 3988//2 4470//2 4476//2
f 4470//2 4699//2 4476//2
f 4470//2 4471//2 4699//2
f 4471//2 4644//2 4699//2
f 4471//2 2959//2 4644//2
f 2959//2 4572//2 4644//2
f 2959//2 2928//2 4572//2
f 2928//2 2931//2 4572//2
f 2928//2 2929//2 2931//2
f 2929//2 2930//2 2931//2
f 4//3 6//4 52//4
f 6//4 8//5 53//5
f 8//5 10//6 54//6
f 10//6 12//7 55//7
f 12//7 14//8 56//8
f 14//8 16//9 57//9
f 16//9 18//10 58//10
f 18//10 20//11 59//11
f 20//11 22//12 60//12
f 22//12 24//13 61//13
f 24//13 26//14 62//14
f 26//14 28//15 63//15
f 28//15 30//16 64//16
f 30//16 32//17 65//17
f 32//17 34//18 66//18
f 34//18 36//19 67//19
f 36//19 38//20 68//20
f 38//20 40//21 69//21
f 40//21 42//22 70//22
f 42//22 44//23 71//23
f 44//23 46//24 72//24
f 46//24 48//25 73//25
f 48//25 50//26 74//26
f 50//26 4//3 51//3
f 74//26 51//3 98//3
f 73//25 74//26 97//26
f 72//24 73//25 96//25
f 71//23 72//24 95//24
f 70//22 71//23 94//23
f 69//21 70//22 93//22
f 68//20 69//21 92//21
f 67//19 68//20 91//20
f 66//18 67//19 90//19
f 65//17 66//18 89//18
f 64//16 65//17 88//17
f 63//15 64//16 87//16
f 62//14 63//15 86//15
f 61//13 62//14 85//14
f 60//12 61//13 84//13
f 59//11 60//12 83//12
f 58//10 59//11 82//11
f 57//9 58//10 81//10
f 56//8 57//9 80//9
f 55//7 56//8 79//8
f 54//6 55//7 78//7
f 53//5 54//6 77//6
f 52//4 53//5 76//5
f 51//3 52//4 75//4
f 98//3 75//4 5//4
f 75//4 76//5 7//5
f 76//5 77//6 9//6
f 77//6 78//7 11//7
f 78//7 79//8 13//8
f 79//8 80//9 15//9
f 80//9 81//10 17//10
f 81//10 82//11 19//11
f 82//11 83//12 21//12
f 83//12 84//13 23//13
f 84//13 85//14 25//14
f 85//14 86//15 27//15
f 86//15 87//16 29//16
f 87//16 88//17 31//17
f 88//17 89//18 33//18
f 89//18 90//19 35//19
f 90//19 91//20 37//20
f 91//20 92//21 39//21
f 92//21 93//22 41//22
f 93//22 94//23 43//23
f 94//23 95//24 45//24
f 95//24 96//25 47//25
f 96//25 97//26 49//26
f 97//26 98//3 3//3
f 100//28 101//29 102//30
f 103//31 104//32 100//28
f 106//34 104//32 103//31
f 108//36 106//34 105//33
f 109//37 110//38 108//36
f 112//40 110//38 109//37
f 113//41 114//42 112//40
f 116//44 114//42 113//41
f 118//46 116//44 115//43
f 119//47 120//48 118//46
f 4831//9 3957//818 120//48
f 3465//50 122//50 121//49
f 125//51 126//52 124//2
f 127//53 128//54 126//52
f 130//56 128//54 127//53
f 131//57 132//58 130//56
f 133//59 134//60 132//58
f 135//61 136//62 134//60
f 137//63 138//64 136//62
f 139//65 140//66 138//64
f 142//68 140//66 139//65
f 144//70 142//68 141//67
f 145//71 146//1 101//29
f 147//72 145//71 100//28
f 148//73 147//72 104//32
f 149//74 148//73 106//34
f 110//38 150//75 149//74
f 151//76 150//75 110//38
f 152//77 151//76 112//40
f 153//78 152//77 114//42
f 154//79 153//78 116//44
f 155//80 154//79 118//46
f 3958//817 155//80 120//48
f 3466//81 156//81 122//50
f 158//82 157//2 124//2
f 128//54 159//83 158//82
f 160//84 159//83 128//54
f 161//85 160//84 130//56
f 162//86 161//85 132//58
f 163//87 162//86 134//60
f 138//64 164//88 163//87
f 140//66 165//89 164//88
f 166//90 165//89 140//66
f 144//70 167//91 166//90
f 168//92 169//93 146//1
f 170//94 168//92 145//71
f 148//73 171//95 170//94
f 172//96 171//95 148//73
f 150//75 173//97 172//96
f 174//98 173//97 150//75
f 152//77 175//99 174//98
f 176//100 175//99 152//77
f 177//101 176//100 153//78
f 155//80 178//102 177//101
f 179//11 178//102 155//80
f 3466//81 3308//1326 4880//1326
f 158//82 181//103 180//2
f 182//104 181//103 158//82
f 183//105 182//104 159//83
f 161//85 184//106 183//105
f 162//86 185//107 184//106
f 186//108 185//107 162//86
f 187//109 186//108 163//87
f 165//89 188//110 187//109
f 189//111 188//110 165//89
f 167//91 190//112 189//111
f 170//94 192//114 191//113
f 171//95 193//115 192//114
f 194//116 193//115 171//95
f 195//117 194//116 172//96
f 196//118 195//117 173//97
f 197//119 196//118 174//98
f 176//100 198//120 197//119
f 199//121 198//120 176//100
f 178//102 200//122 199//121
f 179//11 201//123 200//122
f 3309//1325 4737//1325 4880//1326
f 203//124 202//2 180//2
f 182//104 204//125 203//124
f 205//126 204//125 182//104
f 206//127 205//126 183//105
f 185//107 207//128 206//127
f 208//129 207//128 185//107
f 209//130 208//129 186//108
f 210//131 209//130 187//109
f 211//132 210//131 188//110
f 190//112 212//133 211//132
f 191//113 213//134 214//135
f 192//114 215//136 213//134
f 193//115 216//137 215//136
f 194//116 217//138 216//137
f 218//139 217//138 194//116
f 196//118 219//140 218//139
f 220//141 219//140 196//118
f 221//142 220//141 197//119
f 222//143 221//142 198//120
f 223//144 222//143 199//121
f 201//123 4649//816 223//144
f 3309//1325 225//145 224//145
f 226//146 4457//2 202//2
f 204//125 227//147 226//146
f 228//148 227//147 204//125
f 206//127 229//149 228//148
f 230//150 229//149 206//127
f 208//129 231//151 230//150
f 209//130 232//152 231//151
f 233//153 232//152 209//130
f 234//154 233//153 210//131
f 212//133 235//155 234//154
f 236//156 237//157 214//135
f 215//136 238//158 236//156
f 239//159 238//158 215//136
f 217//138 240//160 239//159
f 241//161 240//160 217//138
f 219//140 242//162 241//161
f 243//163 242//162 219//140
f 244//164 243//163 220//141
f 245//165 244//164 221//142
f 246//166 245//165 222//143
f 3353//13 246//166 223//144
f 225//145 3316//167 247//167
f 249//168 248//2 4457//2
f 227//147 250//169 249//168
f 251//170 250//169 227//147
f 252//171 251//170 228//148
f 253//172 252//171 229//149
f 254//173 253//172 230//150
f 232//152 255//174 254//173
f 233//153 256//175 255//174
f 257//176 256//175 233//153
f 235//155 258//177 257//176
f 259//178 260//1 237//157
f 261//179 259//178 236//156
f 262//180 261//179 238//158
f 240//160 263//181 262//180
f 264//182 263//181 240//160
f 265//183 264//182 241//161
f 266//184 265//183 242//162
f 267//185 266//184 243//163
f 268//186 267//185 244//164
f 269//187 268//186 245//165
f 3353//13 3354//815 269//187
f 3317//188 270//188 247//167
f 272//189 271//2 248//2
f 250//169 273//190 272//189
f 251//170 274//191 273//190
f 252//171 275//192 274//191
f 253//172 276//193 275//192
f 277//194 276//193 253//172
f 278//195 277//194 254//173
f 279//196 278//195 255//174
f 257//176 280//197 279//196
f 258//177 281//198 280//197
f 282//199 283//200 260//1
f 284//201 282//199 259//178
f 285//202 284//201 261//179
f 263//181 286//203 285//202
f 287//204 286//203 263//181
f 288//205 287//204 264//182
f 289//206 288//205 265//183
f 290//207 289//206 266//184
f 268//186 291//208 290//207
f 292//209 291//208 268//186
f 3889//814 292//209 269//187
f 4105//210 293//210 270//188
f 272//189 295//211 294//2
f 296//212 295//211 272//189
f 274//191 297//213 296//212
f 298//214 297//213 274//191
f 276//193 299//215 298//214
f 277//194 300//216 299//215
f 301//217 300//216 277//194
f 302//218 301//217 278//195
f 280//197 303//219 302//218
f 281//198 304//220 303//219
f 305//221 306//222 283//200
f 307//223 305//221 282//199
f 308//224 307//223 284//201
f 309//225 308//224 285//202
f 287//204 310//226 309//225
f 288//205 311//227 310//226
f 289//206 312//228 311//227
f 313//229 312//228 289//206
f 291//208 314//230 313//229
f 315//231 314//230 291//208
f 3619//15 315//231 292//209
f 3730//232 316//232 293//210
f 318//233 317//2 294//2
f 319//234 318//233 295//211
f 297//213 320//235 319//234
f 321//236 320//235 297//213
f 322//237 321//236 298//214
f 323//238 322//237 299//215
f 324//239 323//238 300//216
f 325//240 324//239 301//217
f 303//219 326//241 325//240
f 327//242 326//241 303//219
f 328//243 329//93 306//222
f 330//244 328//243 305//221
f 331//245 330//244 307//223
f 309//225 332//246 331//245
f 310//226 333//247 332//246
f 334//248 333//247 310//226
f 335//249 334//248 311//227
f 336//250 335//249 312//228
f 314//230 337//251 336//250
f 338//252 337//251 314//230
f 3620//804 338//252 315//231
f 340//253 339//253 316//232
f 341//254 3731//2 317//2
f 319//234 342//255 341//254
f 343//256 342//255 319//234
f 344//257 343//256 320//235
f 345//258 344//257 321//236
f 346//259 345//258 322//237
f 324//239 347//260 346//259
f 348//261 347//260 324//239
f 349//262 348//261 325//240
f 350//263 349//262 326//241
f 351//264 352//1 329//93
f 353//265 351//264 328//243
f 331//245 354//266 353//265
f 332//246 355//267 354//266
f 356//268 355//267 332//246
f 334//248 357//269 356//268
f 335//249 358//270 357//269
f 359//271 358//270 335//249
f 337//251 360//272 359//271
f 361//273 360//272 337//251
f 3092//803 361//273 338//252
f 340//253 3518//274 362//274
f 341//254 364//275 363//2
f 342//255 365//276 364//275
f 366//277 365//276 342//255
f 367//278 366//277 343//256
f 345//258 368//279 367//278
f 369//280 368//279 345//258
f 347//260 370//281 369//280
f 371//282 370//281 347//260
f 372//283 371//282 348//261
f 373//284 372//283 349//262
f 374//285 375//286 352//1
f 376//287 374//285 351//264
f 354//266 377//288 376//287
f 355//267 378//289 377//288
f 379//290 378//289 355//267
f 357//269 380//291 379//290
f 381//292 380//291 357//269
f 382//293 381//292 358//270
f 383//294 382//293 359//271
f 384//295 383//294 360//272
f 3093//17 384//295 361//273
f 3519//296 385//296 362//274
f 387//297 386//2 363//2
f 388//298 387//297 364//275
f 389//299 388//298 365//276
f 367//278 390//300 389//299
f 391//301 390//300 367//278
f 392//302 391//301 368//279
f 370//281 393//303 392//302
f 394//304 393//303 370//281
f 372//283 395//305 394//304
f 396//306 395//305 372//283
f 374//285 397//307 398//308
f 376//287 399//309 397//307
f 400//310 399//309 376//287
f 401//311 400//310 377//288
f 379//290 402//312 401//311
f 403//313 402//312 379//290
f 404//314 403//313 380//291
f 405//315 404//314 381//292
f 383//294 406//316 405//315
f 384//295 407//317 406//316
f 3093//17 4535//810 407//317
f 409//318 408//318 385//296
f 410//319 4396//2 386//2
f 411//320 410//319 387//297
f 412//321 411//320 388//298
f 390//300 413//322 412//321
f 414//323 413//322 390//300
f 415//324 414//323 391//301
f 393//303 416//325 415//324
f 394//304 417//326 416//325
f 418//327 417//326 394//304
f 419//328 418//327 395//305
f 397//307 420//329 421//330
f 422//331 420//329 397//307
f 423//332 422//331 399//309
f 424//333 423//332 400//310
f 402//312 425//334 424//333
f 426//335 425//334 402//312
f 427//336 426//335 403//313
f 405//315 428//337 427//336
f 406//316 429//338 428//337
f 430//339 429//338 406//316
f 431//340 430//339 407//317
f 409//318 4623//1331 4591//1331
f 433//341 432//2 4396//2
f 434//342 433//341 410//319
f 412//321 435//343 434//342
f 413//322 436//344 435//343
f 437//345 436//344 413//322
f 438//346 437//345 414//323
f 439//347 438//346 415//324
f 440//348 439//347 416//325
f 441//349 440//348 417//326
f 442//350 441//349 418//327
f 444//352 443//351 420//329
f 423//332 445//353 444//352
f 424//333 446//354 445//353
f 447//355 446//354 424//333
f 448//356 447//355 425//334
f 449//357 448//356 426//335
f 428//337 450//358 449//357
f 429//338 451//359 450//358
f 452//360 451//359 429//338
f 453//19 452//360 430//339
f 4623//1331 454//361 4142//361
f 455//362 4624//2 432//2
f 456//363 455//362 433//341
f 435//343 457//364 456//363
f 458//365 457//364 435//343
f 459//366 458//365 436//344
f 460//367 459//366 437//345
f 461//368 460//367 438//346
f 462//369 461//368 439//347
f 441//349 463//370 462//369
f 464//371 463//370 441//349
f 443//351 465//372 466//373
f 467//374 465//372 443//351
f 468//375 467//374 444//352
f 446//354 469//376 468//375
f 470//377 469//376 446//354
f 471//378 470//377 447//355
f 472//379 471//378 448//356
f 473//380 472//379 449//357
f 451//359 474//381 473//380
f 475//382 474//381 451//359
f 476//383 475//382 452//360
f 454//361 477//384 4143//384
f 478//385 4804//2 4624//2
f 456//363 479//386 478//385
f 480//387 479//386 456//363
f 458//365 481//388 480//387
f 482//389 481//388 458//365
f 460//367 483//390 482//389
f 484//391 483//390 460//367
f 485//392 484//391 461//368
f 463//370 486//393 485//392
f 464//371 487//394 486//393
f 488//395 489//373 466//373
f 490//396 488//395 465//372
f 491//397 490//396 467//374
f 492//398 491//397 468//375
f 470//377 493//399 492//398
f 471//378 494//400 493//399
f 495//401 494//400 471//378
f 496//402 495//401 472//379
f 474//381 497//403 496//402
f 498//404 497//403 474//381
f 499//405 498//404 475//382
f 4661//1330 4688//1330 4143//384
f 501//406 500//2 4804//2
f 479//386 502//407 501//406
f 503//408 502//407 479//386
f 504//409 503//408 480//387
f 482//389 505//410 504//409
f 506//411 505//410 482//389
f 507//412 506//411 483//390
f 508//413 507//412 484//391
f 486//393 509//414 508//413
f 510//415 509//414 486//393
f 511//416 512//417 489//373
f 513//418 511//416 488//395
f 514//419 513//418 490//396
f 515//420 514//419 491//397
f 493//399 516//421 515//420
f 494//400 517//422 516//421
f 518//423 517//422 494//400
f 519//424 518//423 495//401
f 520//425 519//424 496//402
f 521//426 520//425 497//403
f 522//21 521//426 498//404
f 4453//1329 4419//1329 4688//1330
f 524//427 523//2 500//2
f 525//428 524//427 501//406
f 526//429 525//428 502//407
f 504//409 527//430 526//429
f 528//431 527//430 504//409
f 529//432 528//431 505//410
f 530//433 529//432 506//411
f 531//434 530//433 507//412
f 532//435 531//434 508//413
f 533//436 532//435 509//414
f 534//437 535//1 512//417
f 536//438 534//437 511//416
f 514//419 537//439 536//438
f 515//420 538//440 537//439
f 539//441 538//440 515//420
f 540//442 539//441 516//421
f 541//443 540//442 517//422
f 519//424 542//444 541//443
f 543//445 542//444 519//424
f 521//426 544//446 543//445
f 3580//809 544//446 521//426
f 3476//447 545//447 4419//1329
f 547//448 546//2 523//2
f 548//449 547//448 524//427
f 549//450 548//449 525//428
f 550//451 549//450 526//429
f 551//452 550//451 527//430
f 552//453 551//452 528//431
f 553//454 552//453 529//432
f 554//455 553//454 530//433
f 555//456 554//455 531//434
f 556//457 555//456 532//435
f 557//458 558//459 535//1
f 559//460 557//458 534//437
f 560//461 559//460 536//438
f 538//440 561//462 560//461
f 562//463 561//462 538//440
f 540//442 563//464 562//463
f 564//465 563//464 540//442
f 565//466 564//465 541//443
f 566//467 565//466 542//444
f 567//468 566//467 543//445
f 3581//808 567//468 544//446
f 3476//447 3477//469 568//469
f 570//470 569//2 546//2
f 571//471 570//470 547//448
f 572//472 571//471 548//449
f 573//473 572//472 549//450
f 574//474 573//473 550//451
f 575//475 574//474 551//452
f 553//454 576//476 575//475
f 577//477 576//476 553//454
f 555//456 578//478 577//477
f 579//479 578//478 555//456
f 580//480 581//481 558//459
f 559//460 582//482 580//480
f 583//483 582//482 559//460
f 561//462 584//484 583//483
f 585//485 584//484 561//462
f 563//464 586//486 585//485
f 587//487 586//486 563//464
f 588//488 587//487 564//465
f 566//467 589//489 588//488
f 590//490 589//489 566//467
f 3784//23 590//490 567//468
f 3477//469 3950//491 591//491
f 593//492 592//2 569//2
f 594//493 593//492 570//470
f 595//494 594//493 571//471
f 573//473 596//495 595//494
f 597//496 596//495 573//473
f 598//497 597//496 574//474
f 599//498 598//497 575//475
f 600//499 599//498 576//476
f 578//478 601//500 600//499
f 602//501 601//500 578//478
f 603//502 604//503 581//481
f 582//482 605//504 603//502
f 606//505 605//504 582//482
f 607//506 606//505 583//483
f 608//507 607//506 584//484
f 609//508 608//507 585//485
f 610//509 609//508 586//486
f 611//510 610//509 587//487
f 589//489 612//511 611//510
f 590//490 613//512 612//511
f 3785//807 613//512 590//490
f 3584//513 614//513 591//491
f 616//514 615//2 592//2
f 617//515 616//514 593//492
f 618//516 617//515 594//493
f 619//517 618//516 595//494
f 620//518 619//517 596//495
f 621//519 620//518 597//496
f 599//498 622//520 621//519
f 600//499 623//521 622//520
f 601//500 624//522 623//521
f 625//523 624//522 601//500
f 626//524 627//525 604//503
f 628//526 626//524 603//502
f 606//505 629//527 628//526
f 630//528 629//527 606//505
f 631//529 630//528 607//506
f 609//508 632//530 631//529
f 610//509 633//531 632//530
f 634//532 633//531 610//509
f 635//533 634//532 611//510
f 613//512 636//534 635//533
f 3897//806 636//534 613//512
f 3584//513 638//535 637//535
f 616//514 639//536 3585//2
f 617//515 640//537 639//536
f 618//516 641//538 640//537
f 619//517 642//539 641//538
f 620//518 643//540 642//539
f 644//541 643//540 620//518
f 622//520 645//542 644//541
f 646//543 645//542 622//520
f 624//522 647//544 646//543
f 648//545 647//544 624//522
f 649//546 650//547 627//525
f 651//548 649//546 626//524
f 652//549 651//548 628//526
f 653//550 652//549 629//527
f 654//551 653//550 630//528
f 632//530 655//552 654//551
f 656//553 655//552 632//530
f 634//532 657//554 656//553
f 658//555 657//554 634//532
f 636//534 659//556 658//555
f 3897//806 3141//25 659//556
f 638//535 4235//557 660//557
f 662//558 661//2 3585//2
f 640//537 663//559 662//558
f 664//560 663//559 640//537
f 665//561 664//560 641//538
f 643//540 666//562 665//561
f 667//563 666//562 643//540
f 668//564 667//563 644//541
f 669//565 668//564 645//542
f 647//544 670//566 669//565
f 671//567 670//566 647//544
f 649//546 672//568 673//547
f 674//569 672//568 649//546
f 675//570 674//569 651//548
f 676//571 675//570 652//549
f 654//551 677//572 676//571
f 678//573 677//572 654//551
f 679//574 678//573 655//552
f 680//575 679//574 656//553
f 681//576 680//575 657//554
f 682//577 681//576 658//555
f 3142//805 682//577 659//556
f 4235//557 684//579 683//578
f 685//580 4305//2 661//2
f 686//581 685//580 662//558
f 687//582 686//581 663//559
f 688//583 687//582 664//560
f 689//584 688//583 665//561
f 667//563 690//585 689//584
f 691//586 690//585 667//563
f 692//587 691//586 668//564
f 693//588 692//587 669//565
f 694//589 693//588 670//566
f 695//590 696//591 673//547
f 697//592 695//590 672//568
f 675//570 698//593 697//592
f 699//594 698//593 675//570
f 677//572 700//595 699//594
f 701//596 700//595 677//572
f 702//597 701//596 678//573
f 680//575 703//598 702//597
f 704//599 703//598 680//575
f 682//577 705//600 704//599
f 706//601 705//600 682//577
f 4306//1328 4439//1328 683//578
f 708//602 707//2 4305//2
f 709//603 708//602 685//580
f 710//604 709//603 686//581
f 711//605 710//604 687//582
f 712//606 711//605 688//583
f 690//585 713//607 712//606
f 714//608 713//607 690//585
f 692//587 715//609 714//608
f 716//610 715//609 692//587
f 717//611 716//610 693//588
f 718//612 719//1 696//591
f 697//592 720//613 718//612
f 721//614 720//613 697//592
f 722//615 721//614 698//593
f 723//616 722//615 699//594
f 724//617 723//616 700//595
f 725//618 724//617 701//596
f 726//619 725//618 702//597
f 727//620 726//619 703//598
f 705//600 728//621 727//620
f 3174//3 728//621 705//600
f 4501//622 729//622 4439//1328
f 731//623 730//2 707//2
f 732//624 731//623 708//602
f 733//625 732//624 709//603
f 711//605 734//626 733//625
f 735//627 734//626 711//605
f 736//628 735//627 712//606
f 737//629 736//628 713//607
f 738//630 737//629 714//608
f 716//610 739//631 738//630
f 740//632 739//631 716//610
f 718//612 741//633 742//200
f 743//634 741//633 718//612
f 744//635 743//634 720//613
f 745//636 744//635 721//614
f 723//616 746//637 745//636
f 747//638 746//637 723//616
f 748//639 747//638 724//617
f 726//619 749//640 748//639
f 750//641 749//640 726//619
f 751//642 750//641 727//620
f 3175//812 751//642 728//621
f 4501//622 753//643 752//643
f 731//623 754//644 4681//2
f 755//645 754//644 731//623
f 756//646 755//645 732//624
f 734//626 757//647 756//646
f 735//627 758//648 757//647
f 759//649 758//648 735//627
f 760//650 759//649 736//628
f 738//630 761//651 760//650
f 762//652 761//651 738//630
f 740//632 763//653 762//652
f 764//654 765//135 742//200
f 743//634 766//655 764//654
f 744//635 767//656 766//655
f 768//657 767//656 744//635
f 769//658 768//657 745//636
f 747//638 770//659 769//658
f 748//639 771//660 770//659
f 772//661 771//660 748//639
f 773//662 772//661 749//640
f 774//663 773//662 750//641
f 3175//812 775//664 774//663
f 776//665 4030//665 752//643
f 777//666 4702//2 4681//2
f 778//667 777//666 754//644
f 779//668 778//667 755//645
f 757//647 780//669 779//668
f 781//670 780//669 757//647
f 782//671 781//670 758//648
f 783//672 782//671 759//649
f 761//651 784//673 783//672
f 785//674 784//673 761//651
f 763//653 786//675 785//674
f 764//654 787//676 788//677
f 766//655 789//678 787//676
f 767//656 790//679 789//678
f 791//680 790//679 767//656
f 792//681 791//680 768//657
f 793//682 792//681 769//658
f 794//683 793//682 770//659
f 795//684 794//683 771//660
f 773//662 796//685 795//684
f 797//686 796//685 773//662
f 775//664 4505//5 797//686
f 799//687 798//687 4030//665
f 777//666 800//688 4522//2
f 778//667 801//689 800//688
f 802//690 801//689 778//667
f 780//669 803//691 802//690
f 804//692 803//691 780//669
f 782//671 805//693 804//692
f 806//694 805//693 782//671
f 784//673 807//695 806//694
f 808//696 807//695 784//673
f 786//675 809//697 808//696
f 810//698 811//459 788//677
f 812//699 810//698 787//676
f 790//679 813//700 812//699
f 814//701 813//700 790//679
f 792//681 815//702 814//701
f 816//703 815//702 792//681
f 817//704 816//703 793//682
f 795//684 818//705 817//704
f 796//685 819//706 818//705
f 820//707 819//706 796//685
f 821//708 820//707 797//686
f 4428//1327 4345//1327 798//687
f 800//688 823//709 822//2
f 824//710 823//709 800//688
f 825//711 824//710 801//689
f 826//712 825//711 802//690
f 827//713 826//712 803//691
f 805//693 828//714 827//713
f 829//715 828//714 805//693
f 830//716 829//715 806//694
f 808//696 831//717 830//716
f 809//697 832//718 831//717
f 810//698 833//719 834//93
f 835//720 833//719 810//698
f 836//721 835//720 812//699
f 814//701 837//722 836//721
f 838//723 837//722 814//701
f 839//724 838//723 815//702
f 817//704 840//725 839//724
f 841//726 840//725 817//704
f 819//706 842//727 841//726
f 843//728 842//727 819//706
f 821//708 3420//821 843//728
f 4429//729 844//729 4345//1327
f 846//730 845//2 822//2
f 847//731 846//730 823//709
f 825//711 848//732 847//731
f 849//733 848//732 825//711
f 850//734 849//733 826//712
f 851//735 850//734 827//713
f 852//736 851//735 828//714
f 853//737 852//736 829//715
f 831//717 854//738 853//737
f 832//718 855//739 854//738
f 857//741 856//740 833//719
f 836//721 858//742 857//741
f 859//743 858//742 836//721
f 860//744 859//743 837//722
f 839//724 861//745 860//744
f 862//746 861//745 839//724
f 863//747 862//746 840//725
f 842//727 864//748 863//747
f 865//749 864//748 842//727
f 3420//821 3421//7 865//749
f 4245//750 866//750 844//729
f 846//730 868//751 867//2
f 847//731 869//752 868//751
f 848//732 870//753 869//752
f 849//733 871//754 870//753
f 872//755 871//754 849//733
f 873//756 872//755 850//734
f 852//736 874//757 873//756
f 875//758 874//757 852//736
f 854//738 876//759 875//758
f 877//760 876//759 854//738
f 856//740 878//761 879//417
f 857//741 880//762 878//761
f 858//742 881//763 880//762
f 882//764 881//763 858//742
f 860//744 883//765 882//764
f 884//766 883//765 860//744
f 885//767 884//766 861//745
f 863//747 886//768 885//767
f 887//769 886//768 863//747
f 865//749 888//770 887//769
f 3771//820 888//770 865//749
f 3597//771 889//771 866//750
f 891//772 890//2 867//2
f 892//773 891//772 868//751
f 870//753 893//774 892//773
f 871//754 894//775 893//774
f 895//776 894//775 871//754
f 896//777 895//776 872//755
f 897//778 896//777 873//756
f 875//758 898//779 897//778
f 876//759 899//780 898//779
f 900//781 899//780 876//759
f 878//761 901//782 902//417
f 903//783 901//782 878//761
f 881//763 904//784 903//783
f 905//785 904//784 881//763
f 883//765 906//786 905//785
f 907//787 906//786 883//765
f 908//788 907//787 884//766
f 886//768 909//789 908//788
f 910//790 909//789 886//768
f 888//770 911//791 910//790
f 3772//819 911//791 888//770
f 3598//792 912//792 889//771
f 891//772 914//793 913//2
f 892//773 915//794 914//793
f 893//774 916//795 915//794
f 894//775 917//796 916//795
f 918//797 917//796 894//775
f 919//798 918//797 895//776
f 897//778 920//799 919//798
f 898//779 921//800 920//799
f 922//801 921//800 898//779
f 900//781 923//802 922//801
f 99//27 102//30 902//417
f 103//31 99//27 901//782
f 904//784 105//33 103//31
f 107//35 105//33 904//784
f 109//37 107//35 905//785
f 907//787 111//39 109//37
f 908//788 113//41 111//39
f 115//43 113//41 908//788
f 910//790 117//45 115//43
f 911//791 119//47 117//45
f 4831//9 119//47 911//791
f 4218//49 121//49 912//792
f 125//51 123//2 913//2
f 127//53 125//51 914//793
f 916//795 129//55 127//53
f 131//57 129//55 916//795
f 133//59 131//57 917//796
f 135//61 133//59 918//797
f 137//63 135//61 919//798
f 139//65 137//63 920//799
f 141//67 139//65 921//800
f 143//69 141//67 922//801
f 373//284 925//803 924//17
f 350//263 926//804 925//803
f 327//242 927//15 926//804
f 694//589 929//805 928//601
f 671//567 930//25 929//805
f 648//545 931//806 930//25
f 625//523 932//807 931//806
f 602//501 933//23 932//807
f 579//479 934//808 933//23
f 556//457 935//809 934//808
f 533//436 936//21 935//809
f 510//415 937//405 936//21
f 487//394 938//383 937//405
f 464//371 939//19 938//383
f 442//350 940//340 939//19
f 419//328 941//810 940//340
f 924//17 942//17 941//810
f 925//803 943//803 942//17
f 926//804 944//804 943//803
f 927//15 945//811 944//804
f 786//675 947//664 946//5
f 763//653 948//812 947//664
f 740//632 949//3 948//812
f 928//601 950//601 949//3
f 929//805 951//805 950//601
f 930//25 952//25 951//805
f 931//806 953//806 952//25
f 932//807 954//807 953//806
f 933//23 955//23 954//807
f 934//808 956//808 955//23
f 935//809 957//809 956//808
f 936//21 958//21 957//809
f 937//405 959//405 958//21
f 938//383 960//383 959//405
f 939//19 961//19 960//383
f 940//340 962//340 961//19
f 941//810 963//810 962//340
f 942//17 964//17 963//810
f 943//803 965//803 964//17
f 944//804 966//804 965//803
f 945//811 967//813 966//804
f 281//198 969//815 968//814
f 258//177 970//13 969//815
f 235//155 971//816 970//13
f 212//133 972//123 971//816
f 190//112 973//11 972//123
f 167//91 974//817 973//11
f 144//70 975//818 974//817
f 143//69 976//9 975//818
f 923//802 977//819 976//9
f 900//781 978//820 977//819
f 877//760 979//7 978//820
f 855//739 980//821 979//7
f 832//718 981//708 980//821
f 946//5 982//5 981//708
f 947//664 983//664 982//5
f 948//812 984//812 983//664
f 949//3 985//3 984//812
f 950//601 986//601 985//3
f 951//805 987//805 986//601
f 952//25 988//25 987//805
f 953//806 989//806 988//25
f 954//807 990//807 989//806
f 955//23 991//23 990//807
f 956//808 992//808 991//23
f 957//809 993//809 992//808
f 958//21 994//21 993//809
f 959//405 995//405 994//21
f 960//383 996//383 995//405
f 961//19 997//19 996//383
f 962//340 998//340 997//19
f 963//810 999//810 998//340
f 964//17 1000//17 999//810
f 965//803 1001//803 1000//17
f 966//804 1002//804 1001//803
f 967//813 1003//822 1002//804
f 968//814 1004//823 927//15
f 969//815 1005//824 1004//823
f 970//13 1006//825 1005//824
f 971//816 1007//826 1006//825
f 972//123 1008//827 1007//826
f 973//11 1009//828 1008//827
f 974//817 1010//829 1009//828
f 975//818 1011//830 1010//829
f 976//9 1012//831 1011//830
f 977//819 1013//832 1012//831
f 978//820 1014//833 1013//832
f 979//7 1015//834 1014//833
f 980//821 1016//835 1015//834
f 981//708 1017//836 1016//835
f 982//5 1018//837 1017//836
f 983//664 1019//838 1018//837
f 984//812 1020//839 1019//838
f 985//3 1021//840 1020//839
f 986//601 4480//985 1021//840
f 987//805 3693//986 4480//985
f 988//25 3694//987 3693//986
f 989//806 3808//988 3694//987
f 990//807 3876//989 3808//988
f 991//23 3877//1109 3876//989
f 992//808 3937//1110 3877//1109
f 993//809 1029//848 3937//1110
f 994//21 1030//849 1029//848
f 995//405 1031//850 1030//849
f 996//383 1032//851 1031//850
f 997//19 4098//1245 1032//851
f 998//340 1034//853 4098//1245
f 999//810 4120//1185 1034//853
f 1000//17 4175//1186 4120//1185
f 1001//803 1037//856 4175//1186
f 1002//804 1038//857 1037//856
f 1003//822 1039//858 1038//857
f 1004//823 1040//859 945//811
f 1005//824 1041//860 1040//859
f 1006//825 1042//861 1041//860
f 1007//826 1043//862 1042//861
f 1008//827 1044//863 1043//862
f 1009//828 1045//864 1044//863
f 1010//829 1046//865 1045//864
f 1011//830 1047//866 1046//865
f 1012//831 1048//867 1047//866
f 1013//832 1049//868 1048//867
f 1014//833 1050//869 1049//868
f 1015//834 1051//870 1050//869
f 1016//835 1052//871 1051//870
f 1017//836 1053//872 1052//871
f 1018//837 1054//873 1053//872
f 1019//838 1055//874 1054//873
f 1020//839 1056//875 1055//874
f 1021//840 1057//876 1056//875
f 1022//841 1058//877 1057//876
f 1023//842 1059//878 1058//877
f 1024//843 3099//1342 1059//878
f 1025//844 3100//1343 3099//1342
f 1026//845 3230//1351 3100//1343
f 1027//846 1063//882 3230//1351
f 1028//847 3560//1367 1063//882
f 3938//1385 3048//1336 3560//1367
f 4202//1401 3049//1337 3048//1336
f 4144//1394 3144//1345 3049//1337
f 4145//1395 3145//1346 3144//1345
f 1033//852 3956//1387 3145//1346
f 4099//1390 3893//1383 3956//1387
f 1035//854 3860//1380 3893//1383
f 1036//855 3829//1379 3860//1380
f 4176//1400 3366//1352 3829//1379
f 4814//1431 3367//1353 3366//1352
f 3440//1356 3483//1361 3367//1353
f 1040//859 1076//895 967//813
f 1041//860 1077//896 1076//895
f 1042//861 1078//897 1077//896
f 1043//862 1079//898 1078//897
f 1044//863 1080//899 1079//898
f 1045//864 1081//900 1080//899
f 1046//865 1082//901 1081//900
f 1047//866 1083//902 1082//901
f 1048//867 1084//903 1083//902
f 1049//868 1085//904 1084//903
f 1050//869 1086//905 1085//904
f 1051//870 1087//906 1086//905
f 1052//871 1088//907 1087//906
f 1053//872 1089//908 1088//907
f 1054//873 1090//909 1089//908
f 1055//874 1091//910 1090//909
f 1056//875 1092//911 1091//910
f 1057//876 1093//912 1092//911
f 4748//1428 1094//913 1093//912
f 4767//1430 4128//1393 1094//913
f 1060//879 4157//1398 4128//1393
f 1061//880 1097//916 4157//1398
f 1062//881 1098//917 1097//916
f 4884//1433 1099//918 1098//917
f 1064//883 1100//919 1099//918
f 1065//884 1101//920 1100//919
f 1066//885 1102//921 1101//920
f 1067//886 1103//922 1102//921
f 1068//887 1104//923 1103//922
f 1069//888 1105//924 1104//923
f 1070//889 1106//925 1105//924
f 1071//890 1107//926 1106//925
f 1072//891 3523//1365 1107//926
f 1073//892 3412//1354 3523//1365
f 1074//893 3413//1355 3412//1354
f 1075//894 3448//1360 3413//1355
f 1076//895 1112//931 1003//822
f 1077//896 1113//932 1112//931
f 1078//897 1114//933 1113//932
f 1079//898 1115//934 1114//933
f 1080//899 1116//935 1115//934
f 1081//900 1117//936 1116//935
f 1082//901 1118//937 1117//936
f 1083//902 1119//938 1118//937
f 1084//903 1120//939 1119//938
f 1085//904 1121//940 1120//939
f 1086//905 1122//941 1121//940
f 1087//906 1123//942 1122//941
f 1088//907 1124//943 1123//942
f 1089//908 1125//944 1124//943
f 1090//909 1126//945 1125//944
f 1091//910 1127//946 1126//945
f 1092//911 1128//947 1127//946
f 1093//912 1129//948 1128//947
f 4106//1392 3148//1347 1129//948
f 1095//914 3149//1348 3148//1347
f 1096//915 3683//1374 3149//1348
f 4451//1412 3792//1378 3683//1374
f 4248//1403 3864//1381 3792//1378
f 4249//1404 3567//1368 3864//1381
f 4286//1405 3568//1369 3567//1368
f 4746//1426 3487//1362 3568//1369
f 4747//1427 3446//1358 3487//1362
f 4766//1429 3447//1359 3446//1358
f 4729//1425 4431//1411 3447//1359
f 4655//1422 4512//1416 4431//1411
f 4478//1413 1142//961 4512//1416
f 4479//1414 4559//1420 1142//961
f 1108//927 1144//963 4559//1420
f 1109//928 1145//964 1144//963
f 1110//929 1146//965 1145//964
f 1111//930 1147//966 1146//965
f 1112//931 1148//967 1039//858
f 1113//932 1149//968 1148//967
f 1114//933 1150//969 1149//968
f 1115//934 4087//1098 1150//969
f 1116//935 4088//1099 4087//1098
f 1117//936 4026//1178 4088//1099
f 1118//937 3999//1207 4026//1178
f 1119//938 3898//1179 3999//1207
f 1120//939 3899//1180 3898//1179
f 1121//940 4039//1181 3899//1180
f 1122//941 4076//1182 4039//1181
f 1123//942 1159//978 4076//1182
f 1124//943 1160//979 1159//978
f 1125//944 1161//980 1160//979
f 1126//945 4183//1208 1161//980
f 1127//946 1163//982 4183//1208
f 1128//947 1164//983 1163//982
f 1129//948 1165//984 1164//983
f 1130//949 1166//985 1165//984
f 1131//950 1167//986 1166//985
f 1132//951 1168//987 1167//986
f 1133//952 1169//988 1168//987
f 1134//953 1170//989 1169//988
f 1135//954 3318//1109 1170//989
f 1136//955 3319//1110 3318//1109
f 1137//956 3508//848 3319//1110
f 1138//957 3545//849 3508//848
f 1139//958 3578//850 3545//849
f 1140//959 3745//851 3578//850
f 1141//960 3664//1184 3745//851
f 4558//1170 3665//853 3664//1184
f 1143//962 3699//1185 3665//853
f 4736//1171 3218//1186 3699//1185
f 4691//1206 3219//856 3218//1186
f 4662//1173 3255//857 3219//856
f 4395//1174 3288//858 3255//857
f 3441//1175 3032//1111 3483//1361
f 4299//1176 3033//1210 3032//1111
f 4347//1177 4797//1112 3033//1210
f 1151//970 1187//1006 4797//1112
f 1152//971 1188//1007 1187//1006
f 1153//972 1189//1008 1188//1007
f 1154//973 3128//1217 1189//1008
f 1155//974 3082//1115 3128//1217
f 1156//975 3083//1218 3082//1115
f 1157//976 3178//1240 3083//1218
f 1158//977 3179//1223 3178//1240
f 4103//1100 3544//1247 3179//1223
f 4244//1101 3506//1116 3544//1247
f 4182//1102 3507//1117 3506//1116
f 1162//981 3427//1118 3507//1117
f 4211//1103 3397//1188 3427//1118
f 4574//1104 3398//1189 3397//1188
f 4706//1105 3469//1190 3398//1189
f 4726//1106 1202//1021 3469//1190
f 4472//1107 1203//1022 1202//1021
f 4473//1108 4271//1230 1203//1022
f 4414//1183 4272//1231 4271//1230
f 4415//1209 4564//1232 4272//1231
f 1171//990 1207//1026 4564//1232
f 1172//991 1208//1027 1207//1026
f 1173//992 1209//1028 1208//1027
f 1174//993 4097//1211 1209//1028
f 1175//994 1211//1030 4097//1211
f 1176//995 1212//1031 1211//1030
f 1177//996 1213//1032 1212//1031
f 1178//997 3969//1124 1213//1032
f 1179//998 3935//1125 3969//1124
f 1180//999 3936//1126 3935//1125
f 1181//1000 4005//1127 3936//1126
f 1182//1001 3847//1194 4005//1127
f 1183//1002 3848//1234 3847//1194
f 1184//1003 3775//1195 3448//1360
f 1185//1004 3659//1128 3775//1195
f 1186//1005 1222//1041 3659//1128
f 4725//1187 1223//1042 1222//1041
f 4700//1113 1224//1043 1223//1042
f 4701//1114 1225//1044 1224//1043
f 1190//1009 1226//1045 1225//1044
f 1191//1010 1227//1046 1226//1045
f 1192//1011 1228//1047 1227//1046
f 1193//1012 1229//1048 1228//1047
f 1194//1013 1230//1049 1229//1048
f 1195//1014 1231//1050 1230//1049
f 1196//1015 1232//1051 1231//1050
f 1197//1016 1233//1052 1232//1051
f 1198//1017 3277//1219 1233//1052
f 1199//1018 3278//1141 3277//1219
f 1200//1019 3204//1142 3278//1141
f 1201//1020 3056//1143 3204//1142
f 3470//1119 3057//1144 3056//1143
f 4304//1120 3684//1145 3057//1144
f 1204//1023 3723//1146 3684//1145
f 1205//1024 3793//1197 3723//1146
f 1206//1025 3794//1198 3793//1197
f 4617//1121 4876//1199 3794//1198
f 4618//1122 4847//1200 4876//1199
f 4669//1123 4786//1212 4847//1200
f 1210//1029 1246//1065 4786//1212
f 4064//1191 4810//1213 1246//1065
f 4034//1192 4829//1214 4810//1213
f 4035//1193 4864//1148 4829//1214
f 1214//1033 1250//1069 4864//1148
f 1215//1034 1251//1070 1250//1069
f 1216//1035 1252//1071 1251//1070
f 1217//1036 1253//1072 1252//1071
f 1218//1037 1254//1073 1253//1072
f 1219//1038 4055//1153 1254//1073
f 1220//1039 3340//1224 1147//966
f 1221//1040 3341//1242 3340//1224
f 3660//1129 3415//1243 3341//1242
f 4207//1130 3380//1154 3415//1243
f 4241//1131 3381//1155 3380//1154
f 4309//1132 3489//1202 3381//1155
f 4310//1133 3837//1156 3489//1202
f 4547//1134 3528//1203 3837//1156
f 4500//1135 3529//1204 3528//1203
f 4406//1136 1265//1084 3529//1204
f 4407//1137 1266//1085 1265//1084
f 4443//1138 1267//1086 1266//1085
f 4465//1139 1268//1087 1267//1086
f 4521//1140 4115//1236 1268//1087
f 1234//1053 1270//1089 4115//1236
f 1235//1054 1271//1090 1270//1089
f 1236//1055 1272//1091 1271//1090
f 1237//1056 4001//1215 1272//1091
f 1238//1057 3963//1220 4001//1215
f 1239//1058 3928//1221 3963//1220
f 1240//1059 3929//1244 3928//1221
f 1241//1060 4029//1164 3929//1244
f 1242//1061 4329//1165 4029//1164
f 1243//1062 4058//1166 4329//1165
f 1244//1063 4059//1167 4058//1166
f 1245//1064 3727//1168 4059//1167
f 4787//1147 3689//1169 3727//1168
f 1247//1066 3690//1205 3689//1169
f 1248//1067 3770//1227 3690//1205
f 1249//1068 3534//1228 3770//1227
f 4735//1201 1286//1093 3534//1228
f 4601//1149 1287//1094 1286//1093
f 4602//1150 1288//1095 1287//1094
f 4556//1151 1289//1096 1288//1095
f 4536//1152 1290//1097 1289//1096
f 1255//1074 1291//966 1290//1097
f 1256//1075 1292//967 3288//858
f 1257//1076 1293//968 1292//967
f 1258//1077 1294//969 1293//968
f 1259//1078 1295//1098 1294//969
f 1260//1079 1296//1099 1295//1098
f 1261//1080 3068//1178 1296//1099
f 1262//1081 3069//1207 3068//1178
f 1263//1082 3116//1179 3069//1207
f 1264//1083 3208//1180 3116//1179
f 3625//1157 3209//1181 3208//1180
f 4199//1158 4867//1182 3209//1181
f 4170//1159 4833//1357 4867//1182
f 4171//1160 3900//979 4833//1357
f 1269//1088 3901//980 3900//979
f 4091//1161 4792//1208 3901//980
f 4092//1162 4813//982 4792//1208
f 4718//1163 4850//983 4813//982
f 1273//1092 3243//984 4850//983
f 1274//949 3244//985 3243//984
f 1275//950 3157//986 3244//985
f 1276//951 3158//1237 3157//986
f 1277//952 1313//988 3158//1237
f 1278//953 1314//989 1313//988
f 1279//954 1315//1109 1314//989
f 1280//955 1316//1110 1315//1109
f 1281//956 1317//848 1316//1110
f 1282//957 1318//849 1317//848
f 1283//958 1319//850 1318//849
f 1284//959 4375//851 1319//850
f 1285//960 3452//1245 4375//851
f 3535//1170 3453//853 3452//1245
f 3454//962 3532//1185 3453//853
f 3455//1171 3533//1186 3532//1185
f 4361//1206 3769//856 3533//1186
f 4385//1173 3687//857 3769//856
f 3652//1174 3688//858 3687//857
f 3726//1175 1328//1111 3848//1234
f 4475//1176 4133//1210 1328//1111
f 4707//1177 1330//1112 4133//1210
f 4648//970 1331//1006 1330//1112
f 4575//971 4023//1007 1331//1006
f 1297//972 4024//1008 4023//1007
f 1298//973 3959//1217 4024//1008
f 1299//974 1335//1115 3959//1217
f 1300//975 3921//1218 1335//1115
f 1301//976 3996//1240 3921//1218
f 1302//977 3997//1223 3996//1240
f 1303//1100 4053//1247 3997//1223
f 1304//1101 1340//1116 4053//1247
f 1305//1102 1341//1117 1340//1116
f 1306//981 1342//1118 1341//1117
f 1307//1103 4164//1188 1342//1118
f 1308//1104 3623//1189 4164//1188
f 1309//1105 3624//1190 3623//1189
f 1310//1106 3722//1021 3624//1190
f 1311//1107 3836//1022 3722//1021
f 1312//1108 3488//1230 3836//1022
f 4610//1183 3378//1231 3488//1230
f 4611//1209 3379//1232 3378//1231
f 4637//990 3414//1026 3379//1232
f 4490//991 3339//1027 3414//1026
f 4491//992 3239//1028 3339//1027
f 4433//993 3240//1211 3239//1028
f 4398//994 1355//1030 3240//1211
f 1320//995 1356//1031 1355//1030
f 1321//996 1357//1032 1356//1031
f 1322//997 1358//1124 1357//1032
f 1323//998 1359//1125 1358//1124
f 1324//999 1360//1126 1359//1125
f 1325//1000 1361//1127 1360//1126
f 1326//1001 3241//1194 1361//1127
f 1327//1002 3242//1234 3241//1194
f 4132//1003 4056//1195 4055//1153
f 1329//1004 1365//1128 4056//1195
f 4231//1005 4775//1041 1365//1128
f 4298//1187 4789//1042 4775//1041
f 1332//1113 3866//1043 4789//1042
f 1333//1114 3764//1044 3866//1043
f 1334//1009 3765//1045 3764//1044
f 3920//1010 4866//1046 3765//1045
f 1336//1011 3155//1047 4866//1046
f 1337//1012 3156//1048 3155//1047
f 1338//1013 3062//1049 3156//1048
f 1339//1014 3063//1050 3062//1049
f 4054//1015 3111//1051 3063//1050
f 4257//1016 4486//1052 3111//1051
f 4193//1017 4487//1196 4486//1052
f 1343//1018 1379//1141 4487//1196
f 1344//1019 1380//1142 1379//1141
f 1345//1020 1381//1143 1380//1142
f 1346//1119 1382//1144 1381//1143
f 1347//1120 1383//1145 1382//1144
f 1348//1023 1384//1146 1383//1145
f 1349//1024 4196//1197 1384//1146
f 1350//1025 4169//1198 4196//1197
f 1351//1121 3626//1199 4169//1198
f 1352//1122 3627//1200 3626//1199
f 1353//1123 3724//1212 3627//1200
f 1354//1029 3797//1065 3724//1212
f 4542//1191 3798//1213 3797//1065
f 4561//1192 4031//1214 3798//1213
f 4608//1193 1393//1148 4031//1214
f 4609//1033 1394//1069 1393//1148
f 4636//1034 3903//1070 1394//1069
f 4666//1035 3904//1375 3903//1070
f 4848//1036 4004//1072 3904//1375
f 1362//1037 4060//1073 4004//1072
f 1363//1038 1399//1153 4060//1073
f 1364//1039 3653//1224 1291//966
f 4774//1040 4639//1242 3653//1224
f 1366//1129 4614//1243 4639//1242
f 1367//1130 1403//1154 4614//1243
f 1368//1131 1404//1155 1403//1154
f 1369//1132 4239//1202 1404//1155
f 1370//1133 1406//1156 4239//1202
f 1371//1134 3494//1203 1406//1156
f 1372//1135 3495//1204 3494//1203
f 1373//1136 3422//1084 3495//1204
f 1374//1137 3389//1085 3422//1084
f 1375//1138 3390//1086 3389//1085
f 1376//1139 3461//1087 3390//1086
f 1377//1140 3462//1236 3461//1087
f 1378//1053 3493//1089 3462//1236
f 4373//1054 3119//1090 3493//1089
f 4374//1055 3120//1091 3119//1090
f 4456//1056 3311//1215 3120//1091
f 4511//1057 3072//1220 3311//1215
f 4261//1058 3073//1221 3072//1220
f 4262//1059 4653//1226 3073//1221
f 1385//1060 1421//1164 4653//1226
f 1386//1061 1422//1165 1421//1164
f 1387//1062 1423//1166 1422//1165
f 1388//1063 1424//1167 1423//1166
f 1389//1064 1425//1168 1424//1167
f 1390//1147 1426//1169 1425//1168
f 1391//1066 3263//1205 1426//1169
f 1392//1067 3264//1227 3263//1205
f 3964//1068 4825//1228 3264//1227
f 3932//1201 4841//1093 4825//1228
f 1395//1149 3670//1094 4841//1093
f 1396//1150 3671//1095 3670//1094
f 1397//1151 3610//1096 3671//1095
f 1398//1152 3611//1097 3610//1096
f 4061//1074 3636//966 3611//1097
f 1400//1075 3134//967 3688//858
f 1401//1076 3135//968 3134//967
f 1402//1077 3191//969 3135//968
f 4138//1078 3227//1098 3191//969
f 4139//1079 4413//1099 3227//1098
f 1405//1080 1441//1178 4413//1099
f 4302//1081 4360//1207 1441//1178
f 1407//1082 1443//1179 4360//1207
f 1408//1083 1444//1180 1443//1179
f 1409//1157 1445//1181 1444//1180
f 1410//1158 1446//1182 1445//1181
f 1411//1159 1447//978 1446//1182
f 1412//1160 4127//979 1447//978
f 1413//1088 4181//980 4127//979
f 1414//1161 4038//1208 4181//980
f 1415//1162 4012//982 4038//1208
f 1416//1163 3978//983 4012//982
f 1417//1092 3821//984 3978//983
f 1418//949 3822//985 3821//984
f 1419//950 3879//986 3822//985
f 1420//951 3880//987 3879//986
f 4654//952 3944//988 3880//987
f 4676//953 1458//989 3944//988
f 4709//954 4240//1109 1458//989
f 4801//955 4206//1110 4240//1109
f 4763//956 4069//848 4206//1110
f 4764//957 1462//849 4069//848
f 1427//958 1463//850 1462//849
f 1428//959 1464//851 1463//850
f 1429//960 1465//1184 1464//851
f 1430//1170 1466//853 1465//1184
f 1431//962 1467//1185 1466//853
f 1432//1171 1468//1186 1467//1185
f 1433//1172 1469//856 1468//1186
f 1434//1173 3355//857 1469//856
f 1435//1174 3356//858 3355//857
f 1436//1175 3577//1111 3242//1234
f 1437//1176 3395//1210 3577//1111
f 1438//1177 3396//1112 3395//1210
f 1439//970 3778//1006 3396//1112
f 1440//971 3698//1007 3778//1006
f 4359//972 3606//1008 3698//1007
f 1442//973 3030//1217 3606//1008
f 4384//974 3031//1115 3030//1217
f 4647//975 3081//1218 3031//1115
f 4529//976 3176//1240 3081//1218
f 4153//977 3177//1223 3176//1240
f 4126//1100 4857//1247 3177//1223
f 1448//1101 1484//1116 4857//1247
f 1449//1102 1485//1117 1484//1116
f 1450//981 1486//1118 1485//1117
f 1451//1103 1487//1188 1486//1118
f 1452//1104 1488//1189 1487//1188
f 1453//1105 1489//1190 1488//1189
f 1454//1106 3253//1021 1489//1190
f 1455//1107 3254//1022 3253//1021
f 1456//1108 3172//1230 3254//1022
f 1457//1183 3026//1231 3172//1230
f 3945//1209 3027//1232 3026//1231
f 1459//990 3662//1026 3027//1232
f 1460//991 3697//1027 3662//1026
f 1461//992 3776//1028 3697//1027
f 4070//993 3541//1211 3776//1028
f 4569//994 3542//1030 3541//1211
f 4570//995 3467//1031 3542//1030
f 4621//996 3350//1032 3467//1031
f 4499//997 3351//1124 3350//1032
f 4464//998 4405//1125 3351//1124
f 4442//999 4438//1126 4405//1125
f 4308//1000 4496//1127 4438//1126
f 1470//1001 1506//1194 4496//1127
f 1471//1002 3370//1234 1506//1194
f 1472//1003 1508//1195 1399//1153
f 1473//1004 4100//1128 1508//1195
f 1474//1005 1510//1041 4100//1128
f 1475//1187 1511//1042 1510//1041
f 1476//1113 1512//1043 1511//1042
f 1477//1114 3970//1261 1512//1043
f 1478//1009 3941//1045 3970//1261
f 1479//1010 3907//1046 3941//1045
f 1480//1011 3908//1047 3907//1046
f 1481//1012 3852//1048 3908//1047
f 1482//1013 3817//1049 3852//1048
f 1483//1014 3818//1050 3817//1049
f 4821//1015 4037//1051 3818//1050
f 4758//1016 1521//1052 4037//1051
f 4759//1017 1522//1196 1521//1052
f 4796//1018 1523//1141 1522//1196
f 4818//1019 1524//1142 1523//1141
f 4856//1020 1525//1143 1524//1142
f 1490//1119 1526//1144 1525//1143
f 1491//1120 1527//1145 1526//1144
f 1492//1023 1528//1146 1527//1145
f 1493//1024 1529//1197 1528//1146
f 1494//1025 1530//1198 1529//1197
f 1495//1121 1531//1199 1530//1198
f 1496//1122 1532//1200 1531//1199
f 1497//1123 3289//1212 1532//1200
f 1498//1029 3258//1065 3289//1212
f 1499//1191 3259//1213 3258//1065
f 1500//1192 3511//1214 3259//1213
f 1501//1193 3607//1148 3511//1214
f 1502//1033 3668//1069 3607//1148
f 1503//1034 3669//1070 3668//1069
f 1504//1035 3748//1375 3669//1070
f 1505//1036 3749//1072 3748//1375
f 4497//1037 4858//1073 3749//1072
f 1507//1038 3513//1153 4858//1073
f 4673//1039 3320//1224 3636//966
f 1509//1040 3321//1242 3320//1224
f 4065//1129 4779//1243 3321//1242
f 4066//1130 4798//1154 4779//1243
f 4277//1131 4837//1155 4798//1154
f 1513//1132 1549//1202 4837//1155
f 1514//1133 1550//1156 1549//1202
f 1515//1134 1551//1203 1550//1156
f 1516//1135 1552//1204 1551//1203
f 1517//1136 3034//1084 1552//1204
f 1518//1137 3035//1085 3034//1084
f 1519//1138 3084//1086 3035//1085
f 1520//1139 3182//1087 3084//1086
f 4121//1140 3183//1236 3182//1087
f 4180//1053 3510//1089 3183//1236
f 4147//1054 3429//1090 3510//1089
f 4148//1055 3430//1091 3429//1090
f 4242//1056 3357//1215 3430//1091
f 4525//1057 3358//1220 3357//1215
f 4526//1058 3401//1221 3358//1220
f 4703//1059 3471//1226 3401//1221
f 4444//1060 1565//1164 3471//1226
f 4411//1061 1566//1165 1565//1164
f 4382//1062 4208//1166 1566//1165
f 4383//1063 4209//1167 4208//1166
f 1533//1064 1569//1168 4209//1167
f 1534//1147 1570//1169 1569//1168
f 1535//1066 1571//1205 1570//1169
f 1536//1067 4010//1227 1571//1205
f 1537//1068 4011//1228 4010//1227
f 1538//1201 3947//1093 4011//1228
f 1539//1149 1575//1094 3947//1093
f 1540//1150 3912//1095 1575//1094
f 1541//1151 3973//1096 3912//1095
f 1542//1152 3974//1097 3973//1096
f 1543//1074 4072//966 3974//1097
f 1544//1075 3739//967 3356//858
f 1545//1076 3740//968 3739//967
f 1546//1077 3661//969 3740//968
f 1547//1078 3633//1098 3661//969
f 1548//1079 1584//1099 3633//1098
f 4689//1080 3605//1178 1584//1099
f 4690//1081 1586//1207 3605//1178
f 4633//1082 1587//1179 1586//1207
f 4634//1083 1588//1180 1587//1179
f 1553//1157 1589//1181 1588//1180
f 1554//1158 1590//1182 1589//1181
f 1555//1159 1591//978 1590//1182
f 1556//1160 1592//979 1591//978
f 1557//1088 1593//980 1592//979
f 1558//1161 1594//1208 1593//980
f 1559//1162 1595//982 1594//1208
f 1560//1163 3170//983 1595//982
f 1561//1092 3171//984 3170//983
f 1562//949 3078//985 3171//984
f 1563//950 3024//986 3078//985
f 1564//951 3025//1237 3024//986
f 3472//952 3695//988 3025//1237
f 4279//953 3696//989 3695//988
f 1567//954 3811//1109 3696//989
f 1568//955 3850//1110 3811//1109
f 4573//956 4777//848 3850//1110
f 4592//957 4778//849 4777//848
f 4626//958 4795//850 4778//849
f 1572//959 3313//851 4795//850
f 1573//960 3215//1245 3313//851
f 1574//1170 3216//853 3215//1245
f 3911//962 4871//1185 3216//853
f 1576//1171 1612//1186 4871//1185
f 1577//1206 1613//856 1612//1186
f 1578//1173 1614//857 1613//856
f 1579//1174 1615//858 1614//857
f 1580//1175 3371//1111 3370//1234
f 1581//1176 1617//1210 3371//1111
f 1582//1177 3345//1112 1617//1210
f 1583//970 3346//1006 3345//1112
f 3604//971 3388//1007 3346//1006
f 1585//972 3459//1008 3388//1007
f 4204//973 3460//1217 3459//1008
f 4275//974 3492//1115 3460//1217
f 4276//975 3538//1218 3492//1115
f 4461//976 3871//1240 3538//1218
f 4404//977 3631//1223 3871//1240
f 4380//1100 3632//1247 3631//1223
f 4381//1101 1628//1116 3632//1247
f 4436//1102 4237//1117 1628//1116
f 4437//981 1630//1118 4237//1117
f 4495//1103 1631//1188 1630//1118
f 1596//1104 4201//1189 1631//1188
f 1597//1105 1633//1190 4201//1189
f 1598//1106 1634//1021 1633//1190
f 1599//1107 4002//1022 1634//1021
f 1600//1108 4003//1230 4002//1022
f 1601//1183 4093//1231 4003//1230
f 1602//1209 4136//1232 4093//1231
f 1603//990 1639//1026 4136//1232
f 1604//991 1640//1027 1639//1026
f 1605//992 4301//1028 1640//1027
f 1606//993 1642//1211 4301//1028
f 1607//994 3737//1030 1642//1211
f 1608//995 3738//1031 3737//1030
f 1609//996 3849//1032 3738//1031
f 1610//997 3906//1124 3849//1032
f 1611//998 3602//1125 3906//1124
f 4741//999 3603//1126 3602//1125
f 4671//1000 1649//1127 3603//1126
f 4672//1001 1650//1194 1649//1127
f 4007//1002 3501//1234 1650//1194
f 1616//1003 1652//1195 3513//1153
f 4565//1004 1653//1128 1652//1195
f 1618//1005 1654//1041 1653//1128
f 1619//1187 1655//1042 1654//1041
f 1620//1113 1656//1043 1655//1042
f 1621//1114 1657//1044 1656//1043
f 1622//1009 1658//1045 1657//1044
f 1623//1010 3168//1046 1658//1045
f 1624//1011 3169//1047 3168//1046
f 1625//1012 3287//1048 3169//1047
f 1626//1013 3348//1049 3287//1048
f 1627//1014 3349//1050 3348//1049
f 3656//1015 3124//1051 3349//1050
f 1629//1016 3125//1052 3124//1051
f 4238//1017 4855//1196 3125//1052
f 4269//1018 3939//1141 4855//1196
f 1632//1019 3940//1142 3939//1141
f 4116//1020 4879//1143 3940//1142
f 4117//1119 3022//1144 4879//1143
f 1635//1120 3023//1145 3022//1144
f 1636//1023 3252//1146 3023//1145
f 1637//1024 3166//1197 3252//1146
f 1638//1025 3167//1198 3166//1197
f 4137//1121 3214//1199 3167//1198
f 4350//1122 4625//1200 3214//1199
f 1641//1123 1677//1212 4625//1200
f 4268//1029 4757//1065 1677//1212
f 1643//1191 1679//1213 4757//1065
f 1644//1192 1680//1214 1679//1213
f 1645//1193 1681//1148 1680//1214
f 1646//1033 1682//1069 1681//1148
f 1647//1034 4410//1070 1682//1069
f 1648//1035 3556//1239 4410//1070
f 3540//1036 3557//1072 3556//1239
f 3500//1037 3589//1073 3557//1072
f 1651//1038 3615//1153 3589//1073
f 3514//1039 3953//1224 4072//966
f 4545//1040 3715//1242 3953//1224
f 4588//1129 3716//1243 3715//1242
f 4589//1130 1691//1154 3716//1243
f 4756//1131 1692//1155 1691//1154
f 4724//1132 1693//1202 1692//1155
f 4698//1133 1694//1156 1693//1202
f 1659//1134 4041//1203 1694//1156
f 1660//1135 4042//1204 4041//1203
f 1661//1136 3984//1084 4042//1204
f 1662//1137 3985//1085 3984//1084
f 1663//1138 4015//1086 3985//1085
f 1664//1139 4727//1087 4015//1086
f 1665//1140 4154//1236 4727//1087
f 1666//1053 1702//1089 4154//1236
f 1667//1054 1703//1090 1702//1089
f 1668//1055 1704//1091 1703//1090
f 1669//1056 1705//1215 1704//1091
f 1670//1057 3608//1220 1705//1215
f 1671//1058 3579//1221 3608//1220
f 1672//1059 3546//1226 3579//1221
f 1673//1060 3547//1164 3546//1226
f 1674//1061 3475//1165 3547//1164
f 1675//1062 3431//1166 3475//1165
f 1676//1063 3432//1167 3431//1166
f 4744//1064 3512//1168 3432//1167
f 1678//1147 3323//1169 3512//1168
f 4523//1066 3292//1205 3323//1169
f 4524//1067 3260//1227 3292//1205
f 4466//1068 3261//1228 3260//1227
f 4467//1201 1718//1093 3261//1228
f 1683//1149 1719//1094 1718//1093
f 1684//1150 1720//1095 1719//1094
f 1685//1151 1721//1096 1720//1095
f 1686//1152 1722//1097 1721//1096
f 1687//1074 1723//966 1722//1097
f 1688//1075 4008//967 1615//858
f 1689//1076 3359//968 4008//967
f 1690//1077 3360//969 3359//968
f 3760//1078 4822//1098 3360//969
f 4156//1079 3086//1099 4822//1098
f 4318//1080 3087//1178 3086//1099
f 4341//1081 3881//1207 3087//1178
f 1695//1082 3882//1179 3881//1207
f 1696//1083 3819//1180 3882//1179
f 1697//1157 3701//1181 3819//1180
f 1698//1158 3186//1182 3701//1181
f 1699//1159 3187//978 3186//1182
f 1700//1160 3224//979 3187//978
f 1701//1088 3290//980 3224//979
f 4155//1161 3291//1208 3290//980
f 4213//1162 4566//982 3291//1208
f 4214//1163 4520//983 4566//982
f 4285//1092 4440//984 4520//983
f 1706//949 1742//985 4440//984
f 1707//950 1743//986 1742//985
f 1708//951 1744//987 1743//986
f 1709//952 1745//988 1744//987
f 1710//953 1746//989 1745//988
f 1711//954 1747//1109 1746//989
f 1712//1216 4307//1110 1747//1109
f 1713//956 4205//848 4307//1110
f 1714//957 3733//849 4205//848
f 1715//958 3734//850 3733//849
f 1716//959 3774//851 3734//850
f 1717//960 3844//1184 3774//851
f 4593//1170 1754//853 3844//1184
f 4645//962 4118//1185 1754//853
f 4646//1171 1756//1186 4118//1185
f 4704//1206 1757//856 1756//1186
f 4705//1173 3966//857 1757//856
f 4323//1174 3743//858 3966//857
f 1724//1175 3754//1111 3501//1234
f 1725//1176 4094//1210 3754//1111
f 1726//1177 1762//1112 4094//1210
f 1727//970 1763//1006 1762//1112
f 1728//971 1764//1007 1763//1006
f 1729//972 1765//1008 1764//1007
f 1730//973 1766//1217 1765//1008
f 1731//974 1767//1115 1766//1217
f 1732//975 1768//1218 1767//1115
f 1733//976 3503//1240 1768//1218
f 1734//977 3468//1223 3503//1240
f 1735//1100 3425//1247 3468//1223
f 1736//1101 3426//1116 3425//1247
f 1737//1102 3543//1117 3426//1116
f 1738//981 3878//1118 3543//1117
f 1739//1103 3575//1188 3878//1118
f 1740//1104 3576//1189 3575//1188
f 1741//1105 3217//1190 3576//1189
f 4441//1106 3173//1021 3217//1190
f 4463//1107 3126//1022 3173//1021
f 4498//1108 3127//1230 3126//1022
f 4546//1183 3028//1231 3127//1230
f 4353//1209 3029//1232 3028//1231
f 4354//990 4742//1026 3029//1232
f 1748//991 1784//1027 4742//1026
f 1749//992 1785//1028 1784//1027
f 1750//993 1786//1211 1785//1028
f 1751//994 1787//1030 1786//1211
f 1752//995 1788//1031 1787//1030
f 1753//996 3352//1032 1788//1031
f 3845//997 3314//1124 3352//1032
f 1755//998 3315//1125 3314//1124
f 4062//999 3079//1126 3315//1125
f 3965//1000 3080//1127 3079//1126
f 1758//1001 3741//1194 3080//1127
f 1759//1002 3742//1234 3741//1194
f 1760//1003 3812//1195 3615//1153
f 1761//1004 3573//1128 3812//1195
f 4095//1005 3574//1041 3573//1128
f 4640//1187 3502//1042 3574//1041
f 4641//1113 3393//1043 3502//1042
f 4587//1114 3394//1044 3393//1043
f 4563//1009 4427//1045 3394//1044
f 4330//1010 4454//1046 4427//1045
f 4331//1011 4509//1047 4454//1046
f 1769//1012 1805//1048 4509//1047
f 1770//1013 1806//1049 1805//1048
f 1771//1014 1807//1050 1806//1049
f 1772//1015 1808//1051 1807//1050
f 1773//1016 1809//1052 1808//1051
f 1774//1017 1810//1219 1809//1052
f 1775//1018 1811//1141 1810//1219
f 1776//1019 1812//1142 1811//1141
f 1777//1020 4083//1143 1812//1142
f 1778//1119 4084//1144 4083//1143
f 1779//1120 4020//1145 4084//1144
f 1780//1023 3942//1146 4020//1145
f 1781//1024 3943//1197 3942//1146
f 1782//1025 1818//1198 3943//1197
f 1783//1121 4006//1199 1818//1198
f 4743//1122 4067//1200 4006//1199
f 4794//1123 1821//1212 4067//1200
f 4836//1029 4334//1065 1821//1212
f 4819//1191 4278//1213 4334//1065
f 4820//1192 4178//1214 4278//1213
f 1789//1193 1825//1148 4178//1214
f 1790//1033 1826//1069 1825//1148
f 1791//1034 1827//1070 1826//1069
f 1792//1035 1828//1071 1827//1070
f 1793//1036 1829//1072 1828//1071
f 1794//1037 1830//1073 1829//1072
f 1795//1038 3136//1153 1830//1073
f 1796//1039 3391//1224 1723//966
f 1797//1040 3392//1242 3391//1224
f 1798//1129 3497//1243 3392//1242
f 1799//1130 3571//1154 3497//1243
f 1800//1131 3572//1155 3571//1154
f 1801//1132 3803//1202 3572//1155
f 1802//1133 3732//1156 3803//1202
f 1803//1134 3692//1203 3732//1156
f 1804//1135 3074//1204 3692//1203
f 4510//1136 3075//1084 3074//1204
f 4733//1137 3211//1085 3075//1084
f 4680//1138 3285//1086 3211//1085
f 4599//1139 3286//1087 3285//1086
f 4191//1140 4869//1236 3286//1087
f 4192//1053 4835//1089 4869//1236
f 4229//1054 4816//1090 4835//1089
f 4295//1055 4790//1091 4816//1090
f 1813//1056 1849//1215 4790//1091
f 1814//1057 1850//1220 1849//1215
f 1815//1058 1851//1221 1850//1220
f 1816//1059 3249//1226 1851//1221
f 1817//1060 3250//1164 3249//1226
f 3971//1061 3163//1165 3250//1164
f 1819//1062 3121//1166 3163//1165
f 1820//1063 3122//1167 3121//1166
f 4068//1064 3657//1168 3122//1167
f 1822//1147 3773//1169 3657//1168
f 1823//1066 3872//1205 3773//1169
f 1824//1067 3539//1227 3872//1205
f 4179//1068 3423//1228 3539//1227
f 4643//1201 3424//1093 3423//1228
f 4674//1149 3463//1094 3424//1093
f 4518//1150 3496//1095 3463//1094
f 4519//1151 1865//1096 3496//1095
f 4462//1152 4370//1097 1865//1096
f 1831//1074 3891//966 4370//1097
f 1832//1075 3744//967 3743//858
f 1833//1076 1869//968 3744//967
f 1834//1077 1870//1222 1869//968
f 1835//1078 1871//1098 1870//1222
f 1836//1079 1872//1099 1871//1098
f 1837//1080 1873//1178 1872//1099
f 1838//1081 1874//1207 1873//1178
f 1839//1082 1875//1179 1874//1207
f 1840//1083 1876//1180 1875//1179
f 1841//1157 1877//1181 1876//1180
f 1842//1158 4022//1182 1877//1181
f 1843//1159 4051//1357 4022//1182
f 1844//1160 3995//979 4051//1357
f 1845//1088 3894//980 3995//979
f 1846//1161 1882//1208 3894//980
f 1847//1162 4158//982 1882//1208
f 1848//1163 1884//983 4158//982
f 4791//1092 1885//984 1884//983
f 4852//949 1886//985 1885//984
f 4878//950 1887//986 1886//985
f 1852//951 1888//987 1887//986
f 1853//952 1889//988 1888//987
f 1854//953 1890//989 1889//988
f 1855//954 1891//1109 1890//989
f 1856//955 1892//1110 1891//1109
f 1857//956 1893//848 1892//1110
f 1858//957 1894//849 1893//848
f 1859//958 3336//850 1894//849
f 1860//959 3337//851 3336//850
f 1861//960 3276//1245 3337//851
f 1862//1170 3237//853 3276//1245
f 1863//962 3238//1185 3237//853
f 1864//1171 3762//1186 3238//1185
f 4369//1206 3865//856 3762//1186
f 1866//1173 3918//857 3865//856
f 1867//1174 3919//858 3918//857
f 1868//1175 3150//1111 3742//1234
f 4682//1176 3151//1210 3150//1111
f 4683//1177 4863//1112 3151//1210
f 4716//970 4844//1006 4863//1112
f 4230//971 4845//1007 4844//1006
f 4130//972 3107//1008 4845//1007
f 4131//973 3054//1217 3107//1008
f 4397//974 3055//1115 3054//1217
f 4111//975 4770//1218 3055//1115
f 4021//976 4734//1240 4770//1218
f 1878//977 1914//1223 4734//1240
f 1879//1100 3201//1247 1914//1223
f 1880//1101 3202//1116 3201//1247
f 1881//1102 3305//1117 3202//1116
f 3895//981 3375//1118 3305//1117
f 1883//1103 3376//1188 3375//1118
f 4186//1104 3622//1189 3376//1188
f 4251//1105 3569//1190 3622//1189
f 4252//1106 3524//1021 3569//1190
f 4288//1107 3525//1022 3524//1021
f 4321//1108 3593//1230 3525//1022
f 4577//1183 3594//1231 3593//1230
f 4578//1209 3621//1232 3594//1231
f 4482//990 1927//1026 3621//1232
f 4483//991 1928//1027 1927//1026
f 4552//992 1929//1028 1928//1027
f 4596//993 4265//1211 1929//1028
f 1895//994 1931//1030 4265//1211
f 1896//995 1932//1031 1931//1030
f 1897//996 1933//1032 1932//1031
f 1898//997 1934//1124 1933//1032
f 1899//998 4089//1125 1934//1124
f 1900//999 4090//1126 4089//1125
f 1901//1000 4027//1127 4090//1126
f 1902//1001 1938//1194 4027//1127
f 1903//1002 4057//1234 1938//1194
f 1904//1003 3137//1195 3136//1153
f 1905//1004 1941//1128 3137//1195
f 1906//1005 4134//1041 1941//1128
f 1907//1187 3841//1042 4134//1041
f 1908//1113 3842//1043 3841//1042
f 1909//1114 3767//1261 3842//1043
f 1910//1009 1946//1045 3767//1261
f 1911//1010 1947//1046 1946//1045
f 1912//1011 1948//1047 1947//1046
f 1913//1012 1949//1048 1948//1047
f 4715//1013 1950//1049 1949//1048
f 1915//1014 1951//1050 1950//1049
f 1916//1015 1952//1051 1951//1050
f 1917//1016 1953//1052 1952//1051
f 1918//1017 1954//1196 1953//1052
f 1919//1018 1955//1141 1954//1196
f 1920//1019 1956//1142 1955//1141
f 1921//1020 1957//1143 1956//1142
f 1922//1119 3210//1144 1957//1143
f 1923//1120 3161//1145 3210//1144
f 1924//1023 3162//1146 3161//1145
f 1925//1024 3247//1197 3162//1146
f 1926//1025 3248//1198 3247//1197
f 3651//1121 4887//1235 3248//1198
f 4328//1122 4877//1200 4887//1235
f 4264//1123 3930//1212 4877//1200
f 1930//1029 3931//1065 3930//1212
f 4197//1191 4834//1213 3931//1065
f 4198//1192 3117//1214 4834//1213
f 4752//1193 3118//1148 3117//1214
f 4773//1033 3344//1069 3118//1148
f 1935//1034 3310//1070 3344//1069
f 1936//1035 3284//1071 3310//1070
f 1937//1036 3070//1072 3284//1071
f 4028//1037 3071//1073 3070//1072
f 1939//1038 1975//1153 3071//1073
f 1940//1039 1976//1224 3891//966
f 4114//1040 4721//1242 1976//1224
f 1942//1129 1978//1225 4721//1242
f 1943//1130 1979//1154 1978//1225
f 1944//1131 1980//1155 1979//1154
f 1945//1132 3386//1202 1980//1155
f 3768//1133 3387//1156 3386//1202
f 3685//1134 3457//1203 3387//1156
f 3686//1135 3458//1204 3457//1203
f 4333//1136 3536//1084 3458//1204
f 4352//1137 3537//1085 3536//1084
f 4379//1138 3902//1086 3537//1085
f 4517//1139 3843//1087 3902//1086
f 4459//1140 3728//1236 3843//1087
f 4460//1053 1990//1089 3728//1236
f 4494//1054 1991//1090 1990//1089
f 4740//1055 1992//1091 1991//1090
f 4620//1056 1993//1215 1992//1091
f 1958//1057 1994//1220 1993//1215
f 1959//1058 4174//1221 1994//1220
f 1960//1059 1996//1226 4174//1221
f 1961//1060 1997//1164 1996//1226
f 1962//1061 4033//1165 1997//1164
f 1963//1062 4063//1166 4033//1165
f 1964//1063 4096//1167 4063//1166
f 1965//1064 4140//1168 4096//1167
f 1966//1147 2002//1169 4140//1168
f 1967//1066 2003//1205 2002//1169
f 1968//1067 2004//1227 2003//1205
f 1969//1068 2005//1228 2004//1227
f 1970//1201 3806//1093 2005//1228
f 1971//1149 3807//1094 3806//1093
f 1972//1150 3846//1095 3807//1094
f 1973//1151 3905//1096 3846//1095
f 1974//1152 3658//1097 3905//1096
f 3990//1074 3384//966 3658//1097
f 3892//1075 2012//967 3919//858
f 1977//1076 2013//968 2012//967
f 4586//1077 3499//969 2013//968
f 4562//1078 2015//1098 3499//969
f 4543//1079 2016//1099 2015//1098
f 1981//1080 2017//1178 2016//1099
f 1982//1081 2018//1207 2017//1178
f 1983//1082 2019//1179 2018//1207
f 1984//1083 2020//1180 2019//1179
f 1985//1157 3123//1181 2020//1180
f 1986//1158 3076//1182 3123//1181
f 1987//1159 3077//978 3076//1182
f 1988//1160 3347//979 3077//978
f 1989//1088 3464//980 3347//979
f 3729//1161 4870//1208 3464//980
f 4303//1162 4853//982 4870//1208
f 4332//1163 4854//983 4853//982
f 4378//1092 3967//984 4854//983
f 4173//949 3933//985 3967//984
f 1995//950 3934//986 3933//985
f 4119//951 3164//1237 3934//986
f 4032//952 3165//988 3164//1237
f 1998//953 3251//989 3165//988
f 1999//954 3212//1109 3251//989
f 2000//955 3213//1110 3212//1109
f 2001//956 3312//848 3213//1110
f 4141//957 4615//849 3312//848
f 4401//958 4616//850 4615//849
f 4351//959 4776//851 4616//850
f 4270//960 4544//1184 4776//851
f 2006//1170 2042//1229 4544//1184
f 2007//962 2043//1185 2042//1229
f 2008//1171 2044//1186 2043//1185
f 2009//1206 4434//856 2044//1186
f 2010//1173 4399//857 4434//856
f 2011//1174 4400//858 4399//857
f 3601//1175 3735//1111 4057//1234
f 3498//1176 3736//1210 3735//1111
f 2014//1177 3804//1112 3736//1210
f 4514//970 3805//1006 3804//1112
f 4541//971 3873//1007 3805//1006
f 4583//972 2053//1008 3873//1007
f 4584//973 2054//1217 2053//1008
f 4692//974 2055//1115 2054//1217
f 4693//975 2056//1218 2055//1115
f 2021//976 4017//1240 2056//1218
f 2022//977 2058//1223 4017//1240
f 2023//1100 4047//1247 2058//1223
f 2024//1101 4107//1116 4047//1247
f 2025//1102 2061//1117 4107//1116
f 2026//981 4768//1118 2061//1117
f 2027//1103 4731//1188 4768//1118
f 2028//1104 2064//1189 4731//1188
f 2029//1105 2065//1190 2064//1189
f 2030//1106 2066//1021 2065//1190
f 2031//1107 2067//1022 2066//1021
f 2032//1108 2068//1230 2067//1022
f 2033//1183 3617//1231 2068//1230
f 2034//1209 3618//1232 3617//1231
f 2035//990 3561//1026 3618//1232
f 2036//991 3562//1027 3561//1026
f 2037//992 3484//1028 3562//1027
f 2038//993 3485//1211 3484//1028
f 2039//994 3521//1030 3485//1211
f 2040//995 3591//1031 3521//1030
f 2041//996 3333//1032 3591//1031
f 4516//997 3334//1124 3333//1032
f 4492//998 3271//1125 3334//1124
f 4493//999 3272//1126 3271//1125
f 2045//1000 2081//1127 3272//1126
f 2046//1001 2082//1194 2081//1127
f 2047//1002 3644//1234 2082//1194
f 2048//1003 3991//1195 1975//1153
f 2049//1004 3112//1128 3991//1195
f 2050//1005 3113//1041 3112//1128
f 2051//1187 2087//1042 3113//1041
f 2052//1113 3450//1043 2087//1042
f 3874//1114 3451//1044 3450//1043
f 4129//1009 3064//1045 3451//1044
f 4080//1010 3065//1046 3064//1045
f 4081//1011 3867//1047 3065//1046
f 2057//1012 3868//1048 3867//1047
f 4018//1013 3799//1049 3868//1048
f 2059//1014 3766//1050 3799//1049
f 2060//1015 3725//1051 3766//1050
f 4108//1016 3281//1052 3725//1051
f 2062//1017 3282//1196 3281//1052
f 2063//1018 3342//1141 3282//1196
f 4219//1019 3343//1142 3342//1141
f 4220//1020 4560//1143 3343//1142
f 4250//1119 4513//1144 4560//1143
f 4287//1120 4488//1145 4513//1144
f 4342//1023 4489//1146 4488//1145
f 2069//1024 2105//1197 4489//1146
f 2070//1025 2106//1198 2105//1197
f 2071//1121 2107//1199 2106//1198
f 2072//1122 2108//1200 2107//1199
f 2073//1123 2109//1212 2108//1200
f 2074//1029 2110//1065 2109//1212
f 2075//1191 4263//1213 2110//1065
f 2076//1192 4236//1214 4263//1213
f 2077//1193 3839//1148 4236//1214
f 2078//1033 3840//1069 3839//1148
f 2079//1034 3926//1070 3840//1069
f 2080//1035 3820//1071 3926//1070
f 4668//1036 3704//1072 3820//1071
f 4695//1037 3705//1073 3704//1072
f 2083//1038 3751//1153 3705//1073
f 2084//1039 3385//1224 3384//966
f 2085//1040 4102//1242 3385//1224
f 2086//1129 3884//1243 4102//1242
f 4849//1130 3885//1154 3884//1243
f 2088//1131 2124//1155 3885//1154
f 2089//1132 2125//1202 2124//1155
f 2090//1133 2126//1156 2125//1202
f 2091//1134 2127//1203 2126//1156
f 2092//1135 4412//1204 2127//1203
f 2093//1136 4338//1084 4412//1204
f 2094//1137 2130//1085 4338//1084
f 2095//1138 4125//1086 2130//1085
f 2096//1139 3262//1087 4125//1086
f 2097//1140 3132//1236 3262//1087
f 2098//1053 3133//1089 3132//1236
f 2099//1054 3190//1090 3133//1089
f 2100//1055 3226//1091 3190//1090
f 2101//1056 3583//1215 3226//1091
f 2102//1057 3324//1220 3583//1215
f 2103//1058 3325//1221 3324//1220
f 2104//1059 3361//1226 3325//1221
f 4539//1060 4823//1164 3361//1226
f 4540//1061 4824//1165 4823//1164
f 4582//1062 4840//1166 4824//1165
f 4348//1063 4800//1167 4840//1166
f 4349//1064 4745//1168 4800//1167
f 4300//1147 4567//1169 4745//1168
f 2111//1066 2147//1205 4567//1169
f 2112//1067 2148//1227 2147//1205
f 2113//1068 2149//1228 2148//1227
f 2114//1201 2150//1093 2149//1228
f 2115//1149 2151//1094 2150//1093
f 2116//1150 3090//1095 2151//1094
f 2117//1151 3091//1096 3090//1095
f 2118//1152 2154//1097 3091//1096
f 2119//1074 3691//966 2154//1097
f 2120//1075 3549//967 4400//858
f 2121//1076 3550//968 3549//967
f 2122//1077 3609//969 3550//968
f 2123//1078 3295//1098 3609//969
f 3913//1079 3296//1099 3295//1098
f 4447//1080 3225//1178 3296//1099
f 4448//1081 3188//1207 3225//1178
f 4469//1082 3189//1179 3188//1207
f 2128//1083 2164//1180 3189//1179
f 2129//1157 2165//1181 2164//1180
f 4124//1158 4357//1182 2165//1181
f 2131//1159 2167//978 4357//1182
f 2132//1160 2168//979 2167//978
f 2133//1088 2169//980 2168//979
f 2134//1161 2170//1208 2169//980
f 2135//1162 3976//982 2170//1208
f 2136//1163 3977//983 3976//982
f 2137//1092 4075//984 3977//983
f 2138//949 4123//985 4075//984
f 2139//950 3853//986 4123//985
f 2140//951 3854//987 3853//986
f 2141//952 3783//988 3854//987
f 2142//953 3750//989 3783//988
f 2143//954 3646//1109 3750//989
f 2144//955 3647//1110 3646//1109
f 2145//956 3828//848 3647//1110
f 2146//957 3859//849 3828//848
f 4568//958 3890//850 3859//849
f 4652//959 4044//851 3890//850
f 4728//960 3986//1245 4044//851
f 4761//1170 3987//853 3986//1245
f 4762//962 2187//1185 3987//853
f 2152//1171 2188//1186 2187//1185
f 2153//1206 2189//856 2188//1186
f 4839//1173 2190//857 2189//856
f 2155//1174 2191//858 2190//857
f 2156//1175 2192//1111 3644//1234
f 2157//1176 2193//1210 2192//1111
f 2158//1177 4217//1112 2193//1210
f 2159//970 3046//1006 4217//1112
f 2160//971 3047//1007 3046//1006
f 2161//972 3267//1008 3047//1007
f 2162//973 3299//1217 3267//1008
f 2163//974 3330//1115 3299//1217
f 4210//975 3520//1218 3330//1115
f 4313//976 3437//1240 3520//1218
f 2166//977 3438//1223 3437//1240
f 4358//1100 3482//1247 3438//1223
f 4550//1101 4783//1116 3482//1247
f 4504//1102 4875//1117 4783//1116
f 4468//981 4883//1118 4875//1117
f 2171//1103 2207//1188 4883//1118
f 2172//1104 2208//1189 2207//1188
f 2173//1105 2209//1190 2208//1189
f 2174//1106 2210//1021 2209//1190
f 2175//1107 2211//1022 2210//1021
f 2176//1108 2212//1230 2211//1022
f 2177//1183 2213//1231 2212//1230
f 2178//1209 2214//1232 2213//1231
f 2179//990 2215//1026 2214//1232
f 2180//991 3050//1027 2215//1026
f 2181//992 3051//1028 3050//1027
f 2182//993 3300//1211 3051//1028
f 2183//994 3270//1030 3300//1211
f 2184//995 3231//1031 3270//1030
f 2185//996 3232//1032 3231//1031
f 2186//997 3146//1124 3232//1032
f 4016//998 3101//1125 3146//1124
f 4389//999 3102//1126 3101//1125
f 4531//1000 3195//1127 3102//1126
f 4551//1001 3196//1194 3195//1127
f 4576//1002 2227//1234 3196//1194
f 3645//1003 4045//1195 3751//1153
f 4216//1004 4046//1128 4045//1195
f 2194//1005 2230//1041 4046//1128
f 2195//1187 2231//1042 2230//1041
f 2196//1113 2232//1043 2231//1042
f 2197//1114 2233//1044 2232//1043
f 2198//1009 3861//1045 2233//1044
f 2199//1010 3830//1046 3861//1045
f 2200//1011 3790//1047 3830//1046
f 2201//1012 3791//1048 3790//1047
f 2202//1013 3718//1049 3791//1048
f 2203//1014 3678//1050 3718//1049
f 2204//1015 3679//1051 3678//1050
f 2205//1016 3761//1052 3679//1051
f 2206//1017 3587//1219 3761//1052
f 4713//1018 3588//1141 3587//1219
f 4714//1019 3515//1142 3588//1141
f 4658//1020 3404//1143 3515//1142
f 4659//1119 3405//1144 3404//1143
f 4553//1120 3980//1145 3405//1144
f 4533//1023 4013//1146 3980//1145
f 4534//1024 4077//1197 4013//1146
f 4769//1025 2250//1198 4077//1197
f 4805//1121 2251//1235 2250//1198
f 2216//1122 2252//1200 2251//1235
f 2217//1123 2253//1212 2252//1200
f 2218//1029 2254//1065 2253//1212
f 2219//1191 2255//1213 2254//1065
f 2220//1192 2256//1214 2255//1213
f 2221//1193 2257//1148 2256//1214
f 2222//1033 2258//1069 2257//1148
f 2223//1034 2259//1070 2258//1069
f 2224//1035 4860//1071 2259//1070
f 2225//1233 4802//1072 4860//1071
f 2226//1037 3433//1073 4802//1072
f 3293//1038 3434//1153 3433//1073
f 2228//1039 3638//1224 3691//966
f 2229//1040 3551//1242 3638//1224
f 4363//1129 3552//1243 3551//1242
f 4421//1130 4749//1154 3552//1243
f 4422//1131 4710//1155 4749//1154
f 4481//1132 4628//1202 4710//1155
f 2234//1133 2270//1156 4628//1202
f 2235//1134 2271//1203 2270//1156
f 2236//1135 2272//1204 2271//1203
f 2237//1136 2273//1084 2272//1204
f 2238//1137 2274//1085 2273//1084
f 2239//1138 2275//1086 2274//1085
f 2240//1139 2276//1087 2275//1086
f 2241//1140 2277//1236 2276//1087
f 2242//1053 2278//1089 2277//1236
f 2243//1054 2279//1090 2278//1089
f 2244//1055 3038//1091 2279//1090
f 2245//1056 3039//1215 3038//1091
f 2246//1057 3138//1220 3039//1215
f 2247//1058 3094//1221 3138//1220
f 2248//1059 3095//1226 3094//1221
f 2249//1060 3228//1164 3095//1226
f 4078//1061 3586//1165 3228//1164
f 4339//1062 3265//1166 3586//1165
f 4284//1063 3266//1167 3265//1166
f 4184//1064 3362//1168 3266//1167
f 4185//1147 3979//1169 3362//1168
f 4212//1066 3951//1205 3979//1169
f 4246//1067 3952//1227 3951//1205
f 4314//1068 3886//1228 3952//1227
f 4315//1201 2294//1093 3886//1228
f 4881//1149 2295//1094 2294//1093
f 2260//1150 2296//1095 2295//1094
f 2261//1151 3753//1096 2296//1095
f 2262//1152 3708//1097 3753//1096
f 2263//1074 3709//966 3708//1097
f 2264//1075 3786//967 2191//858
f 2265//1076 3787//968 3786//967
f 2266//1077 4104//969 3787//968
f 2267//1078 3823//1098 4104//969
f 2268//1079 3824//1099 3823//1098
f 2269//1080 3456//1178 3824//1099
f 4629//1421 3418//1207 3456//1178
f 4656//1082 3419//1179 3418//1207
f 4677//1083 3491//1180 3419//1179
f 4730//1157 3245//1181 3491//1180
f 4548//1158 3246//1182 3245//1181
f 4408//1159 3159//978 3246//1182
f 4409//1160 3160//979 3159//978
f 4355//1088 2313//980 3160//979
f 4335//1161 2314//1208 2313//980
f 4336//1407 2315//982 2314//1208
f 2280//1163 2316//983 2315//982
f 2281//1092 2317//984 2316//983
f 2282//949 2318//985 2317//984
f 2283//950 2319//986 2318//985
f 2284//951 2320//1237 2319//986
f 2285//952 2321//988 2320//1237
f 2286//953 2322//989 2321//988
f 2287//954 2323//1109 2322//989
f 2288//955 2324//1110 2323//1109
f 2289//956 2325//848 2324//1110
f 2290//957 2326//849 2325//848
f 2291//958 2327//850 2326//849
f 2292//959 3629//851 2327//850
f 2293//960 3630//1184 3629//851
f 3855//1170 4619//853 3630//1184
f 3856//962 4642//1185 4619//853
f 4530//1171 4696//1186 4642//1185
f 2297//1206 2333//856 4696//1186
f 2298//1173 2334//857 2333//856
f 2299//1174 3720//858 2334//857
f 2300//1175 3294//1111 2227//1234
f 2301//1176 2337//1210 3294//1111
f 2302//1177 2338//1112 2337//1210
f 2303//970 2339//1006 2338//1112
f 2304//971 2340//1007 2339//1006
f 2305//972 2341//1008 2340//1007
f 2306//973 2342//1217 2341//1008
f 2307//974 2343//1115 2342//1217
f 2308//975 4146//1218 2343//1115
f 2309//976 3180//1240 4146//1218
f 2310//977 3181//1223 3180//1240
f 2311//1100 3256//1247 3181//1223
f 2312//1101 3257//1116 3256//1247
f 4135//1102 3509//1117 3257//1116
f 4172//981 3428//1118 3509//1117
f 4200//1103 3399//1188 3428//1118
f 4266//1104 3400//1189 3399//1188
f 4267//1105 3910//1190 3400//1189
f 4515//1106 4009//1021 3910//1190
f 4458//1107 4071//1022 4009//1021
f 4376//1108 3779//1230 4071//1022
f 4377//1183 3780//1231 3779//1230
f 4793//1209 3700//1232 3780//1231
f 4815//990 2359//1026 3700//1232
f 4851//991 3667//1027 2359//1026
f 4722//992 3746//1028 3667//1027
f 4723//993 3747//1211 3746//1028
f 4670//994 3815//1030 3747//1211
f 2328//995 3816//1031 3815//1030
f 2329//996 4036//1032 3816//1031
f 2330//997 3972//1124 4036//1032
f 2331//998 3946//1125 3972//1124
f 2332//999 3328//1126 3946//1125
f 4697//1000 3329//1127 3328//1126
f 4868//1001 3435//1194 3329//1127
f 2335//1002 3555//1234 3435//1194
f 2336//1003 3194//1195 3434//1153
f 4402//1004 3042//1128 3194//1195
f 4403//1005 3043//1041 3042//1128
f 4435//1187 3096//1042 3043//1041
f 4273//1113 2376//1043 3096//1042
f 4274//1114 2377//1044 2376//1043
f 4203//1246 4316//1045 2377//1044
f 4177//1010 2379//1046 4316//1045
f 2344//1011 2380//1047 2379//1046
f 2345//1012 2381//1048 2380//1047
f 2346//1013 2382//1049 2381//1048
f 2347//1014 2383//1050 2382//1049
f 2348//1015 2384//1051 2383//1050
f 2349//1016 2385//1052 2384//1051
f 2350//1017 2386//1219 2385//1052
f 2351//1018 2387//1141 2386//1219
f 2352//1019 2388//1142 2387//1141
f 2353//1020 2389//1143 2388//1142
f 2354//1119 2390//1144 2389//1143
f 2355//1120 2391//1145 2390//1144
f 2356//1023 3614//1146 2391//1145
f 2357//1024 3516//1197 3614//1146
f 2358//1025 3517//1198 3516//1197
f 3666//1121 4732//1199 3517//1198
f 2360//1238 2396//1200 4732//1199
f 2361//1123 2397//1212 2396//1200
f 2362//1029 2398//1065 2397//1212
f 2363//1191 2399//1213 2398//1065
f 2364//1192 2400//1214 2399//1213
f 2365//1193 2401//1148 2400//1214
f 2366//1033 2402//1069 2401//1148
f 2367//1034 2403//1070 2402//1069
f 2368//1035 2404//1239 2403//1070
f 2369//1036 2405//1072 2404//1239
f 2370//1037 2406//1073 2405//1072
f 2371//1038 4282//1153 2406//1073
f 2372//1039 4122//1224 3709//966
f 2373//1040 3975//1242 4122//1224
f 2374//1129 3948//1243 3975//1242
f 2375//1130 3364//1154 3948//1243
f 3143//1131 3365//1155 3364//1154
f 4861//1132 3481//1202 3365//1155
f 2378//1133 3553//1156 3481//1202
f 4317//1134 3554//1203 3553//1156
f 4340//1135 3789//1204 3554//1203
f 4387//1136 3714//1084 3789//1204
f 4388//1137 3675//1085 3714//1084
f 4418//1138 3641//1086 3675//1085
f 4450//1139 3642//1087 3641//1086
f 4711//1140 3759//1236 3642//1087
f 4712//1053 3826//1089 3759//1236
f 4873//1054 2423//1090 3826//1089
f 4678//1055 2424//1091 2423//1090
f 4597//1056 4449//1215 2424//1091
f 4598//1057 4417//1220 4449//1215
f 4630//1058 3915//1221 4417//1220
f 2392//1059 3916//1226 3915//1221
f 2393//1060 4014//1164 3916//1226
f 2394//1061 4079//1165 4014//1164
f 2395//1062 3235//1166 4079//1165
f 4750//1063 3236//1167 3235//1166
f 4781//1064 3147//1168 3236//1167
f 4782//1147 3105//1169 3147//1168
f 4803//1066 3106//1205 3105//1169
f 4356//1067 3199//1227 3106//1205
f 4280//1068 3200//1228 3199//1227
f 4281//1201 3234//1093 3200//1228
f 4149//1149 3273//1094 3234//1093
f 4150//1150 4828//1095 3273//1094
f 4243//1151 4784//1096 4828//1095
f 4311//1152 4785//1097 4784//1096
f 2407//1074 2443//966 4785//1097
f 2408//1075 2444//967 3720//858
f 2409//1076 2445//968 2444//967
f 2410//1077 2446//1222 2445//968
f 2411//1078 2447//1098 2446//1222
f 2412//1079 2448//1099 2447//1098
f 2413//1080 2449//1178 2448//1099
f 2414//1081 2450//1207 2449//1178
f 2415//1082 2451//1179 2450//1207
f 2416//1083 2452//1180 2451//1179
f 2417//1157 2453//1181 2452//1180
f 2418//1158 2454//1182 2453//1181
f 2419//1159 3442//1357 2454//1182
f 2420//1160 3443//979 3442//1357
f 2421//1088 3372//980 3443//979
f 2422//1161 3373//1208 3372//980
f 3827//1162 3301//982 3373//1208
f 4506//1163 3302//983 3301//982
f 2425//1092 2461//984 3302//983
f 2426//949 2462//985 2461//984
f 2427//950 2463//986 2462//985
f 2428//951 2464//987 2463//986
f 2429//952 2465//988 2464//987
f 2430//953 4168//989 2465//988
f 2431//954 2467//1109 4168//989
f 2432//955 2468//1110 2467//1109
f 2433//956 2469//848 2468//1110
f 2434//957 3961//849 2469//848
f 2435//958 3924//850 3961//849
f 2436//959 3925//851 3924//850
f 2437//960 3998//1184 3925//851
f 2438//1170 3838//853 3998//1184
f 2439//962 3796//1185 3838//853
f 2440//1171 3763//1186 3796//1185
f 2441//1206 3565//856 3763//1186
f 2442//1173 3566//857 3565//856
f 4807//1174 3650//858 3566//857
f 3721//1175 3863//1111 3555//1234
f 4484//1176 3681//1210 3863//1111
f 4507//1177 3682//1112 3681//1210
f 4532//970 4019//1006 3682//1112
f 4660//971 3994//1007 4019//1006
f 4603//972 3834//1008 3994//1007
f 4604//973 2486//1217 3834//1008
f 4631//974 2487//1115 2486//1217
f 4686//975 2488//1218 2487//1115
f 4687//976 2489//1240 2488//1218
f 4717//977 2490//1223 2489//1240
f 2455//1100 4256//1247 2490//1223
f 2456//1101 4228//1116 4256//1247
f 2457//1102 4082//1117 4228//1116
f 2458//981 3110//1118 4082//1117
f 2459//1103 3060//1188 3110//1118
f 2460//1104 3061//1189 3060//1188
f 4843//1105 3153//1190 3061//1189
f 4862//1106 3154//1021 3153//1190
f 4233//1107 3570//1022 3154//1021
f 4234//1108 3490//1230 3570//1022
f 4167//1183 3382//1231 3490//1230
f 2466//1209 3383//1232 3382//1231
f 4195//990 4811//1026 3383//1232
f 4485//991 4830//1027 4811//1026
f 4346//992 4865//1028 4830//1027
f 2470//993 2506//1211 4865//1028
f 2471//994 2507//1030 2506//1211
f 2472//995 2508//1031 2507//1030
f 2473//996 2509//1032 2508//1031
f 2474//997 2510//1124 2509//1032
f 2475//998 2511//1125 2510//1124
f 2476//999 2512//1126 2511//1125
f 2477//1000 2513//1127 2512//1126
f 2478//1001 2514//1194 2513//1127
f 2479//1002 3809//1234 2514//1194
f 2480//1003 2516//1195 4282//1153
f 2481//1004 2517//1128 2516//1195
f 2482//1005 3416//1041 2517//1128
f 2483//1187 3417//1042 3416//1041
f 2484//1113 3449//1043 3417//1042
f 2485//1114 3530//1261 3449//1043
f 3835//1009 3279//1045 3530//1261
f 4367//1010 3280//1046 3279//1045
f 4368//1011 3205//1047 3280//1046
f 4426//1012 3058//1048 3205//1047
f 4294//1013 3059//1049 3058//1048
f 2491//1014 2527//1050 3059//1049
f 2492//1015 2528//1051 2527//1050
f 2493//1016 2529//1052 2528//1051
f 2494//1017 2530//1219 2529//1052
f 2495//1241 2531//1141 2530//1219
f 2496//1019 2532//1142 2531//1141
f 2497//1020 3862//1143 2532//1142
f 2498//1119 3831//1144 3862//1143
f 2499//1120 3832//1145 3831//1144
f 2500//1023 4050//1146 3832//1145
f 2501//1024 3719//1197 4050//1146
f 2502//1025 3680//1198 3719//1197
f 2503//1121 3648//1235 3680//1198
f 2504//1122 3649//1200 3648//1235
f 2505//1123 3592//1212 3649//1200
f 4738//1029 3563//1065 3592//1212
f 4739//1191 3564//1213 3563//1065
f 4694//1192 3795//1214 3564//1213
f 4612//1193 3896//1148 3795//1214
f 4613//1033 3960//1069 3896//1148
f 4638//1034 3922//1070 3960//1069
f 4667//1035 3923//1239 3922//1070
f 4719//1036 2549//1072 3923//1239
f 4720//1037 2550//1073 2549//1072
f 2515//1038 2551//1153 2550//1073
f 4283//1039 2552//1224 2443//966
f 4788//1040 2553//1242 2552//1224
f 2518//1129 2554//1243 2553//1242
f 2519//1130 2555//1154 2554//1243
f 2520//1131 2556//1155 2555//1154
f 2521//1132 2557//1202 2556//1155
f 2522//1133 2558//1156 2557//1202
f 2523//1134 3222//1203 2558//1156
f 2524//1135 3223//1204 3222//1203
f 2525//1136 3322//1084 3223//1204
f 2526//1137 3402//1085 3322//1084
f 4189//1138 3403//1086 3402//1085
f 4225//1139 3473//1087 3403//1086
f 4291//1140 3474//1236 3473//1087
f 4292//1053 4708//1089 3474//1236
f 4393//1054 4650//1090 4708//1089
f 4394//1055 4651//1091 4650//1090
f 2533//1056 2569//1215 4651//1091
f 2534//1057 2570//1220 2569//1215
f 2535//1058 2571//1221 2570//1220
f 2536//1059 2572//1244 2571//1221
f 2537//1060 2573//1164 2572//1244
f 2538//1061 2574//1165 2573//1164
f 2539//1062 2575//1166 2574//1165
f 2540//1063 2576//1167 2575//1166
f 2541//1064 2577//1168 2576//1167
f 2542//1147 2578//1169 2577//1168
f 2543//1066 2579//1205 2578//1169
f 2544//1067 2580//1227 2579//1205
f 2545//1068 3220//1228 2580//1227
f 2546//1201 3221//1093 3220//1228
f 2547//1149 3129//1094 3221//1093
f 2548//1150 3130//1095 3129//1094
f 4025//1151 3036//1096 3130//1095
f 4324//1152 3037//1097 3036//1096
f 4325//1074 3085//966 3037//1097
f 4580//1075 3184//967 3650//858
f 4232//1076 3185//968 3184//967
f 4194//1077 2590//1222 3185//968
f 4165//1078 3982//1098 2590//1222
f 4166//1079 3983//1099 3982//1098
f 4258//1080 2593//1178 3983//1099
f 4872//1081 2594//1207 2593//1178
f 2559//1082 2595//1179 2594//1207
f 2560//1083 3757//1180 2595//1179
f 2561//1157 3758//1181 3757//1180
f 2562//1158 3674//1182 3758//1181
f 2563//1159 3639//978 3674//1182
f 2564//1160 3640//979 3639//978
f 2565//1088 3712//980 3640//979
f 2566//1161 3713//1208 3712//980
f 2567//1162 3788//982 3713//1208
f 2568//1163 3479//983 3788//982
f 4594//1092 3480//984 3479//983
f 4595//949 3407//985 3480//984
f 4627//950 3363//986 3407//985
f 4675//951 3326//987 3363//986
f 4502//952 3327//988 3326//987
f 4503//953 3989//989 3327//988
f 4445//954 4048//1109 3989//989
f 4446//955 2612//1110 4048//1109
f 4760//956 2613//848 2612//1110
f 4780//957 2614//849 2613//848
f 4799//958 2615//850 2614//849
f 4838//959 2616//851 2615//850
f 2581//960 2617//1245 2616//851
f 2582//1170 2618//853 2617//1245
f 2583//962 2619//1185 2618//853
f 2584//1171 2620//1186 2619//1185
f 2585//1206 2621//856 2620//1186
f 2586//1173 2622//857 2621//856
f 2587//1174 4086//858 2622//857
f 2588//1175 3810//1111 3809//1234
f 2589//1176 3368//1210 3810//1111
f 4040//1177 3369//1112 3368//1210
f 2591//970 3486//1006 3369//1112
f 2592//971 3522//1007 3486//1006
f 4362//972 4554//1008 3522//1007
f 4386//973 4555//1217 4554//1008
f 4416//974 4579//1115 4555//1217
f 2596//975 2632//1218 4579//1115
f 2597//976 2633//1240 2632//1218
f 2598//977 2634//1223 2633//1240
f 2599//1100 2635//1247 2634//1223
f 2600//1101 2636//1116 2635//1247
f 2601//1102 2637//1117 2636//1116
f 2602//981 2638//1118 2637//1117
f 2603//1103 2639//1188 2638//1118
f 2604//1104 2640//1189 2639//1188
f 2605//1105 2641//1190 2640//1189
f 2606//1106 2642//1021 2641//1190
f 2607//1107 2643//1022 2642//1021
f 2608//1108 3103//1230 2643//1022
f 2609//1183 3104//1231 3103//1230
f 2610//1209 2646//1232 3104//1231
f 2611//990 3052//1026 2646//1232
f 4049//991 3053//1027 3052//1026
f 4255//992 3439//1028 3053//1027
f 4188//993 3197//1211 3439//1028
f 4159//994 3198//1030 3197//1211
f 4160//995 3233//1031 3198//1030
f 4223//996 3857//1032 3233//1031
f 4224//997 3858//1124 3857//1032
f 4289//998 3888//1125 3858//1124
f 4290//999 3825//1126 3888//1125
f 4806//1000 2657//1127 3825//1126
f 4771//1001 2658//1194 2657//1127
f 2623//1002 4474//1234 2658//1194
f 2624//1003 3672//1195 2551//1153
f 2625//1004 3673//1128 3672//1195
f 2626//1005 3755//1041 3673//1128
f 2627//1187 3756//1042 3755//1041
f 2628//1113 3981//1043 3756//1042
f 2629//1114 3914//1261 3981//1043
f 2630//1246 3887//1045 3914//1261
f 2631//1010 3297//1046 3887//1045
f 4600//1011 3298//1047 3297//1046
f 4827//1012 3406//1048 3298//1047
f 4684//1013 3478//1049 3406//1048
f 4685//1014 3139//1050 3478//1049
f 4423//1015 3140//1051 3139//1050
f 4343//1016 3040//1052 3140//1051
f 4344//1017 3041//1196 3040//1052
f 4366//1018 2675//1141 3041//1196
f 4322//1019 4110//1142 2675//1141
f 4221//1020 4187//1143 4110//1142
f 4222//1119 2678//1144 4187//1143
f 4842//1120 2679//1145 2678//1144
f 2644//1023 2680//1146 2679//1145
f 2645//1024 2681//1197 2680//1146
f 4885//1025 2682//1198 2681//1197
f 2647//1121 2683//1235 2682//1198
f 2648//1122 2684//1200 2683//1235
f 2649//1123 2685//1212 2684//1200
f 2650//1029 2686//1065 2685//1212
f 2651//1191 2687//1213 2686//1065
f 2652//1192 2688//1214 2687//1213
f 2653//1193 2689//1148 2688//1214
f 2654//1033 2690//1069 2689//1148
f 2655//1034 3526//1070 2690//1069
f 2656//1035 3527//1239 3526//1070
f 3710//1036 4635//1072 3527//1239
f 3711//1037 4663//1073 4635//1072
f 2659//1038 3702//1153 4663//1073
f 2660//1039 2696//1224 3085//966
f 2661//1040 2697//1242 2696//1224
f 2662//1129 2698//1243 2697//1242
f 2663//1130 2699//1154 2698//1243
f 2664//1131 2700//1155 2699//1154
f 2665//1132 2701//1202 2700//1155
f 2666//1133 2702//1156 2701//1202
f 2667//1134 2703//1203 2702//1156
f 2668//1135 2704//1204 2703//1203
f 2669//1136 4112//1084 2704//1204
f 2670//1137 2706//1085 4112//1084
f 2671//1138 4052//1086 2706//1085
f 2672//1139 3108//1087 4052//1086
f 2673//1140 3109//1236 3108//1087
f 2674//1053 3152//1089 3109//1236
f 4109//1054 3203//1090 3152//1089
f 2676//1055 3377//1091 3203//1090
f 2677//1056 3306//1215 3377//1091
f 4253//1057 3307//1220 3306//1215
f 4254//1058 3338//1221 3307//1220
f 4452//1059 3802//1226 3338//1221
f 4392//1060 3962//1164 3802//1226
f 4364//1061 4000//1165 3962//1164
f 4365//1062 3654//1166 4000//1165
f 4755//1063 3655//1167 3654//1166
f 4809//1064 3595//1168 3655//1167
f 4846//1147 3596//1169 3595//1168
f 4664//1066 3628//1205 3596//1169
f 4665//1067 4432//1227 3628//1205
f 4607//1068 3800//1228 4432//1227
f 4585//1201 3801//1093 3800//1228
f 2691//1149 3869//1094 3801//1093
f 2692//1150 3870//1095 3869//1094
f 2693//1151 3927//1096 3870//1095
f 2694//1152 3206//1097 3927//1096
f 2695//1074 3207//1349 3206//1097
f 4085//1075 3114//967 4086//858
f 4753//1076 3115//968 3114//967
f 4754//1077 3531//969 3115//968
f 4296//1078 4886//1098 3531//969
f 4297//1079 3283//1099 4886//1098
f 4430//1080 3066//1178 3283//1099
f 4455//1081 3067//1207 3066//1178
f 4162//1082 4832//1179 3067//1207
f 4163//1083 2740//1180 4832//1179
f 2705//1157 2741//1181 2740//1180
f 4113//1158 2742//1182 2741//1181
f 2707//1159 2743//978 2742//1182
f 2708//1160 2744//979 2743//978
f 2709//1088 2745//980 2744//979
f 2710//1161 2746//1208 2745//980
f 2711//1162 2747//982 2746//1208
f 2712//1163 2748//983 2747//982
f 2713//1092 2749//984 2748//983
f 2714//949 2750//985 2749//984
f 2715//950 2751//986 2750//985
f 2716//951 2752//1237 2751//986
f 2717//952 2753//988 2752//1237
f 2718//953 3444//989 2753//988
f 2719//954 3445//1109 3444//989
f 2720//1216 3374//1110 3445//1109
f 2721//956 3274//848 3374//1110
f 2722//957 3275//849 3274//848
f 2723//958 2759//850 3275//849
f 2724//959 2760//851 2759//850
f 2725//960 2761//1245 2760//851
f 2726//1170 2762//853 2761//1245
f 2727//962 2763//1252 2762//853
f 2728//1248 2764//1253 2763//1252
f 2729//1249 2765//1254 2764//1253
f 2730//1250 2766//1255 2765//1254
f 2731//1251 2767//1256 2766//1255
f 2732//1175 4293//1111 4474//1234
f 2733//1176 4190//1210 4293//1111
f 2734//1177 3992//1112 4190//1210
f 2735//970 3993//1006 3992//1112
f 2736//971 3917//1007 3993//1006
f 2737//972 3833//1008 3917//1007
f 2738//973 3303//1217 3833//1008
f 2739//974 3304//1115 3303//1217
f 4812//975 3335//1218 3304//1115
f 4259//976 3410//1240 3335//1218
f 4260//977 3411//1223 3410//1240
f 4326//1100 3717//1247 3411//1223
f 4327//1101 3643//1116 3717//1247
f 4371//1102 3558//1117 3643//1116
f 4372//981 3559//1118 3558//1117
f 4632//1103 3590//1188 3559//1118
f 4605//1104 3616//1189 3590//1188
f 4606//1105 3676//1190 3616//1189
f 4557//1106 2786//1021 3676//1190
f 4537//1107 2787//1022 2786//1021
f 4538//1108 2788//1230 2787//1022
f 4581//1183 4247//1231 2788//1230
f 2754//1209 4215//1232 4247//1231
f 2755//990 3954//1026 4215//1232
f 2756//991 3955//1027 3954//1026
f 2757//992 4043//1028 3955//1027
f 2758//993 4882//1211 4043//1028
f 4751//994 4874//1030 4882//1211
f 4772//995 3044//1031 4874//1030
f 4808//996 3045//1032 3044//1031
f 4226//997 3436//1124 3045//1032
f 4227//1402 3097//1340 3436//1124
f 4161//1399 3098//1341 3097//1340
f 2765//1254 3229//1350 3098//1341
f 2766//1255 2802//1258 3229//1350
f 2767//1256 2803//1259 2802//1258
f 2768//1003 3703//1195 3702//1153
f 2769//1004 2805//1128 3703//1195
f 2770//1005 2806//1041 2805//1128
f 2771//1187 2807//1042 2806//1041
f 2772//1113 2808//1043 2807//1042
f 2773//1114 2809//1261 2808//1043
f 2774//1009 2810//1045 2809//1261
f 2775//1010 2811//1046 2810//1045
f 2776//1011 2812//1047 2811//1046
f 2777//1012 2813//1262 2812//1047
f 2778//1013 2814//1263 2813//1262
f 2779//1014 2815//1264 2814//1263
f 2780//1015 2816//1265 2815//1264
f 2781//1016 2817//1266 2816//1265
f 2782//1017 2818//1267 2817//1266
f 2783//1018 2819//1268 2818//1267
f 2784//1019 2820//1269 2819//1268
f 2785//1020 2821//1270 2820//1269
f 3677//1119 2822//1271 2821//1270
f 4319//1120 2823//1272 2822//1271
f 4320//1023 2824//1273 2823//1272
f 2789//1024 2825//1274 2824//1273
f 2790//1025 2826//1275 2825//1274
f 2791//1121 2827//1276 2826//1275
f 2792//1122 2828//1277 2827//1276
f 2793//1123 2829//1278 2828//1277
f 2794//1029 2830//1279 2829//1278
f 2795//1191 2831//1280 2830//1279
f 2796//1192 2832//1281 2831//1280
f 2797//1193 3813//1148 2832//1281
f 2798//1033 3814//1069 3813//1148
f 2799//1034 3851//1070 3814//1069
f 2800//1035 3909//1384 3851//1070
f 2801//1257 3663//1373 3909//1384
f 2802//1258 2838//1287 3663//1373
f 2803//1259 2839//1288 2838//1287
f 2804//1260 3504//1363 3207//1349
f 4679//1424 3505//1364 3504//1363
f 4657//1423 3548//1366 3505//1364
f 4424//1409 3582//1370 3548//1366
f 4425//1410 3634//1371 3582//1370
f 4508//1415 3635//1372 3634//1371
f 4549//1419 3949//1386 3635//1372
f 4527//1417 3883//1382 3949//1386
f 4528//1418 3781//1376 3883//1382
f 2813//1262 2849//1298 3781//1376
f 2814//1263 2850//1299 2849//1298
f 2815//1264 2851//1300 2850//1299
f 2816//1265 2852//1301 2851//1300
f 2817//1266 2853//1302 2852//1301
f 2818//1267 2854//1303 2853//1302
f 2819//1268 4073//1388 2854//1303
f 2820//1269 4074//1389 4073//1388
f 2821//1270 2857//1306 4074//1389
f 2822//1271 3131//1344 2857//1306
f 2823//1272 3088//1338 3131//1344
f 2824//1273 3089//1339 3088//1338
f 2825//1274 2861//1310 3089//1339
f 2826//1275 2862//1311 2861//1310
f 2827//1276 2863//1312 2862//1311
f 2828//1277 2864//1313 2863//1312
f 2829//1278 2865//1314 2864//1313
f 2830//1279 2866//1315 2865//1314
f 2831//1280 2867//1316 2866//1315
f 2832//1281 2868//1317 2867//1316
f 2833//1282 2869//1318 2868//1317
f 2834//1283 2870//1319 2869//1318
f 2835//1284 2871//1320 2870//1319
f 2836//1285 2872//1321 2871//1320
f 2837//1286 2873//274 2872//1321
f 2838//1287 2874//253 2873//274
f 2839//1288 2875//232 2874//253
f 2840//1289 2876//1322 2767//1256
f 2841//1290 2877//1323 2876//1322
f 2842//1291 2878//1324 2877//1323
f 2843//1292 2879//145 2878//1324
f 2844//1293 2880//1325 2879//145
f 2845//1294 2881//1326 2880//1325
f 2846//1295 2882//81 2881//1326
f 2847//1296 2883//50 2882//81
f 2848//1297 2884//49 2883//50
f 3782//1377 2885//792 2884//49
f 4312//1406 2886//771 2885//792
f 4337//1408 2887//750 2886//771
f 4151//1396 2888//729 2887//750
f 4152//1397 2889//1327 2888//729
f 4101//1391 2890//687 2889//1327
f 2855//1304 2891//665 2890//687
f 2856//1305 2892//643 2891//665
f 4859//1432 2893//622 2892//643
f 2858//1307 2894//1328 2893//622
f 2859//1308 2895//578 2894//1328
f 2860//1309 2896//557 2895//578
f 2861//1310 2897//535 2896//557
f 2862//1311 2898//513 2897//535
f 2863//1312 2899//491 2898//513
f 2864//1313 2900//469 2899//491
f 2865//1314 2901//447 2900//469
f 2866//1315 2902//1329 2901//447
f 2867//1316 2903//1330 2902//1329
f 2868//1317 2904//384 2903//1330
f 2869//1318 2905//361 2904//384
f 2870//1319 2906//1331 2905//361
f 2871//1320 2907//318 2906//1331
f 2872//1321 3968//296 2907//318
f 2873//274 2909//274 3968//296
f 2874//253 2910//253 2909//274
f 2876//1322 2911//1332 2803//1259
f 2877//1323 2912//1333 2911//1332
f 2878//1324 2913//1324 2912//1333
f 2879//145 2914//145 2913//1324
f 2880//1325 2915//1325 2914//145
f 2881//1326 2916//1326 2915//1325
f 2882//81 2917//81 2916//1326
f 2883//50 2918//50 2917//81
f 2884//49 2919//49 2918//50
f 2885//792 2920//792 2919//49
f 2886//771 2921//771 2920//792
f 2887//750 2922//750 2921//771
f 2888//729 2923//729 2922//750
f 2889//1327 2924//1327 2923//729
f 2890//687 2925//687 2924//1327
f 2891//665 2926//665 2925//687
f 2892//643 2927//643 2926//665
f 2893//622 3599//622 2927//643
f 2894//1328 4622//1328 3599//622
f 2895//578 4590//578 4622//1328
f 2896//557 4571//557 4590//578
f 2897//535 2932//535 4571//557
f 2898//513 2933//513 2932//535
f 2899//491 2934//491 2933//513
f 2900//469 2935//469 2934//491
f 2901//447 2936//447 2935//469
f 2902//1329 2937//1329 2936//447
f 2903//1330 2938//1330 2937//1329
f 2904//384 2939//384 2938//1330
f 2905//361 2940//361 2939//384
f 2906//1331 2941//1331 2940//361
f 2907//318 2942//1334 2941//1331
f 2911//1332 2943//1335 2839//1288
f 2912//1333 2944//188 2943//1335
f 2913//1324 2945//1324 2944//188
f 2914//145 2946//145 2945//1324
f 2915//1325 2947//1325 2946//145
f 2916//1326 2948//1326 2947//1325
f 2917//81 2949//81 2948//1326
f 2918//50 2950//50 2949//81
f 2919//49 2951//49 2950//50
f 2920//792 2952//792 2951//49
f 2921//771 2953//771 2952//792
f 2922//750 2954//750 2953//771
f 2923//729 2955//729 2954//750
f 2924//1327 2956//1327 2955//729
f 2925//687 2957//687 2956//1327
f 2926//665 2958//665 2957//687
f 2927//643 3600//643 2958//665
f 2943//1335 3193//210 2875//232
f 2944//188 3612//188 3193//210
f 2945//1324 2962//1324 3612//188
f 2946//145 2963//145 2962//1324
f 2947//1325 2964//1325 2963//145
f 2948//1326 2965//1326 2964//1325
f 2949//81 2966//81 2965//1326
f 2950//50 2967//50 2966//81
f 2951//49 2968//49 2967//50
f 2952//792 2969//792 2968//49
f 2953//771 2970//771 2969//792
f 2954//750 3268//750 2970//771
f 2955//729 3269//729 3268//750
f 2956//1327 2973//1327 3269//729
