# Blender 5.0.1
# www.blender.org
o Floor_Lamp_Plug
v -2.917482 0.329812 0.014979
v -2.905848 0.332765 -0.026558
v -2.918037 0.356272 0.004183
v -2.912804 0.357133 -0.016565
v -2.951320 0.332600 0.006559
v -2.941647 0.335715 -0.035465
v -2.941726 0.358223 -0.001711
v -2.936493 0.359084 -0.022459
v -2.932483 0.337458 0.026543
v -2.931786 0.347746 0.027146
v -2.942475 0.338281 0.024057
v -2.941777 0.348569 0.024660
v -2.924175 0.334122 0.017273
v -2.925526 0.353376 0.017804
v -2.942014 0.354734 0.013702
v -2.945908 0.335912 0.011866
v -2.904242 0.356331 -0.025174
v -2.921117 0.355330 0.015060
v -2.944272 0.357237 0.009299
v -2.940062 0.359282 -0.034087
v -2.912230 0.362375 -0.013281
v -2.916058 0.361746 0.001894
v -2.941567 0.363847 -0.004453
v -2.937739 0.364477 -0.019628
v -2.928323 0.349948 0.021838
v -2.941984 0.351074 0.018439
v -2.942920 0.337016 0.017547
v -2.929259 0.335890 0.020946
v -2.907845 0.330011 -0.018520
v -2.906061 0.356195 -0.016984
v -2.942317 0.359182 -0.026005
v -2.944094 0.332997 -0.027539
v -2.914283 0.355361 0.007546
v -2.946705 0.358033 -0.000521
v -2.950412 0.332004 -0.002476
v -2.914164 0.329017 0.006543
v -2.924451 0.325555 0.013044
v -2.944920 0.327241 0.007951
v -2.934837 0.332760 -0.034195
v -2.912745 0.330940 -0.028698
v -2.937318 0.327613 -0.026054
v -2.915207 0.325792 -0.020552
v -2.943639 0.326573 -0.000993
v -2.921528 0.324752 0.004508
v -2.941173 0.330688 0.012185
v -2.929225 0.329704 0.015157
v -2.904383 0.349994 -0.025799
v -2.950461 0.352067 0.007584
v -2.940636 0.352981 -0.034819
v -2.947021 0.350258 0.011565
v -2.920859 0.348102 0.018075
v -2.915728 0.349205 0.016226
v -2.943211 0.352668 -0.026500
v -2.906082 0.349609 -0.017262
v -2.912390 0.348754 0.007809
v -2.949520 0.351813 -0.001429
v -2.916633 0.360304 0.004384
v -2.942447 0.362430 -0.002039
v -2.937343 0.363270 -0.022273
v -2.911530 0.361144 -0.015850
v -2.937127 0.357569 0.004672
v -2.925134 0.356581 0.007656
v -2.917401 0.357853 -0.023003
v -2.929394 0.358841 -0.025987
v -2.937338 0.363428 -0.000709
v -2.921550 0.362127 0.003219
v -2.916446 0.362966 -0.017015
v -2.932235 0.364267 -0.020943
v -2.931055 0.363067 -0.026084
v -2.915266 0.361766 -0.022156
v -2.922922 0.360507 0.008195
v -2.938710 0.361808 0.004267
v -2.937555 0.360140 -0.022456
v -2.942659 0.359301 -0.002222
v -2.911742 0.358014 -0.016033
v -2.916845 0.357174 0.004200
v -2.938922 0.358678 0.004083
v -2.923134 0.357377 0.008012
v -2.915478 0.358637 -0.022339
v -2.931267 0.359937 -0.026267
v -2.919617 0.356242 0.005431
v -2.911573 0.357169 -0.019702
v -2.936004 0.359182 -0.025781
v -2.940855 0.357992 0.000146
v -2.910956 0.357123 -0.027161
v -2.933089 0.358947 -0.032668
v -2.911251 0.350598 -0.028157
v -2.933374 0.352421 -0.033662
v -2.906836 0.330229 -0.022527
v -2.906235 0.330691 -0.024925
v -2.905943 0.331636 -0.026126
v -2.904174 0.353162 -0.025608
v -2.904090 0.355042 -0.025459
v -2.904133 0.355983 -0.025311
v -2.916922 0.355375 0.011022
v -2.919079 0.355429 0.013018
v -2.920310 0.355421 0.014230
v -2.939003 0.356925 0.010566
v -2.932662 0.356444 0.012119
v -2.926340 0.355882 0.013716
v -2.936566 0.359228 -0.033526
v -2.938621 0.359361 -0.033990
v -2.939660 0.359358 -0.034132
v -2.946024 0.357773 0.003781
v -2.945070 0.357570 0.006551
v -2.944569 0.357420 0.008195
v -2.950169 0.355027 0.007780
v -2.949421 0.356632 0.008028
v -2.947647 0.357246 0.008483
v -2.940940 0.348417 -0.035078
v -2.941262 0.343305 -0.035322
v -2.941515 0.338702 -0.035457
v -2.951380 0.331894 0.001467
v -2.951843 0.331929 0.003915
v -2.951818 0.332151 0.005427
v -2.948159 0.327584 0.007148
v -2.950078 0.328270 0.006693
v -2.951017 0.329782 0.006519
v -2.909291 0.330706 -0.027830
v -2.907257 0.330898 -0.027260
v -2.906237 0.331699 -0.026849
v -2.931281 0.345580 0.027532
v -2.931164 0.342491 0.027609
v -2.931695 0.339476 0.027174
v -2.928908 0.349623 0.023510
v -2.929674 0.349201 0.025159
v -2.930729 0.348515 0.026448
v -2.939777 0.349138 0.025537
v -2.936829 0.349264 0.026461
v -2.933849 0.348650 0.027012
v -2.943793 0.356931 0.010384
v -2.943165 0.356444 0.011513
v -2.942527 0.355727 0.012636
v -2.942302 0.350726 0.020178
v -2.942468 0.350255 0.021975
v -2.942255 0.349464 0.023581
v -2.943144 0.340420 0.024326
v -2.943345 0.343495 0.024578
v -2.942730 0.346524 0.024683
v -2.943230 0.336939 0.019341
v -2.943359 0.337083 0.021195
v -2.943059 0.337597 0.022884
v -2.934649 0.336861 0.026321
v -2.937680 0.336722 0.025726
v -2.940577 0.337350 0.024846
v -2.928653 0.335945 0.019484
v -2.927685 0.335744 0.018409
v -2.926109 0.335102 0.017741
v -2.928335 0.329965 0.015629
v -2.927151 0.330558 0.016190
v -2.925659 0.331789 0.016752
v -2.946912 0.347806 0.011741
v -2.946794 0.344016 0.011857
v -2.946545 0.339729 0.011854
v -2.929227 0.354304 0.016934
v -2.933722 0.354882 0.015832
v -2.938240 0.355047 0.014691
v -2.921207 0.349364 0.018290
v -2.921888 0.350797 0.018429
v -2.923175 0.352170 0.018295
v -2.915617 0.352181 0.016376
v -2.916136 0.353890 0.016310
v -2.917798 0.354787 0.015910
v -2.922090 0.355143 0.015784
v -2.923239 0.354802 0.016471
v -2.924430 0.354237 0.017138
v -2.912962 0.356853 -0.011613
v -2.914053 0.356589 -0.005846
v -2.915828 0.356382 -0.000252
v -2.924052 0.356479 0.007906
v -2.922507 0.356369 0.007781
v -2.920400 0.356283 0.006741
v -2.930477 0.358914 -0.026225
v -2.932024 0.358999 -0.026083
v -2.934130 0.359075 -0.025028
v -2.938702 0.358974 -0.018017
v -2.940477 0.358766 -0.012421
v -2.941568 0.358502 -0.006656
v -2.935030 0.358999 -0.023772
v -2.934886 0.358940 -0.022801
v -2.935554 0.358984 -0.022468
v -2.941482 0.358016 0.000352
v -2.942639 0.358054 0.000306
v -2.944622 0.358092 -0.000058
v -2.937508 0.360835 -0.022415
v -2.937452 0.361665 -0.022367
v -2.937394 0.362514 -0.022317
v -2.919172 0.356178 0.005903
v -2.918159 0.356037 0.006396
v -2.916281 0.355758 0.006993
v -2.912939 0.362279 -0.010176
v -2.914040 0.362109 -0.005665
v -2.915210 0.361906 -0.001173
v -2.919069 0.361924 0.003779
v -2.917532 0.361808 0.003758
v -2.916595 0.361757 0.002996
v -2.934716 0.364466 -0.021503
v -2.936255 0.364557 -0.021483
v -2.937196 0.364544 -0.020725
v -2.938581 0.364392 -0.016556
v -2.939749 0.364227 -0.012062
v -2.940852 0.364018 -0.007553
v -2.916584 0.360879 0.004362
v -2.916484 0.361289 0.004001
v -2.916289 0.361574 0.003066
v -2.942676 0.358823 -0.002241
v -2.942585 0.358528 -0.002196
v -2.942299 0.358350 -0.002036
v -2.937315 0.363840 -0.022184
v -2.937361 0.364215 -0.021776
v -2.937524 0.364413 -0.020813
v -2.911790 0.357539 -0.016069
v -2.911918 0.357266 -0.016137
v -2.912224 0.357146 -0.016287
v -2.926423 0.352230 0.018504
v -2.927150 0.351130 0.019346
v -2.927763 0.350392 0.020440
v -2.941735 0.353491 0.014694
v -2.941664 0.352326 0.015734
v -2.941752 0.351545 0.016959
v -2.944292 0.336600 0.013217
v -2.943132 0.337017 0.014566
v -2.942759 0.337107 0.015975
v -2.931533 0.336647 0.025752
v -2.930565 0.336029 0.024378
v -2.929836 0.335836 0.022673
v -2.927102 0.339118 0.021631
v -2.926189 0.343013 0.022025
v -2.926588 0.346802 0.022109
v -2.931301 0.352043 0.021198
v -2.934995 0.352964 0.020313
v -2.938767 0.352658 0.019341
v -2.944107 0.348246 0.017750
v -2.945000 0.344563 0.017345
v -2.944621 0.340561 0.017272
v -2.939959 0.334634 0.018161
v -2.936269 0.333614 0.019026
v -2.932492 0.334019 0.020019
v -2.912720 0.329228 0.000812
v -2.911015 0.329495 -0.005953
v -2.909305 0.329772 -0.012736
v -2.904256 0.356404 -0.024673
v -2.904482 0.356427 -0.023415
v -2.905055 0.356357 -0.020994
v -2.940276 0.359371 -0.033635
v -2.940664 0.359408 -0.032417
v -2.941302 0.359343 -0.030013
v -2.941946 0.334602 -0.035084
v -2.942403 0.333671 -0.033924
v -2.943072 0.333214 -0.031544
v -2.911742 0.325582 -0.019687
v -2.909658 0.325938 -0.019147
v -2.908508 0.327276 -0.018801
v -2.943516 0.348065 -0.026768
v -2.943832 0.342682 -0.027071
v -2.944058 0.337375 -0.027349
v -2.905874 0.352781 -0.017078
v -2.905791 0.354688 -0.016978
v -2.905848 0.355703 -0.016951
v -2.907549 0.355958 -0.011207
v -2.909468 0.355699 -0.004482
v -2.911738 0.355480 0.002124
v -2.943746 0.358940 -0.020213
v -2.945245 0.358647 -0.013384
v -2.946377 0.358333 -0.006495
v -2.945554 0.332758 -0.021755
v -2.947265 0.332482 -0.014972
v -2.948970 0.332215 -0.008207
v -2.916590 0.329248 0.014192
v -2.915900 0.328968 0.012858
v -2.915171 0.328911 0.010476
v -2.912213 0.351914 0.007984
v -2.912341 0.353802 0.008024
v -2.912966 0.354818 0.007890
v -2.949826 0.347195 -0.001698
v -2.950144 0.341775 -0.002003
v -2.950373 0.336422 -0.002283
v -2.918063 0.324542 0.005374
v -2.915979 0.324904 0.005914
v -2.914828 0.326255 0.006261
v -2.918144 0.327074 0.014698
v -2.919254 0.325731 0.014363
v -2.921220 0.325364 0.013851
v -2.929145 0.325942 0.011876
v -2.934678 0.326398 0.010500
v -2.940214 0.326854 0.009122
v -2.941322 0.334589 -0.035579
v -2.940342 0.333623 -0.035492
v -2.938309 0.333097 -0.035050
v -2.929763 0.332342 -0.032933
v -2.923782 0.331849 -0.031445
v -2.917806 0.331357 -0.029958
v -2.943793 0.330183 -0.027580
v -2.942818 0.328670 -0.027397
v -2.940788 0.327975 -0.026914
v -2.932242 0.327195 -0.024791
v -2.926256 0.326702 -0.023302
v -2.920274 0.326209 -0.021813
v -2.950112 0.329162 -0.002518
v -2.949139 0.327635 -0.002336
v -2.947109 0.326935 -0.001853
v -2.938563 0.326155 0.000270
v -2.932578 0.325662 0.001759
v -2.926595 0.325169 0.003248
v -2.944609 0.326425 0.002947
v -2.945111 0.326438 0.005385
v -2.945197 0.326685 0.006870
v -2.922530 0.324607 0.008441
v -2.923216 0.324634 0.010833
v -2.923789 0.324921 0.012197
v -2.938782 0.327374 -0.020270
v -2.940495 0.327092 -0.013488
v -2.942199 0.326811 -0.006723
v -2.916668 0.325552 -0.014768
v -2.918379 0.325270 -0.007985
v -2.920085 0.324990 -0.001221
v -2.935192 0.329959 -0.033711
v -2.935631 0.328480 -0.032473
v -2.936292 0.327854 -0.030061
v -2.913099 0.328139 -0.028214
v -2.913532 0.326659 -0.026975
v -2.914188 0.326033 -0.024561
v -2.944325 0.328130 0.009069
v -2.943426 0.329158 0.010237
v -2.942266 0.330089 0.011348
v -2.944727 0.333360 0.012008
v -2.943348 0.331892 0.012160
v -2.942137 0.331102 0.012195
v -2.938737 0.330742 0.013022
v -2.935256 0.330588 0.014019
v -2.931733 0.330165 0.014765
v -2.916934 0.334149 0.015297
v -2.916447 0.339417 0.015638
v -2.916038 0.344730 0.015962
v -2.925367 0.326568 0.013786
v -2.926556 0.327768 0.014434
v -2.927961 0.328910 0.014908
v -2.905512 0.335736 -0.026499
v -2.905091 0.340325 -0.026323
v -2.904700 0.345431 -0.026061
v -2.922212 0.332971 0.016786
v -2.920371 0.331785 0.016238
v -2.918759 0.330690 0.015634
v -2.940152 0.358950 -0.034273
v -2.940270 0.358022 -0.034462
v -2.940419 0.356148 -0.034626
v -2.944478 0.353925 0.012995
v -2.945873 0.352773 0.012461
v -2.946623 0.351458 0.011967
v -2.923029 0.337792 0.017705
v -2.922154 0.341986 0.017987
v -2.921414 0.345705 0.018085
v -2.942609 0.358731 -0.026097
v -2.942811 0.357738 -0.026189
v -2.942989 0.355839 -0.026313
v -2.907300 0.334346 -0.018203
v -2.906813 0.339632 -0.017861
v -2.906401 0.345007 -0.017534
v -2.913615 0.333394 0.006863
v -2.913125 0.338726 0.007208
v -2.912710 0.344137 0.007537
v -2.948110 0.357713 -0.000854
v -2.948881 0.356812 -0.001068
v -2.949268 0.354966 -0.001236
v -2.950482 0.351816 0.002520
v -2.950944 0.351905 0.004971
v -2.950930 0.352011 0.006476
v -2.913390 0.348760 0.011748
v -2.914115 0.348870 0.014135
v -2.914812 0.349036 0.015462
v -2.907541 0.349372 -0.011478
v -2.909250 0.349111 -0.004694
v -2.910953 0.348885 0.002074
v -2.944670 0.352431 -0.020716
v -2.946379 0.352170 -0.013932
v -2.948082 0.351944 -0.007164
v -2.949600 0.351992 0.008730
v -2.948572 0.351665 0.009880
v -2.947630 0.351006 0.010886
v -2.917023 0.349308 0.016836
v -2.918505 0.349188 0.017361
v -2.919896 0.348721 0.017786
v -2.936854 0.352707 -0.034517
v -2.938939 0.352874 -0.034965
v -2.940057 0.352955 -0.035050
v -2.941059 0.352975 -0.034236
v -2.941526 0.352931 -0.032946
v -2.942192 0.352834 -0.030512
v -2.904299 0.349947 -0.025090
v -2.904506 0.349882 -0.023735
v -2.905076 0.349776 -0.021278
v -2.941937 0.363687 -0.003316
v -2.942246 0.363412 -0.002409
v -2.942391 0.363005 -0.002059
v -2.916798 0.357869 0.004241
v -2.916742 0.358698 0.004290
v -2.916684 0.359548 0.004339
v -2.913403 0.357218 -0.018391
v -2.914017 0.357220 -0.017609
v -2.913611 0.357177 -0.017009
v -2.911875 0.362300 -0.014431
v -2.911599 0.362093 -0.015367
v -2.911508 0.361714 -0.015763
v -2.941462 0.362635 -0.006666
v -2.940123 0.362869 -0.012213
v -2.938671 0.363094 -0.017731
v -2.912515 0.360939 -0.011223
v -2.913853 0.360705 -0.005676
v -2.915306 0.360480 -0.000158
v -2.912816 0.361560 -0.021462
v -2.911496 0.361416 -0.020546
v -2.911127 0.361292 -0.018858
v -2.941160 0.362014 0.003573
v -2.942480 0.362158 0.002657
v -2.942849 0.362282 0.000969
v -2.940860 0.357968 0.001650
v -2.939499 0.357769 0.003553
v -2.938198 0.357644 0.004386
v -2.934694 0.357351 0.005337
v -2.931154 0.357050 0.006260
v -2.927594 0.356766 0.007103
v -2.913671 0.357390 -0.019938
v -2.915032 0.357599 -0.021855
v -2.916332 0.357749 -0.022706
v -2.919835 0.358043 -0.023658
v -2.923377 0.358330 -0.024574
v -2.926935 0.358628 -0.025424
v -2.941609 0.363818 -0.003228
v -2.941140 0.363753 -0.002116
v -2.939792 0.363631 -0.001377
v -2.933719 0.363129 0.000192
v -2.929444 0.362777 0.001255
v -2.925170 0.362425 0.002319
v -2.912182 0.362483 -0.014501
v -2.912647 0.362612 -0.015609
v -2.913993 0.362759 -0.016347
v -2.920066 0.363265 -0.017915
v -2.924341 0.363617 -0.018979
v -2.928615 0.363969 -0.020042
v -2.936270 0.363364 -0.025114
v -2.935143 0.363365 -0.026429
v -2.933544 0.363267 -0.026619
v -2.927435 0.362769 -0.025183
v -2.923160 0.362417 -0.024120
v -2.918886 0.362065 -0.023056
v -2.917706 0.360210 0.007225
v -2.918833 0.360209 0.008540
v -2.920432 0.360307 0.008731
v -2.926542 0.360805 0.007294
v -2.930816 0.361157 0.006231
v -2.935090 0.361509 0.005167
v -2.938875 0.359373 0.004124
v -2.938819 0.360202 0.004173
v -2.938761 0.361051 0.004222
v -2.923087 0.358072 0.008052
v -2.923031 0.358901 0.008101
v -2.922973 0.359751 0.008151
v -2.915431 0.359332 -0.022298
v -2.915375 0.360161 -0.022250
v -2.915318 0.361010 -0.022200
v -2.931220 0.360632 -0.026227
v -2.931164 0.361462 -0.026178
v -2.931106 0.362311 -0.026128
v -2.915247 0.362337 -0.022043
v -2.915359 0.362717 -0.021466
v -2.915720 0.362921 -0.019949
v -2.931036 0.363638 -0.025971
v -2.931148 0.364017 -0.025394
v -2.931509 0.364222 -0.023877
v -2.917596 0.362873 -0.012425
v -2.918990 0.362675 -0.006890
v -2.920387 0.362414 -0.001359
v -2.933385 0.364173 -0.016353
v -2.934778 0.363976 -0.010818
v -2.936176 0.363714 -0.005288
v -2.938651 0.362385 0.004221
v -2.938484 0.362810 0.003692
v -2.938087 0.363139 0.002206
v -2.922863 0.361084 0.008150
v -2.922696 0.361510 0.007620
v -2.922299 0.361839 0.006134
v -2.937141 0.359199 -0.022486
v -2.937466 0.359371 -0.022494
v -2.937570 0.359663 -0.022483
v -2.942498 0.361674 -0.002083
v -2.942556 0.360825 -0.002133
v -2.942612 0.359996 -0.002182
v -2.911581 0.360387 -0.015894
v -2.911638 0.359538 -0.015944
v -2.911695 0.358709 -0.015993
v -2.917382 0.356297 0.004164
v -2.917037 0.356424 0.004161
v -2.916895 0.356699 0.004173
v -2.937981 0.357695 0.004373
v -2.938657 0.357894 0.004146
v -2.938915 0.358199 0.004069
v -2.924236 0.356563 0.007793
v -2.923514 0.356647 0.007914
v -2.923207 0.356905 0.007977
v -2.916541 0.357829 -0.022716
v -2.915846 0.357908 -0.022485
v -2.915550 0.358165 -0.022380
v -2.930285 0.358961 -0.026135
v -2.930989 0.359156 -0.026253
v -2.931258 0.359459 -0.026288
v -2.927647 0.359639 -0.025367
v -2.923373 0.359287 -0.024303
v -2.919098 0.358935 -0.023240
v -2.913029 0.358430 -0.021646
v -2.911709 0.358287 -0.020729
v -2.911339 0.358163 -0.019041
v -2.926754 0.357675 0.007111
v -2.931028 0.358027 0.006047
v -2.935302 0.358380 0.004984
v -2.941372 0.358884 0.003390
v -2.942692 0.359028 0.002473
v -2.943061 0.359152 0.000785
v -2.917918 0.357080 0.007041
v -2.919045 0.357080 0.008357
v -2.920644 0.357177 0.008547
v -2.936482 0.360234 -0.025297
v -2.935356 0.360235 -0.026613
v -2.933757 0.360137 -0.026803
v -2.912727 0.357809 -0.011407
v -2.914065 0.357575 -0.005860
v -2.915518 0.357350 -0.000341
v -2.941674 0.359505 -0.006849
v -2.940336 0.359739 -0.012396
v -2.938883 0.359964 -0.017915
v -2.918993 0.356296 0.004241
v -2.919759 0.356317 0.004453
v -2.919891 0.356293 0.004898
v -2.906476 0.356485 -0.017096
v -2.907279 0.356690 -0.017425
v -2.908728 0.356879 -0.018154
v -2.915245 0.356215 0.000838
v -2.912335 0.356386 -0.005446
v -2.910946 0.356703 -0.012473
v -2.941834 0.359398 -0.025893
v -2.940922 0.359461 -0.025795
v -2.939265 0.359395 -0.025751
v -2.940894 0.358101 -0.001208
v -2.940297 0.358009 -0.000657
v -2.940370 0.357980 -0.000197
v -2.939994 0.359096 -0.019701
v -2.942108 0.358838 -0.012854
v -2.942527 0.358462 -0.005950
v -2.916809 0.357765 -0.023807
v -2.922951 0.358313 -0.026058
v -2.929435 0.358805 -0.026949
v -2.925270 0.356501 0.007558
v -2.931361 0.356933 0.007231
v -2.936885 0.357457 0.004668
v -2.904546 0.356466 -0.025395
v -2.905497 0.356632 -0.025748
v -2.907503 0.356833 -0.026295
v -2.916026 0.357541 -0.028422
v -2.922014 0.358034 -0.029912
v -2.928007 0.358528 -0.031403
v -2.904765 0.350048 -0.026269
v -2.905767 0.350141 -0.026712
v -2.907795 0.350313 -0.027287
v -2.916319 0.351016 -0.029418
v -2.922304 0.351509 -0.030908
v -2.928294 0.352002 -0.032398
v -2.933033 0.358489 -0.033049
v -2.933056 0.357493 -0.033290
v -2.933166 0.355592 -0.033467
v -2.910901 0.356666 -0.027542
v -2.910924 0.355670 -0.027783
v -2.911037 0.353769 -0.027962
v -2.911567 0.345995 -0.028418
v -2.911950 0.340614 -0.028667
v -2.912358 0.335310 -0.028796
v -2.934454 0.337130 -0.034294
v -2.934055 0.342435 -0.034167
v -2.933681 0.347817 -0.033920
v -2.934399 0.359264 -0.029152
v -2.933619 0.359269 -0.030962
v -2.933241 0.359175 -0.032041
v -2.911387 0.357368 -0.023427
v -2.911228 0.357424 -0.025390
v -2.911075 0.357349 -0.026526
v -2.950380 0.333295 0.007766
v -2.949092 0.334151 0.009092
v -2.947565 0.335060 0.010478
v -2.951289 0.336979 0.006749
v -2.951068 0.342269 0.007024
v -2.950757 0.347590 0.007323
v -2.904868 0.352948 -0.021093
v -2.904298 0.353052 -0.023549
v -2.904091 0.353116 -0.024902
v -2.904785 0.354855 -0.020992
v -2.904216 0.354953 -0.023441
v -2.904010 0.355004 -0.024775
v -2.904843 0.355867 -0.020962
v -2.904275 0.355952 -0.023394
v -2.904068 0.355971 -0.024687
v -2.920373 0.360884 0.008685
v -2.918775 0.360786 0.008498
v -2.917652 0.360786 0.007189
v -2.920208 0.361309 0.008158
v -2.918618 0.361209 0.007987
v -2.917516 0.361203 0.006726
v -2.919814 0.361637 0.006679
v -2.918245 0.361531 0.006556
v -2.917203 0.361508 0.005444
v -2.942497 0.348232 -0.030780
v -2.941830 0.348338 -0.033212
v -2.941363 0.348400 -0.034498
v -2.942812 0.342858 -0.031082
v -2.942145 0.343023 -0.033502
v -2.941676 0.343212 -0.034765
v -2.943037 0.337570 -0.031355
v -2.942368 0.337873 -0.033753
v -2.941902 0.338377 -0.034960
v -2.910724 0.325823 -0.023696
v -2.910071 0.326447 -0.026110
v -2.909642 0.327919 -0.027347
v -2.908642 0.326177 -0.023155
v -2.907998 0.326784 -0.025564
v -2.907589 0.328209 -0.026789
v -2.907495 0.327508 -0.022808
v -2.906872 0.328068 -0.025206
v -2.906511 0.329347 -0.026408
v -2.916619 0.324780 -0.000356
v -2.914913 0.325060 -0.007120
v -2.913202 0.325342 -0.013903
v -2.914534 0.325138 0.000185
v -2.912828 0.325417 -0.006579
v -2.911117 0.325698 -0.013362
v -2.913384 0.326482 0.000531
v -2.911678 0.326757 -0.006234
v -2.909967 0.327036 -0.013016
v -2.940362 0.348380 -0.035308
v -2.939246 0.348281 -0.035223
v -2.937161 0.348105 -0.034776
v -2.940705 0.343192 -0.035548
v -2.939610 0.342966 -0.035467
v -2.937534 0.342731 -0.035022
v -2.941024 0.338358 -0.035663
v -2.939984 0.337819 -0.035589
v -2.937930 0.337446 -0.035149
v -2.919921 0.350968 0.017944
v -2.918434 0.351816 0.017507
v -2.916919 0.352149 0.016982
v -2.920477 0.352443 0.017977
v -2.918926 0.353363 0.017480
v -2.917411 0.353777 0.016927
v -2.921835 0.353466 0.017739
v -2.920378 0.354238 0.017167
v -2.918974 0.354630 0.016563
v -2.928512 0.354893 0.016146
v -2.927742 0.355339 0.015354
v -2.926993 0.355662 0.014548
v -2.933452 0.355407 0.014924
v -2.933186 0.355843 0.014000
v -2.932922 0.356189 0.013064
v -2.938406 0.355708 0.013684
v -2.938638 0.356237 0.012643
v -2.938862 0.356640 0.011595
v -2.947771 0.347642 0.010781
v -2.948810 0.347724 0.009675
v -2.949881 0.347708 0.008484
v -2.947852 0.343416 0.010694
v -2.949033 0.342984 0.009455
v -2.950170 0.342604 0.008203
v -2.947837 0.338929 0.010565
v -2.949166 0.338181 0.009239
v -2.950371 0.337516 0.007943
v -2.925841 0.328880 0.015508
v -2.923890 0.327639 0.015120
v -2.922359 0.326396 0.014540
v -2.924394 0.329343 0.016000
v -2.922204 0.328023 0.015593
v -2.920504 0.326757 0.015027
v -2.923204 0.330570 0.016414
v -2.921119 0.329272 0.015938
v -2.919425 0.328052 0.015356
v -2.934010 0.345963 0.027606
v -2.937217 0.346388 0.027067
v -2.940328 0.346484 0.026034
v -2.934121 0.342687 0.027694
v -2.937515 0.342950 0.027125
v -2.940778 0.343235 0.026038
v -2.934451 0.339458 0.027224
v -2.937682 0.339534 0.026665
v -2.940769 0.339979 0.025652
v -2.935542 0.332513 0.015749
v -2.939749 0.334542 0.016556
v -2.940301 0.334288 0.015050
v -2.942304 0.333935 0.013517
v -2.940175 0.332340 0.013739
v -2.939075 0.331422 0.013526
v -2.935376 0.331339 0.014716
v -2.931583 0.330805 0.015390
v -2.930590 0.331550 0.016123
v -2.928391 0.332789 0.016978
v -2.930798 0.333505 0.017414
v -2.931942 0.333898 0.018499
v -2.935885 0.333404 0.017415
v -2.945165 0.346303 0.014204
v -2.943921 0.348856 0.016229
v -2.943918 0.350004 0.014961
v -2.944076 0.351952 0.013949
v -2.945440 0.350101 0.013293
v -2.946243 0.348674 0.012556
v -2.945961 0.344911 0.012932
v -2.945446 0.340523 0.013074
v -2.944705 0.341047 0.014325
v -2.944471 0.340910 0.015707
v -2.944856 0.345171 0.015775
v -2.930829 0.352393 0.019794
v -2.930354 0.352902 0.018666
v -2.929834 0.353588 0.017745
v -2.934614 0.353287 0.018891
v -2.934288 0.353728 0.017726
v -2.933996 0.354291 0.016739
v -2.938471 0.353022 0.017892
v -2.938282 0.353555 0.016693
v -2.938200 0.354278 0.015663
v -2.924314 0.344585 0.019392
v -2.926451 0.339426 0.020191
v -2.925582 0.339471 0.019082
v -2.924433 0.338792 0.018302
v -2.923242 0.343040 0.018585
v -2.922241 0.346697 0.018528
v -2.923065 0.348257 0.018860
v -2.924273 0.350321 0.018876
v -2.925182 0.348461 0.019623
v -2.925948 0.347375 0.020701
v -2.925489 0.343575 0.020594
v -2.938836 0.360659 -0.017874
v -2.940288 0.360434 -0.012355
v -2.941627 0.360200 -0.006808
v -2.938780 0.361488 -0.017825
v -2.940232 0.361264 -0.012307
v -2.941571 0.361029 -0.006760
v -2.938722 0.362338 -0.017775
v -2.940175 0.362113 -0.012257
v -2.941513 0.361879 -0.006710
v -2.923373 0.358264 -0.024520
v -2.932001 0.358880 -0.024783
v -2.928807 0.358713 -0.025533
v -2.927338 0.358634 -0.025595
v -2.923340 0.358300 -0.024701
v -2.919394 0.357980 -0.023619
v -2.918119 0.357833 -0.022874
v -2.915651 0.357533 -0.020715
v -2.917369 0.357686 -0.021677
v -2.917458 0.357739 -0.022603
v -2.923229 0.358272 -0.025012
v -2.929459 0.358728 -0.025589
v -2.930006 0.358727 -0.024822
v -2.909676 0.356586 -0.012060
v -2.911550 0.356309 -0.005167
v -2.914669 0.356149 0.001179
v -2.908658 0.356441 -0.011583
v -2.910778 0.356191 -0.004863
v -2.913886 0.356031 0.001506
v -2.907970 0.356248 -0.011317
v -2.910051 0.355999 -0.004631
v -2.912798 0.355812 0.001841
v -2.938636 0.363916 -0.005932
v -2.937247 0.364177 -0.011433
v -2.935860 0.364373 -0.016937
v -2.940031 0.364028 -0.006501
v -2.938699 0.364279 -0.011795
v -2.937361 0.364467 -0.017090
v -2.940633 0.364063 -0.007149
v -2.939430 0.364292 -0.011979
v -2.938198 0.364464 -0.016804
v -2.933525 0.363838 -0.026507
v -2.935123 0.363935 -0.026319
v -2.936247 0.363934 -0.025011
v -2.933636 0.364217 -0.025933
v -2.935226 0.364313 -0.025762
v -2.936329 0.364308 -0.024501
v -2.933994 0.364421 -0.024422
v -2.935564 0.364513 -0.024300
v -2.936608 0.364502 -0.023190
v -2.915263 0.361054 -0.000155
v -2.913819 0.361278 -0.005644
v -2.912488 0.361511 -0.011161
v -2.915213 0.361461 -0.000348
v -2.913822 0.361679 -0.005628
v -2.912542 0.361900 -0.010936
v -2.915155 0.361736 -0.000819
v -2.913889 0.361941 -0.005634
v -2.912720 0.362136 -0.010474
v -2.938635 0.363665 -0.017667
v -2.940080 0.363442 -0.012178
v -2.941411 0.363209 -0.006661
v -2.938632 0.364049 -0.017428
v -2.940022 0.363837 -0.012147
v -2.941303 0.363610 -0.006839
v -2.938656 0.364273 -0.016927
v -2.939921 0.364086 -0.012111
v -2.941091 0.363872 -0.007272
v -2.929806 0.339177 0.026389
v -2.928563 0.338890 0.025028
v -2.927732 0.338889 0.023337
v -2.929073 0.342406 0.026793
v -2.927721 0.342453 0.025415
v -2.926845 0.342651 0.023721
v -2.929362 0.345725 0.026773
v -2.928075 0.346091 0.025454
v -2.927224 0.346427 0.023790
v -2.933225 0.350338 0.025991
v -2.932456 0.351279 0.024572
v -2.931820 0.351755 0.022878
v -2.936388 0.351143 0.025311
v -2.935918 0.352180 0.023763
v -2.935440 0.352684 0.022010
v -2.939585 0.350862 0.024409
v -2.939450 0.351855 0.022832
v -2.939142 0.352358 0.021056
v -2.944027 0.346934 0.023125
v -2.944478 0.347442 0.021373
v -2.944393 0.347842 0.019518
v -2.944800 0.343701 0.022879
v -2.945330 0.343904 0.021034
v -2.945274 0.344169 0.019136
v -2.944471 0.340385 0.022740
v -2.944965 0.340241 0.020947
v -2.944901 0.340303 0.019065
v -2.940609 0.335762 0.023522
v -2.940591 0.334968 0.021827
v -2.940327 0.334686 0.019968
v -2.937486 0.334949 0.024360
v -2.937142 0.334052 0.022681
v -2.936710 0.333715 0.020834
v -2.934249 0.335238 0.025105
v -2.933597 0.334391 0.023567
v -2.933005 0.334083 0.021790
v -2.948387 0.347335 -0.007433
v -2.946685 0.347565 -0.014200
v -2.944975 0.347828 -0.020984
v -2.948704 0.341936 -0.007736
v -2.947001 0.342177 -0.014503
v -2.945291 0.342444 -0.021287
v -2.948932 0.336609 -0.008015
v -2.947227 0.336864 -0.014781
v -2.945517 0.337136 -0.021564
v -2.910757 0.352051 0.002254
v -2.909046 0.352281 -0.004510
v -2.907333 0.352544 -0.011293
v -2.910764 0.353951 0.002329
v -2.908989 0.354186 -0.004418
v -2.907254 0.354451 -0.011194
v -2.911061 0.354966 0.002288
v -2.909117 0.355201 -0.004411
v -2.907320 0.355465 -0.011169
v -2.914697 0.352099 0.015617
v -2.913988 0.351987 0.014294
v -2.913239 0.351906 0.011915
v -2.915225 0.353879 0.015545
v -2.914455 0.353822 0.014237
v -2.913548 0.353774 0.011903
v -2.916921 0.354833 0.015124
v -2.915993 0.354820 0.013850
v -2.914661 0.354790 0.011632
v -2.951233 0.347431 0.006209
v -2.951251 0.347282 0.004702
v -2.950788 0.347187 0.002250
v -2.951551 0.342001 0.005903
v -2.951571 0.341819 0.004394
v -2.951108 0.341738 0.001943
v -2.951781 0.336611 0.005622
v -2.951803 0.336405 0.004111
v -2.951339 0.336347 0.001661
v -2.920424 0.324721 0.013037
v -2.919782 0.324428 0.011691
v -2.919070 0.324398 0.009305
v -2.918390 0.325091 0.013566
v -2.917713 0.324797 0.012228
v -2.916987 0.324764 0.009845
v -2.917256 0.326458 0.013909
v -2.916566 0.326169 0.012574
v -2.915837 0.326127 0.010192
v -2.951517 0.329281 0.005384
v -2.951543 0.329050 0.003872
v -2.951080 0.329030 0.001423
v -2.950556 0.327741 0.005563
v -2.950572 0.327505 0.004052
v -2.950106 0.327492 0.001605
v -2.948571 0.327039 0.006034
v -2.948553 0.326798 0.004532
v -2.948076 0.326788 0.002088
v -2.940278 0.326279 0.008094
v -2.940083 0.326023 0.006637
v -2.939540 0.326008 0.004209
v -2.934485 0.325802 0.009536
v -2.934156 0.325535 0.008111
v -2.933563 0.325515 0.005696
v -2.928696 0.325325 0.010976
v -2.928233 0.325047 0.009585
v -2.927589 0.325023 0.007182
v -2.948671 0.329389 -0.008249
v -2.946966 0.329664 -0.015013
v -2.945254 0.329943 -0.021796
v -2.947698 0.327870 -0.008066
v -2.945993 0.328149 -0.014831
v -2.944281 0.328430 -0.021614
v -2.945668 0.327173 -0.007583
v -2.943964 0.327454 -0.014348
v -2.942251 0.327735 -0.021131
v -2.937123 0.326393 -0.005460
v -2.935418 0.326674 -0.012225
v -2.933706 0.326955 -0.019007
v -2.931136 0.325900 -0.003971
v -2.929431 0.326181 -0.010735
v -2.927719 0.326462 -0.017518
v -2.925153 0.325407 -0.002482
v -2.923447 0.325688 -0.009246
v -2.921736 0.325969 -0.016029
v -2.942770 0.330414 -0.031585
v -2.942104 0.330970 -0.033973
v -2.941656 0.332242 -0.035152
v -2.941794 0.328908 -0.031404
v -2.941132 0.329513 -0.033808
v -2.940691 0.330936 -0.035026
v -2.939763 0.328215 -0.030921
v -2.939101 0.328838 -0.033333
v -2.938663 0.330310 -0.034568
v -2.931217 0.327436 -0.028798
v -2.930556 0.328062 -0.031211
v -2.930118 0.329541 -0.032449
v -2.925233 0.326943 -0.027309
v -2.924574 0.327569 -0.029722
v -2.924137 0.329048 -0.030961
v -2.919253 0.326450 -0.025821
v -2.918596 0.327076 -0.028235
v -2.918161 0.328556 -0.029474
v -2.946890 0.332521 0.010520
v -2.948676 0.331542 0.009082
v -2.950061 0.330576 0.007733
v -2.945838 0.331110 0.010664
v -2.947747 0.330127 0.009238
v -2.949148 0.329116 0.007900
v -2.944408 0.330410 0.010889
v -2.946101 0.329469 0.009593
v -2.947341 0.328454 0.008325
v -2.939041 0.329893 0.012214
v -2.939552 0.328858 0.011217
v -2.939963 0.327773 0.010157
v -2.935130 0.329633 0.013244
v -2.934991 0.328501 0.012369
v -2.934840 0.327353 0.011434
v -2.931202 0.329247 0.014164
v -2.930428 0.328106 0.013488
v -2.929719 0.326929 0.012706
v -2.948036 0.357397 0.007383
v -2.948250 0.357478 0.005824
v -2.948381 0.357568 0.003242
v -2.949860 0.356732 0.006927
v -2.949930 0.356744 0.005411
v -2.949641 0.356748 0.002923
v -2.950629 0.355059 0.006676
v -2.950648 0.355008 0.005172
v -2.950206 0.354951 0.002718
v -2.916038 0.333666 0.014515
v -2.915347 0.333401 0.013182
v -2.914620 0.333322 0.010798
v -2.915544 0.339035 0.014862
v -2.914853 0.338794 0.013530
v -2.914127 0.338691 0.011145
v -2.915129 0.344457 0.015192
v -2.914435 0.344249 0.013862
v -2.913711 0.344133 0.011476
v -2.912174 0.333581 0.001131
v -2.910470 0.333836 -0.005635
v -2.908759 0.334108 -0.012418
v -2.911685 0.338886 0.001474
v -2.909982 0.339128 -0.005292
v -2.908272 0.339394 -0.012076
v -2.911272 0.344277 0.001802
v -2.909569 0.344507 -0.004965
v -2.907860 0.344770 -0.011749
v -2.947139 0.357938 -0.006688
v -2.945676 0.358212 -0.013507
v -2.944055 0.358492 -0.020310
v -2.947581 0.356984 -0.006832
v -2.945949 0.357231 -0.013614
v -2.944266 0.357500 -0.020403
v -2.947847 0.355107 -0.006974
v -2.946154 0.355338 -0.013743
v -2.944447 0.355601 -0.020528
v -2.945187 0.355390 0.011929
v -2.946071 0.356354 0.010774
v -2.946952 0.356935 0.009601
v -2.946639 0.354598 0.011468
v -2.947617 0.355727 0.010341
v -2.948615 0.356348 0.009163
v -2.947335 0.353226 0.011123
v -2.948297 0.354276 0.010077
v -2.949321 0.354819 0.008920
v -2.921424 0.336753 0.017136
v -2.919762 0.335758 0.016555
v -2.918209 0.334866 0.015946
v -2.920783 0.341186 0.017429
v -2.919242 0.340530 0.016867
v -2.917726 0.339931 0.016276
v -2.920243 0.345374 0.017631
v -2.918810 0.345252 0.017140
v -2.917324 0.345026 0.016584
v -2.907447 0.356378 -0.026674
v -2.905436 0.356190 -0.026113
v -2.904472 0.356059 -0.025709
v -2.907469 0.355384 -0.026913
v -2.905447 0.355207 -0.026342
v -2.904458 0.355101 -0.025911
v -2.907581 0.353483 -0.027092
v -2.905554 0.353311 -0.026517
v -2.904553 0.353216 -0.026076
v -2.941592 0.358894 -0.030106
v -2.940940 0.358973 -0.032517
v -2.940511 0.358974 -0.033754
v -2.941792 0.357903 -0.030200
v -2.941131 0.357994 -0.032625
v -2.940675 0.358025 -0.033897
v -2.941970 0.356005 -0.030325
v -2.941304 0.356101 -0.032757
v -2.940839 0.356143 -0.034045
v -2.906293 0.334543 -0.022213
v -2.905709 0.334853 -0.024631
v -2.905469 0.335375 -0.025895
v -2.905807 0.339809 -0.021874
v -2.905233 0.339982 -0.024318
v -2.905017 0.340192 -0.025643
v -2.905395 0.345176 -0.021549
v -2.904825 0.345289 -0.024004
v -2.904617 0.345373 -0.025355
v -2.943207 0.358500 -0.005921
v -2.942943 0.358895 -0.012978
v -2.941322 0.359193 -0.019934
v -2.944083 0.358518 -0.006007
v -2.943799 0.358912 -0.013079
v -2.942478 0.359227 -0.019998
v -2.945248 0.358485 -0.006233
v -2.944597 0.358845 -0.013226
v -2.943259 0.359155 -0.020097
v -2.915471 0.358045 -0.000301
v -2.914018 0.358270 -0.005819
v -2.912680 0.358504 -0.011366
v -2.915415 0.358874 -0.000252
v -2.913962 0.359099 -0.005770
v -2.912623 0.359334 -0.011317
v -2.915357 0.359724 -0.000202
v -2.913904 0.359949 -0.005721
v -2.912566 0.360183 -0.011267
v -2.933709 0.360833 -0.026762
v -2.935308 0.360930 -0.026572
v -2.936435 0.360929 -0.025256
v -2.933653 0.361662 -0.026714
v -2.935252 0.361759 -0.026523
v -2.936379 0.361758 -0.025208
v -2.933596 0.362511 -0.026664
v -2.935195 0.362608 -0.026474
v -2.936321 0.362608 -0.025158
v -2.920597 0.357872 0.008588
v -2.918998 0.357775 0.008398
v -2.917871 0.357775 0.007082
v -2.920541 0.358701 0.008636
v -2.918942 0.358604 0.008446
v -2.917815 0.358604 0.007131
v -2.920483 0.359551 0.008686
v -2.918884 0.359453 0.008496
v -2.917757 0.359454 0.007180
v -2.943014 0.359847 0.000826
v -2.942645 0.359723 0.002514
v -2.941325 0.359580 0.003430
v -2.942958 0.360676 0.000875
v -2.942589 0.360552 0.002563
v -2.941269 0.360409 0.003479
v -2.942900 0.361525 0.000925
v -2.942531 0.361401 0.002612
v -2.941211 0.361258 0.003529
v -2.935255 0.359075 0.005025
v -2.930981 0.358722 0.006088
v -2.926707 0.358370 0.007152
v -2.935199 0.359904 0.005073
v -2.930925 0.359552 0.006137
v -2.926650 0.359200 0.007200
v -2.935141 0.360753 0.005123
v -2.930867 0.360401 0.006187
v -2.926593 0.360049 0.007250
v -2.911292 0.358858 -0.019000
v -2.911661 0.358982 -0.020688
v -2.912982 0.359125 -0.021605
v -2.911236 0.359687 -0.018952
v -2.911605 0.359811 -0.020640
v -2.912925 0.359954 -0.021556
v -2.911178 0.360536 -0.018902
v -2.911548 0.360660 -0.020590
v -2.912868 0.360804 -0.021506
v -2.919051 0.359630 -0.023199
v -2.923326 0.359982 -0.024262
v -2.927600 0.360334 -0.025326
v -2.918995 0.360459 -0.023150
v -2.923269 0.360811 -0.024214
v -2.927544 0.361163 -0.025277
v -2.918937 0.361309 -0.023101
v -2.923212 0.361661 -0.024164
v -2.927486 0.362013 -0.025228
v -2.911108 0.361863 -0.018756
v -2.911477 0.361987 -0.020436
v -2.912797 0.362130 -0.021350
v -2.911216 0.362239 -0.018253
v -2.911589 0.362365 -0.019881
v -2.912910 0.362510 -0.020776
v -2.911553 0.362438 -0.016956
v -2.911945 0.362567 -0.018423
v -2.913270 0.362714 -0.019266
v -2.918867 0.362635 -0.022944
v -2.923141 0.362987 -0.024007
v -2.927416 0.363340 -0.025071
v -2.918979 0.363015 -0.022367
v -2.923254 0.363367 -0.023430
v -2.927528 0.363719 -0.024494
v -2.919340 0.363219 -0.020849
v -2.923615 0.363571 -0.021913
v -2.927889 0.363924 -0.022976
v -2.915582 0.361999 -0.000916
v -2.914347 0.362226 -0.005738
v -2.913147 0.362400 -0.010571
v -2.916414 0.362082 -0.000625
v -2.915071 0.362333 -0.005916
v -2.913743 0.362522 -0.011213
v -2.917912 0.362209 -0.000775
v -2.916521 0.362469 -0.006276
v -2.915136 0.362666 -0.011781
v -2.924007 0.362712 -0.002260
v -2.922610 0.362974 -0.007791
v -2.921216 0.363171 -0.013325
v -2.928282 0.363064 -0.003324
v -2.926884 0.363326 -0.008854
v -2.925490 0.363523 -0.014389
v -2.932556 0.363416 -0.004387
v -2.931158 0.363678 -0.009918
v -2.929765 0.363875 -0.015452
v -2.942791 0.362857 0.000934
v -2.942421 0.362734 0.002614
v -2.941101 0.362591 0.003528
v -2.942629 0.363272 0.000478
v -2.942255 0.363156 0.002106
v -2.940934 0.363016 0.003001
v -2.942258 0.363573 -0.000790
v -2.941864 0.363476 0.000679
v -2.940538 0.363345 0.001522
v -2.935031 0.362087 0.005122
v -2.930757 0.361734 0.006185
v -2.926483 0.361382 0.007249
v -2.934865 0.362512 0.004592
v -2.930590 0.362160 0.005656
v -2.926316 0.361808 0.006719
v -2.934468 0.362841 0.003106
v -2.930193 0.362489 0.004170
v -2.925919 0.362137 0.005233
v -2.919647 0.358082 -0.023501
v -2.923407 0.358389 -0.024449
v -2.927173 0.358702 -0.025374
v -2.919317 0.358194 -0.023352
v -2.923416 0.358530 -0.024375
v -2.927517 0.358869 -0.025392
v -2.919151 0.358461 -0.023276
v -2.923404 0.358812 -0.024335
v -2.927657 0.359162 -0.025392
v -2.912356 0.357341 -0.019449
v -2.913142 0.357501 -0.021234
v -2.914465 0.357650 -0.022129
v -2.911674 0.357428 -0.019191
v -2.912166 0.357563 -0.020908
v -2.913491 0.357709 -0.021819
v -2.911407 0.357690 -0.019082
v -2.911792 0.357815 -0.020774
v -2.913112 0.357959 -0.021689
v -2.934875 0.357435 0.005161
v -2.931115 0.357121 0.006111
v -2.927349 0.356815 0.007034
v -2.935187 0.357607 0.005014
v -2.931087 0.357268 0.006038
v -2.926986 0.356932 0.007054
v -2.935314 0.357902 0.004965
v -2.931061 0.357552 0.006024
v -2.926809 0.357202 0.007082
v -2.942166 0.358157 0.001121
v -2.941381 0.358002 0.002901
v -2.940057 0.357866 0.003790
v -2.942829 0.358366 0.000856
v -2.942337 0.358233 0.002571
v -2.941012 0.358092 0.003481
v -2.943058 0.358673 0.000772
v -2.942673 0.358548 0.002463
v -2.941353 0.358405 0.003379
v -2.922127 0.356389 0.008251
v -2.920538 0.356285 0.008087
v -2.918999 0.356248 0.006886
v -2.921120 0.356453 0.008430
v -2.919520 0.356353 0.008249
v -2.918272 0.356343 0.006967
v -2.920729 0.356706 0.008510
v -2.919130 0.356608 0.008321
v -2.917988 0.356607 0.007010
v -2.932394 0.359127 -0.026590
v -2.933985 0.359218 -0.026420
v -2.935524 0.359249 -0.025213
v -2.933383 0.359347 -0.026768
v -2.934983 0.359443 -0.026585
v -2.936232 0.359452 -0.025301
v -2.933736 0.359658 -0.026821
v -2.935335 0.359755 -0.026632
v -2.936477 0.359756 -0.025320
v -2.915682 0.356446 -0.000333
v -2.914094 0.356663 -0.005883
v -2.912860 0.356910 -0.011523
v -2.915600 0.356591 -0.000367
v -2.914107 0.356814 -0.005895
v -2.912800 0.357052 -0.011470
v -2.915554 0.356875 -0.000367
v -2.914096 0.357099 -0.005886
v -2.912762 0.357334 -0.011437
v -2.938840 0.359050 -0.017987
v -2.940429 0.358833 -0.012436
v -2.941663 0.358586 -0.006797
v -2.938904 0.359203 -0.017965
v -2.940396 0.358980 -0.012437
v -2.941704 0.358742 -0.006862
v -2.938911 0.359488 -0.017943
v -2.940369 0.359264 -0.012423
v -2.941703 0.359029 -0.006873
v -2.940807 0.359556 -0.029894
v -2.939796 0.359609 -0.029736
v -2.937867 0.359513 -0.029512
v -2.940174 0.359613 -0.032302
v -2.939124 0.359655 -0.032088
v -2.937097 0.359540 -0.031678
v -2.939819 0.359549 -0.033556
v -2.938772 0.359579 -0.033358
v -2.936718 0.359454 -0.032884
v -2.913064 0.356832 -0.011760
v -2.913956 0.356542 -0.005784
v -2.916018 0.356349 -0.000111
v -2.912872 0.356814 -0.011993
v -2.913670 0.356499 -0.005707
v -2.916049 0.356319 0.000122
v -2.912122 0.356774 -0.012310
v -2.913090 0.356448 -0.005613
v -2.915750 0.356272 0.000462
v -2.931905 0.356792 0.009275
v -2.920403 0.355872 0.010051
v -2.923766 0.356270 0.008973
v -2.925032 0.356443 0.008175
v -2.931537 0.356899 0.007905
v -2.937399 0.357461 0.005098
v -2.938924 0.357519 0.005201
v -2.942441 0.357688 0.004568
v -2.939957 0.357332 0.007696
v -2.939113 0.357118 0.009464
v -2.932381 0.356618 0.011078
v -2.925692 0.356012 0.012803
v -2.924088 0.356025 0.011644
v -2.941450 0.358445 -0.006439
v -2.940573 0.358735 -0.012407
v -2.938524 0.358929 -0.018095
v -2.941509 0.358416 -0.006212
v -2.940839 0.358738 -0.012467
v -2.938559 0.358930 -0.018384
v -2.941913 0.358427 -0.006047
v -2.941372 0.358778 -0.012650
v -2.939046 0.358993 -0.019009
v -2.931144 0.356986 0.006285
v -2.922542 0.356403 0.006544
v -2.925727 0.356581 0.007279
v -2.927195 0.356696 0.007307
v -2.931192 0.357008 0.006430
v -2.935138 0.357351 0.005330
v -2.936410 0.357462 0.004621
v -2.938864 0.357747 0.002483
v -2.937010 0.357547 0.003421
v -2.936587 0.357471 0.004110
v -2.931205 0.356961 0.006591
v -2.925278 0.356539 0.006924
v -2.924601 0.356525 0.006509
v -2.939644 0.358956 -0.034460
v -2.938576 0.358920 -0.034358
v -2.936511 0.358773 -0.033906
v -2.939712 0.358005 -0.034683
v -2.938612 0.357939 -0.034594
v -2.936535 0.357778 -0.034145
v -2.939844 0.356123 -0.034856
v -2.938729 0.356045 -0.034771
v -2.936646 0.355878 -0.034323
v -2.927952 0.358071 -0.031785
v -2.921959 0.357577 -0.030294
v -2.915971 0.357084 -0.028804
v -2.927974 0.357074 -0.032025
v -2.921983 0.356581 -0.030534
v -2.915994 0.356087 -0.029044
v -2.928085 0.355173 -0.032203
v -2.922094 0.354680 -0.030713
v -2.916107 0.354186 -0.029223
v -2.929379 0.336712 -0.033031
v -2.928978 0.342017 -0.032903
v -2.928603 0.347399 -0.032657
v -2.923397 0.336219 -0.031543
v -2.922994 0.341524 -0.031414
v -2.922616 0.346906 -0.031167
v -2.917419 0.335727 -0.030055
v -2.917014 0.341031 -0.029926
v -2.916633 0.346413 -0.029678
v -2.908904 0.335055 -0.027927
v -2.908496 0.340339 -0.027797
v -2.908112 0.345711 -0.027548
v -2.906878 0.335092 -0.027352
v -2.906469 0.340236 -0.027221
v -2.906084 0.345549 -0.026972
v -2.905877 0.335463 -0.026918
v -2.905468 0.340289 -0.026780
v -2.905081 0.345473 -0.026530
v -2.928148 0.358757 -0.030797
v -2.928452 0.358854 -0.029863
v -2.928967 0.358859 -0.028531
v -2.922141 0.358263 -0.029315
v -2.922348 0.358357 -0.028442
v -2.922634 0.358357 -0.027290
v -2.916144 0.357768 -0.027810
v -2.916293 0.357852 -0.026838
v -2.916463 0.357829 -0.025420
v -2.907629 0.357058 -0.025646
v -2.907843 0.357130 -0.024399
v -2.908179 0.357067 -0.022125
v -2.905623 0.356848 -0.025110
v -2.905892 0.356917 -0.023820
v -2.906405 0.356858 -0.021428
v -2.904646 0.356652 -0.024805
v -2.904910 0.356707 -0.023528
v -2.905486 0.356647 -0.021106
vn 0.4856 -0.1636 0.8587
vn 0.9114 -0.1200 -0.3937
vn 0.0059 -0.9999 -0.0128
vn 0.0172 -0.9978 -0.0637
vn -0.8479 -0.0570 0.5271
vn -0.6143 0.0043 -0.7891
vn -0.1511 -0.9871 -0.0526
vn -0.1373 -0.9853 -0.1015
vn 0.1562 -0.4477 0.8804
vn 0.2069 0.3164 0.9258
vn -0.6151 -0.3841 0.6885
vn -0.5626 0.3798 0.7343
vn 0.1264 -0.1971 0.9722
vn 0.0183 0.5480 0.8363
vn -0.3208 0.5760 0.7519
vn -0.5936 -0.1384 0.7928
vn 0.7651 0.5902 -0.2573
vn 0.0675 0.9649 0.2537
vn -0.0281 0.9729 0.2296
vn -0.4397 0.6997 -0.5631
vn 0.5469 0.8247 0.1443
vn 0.5337 0.8225 0.1966
vn -0.4298 0.9019 -0.0431
vn -0.4166 0.9041 -0.0954
vn 0.6445 0.6434 0.4130
vn -0.6548 0.7505 0.0897
vn -0.7704 -0.6231 -0.1351
vn 0.6382 -0.7392 0.2154
vn 0.9532 -0.1952 0.2310
vn 0.7453 0.6313 0.2146
vn -0.6345 0.7623 -0.1279
vn -0.9680 -0.0406 -0.2477
vn 0.2477 0.9578 0.1461
vn -0.1342 0.9897 0.0505
vn -0.9694 -0.0395 -0.2423
vn 0.9523 -0.1941 0.2356
vn -0.2025 -0.7800 0.5921
vn -0.2194 -0.7786 0.5879
vn 0.2285 -0.1185 -0.9663
vn 0.2326 -0.1188 -0.9653
vn -0.0754 -0.9947 -0.0697
vn -0.0551 -0.9964 -0.0646
vn -0.0783 -0.9952 -0.0588
vn -0.0578 -0.9969 -0.0537
vn -0.2476 -0.6166 0.7473
vn -0.2273 -0.6181 0.7525
vn 0.9234 -0.0400 -0.3817
vn -0.8678 0.0411 0.4952
vn -0.6194 0.0878 -0.7802
vn -0.7492 0.0195 0.6621
vn 0.3476 -0.0709 0.9350
vn 0.5320 -0.0742 0.8435
vn -0.9671 0.0801 -0.2415
vn 0.9676 -0.0793 0.2399
vn 0.9670 -0.0751 0.2436
vn -0.9677 0.0843 -0.2377
vn 0.9461 -0.0758 0.3149
vn -0.9828 0.0831 -0.1650
vn -0.9452 0.0893 -0.3141
vn 0.9837 -0.0697 0.1658
vn -0.0761 0.8386 0.5394
vn -0.0552 0.8376 0.5434
vn 0.2348 0.7376 -0.6331
vn 0.2042 0.7379 -0.6433
vn 0.0574 0.9938 0.0950
vn 0.0589 0.9937 0.0954
vn 0.0775 0.9968 0.0217
vn 0.0760 0.9969 0.0213
vn 0.2331 0.1113 -0.9661
vn 0.2639 0.1088 -0.9584
vn -0.2236 0.0286 0.9743
vn -0.2544 0.0311 0.9666
vn -0.9469 0.0652 -0.3149
vn -0.9842 0.0592 -0.1671
vn 0.9819 -0.0933 0.1651
vn 0.9446 -0.0993 0.3128
vn -0.2601 -0.0360 0.9649
vn -0.2282 -0.0386 0.9728
vn 0.2604 0.0411 -0.9646
vn 0.2286 0.0437 -0.9726
vn 0.0708 0.9955 0.0636
vn 0.0692 0.9959 0.0575
vn 0.0664 0.9962 0.0568
vn 0.0622 0.9962 0.0615
vn 0.2028 0.8183 -0.5378
vn 0.1999 0.8186 -0.5385
vn 0.2457 0.0406 -0.9685
vn 0.2431 0.0408 -0.9691
vn 0.9564 -0.1968 0.2157
vn 0.9701 -0.1997 0.1377
vn 0.9769 -0.1825 -0.1113
vn 0.9243 -0.0248 -0.3808
vn 0.9252 0.0438 -0.3770
vn 0.9039 0.2407 -0.3535
vn 0.1583 0.9795 0.1248
vn 0.1220 0.9854 0.1184
vn 0.0979 0.9831 0.1545
vn 0.0120 0.9756 0.2191
vn 0.0257 0.9753 0.2195
vn 0.0379 0.9735 0.2257
vn 0.1867 0.8218 -0.5383
vn 0.1254 0.8247 -0.5515
vn -0.0641 0.8112 -0.5812
vn -0.0444 0.9963 0.0740
vn -0.0092 0.9963 0.0854
vn -0.0055 0.9917 0.1284
vn -0.8533 0.1857 0.4873
vn -0.6525 0.6150 0.4428
vn -0.2375 0.9192 0.3141
vn -0.6186 0.0810 -0.7816
vn -0.6177 0.0674 -0.7835
vn -0.6169 0.0470 -0.7856
vn -0.9763 -0.0408 -0.2124
vn -0.9955 -0.0468 -0.0822
vn -0.9742 -0.0547 0.2191
vn -0.3114 -0.7337 0.6039
vn -0.5662 -0.5459 0.6176
vn -0.7854 -0.2341 0.5730
vn 0.2569 -0.1240 -0.9585
vn 0.3820 -0.1426 -0.9131
vn 0.7039 -0.1543 -0.6933
vn 0.2154 0.1276 0.9682
vn 0.2094 -0.0715 0.9752
vn 0.1895 -0.2675 0.9447
vn 0.6589 0.6322 0.4077
vn 0.5817 0.5806 0.5697
vn 0.4115 0.4683 0.7819
vn -0.3709 0.4023 0.8370
vn -0.1903 0.3990 0.8970
vn -0.0045 0.3721 0.9282
vn -0.0724 0.9258 0.3711
vn -0.1423 0.8349 0.5317
vn -0.2283 0.7033 0.6733
vn -0.6666 0.7414 0.0779
vn -0.6827 0.6848 0.2551
vn -0.6504 0.5558 0.5177
vn -0.6463 -0.1987 0.7368
vn -0.6476 -0.0009 0.7620
vn -0.6189 0.1963 0.7606
vn -0.7704 -0.6322 -0.0825
vn -0.7773 -0.6123 0.1443
vn -0.7268 -0.5230 0.4451
vn -0.0617 -0.4742 0.8783
vn -0.2493 -0.4719 0.8457
vn -0.4283 -0.4440 0.7871
vn 0.5747 -0.7032 0.4187
vn 0.3586 -0.5207 0.7748
vn 0.1655 -0.3041 0.9382
vn -0.1943 -0.5496 0.8126
vn -0.1202 -0.4188 0.9001
vn -0.0177 -0.2968 0.9548
vn -0.7626 0.0055 0.6468
vn -0.7511 -0.0304 0.6595
vn -0.6887 -0.0833 0.7202
vn 0.0062 0.7661 0.6427
vn -0.0585 0.8535 0.5178
vn -0.1866 0.7820 0.5947
vn 0.3006 -0.0201 0.9535
vn 0.1828 0.1253 0.9751
vn 0.0543 0.3312 0.9420
vn 0.5452 0.0702 0.8354
vn 0.4572 0.5231 0.7193
vn 0.2024 0.8827 0.4240
vn 0.0331 0.9170 0.3974
vn 0.0051 0.8227 0.5684
vn -0.0061 0.6849 0.7286
vn 0.3527 -0.9357 0.0037
vn 0.6092 0.7684 0.1961
vn 0.3312 -0.9397 0.0849
vn -0.2027 -0.3554 0.9125
vn -0.0586 -0.9978 0.0326
vn -0.0389 -0.9991 -0.0172
vn 0.1471 -0.3911 -0.9085
vn -0.0760 -0.9871 -0.1412
vn -0.0950 -0.9907 -0.0977
vn -0.4075 -0.8963 -0.1746
vn -0.6050 0.7855 -0.1304
vn -0.4329 -0.8954 -0.1044
vn 0.0655 0.9963 0.0554
vn -0.5493 0.1746 -0.8172
vn -0.1070 -0.9901 -0.0913
vn 0.0427 0.9964 0.0726
vn 0.0179 0.9968 0.0780
vn -0.0168 0.9971 0.0736
vn -0.9460 0.0825 -0.3134
vn 0.0829 0.9931 0.0830
vn 0.1023 0.9898 0.0995
vn 0.1349 0.9845 0.1118
vn 0.5393 0.8268 0.1596
vn 0.5378 0.8258 0.1699
vn 0.5342 0.8260 0.1797
vn 0.0680 0.9928 0.0987
vn 0.1179 0.9865 0.1138
vn 0.3014 0.9404 0.1576
vn 0.0669 0.9976 0.0179
vn 0.0167 0.9999 0.0026
vn -0.1709 0.9843 -0.0448
vn -0.4168 0.9056 -0.0783
vn -0.4205 0.9047 -0.0685
vn -0.4219 0.9048 -0.0582
vn 0.9457 -0.0004 0.3250
vn 0.9115 0.2606 0.3183
vn 0.7545 0.5994 0.2672
vn -0.9768 -0.1321 -0.1688
vn -0.7771 -0.6135 -0.1403
vn -0.3446 -0.9356 -0.0767
vn -0.9346 0.1646 -0.3154
vn -0.8656 0.4160 -0.2786
vn -0.6649 0.7224 -0.1898
vn 0.9496 -0.2780 0.1446
vn 0.6901 -0.7210 0.0626
vn 0.2174 -0.9755 -0.0349
vn 0.1177 0.5131 0.8502
vn 0.2974 0.5653 0.7694
vn 0.5326 0.6305 0.5647
vn -0.4193 0.5574 0.7166
vn -0.5303 0.6334 0.5635
vn -0.6298 0.7262 0.2754
vn -0.6281 -0.2391 0.7405
vn -0.7536 -0.4293 0.4978
vn -0.8041 -0.5896 0.0755
vn 0.3455 -0.6114 0.7119
vn 0.5158 -0.7188 0.4661
vn 0.6123 -0.7461 0.2615
vn 0.8637 -0.4149 0.2860
vn 0.9227 -0.0894 0.3749
vn 0.8571 0.2677 0.4402
vn 0.3363 0.8919 0.3022
vn 0.0303 0.9789 0.2022
vn -0.2963 0.9441 0.1449
vn -0.9106 0.4133 0.0004
vn -0.9925 0.0684 -0.1016
vn -0.9498 -0.2655 -0.1653
vn -0.4498 -0.8924 -0.0363
vn -0.0985 -0.9929 0.0673
vn 0.2713 -0.9518 0.1431
vn 0.9529 -0.1945 0.2326
vn 0.9529 -0.1949 0.2324
vn 0.9529 -0.1950 0.2323
vn 0.7701 0.6370 0.0338
vn 0.7511 0.6405 0.1598
vn 0.7438 0.6368 0.2030
vn -0.5735 0.7610 -0.3033
vn -0.6146 0.7680 -0.1801
vn -0.6280 0.7660 -0.1376
vn -0.8195 -0.0378 -0.5718
vn -0.9381 -0.0471 -0.3431
vn -0.9636 -0.0428 -0.2639
vn 0.0633 -0.9974 -0.0347
vn 0.4874 -0.8696 0.0793
vn 0.8622 -0.4678 0.1944
vn -0.9675 0.0743 -0.2419
vn -0.9681 0.0621 -0.2426
vn -0.9691 0.0363 -0.2441
vn 0.9684 -0.0661 0.2407
vn 0.9698 -0.0033 0.2438
vn 0.9427 0.2244 0.2469
vn 0.7314 0.6455 0.2200
vn 0.6192 0.7556 0.2138
vn 0.4154 0.8915 0.1810
vn -0.6225 0.7739 -0.1164
vn -0.5085 0.8584 -0.0672
vn -0.3021 0.9533 0.0017
vn -0.9684 -0.0401 -0.2460
vn -0.9685 -0.0399 -0.2458
vn -0.9686 -0.0397 -0.2454
vn 0.7400 -0.1916 0.6447
vn 0.8999 -0.1984 0.3883
vn 0.9444 -0.1949 0.2648
vn 0.9676 -0.0070 0.2525
vn 0.9146 0.2958 0.2756
vn 0.6060 0.7596 0.2362
vn -0.9683 0.0741 -0.2385
vn -0.9690 0.0621 -0.2389
vn -0.9701 0.0365 -0.2399
vn 0.0620 -0.9978 -0.0229
vn 0.4886 -0.8677 0.0913
vn 0.8622 -0.4645 0.2023
vn 0.3842 -0.3251 0.8641
vn 0.1247 -0.5995 0.7906
vn -0.1222 -0.7485 0.6518
vn -0.2104 -0.7818 0.5869
vn -0.2104 -0.7818 0.5870
vn -0.3004 -0.0724 -0.9510
vn 0.0740 -0.1169 -0.9904
vn 0.2036 -0.1195 -0.9717
vn 0.2306 -0.1184 -0.9658
vn -0.9117 -0.3276 -0.2481
vn -0.5916 -0.7835 -0.1900
vn -0.1918 -0.9765 -0.0983
vn -0.0653 -0.9956 -0.0672
vn -0.9152 -0.3241 -0.2395
vn -0.5981 -0.7812 -0.1787
vn -0.1963 -0.9767 -0.0871
vn -0.0681 -0.9961 -0.0563
vn -0.0845 -0.9958 -0.0352
vn -0.1110 -0.9913 0.0711
vn -0.1693 -0.9296 0.3275
vn -0.0635 -0.9975 -0.0300
vn -0.0891 -0.9931 0.0765
vn -0.1482 -0.9313 0.3328
vn -0.0777 -0.9951 -0.0609
vn -0.0574 -0.9968 -0.0558
vn -0.0573 -0.9968 -0.0558
vn 0.1772 -0.4419 -0.8794
vn 0.0509 -0.8508 -0.5231
vn -0.0498 -0.9844 -0.1687
vn 0.1869 -0.4428 -0.8769
vn 0.0682 -0.8522 -0.5187
vn -0.0297 -0.9861 -0.1637
vn -0.2391 -0.6625 0.7099
vn -0.2448 -0.6141 0.7503
vn -0.2459 -0.6042 0.7579
vn -0.4752 -0.2600 0.8406
vn -0.3789 -0.3985 0.8353
vn -0.2937 -0.5419 0.7875
vn -0.2392 -0.6397 0.7304
vn -0.2325 -0.6573 0.7169
vn -0.2303 -0.6404 0.7327
vn 0.5147 -0.1154 0.8496
vn 0.5248 -0.0978 0.8456
vn 0.5286 -0.0893 0.8442
vn -0.2243 -0.6636 0.7136
vn -0.2307 -0.6152 0.7539
vn -0.2318 -0.6053 0.7615
vn 0.9187 -0.0791 -0.3869
vn 0.9212 -0.0595 -0.3845
vn 0.9227 -0.0465 -0.3828
vn 0.1709 -0.1639 0.9715
vn 0.2213 -0.1473 0.9640
vn 0.3144 -0.1455 0.9381
vn -0.5724 0.3705 -0.7315
vn -0.6110 0.1736 -0.7724
vn -0.6187 0.1035 -0.7788
vn -0.4349 0.3716 0.8202
vn -0.5941 0.1894 0.7818
vn -0.7091 0.0631 0.7023
vn 0.2517 -0.1605 0.9544
vn 0.3427 -0.1204 0.9317
vn 0.3642 -0.0873 0.9272
vn -0.8959 0.3915 -0.2099
vn -0.9585 0.1603 -0.2357
vn -0.9660 0.0941 -0.2406
vn 0.9639 -0.1214 0.2372
vn 0.9662 -0.0966 0.2389
vn 0.9672 -0.0849 0.2396
vn 0.9629 -0.1212 0.2409
vn 0.9654 -0.0966 0.2423
vn 0.9663 -0.0850 0.2428
vn -0.5175 0.8546 -0.0438
vn -0.8784 0.4465 -0.1706
vn -0.9617 0.1527 -0.2275
vn -0.9736 0.0868 -0.2109
vn -0.9922 0.0845 -0.0918
vn -0.9786 0.0681 0.1944
vn 0.9601 -0.0725 0.2702
vn 0.9204 -0.0731 0.3840
vn 0.7727 -0.0762 0.6302
vn 0.9673 -0.0793 0.2407
vn 0.9674 -0.0789 0.2408
vn 0.9674 -0.0775 0.2410
vn -0.9673 0.0801 -0.2406
vn -0.9673 0.0806 -0.2405
vn -0.9672 0.0819 -0.2403
vn -0.7717 0.0242 0.6355
vn -0.7339 0.0177 0.6790
vn -0.7311 0.0159 0.6821
vn 0.3803 -0.0707 0.9221
vn 0.3261 -0.0696 0.9428
vn 0.3219 -0.0709 0.9441
vn 0.2274 0.0421 -0.9729
vn 0.1467 0.0483 -0.9880
vn -0.1520 0.0683 -0.9860
vn -0.8816 0.0870 -0.4639
vn -0.9508 0.0822 -0.2986
vn -0.9646 0.0805 -0.2512
vn 0.9976 -0.0683 0.0142
vn 0.9798 -0.0770 0.1847
vn 0.9698 -0.0790 0.2306
vn -0.6896 0.7183 -0.0921
vn -0.9023 0.4100 -0.1330
vn -0.9755 0.1579 -0.1530
vn 0.9460 -0.0825 0.3134
vn 0.0706 0.9959 0.0567
vn 0.8817 0.0863 -0.4638
vn -0.0081 -0.9973 -0.0727
vn 0.7792 0.6034 0.1695
vn 0.9482 0.2666 0.1727
vn 0.9867 0.0063 0.1627
vn -0.9726 0.0830 -0.2170
vn -0.9671 0.0836 -0.2404
vn -0.9609 0.0850 -0.2637
vn 0.9732 -0.0744 0.2175
vn 0.9676 -0.0758 0.2409
vn 0.9614 -0.0763 0.2642
vn 0.4325 0.0917 -0.8970
vn 0.8368 0.0259 -0.5469
vn 0.9979 -0.0448 -0.0478
vn -0.4233 0.0442 0.9049
vn -0.8300 0.0744 0.5528
vn -0.9952 0.0846 0.0501
vn -0.1116 -0.9931 -0.0357
vn -0.1176 -0.9929 0.0172
vn -0.3028 -0.3483 0.8871
vn -0.0249 0.9198 0.3916
vn -0.0056 0.9424 0.3346
vn -0.0188 0.9194 0.3928
vn -0.0240 -0.9965 -0.0804
vn -0.0199 -0.9916 -0.1279
vn 0.2349 -0.3969 -0.8873
vn 0.1726 0.9104 -0.3761
vn 0.1503 0.9448 -0.2912
vn 0.1652 0.9108 -0.3784
vn -0.1910 0.9810 0.0351
vn -0.0037 0.9965 0.0835
vn 0.0478 0.9945 0.0937
vn 0.0582 0.9938 0.0951
vn 0.3215 0.9437 0.0777
vn 0.1384 0.9898 0.0329
vn 0.0871 0.9959 0.0229
vn 0.0768 0.9968 0.0216
vn -0.8542 0.1078 -0.5086
vn -0.4706 0.1336 -0.8722
vn 0.0549 0.1228 -0.9909
vn 0.2485 0.1101 -0.9624
vn 0.8569 -0.0680 0.5109
vn 0.4774 -0.0333 0.8781
vn -0.0457 0.0131 0.9989
vn -0.2390 0.0299 0.9706
vn -0.2598 -0.0389 0.9649
vn -0.2289 -0.0415 0.9726
vn 0.2598 0.0389 -0.9649
vn 0.2289 0.0415 -0.9726
vn 0.2570 0.5504 -0.7943
vn 0.1623 0.9342 -0.3177
vn 0.0966 0.9940 -0.0515
vn 0.2307 0.5526 -0.8009
vn 0.1505 0.9352 -0.3207
vn 0.0931 0.9943 -0.0524
vn 0.0712 0.9964 0.0458
vn 0.0680 0.9960 0.0585
vn 0.0648 0.9954 0.0712
vn 0.0702 0.9965 0.0456
vn 0.0671 0.9960 0.0582
vn 0.0638 0.9954 0.0709
vn -0.1869 0.4839 0.8550
vn -0.0377 0.9042 0.4255
vn 0.0376 0.9852 0.1675
vn -0.1606 0.4817 0.8615
vn -0.0259 0.9032 0.4284
vn 0.0411 0.9849 0.1684
vn -0.3183 -0.9332 -0.1671
vn -0.7367 -0.6099 -0.2919
vn -0.9372 -0.1270 -0.3250
vn -0.9831 0.0764 -0.1666
vn 0.9831 -0.0764 0.1666
vn 0.1975 -0.9785 0.0593
vn 0.6539 -0.7249 0.2168
vn 0.9105 -0.2832 0.3011
vn -0.1683 0.5579 0.8126
vn -0.2448 0.1441 0.9588
vn -0.2610 -0.0053 0.9653
vn -0.1455 0.5567 0.8178
vn -0.2109 0.1416 0.9672
vn -0.2229 -0.0084 0.9748
vn 0.2634 0.4948 -0.8281
vn 0.2689 0.1694 -0.9482
vn 0.2651 0.0628 -0.9622
vn 0.2324 0.4960 -0.8366
vn 0.2333 0.1719 -0.9571
vn 0.2267 0.0659 -0.9717
vn 0.2446 0.0435 -0.9687
vn 0.2446 0.0440 -0.9686
vn 0.2446 0.0435 -0.9686
vn 0.4353 0.0148 -0.9002
vn 0.8421 -0.0602 -0.5360
vn 0.9940 -0.1002 -0.0441
vn -0.2441 -0.0361 0.9691
vn -0.2441 -0.0356 0.9691
vn -0.4364 -0.0308 0.8992
vn -0.8468 -0.0077 0.5319
vn -0.9988 0.0300 0.0398
vn 0.8565 -0.1225 0.5014
vn 0.4890 -0.1176 0.8643
vn -0.0432 -0.0631 0.9971
vn -0.8612 0.0523 -0.5056
vn -0.4936 0.0496 -0.8683
vn 0.0420 0.0471 -0.9980
vn 0.9727 -0.0818 0.2171
vn 0.9674 -0.0782 0.2408
vn 0.9610 -0.0837 0.2637
vn -0.9732 0.0752 -0.2175
vn -0.9673 0.0808 -0.2406
vn -0.9614 0.0771 -0.2641
vn -0.0331 -0.9990 -0.0286
vn 0.6028 -0.0670 0.7951
vn 0.0727 0.9951 0.0672
vn 0.3809 0.9150 0.1332
vn 0.1548 0.9849 0.0773
vn 0.0839 0.9946 0.0602
vn 0.0726 0.9954 0.0618
vn 0.0721 0.9956 0.0600
vn 0.0705 0.9958 0.0588
vn -0.2399 0.9706 -0.0210
vn -0.0165 0.9993 0.0347
vn 0.0524 0.9973 0.0524
vn -0.1127 -0.9925 -0.0466
vn -0.9074 0.0534 0.4168
vn 0.0584 0.9962 0.0640
vn 0.0648 0.9963 0.0573
vn 0.0627 0.9964 0.0577
vn 0.0615 0.9964 0.0591
vn 0.0685 0.9961 0.0561
vn 0.0683 0.9961 0.0552
vn 0.0677 0.9961 0.0559
vn 0.0682 0.9956 0.0640
vn 0.0662 0.9958 0.0635
vn 0.0643 0.9959 0.0630
vn 0.4590 0.7657 -0.4506
vn 0.2761 0.8120 -0.5143
vn 0.2148 0.8194 -0.5314
vn 0.2025 0.8149 -0.5431
vn 0.2028 0.8130 -0.5459
vn 0.2021 0.8149 -0.5432
vn 0.6116 0.0052 -0.7912
vn 0.3416 0.0323 -0.9393
vn 0.2615 0.0393 -0.9644
vn 0.2444 0.0407 -0.9688
vn 0.2495 0.4429 -0.8612
vn 0.2490 0.1493 -0.9569
vn 0.2443 0.0598 -0.9678
vn 0.2519 0.4427 -0.8606
vn 0.2516 0.1491 -0.9563
vn 0.2470 0.0596 -0.9672
vn 0.2452 0.0327 -0.9689
vn 0.2440 0.0162 -0.9696
vn 0.2413 -0.0190 -0.9703
vn 0.2386 -0.0188 -0.9709
vn 0.2414 0.0164 -0.9703
vn 0.2425 0.0329 -0.9696
vn 0.0685 0.9967 0.0447
vn 0.0813 0.9966 -0.0102
vn 0.1231 0.9756 -0.1819
vn 0.0732 0.9963 0.0459
vn 0.0876 0.9961 -0.0087
vn 0.1279 0.9752 -0.1807
vn -0.7333 -0.0614 0.6771
vn -0.6648 -0.0758 0.7432
vn -0.6269 -0.0993 0.7728
vn -0.8619 -0.0033 0.5070
vn -0.8662 0.0163 0.4994
vn -0.8675 0.0256 0.4968
vn 0.9706 -0.0658 0.2315
vn 0.9805 -0.0642 0.1858
vn 0.9984 -0.0553 0.0153
vn 0.9721 -0.0032 0.2347
vn 0.9818 -0.0027 0.1900
vn 0.9998 0.0056 0.0202
vn 0.9451 0.2247 0.2374
vn 0.9550 0.2244 0.1942
vn 0.9752 0.2172 0.0412
vn -0.0119 0.4496 0.8932
vn 0.4486 0.3347 0.8287
vn 0.8337 0.1495 0.5316
vn 0.0448 0.8865 0.4605
vn 0.3829 0.7695 0.5111
vn 0.7395 0.5351 0.4083
vn 0.0626 0.9820 0.1785
vn 0.1944 0.9564 0.2182
vn 0.5357 0.8027 0.2622
vn -0.9650 0.0747 -0.2516
vn -0.9512 0.0765 -0.2991
vn -0.8816 0.0812 -0.4650
vn -0.9656 0.0624 -0.2523
vn -0.9518 0.0641 -0.3000
vn -0.8818 0.0686 -0.4667
vn -0.9663 0.0361 -0.2547
vn -0.9514 0.0370 -0.3057
vn -0.8809 0.0448 -0.4712
vn 0.0865 -0.9874 -0.1324
vn 0.1668 -0.8594 -0.4833
vn 0.2435 -0.4575 -0.8552
vn 0.4979 -0.8672 -0.0041
vn 0.5293 -0.7853 -0.3210
vn 0.5096 -0.4695 -0.7210
vn 0.8667 -0.4752 0.1515
vn 0.8811 -0.4694 -0.0584
vn 0.8485 -0.3193 -0.4219
vn 0.0616 -0.9978 -0.0258
vn 0.0613 -0.9978 -0.0259
vn 0.0612 -0.9978 -0.0259
vn 0.4876 -0.8687 0.0873
vn 0.4868 -0.8692 0.0868
vn 0.4865 -0.8694 0.0867
vn 0.8623 -0.4658 0.1986
vn 0.8619 -0.4667 0.1982
vn 0.8618 -0.4669 0.1981
vn -0.1512 0.0607 -0.9866
vn 0.1466 0.0406 -0.9884
vn 0.2270 0.0342 -0.9733
vn -0.1508 0.0447 -0.9876
vn 0.1459 0.0239 -0.9890
vn 0.2259 0.0176 -0.9740
vn -0.1547 0.0146 -0.9879
vn 0.1371 -0.0123 -0.9905
vn 0.2219 -0.0179 -0.9749
vn 0.2748 0.0047 0.9615
vn 0.3027 0.0276 0.9527
vn 0.3769 0.0463 0.9251
vn 0.1472 0.2237 0.9635
vn 0.2030 0.3405 0.9181
vn 0.3019 0.4443 0.8435
vn 0.0275 0.4751 0.8795
vn 0.0567 0.6545 0.7540
vn 0.1226 0.7964 0.5922
vn -0.0087 0.8360 0.5487
vn -0.0032 0.9002 0.4354
vn 0.0140 0.9450 0.3267
vn -0.0412 0.8873 0.4593
vn -0.0198 0.9227 0.3851
vn 0.0024 0.9522 0.3055
vn -0.1190 0.8451 0.5212
vn -0.0611 0.9050 0.4209
vn -0.0186 0.9477 0.3185
vn -0.7363 0.0047 0.6767
vn -0.7359 0.0060 0.6770
vn -0.7720 0.0112 0.6355
vn -0.7256 -0.0157 0.6880
vn -0.7299 -0.0061 0.6836
vn -0.7688 0.0022 0.6395
vn -0.6855 -0.0498 0.7264
vn -0.7085 -0.0292 0.7051
vn -0.7586 -0.0163 0.6513
vn -0.1852 -0.5351 0.8242
vn -0.1745 -0.5585 0.8109
vn -0.1594 -0.6194 0.7687
vn -0.0814 -0.3952 0.9150
vn -0.0356 -0.4151 0.9091
vn 0.0207 -0.4732 0.8807
vn 0.0522 -0.2505 0.9667
vn 0.1249 -0.2351 0.9639
vn 0.2197 -0.2602 0.9402
vn -0.0567 0.1206 0.9911
vn -0.2287 0.1359 0.9640
vn -0.3935 0.1484 0.9073
vn -0.0689 -0.0537 0.9962
vn -0.2444 -0.0402 0.9688
vn -0.4121 -0.0254 0.9108
vn -0.0802 -0.2263 0.9707
vn -0.2524 -0.2150 0.9434
vn -0.4170 -0.1986 0.8870
vn -0.2158 -0.7569 0.6169
vn -0.4816 -0.8614 0.1613
vn -0.5056 -0.6456 0.5723
vn -0.4692 -0.3780 0.7981
vn -0.3430 -0.5151 0.7855
vn -0.2724 -0.6040 0.7490
vn -0.2309 -0.6690 0.7065
vn -0.2045 -0.6093 0.7661
vn -0.1462 -0.5309 0.8347
vn -0.0212 -0.4144 0.9099
vn 0.0744 -0.6931 0.7170
vn 0.2117 -0.9185 0.3340
vn -0.1473 -0.9494 0.2775
vn -0.8932 0.0593 0.4458
vn -0.8966 0.3931 0.2040
vn -0.7679 0.3323 0.5477
vn -0.5678 0.3146 0.7606
vn -0.7038 0.1271 0.6990
vn -0.7709 0.0391 0.6358
vn -0.8037 -0.0367 0.5939
vn -0.7670 -0.1280 0.6287
vn -0.9116 -0.1782 0.3705
vn -0.9709 -0.2392 0.0077
vn -0.9949 0.0588 0.0816
vn 0.2788 0.8706 0.4053
vn 0.1758 0.8041 0.5679
vn 0.0658 0.7464 0.6622
vn 0.0056 0.9557 0.2941
vn -0.0314 0.9043 0.4257
vn -0.0581 0.8543 0.5165
vn -0.2975 0.9181 0.2619
vn -0.2937 0.8428 0.4510
vn -0.2506 0.7725 0.5835
vn 0.5799 -0.0620 0.8123
vn 0.8056 -0.3856 0.4498
vn 0.5943 -0.3022 0.7453
vn 0.3557 -0.2204 0.9082
vn 0.4182 -0.1373 0.8979
vn 0.3818 -0.0558 0.9226
vn 0.3074 0.0438 0.9506
vn 0.1892 0.2523 0.9490
vn 0.4654 0.2307 0.8545
vn 0.7469 0.2577 0.6129
vn 0.8381 -0.0922 0.5377
vn -0.9612 0.0806 -0.2637
vn -0.9673 0.0797 -0.2407
vn -0.9729 0.0787 -0.2175
vn 0.2493 0.1015 -0.9631
vn -0.0780 -0.9931 -0.0872
vn -0.0634 -0.9911 -0.1172
vn 0.2070 -0.1313 -0.9695
vn 0.2392 -0.0186 -0.9708
vn 0.2509 -0.1345 -0.9586
vn -0.0428 -0.9927 -0.1125
vn -0.0441 -0.9959 -0.0792
vn 0.6334 0.0229 -0.7735
vn 0.0704 0.9961 0.0542
vn 0.0702 0.9964 0.0479
vn 0.0670 0.9963 0.0533
vn -0.1887 0.0896 -0.9779
vn 0.0912 0.9938 0.0639
vn 0.0987 0.9926 0.0705
vn 0.0955 0.9924 0.0776
vn 0.1721 0.9812 0.0869
vn 0.1716 0.9804 0.0967
vn 0.1376 0.9854 0.1004
vn 0.3866 0.9111 0.1428
vn 0.3200 0.9368 0.1414
vn 0.2109 0.9693 0.1262
vn 0.0575 0.9959 0.0696
vn 0.0614 0.9965 0.0568
vn 0.0640 0.9970 0.0437
vn 0.0246 0.9978 0.0620
vn 0.0315 0.9983 0.0494
vn 0.0315 0.9989 0.0350
vn -0.1031 0.9943 0.0284
vn -0.0968 0.9952 0.0169
vn -0.0969 0.9953 0.0038
vn 0.0793 0.5447 -0.8349
vn -0.3930 0.4861 -0.7806
vn -0.8018 0.3210 -0.5040
vn 0.0785 0.9320 -0.3540
vn -0.2719 0.8682 -0.4151
vn -0.6576 0.6736 -0.3375
vn 0.0715 0.9955 -0.0626
vn -0.0622 0.9926 -0.1040
vn -0.4207 0.8924 -0.1629
vn 0.9629 -0.0313 0.2682
vn 0.9694 -0.0360 0.2430
vn 0.9755 -0.0293 0.2182
vn 0.9516 0.1424 0.2722
vn 0.9613 0.1209 0.2475
vn 0.9641 0.1444 0.2229
vn 0.8431 0.4758 0.2507
vn 0.8530 0.4662 0.2345
vn 0.8517 0.4773 0.2164
vn -0.9562 0.1299 -0.2624
vn -0.9634 0.1232 -0.2379
vn -0.9688 0.1278 -0.2125
vn -0.9217 0.2998 -0.2463
vn -0.9343 0.2771 -0.2242
vn -0.9341 0.2977 -0.1970
vn -0.7694 0.6108 -0.1870
vn -0.7807 0.6008 -0.1720
vn -0.7780 0.6094 -0.1527
vn 0.5076 -0.3563 0.7845
vn 0.7399 -0.4132 0.5308
vn 0.8431 -0.4226 0.3326
vn 0.5657 -0.0870 0.8200
vn 0.8148 -0.0908 0.5725
vn 0.9143 -0.0883 0.3953
vn 0.5388 0.1873 0.8213
vn 0.7676 0.2397 0.5944
vn 0.8609 0.2633 0.4353
vn 0.1470 0.6517 0.7441
vn 0.2872 0.8198 0.4954
vn 0.3501 0.8812 0.3176
vn -0.1133 0.7134 0.6915
vn -0.0274 0.9108 0.4119
vn 0.0239 0.9737 0.2264
vn -0.3742 0.6946 0.6144
vn -0.3546 0.8727 0.3357
vn -0.3172 0.9362 0.1516
vn -0.8231 0.2995 0.4824
vn -0.9088 0.3778 0.1773
vn -0.9123 0.4094 -0.0059
vn -0.8882 0.0328 0.4582
vn -0.9907 0.0579 0.1233
vn -0.9944 0.0689 -0.0796
vn -0.8625 -0.2434 0.4436
vn -0.9557 -0.2735 0.1090
vn -0.9547 -0.2745 -0.1147
vn -0.4700 -0.7080 0.5271
vn -0.4744 -0.8536 0.2153
vn -0.4499 -0.8931 0.0015
vn -0.2131 -0.7700 0.6014
vn -0.1506 -0.9443 0.2927
vn -0.1043 -0.9904 0.0911
vn 0.0550 -0.7513 0.6577
vn 0.1815 -0.9076 0.3785
vn 0.2537 -0.9510 0.1765
vn -0.9677 0.0743 -0.2409
vn -0.9677 0.0743 -0.2410
vn -0.9684 0.0622 -0.2415
vn -0.9684 0.0622 -0.2416
vn -0.9684 0.0622 -0.2417
vn -0.9694 0.0365 -0.2427
vn -0.9694 0.0365 -0.2429
vn -0.9693 0.0364 -0.2430
vn 0.9684 -0.0412 0.2458
vn 0.9682 -0.0589 0.2431
vn 0.9681 -0.0652 0.2418
vn 0.9552 0.1359 0.2631
vn 0.9668 0.0391 0.2525
vn 0.9692 0.0021 0.2464
vn 0.7867 0.5611 0.2575
vn 0.8978 0.3554 0.2600
vn 0.9368 0.2427 0.2519
vn 0.7794 0.0878 0.6203
vn 0.9172 0.0789 0.3906
vn 0.9583 0.0412 0.2828
vn 0.6390 0.5570 0.5305
vn 0.7561 0.5458 0.3612
vn 0.8384 0.4576 0.2962
vn 0.2715 0.9226 0.2741
vn 0.3264 0.9229 0.2042
vn 0.4272 0.8795 0.2097
vn -0.9793 0.0498 0.1962
vn -0.9935 0.0672 -0.0919
vn -0.9746 0.0730 -0.2119
vn -0.9794 0.0386 0.1982
vn -0.9943 0.0551 -0.0909
vn -0.9754 0.0609 -0.2118
vn -0.9789 0.0146 0.2038
vn -0.9956 0.0293 -0.0885
vn -0.9766 0.0352 -0.2120
vn -0.0392 -0.9173 0.3963
vn 0.0332 -0.9918 0.1237
vn 0.0580 -0.9983 0.0042
vn 0.3133 -0.7706 0.5550
vn 0.4474 -0.8524 0.2707
vn 0.4843 -0.8656 0.1269
vn 0.6385 -0.4202 0.6448
vn 0.8041 -0.4620 0.3741
vn 0.8536 -0.4642 0.2365
vn -0.9188 -0.2985 0.2582
vn -0.9439 -0.3250 -0.0593
vn -0.9235 -0.3245 -0.2047
vn -0.6454 -0.6952 0.3165
vn -0.6425 -0.7663 0.0005
vn -0.6104 -0.7788 -0.1446
vn -0.2903 -0.8970 0.3335
vn -0.2381 -0.9696 0.0565
vn -0.2054 -0.9768 -0.0610
vn -0.1582 -0.9315 0.3275
vn -0.0998 -0.9923 0.0726
vn -0.0739 -0.9967 -0.0328
vn -0.9139 -0.3251 -0.2433
vn -0.9135 -0.3258 -0.2437
vn -0.9132 -0.3262 -0.2441
vn -0.5958 -0.7822 -0.1821
vn -0.5950 -0.7828 -0.1824
vn -0.5945 -0.7830 -0.1826
vn -0.1948 -0.9768 -0.0895
vn -0.1944 -0.9768 -0.0895
vn -0.1942 -0.9769 -0.0896
vn -0.0675 -0.9960 -0.0584
vn -0.8960 -0.3365 -0.2897
vn -0.8077 -0.3362 -0.4845
vn -0.5839 -0.2049 -0.7856
vn -0.5610 -0.7829 -0.2691
vn -0.4271 -0.7086 -0.5617
vn -0.1739 -0.4134 -0.8938
vn -0.1649 -0.9668 -0.1953
vn -0.0516 -0.8412 -0.5382
vn 0.1164 -0.4468 -0.8871
vn -0.0398 -0.9853 -0.1663
vn 0.0597 -0.8511 -0.5216
vn 0.1823 -0.4413 -0.8787
vn -0.5344 -0.2039 0.8203
vn -0.5938 -0.1787 0.7845
vn -0.6686 -0.1910 0.7186
vn -0.4159 -0.3693 0.8311
vn -0.4556 -0.3829 0.8036
vn -0.4996 -0.4333 0.7500
vn -0.3047 -0.5260 0.7940
vn -0.3113 -0.5482 0.7763
vn -0.3139 -0.6076 0.7295
vn -0.2396 -0.6158 0.7506
vn -0.2375 -0.6207 0.7472
vn -0.2312 -0.6670 0.7083
vn -0.2370 -0.6211 0.7470
vn -0.2369 -0.6220 0.7463
vn -0.2357 -0.6161 0.7516
vn -0.2366 -0.6208 0.7474
vn -0.2215 0.9634 0.1508
vn -0.2363 0.9696 0.0636
vn -0.3325 0.9429 0.0201
vn -0.7175 0.6694 0.1925
vn -0.7421 0.6702 -0.0120
vn -0.7968 0.5939 -0.1109
vn -0.9544 0.2311 0.1888
vn -0.9688 0.2348 -0.0788
vn -0.9603 0.2000 -0.1946
vn 0.7609 -0.1269 0.6363
vn 0.9138 -0.1260 0.3860
vn 0.9555 -0.1221 0.2684
vn 0.7673 -0.1046 0.6327
vn 0.9175 -0.1016 0.3846
vn 0.9581 -0.0976 0.2691
vn 0.7698 -0.0940 0.6314
vn 0.9190 -0.0901 0.3839
vn 0.9592 -0.0861 0.2693
vn 0.9636 -0.1213 0.2383
vn 0.9636 -0.1214 0.2381
vn 0.9636 -0.1214 0.2380
vn 0.9660 -0.0966 0.2398
vn 0.9660 -0.0966 0.2397
vn 0.9669 -0.0849 0.2404
vn 0.9670 -0.0850 0.2404
vn -0.7134 0.6911 -0.1160
vn -0.8421 0.5109 -0.1727
vn -0.8900 0.4087 -0.2020
vn -0.9327 0.2957 -0.2066
vn -0.9532 0.2020 -0.2250
vn -0.9583 0.1658 -0.2330
vn -0.9647 0.1189 -0.2352
vn -0.9659 0.1013 -0.2381
vn -0.9662 0.0950 -0.2395
vn -0.3602 0.5071 0.7830
vn -0.2996 0.6839 0.6653
vn -0.2597 0.8281 0.4969
vn -0.5424 0.2805 0.7919
vn -0.5519 0.4028 0.7302
vn -0.5873 0.5178 0.6221
vn -0.6865 0.0839 0.7223
vn -0.7031 0.1105 0.7024
vn -0.7521 0.1394 0.6441
vn 0.2512 -0.1265 0.9596
vn 0.2843 -0.1103 0.9524
vn 0.3553 -0.1070 0.9286
vn 0.3094 -0.1007 0.9456
vn 0.3167 -0.0920 0.9441
vn 0.3725 -0.0914 0.9235
vn 0.3273 -0.0828 0.9413
vn 0.3269 -0.0815 0.9415
vn 0.3785 -0.0834 0.9218
vn 0.2662 0.4408 -0.8572
vn 0.3382 0.4294 -0.8374
vn 0.5791 0.3687 -0.7271
vn 0.2665 0.1473 -0.9525
vn 0.3442 0.1377 -0.9288
vn 0.6120 0.1034 -0.7841
vn 0.2625 0.0581 -0.9632
vn 0.3423 0.0505 -0.9382
vn 0.6124 0.0225 -0.7902
vn -0.8938 0.3910 -0.2198
vn -0.8822 0.3897 -0.2643
vn -0.8275 0.3783 -0.4148
vn -0.9561 0.1602 -0.2452
vn -0.9431 0.1602 -0.2913
vn -0.8748 0.1643 -0.4557
vn -0.9636 0.0943 -0.2502
vn -0.9500 0.0957 -0.2973
vn -0.8809 0.1007 -0.4624
vn 0.9663 -0.1214 0.2272
vn 0.9767 -0.1200 0.1781
vn 0.9941 -0.1084 0.0081
vn 0.9685 -0.0962 0.2296
vn 0.9785 -0.0943 0.1837
vn 0.9962 -0.0858 0.0124
vn 0.9694 -0.0845 0.2303
vn 0.9794 -0.0824 0.1844
vn 0.9972 -0.0738 0.0136
vn 0.0344 0.9975 0.0621
vn 0.0351 0.9979 0.0546
vn 0.0445 0.9976 0.0523
vn -0.0128 0.9980 0.0624
vn -0.0398 0.9983 0.0437
vn -0.0356 0.9987 0.0352
vn -0.0897 0.9947 0.0507
vn -0.1910 0.9815 0.0136
vn -0.2491 0.9684 -0.0154
vn 0.9612 -0.0806 0.2637
vn 0.9673 -0.0797 0.2407
vn 0.9729 -0.0787 0.2175
vn 0.0492 0.0551 -0.9973
vn -0.4830 0.0838 -0.8716
vn -0.8591 0.0878 -0.5043
vn -0.0492 -0.0551 0.9973
vn 0.4830 -0.0838 0.8716
vn 0.8591 -0.0878 0.5043
vn -0.9970 0.0651 0.0425
vn -0.8397 0.0251 0.5425
vn -0.4300 -0.0237 0.9025
vn 0.9970 -0.0651 -0.0425
vn 0.8397 -0.0251 -0.5425
vn 0.4300 0.0237 -0.9025
vn 0.2444 0.0402 -0.9688
vn 0.9829 0.1740 -0.0599
vn 0.7809 0.3893 -0.4885
vn 0.4036 0.5179 -0.7542
vn 0.8340 0.5507 0.0336
vn 0.5641 0.7993 -0.2071
vn 0.2401 0.9187 -0.3138
vn 0.5801 0.8100 0.0861
vn 0.2557 0.9664 -0.0249
vn 0.1203 0.9915 -0.0504
vn 0.2438 0.5530 -0.7967
vn 0.1561 0.9353 -0.3176
vn 0.0947 0.9942 -0.0515
vn 0.2299 0.9668 0.1112
vn 0.2299 0.9682 0.0982
vn 0.2361 0.9679 0.0866
vn 0.1035 0.9913 0.0817
vn 0.1034 0.9924 0.0673
vn 0.1103 0.9924 0.0546
vn 0.0710 0.9948 0.0730
vn 0.0736 0.9955 0.0599
vn 0.0776 0.9959 0.0471
vn 0.0643 0.9954 0.0710
vn 0.0675 0.9960 0.0584
vn 0.0707 0.9964 0.0457
vn -0.9510 0.2965 0.0875
vn -0.7252 0.4314 0.5366
vn -0.3362 0.4763 0.8125
vn -0.7521 0.6580 0.0372
vn -0.4530 0.8384 0.3031
vn -0.1168 0.8998 0.4203
vn -0.4652 0.8851 0.0132
vn -0.1235 0.9825 0.1391
vn 0.0138 0.9860 0.1663
vn -0.1734 0.4844 0.8575
vn -0.0313 0.9045 0.4254
vn 0.0395 0.9851 0.1675
vn 0.2315 0.6826 -0.6932
vn 0.2226 0.7212 -0.6560
vn 0.2263 0.6829 -0.6945
vn 0.2549 0.2691 -0.9288
vn 0.2535 0.2977 -0.9204
vn 0.2518 0.2693 -0.9296
vn 0.2474 0.0828 -0.9654
vn 0.2473 0.0882 -0.9649
vn 0.2467 0.0828 -0.9655
vn 0.0866 -0.9917 -0.0951
vn 0.1013 -0.9601 -0.2608
vn 0.2163 -0.5541 -0.8038
vn 0.4994 -0.8591 -0.1118
vn 0.4191 -0.7618 -0.4940
vn 0.3079 -0.4831 -0.8196
vn 0.9080 -0.4138 -0.0653
vn 0.7690 -0.3868 -0.5089
vn 0.4491 -0.1341 -0.8834
vn -0.1247 0.6862 0.7166
vn -0.1098 0.7239 0.6811
vn -0.1192 0.6859 0.7179
vn -0.2176 0.2395 0.9462
vn -0.2111 0.2726 0.9387
vn -0.2140 0.2392 0.9471
vn -0.2409 0.0126 0.9705
vn -0.2399 0.0193 0.9706
vn -0.2400 0.0126 0.9707
vn -0.2213 -0.9750 -0.0195
vn -0.2387 -0.9579 0.1593
vn -0.3036 -0.5662 0.7663
vn -0.6123 -0.7904 0.0161
vn -0.5260 -0.7441 0.4119
vn -0.3807 -0.5112 0.7706
vn -0.9559 -0.2926 0.0234
vn -0.8191 -0.3338 0.4666
vn -0.4700 -0.1657 0.8669
vn -0.1794 -0.5756 0.7978
vn -0.0136 -0.9761 0.2170
vn 0.0528 -0.9974 0.0495
vn -0.1056 -0.5326 0.8398
vn 0.1527 -0.7988 0.5819
vn 0.4069 -0.8724 0.2709
vn -0.0196 -0.2019 0.9792
vn 0.4455 -0.4366 0.7816
vn 0.7779 -0.4332 0.4552
vn 0.1004 -0.5454 -0.8322
vn -0.1147 -0.9428 -0.3130
vn -0.1830 -0.9698 -0.1614
vn 0.0389 -0.4621 -0.8860
vn -0.2520 -0.7078 -0.6600
vn -0.5133 -0.7778 -0.3627
vn -0.0008 -0.0979 -0.9952
vn -0.4926 -0.2843 -0.8225
vn -0.8241 -0.2734 -0.4961
vn 0.7011 -0.6873 0.1898
vn 0.9126 0.3261 0.2465
vn 0.7187 -0.6873 0.1055
vn 0.9202 -0.2964 0.2558
vn 0.9691 0.0280 0.2451
vn 0.9362 -0.2973 0.1873
vn 0.9571 -0.1207 0.2633
vn 0.9685 -0.0606 0.2417
vn 0.9698 -0.1192 0.2126
vn -0.7515 -0.6084 -0.2552
vn -0.9012 0.3719 -0.2226
vn -0.7801 -0.6002 -0.1766
vn -0.9445 -0.1694 -0.2814
vn -0.9594 0.1545 -0.2360
vn -0.9622 -0.1685 -0.2140
vn -0.9627 0.0344 -0.2684
vn -0.9663 0.0930 -0.2399
vn -0.9754 0.0328 -0.2178
vn -0.2233 0.9743 -0.0275
vn -0.0043 0.9996 0.0279
vn 0.0565 0.9975 0.0430
vn -0.2039 0.9766 -0.0681
vn 0.0123 0.9998 -0.0158
vn 0.0690 0.9976 -0.0059
vn -0.1492 0.9653 -0.2143
vn 0.0547 0.9818 -0.1819
vn 0.1102 0.9784 -0.1748
vn 0.9979 0.0168 0.0631
vn 0.2393 0.9652 0.1053
vn 0.9080 -0.0699 0.4131
vn 0.1148 0.9918 0.0564
vn 0.1019 0.9925 0.0671
vn 0.1313 0.9858 0.1049
vn 0.0720 0.9957 0.0581
vn 0.0734 0.9955 0.0599
vn 0.0742 0.9953 0.0627
vn 0.0565 0.9932 0.1017
vn 0.0949 0.9901 0.1037
vn 0.0776 0.9923 0.0967
vn 0.0698 0.9938 0.0866
vn 0.0617 0.9948 0.0814
vn 0.0522 0.9953 0.0820
vn 0.0405 0.9954 0.0872
vn 0.0219 0.9961 0.0852
vn 0.0362 0.9947 0.0967
vn 0.0331 0.9903 0.1352
vn 0.0460 0.9887 0.1423
vn 0.0609 0.9880 0.1422
vn 0.0767 0.9913 0.1070
vn -0.9965 -0.0204 -0.0806
vn -0.1504 0.9886 0.0027
vn -0.9035 0.1406 -0.4048
vn -0.0543 0.9962 0.0677
vn 0.0298 0.9983 0.0492
vn 0.0272 0.9991 0.0314
vn 0.0592 0.9965 0.0591
vn 0.0614 0.9965 0.0569
vn 0.0636 0.9964 0.0560
vn -0.2385 0.0288 0.9707
vn -0.0573 -0.9979 -0.0302
vn -0.0721 -0.9974 0.0072
vn -0.2221 -0.1471 0.9639
vn -0.2463 -0.0519 0.9678
vn -0.2779 -0.1428 0.9499
vn -0.0941 -0.9956 0.0013
vn -0.0895 -0.9952 -0.0386
vn -0.6830 0.0004 0.7304
vn 0.0624 0.9958 0.0666
vn 0.0634 0.9952 0.0752
vn 0.0682 0.9954 0.0679
vn 0.2492 -0.0737 0.9657
vn -0.0993 0.4270 -0.8988
vn 0.1630 0.4441 -0.8810
vn 0.2353 0.4434 -0.8649
vn -0.1415 0.1665 -0.9758
vn 0.1556 0.1534 -0.9758
vn 0.2341 0.1500 -0.9606
vn -0.1510 0.0857 -0.9848
vn 0.1483 0.0665 -0.9867
vn 0.2288 0.0609 -0.9716
vn 0.2507 0.4428 -0.8608
vn 0.2503 0.1492 -0.9566
vn 0.2456 0.0597 -0.9675
vn 0.2399 -0.0188 -0.9706
vn 0.2427 0.0163 -0.9700
vn 0.2439 0.0328 -0.9693
vn 0.2580 -0.0209 -0.9659
vn 0.2596 0.0149 -0.9656
vn 0.2609 0.0314 -0.9649
vn 0.3420 -0.0292 -0.9392
vn 0.3391 0.0080 -0.9407
vn 0.3408 0.0247 -0.9398
vn 0.6074 -0.0480 -0.7929
vn 0.6084 -0.0179 -0.7935
vn 0.6104 -0.0021 -0.7921
vn 0.1280 0.9722 -0.1961
vn 0.0863 0.9960 -0.0230
vn 0.0711 0.9967 0.0396
vn 0.1309 0.9700 -0.2048
vn 0.0899 0.9954 -0.0317
vn 0.0732 0.9967 0.0360
vn 0.1297 0.9721 -0.1957
vn 0.0891 0.9958 -0.0224
vn 0.0732 0.9965 0.0401
vn 0.1364 0.9762 -0.1684
vn 0.0966 0.9953 0.0009
vn 0.0847 0.9952 0.0500
vn 0.1898 0.9705 -0.1485
vn 0.1525 0.9881 0.0189
vn 0.1468 0.9870 0.0654
vn 0.3873 0.9184 -0.0807
vn 0.3699 0.9261 0.0744
vn 0.3688 0.9218 0.1194
s 1
f 590//553 594//557 593//556
f 591//554 595//558 594//557
f 593//556 597//560 596//559
f 594//557 598//561 597//560
f 54//54 590//553 257//255
f 391//379 591//554 590//553
f 390//378 592//555 591//554
f 389//377 92//92 592//555
f 592//555 93//93 595//558
f 595//558 94//94 598//561
f 598//561 17//17 242//240
f 597//560 242//240 243//241
f 596//559 243//241 244//242
f 259//257 244//242 30//30
f 258//256 596//559 259//257
f 257//255 593//556 258//256
f 600//563 602//565 599//562
f 601//564 603//566 600//563
f 603//566 605//568 602//565
f 604//567 606//569 603//566
f 448//428 479//449 71//71
f 447//427 599//562 448//428
f 446//426 600//563 447//427
f 57//57 601//564 446//426
f 203//201 604//567 601//564
f 204//202 607//570 604//567
f 205//203 196//194 607//570
f 607//570 195//193 606//569
f 606//569 194//192 605//568
f 605//568 66//66 481//451
f 602//565 481//451 480//450
f 599//562 480//450 479//449
f 608//571 612//575 611//574
f 609//572 613//576 612//575
f 611//574 615//578 614//577
f 612//575 616//579 615//578
f 53//53 608//571 254//252
f 388//376 609//572 608//571
f 387//375 610//573 609//572
f 386//374 110//110 610//573
f 610//573 111//111 613//576
f 613//576 112//112 616//579
f 616//579 6//6 248//246
f 615//578 248//246 249//247
f 614//577 249//247 250//248
f 256//254 250//248 32//32
f 255//253 614//577 256//254
f 254//252 611//574 255//253
f 618//581 620//583 617//580
f 619//582 621//584 618//581
f 621//584 623//586 620//583
f 622//585 624//587 621//584
f 322//310 251//249 42//42
f 321//309 617//580 322//310
f 320//308 618//581 321//309
f 40//40 619//582 320//308
f 119//119 622//585 619//582
f 120//120 625//588 622//585
f 121//121 91//91 625//588
f 625//588 90//90 624//587
f 624//587 89//89 623//586
f 623//586 29//29 253//251
f 620//583 253//251 252//250
f 617//580 252//250 251//249
f 626//589 630//593 629//592
f 628//591 630//593 627//590
f 629//592 633//596 632//595
f 630//593 634//597 633//596
f 44//44 626//589 278//276
f 316//304 627//590 626//589
f 314//303 627//590 315//304
f 42//42 628//591 314//303
f 251//249 631//594 628//591
f 631//594 253//251 634//597
f 634//597 29//29 241//239
f 633//596 241//239 240//238
f 632//595 240//238 239//237
f 280//278 239//237 36//36
f 279//277 632//595 280//278
f 278//276 629//592 279//277
f 636//599 638//601 635//598
f 637//600 639//602 636//599
f 639//602 641//604 638//601
f 640//603 642//605 639//602
f 385//373 110//110 49//49
f 384//372 635//598 385//373
f 383//371 636//599 384//372
f 88//88 637//600 383//371
f 577//540 640//603 637//600
f 576//539 643//606 640//603
f 575//538 289//286 643//606
f 643//606 288//285 642//605
f 642//605 287//284 641//604
f 641//604 6//6 112//112
f 638//601 112//112 111//111
f 635//598 111//111 110//110
f 645//608 647//610 644//607
f 645//608 649//612 648//611
f 647//610 651//614 650//613
f 648//611 652//615 651//614
f 382//370 158//158 51//51
f 381//369 644//607 382//370
f 380//368 645//608 381//369
f 380//368 161//161 646//609
f 646//609 162//162 649//612
f 649//612 163//163 652//615
f 652//615 18//18 164//164
f 651//614 164//164 165//165
f 650//613 165//165 166//166
f 160//160 166//166 14//14
f 159//159 650//613 160//160
f 644//607 159//159 158//158
f 653//616 657//620 656//619
f 654//617 658//621 657//620
f 657//620 659//622 656//619
f 658//621 660//623 657//620
f 14//14 653//616 155//155
f 166//166 654//617 653//616
f 165//165 655//618 654//617
f 164//164 100//100 655//618
f 655//618 99//99 658//621
f 99//99 661//624 658//621
f 98//98 131//131 661//624
f 661//624 132//132 660//623
f 660//623 133//133 659//622
f 659//622 15//15 157//157
f 656//619 157//157 156//156
f 155//155 656//619 156//156
f 663//626 665//628 662//625
f 664//627 666//629 663//626
f 666//629 668//631 665//628
f 667//630 669//632 666//629
f 50//50 662//625 152//152
f 379//367 663//626 662//625
f 378//366 664//627 663//626
f 48//48 664//627 377//365
f 589//552 667//630 664//627
f 588//551 670//633 667//630
f 587//550 584//547 670//633
f 670//633 585//548 669//632
f 669//632 586//549 668//631
f 668//631 16//16 154//154
f 665//628 154//154 153//153
f 662//625 153//153 152//152
f 672//635 674//637 671//634
f 673//636 675//638 672//635
f 675//638 677//640 674//637
f 676//639 678//641 675//638
f 337//325 149//149 46//46
f 336//324 671//634 337//325
f 335//323 672//635 336//324
f 37//37 673//636 335//323
f 283//281 676//639 673//636
f 282//280 679//642 676//639
f 679//642 1//1 343//331
f 678//641 343//331 342//330
f 677//640 342//330 341//329
f 677//640 13//13 151//151
f 674//637 151//151 150//150
f 671//634 150//150 149//149
f 680//643 684//647 683//646
f 682//645 684//647 681//644
f 684//647 686//649 683//646
f 684//647 688//651 687//650
f 10//10 680//643 122//122
f 130//130 681//644 680//643
f 128//128 681//644 129//129
f 12//12 682//645 128//128
f 139//139 685//648 682//645
f 685//648 137//137 688//651
f 688//651 11//11 145//145
f 687//650 145//145 144//144
f 687//650 143//143 686//649
f 686//649 9//9 124//124
f 683//646 124//124 123//123
f 122//122 683//646 123//123
f 690//653 689//652 701//664
f 693//656 691//654 692//655
f 694//657 689//652 693//656
f 696//659 689//652 695//658
f 699//662 697//660 698//661
f 700//663 689//652 699//662
f 27//27 690//653 236//234
f 223//221 691//654 690//653
f 236//234 701//664 237//235
f 326//314 221//219 16//16
f 327//315 692//655 326//314
f 692//655 222//220 221//219
f 45//45 694//657 328//316
f 329//317 695//658 694//657
f 328//316 693//656 327//315
f 46//46 696//659 331//319
f 149//149 697//660 696//659
f 331//319 695//658 330//318
f 148//148 151//151 13//13
f 147//147 698//661 148//148
f 698//661 150//150 151//151
f 28//28 700//663 146//146
f 238//236 701//664 700//663
f 146//146 699//662 147//147
f 703//666 702//665 712//675
f 706//669 704//667 705//668
f 707//670 702//665 706//669
f 710//673 708//671 709//672
f 712//675 710//673 711//674
f 26//26 703//666 233//231
f 220//218 704//667 703//666
f 233//231 712//675 234//232
f 15//15 705//668 218//216
f 348//336 705//668 347//335
f 705//668 219//217 218//216
f 50//50 707//670 349//337
f 152//152 708//671 707//670
f 349//337 706//669 348//336
f 221//219 154//154 16//16
f 221//219 710//673 709//672
f 709//672 153//153 154//154
f 235//233 223//221 27//27
f 234//232 711//674 235//233
f 711//674 222//220 223//221
f 713//676 717//680 716//679
f 714//677 718//681 717//680
f 717//680 719//682 716//679
f 718//681 720//683 717//680
f 217//215 230//228 25//25
f 217//215 714//677 713//676
f 216//214 715//678 714//677
f 215//213 155//155 715//678
f 715//678 156//156 718//681
f 156//156 721//684 718//681
f 157//157 218//216 721//684
f 721//684 219//217 720//683
f 720//683 220//218 719//682
f 232//230 220//218 26//26
f 716//679 232//230 231//229
f 230//228 716//679 231//229
f 724//687 732//695 723//686
f 726//689 724//687 725//688
f 727//690 722//685 726//689
f 730//693 728//691 729//692
f 731//694 722//685 730//693
f 146//146 227//225 28//28
f 147//147 723//686 146//146
f 723//686 228//226 227//225
f 350//338 148//148 13//13
f 351//339 725//688 350//338
f 148//148 724//687 147//147
f 51//51 727//690 352//340
f 158//158 728//691 727//690
f 352//340 726//689 351//339
f 14//14 729//692 160//160
f 216//214 729//692 215//213
f 729//692 159//159 160//160
f 25//25 731//694 217//215
f 229//227 732//695 731//694
f 217//215 730//693 216//214
f 734//697 736//696 733//696
f 734//697 738//698 737//697
f 736//696 740//697 739//696
f 738//698 740//697 737//697
f 529//494 185//185 73//73
f 528//493 733//696 529//494
f 528//493 735//698 734//697
f 527//492 487//455 735//698
f 487//455 738//698 735//698
f 738//698 485//455 741//698
f 485//455 404//390 741//698
f 741//698 405//391 740//697
f 740//697 406//392 739//696
f 187//185 406//392 59//59
f 186//185 739//696 187//185
f 733//696 186//185 185//185
f 744//701 754//711 743//700
f 745//702 742//699 744//701
f 747//704 742//699 746//703
f 750//707 748//705 749//706
f 751//708 742//699 750//707
f 753//710 742//699 752//709
f 175//175 181//181 8//8
f 174//174 743//700 175//175
f 743//700 180//180 181//181
f 64//64 745//702 173//173
f 427//413 746//703 745//702
f 173//173 744//701 174//174
f 63//63 747//704 425//411
f 424//410 748//705 747//704
f 425//411 746//703 426//412
f 400//386 422//408 4//4
f 399//385 749//706 400//386
f 749//706 423//409 422//408
f 548//513 398//384 82//82
f 549//514 751//708 548//513
f 398//384 750//707 399//385
f 179//179 550//515 83//83
f 179//179 754//711 753//710
f 753//710 549//514 550//515
f 756//713 758//715 755//712
f 756//713 760//717 759//716
f 759//716 761//718 758//715
f 759//716 763//720 762//719
f 538//503 535//500 82//82
f 537//502 755//712 538//503
f 537//502 757//714 756//713
f 536//501 188//186 757//714
f 757//714 189//187 760//717
f 760//717 190//188 763//720
f 763//720 33//33 262//260
f 762//719 262//260 261//259
f 761//718 261//259 260//258
f 761//718 30//30 533//498
f 758//715 533//498 534//499
f 755//712 534//499 535//500
f 765//722 767//724 764//721
f 765//722 769//726 768//725
f 768//725 770//727 767//724
f 768//725 772//729 771//728
f 475//445 430//416 65//65
f 474//444 764//721 475//445
f 474//444 766//723 765//722
f 473//443 197//195 766//723
f 766//723 198//196 769//726
f 769//726 199//197 772//729
f 772//729 24//24 200//198
f 771//728 200//198 201//199
f 771//728 202//200 770//727
f 770//727 23//23 428//414
f 767//724 428//414 429//415
f 764//721 429//415 430//416
f 774//731 776//733 773//730
f 775//732 777//734 774//731
f 777//734 779//736 776//733
f 778//735 780//737 777//734
f 442//424 467//437 69//69
f 441//423 773//730 442//424
f 440//422 774//731 441//423
f 59//59 775//732 440//422
f 209//207 778//735 775//732
f 210//208 781//738 778//735
f 211//209 199//197 781//738
f 781//738 198//196 780//737
f 780//737 197//195 779//736
f 779//736 68//68 469//439
f 776//733 469//439 468//438
f 773//730 468//438 467//437
f 783//740 785//742 782//739
f 783//740 787//744 786//743
f 786//743 788//745 785//742
f 786//743 790//747 789//746
f 409//395 203//201 57//57
f 408//394 782//739 409//395
f 408//394 784//741 783//740
f 407//393 403//389 784//741
f 784//741 402//388 787//744
f 787//744 401//387 790//747
f 790//747 21//21 191//189
f 789//746 191//189 192//190
f 789//746 193//191 788//745
f 788//745 22//22 205//203
f 785//742 205//203 204//202
f 782//739 204//202 203//201
f 792//749 794//751 791//748
f 792//749 796//753 795//752
f 795//752 797//754 794//751
f 795//752 799//756 798//755
f 406//392 209//207 59//59
f 405//391 791//748 406//392
f 405//391 793//750 792//749
f 404//390 394//382 793//750
f 793//750 393//381 796//753
f 796//753 392//380 799//756
f 799//756 23//23 202//200
f 798//755 202//200 201//199
f 798//755 200//198 797//754
f 797//754 24//24 211//209
f 794//751 211//209 210//208
f 791//748 210//208 209//207
f 801//758 803//760 800//757
f 802//759 804//761 801//758
f 804//761 806//763 803//760
f 805//762 807//764 804//761
f 224//222 124//124 9//9
f 225//223 800//757 224//222
f 226//224 801//758 225//223
f 28//28 802//759 226//224
f 227//225 805//762 802//759
f 228//226 808//765 805//762
f 229//227 125//125 808//765
f 808//765 126//126 807//764
f 806//763 126//126 127//127
f 122//122 127//127 10//10
f 123//123 806//763 122//122
f 800//757 123//123 124//124
f 809//766 813//770 812//769
f 810//767 814//771 813//770
f 813//770 815//772 812//769
f 814//771 816//773 813//770
f 10//10 809//766 130//130
f 127//127 810//767 809//766
f 126//126 811//768 810//767
f 125//125 230//228 811//768
f 811//768 231//229 814//771
f 231//229 817//774 814//771
f 232//230 134//134 817//774
f 817//774 135//135 816//773
f 816//773 136//136 815//772
f 815//772 12//12 128//128
f 129//129 815//772 128//128
f 809//766 129//129 130//130
f 818//775 822//779 821//778
f 819//776 823//780 822//779
f 821//778 825//782 824//781
f 822//779 826//783 825//782
f 136//136 139//139 12//12
f 135//135 818//775 136//136
f 135//135 820//777 819//776
f 134//134 233//231 820//777
f 820//777 234//232 823//780
f 823//780 235//233 826//783
f 826//783 27//27 140//140
f 825//782 140//140 141//141
f 824//781 141//141 142//142
f 137//137 142//142 11//11
f 138//138 824//781 137//137
f 818//775 138//138 139//139
f 827//784 831//788 830//787
f 828//785 832//789 831//788
f 831//788 833//790 830//787
f 832//789 834//791 831//788
f 11//11 827//784 145//145
f 142//142 828//785 827//784
f 141//141 829//786 828//785
f 140//140 236//234 829//786
f 829//786 237//235 832//789
f 237//235 835//792 832//789
f 238//236 226//224 835//792
f 835//792 225//223 834//791
f 834//791 224//222 833//790
f 833//790 9//9 143//143
f 144//144 833//790 143//143
f 827//784 144//144 145//145
f 837//794 839//795 836//793
f 838//794 840//796 837//794
f 840//796 842//798 839//795
f 841//797 843//799 840//796
f 376//364 275//273 56//56
f 375//363 836//793 376//364
f 374//362 837//794 375//363
f 53//53 838//794 374//362
f 254//252 841//797 838//794
f 255//253 844//800 841//797
f 256//254 266//264 844//800
f 844//800 267//265 843//799
f 843//799 268//266 842//798
f 842//798 35//35 277//275
f 839//795 277//275 276//274
f 836//793 276//274 275//273
f 845//801 849//805 848//804
f 846//802 850//806 849//805
f 848//804 852//808 851//807
f 849//805 853//809 852//808
f 55//55 845//801 272//270
f 373//361 846//802 845//801
f 372//360 847//803 846//802
f 371//359 257//255 847//803
f 847//803 258//256 850//806
f 850//806 259//257 853//809
f 853//809 30//30 260//258
f 852//808 260//258 261//259
f 851//807 261//259 262//260
f 274//272 262//260 33//33
f 273//271 851//807 274//272
f 272//270 848//804 273//271
f 854//810 858//814 857//813
f 855//811 859//815 858//814
f 857//813 861//817 860//816
f 858//814 862//818 861//817
f 52//52 854//810 161//161
f 370//358 855//811 854//810
f 369//357 856//812 855//811
f 368//356 272//270 856//812
f 856//812 273//271 859//815
f 859//815 274//272 862//818
f 862//818 33//33 95//95
f 861//817 95//95 96//96
f 860//816 96//96 97//97
f 163//163 97//97 18//18
f 162//162 860//816 163//163
f 161//161 857//813 162//162
f 864//820 866//822 863//819
f 865//821 867//823 864//820
f 867//823 869//825 866//822
f 868//824 870//826 867//823
f 367//355 589//552 48//48
f 366//354 863//819 367//355
f 365//353 864//820 366//354
f 56//56 865//821 365//353
f 275//273 868//824 865//821
f 276//274 871//827 868//824
f 277//275 113//113 871//827
f 871//827 114//114 870//826
f 870//826 115//115 869//825
f 869//825 5//5 587//550
f 866//822 587//550 588//551
f 863//819 588//551 589//552
f 873//829 875//831 872//828
f 874//830 876//832 873//829
f 876//832 878//834 875//831
f 877//833 879//835 876//832
f 310//301 283//281 37//37
f 309//300 872//828 310//301
f 308//299 873//829 309//300
f 44//44 874//830 308//299
f 278//276 877//833 874//830
f 877//833 280//278 880//836
f 880//836 36//36 271//269
f 879//835 271//269 270//268
f 878//834 270//268 269//267
f 281//279 269//267 1//1
f 875//831 281//279 282//280
f 872//828 282//280 283//281
f 881//837 885//841 884//840
f 882//838 886//842 885//841
f 884//840 888//844 887//843
f 885//841 889//845 888//844
f 115//115 118//118 5//5
f 114//114 881//837 115//115
f 113//113 882//838 114//114
f 35//35 883//839 113//113
f 299//292 886//842 883//839
f 886//842 301//294 889//845
f 889//845 43//43 305//296
f 888//844 305//296 306//297
f 887//843 306//297 307//298
f 116//116 307//298 38//38
f 117//117 887//843 116//116
f 118//118 884//840 117//117
f 890//846 894//847 893//846
f 891//847 895//848 894//847
f 894//847 896//846 893//846
f 895//848 897//847 894//847
f 38//38 890//846 286//282
f 307//298 891//847 890//846
f 306//297 892//848 891//847
f 305//296 302//295 892//848
f 892//848 303//295 895//848
f 895//848 304//295 898//848
f 304//295 308//299 898//848
f 898//848 309//300 897//847
f 897//847 310//301 896//846
f 896//846 37//37 284//282
f 893//846 284//282 285//283
f 286//282 893//846 285//283
f 900//850 902//852 899//849
f 901//851 903//853 900//850
f 902//852 906//856 905//855
f 904//854 906//856 903//853
f 268//266 299//292 35//35
f 267//265 899//849 268//266
f 266//264 900//850 267//265
f 32//32 901//851 266//264
f 293//288 904//854 901//851
f 294//289 907//857 904//854
f 295//290 311//302 907//857
f 907//857 312//302 906//856
f 905//855 312//302 313//302
f 301//294 313//302 43//43
f 300//293 905//855 301//294
f 899//849 300//293 299//292
f 908//858 912//858 911//858
f 910//858 912//858 909//858
f 911//858 915//858 914//858
f 913//858 915//858 912//858
f 43//43 908//858 302//295
f 313//302 909//858 908//858
f 311//302 909//858 312//302
f 41//41 910//858 311//302
f 296//291 913//858 910//858
f 297//291 916//858 913//858
f 298//291 314//303 916//858
f 916//858 315//304 915//858
f 914//858 315//304 316//304
f 304//295 316//304 44//44
f 303//295 914//858 304//295
f 302//295 911//858 303//295
f 917//859 921//863 920//862
f 918//860 922//864 921//863
f 920//862 924//866 923//865
f 921//863 925//867 924//866
f 32//32 917//859 293//288
f 250//248 918//860 917//859
f 249//247 919//861 918//860
f 248//246 287//284 919//861
f 919//861 288//285 922//864
f 922//864 289//286 925//867
f 925//867 39//39 317//305
f 924//866 317//305 318//306
f 924//866 319//307 923//865
f 923//865 41//41 295//290
f 294//289 923//865 295//290
f 293//288 920//862 294//289
f 927//869 929//868 926//868
f 928//870 930//869 927//869
f 930//869 932//868 929//868
f 931//870 933//869 930//869
f 319//307 296//291 41//41
f 318//306 926//868 319//307
f 317//305 927//869 318//306
f 39//39 928//870 317//305
f 290//287 931//870 928//870
f 291//287 934//870 931//870
f 292//287 320//308 934//870
f 934//870 321//309 933//869
f 933//869 322//310 932//868
f 932//868 42//42 298//291
f 929//868 298//291 297//291
f 926//868 297//291 296//291
f 935//871 939//875 938//874
f 936//872 940//876 939//875
f 938//874 942//878 941//877
f 939//875 943//879 942//878
f 16//16 935//871 326//314
f 585//548 935//871 586//549
f 584//547 936//872 585//548
f 5//5 937//873 584//547
f 937//873 117//117 940//876
f 940//876 116//116 943//879
f 943//879 38//38 323//311
f 942//878 323//311 324//312
f 941//877 324//312 325//313
f 328//316 325//313 45//45
f 327//315 941//877 328//316
f 326//314 938//874 327//315
f 944//880 948//884 947//883
f 945//881 949//882 948//884
f 948//884 950//885 947//883
f 949//882 951//886 948//884
f 45//45 944//880 329//317
f 325//313 945//881 944//880
f 324//312 946//882 945//881
f 323//311 286//282 946//882
f 946//882 285//283 949//882
f 285//283 952//882 949//882
f 284//282 335//323 952//882
f 952//882 336//324 951//886
f 951//886 337//325 950//885
f 950//885 46//46 331//319
f 947//883 331//319 330//318
f 329//317 947//883 330//318
f 954//888 956//890 953//887
f 955//889 957//891 954//888
f 957//891 959//893 956//890
f 958//892 960//894 957//891
f 106//106 109//109 19//19
f 105//105 953//887 106//106
f 104//104 954//888 105//105
f 34//34 955//889 104//104
f 362//350 958//892 955//889
f 363//351 961//895 958//892
f 364//352 365//353 961//895
f 961//895 366//354 960//894
f 960//894 367//355 959//893
f 959//893 48//48 107//107
f 956//890 107//107 108//108
f 953//887 108//108 109//109
f 962//896 966//900 965//899
f 963//897 967//901 966//900
f 965//899 969//903 968//902
f 966//900 970//904 969//903
f 1//1 962//896 332//320
f 269//267 963//897 962//896
f 270//268 964//898 963//897
f 271//269 359//347 964//898
f 964//898 360//348 967//901
f 967//901 361//349 970//904
f 970//904 55//55 368//356
f 969//903 368//356 369//357
f 968//902 369//357 370//358
f 334//322 370//358 52//52
f 333//321 968//902 334//322
f 332//320 965//899 333//321
f 971//905 975//909 974//908
f 972//906 976//909 975//909
f 974//908 978//911 977//910
f 975//909 979//911 978//911
f 36//36 971//905 359//347
f 239//237 972//906 971//905
f 240//238 973//907 972//906
f 241//239 356//344 973//907
f 973//907 357//345 976//909
f 976//909 358//346 979//911
f 979//911 54//54 371//359
f 978//911 371//359 372//360
f 977//910 372//360 373//361
f 361//349 373//361 55//55
f 360//348 977//910 361//349
f 359//347 974//908 360//348
f 981//913 983//915 980//912
f 982//914 984//916 981//913
f 984//916 986//918 983//915
f 985//917 987//919 984//916
f 265//263 362//350 34//34
f 264//262 980//912 265//263
f 263//261 981//913 264//262
f 31//31 982//914 263//261
f 353//341 985//917 982//914
f 354//342 988//920 985//917
f 355//343 374//362 988//920
f 988//920 375//363 987//919
f 987//919 376//364 986//918
f 986//918 56//56 364//352
f 983//915 364//352 363//351
f 980//912 363//351 362//350
f 990//922 992//924 989//921
f 991//923 993//925 990//922
f 992//924 996//928 995//927
f 994//926 996//928 993//925
f 133//133 347//335 15//15
f 132//132 989//921 133//133
f 131//131 990//922 132//132
f 19//19 991//923 131//131
f 109//109 994//926 991//923
f 108//108 997//929 994//926
f 107//107 377//365 997//929
f 996//928 377//365 378//366
f 995//927 378//366 379//367
f 349//337 379//367 50//50
f 348//336 995//927 349//337
f 989//921 348//336 347//335
f 998//930 1002//934 1001//933
f 999//931 1003//935 1002//934
f 1001//933 1005//937 1004//936
f 1002//934 1006//938 1005//937
f 13//13 998//930 350//338
f 341//329 999//931 998//930
f 342//330 1000//932 999//931
f 343//331 332//320 1000//932
f 1000//932 333//321 1003//935
f 1003//935 334//322 1006//938
f 1006//938 52//52 380//368
f 1006//938 381//369 1005//937
f 1005//937 382//370 1004//936
f 1004//936 51//51 352//340
f 351//339 1004//936 352//340
f 350//338 1001//933 351//339
f 1008//940 1010//942 1007//939
f 1009//941 1011//943 1008//940
f 1011//943 1013//945 1010//942
f 1012//944 1014//946 1011//943
f 85//85 1007//939 569//532
f 555//520 1007//939 556//521
f 554//519 1008//940 555//520
f 17//17 1009//941 554//519
f 94//94 1012//944 1009//941
f 93//93 1015//947 1012//944
f 92//92 560//525 1015//947
f 1015//947 561//526 1014//946
f 1013//945 561//526 562//527
f 571//534 562//527 87//87
f 570//533 1013//945 571//534
f 569//532 1010//942 570//533
f 1017//949 1019//951 1016//948
f 1018//950 1020//952 1017//949
f 1020//952 1022//954 1019//951
f 1021//953 1023//955 1020//952
f 247//245 353//341 31//31
f 246//244 1016//948 247//245
f 245//243 1017//949 246//244
f 20//20 1018//950 245//243
f 344//332 1021//953 1018//950
f 345//333 1024//956 1021//953
f 346//334 386//374 1024//956
f 1024//956 387//375 1023//955
f 1023//955 388//376 1022//954
f 1022//954 53//53 355//343
f 1019//951 355//343 354//342
f 1016//948 354//342 353//341
f 1026//958 1028//960 1025//957
f 1027//959 1029//961 1026//958
f 1029//961 1031//963 1028//960
f 1030//962 1032//964 1029//961
f 89//89 356//344 29//29
f 90//90 1025//957 89//89
f 91//91 1026//958 90//90
f 2//2 1027//959 91//91
f 338//326 1030//962 1027//959
f 339//327 1033//965 1030//962
f 340//328 389//377 1033//965
f 1033//965 390//378 1032//964
f 1032//964 391//379 1031//963
f 1031//963 54//54 358//346
f 1028//960 358//346 357//345
f 1025//957 357//345 356//344
f 1035//967 1037//969 1034//966
f 1035//967 1039//971 1038//970
f 1038//970 1040//972 1037//969
f 1038//970 1042//974 1041//973
f 547//512 182//182 84//84
f 546//511 1034//966 547//512
f 546//511 1036//968 1035//967
f 545//510 541//506 1036//968
f 1036//968 540//505 1039//971
f 1039//971 539//504 1042//974
f 1042//974 31//31 263//261
f 1042//974 264//262 1041//973
f 1041//973 265//263 1040//972
f 1040//972 34//34 184//184
f 1037//969 184//184 183//183
f 1034//966 183//183 182//182
f 1044//976 1046//975 1043//975
f 1045//977 1047//976 1044//976
f 1047//976 1049//975 1046//975
f 1048//977 1050//976 1047//976
f 76//76 1043//975 395//383
f 526//491 1044//976 1043//975
f 525//490 1045//977 1044//976
f 524//489 490//456 1045//977
f 1045//977 489//456 1048//977
f 489//456 1051//977 1048//977
f 488//456 407//393 1051//977
f 1050//976 407//393 408//394
f 1049//975 408//394 409//395
f 1049//975 57//57 397//383
f 1046//975 397//383 396//383
f 1043//975 396//383 395//383
f 1052//978 1056//979 1055//978
f 1053//979 1057//980 1056//979
f 1055//978 1059//979 1058//978
f 1056//979 1060//980 1059//979
f 523//488 461//433 80//80
f 522//487 1052//978 523//488
f 521//486 1053//979 522//487
f 73//73 1054//980 521//486
f 1054//980 186//185 1057//980
f 186//185 1060//980 1057//980
f 1060//980 59//59 440//422
f 1060//980 441//423 1059//979
f 1059//979 442//424 1058//978
f 1058//978 69//69 463//433
f 462//433 1058//978 463//433
f 461//433 1055//978 462//433
f 1061//981 1065//982 1064//981
f 1063//983 1065//982 1062//982
f 1064//981 1068//982 1067//981
f 1065//982 1069//983 1068//982
f 520//485 455//431 78//78
f 519//484 1061//981 520//485
f 518//483 1062//982 519//484
f 76//76 1063//983 518//483
f 395//383 1066//983 1063//983
f 1066//983 397//383 1069//983
f 397//383 446//426 1069//983
f 1068//982 446//426 447//427
f 1067//981 447//427 448//428
f 1067//981 71//71 457//431
f 1064//981 457//431 456//431
f 455//431 1064//981 456//431
f 1070//984 1074//985 1073//984
f 1072//986 1074//985 1071//985
f 1074//985 1076//984 1073//984
f 1075//986 1077//985 1074//985
f 74//74 1070//984 487//455
f 517//482 1071//985 1070//984
f 516//481 1072//986 1071//985
f 515//480 452//430 1072//986
f 1072//986 453//430 1075//986
f 453//430 1078//986 1075//986
f 1078//986 72//72 413//399
f 1077//985 413//399 414//400
f 1077//985 415//401 1076//984
f 1076//984 58//58 485//455
f 1073//984 485//455 486//455
f 1070//984 486//455 487//455
f 1080//647 1082//647 1079//647
f 1080//647 1084//647 1083//647
f 1082//647 1086//647 1085//647
f 1084//647 1086//647 1083//647
f 77//77 1079//647 452//430
f 514//478 1080//647 1079//647
f 513//479 1081//647 1080//647
f 78//78 1081//647 512//478
f 1081//647 456//431 1084//647
f 456//431 1087//647 1084//647
f 457//431 449//429 1087//647
f 1087//647 450//429 1086//647
f 1086//647 451//429 1085//647
f 454//430 451//429 72//72
f 1082//647 454//430 453//430
f 1079//647 453//430 452//430
f 1088//987 1092//988 1091//987
f 1090//989 1092//988 1089//988
f 1092//988 1094//987 1091//987
f 1093//989 1095//988 1092//988
f 511//477 490//456 75//75
f 510//476 1088//987 511//477
f 510//476 1090//989 1089//988
f 509//475 458//432 1090//989
f 458//432 1093//989 1090//989
f 1093//989 460//432 1096//989
f 460//432 410//396 1096//989
f 1096//989 411//397 1095//988
f 1094//987 411//397 412//398
f 1094//987 60//60 488//456
f 1091//987 488//456 489//456
f 490//456 1091//987 489//456
f 1097//990 1101//990 1100//990
f 1099//990 1101//990 1098//990
f 1100//990 1104//990 1103//990
f 1101//990 1105//990 1104//990
f 508//474 458//432 79//79
f 507//473 1097//990 508//474
f 507//473 1099//990 1098//990
f 80//80 1099//990 506//472
f 1099//990 462//433 1102//990
f 1102//990 463//433 1105//990
f 463//433 443//425 1105//990
f 1105//990 444//425 1104//990
f 1103//990 444//425 445//425
f 1103//990 70//70 460//432
f 459//432 1103//990 460//432
f 458//432 1100//990 459//432
f 1106//991 1110//995 1109//994
f 1107//992 1111//996 1110//995
f 1109//994 1113//998 1112//997
f 1110//995 1114//999 1113//998
f 60//60 1106//991 403//389
f 412//398 1107//992 1106//991
f 411//397 1108//993 1107//992
f 410//396 464//434 1108//993
f 1108//993 465//435 1111//996
f 1111//996 466//436 1114//999
f 1114//999 67//67 436//420
f 1113//998 436//420 435//419
f 1112//997 435//419 434//418
f 401//387 434//418 21//21
f 402//388 1112//997 401//387
f 403//389 1109//994 402//388
f 1116//1000 1118//1001 1115//1000
f 1117//1000 1119//1001 1116//1000
f 1118//1001 1122//1002 1121//1002
f 1120//1001 1122//1002 1119//1001
f 445//425 464//434 70//70
f 444//425 1115//1000 445//425
f 443//425 1116//1000 444//425
f 69//69 1117//1000 443//425
f 1117//1000 468//438 1120//1001
f 1120//1001 469//439 1123//1002
f 469//439 439//421 1123//1002
f 1122//1002 439//421 438//421
f 1122//1002 437//421 1121//1002
f 466//436 437//421 67//67
f 1118//1001 466//436 465//435
f 1115//1000 465//435 464//434
f 1124//1003 1128//1007 1127//1006
f 1126//1005 1128//1007 1125//1004
f 1127//1006 1131//1010 1130//1009
f 1129//1008 1131//1010 1128//1007
f 22//22 1124//1003 196//194
f 193//191 1125//1004 1124//1003
f 191//189 1125//1004 192//190
f 21//21 1126//1005 191//189
f 434//418 1129//1008 1126//1005
f 435//419 1132//1011 1129//1008
f 436//420 470//440 1132//1011
f 1132//1011 471//441 1131//1010
f 1130//1009 471//441 472//442
f 194//192 472//442 66//66
f 195//193 1130//1009 194//192
f 196//194 1127//1006 195//193
f 1134//1013 1136//1012 1133//1012
f 1135//1014 1137//1013 1134//1013
f 1137//1013 1139//1012 1136//1012
f 1138//1014 1140//1013 1137//1013
f 66//66 1133//1012 433//417
f 472//442 1134//1013 1133//1012
f 471//441 1135//1014 1134//1013
f 67//67 1135//1014 470//440
f 1135//1014 438//421 1138//1014
f 438//421 1141//1014 1138//1014
f 1141//1014 68//68 473//443
f 1140//1013 473//443 474//444
f 1139//1012 474//444 475//445
f 1139//1012 65//65 431//417
f 1136//1012 431//417 432//417
f 1133//1012 432//417 433//417
f 1142//1015 1146//1019 1145//1018
f 1143//1016 1147//1020 1146//1019
f 1145//1018 1149//1022 1148//1021
f 1146//1019 1150//1023 1149//1022
f 58//58 1142//1015 394//382
f 415//401 1143//1016 1142//1015
f 414//400 1144//1017 1143//1016
f 413//399 476//446 1144//1017
f 1144//1017 477//447 1147//1020
f 1147//1020 478//448 1150//1023
f 1150//1023 65//65 430//416
f 1149//1022 430//416 429//415
f 1148//1021 429//415 428//414
f 392//380 428//414 23//23
f 393//381 1148//1021 392//380
f 394//382 1145//1018 393//381
f 1152//1024 1154//1025 1151//1024
f 1153//1024 1155//1025 1152//1024
f 1155//1025 1157//1026 1154//1025
f 1156//1025 1158//1026 1155//1025
f 451//429 476//446 72//72
f 450//429 1151//1024 451//429
f 449//429 1152//1024 450//429
f 71//71 1153//1024 449//429
f 1153//1024 480//450 1156//1025
f 480//450 1159//1026 1156//1025
f 481//451 433//417 1159//1026
f 1159//1026 432//417 1158//1026
f 1158//1026 431//417 1157//1026
f 478//448 431//417 65//65
f 1154//1025 478//448 477//447
f 1151//1024 477//447 476//446
f 1160//1027 1164//1031 1163//1030
f 1162//1029 1164//1031 1161//1028
f 1163//1030 1167//1034 1166//1033
f 1165//1032 1167//1034 1164//1031
f 63//63 1160//1027 500//466
f 425//411 1161//1028 1160//1027
f 427//413 1161//1028 426//412
f 64//64 1162//1029 427//413
f 503//469 1165//1032 1162//1029
f 504//470 1168//1035 1165//1032
f 505//471 506//472 1168//1035
f 1168//1035 507//473 1167//1034
f 1166//1033 507//473 508//474
f 502//468 508//474 79//79
f 501//467 1166//1033 502//468
f 500//466 1163//1030 501//467
f 1169//1036 1173//1040 1172//1039
f 1170//1037 1174//1041 1173//1040
f 1172//1039 1176//1043 1175//1042
f 1173//1040 1177//1044 1176//1043
f 4//4 1169//1036 214//212
f 422//408 1170//1037 1169//1036
f 423//409 1171//1038 1170//1037
f 424//410 500//466 1171//1038
f 1171//1038 501//467 1174//1041
f 1174//1041 502//468 1177//1044
f 1177//1044 79//79 509//475
f 1176//1043 509//475 510//476
f 1175//1042 510//476 511//477
f 212//210 511//477 75//75
f 213//211 1175//1042 212//210
f 214//212 1172//1039 213//211
f 1178//1045 1182//1049 1181//1048
f 1180//1047 1182//1049 1179//1046
f 1181//1048 1185//1052 1184//1051
f 1183//1050 1185//1052 1182//1049
f 61//61 1178//1045 494//460
f 419//405 1179//1046 1178//1045
f 421//407 1179//1046 420//406
f 62//62 1180//1047 421//407
f 497//463 1183//1050 1180//1047
f 498//464 1186//1053 1183//1050
f 499//465 512//478 1186//1053
f 1186//1053 513//479 1185//1052
f 1184//1051 513//479 514//478
f 496//462 514//478 77//77
f 495//461 1184//1051 496//462
f 494//460 1181//1048 495//461
f 1187//1054 1191//1058 1190//1057
f 1188//1055 1192//1059 1191//1058
f 1190//1057 1194//1061 1193//1060
f 1191//1058 1195//1062 1194//1061
f 7//7 1187//1054 208//206
f 416//402 1188//1055 1187//1054
f 417//403 1189//1056 1188//1055
f 418//404 494//460 1189//1056
f 1189//1056 495//461 1192//1059
f 1192//1059 496//462 1195//1062
f 1195//1062 77//77 515//480
f 1194//1061 515//480 516//481
f 1193//1060 516//481 517//482
f 206//204 517//482 74//74
f 207//205 1193//1060 206//204
f 208//206 1190//1057 207//205
f 1197//1064 1199//1066 1196//1063
f 1198//1065 1200//1067 1197//1064
f 1200//1067 1202//1069 1199//1066
f 1201//1068 1203//1070 1200//1067
f 170//170 497//463 62//62
f 171//171 1196//1063 170//170
f 172//172 1197//1064 171//171
f 3//3 1198//1065 172//172
f 491//457 1201//1068 1198//1065
f 492//458 1204//1071 1201//1068
f 493//459 518//483 1204//1071
f 1204//1071 519//484 1203//1070
f 1203//1070 520//485 1202//1069
f 1202//1069 78//78 499//465
f 1199//1066 499//465 498//464
f 1196//1063 498//464 497//463
f 1206//1073 1208//1075 1205//1072
f 1207//1074 1209//1076 1206//1073
f 1209//1076 1211//1078 1208//1075
f 1210//1077 1212//1079 1209//1076
f 173//173 503//469 64//64
f 174//174 1205//1072 173//173
f 175//175 1206//1073 174//174
f 8//8 1207//1074 175//175
f 482//452 1210//1077 1207//1074
f 483//453 1213//1080 1210//1077
f 484//454 521//486 1213//1080
f 1213//1080 522//487 1212//1079
f 1212//1079 523//488 1211//1078
f 1211//1078 80//80 505//471
f 1208//1075 505//471 504//470
f 1205//1072 504//470 503//469
f 1215//1082 1217//1084 1214//1081
f 1215//1082 1219//1086 1218//1085
f 1218//1085 1220//1087 1217//1084
f 1218//1085 1222//1089 1221//1088
f 169//169 491//457 3//3
f 169//169 1215//1082 1214//1081
f 168//168 1216//1083 1215//1082
f 167//167 214//212 1216//1083
f 1216//1083 213//211 1219//1086
f 1219//1086 212//210 1222//1089
f 1222//1089 75//75 524//489
f 1221//1088 524//489 525//490
f 1221//1088 526//491 1220//1087
f 1220//1087 76//76 493//459
f 1217//1084 493//459 492//458
f 1214//1081 492//458 491//457
f 1224//1091 1226//1093 1223//1090
f 1224//1091 1228//1095 1227//1094
f 1227//1094 1229//1096 1226//1093
f 1227//1094 1231//1098 1230//1097
f 176//176 482//452 8//8
f 176//176 1224//1091 1223//1090
f 177//177 1225//1092 1224//1091
f 178//178 208//206 1225//1092
f 1225//1092 207//205 1228//1095
f 1228//1095 206//204 1231//1098
f 1231//1098 74//74 527//492
f 1230//1097 527//492 528//493
f 1230//1097 529//494 1229//1096
f 1229//1096 73//73 484//454
f 1226//1093 484//454 483//453
f 1223//1090 483//453 482//452
f 1233//1100 1235//1102 1232//1099
f 1234//1101 1236//1103 1233//1100
f 1236//1103 1238//1105 1235//1102
f 1237//1104 1239//1106 1236//1103
f 539//504 247//245 31//31
f 540//505 1232//1099 539//504
f 541//506 1233//1100 540//505
f 83//83 1234//1101 541//506
f 578//541 1237//1104 1234//1101
f 579//542 1240//1107 1237//1104
f 580//543 101//101 1240//1107
f 1240//1107 102//102 1239//1106
f 1239//1106 103//103 1238//1105
f 1238//1105 20//20 245//243
f 1235//1102 245//243 246//244
f 1232//1099 246//244 247//245
f 1241//1108 1245//1112 1244//1111
f 1243//1110 1245//1112 1242//1109
f 1244//1111 1248//1115 1247//1114
f 1246//1113 1248//1115 1245//1112
f 4//4 1241//1108 400//386
f 167//167 1242//1109 1241//1108
f 168//168 1243//1110 1242//1109
f 3//3 1243//1110 169//169
f 1243//1110 531//496 1246//1113
f 531//496 1249//1116 1246//1113
f 1249//1116 81//81 536//501
f 1248//1115 536//501 537//502
f 1247//1114 537//502 538//503
f 398//384 538//503 82//82
f 399//385 1247//1114 398//384
f 400//386 1244//1111 399//385
f 1252//1119 1262//1129 1251//1118
f 1253//1120 1250//1117 1252//1119
f 1255//1122 1250//1117 1254//1121
f 1258//1125 1256//1123 1257//1124
f 1259//1126 1250//1117 1258//1125
f 1261//1128 1250//1117 1260//1127
f 190//188 95//95 33//33
f 189//187 1251//1118 190//188
f 1251//1118 96//96 95//95
f 81//81 1253//1120 188//186
f 551//516 1254//1121 1253//1120
f 188//186 1252//1119 189//187
f 84//84 1255//1122 553//518
f 182//182 1256//1123 1255//1122
f 553//518 1254//1121 552//517
f 104//104 184//184 34//34
f 105//105 1257//1124 104//104
f 1257//1124 183//183 184//184
f 19//19 1259//1126 106//106
f 98//98 1260//1127 1259//1126
f 106//106 1258//1125 105//105
f 18//18 1261//1128 100//100
f 97//97 1262//1129 1261//1128
f 100//100 1260//1127 99//99
f 1263//1130 1267//1134 1266//1133
f 1265//1132 1267//1134 1264//1131
f 1266//1133 1270//1137 1269//1136
f 1268//1135 1270//1137 1267//1134
f 7//7 1263//1130 542//507
f 178//178 1264//1131 1263//1130
f 177//177 1265//1132 1264//1131
f 8//8 1265//1132 176//176
f 1265//1132 180//180 1268//1135
f 180//180 1271//1138 1268//1135
f 179//179 545//510 1271//1138
f 1271//1138 546//511 1270//1137
f 1270//1137 547//512 1269//1136
f 544//509 547//512 84//84
f 543//508 1269//1136 544//509
f 542//507 1266//1133 543//508
f 1274//1141 1284//1151 1273//1140
f 1275//1142 1272//1139 1274//1141
f 1277//1144 1272//1139 1276//1143
f 1280//1147 1278//1145 1279//1146
f 1281//1148 1272//1139 1280//1147
f 1283//1150 1272//1139 1282//1149
f 172//172 530//495 3//3
f 171//171 1273//1140 172//172
f 1273//1140 531//496 530//495
f 62//62 1275//1142 170//170
f 421//407 1276//1143 1275//1142
f 170//170 1274//1141 171//171
f 61//61 1277//1144 419//405
f 418//404 1278//1145 1277//1144
f 419//405 1276//1143 420//406
f 542//507 416//402 7//7
f 543//508 1279//1146 542//507
f 1279//1146 417//403 416//402
f 84//84 1281//1148 544//509
f 553//518 1282//1149 1281//1148
f 544//509 1280//1147 543//508
f 532//497 551//516 81//81
f 532//497 1284//1151 1283//1150
f 551//516 1282//1149 552//517
f 1285//1152 1289//1156 1288//1155
f 1286//1153 1290//1157 1289//1156
f 1288//1155 1292//1159 1291//1158
f 1289//1156 1293//1160 1292//1159
f 20//20 1285//1152 344//332
f 103//103 1286//1153 1285//1152
f 102//102 1287//1154 1286//1153
f 101//101 566//529 1287//1154
f 1287//1154 567//530 1290//1157
f 567//530 1293//1160 1290//1157
f 568//531 383//371 1293//1160
f 1293//1160 384//372 1292//1159
f 1292//1159 385//373 1291//1158
f 346//334 385//373 49//49
f 345//333 1291//1158 346//334
f 344//332 1288//1155 345//333
f 1294//1161 1298//1162 1297//1162
f 1295//1161 1299//1162 1298//1162
f 1298//1162 1300//1163 1297//1162
f 1299//1162 1301//1163 1298//1162
f 86//86 1294//1161 566//529
f 559//524 1295//1161 1294//1161
f 558//523 1296//1161 1295//1161
f 557//522 569//532 1296//1161
f 1296//1161 570//533 1299//1162
f 1299//1162 571//534 1302//1163
f 1302//1163 87//87 563//528
f 1302//1163 564//528 1301//1163
f 1301//1163 565//528 1300//1163
f 1300//1163 88//88 568//531
f 1297//1162 568//531 567//530
f 566//529 1297//1162 567//530
f 1303//1164 1307//1165 1306//1164
f 1304//1165 1308//1166 1307//1165
f 1306//1164 1310//1165 1309//1164
f 1307//1165 1311//1166 1310//1165
f 39//39 1303//1164 290//287
f 575//538 1304//1165 1303//1164
f 576//539 1305//1166 1304//1165
f 577//540 565//528 1305//1166
f 1305//1166 564//528 1308//1166
f 1308//1166 563//528 1311//1166
f 563//528 572//535 1311//1166
f 1311//1166 573//536 1310//1165
f 1310//1165 574//537 1309//1164
f 1309//1164 40//40 292//287
f 1306//1164 292//287 291//287
f 290//287 1306//1164 291//287
f 1313//1168 1315//1170 1312//1167
f 1314//1169 1316//1171 1313//1168
f 1316//1171 1318//1173 1315//1170
f 1317//1172 1319//1174 1316//1171
f 574//537 119//119 40//40
f 573//536 1312//1167 574//537
f 572//535 1313//1168 573//536
f 87//87 1314//1169 572//535
f 562//527 1317//1172 1314//1169
f 561//526 1320//1175 1317//1172
f 560//525 340//328 1320//1175
f 1320//1175 339//327 1319//1174
f 1319//1174 338//326 1318//1173
f 1318//1173 2//2 121//121
f 1315//1170 121//121 120//120
f 1312//1167 120//120 119//119
f 1321//1176 1325//1180 1324//1179
f 1322//1177 1326//1181 1325//1180
f 1325//1180 1327//1182 1324//1179
f 1326//1181 1328//1183 1325//1180
f 86//86 1321//1176 559//524
f 580//543 1322//1177 1321//1176
f 579//542 1323//1178 1322//1177
f 578//541 550//515 1323//1178
f 1323//1178 549//514 1326//1181
f 549//514 1329//1184 1326//1181
f 548//513 581//544 1329//1184
f 1329//1184 582//545 1328//1183
f 1328//1183 583//546 1327//1182
f 1327//1182 85//85 557//522
f 1324//1179 557//522 558//523
f 559//524 1324//1179 558//523
f 1331//1186 1333//1188 1330//1185
f 1332//1187 1334//1189 1331//1186
f 1334//1189 1336//1191 1333//1188
f 1335//1190 1337//1192 1334//1189
f 583//546 556//521 85//85
f 582//545 1330//1185 583//546
f 581//544 1331//1186 582//545
f 82//82 1332//1187 581//544
f 535//500 1335//1190 1332//1187
f 534//499 1338//1193 1335//1190
f 533//498 244//242 1338//1193
f 1338//1193 243//241 1337//1192
f 1337//1192 242//240 1336//1191
f 1336//1191 17//17 554//519
f 1333//1188 554//519 555//520
f 1330//1185 555//520 556//521
f 590//553 591//554 594//557
f 591//554 592//555 595//558
f 593//556 594//557 597//560
f 594//557 595//558 598//561
f 54//54 391//379 590//553
f 391//379 390//378 591//554
f 390//378 389//377 592//555
f 389//377 47//47 92//92
f 592//555 92//92 93//93
f 595//558 93//93 94//94
f 598//561 94//94 17//17
f 597//560 598//561 242//240
f 596//559 597//560 243//241
f 259//257 596//559 244//242
f 258//256 593//556 596//559
f 257//255 590//553 593//556
f 600//563 603//566 602//565
f 601//564 604//567 603//566
f 603//566 606//569 605//568
f 604//567 607//570 606//569
f 448//428 599//562 479//449
f 447//427 600//563 599//562
f 446//426 601//564 600//563
f 57//57 203//201 601//564
f 203//201 204//202 604//567
f 204//202 205//203 607//570
f 205//203 22//22 196//194
f 607//570 196//194 195//193
f 606//569 195//193 194//192
f 605//568 194//192 66//66
f 602//565 605//568 481//451
f 599//562 602//565 480//450
f 608//571 609//572 612//575
f 609//572 610//573 613//576
f 611//574 612//575 615//578
f 612//575 613//576 616//579
f 53//53 388//376 608//571
f 388//376 387//375 609//572
f 387//375 386//374 610//573
f 386//374 49//49 110//110
f 610//573 110//110 111//111
f 613//576 111//111 112//112
f 616//579 112//112 6//6
f 615//578 616//579 248//246
f 614//577 615//578 249//247
f 256//254 614//577 250//248
f 255//253 611//574 614//577
f 254//252 608//571 611//574
f 618//581 621//584 620//583
f 619//582 622//585 621//584
f 621//584 624//587 623//586
f 622//585 625//588 624//587
f 322//310 617//580 251//249
f 321//309 618//581 617//580
f 320//308 619//582 618//581
f 40//40 119//119 619//582
f 119//119 120//120 622//585
f 120//120 121//121 625//588
f 121//121 2//2 91//91
f 625//588 91//91 90//90
f 624//587 90//90 89//89
f 623//586 89//89 29//29
f 620//583 623//586 253//251
f 617//580 620//583 252//250
f 626//589 627//590 630//593
f 628//591 631//594 630//593
f 629//592 630//593 633//596
f 630//593 631//594 634//597
f 44//44 316//304 626//589
f 316//304 315//304 627//590
f 314//303 628//591 627//590
f 42//42 251//249 628//591
f 251//249 252//250 631//594
f 631//594 252//250 253//251
f 634//597 253//251 29//29
f 633//596 634//597 241//239
f 632//595 633//596 240//238
f 280//278 632//595 239//237
f 279//277 629//592 632//595
f 278//276 626//589 629//592
f 636//599 639//602 638//601
f 637//600 640//603 639//602
f 639//602 642//605 641//604
f 640//603 643//606 642//605
f 385//373 635//598 110//110
f 384//372 636//599 635//598
f 383//371 637//600 636//599
f 88//88 577//540 637//600
f 577//540 576//539 640//603
f 576//539 575//538 643//606
f 575//538 39//39 289//286
f 643//606 289//286 288//285
f 642//605 288//285 287//284
f 641//604 287//284 6//6
f 638//601 641//604 112//112
f 635//598 638//601 111//111
f 645//608 648//611 647//610
f 645//608 646//609 649//612
f 647//610 648//611 651//614
f 648//611 649//612 652//615
f 382//370 644//607 158//158
f 381//369 645//608 644//607
f 380//368 646//609 645//608
f 380//368 52//52 161//161
f 646//609 161//161 162//162
f 649//612 162//162 163//163
f 652//615 163//163 18//18
f 651//614 652//615 164//164
f 650//613 651//614 165//165
f 160//160 650//613 166//166
f 159//159 647//610 650//613
f 644//607 647//610 159//159
f 653//616 654//617 657//620
f 654//617 655//618 658//621
f 657//620 660//623 659//622
f 658//621 661//624 660//623
f 14//14 166//166 653//616
f 166//166 165//165 654//617
f 165//165 164//164 655//618
f 164//164 18//18 100//100
f 655//618 100//100 99//99
f 99//99 98//98 661//624
f 98//98 19//19 131//131
f 661//624 131//131 132//132
f 660//623 132//132 133//133
f 659//622 133//133 15//15
f 656//619 659//622 157//157
f 155//155 653//616 656//619
f 663//626 666//629 665//628
f 664//627 667//630 666//629
f 666//629 669//632 668//631
f 667//630 670//633 669//632
f 50//50 379//367 662//625
f 379//367 378//366 663//626
f 378//366 377//365 664//627
f 48//48 589//552 664//627
f 589//552 588//551 667//630
f 588//551 587//550 670//633
f 587//550 5//5 584//547
f 670//633 584//547 585//548
f 669//632 585//548 586//549
f 668//631 586//549 16//16
f 665//628 668//631 154//154
f 662//625 665//628 153//153
f 672//635 675//638 674//637
f 673//636 676//639 675//638
f 675//638 678//641 677//640
f 676//639 679//642 678//641
f 337//325 671//634 149//149
f 336//324 672//635 671//634
f 335//323 673//636 672//635
f 37//37 283//281 673//636
f 283//281 282//280 676//639
f 282//280 281//279 679//642
f 679//642 281//279 1//1
f 678//641 679//642 343//331
f 677//640 678//641 342//330
f 677//640 341//329 13//13
f 674//637 677//640 151//151
f 671//634 674//637 150//150
f 680//643 681//644 684//647
f 682//645 685//648 684//647
f 684//647 687//650 686//649
f 684//647 685//648 688//651
f 10//10 130//130 680//643
f 130//130 129//129 681//644
f 128//128 682//645 681//644
f 12//12 139//139 682//645
f 139//139 138//138 685//648
f 685//648 138//138 137//137
f 688//651 137//137 11//11
f 687//650 688//651 145//145
f 687//650 144//144 143//143
f 686//649 143//143 9//9
f 683//646 686//649 124//124
f 122//122 680//643 683//646
f 690//653 691//654 689//652
f 693//656 689//652 691//654
f 694//657 695//658 689//652
f 696//659 697//660 689//652
f 699//662 689//652 697//660
f 700//663 701//664 689//652
f 27//27 223//221 690//653
f 223//221 222//220 691//654
f 236//234 690//653 701//664
f 326//314 692//655 221//219
f 327//315 693//656 692//655
f 692//655 691//654 222//220
f 45//45 329//317 694//657
f 329//317 330//318 695//658
f 328//316 694//657 693//656
f 46//46 149//149 696//659
f 149//149 150//150 697//660
f 331//319 696//659 695//658
f 148//148 698//661 151//151
f 147//147 699//662 698//661
f 698//661 697//660 150//150
f 28//28 238//236 700//663
f 238//236 237//235 701//664
f 146//146 700//663 699//662
f 703//666 704//667 702//665
f 706//669 702//665 704//667
f 707//670 708//671 702//665
f 710//673 702//665 708//671
f 712//675 702//665 710//673
f 26//26 220//218 703//666
f 220//218 219//217 704//667
f 233//231 703//666 712//675
f 15//15 347//335 705//668
f 348//336 706//669 705//668
f 705//668 704//667 219//217
f 50//50 152//152 707//670
f 152//152 153//153 708//671
f 349//337 707//670 706//669
f 221//219 709//672 154//154
f 221//219 222//220 710//673
f 709//672 708//671 153//153
f 235//233 711//674 223//221
f 234//232 712//675 711//674
f 711//674 710//673 222//220
f 713//676 714//677 717//680
f 714//677 715//678 718//681
f 717//680 720//683 719//682
f 718//681 721//684 720//683
f 217//215 713//676 230//228
f 217//215 216//214 714//677
f 216//214 215//213 715//678
f 215//213 14//14 155//155
f 715//678 155//155 156//156
f 156//156 157//157 721//684
f 157//157 15//15 218//216
f 721//684 218//216 219//217
f 720//683 219//217 220//218
f 232//230 719//682 220//218
f 716//679 719//682 232//230
f 230//228 713//676 716//679
f 724//687 722//685 732//695
f 726//689 722//685 724//687
f 727//690 728//691 722//685
f 730//693 722//685 728//691
f 731//694 732//695 722//685
f 146//146 723//686 227//225
f 147//147 724//687 723//686
f 723//686 732//695 228//226
f 350//338 725//688 148//148
f 351//339 726//689 725//688
f 148//148 725//688 724//687
f 51//51 158//158 727//690
f 158//158 159//159 728//691
f 352//340 727//690 726//689
f 14//14 215//213 729//692
f 216//214 730//693 729//692
f 729//692 728//691 159//159
f 25//25 229//227 731//694
f 229//227 228//226 732//695
f 217//215 731//694 730//693
f 734//697 737//697 736//696
f 734//697 735//698 738//698
f 736//696 737//697 740//697
f 738//698 741//698 740//697
f 529//494 733//696 185//185
f 528//493 734//697 733//696
f 528//493 527//492 735//698
f 527//492 74//74 487//455
f 487//455 486//455 738//698
f 738//698 486//455 485//455
f 485//455 58//58 404//390
f 741//698 404//390 405//391
f 740//697 405//391 406//392
f 187//185 739//696 406//392
f 186//185 736//696 739//696
f 733//696 736//696 186//185
f 744//701 742//699 754//711
f 745//702 746//703 742//699
f 747//704 748//705 742//699
f 750//707 742//699 748//705
f 751//708 752//709 742//699
f 753//710 754//711 742//699
f 175//175 743//700 181//181
f 174//174 744//701 743//700
f 743//700 754//711 180//180
f 64//64 427//413 745//702
f 427//413 426//412 746//703
f 173//173 745//702 744//701
f 63//63 424//410 747//704
f 424//410 423//409 748//705
f 425//411 747//704 746//703
f 400//386 749//706 422//408
f 399//385 750//707 749//706
f 749//706 748//705 423//409
f 548//513 751//708 398//384
f 549//514 752//709 751//708
f 398//384 751//708 750//707
f 179//179 753//710 550//515
f 179//179 180//180 754//711
f 753//710 752//709 549//514
f 756//713 759//716 758//715
f 756//713 757//714 760//717
f 759//716 762//719 761//718
f 759//716 760//717 763//720
f 538//503 755//712 535//500
f 537//502 756//713 755//712
f 537//502 536//501 757//714
f 536//501 81//81 188//186
f 757//714 188//186 189//187
f 760//717 189//187 190//188
f 763//720 190//188 33//33
f 762//719 763//720 262//260
f 761//718 762//719 261//259
f 761//718 260//258 30//30
f 758//715 761//718 533//498
f 755//712 758//715 534//499
f 765//722 768//725 767//724
f 765//722 766//723 769//726
f 768//725 771//728 770//727
f 768//725 769//726 772//729
f 475//445 764//721 430//416
f 474//444 765//722 764//721
f 474//444 473//443 766//723
f 473//443 68//68 197//195
f 766//723 197//195 198//196
f 769//726 198//196 199//197
f 772//729 199//197 24//24
f 771//728 772//729 200//198
f 771//728 201//199 202//200
f 770//727 202//200 23//23
f 767//724 770//727 428//414
f 764//721 767//724 429//415
f 774//731 777//734 776//733
f 775//732 778//735 777//734
f 777//734 780//737 779//736
f 778//735 781//738 780//737
f 442//424 773//730 467//437
f 441//423 774//731 773//730
f 440//422 775//732 774//731
f 59//59 209//207 775//732
f 209//207 210//208 778//735
f 210//208 211//209 781//738
f 211//209 24//24 199//197
f 781//738 199//197 198//196
f 780//737 198//196 197//195
f 779//736 197//195 68//68
f 776//733 779//736 469//439
f 773//730 776//733 468//438
f 783//740 786//743 785//742
f 783//740 784//741 787//744
f 786//743 789//746 788//745
f 786//743 787//744 790//747
f 409//395 782//739 203//201
f 408//394 783//740 782//739
f 408//394 407//393 784//741
f 407//393 60//60 403//389
f 784//741 403//389 402//388
f 787//744 402//388 401//387
f 790//747 401//387 21//21
f 789//746 790//747 191//189
f 789//746 192//190 193//191
f 788//745 193//191 22//22
f 785//742 788//745 205//203
f 782//739 785//742 204//202
f 792//749 795//752 794//751
f 792//749 793//750 796//753
f 795//752 798//755 797//754
f 795//752 796//753 799//756
f 406//392 791//748 209//207
f 405//391 792//749 791//748
f 405//391 404//390 793//750
f 404//390 58//58 394//382
f 793//750 394//382 393//381
f 796//753 393//381 392//380
f 799//756 392//380 23//23
f 798//755 799//756 202//200
f 798//755 201//199 200//198
f 797//754 200//198 24//24
f 794//751 797//754 211//209
f 791//748 794//751 210//208
f 801//758 804//761 803//760
f 802//759 805//762 804//761
f 804//761 807//764 806//763
f 805//762 808//765 807//764
f 224//222 800//757 124//124
f 225//223 801//758 800//757
f 226//224 802//759 801//758
f 28//28 227//225 802//759
f 227//225 228//226 805//762
f 228//226 229//227 808//765
f 229//227 25//25 125//125
f 808//765 125//125 126//126
f 806//763 807//764 126//126
f 122//122 806//763 127//127
f 123//123 803//760 806//763
f 800//757 803//760 123//123
f 809//766 810//767 813//770
f 810//767 811//768 814//771
f 813//770 816//773 815//772
f 814//771 817//774 816//773
f 10//10 127//127 809//766
f 127//127 126//126 810//767
f 126//126 125//125 811//768
f 125//125 25//25 230//228
f 811//768 230//228 231//229
f 231//229 232//230 817//774
f 232//230 26//26 134//134
f 817//774 134//134 135//135
f 816//773 135//135 136//136
f 815//772 136//136 12//12
f 129//129 812//769 815//772
f 809//766 812//769 129//129
f 818//775 819//776 822//779
f 819//776 820//777 823//780
f 821//778 822//779 825//782
f 822//779 823//780 826//783
f 136//136 818//775 139//139
f 135//135 819//776 818//775
f 135//135 134//134 820//777
f 134//134 26//26 233//231
f 820//777 233//231 234//232
f 823//780 234//232 235//233
f 826//783 235//233 27//27
f 825//782 826//783 140//140
f 824//781 825//782 141//141
f 137//137 824//781 142//142
f 138//138 821//778 824//781
f 818//775 821//778 138//138
f 827//784 828//785 831//788
f 828//785 829//786 832//789
f 831//788 834//791 833//790
f 832//789 835//792 834//791
f 11//11 142//142 827//784
f 142//142 141//141 828//785
f 141//141 140//140 829//786
f 140//140 27//27 236//234
f 829//786 236//234 237//235
f 237//235 238//236 835//792
f 238//236 28//28 226//224
f 835//792 226//224 225//223
f 834//791 225//223 224//222
f 833//790 224//222 9//9
f 144//144 830//787 833//790
f 827//784 830//787 144//144
f 837//794 840//796 839//795
f 838//794 841//797 840//796
f 840//796 843//799 842//798
f 841//797 844//800 843//799
f 376//364 836//793 275//273
f 375//363 837//794 836//793
f 374//362 838//794 837//794
f 53//53 254//252 838//794
f 254//252 255//253 841//797
f 255//253 256//254 844//800
f 256//254 32//32 266//264
f 844//800 266//264 267//265
f 843//799 267//265 268//266
f 842//798 268//266 35//35
f 839//795 842//798 277//275
f 836//793 839//795 276//274
f 845//801 846//802 849//805
f 846//802 847//803 850//806
f 848//804 849//805 852//808
f 849//805 850//806 853//809
f 55//55 373//361 845//801
f 373//361 372//360 846//802
f 372//360 371//359 847//803
f 371//359 54//54 257//255
f 847//803 257//255 258//256
f 850//806 258//256 259//257
f 853//809 259//257 30//30
f 852//808 853//809 260//258
f 851//807 852//808 261//259
f 274//272 851//807 262//260
f 273//271 848//804 851//807
f 272//270 845//801 848//804
f 854//810 855//811 858//814
f 855//811 856//812 859//815
f 857//813 858//814 861//817
f 858//814 859//815 862//818
f 52//52 370//358 854//810
f 370//358 369//357 855//811
f 369//357 368//356 856//812
f 368//356 55//55 272//270
f 856//812 272//270 273//271
f 859//815 273//271 274//272
f 862//818 274//272 33//33
f 861//817 862//818 95//95
f 860//816 861//817 96//96
f 163//163 860//816 97//97
f 162//162 857//813 860//816
f 161//161 854//810 857//813
f 864//820 867//823 866//822
f 865//821 868//824 867//823
f 867//823 870//826 869//825
f 868//824 871//827 870//826
f 367//355 863//819 589//552
f 366//354 864//820 863//819
f 365//353 865//821 864//820
f 56//56 275//273 865//821
f 275//273 276//274 868//824
f 276//274 277//275 871//827
f 277//275 35//35 113//113
f 871//827 113//113 114//114
f 870//826 114//114 115//115
f 869//825 115//115 5//5
f 866//822 869//825 587//550
f 863//819 866//822 588//551
f 873//829 876//832 875//831
f 874//830 877//833 876//832
f 876//832 879//835 878//834
f 877//833 880//836 879//835
f 310//301 872//828 283//281
f 309//300 873//829 872//828
f 308//299 874//830 873//829
f 44//44 278//276 874//830
f 278//276 279//277 877//833
f 877//833 279//277 280//278
f 880//836 280//278 36//36
f 879//835 880//836 271//269
f 878//834 879//835 270//268
f 281//279 878//834 269//267
f 875//831 878//834 281//279
f 872//828 875//831 282//280
f 881//837 882//838 885//841
f 882//838 883//839 886//842
f 884//840 885//841 888//844
f 885//841 886//842 889//845
f 115//115 881//837 118//118
f 114//114 882//838 881//837
f 113//113 883//839 882//838
f 35//35 299//292 883//839
f 299//292 300//293 886//842
f 886//842 300//293 301//294
f 889//845 301//294 43//43
f 888//844 889//845 305//296
f 887//843 888//844 306//297
f 116//116 887//843 307//298
f 117//117 884//840 887//843
f 118//118 881//837 884//840
f 890//846 891//847 894//847
f 891//847 892//848 895//848
f 894//847 897//847 896//846
f 895//848 898//848 897//847
f 38//38 307//298 890//846
f 307//298 306//297 891//847
f 306//297 305//296 892//848
f 305//296 43//43 302//295
f 892//848 302//295 303//295
f 895//848 303//295 304//295
f 304//295 44//44 308//299
f 898//848 308//299 309//300
f 897//847 309//300 310//301
f 896//846 310//301 37//37
f 893//846 896//846 284//282
f 286//282 890//846 893//846
f 900//850 903//853 902//852
f 901//851 904//854 903//853
f 902//852 903//853 906//856
f 904//854 907//857 906//856
f 268//266 899//849 299//292
f 267//265 900//850 899//849
f 266//264 901//851 900//850
f 32//32 293//288 901//851
f 293//288 294//289 904//854
f 294//289 295//290 907//857
f 295//290 41//41 311//302
f 907//857 311//302 312//302
f 905//855 906//856 312//302
f 301//294 905//855 313//302
f 300//293 902//852 905//855
f 899//849 902//852 300//293
f 908//858 909//858 912//858
f 910//858 913//858 912//858
f 911//858 912//858 915//858
f 913//858 916//858 915//858
f 43//43 313//302 908//858
f 313//302 312//302 909//858
f 311//302 910//858 909//858
f 41//41 296//291 910//858
f 296//291 297//291 913//858
f 297//291 298//291 916//858
f 298//291 42//42 314//303
f 916//858 314//303 315//304
f 914//858 915//858 315//304
f 304//295 914//858 316//304
f 303//295 911//858 914//858
f 302//295 908//858 911//858
f 917//859 918//860 921//863
f 918//860 919//861 922//864
f 920//862 921//863 924//866
f 921//863 922//864 925//867
f 32//32 250//248 917//859
f 250//248 249//247 918//860
f 249//247 248//246 919//861
f 248//246 6//6 287//284
f 919//861 287//284 288//285
f 922//864 288//285 289//286
f 925//867 289//286 39//39
f 924//866 925//867 317//305
f 924//866 318//306 319//307
f 923//865 319//307 41//41
f 294//289 920//862 923//865
f 293//288 917//859 920//862
f 927//869 930//869 929//868
f 928//870 931//870 930//869
f 930//869 933//869 932//868
f 931//870 934//870 933//869
f 319//307 926//868 296//291
f 318//306 927//869 926//868
f 317//305 928//870 927//869
f 39//39 290//287 928//870
f 290//287 291//287 931//870
f 291//287 292//287 934//870
f 292//287 40//40 320//308
f 934//870 320//308 321//309
f 933//869 321//309 322//310
f 932//868 322//310 42//42
f 929//868 932//868 298//291
f 926//868 929//868 297//291
f 935//871 936//872 939//875
f 936//872 937//873 940//876
f 938//874 939//875 942//878
f 939//875 940//876 943//879
f 16//16 586//549 935//871
f 585//548 936//872 935//871
f 584//547 937//873 936//872
f 5//5 118//118 937//873
f 937//873 118//118 117//117
f 940//876 117//117 116//116
f 943//879 116//116 38//38
f 942//878 943//879 323//311
f 941//877 942//878 324//312
f 328//316 941//877 325//313
f 327//315 938//874 941//877
f 326//314 935//871 938//874
f 944//880 945//881 948//884
f 945//881 946//882 949//882
f 948//884 951//886 950//885
f 949//882 952//882 951//886
f 45//45 325//313 944//880
f 325//313 324//312 945//881
f 324//312 323//311 946//882
f 323//311 38//38 286//282
f 946//882 286//282 285//283
f 285//283 284//282 952//882
f 284//282 37//37 335//323
f 952//882 335//323 336//324
f 951//886 336//324 337//325
f 950//885 337//325 46//46
f 947//883 950//885 331//319
f 329//317 944//880 947//883
f 954//888 957//891 956//890
f 955//889 958//892 957//891
f 957//891 960//894 959//893
f 958//892 961//895 960//894
f 106//106 953//887 109//109
f 105//105 954//888 953//887
f 104//104 955//889 954//888
f 34//34 362//350 955//889
f 362//350 363//351 958//892
f 363//351 364//352 961//895
f 364//352 56//56 365//353
f 961//895 365//353 366//354
f 960//894 366//354 367//355
f 959//893 367//355 48//48
f 956//890 959//893 107//107
f 953//887 956//890 108//108
f 962//896 963//897 966//900
f 963//897 964//898 967//901
f 965//899 966//900 969//903
f 966//900 967//901 970//904
f 1//1 269//267 962//896
f 269//267 270//268 963//897
f 270//268 271//269 964//898
f 271//269 36//36 359//347
f 964//898 359//347 360//348
f 967//901 360//348 361//349
f 970//904 361//349 55//55
f 969//903 970//904 368//356
f 968//902 969//903 369//357
f 334//322 968//902 370//358
f 333//321 965//899 968//902
f 332//320 962//896 965//899
f 971//905 972//906 975//909
f 972//906 973//907 976//909
f 974//908 975//909 978//911
f 975//909 976//909 979//911
f 36//36 239//237 971//905
f 239//237 240//238 972//906
f 240//238 241//239 973//907
f 241//239 29//29 356//344
f 973//907 356//344 357//345
f 976//909 357//345 358//346
f 979//911 358//346 54//54
f 978//911 979//911 371//359
f 977//910 978//911 372//360
f 361//349 977//910 373//361
f 360//348 974//908 977//910
f 359//347 971//905 974//908
f 981//913 984//916 983//915
f 982//914 985//917 984//916
f 984//916 987//919 986//918
f 985//917 988//920 987//919
f 265//263 980//912 362//350
f 264//262 981//913 980//912
f 263//261 982//914 981//913
f 31//31 353//341 982//914
f 353//341 354//342 985//917
f 354//342 355//343 988//920
f 355//343 53//53 374//362
f 988//920 374//362 375//363
f 987//919 375//363 376//364
f 986//918 376//364 56//56
f 983//915 986//918 364//352
f 980//912 983//915 363//351
f 990//922 993//925 992//924
f 991//923 994//926 993//925
f 992//924 993//925 996//928
f 994//926 997//929 996//928
f 133//133 989//921 347//335
f 132//132 990//922 989//921
f 131//131 991//923 990//922
f 19//19 109//109 991//923
f 109//109 108//108 994//926
f 108//108 107//107 997//929
f 107//107 48//48 377//365
f 996//928 997//929 377//365
f 995//927 996//928 378//366
f 349//337 995//927 379//367
f 348//336 992//924 995//927
f 989//921 992//924 348//336
f 998//930 999//931 1002//934
f 999//931 1000//932 1003//935
f 1001//933 1002//934 1005//937
f 1002//934 1003//935 1006//938
f 13//13 341//329 998//930
f 341//329 342//330 999//931
f 342//330 343//331 1000//932
f 343//331 1//1 332//320
f 1000//932 332//320 333//321
f 1003//935 333//321 334//322
f 1006//938 334//322 52//52
f 1006//938 380//368 381//369
f 1005//937 381//369 382//370
f 1004//936 382//370 51//51
f 351//339 1001//933 1004//936
f 350//338 998//930 1001//933
f 1008//940 1011//943 1010//942
f 1009//941 1012//944 1011//943
f 1011//943 1014//946 1013//945
f 1012//944 1015//947 1014//946
f 85//85 556//521 1007//939
f 555//520 1008//940 1007//939
f 554//519 1009//941 1008//940
f 17//17 94//94 1009//941
f 94//94 93//93 1012//944
f 93//93 92//92 1015//947
f 92//92 47//47 560//525
f 1015//947 560//525 561//526
f 1013//945 1014//946 561//526
f 571//534 1013//945 562//527
f 570//533 1010//942 1013//945
f 569//532 1007//939 1010//942
f 1017//949 1020//952 1019//951
f 1018//950 1021//953 1020//952
f 1020//952 1023//955 1022//954
f 1021//953 1024//956 1023//955
f 247//245 1016//948 353//341
f 246//244 1017//949 1016//948
f 245//243 1018//950 1017//949
f 20//20 344//332 1018//950
f 344//332 345//333 1021//953
f 345//333 346//334 1024//956
f 346//334 49//49 386//374
f 1024//956 386//374 387//375
f 1023//955 387//375 388//376
f 1022//954 388//376 53//53
f 1019//951 1022//954 355//343
f 1016//948 1019//951 354//342
f 1026//958 1029//961 1028//960
f 1027//959 1030//962 1029//961
f 1029//961 1032//964 1031//963
f 1030//962 1033//965 1032//964
f 89//89 1025//957 356//344
f 90//90 1026//958 1025//957
f 91//91 1027//959 1026//958
f 2//2 338//326 1027//959
f 338//326 339//327 1030//962
f 339//327 340//328 1033//965
f 340//328 47//47 389//377
f 1033//965 389//377 390//378
f 1032//964 390//378 391//379
f 1031//963 391//379 54//54
f 1028//960 1031//963 358//346
f 1025//957 1028//960 357//345
f 1035//967 1038//970 1037//969
f 1035//967 1036//968 1039//971
f 1038//970 1041//973 1040//972
f 1038//970 1039//971 1042//974
f 547//512 1034//966 182//182
f 546//511 1035//967 1034//966
f 546//511 545//510 1036//968
f 545//510 83//83 541//506
f 1036//968 541//506 540//505
f 1039//971 540//505 539//504
f 1042//974 539//504 31//31
f 1042//974 263//261 264//262
f 1041//973 264//262 265//263
f 1040//972 265//263 34//34
f 1037//969 1040//972 184//184
f 1034//966 1037//969 183//183
f 1044//976 1047//976 1046//975
f 1045//977 1048//977 1047//976
f 1047//976 1050//976 1049//975
f 1048//977 1051//977 1050//976
f 76//76 526//491 1043//975
f 526//491 525//490 1044//976
f 525//490 524//489 1045//977
f 524//489 75//75 490//456
f 1045//977 490//456 489//456
f 489//456 488//456 1051//977
f 488//456 60//60 407//393
f 1050//976 1051//977 407//393
f 1049//975 1050//976 408//394
f 1049//975 409//395 57//57
f 1046//975 1049//975 397//383
f 1043//975 1046//975 396//383
f 1052//978 1053//979 1056//979
f 1053//979 1054//980 1057//980
f 1055//978 1056//979 1059//979
f 1056//979 1057//980 1060//980
f 523//488 1052//978 461//433
f 522//487 1053//979 1052//978
f 521//486 1054//980 1053//979
f 73//73 185//185 1054//980
f 1054//980 185//185 186//185
f 186//185 187//185 1060//980
f 1060//980 187//185 59//59
f 1060//980 440//422 441//423
f 1059//979 441//423 442//424
f 1058//978 442//424 69//69
f 462//433 1055//978 1058//978
f 461//433 1052//978 1055//978
f 1061//981 1062//982 1065//982
f 1063//983 1066//983 1065//982
f 1064//981 1065//982 1068//982
f 1065//982 1066//983 1069//983
f 520//485 1061//981 455//431
f 519//484 1062//982 1061//981
f 518//483 1063//983 1062//982
f 76//76 395//383 1063//983
f 395//383 396//383 1066//983
f 1066//983 396//383 397//383
f 397//383 57//57 446//426
f 1068//982 1069//983 446//426
f 1067//981 1068//982 447//427
f 1067//981 448//428 71//71
f 1064//981 1067//981 457//431
f 455//431 1061//981 1064//981
f 1070//984 1071//985 1074//985
f 1072//986 1075//986 1074//985
f 1074//985 1077//985 1076//984
f 1075//986 1078//986 1077//985
f 74//74 517//482 1070//984
f 517//482 516//481 1071//985
f 516//481 515//480 1072//986
f 515//480 77//77 452//430
f 1072//986 452//430 453//430
f 453//430 454//430 1078//986
f 1078//986 454//430 72//72
f 1077//985 1078//986 413//399
f 1077//985 414//400 415//401
f 1076//984 415//401 58//58
f 1073//984 1076//984 485//455
f 1070//984 1073//984 486//455
f 1080//647 1083//647 1082//647
f 1080//647 1081//647 1084//647
f 1082//647 1083//647 1086//647
f 1084//647 1087//647 1086//647
f 77//77 514//478 1079//647
f 514//478 513//479 1080//647
f 513//479 512//478 1081//647
f 78//78 455//431 1081//647
f 1081//647 455//431 456//431
f 456//431 457//431 1087//647
f 457//431 71//71 449//429
f 1087//647 449//429 450//429
f 1086//647 450//429 451//429
f 454//430 1085//647 451//429
f 1082//647 1085//647 454//430
f 1079//647 1082//647 453//430
f 1088//987 1089//988 1092//988
f 1090//989 1093//989 1092//988
f 1092//988 1095//988 1094//987
f 1093//989 1096//989 1095//988
f 511//477 1088//987 490//456
f 510//476 1089//988 1088//987
f 510//476 509//475 1090//989
f 509//475 79//79 458//432
f 458//432 459//432 1093//989
f 1093//989 459//432 460//432
f 460//432 70//70 410//396
f 1096//989 410//396 411//397
f 1094//987 1095//988 411//397
f 1094//987 412//398 60//60
f 1091//987 1094//987 488//456
f 490//456 1088//987 1091//987
f 1097//990 1098//990 1101//990
f 1099//990 1102//990 1101//990
f 1100//990 1101//990 1104//990
f 1101//990 1102//990 1105//990
f 508//474 1097//990 458//432
f 507//473 1098//990 1097//990
f 507//473 506//472 1099//990
f 80//80 461//433 1099//990
f 1099//990 461//433 462//433
f 1102//990 462//433 463//433
f 463//433 69//69 443//425
f 1105//990 443//425 444//425
f 1103//990 1104//990 444//425
f 1103//990 445//425 70//70
f 459//432 1100//990 1103//990
f 458//432 1097//990 1100//990
f 1106//991 1107//992 1110//995
f 1107//992 1108//993 1111//996
f 1109//994 1110//995 1113//998
f 1110//995 1111//996 1114//999
f 60//60 412//398 1106//991
f 412//398 411//397 1107//992
f 411//397 410//396 1108//993
f 410//396 70//70 464//434
f 1108//993 464//434 465//435
f 1111//996 465//435 466//436
f 1114//999 466//436 67//67
f 1113//998 1114//999 436//420
f 1112//997 1113//998 435//419
f 401//387 1112//997 434//418
f 402//388 1109//994 1112//997
f 403//389 1106//991 1109//994
f 1116//1000 1119//1001 1118//1001
f 1117//1000 1120//1001 1119//1001
f 1118//1001 1119//1001 1122//1002
f 1120//1001 1123//1002 1122//1002
f 445//425 1115//1000 464//434
f 444//425 1116//1000 1115//1000
f 443//425 1117//1000 1116//1000
f 69//69 467//437 1117//1000
f 1117//1000 467//437 468//438
f 1120//1001 468//438 469//439
f 469//439 68//68 439//421
f 1122//1002 1123//1002 439//421
f 1122//1002 438//421 437//421
f 466//436 1121//1002 437//421
f 1118//1001 1121//1002 466//436
f 1115//1000 1118//1001 465//435
f 1124//1003 1125//1004 1128//1007
f 1126//1005 1129//1008 1128//1007
f 1127//1006 1128//1007 1131//1010
f 1129//1008 1132//1011 1131//1010
f 22//22 193//191 1124//1003
f 193//191 192//190 1125//1004
f 191//189 1126//1005 1125//1004
f 21//21 434//418 1126//1005
f 434//418 435//419 1129//1008
f 435//419 436//420 1132//1011
f 436//420 67//67 470//440
f 1132//1011 470//440 471//441
f 1130//1009 1131//1010 471//441
f 194//192 1130//1009 472//442
f 195//193 1127//1006 1130//1009
f 196//194 1124//1003 1127//1006
f 1134//1013 1137//1013 1136//1012
f 1135//1014 1138//1014 1137//1013
f 1137//1013 1140//1013 1139//1012
f 1138//1014 1141//1014 1140//1013
f 66//66 472//442 1133//1012
f 472//442 471//441 1134//1013
f 471//441 470//440 1135//1014
f 67//67 437//421 1135//1014
f 1135//1014 437//421 438//421
f 438//421 439//421 1141//1014
f 1141//1014 439//421 68//68
f 1140//1013 1141//1014 473//443
f 1139//1012 1140//1013 474//444
f 1139//1012 475//445 65//65
f 1136//1012 1139//1012 431//417
f 1133//1012 1136//1012 432//417
f 1142//1015 1143//1016 1146//1019
f 1143//1016 1144//1017 1147//1020
f 1145//1018 1146//1019 1149//1022
f 1146//1019 1147//1020 1150//1023
f 58//58 415//401 1142//1015
f 415//401 414//400 1143//1016
f 414//400 413//399 1144//1017
f 413//399 72//72 476//446
f 1144//1017 476//446 477//447
f 1147//1020 477//447 478//448
f 1150//1023 478//448 65//65
f 1149//1022 1150//1023 430//416
f 1148//1021 1149//1022 429//415
f 392//380 1148//1021 428//414
f 393//381 1145//1018 1148//1021
f 394//382 1142//1015 1145//1018
f 1152//1024 1155//1025 1154//1025
f 1153//1024 1156//1025 1155//1025
f 1155//1025 1158//1026 1157//1026
f 1156//1025 1159//1026 1158//1026
f 451//429 1151//1024 476//446
f 450//429 1152//1024 1151//1024
f 449//429 1153//1024 1152//1024
f 71//71 479//449 1153//1024
f 1153//1024 479//449 480//450
f 480//450 481//451 1159//1026
f 481//451 66//66 433//417
f 1159//1026 433//417 432//417
f 1158//1026 432//417 431//417
f 478//448 1157//1026 431//417
f 1154//1025 1157//1026 478//448
f 1151//1024 1154//1025 477//447
f 1160//1027 1161//1028 1164//1031
f 1162//1029 1165//1032 1164//1031
f 1163//1030 1164//1031 1167//1034
f 1165//1032 1168//1035 1167//1034
f 63//63 425//411 1160//1027
f 425//411 426//412 1161//1028
f 427//413 1162//1029 1161//1028
f 64//64 503//469 1162//1029
f 503//469 504//470 1165//1032
f 504//470 505//471 1168//1035
f 505//471 80//80 506//472
f 1168//1035 506//472 507//473
f 1166//1033 1167//1034 507//473
f 502//468 1166//1033 508//474
f 501//467 1163//1030 1166//1033
f 500//466 1160//1027 1163//1030
f 1169//1036 1170//1037 1173//1040
f 1170//1037 1171//1038 1174//1041
f 1172//1039 1173//1040 1176//1043
f 1173//1040 1174//1041 1177//1044
f 4//4 422//408 1169//1036
f 422//408 423//409 1170//1037
f 423//409 424//410 1171//1038
f 424//410 63//63 500//466
f 1171//1038 500//466 501//467
f 1174//1041 501//467 502//468
f 1177//1044 502//468 79//79
f 1176//1043 1177//1044 509//475
f 1175//1042 1176//1043 510//476
f 212//210 1175//1042 511//477
f 213//211 1172//1039 1175//1042
f 214//212 1169//1036 1172//1039
f 1178//1045 1179//1046 1182//1049
f 1180//1047 1183//1050 1182//1049
f 1181//1048 1182//1049 1185//1052
f 1183//1050 1186//1053 1185//1052
f 61//61 419//405 1178//1045
f 419//405 420//406 1179//1046
f 421//407 1180//1047 1179//1046
f 62//62 497//463 1180//1047
f 497//463 498//464 1183//1050
f 498//464 499//465 1186//1053
f 499//465 78//78 512//478
f 1186//1053 512//478 513//479
f 1184//1051 1185//1052 513//479
f 496//462 1184//1051 514//478
f 495//461 1181//1048 1184//1051
f 494//460 1178//1045 1181//1048
f 1187//1054 1188//1055 1191//1058
f 1188//1055 1189//1056 1192//1059
f 1190//1057 1191//1058 1194//1061
f 1191//1058 1192//1059 1195//1062
f 7//7 416//402 1187//1054
f 416//402 417//403 1188//1055
f 417//403 418//404 1189//1056
f 418//404 61//61 494//460
f 1189//1056 494//460 495//461
f 1192//1059 495//461 496//462
f 1195//1062 496//462 77//77
f 1194//1061 1195//1062 515//480
f 1193//1060 1194//1061 516//481
f 206//204 1193//1060 517//482
f 207//205 1190//1057 1193//1060
f 208//206 1187//1054 1190//1057
f 1197//1064 1200//1067 1199//1066
f 1198//1065 1201//1068 1200//1067
f 1200//1067 1203//1070 1202//1069
f 1201//1068 1204//1071 1203//1070
f 170//170 1196//1063 497//463
f 171//171 1197//1064 1196//1063
f 172//172 1198//1065 1197//1064
f 3//3 491//457 1198//1065
f 491//457 492//458 1201//1068
f 492//458 493//459 1204//1071
f 493//459 76//76 518//483
f 1204//1071 518//483 519//484
f 1203//1070 519//484 520//485
f 1202//1069 520//485 78//78
f 1199//1066 1202//1069 499//465
f 1196//1063 1199//1066 498//464
f 1206//1073 1209//1076 1208//1075
f 1207//1074 1210//1077 1209//1076
f 1209//1076 1212//1079 1211//1078
f 1210//1077 1213//1080 1212//1079
f 173//173 1205//1072 503//469
f 174//174 1206//1073 1205//1072
f 175//175 1207//1074 1206//1073
f 8//8 482//452 1207//1074
f 482//452 483//453 1210//1077
f 483//453 484//454 1213//1080
f 484//454 73//73 521//486
f 1213//1080 521//486 522//487
f 1212//1079 522//487 523//488
f 1211//1078 523//488 80//80
f 1208//1075 1211//1078 505//471
f 1205//1072 1208//1075 504//470
f 1215//1082 1218//1085 1217//1084
f 1215//1082 1216//1083 1219//1086
f 1218//1085 1221//1088 1220//1087
f 1218//1085 1219//1086 1222//1089
f 169//169 1214//1081 491//457
f 169//169 168//168 1215//1082
f 168//168 167//167 1216//1083
f 167//167 4//4 214//212
f 1216//1083 214//212 213//211
f 1219//1086 213//211 212//210
f 1222//1089 212//210 75//75
f 1221//1088 1222//1089 524//489
f 1221//1088 525//490 526//491
f 1220//1087 526//491 76//76
f 1217//1084 1220//1087 493//459
f 1214//1081 1217//1084 492//458
f 1224//1091 1227//1094 1226//1093
f 1224//1091 1225//1092 1228//1095
f 1227//1094 1230//1097 1229//1096
f 1227//1094 1228//1095 1231//1098
f 176//176 1223//1090 482//452
f 176//176 177//177 1224//1091
f 177//177 178//178 1225//1092
f 178//178 7//7 208//206
f 1225//1092 208//206 207//205
f 1228//1095 207//205 206//204
f 1231//1098 206//204 74//74
f 1230//1097 1231//1098 527//492
f 1230//1097 528//493 529//494
f 1229//1096 529//494 73//73
f 1226//1093 1229//1096 484//454
f 1223//1090 1226//1093 483//453
f 1233//1100 1236//1103 1235//1102
f 1234//1101 1237//1104 1236//1103
f 1236//1103 1239//1106 1238//1105
f 1237//1104 1240//1107 1239//1106
f 539//504 1232//1099 247//245
f 540//505 1233//1100 1232//1099
f 541//506 1234//1101 1233//1100
f 83//83 578//541 1234//1101
f 578//541 579//542 1237//1104
f 579//542 580//543 1240//1107
f 580//543 86//86 101//101
f 1240//1107 101//101 102//102
f 1239//1106 102//102 103//103
f 1238//1105 103//103 20//20
f 1235//1102 1238//1105 245//243
f 1232//1099 1235//1102 246//244
f 1241//1108 1242//1109 1245//1112
f 1243//1110 1246//1113 1245//1112
f 1244//1111 1245//1112 1248//1115
f 1246//1113 1249//1116 1248//1115
f 4//4 167//167 1241//1108
f 167//167 168//168 1242//1109
f 168//168 169//169 1243//1110
f 3//3 530//495 1243//1110
f 1243//1110 530//495 531//496
f 531//496 532//497 1249//1116
f 1249//1116 532//497 81//81
f 1248//1115 1249//1116 536//501
f 1247//1114 1248//1115 537//502
f 398//384 1247//1114 538//503
f 399//385 1244//1111 1247//1114
f 400//386 1241//1108 1244//1111
f 1252//1119 1250//1117 1262//1129
f 1253//1120 1254//1121 1250//1117
f 1255//1122 1256//1123 1250//1117
f 1258//1125 1250//1117 1256//1123
f 1259//1126 1260//1127 1250//1117
f 1261//1128 1262//1129 1250//1117
f 190//188 1251//1118 95//95
f 189//187 1252//1119 1251//1118
f 1251//1118 1262//1129 96//96
f 81//81 551//516 1253//1120
f 551//516 552//517 1254//1121
f 188//186 1253//1120 1252//1119
f 84//84 182//182 1255//1122
f 182//182 183//183 1256//1123
f 553//518 1255//1122 1254//1121
f 104//104 1257//1124 184//184
f 105//105 1258//1125 1257//1124
f 1257//1124 1256//1123 183//183
f 19//19 98//98 1259//1126
f 98//98 99//99 1260//1127
f 106//106 1259//1126 1258//1125
f 18//18 97//97 1261//1128
f 97//97 96//96 1262//1129
f 100//100 1261//1128 1260//1127
f 1263//1130 1264//1131 1267//1134
f 1265//1132 1268//1135 1267//1134
f 1266//1133 1267//1134 1270//1137
f 1268//1135 1271//1138 1270//1137
f 7//7 178//178 1263//1130
f 178//178 177//177 1264//1131
f 177//177 176//176 1265//1132
f 8//8 181//181 1265//1132
f 1265//1132 181//181 180//180
f 180//180 179//179 1271//1138
f 179//179 83//83 545//510
f 1271//1138 545//510 546//511
f 1270//1137 546//511 547//512
f 544//509 1269//1136 547//512
f 543//508 1266//1133 1269//1136
f 542//507 1263//1130 1266//1133
f 1274//1141 1272//1139 1284//1151
f 1275//1142 1276//1143 1272//1139
f 1277//1144 1278//1145 1272//1139
f 1280//1147 1272//1139 1278//1145
f 1281//1148 1282//1149 1272//1139
f 1283//1150 1284//1151 1272//1139
f 172//172 1273//1140 530//495
f 171//171 1274//1141 1273//1140
f 1273//1140 1284//1151 531//496
f 62//62 421//407 1275//1142
f 421//407 420//406 1276//1143
f 170//170 1275//1142 1274//1141
f 61//61 418//404 1277//1144
f 418//404 417//403 1278//1145
f 419//405 1277//1144 1276//1143
f 542//507 1279//1146 416//402
f 543//508 1280//1147 1279//1146
f 1279//1146 1278//1145 417//403
f 84//84 553//518 1281//1148
f 553//518 552//517 1282//1149
f 544//509 1281//1148 1280//1147
f 532//497 1283//1150 551//516
f 532//497 531//496 1284//1151
f 551//516 1283//1150 1282//1149
f 1285//1152 1286//1153 1289//1156
f 1286//1153 1287//1154 1290//1157
f 1288//1155 1289//1156 1292//1159
f 1289//1156 1290//1157 1293//1160
f 20//20 103//103 1285//1152
f 103//103 102//102 1286//1153
f 102//102 101//101 1287//1154
f 101//101 86//86 566//529
f 1287//1154 566//529 567//530
f 567//530 568//531 1293//1160
f 568//531 88//88 383//371
f 1293//1160 383//371 384//372
f 1292//1159 384//372 385//373
f 346//334 1291//1158 385//373
f 345//333 1288//1155 1291//1158
f 344//332 1285//1152 1288//1155
f 1294//1161 1295//1161 1298//1162
f 1295//1161 1296//1161 1299//1162
f 1298//1162 1301//1163 1300//1163
f 1299//1162 1302//1163 1301//1163
f 86//86 559//524 1294//1161
f 559//524 558//523 1295//1161
f 558//523 557//522 1296//1161
f 557//522 85//85 569//532
f 1296//1161 569//532 570//533
f 1299//1162 570//533 571//534
f 1302//1163 571//534 87//87
f 1302//1163 563//528 564//528
f 1301//1163 564//528 565//528
f 1300//1163 565//528 88//88
f 1297//1162 1300//1163 568//531
f 566//529 1294//1161 1297//1162
f 1303//1164 1304//1165 1307//1165
f 1304//1165 1305//1166 1308//1166
f 1306//1164 1307//1165 1310//1165
f 1307//1165 1308//1166 1311//1166
f 39//39 575//538 1303//1164
f 575//538 576//539 1304//1165
f 576//539 577//540 1305//1166
f 577//540 88//88 565//528
f 1305//1166 565//528 564//528
f 1308//1166 564//528 563//528
f 563//528 87//87 572//535
f 1311//1166 572//535 573//536
f 1310//1165 573//536 574//537
f 1309//1164 574//537 40//40
f 1306//1164 1309//1164 292//287
f 290//287 1303//1164 1306//1164
f 1313//1168 1316//1171 1315//1170
f 1314//1169 1317//1172 1316//1171
f 1316//1171 1319//1174 1318//1173
f 1317//1172 1320//1175 1319//1174
f 574//537 1312//1167 119//119
f 573//536 1313//1168 1312//1167
f 572//535 1314//1169 1313//1168
f 87//87 562//527 1314//1169
f 562//527 561//526 1317//1172
f 561//526 560//525 1320//1175
f 560//525 47//47 340//328
f 1320//1175 340//328 339//327
f 1319//1174 339//327 338//326
f 1318//1173 338//326 2//2
f 1315//1170 1318//1173 121//121
f 1312//1167 1315//1170 120//120
f 1321//1176 1322//1177 1325//1180
f 1322//1177 1323//1178 1326//1181
f 1325//1180 1328//1183 1327//1182
f 1326//1181 1329//1184 1328//1183
f 86//86 580//543 1321//1176
f 580//543 579//542 1322//1177
f 579//542 578//541 1323//1178
f 578//541 83//83 550//515
f 1323//1178 550//515 549//514
f 549//514 548//513 1329//1184
f 548//513 82//82 581//544
f 1329//1184 581//544 582//545
f 1328//1183 582//545 583//546
f 1327//1182 583//546 85//85
f 1324//1179 1327//1182 557//522
f 559//524 1321//1176 1324//1179
f 1331//1186 1334//1189 1333//1188
f 1332//1187 1335//1190 1334//1189
f 1334//1189 1337//1192 1336//1191
f 1335//1190 1338//1193 1337//1192
f 583//546 1330//1185 556//521
f 582//545 1331//1186 1330//1185
f 581//544 1332//1187 1331//1186
f 82//82 535//500 1332//1187
f 535//500 534//499 1335//1190
f 534//499 533//498 1338//1193
f 533//498 30//30 244//242
f 1338//1193 244//242 243//241
f 1337//1192 243//241 242//240
f 1336//1191 242//240 17//17
f 1333//1188 1336//1191 554//519
f 1330//1185 1333//1188 555//520
