# Blender 5.0.1
# www.blender.org
o Oreiller_1
v 2.924179 1.266195 5.310612
v 3.292298 1.250049 5.382059
v 2.538344 1.199548 5.235610
v 2.995543 1.249944 4.941770
v 2.853145 1.217175 5.677818
v 3.242303 1.173035 5.781501
v 3.395176 1.211558 4.992635
v 2.591121 1.192178 4.835779
v 2.439433 1.162732 5.625658
v 2.277267 1.029674 5.741276
v 2.483489 1.071941 4.666983
v 3.356253 1.011752 5.950467
v 3.564046 1.078374 4.878706
v 2.403331 1.068151 5.209558
v 3.417129 1.098020 5.406251
v 2.829435 1.043533 5.799993
v 3.020224 1.097232 4.815168
v 2.924179 0.973456 5.310612
v 2.460489 1.078645 4.838405
v 3.506675 1.089226 5.041685
v 3.193469 1.028589 5.892232
v 2.651803 1.081271 4.726508
v 2.318229 1.064510 5.575064
v 3.363967 1.066884 5.777889
v 2.454089 1.040832 5.748830
v 3.391561 1.089132 4.870378
v 3.292298 0.998703 5.382059
v 2.550342 0.983481 5.237936
v 2.995543 0.997743 4.941770
v 2.853145 0.987236 5.677818
v 3.242303 0.978954 5.781501
v 3.395176 0.998547 4.992635
v 2.599359 0.992710 4.837376
v 2.447389 0.984555 5.627200
v 2.460546 1.077146 4.804893
v 2.460194 1.075702 4.775345
v 2.460911 1.074545 4.749767
v 2.462851 1.073659 4.727638
v 2.466019 1.072989 4.708385
v 2.470166 1.072474 4.691398
v 2.475401 1.072093 4.676715
v 3.521696 1.086244 5.010993
v 3.535750 1.083763 4.984143
v 3.547275 1.081925 4.960581
v 3.556176 1.080597 4.939745
v 3.562523 1.079647 4.921142
v 3.566378 1.078977 4.904553
v 3.567450 1.078537 4.890063
v 3.224102 1.023399 5.907526
v 3.250905 1.018896 5.921787
v 3.274430 1.015551 5.933468
v 3.295241 1.013215 5.942480
v 3.313828 1.011713 5.948894
v 3.330409 1.010911 5.952784
v 3.344897 1.010803 5.953869
v 2.620338 1.078581 4.711626
v 2.592979 1.076452 4.697727
v 2.569052 1.074917 4.686331
v 2.547911 1.073830 4.677511
v 2.528947 1.073058 4.671112
v 2.511656 1.072496 4.666694
v 2.495980 1.072097 4.664400
v 2.305624 1.057648 5.606234
v 2.294111 1.051135 5.633586
v 2.285101 1.045485 5.657646
v 2.278548 1.040742 5.678945
v 2.274316 1.036828 5.697963
v 2.272295 1.033666 5.714911
v 2.272741 1.031226 5.729699
v 3.366425 1.055499 5.811963
v 3.369421 1.045083 5.842112
v 3.371301 1.036205 5.868266
v 3.371768 1.028830 5.890914
v 3.370701 1.022782 5.910538
v 3.368075 1.017913 5.927364
v 3.363655 1.014158 5.941205
v 2.419130 1.037544 5.751423
v 2.388358 1.034613 5.754539
v 2.361748 1.032402 5.756515
v 2.338734 1.030830 5.757038
v 2.318763 1.029794 5.755980
v 2.301558 1.029213 5.753319
v 2.287244 1.029092 5.748818
v 3.425604 1.086190 4.868114
v 3.455730 1.083735 4.865265
v 3.481869 1.081912 4.863497
v 3.504506 1.080592 4.863108
v 3.524123 1.079645 4.864223
v 3.540946 1.078977 4.866873
v 3.554785 1.078537 4.871303
v 3.322997 1.234197 5.388010
v 3.349030 1.216331 5.393056
v 3.370573 1.197218 5.397232
v 3.387804 1.177405 5.400570
v 3.400899 1.157293 5.403108
v 3.410033 1.137189 5.404877
v 3.415385 1.117352 5.405914
v 2.502296 1.184188 5.228626
v 2.472046 1.168097 5.222775
v 2.447654 1.151525 5.218066
v 2.428923 1.134685 5.214457
v 2.415522 1.117762 5.211882
v 2.407059 1.100925 5.210260
v 2.403127 1.084334 5.209512
v 3.001555 1.234062 4.910814
v 3.006675 1.216136 4.884495
v 3.010931 1.196940 4.862657
v 3.014351 1.177030 4.845142
v 3.016963 1.156814 4.831792
v 3.018793 1.136604 4.822452
v 3.019871 1.116663 4.816963
v 2.859946 1.240602 5.642699
v 2.867578 1.258295 5.603270
v 2.875922 1.268885 5.560145
v 2.884861 1.272837 5.513939
v 2.894275 1.271911 5.465268
v 2.904045 1.268986 5.414747
v 2.914053 1.266882 5.362989
v 2.456726 1.079438 4.874990
v 2.450861 1.079110 4.915024
v 2.444261 1.077668 4.958540
v 2.437244 1.075365 5.005105
v 2.429850 1.072665 5.054169
v 2.421859 1.070226 5.105057
v 2.413026 1.068671 5.157071
v 3.494173 1.091948 5.076594
v 3.482935 1.094142 5.115562
v 3.471857 1.095779 5.158167
v 3.460739 1.096862 5.203884
v 3.449553 1.097476 5.252155
v 3.438437 1.097785 5.302382
v 3.427570 1.097959 5.353952
v 3.158632 1.032850 5.879367
v 3.119745 1.036151 5.867706
v 3.077224 1.038710 5.856182
v 3.031591 1.040576 5.844626
v 2.983396 1.041846 5.833045
v 2.933233 1.042660 5.821605
v 2.881711 1.043189 5.810518
v 2.687771 1.084026 4.738929
v 2.727756 1.086743 4.750076
v 2.771145 1.089389 4.761023
v 2.817368 1.091843 4.771975
v 2.865899 1.093970 4.782982
v 2.916236 1.095616 4.793944
v 2.967878 1.096684 4.804725
v 2.328458 1.070359 5.539711
v 2.337962 1.074098 5.500407
v 2.348044 1.075460 5.457608
v 2.358850 1.074730 5.411829
v 2.370221 1.072625 5.363586
v 2.381710 1.070251 5.313418
v 2.392832 1.068684 5.261877
v 3.365418 1.077551 5.740839
v 3.369556 1.086152 5.700492
v 3.375201 1.092214 5.656830
v 3.381969 1.095789 5.610268
v 3.389631 1.097355 5.561308
v 3.398086 1.097782 5.510563
v 3.407274 1.097958 5.458666
v 2.492248 1.043244 5.750112
v 2.533621 1.044635 5.754014
v 2.578059 1.045204 5.759355
v 2.625104 1.045124 5.765776
v 2.674285 1.044660 5.773082
v 2.725096 1.044132 5.781230
v 2.777019 1.043793 5.790209
v 3.354559 1.091794 4.868668
v 3.314272 1.093913 4.864226
v 3.270671 1.095471 4.858259
v 3.224166 1.096475 4.851169
v 3.175255 1.097022 4.843211
v 3.124541 1.097276 4.834501
v 3.072655 1.097381 4.825126
v 3.256887 1.262812 5.375193
v 3.217238 1.271247 5.367504
v 3.173954 1.275172 5.359108
v 3.127642 1.275312 5.350122
v 3.078904 1.273002 5.340663
v 3.028344 1.270052 5.330848
v 2.976568 1.267921 5.320792
v 2.579564 1.213861 5.243608
v 2.624301 1.226736 5.252297
v 2.671278 1.237952 5.261428
v 2.719743 1.247381 5.270853
v 2.769324 1.254909 5.280497
v 2.819996 1.260415 5.290354
v 2.871784 1.263963 5.300426
v 2.988635 1.262695 4.977394
v 2.980921 1.271059 5.017213
v 2.972518 1.274847 5.060627
v 2.963540 1.274801 5.107035
v 2.954102 1.272274 5.155837
v 2.944319 1.269093 5.206434
v 2.934307 1.266934 5.258226
v 2.847267 1.191347 5.708149
v 2.842301 1.165441 5.733762
v 2.838207 1.140681 5.754864
v 2.834944 1.117626 5.771664
v 2.832475 1.096443 5.784369
v 2.830760 1.077101 5.793188
v 2.829760 1.059499 5.798326
v 3.276156 1.168141 5.776155
v 3.300020 1.158768 5.773603
v 3.319125 1.146731 5.772476
v 3.334463 1.132697 5.772551
v 3.346599 1.117137 5.773653
v 3.355655 1.100598 5.775324
v 3.361607 1.083631 5.777009
v 3.196990 1.189721 5.762226
v 3.152694 1.200606 5.747212
v 3.106441 1.207994 5.733787
v 3.058290 1.212672 5.721426
v 3.008491 1.215370 5.709799
v 2.957427 1.216761 5.698738
v 2.905508 1.217359 5.688119
v 3.241472 1.202351 5.732337
v 3.244214 1.222940 5.685701
v 3.249162 1.236641 5.637835
v 3.255804 1.244589 5.588593
v 3.263731 1.248280 5.538087
v 3.272640 1.249536 5.486605
v 3.282254 1.250003 5.434484
v 3.193531 1.043492 5.889737
v 3.194183 1.059709 5.883642
v 3.196003 1.076869 5.874701
v 3.199502 1.094800 5.863133
v 3.205152 1.113350 5.848994
v 3.213332 1.132515 5.831818
v 3.224630 1.152198 5.810765
v 3.424553 1.201857 5.010391
v 3.445728 1.189338 5.021733
v 3.463030 1.174948 5.029943
v 3.477290 1.159164 5.035615
v 3.488967 1.142316 5.039130
v 3.497998 1.124773 5.040963
v 3.504154 1.106919 5.041621
v 3.345989 1.225483 4.993365
v 3.299335 1.234797 4.990521
v 3.251457 1.241207 4.985466
v 3.202206 1.245343 4.978713
v 3.151686 1.247823 4.970672
v 3.100183 1.249246 4.961649
v 3.048025 1.250020 4.951922
v 3.389764 1.201840 4.958676
v 3.387199 1.189308 4.934715
v 3.386078 1.174905 4.915515
v 3.386169 1.159108 4.900088
v 3.387290 1.142247 4.887873
v 3.388977 1.124694 4.878752
v 3.390675 1.106831 4.872756
v 3.302562 1.249745 5.329677
v 3.313112 1.249024 5.277737
v 3.324078 1.247710 5.226648
v 3.335594 1.245301 5.176822
v 3.347832 1.241206 5.128635
v 3.361132 1.234811 5.082343
v 3.376023 1.225495 5.038001
v 2.641544 1.205350 4.855780
v 2.690109 1.216023 4.871483
v 2.739351 1.225504 4.885379
v 2.789235 1.233770 4.897986
v 2.839773 1.240616 4.909692
v 2.891043 1.245660 4.920758
v 2.943081 1.248652 4.931403
v 2.552311 1.182511 4.840343
v 2.525181 1.170503 4.842327
v 2.503942 1.157065 4.843131
v 2.487479 1.142551 4.842951
v 2.475070 1.127156 4.841905
v 2.466448 1.111158 4.840412
v 2.461474 1.094862 4.838987
v 2.612651 1.184499 4.807073
v 2.626354 1.173399 4.786273
v 2.636295 1.160382 4.769282
v 2.643259 1.145981 4.755294
v 2.647733 1.130495 4.743838
v 2.650269 1.114287 4.734979
v 2.651427 1.097735 4.728952
v 2.548244 1.200394 5.183074
v 2.557645 1.202436 5.130809
v 2.566272 1.205332 5.079152
v 2.574005 1.207977 5.028471
v 2.580725 1.209101 4.979095
v 2.586188 1.207543 4.931171
v 2.590059 1.202327 4.884610
v 2.493700 1.177334 5.625701
v 2.544476 1.188090 5.629137
v 2.595179 1.196891 5.634530
v 2.645995 1.204039 5.641381
v 2.697089 1.209639 5.649340
v 2.748631 1.213641 5.658199
v 2.800737 1.216052 5.667777
v 2.405115 1.156692 5.607099
v 2.380652 1.147341 5.595190
v 2.361126 1.135986 5.586590
v 2.345604 1.123143 5.580700
v 2.333506 1.109167 5.577122
v 2.324764 1.094457 5.575359
v 2.319460 1.079412 5.574874
v 2.456766 1.183435 5.580025
v 2.470466 1.196458 5.535525
v 2.483121 1.203299 5.489163
v 2.495106 1.205241 5.440962
v 2.506613 1.203992 5.391143
v 2.517639 1.201623 5.340052
v 2.528171 1.199989 5.288070
v 2.454700 1.054698 5.746434
v 2.455976 1.069446 5.740447
v 2.457061 1.084753 5.731343
v 2.457337 1.100420 5.719130
v 2.456250 1.116240 5.703662
v 2.453485 1.132068 5.684342
v 2.448596 1.147612 5.660134
v 2.490078 1.090035 4.678278
v 2.500334 1.108006 4.695546
v 2.511019 1.125147 4.713447
v 2.522459 1.140998 4.732321
v 2.535041 1.155172 4.752557
v 2.549309 1.167522 4.774744
v 2.566288 1.178530 4.800140
v 2.287428 1.045389 5.733439
v 2.303128 1.062187 5.721524
v 2.319453 1.078882 5.709190
v 2.336813 1.095146 5.696245
v 2.355737 1.110768 5.682437
v 2.377157 1.126063 5.667254
v 2.402670 1.141912 5.649791
v 3.348656 1.029287 5.939215
v 3.337068 1.048613 5.922051
v 3.325061 1.068131 5.904261
v 3.312425 1.087515 5.885532
v 3.298885 1.106577 5.865454
v 3.283905 1.125730 5.843230
v 3.266541 1.146057 5.817462
v 3.552782 1.097537 4.886312
v 3.535601 1.116656 4.897913
v 3.517800 1.134922 4.909929
v 3.499070 1.151858 4.922570
v 3.479003 1.167159 4.936108
v 3.456805 1.181121 4.951078
v 3.431080 1.194607 4.968423
v 3.322997 1.003240 5.388010
v 3.349030 1.010141 5.393056
v 3.370573 1.019651 5.397232
v 3.387804 1.031665 5.400570
v 3.400899 1.045887 5.403108
v 3.410033 1.061943 5.404877
v 3.415385 1.079443 5.405914
v 2.516942 0.987326 5.231466
v 2.487990 0.993366 5.225866
v 2.463439 1.001658 5.221126
v 2.443209 1.012029 5.217227
v 2.427199 1.024188 5.214146
v 2.415294 1.037805 5.211857
v 2.407377 1.052557 5.210336
v 3.001555 1.002243 4.910814
v 3.006675 1.009116 4.884495
v 3.010931 1.018615 4.862657
v 3.014351 1.030639 4.845142
v 3.016963 1.044893 4.831792
v 3.018793 1.061001 4.822452
v 3.019871 1.078570 4.816963
v 2.859946 0.988622 5.642699
v 2.867578 0.988854 5.603270
v 2.875922 0.987298 5.560145
v 2.884861 0.984201 5.513939
v 2.894275 0.980270 5.465268
v 2.904045 0.976608 5.414747
v 2.914053 0.974271 5.362989
v 3.256887 0.995698 5.375193
v 3.217238 0.992786 5.367504
v 3.173954 0.989294 5.359108
v 3.127642 0.985210 5.350122
v 3.078904 0.980910 5.340663
v 3.028344 0.977149 5.330848
v 2.976568 0.974667 5.320792
v 2.588051 0.981348 5.245253
v 2.629358 0.979937 5.253278
v 2.673662 0.978620 5.261890
v 2.720490 0.977163 5.270998
v 2.769410 0.975590 5.280514
v 2.819996 0.974191 5.290354
v 2.871784 0.973384 5.300426
v 2.988635 0.994775 4.977394
v 2.980921 0.991897 5.017213
v 2.972518 0.988435 5.060627
v 2.963540 0.984395 5.107035
v 2.954102 0.980167 5.155837
v 2.944319 0.976513 5.206434
v 2.934307 0.974224 5.258226
v 2.847267 0.986531 5.708149
v 2.842301 0.987706 5.733762
v 2.838207 0.991281 5.754864
v 2.834944 0.997370 5.771664
v 2.832475 1.005861 5.784369
v 2.830760 1.016538 5.793188
v 2.829760 1.029166 5.798326
v 3.276156 0.983164 5.776155
v 3.300020 0.990134 5.773603
v 3.319125 0.999232 5.772476
v 3.334463 1.010147 5.772551
v 3.346599 1.022582 5.773653
v 3.355655 1.036313 5.775324
v 3.361607 1.051115 5.777009
v 3.196990 0.983575 5.762226
v 3.152694 0.987220 5.747212
v 3.106441 0.989233 5.733787
v 3.058290 0.989715 5.721426
v 3.008491 0.989105 5.709799
v 2.957427 0.988125 5.698738
v 2.905508 0.987470 5.688119
v 3.241472 0.988737 5.732337
v 3.244214 0.995879 5.685701
v 3.249162 0.999896 5.637835
v 3.255804 1.001241 5.588593
v 3.263731 1.000744 5.538087
v 3.272640 0.999587 5.486605
v 3.282254 0.998855 5.434484
v 3.193531 1.015648 5.889737
v 3.194183 1.004331 5.883642
v 3.196003 0.994605 5.874701
v 3.199502 0.986629 5.863133
v 3.205152 0.980588 5.848994
v 3.213332 0.976805 5.831818
v 3.224630 0.975706 5.810765
v 3.424553 1.001558 5.010391
v 3.445728 1.008146 5.021733
v 3.463030 1.017268 5.029943
v 3.477290 1.028554 5.035615
v 3.488967 1.041687 5.039130
v 3.497998 1.056378 5.040963
v 3.504154 1.072314 5.041621
v 3.345989 1.000501 4.993365
v 3.299335 1.002434 4.990521
v 3.251457 1.003164 4.985466
v 3.202206 1.002657 4.978713
v 3.151686 1.001264 4.970672
v 3.100183 0.999657 4.961649
v 3.048025 0.998477 4.951922
v 3.389764 1.001523 4.958676
v 3.387199 1.008086 4.934715
v 3.386078 1.017190 4.915515
v 3.386169 1.028464 4.900088
v 3.387290 1.041589 4.887873
v 3.388977 1.056278 4.878752
v 3.390675 1.072215 4.872756
v 3.302562 0.999117 5.329677
v 3.313112 1.000106 5.277737
v 3.324078 1.001580 5.226648
v 3.335594 1.002871 5.176822
v 3.347832 1.003302 5.128635
v 3.361132 1.002514 5.082343
v 3.376023 1.000536 5.038001
v 2.647140 0.993909 4.856865
v 2.693302 0.995614 4.872102
v 2.740799 0.996836 4.885660
v 2.789675 0.997409 4.898072
v 2.839823 0.997443 4.909702
v 2.891043 0.997296 4.920758
v 2.943081 0.997365 4.931403
v 2.562884 0.995739 4.842393
v 2.536637 1.002342 4.844548
v 2.515239 1.011214 4.845321
v 2.497696 1.021979 4.844932
v 2.483434 1.034384 4.843527
v 2.472361 1.048161 4.841558
v 2.464533 1.063005 4.839580
v 2.618416 0.996484 4.808190
v 2.630496 1.003531 4.787076
v 2.639257 1.012740 4.769857
v 2.645344 1.023779 4.755698
v 2.649145 1.036417 4.744112
v 2.651141 1.050397 4.735148
v 2.651842 1.065430 4.729033
v 2.560265 0.983774 5.185405
v 2.569680 0.985125 5.133143
v 2.578311 0.987431 5.081487
v 2.585934 0.989967 5.030784
v 2.592312 0.991974 4.981341
v 2.597099 0.992998 4.933287
v 2.599872 0.992921 4.886513
v 2.499120 0.986565 5.626751
v 2.547573 0.988430 5.629737
v 2.596584 0.989390 5.634802
v 2.646422 0.989428 5.641463
v 2.697136 0.988789 5.649349
v 2.748631 0.987953 5.658199
v 2.800737 0.987405 5.667777
v 2.415321 0.988393 5.609078
v 2.391727 0.994804 5.597337
v 2.372057 1.003137 5.588709
v 2.355492 1.013101 5.582617
v 2.341600 1.024433 5.578691
v 2.330485 1.036914 5.576468
v 2.322419 1.050322 5.575448
v 2.466274 0.989271 5.581868
v 2.481063 0.992235 5.537580
v 2.494414 0.992792 5.491353
v 2.506785 0.991372 5.443226
v 2.518457 0.988754 5.393439
v 2.529543 0.986041 5.342360
v 2.540126 0.984234 5.290388
v 2.455108 1.028370 5.746513
v 2.456831 1.017141 5.740613
v 2.458443 1.007185 5.731611
v 2.459372 0.998676 5.719524
v 2.459132 0.991788 5.704221
v 2.457501 0.986779 5.685121
v 2.454167 0.983970 5.661214
v 2.491114 1.054958 4.678479
v 2.502629 1.039099 4.695991
v 2.514716 1.024732 4.714164
v 2.527586 1.012488 4.733315
v 2.541484 1.002979 4.753807
v 2.556800 0.996667 4.776196
v 2.574420 0.993647 4.801717
v 2.288415 1.017693 5.733630
v 2.305304 1.007277 5.721946
v 2.322943 0.998051 5.709867
v 2.341638 0.990553 5.697180
v 2.361795 0.985289 5.683611
v 2.384237 0.982496 5.668627
v 2.410444 0.982271 5.651299
v 3.348656 0.999753 5.939215
v 3.337068 0.989864 5.922051
v 3.325061 0.981364 5.904261
v 3.312425 0.974884 5.885532
v 3.298885 0.971036 5.865454
v 3.283905 0.970189 5.843230
v 3.266541 0.972617 5.817462
v 3.552782 1.060660 4.886312
v 3.535601 1.044282 4.897913
v 3.517800 1.029594 4.909929
v 3.499070 1.017292 4.922570
v 3.479003 1.007973 4.936108
v 3.456805 1.001832 4.951078
v 3.431080 0.998854 4.968423
v 2.364797 1.077623 5.725336
v 2.420702 1.051195 5.747326
v 2.422976 1.065534 5.740033
v 2.424603 1.079996 5.730731
v 2.424940 1.094392 5.719178
v 2.390983 1.047875 5.749156
v 2.394674 1.061705 5.740684
v 2.397457 1.075204 5.731328
v 2.398335 1.088093 5.720788
v 2.365488 1.045302 5.750398
v 2.370972 1.058616 5.741283
v 2.375676 1.071088 5.732246
v 2.377774 1.082087 5.723243
v 2.413541 1.134338 5.669258
v 2.386043 1.120636 5.681075
v 2.363378 1.106655 5.693071
v 2.344039 1.092044 5.705003
v 2.419725 1.122052 5.688533
v 2.392238 1.111137 5.695484
v 2.369865 1.099539 5.703854
v 2.351457 1.086984 5.713253
v 2.423381 1.108482 5.705201
v 2.396471 1.100105 5.708843
v 2.375205 1.091318 5.713955
v 2.358893 1.081667 5.720461
v 2.296662 1.044318 5.740843
v 2.309612 1.043500 5.745676
v 2.325274 1.043195 5.748835
v 2.343758 1.043712 5.750413
v 2.311342 1.060552 5.728901
v 2.322253 1.058593 5.734406
v 2.335433 1.057128 5.738451
v 2.351421 1.056948 5.740798
v 2.326934 1.076587 5.716948
v 2.335913 1.073234 5.723516
v 2.346292 1.070185 5.728793
v 2.358934 1.068979 5.731943
v 3.407005 1.212227 5.047231
v 3.392169 1.220326 5.089735
v 3.378849 1.226057 5.135295
v 3.366555 1.229794 5.183134
v 3.354958 1.232026 5.232766
v 3.343906 1.233253 5.283746
v 3.333289 1.233916 5.335639
v 3.430962 1.197685 5.056668
v 3.417367 1.204392 5.097180
v 3.404641 1.209274 5.141568
v 3.392592 1.212515 5.188804
v 3.381074 1.214460 5.238091
v 3.370012 1.215523 5.288885
v 3.359349 1.216089 5.340701
v 3.450174 1.181780 5.064221
v 3.437750 1.187285 5.103606
v 3.425710 1.191341 5.147075
v 3.414019 1.194057 5.193685
v 3.402653 1.195681 5.242582
v 3.391616 1.196555 5.293164
v 3.380919 1.197016 5.344893
v 3.465597 1.164762 5.069724
v 3.454001 1.169280 5.108623
v 3.442514 1.172617 5.151521
v 3.431148 1.174850 5.197629
v 3.419924 1.176173 5.246193
v 3.408908 1.176873 5.296594
v 3.398176 1.177240 5.348248
v 3.477786 1.146916 5.073340
v 3.466614 1.150642 5.112090
v 3.455436 1.153395 5.154711
v 3.444255 1.155230 5.200535
v 3.433099 1.156306 5.248901
v 3.422071 1.156865 5.299191
v 3.411296 1.157160 5.350796
v 3.486732 1.128587 5.075422
v 3.475660 1.131687 5.114211
v 3.464596 1.133980 5.156757
v 3.453485 1.135502 5.202471
v 3.442334 1.136386 5.250753
v 3.431272 1.136840 5.300992
v 3.420453 1.137083 5.352572
v 3.492271 1.110135 5.076370
v 3.481111 1.112741 5.115273
v 3.470051 1.114673 5.157846
v 3.458943 1.115952 5.203549
v 3.447772 1.116688 5.251816
v 3.436673 1.117063 5.302042
v 3.425820 1.117270 5.353613
v 2.634627 1.214584 4.895516
v 2.629181 1.220466 4.940329
v 2.623066 1.222608 4.987645
v 2.615974 1.221869 5.036769
v 2.607933 1.219436 5.087304
v 2.599058 1.216650 5.138867
v 2.589514 1.214678 5.191086
v 2.682832 1.225936 4.908947
v 2.676151 1.232325 4.951563
v 2.669178 1.234924 4.997626
v 2.661557 1.234486 5.046127
v 2.653127 1.232196 5.096303
v 2.643983 1.229463 5.147664
v 2.634298 1.227528 5.199797
v 2.732228 1.236138 4.921954
v 2.724994 1.243016 4.963257
v 2.717417 1.245966 5.008273
v 2.709298 1.245712 5.056068
v 2.700498 1.243455 5.105801
v 2.691116 1.240686 5.156921
v 2.681313 1.238734 5.208953
v 2.782268 1.245060 4.934149
v 2.774827 1.252378 4.974765
v 2.766873 1.255583 5.019055
v 2.758359 1.255404 5.066236
v 2.749265 1.253078 5.115563
v 2.739700 1.250189 5.166463
v 2.729809 1.248167 5.218403
v 2.832865 1.252460 4.945598
v 2.825288 1.260144 4.985801
v 2.817092 1.263526 5.029625
v 2.808323 1.263344 5.076394
v 2.799042 1.260883 5.125446
v 2.789362 1.257826 5.176195
v 2.779413 1.255706 5.228069
v 2.884132 1.257939 4.956496
v 2.876461 1.265915 4.996456
v 2.868123 1.269428 5.040017
v 2.859212 1.269224 5.086555
v 2.849828 1.266632 5.135452
v 2.840086 1.263422 5.186112
v 2.830102 1.261217 5.237943
v 2.936169 1.261231 4.967052
v 2.928461 1.269429 5.006901
v 2.920068 1.273064 5.050345
v 2.911102 1.272886 5.096781
v 2.901676 1.270249 5.145607
v 2.891904 1.266978 5.196223
v 2.881902 1.264748 5.248029
v 2.492516 1.158893 5.658106
v 2.493896 1.140794 5.684005
v 2.494895 1.123000 5.704717
v 2.495075 1.105658 5.721092
v 2.494470 1.088854 5.733731
v 2.493474 1.072750 5.742780
v 2.492567 1.057495 5.748255
v 2.540664 1.168058 5.660688
v 2.539000 1.148028 5.686803
v 2.538017 1.128535 5.708031
v 2.537099 1.109825 5.724874
v 2.535963 1.091985 5.737755
v 2.534803 1.075120 5.746841
v 2.533923 1.059312 5.752228
v 2.590182 1.175428 5.665642
v 2.586747 1.153791 5.691728
v 2.584302 1.132829 5.713123
v 2.582397 1.112902 5.730160
v 2.580712 1.094127 5.743140
v 2.579319 1.076568 5.752238
v 2.578380 1.060252 5.757595
v 2.640441 1.181239 5.672215
v 2.636122 1.158219 5.698205
v 2.632775 1.135992 5.719606
v 2.630144 1.115007 5.736674
v 2.628027 1.095413 5.749651
v 2.626438 1.077246 5.758717
v 2.625442 1.060489 5.764037
v 2.691298 1.185654 5.679967
v 2.686553 1.161464 5.705837
v 2.682725 1.138185 5.727170
v 2.679687 1.116329 5.744186
v 2.677331 1.096063 5.757101
v 2.675642 1.077398 5.766100
v 2.674624 1.060281 5.771367
v 2.742767 1.188726 5.688672
v 2.737852 1.163646 5.714422
v 2.733821 1.139587 5.735658
v 2.730609 1.117094 5.752585
v 2.728160 1.096340 5.765410
v 2.726441 1.077314 5.774329
v 2.725428 1.059938 5.779537
v 2.794858 1.190538 5.698146
v 2.789894 1.164909 5.723800
v 2.785803 1.140379 5.744944
v 2.782542 1.117508 5.761785
v 2.780070 1.096466 5.774527
v 2.778350 1.077230 5.783376
v 2.777345 1.059705 5.788535
v 3.312982 1.234174 5.440436
v 3.303448 1.233765 5.492540
v 3.294658 1.232602 5.543958
v 3.286877 1.229145 5.594322
v 3.280413 1.221721 5.643277
v 3.275754 1.209056 5.690494
v 3.273642 1.190562 5.735438
v 3.339045 1.216335 5.445478
v 3.329581 1.216011 5.497529
v 3.320869 1.215010 5.548779
v 3.313143 1.211903 5.598800
v 3.306675 1.205192 5.647113
v 3.301898 1.193905 5.693034
v 3.299376 1.177880 5.735683
v 3.360619 1.197239 5.449647
v 3.351218 1.196997 5.501631
v 3.342560 1.196172 5.552677
v 3.334837 1.193447 5.602282
v 3.328269 1.187485 5.649885
v 3.323198 1.177514 5.694703
v 3.320008 1.163514 5.735877
v 3.377879 1.177431 5.452981
v 3.368537 1.177250 5.504908
v 3.359926 1.176577 5.555778
v 3.352194 1.174203 5.605021
v 3.345512 1.168926 5.652041
v 3.340140 1.160082 5.696126
v 3.336362 1.147667 5.736542
v 3.391000 1.157310 5.455517
v 3.381716 1.157162 5.507414
v 3.373156 1.156600 5.558186
v 3.365435 1.154509 5.607222
v 3.358685 1.149795 5.653908
v 3.353128 1.141858 5.697622
v 3.349012 1.130683 5.737741
v 3.400157 1.137187 5.457288
v 3.390922 1.137044 5.509178
v 3.382413 1.136551 5.559916
v 3.374716 1.134678 5.608871
v 3.367942 1.130414 5.655430
v 3.362308 1.123207 5.699032
v 3.358083 1.113020 5.739151
v 3.405524 1.117322 5.458327
v 3.396323 1.117166 5.510221
v 3.387852 1.116713 5.560959
v 3.380180 1.115007 5.609908
v 3.373407 1.111112 5.656455
v 3.367757 1.104511 5.700081
v 3.363572 1.095150 5.740338
v 2.966435 1.268583 5.373164
v 2.956422 1.270550 5.424919
v 2.946647 1.273240 5.475445
v 2.937232 1.273882 5.524127
v 2.928293 1.269650 5.570353
v 2.919949 1.258817 5.613504
v 2.912315 1.240931 5.652966
v 3.018208 1.270629 5.383218
v 3.008197 1.272283 5.434983
v 2.998436 1.274464 5.485539
v 2.989048 1.274532 5.534284
v 2.980151 1.269783 5.580608
v 2.971850 1.258560 5.623881
v 2.964242 1.240433 5.663470
v 3.068768 1.273429 5.393035
v 3.058776 1.274587 5.444828
v 3.049062 1.275977 5.495461
v 3.039760 1.275152 5.544354
v 3.030990 1.269596 5.590910
v 3.022821 1.257748 5.634460
v 3.015303 1.239213 5.674318
v 3.117514 1.275566 5.402501
v 3.107562 1.276160 5.454346
v 3.097944 1.276654 5.505120
v 3.088817 1.274823 5.554285
v 3.080305 1.268344 5.601261
v 3.072404 1.255757 5.645302
v 3.065077 1.236716 5.685620
v 3.163840 1.275272 5.411499
v 3.153955 1.275366 5.463423
v 3.144493 1.275060 5.514406
v 3.135643 1.272329 5.563974
v 3.127543 1.265022 5.611579
v 3.120100 1.251747 5.656385
v 3.113146 1.232199 5.697461
v 3.207143 1.271243 5.419908
v 3.197344 1.270980 5.471920
v 3.188071 1.270092 5.523133
v 3.179556 1.266714 5.573140
v 3.171970 1.258823 5.621467
v 3.165246 1.245036 5.667368
v 3.159110 1.224977 5.709850
v 3.246816 1.262762 5.427610
v 3.237110 1.262319 5.479695
v 3.228033 1.261120 5.531095
v 3.219846 1.257419 5.581456
v 3.212793 1.249293 5.630421
v 3.207034 1.235269 5.677622
v 3.202420 1.214643 5.722401
v 2.899617 1.191420 5.718484
v 2.894634 1.165423 5.744133
v 2.890521 1.140586 5.765270
v 2.887243 1.117464 5.782104
v 2.884763 1.096223 5.794841
v 2.883040 1.076830 5.803687
v 2.882036 1.059186 5.808844
v 2.951485 1.190808 5.729193
v 2.946420 1.164836 5.754910
v 2.942216 1.140035 5.776106
v 2.938858 1.116941 5.792999
v 2.936326 1.095710 5.805802
v 2.934576 1.076314 5.814709
v 2.933561 1.058661 5.819913
v 3.002436 1.189421 5.740372
v 2.997177 1.163551 5.766136
v 2.992756 1.138885 5.787345
v 2.989210 1.115916 5.804254
v 2.986560 1.094773 5.817101
v 2.984755 1.075433 5.826071
v 2.983724 1.057815 5.831329
v 3.052034 1.186794 5.752121
v 3.046425 1.161159 5.777853
v 3.041604 1.136792 5.798956
v 3.037717 1.114102 5.815768
v 3.034862 1.093170 5.828589
v 3.032967 1.073977 5.837586
v 3.031916 1.056463 5.842888
v 3.099836 1.182350 5.764583
v 3.093617 1.157201 5.790119
v 3.088163 1.133397 5.810916
v 3.083765 1.111220 5.827454
v 3.080617 1.090680 5.840135
v 3.078605 1.071766 5.849100
v 3.077537 1.054448 5.854424
v 3.145356 1.175471 5.778075
v 3.137962 1.151253 5.803066
v 3.131579 1.128416 5.823230
v 3.126602 1.107067 5.839267
v 3.123168 1.087145 5.851686
v 3.121074 1.068667 5.860576
v 3.120029 1.051656 5.865921
v 3.187820 1.165582 5.793076
v 3.178432 1.143022 5.816871
v 3.170916 1.121704 5.835913
v 3.165443 1.101560 5.851172
v 3.161852 1.082509 5.863212
v 3.159789 1.064631 5.872037
v 3.158853 1.048031 5.877495
v 2.490143 1.123484 4.755359
v 2.463440 1.092895 4.806575
v 2.469813 1.108583 4.809143
v 2.478598 1.123744 4.811309
v 2.490180 1.138069 4.812539
v 2.464466 1.090851 4.778187
v 2.472000 1.105801 4.782280
v 2.480731 1.119926 4.785654
v 2.491117 1.132874 4.787424
v 2.465915 1.089210 4.753795
v 2.473955 1.103478 4.759730
v 2.482159 1.116479 4.764983
v 2.490801 1.127595 4.767831
v 2.544320 1.173571 4.807552
v 2.533743 1.163557 4.780958
v 2.523138 1.151926 4.758162
v 2.512734 1.138506 4.738034
v 2.522924 1.163335 4.810803
v 2.517848 1.154771 4.784601
v 2.511290 1.144798 4.762662
v 2.503649 1.133171 4.744066
v 2.504842 1.151290 4.812367
v 2.503492 1.144416 4.786898
v 2.500407 1.136683 4.766405
v 2.495638 1.127649 4.750290
v 2.482052 1.089575 4.687047
v 2.476448 1.088723 4.700058
v 2.471872 1.088168 4.715319
v 2.468293 1.088264 4.733006
v 2.492258 1.106908 4.702993
v 2.485986 1.104725 4.713522
v 2.480701 1.102926 4.726048
v 2.476613 1.102356 4.741151
v 2.502465 1.123373 4.719827
v 2.495134 1.119702 4.727951
v 2.488843 1.116320 4.737415
v 2.484323 1.114805 4.749137
v 3.072302 1.116796 4.826927
v 3.071226 1.136724 4.832433
v 3.069399 1.156921 4.841798
v 3.066796 1.177122 4.855177
v 3.063388 1.197016 4.872724
v 3.059144 1.216197 4.894593
v 3.054034 1.234119 4.920940
v 3.124186 1.116639 4.836314
v 3.123110 1.136511 4.841850
v 3.121296 1.156636 4.851257
v 3.118729 1.176747 4.864683
v 3.115386 1.196531 4.882277
v 3.111218 1.215594 4.904197
v 3.106169 1.233408 4.930601
v 3.174894 1.116296 4.845035
v 3.173821 1.136065 4.850598
v 3.172048 1.156063 4.860040
v 3.169586 1.176011 4.873498
v 3.166428 1.195599 4.891117
v 3.162472 1.214454 4.913067
v 3.157599 1.232086 4.939527
v 3.223797 1.115610 4.852999
v 3.222735 1.135212 4.858573
v 3.221047 1.154999 4.868018
v 3.218802 1.174679 4.881460
v 3.216013 1.193947 4.899041
v 3.212484 1.212464 4.920964
v 3.207965 1.229794 4.947448
v 3.270288 1.114394 4.860087
v 3.269241 1.133738 4.865644
v 3.267688 1.153196 4.875041
v 3.265783 1.172461 4.888384
v 3.263588 1.191230 4.905817
v 3.260779 1.209205 4.927606
v 3.256915 1.226027 4.954052
v 3.313854 1.112533 4.866053
v 3.312788 1.131503 4.871577
v 3.311352 1.150486 4.880869
v 3.309826 1.169154 4.893996
v 3.308372 1.187190 4.911092
v 3.306678 1.204328 4.932551
v 3.304124 1.220289 4.958848
v 3.354053 1.109993 4.870535
v 3.352851 1.128459 4.876082
v 3.351422 1.146807 4.885240
v 3.350198 1.164672 4.897997
v 3.349511 1.181710 4.914471
v 3.349304 1.197636 4.935229
v 3.349061 1.212198 4.961086
v 3.041111 1.262835 4.987567
v 3.033384 1.271344 5.027402
v 3.024965 1.275366 5.070826
v 3.015970 1.275622 5.117238
v 3.006518 1.273424 5.166039
v 2.996725 1.270536 5.216630
v 2.986703 1.268574 5.268414
v 3.093237 1.262098 4.997372
v 3.085440 1.270816 5.037287
v 3.076933 1.275240 5.080784
v 3.067858 1.276054 5.127254
v 3.058352 1.274483 5.176087
v 3.048525 1.272158 5.226691
v 3.038487 1.270564 5.278474
v 3.144666 1.260739 5.006544
v 3.136689 1.269788 5.046638
v 3.127958 1.274824 5.090312
v 3.118678 1.276477 5.136927
v 3.109032 1.275847 5.185849
v 3.099128 1.274363 5.236496
v 3.089056 1.273315 5.288292
v 3.195052 1.258284 5.014822
v 3.186733 1.267682 5.055226
v 3.177574 1.273393 5.099221
v 3.167900 1.275977 5.146103
v 3.157989 1.276394 5.195195
v 3.147941 1.275850 5.245925
v 3.137808 1.275409 5.297750
v 3.244045 1.254038 5.021963
v 3.235106 1.263675 5.062881
v 3.225243 1.269947 5.107377
v 3.214955 1.273342 5.154662
v 3.204637 1.274688 5.204006
v 3.194366 1.274982 5.254863
v 3.184140 1.275078 5.306731
v 3.291281 1.247334 5.027805
v 3.281069 1.257042 5.069670
v 3.270137 1.263651 5.114873
v 3.259107 1.267608 5.162609
v 3.248318 1.269629 5.212219
v 3.237786 1.270536 5.263208
v 3.227447 1.271019 5.315121
v 3.336113 1.237678 5.032498
v 3.323642 1.247334 5.075868
v 3.311337 1.254016 5.121879
v 3.299579 1.258214 5.169982
v 3.288357 1.260589 5.219783
v 3.277576 1.261831 5.270865
v 3.267123 1.262516 5.322808
v 2.687337 1.101067 4.740788
v 2.686039 1.118285 4.746256
v 2.683446 1.135313 4.755103
v 2.679119 1.151788 4.767159
v 2.672652 1.167343 4.782412
v 2.663805 1.181647 4.801406
v 2.652682 1.194355 4.825091
v 2.727335 1.104346 4.751882
v 2.726047 1.122205 4.757312
v 2.723594 1.139990 4.766333
v 2.719670 1.157364 4.778907
v 2.714049 1.173981 4.795105
v 2.706851 1.189531 4.815415
v 2.698477 1.203666 4.840525
v 2.770753 1.107512 4.762833
v 2.769530 1.125965 4.768311
v 2.767289 1.144446 4.777510
v 2.763839 1.162639 4.790479
v 2.759064 1.180214 4.807334
v 2.753164 1.196847 4.828456
v 2.746452 1.212130 4.854301
v 2.816998 1.110435 4.773791
v 2.815842 1.129421 4.779310
v 2.813794 1.148519 4.788632
v 2.810746 1.167432 4.801857
v 2.806634 1.185835 4.819118
v 2.801571 1.203369 4.840690
v 2.795716 1.219566 4.866876
v 2.865539 1.112954 4.784795
v 2.864422 1.132381 4.790322
v 2.862492 1.151985 4.799693
v 2.859689 1.171483 4.813037
v 2.855974 1.190553 4.830502
v 2.851381 1.208809 4.852287
v 2.845963 1.225734 4.878612
v 2.915878 1.114876 4.795749
v 2.914780 1.134615 4.801261
v 2.912908 1.154576 4.810630
v 2.910226 1.174488 4.824002
v 2.906704 1.194032 4.841529
v 2.902334 1.212806 4.863382
v 2.897115 1.230266 4.889734
v 2.967522 1.116079 4.806522
v 2.966437 1.135974 4.812016
v 2.964594 1.156123 4.821365
v 2.961965 1.176260 4.834723
v 2.958524 1.196070 4.852247
v 2.954246 1.215145 4.874095
v 2.949106 1.232929 4.900427
v 2.559673 1.123909 4.715981
v 2.583665 1.174446 4.785930
v 2.596607 1.164792 4.770085
v 2.606324 1.153063 4.755876
v 2.613154 1.139959 4.743502
v 2.562683 1.163986 4.765012
v 2.573745 1.155526 4.753632
v 2.582715 1.145380 4.742702
v 2.589050 1.133931 4.732363
v 2.546101 1.152147 4.745416
v 2.556139 1.145205 4.737653
v 2.564932 1.137232 4.730225
v 2.570904 1.128218 4.722629
v 2.620186 1.094474 4.715970
v 2.593298 1.091691 4.703619
v 2.570118 1.089641 4.693288
v 2.549967 1.088477 4.685392
v 2.619439 1.110322 4.723521
v 2.593402 1.106752 4.712740
v 2.571630 1.103996 4.703626
v 2.553304 1.102638 4.696968
v 2.617323 1.125603 4.732703
v 2.592331 1.120963 4.722349
v 2.572462 1.117074 4.713614
v 2.556810 1.115164 4.707800
v 2.501763 1.089587 4.675430
v 2.510966 1.106939 4.692167
v 2.521022 1.123436 4.709265
v 2.532511 1.138623 4.726936
v 2.516184 1.088763 4.676717
v 2.523583 1.104803 4.691785
v 2.532086 1.119837 4.706891
v 2.542604 1.133401 4.722136
v 2.532184 1.088266 4.680021
v 2.537545 1.103079 4.693228
v 2.543850 1.116547 4.706035
v 2.552304 1.127987 4.718280
v 2.456971 1.096028 4.875159
v 2.450889 1.095918 4.915073
v 2.444167 1.094522 4.958534
v 2.437083 1.092132 5.005073
v 2.429657 1.089267 5.054125
v 2.421655 1.086643 5.105010
v 2.412818 1.084937 5.157024
v 2.461326 1.112791 4.876070
v 2.455080 1.112974 4.915829
v 2.448284 1.111686 4.959255
v 2.441146 1.109252 5.005802
v 2.433672 1.106249 5.054863
v 2.425627 1.103455 5.105752
v 2.416757 1.101607 5.157768
v 2.469903 1.129422 4.877301
v 2.463704 1.130020 4.917059
v 2.456937 1.128928 4.960598
v 2.449790 1.126514 5.007276
v 2.442270 1.123417 5.056423
v 2.434162 1.120484 5.107352
v 2.425237 1.118514 5.159382
v 2.482878 1.145644 4.878465
v 2.477036 1.146813 4.918535
v 2.470461 1.146031 4.962459
v 2.463378 1.143716 5.009482
v 2.455835 1.140582 5.058847
v 2.447657 1.137554 5.109882
v 2.438662 1.135493 5.161949
v 2.500536 1.161204 4.879274
v 2.495399 1.163132 4.920139
v 2.489206 1.162789 4.964827
v 2.482278 1.160662 5.012458
v 2.474745 1.157558 5.062197
v 2.466499 1.154486 5.113416
v 2.457424 1.152372 5.165545
v 2.523619 1.175902 4.879832
v 2.519363 1.178790 4.922228
v 2.513622 1.179013 4.968070
v 2.506876 1.177157 5.016443
v 2.499350 1.174150 5.066615
v 2.491021 1.171090 5.118043
v 2.481854 1.168964 5.170243
v 2.553040 1.189578 4.880682
v 2.549483 1.193627 4.925450
v 2.544079 1.194511 4.972653
v 2.537443 1.193000 5.021707
v 2.529871 1.190151 5.072237
v 2.521422 1.187153 5.123834
v 2.512147 1.185054 5.176088
v 2.569422 1.214280 5.296070
v 2.559020 1.215854 5.348057
v 2.548239 1.218116 5.399147
v 2.537058 1.219109 5.448933
v 2.525500 1.216661 5.497021
v 2.513672 1.209076 5.543036
v 2.502099 1.195409 5.586455
v 2.614180 1.227153 5.304751
v 2.603910 1.228712 5.356707
v 2.593425 1.230937 5.407703
v 2.582711 1.231751 5.457290
v 2.571854 1.228890 5.504980
v 2.561275 1.220737 5.550126
v 2.551666 1.206642 5.591928
v 2.661169 1.238393 5.313868
v 2.651013 1.240005 5.365771
v 2.640806 1.242292 5.416627
v 2.630571 1.243032 5.465932
v 2.620415 1.239855 5.513137
v 2.610771 1.231163 5.557511
v 2.602164 1.216414 5.598260
v 2.709640 1.247872 5.323277
v 2.699567 1.249599 5.375125
v 2.689581 1.252038 5.425842
v 2.679741 1.252804 5.474874
v 2.670157 1.249397 5.521641
v 2.661119 1.240189 5.565457
v 2.652958 1.224660 5.605609
v 2.759219 1.255464 5.332907
v 2.749195 1.257343 5.384714
v 2.739343 1.259988 5.435331
v 2.729754 1.260847 5.484174
v 2.720539 1.257276 5.530643
v 2.711886 1.247597 5.574096
v 2.704001 1.231304 5.613880
v 2.809886 1.261036 5.342751
v 2.799883 1.263059 5.394531
v 2.790097 1.265902 5.445091
v 2.780637 1.266865 5.493824
v 2.771620 1.263174 5.540125
v 2.763184 1.253104 5.583371
v 2.755473 1.236163 5.622937
v 2.861666 1.264632 5.352812
v 2.851665 1.266743 5.404577
v 2.841898 1.269700 5.455108
v 2.832484 1.270709 5.503792
v 2.823539 1.266911 5.550016
v 2.815185 1.256552 5.593165
v 2.807544 1.239152 5.632624
v 2.392640 1.084869 5.261835
v 2.381539 1.086507 5.313380
v 2.370078 1.088983 5.363550
v 2.358755 1.091138 5.411795
v 2.348032 1.091781 5.457575
v 2.338091 1.090137 5.500366
v 2.328838 1.085898 5.539638
v 2.396603 1.101462 5.262594
v 2.385556 1.103165 5.314154
v 2.374158 1.105730 5.364344
v 2.362897 1.107911 5.412613
v 2.352239 1.108427 5.458417
v 2.342393 1.106441 5.501199
v 2.333359 1.101638 5.540382
v 2.405108 1.118298 5.264231
v 2.394137 1.120051 5.315825
v 2.382812 1.122680 5.366075
v 2.371588 1.124845 5.414436
v 2.360913 1.125165 5.460360
v 2.351015 1.122737 5.503227
v 2.341950 1.117231 5.542382
v 2.418559 1.135214 5.266828
v 2.407670 1.136995 5.318482
v 2.396400 1.139650 5.368852
v 2.385146 1.141744 5.417418
v 2.374306 1.141778 5.463629
v 2.364106 1.138761 5.506773
v 2.354607 1.132341 5.546072
v 2.437341 1.152041 5.270462
v 2.426530 1.153822 5.322204
v 2.415284 1.156461 5.372766
v 2.403908 1.158418 5.421668
v 2.392724 1.158059 5.468373
v 2.381905 1.154270 5.512069
v 2.371470 1.146649 5.551830
v 2.461785 1.168592 5.275198
v 2.451054 1.170345 5.327038
v 2.439828 1.172926 5.377820
v 2.428306 1.174686 5.427111
v 2.416699 1.173844 5.474424
v 2.405051 1.169101 5.519004
v 2.393238 1.159912 5.559842
v 2.492082 1.184657 5.281072
v 2.481441 1.186358 5.332999
v 2.470274 1.188844 5.383975
v 2.458676 1.190361 5.433606
v 2.446728 1.188973 5.481493
v 2.434278 1.183146 5.527189
v 2.420940 1.171989 5.569946
v 2.315045 1.087718 5.663019
v 2.385173 1.140608 5.634719
v 2.366655 1.133659 5.623643
v 2.350409 1.124141 5.615458
v 2.336697 1.112835 5.609912
v 2.365201 1.125292 5.655602
v 2.352015 1.119986 5.646123
v 2.339545 1.112355 5.638606
v 2.328102 1.102788 5.633574
v 2.346873 1.110270 5.672742
v 2.337651 1.106490 5.664044
v 2.328910 1.101112 5.656504
v 2.320393 1.093926 5.651664
v 2.309071 1.071951 5.605713
v 2.299296 1.064800 5.632484
v 2.291423 1.058678 5.655701
v 2.285790 1.053887 5.675910
v 2.316132 1.086310 5.605637
v 2.308033 1.078499 5.631402
v 2.301337 1.071897 5.653084
v 2.296806 1.067161 5.671332
v 2.325292 1.100079 5.606822
v 2.317606 1.091342 5.631435
v 2.311127 1.083961 5.651171
v 2.307166 1.079157 5.666694
v 2.282713 1.046588 5.722697
v 2.298038 1.062958 5.711870
v 2.313681 1.079195 5.700231
v 2.329864 1.095018 5.687355
v 2.281477 1.048174 5.709190
v 2.295513 1.063461 5.700216
v 2.309526 1.078407 5.690216
v 2.323548 1.092776 5.678435
v 2.282526 1.050485 5.693626
v 2.294985 1.064571 5.686841
v 2.307018 1.077870 5.679225
v 2.318321 1.089983 5.669731
v 3.280013 1.066521 5.902869
v 3.251990 1.135615 5.831991
v 3.241359 1.120142 5.847988
v 3.233497 1.103726 5.862401
v 3.228136 1.087162 5.875013
v 3.272617 1.118404 5.853130
v 3.263451 1.106630 5.864544
v 3.256172 1.093393 5.875650
v 3.251276 1.079305 5.886262
v 3.289470 1.101121 5.872773
v 3.281013 1.092443 5.880643
v 3.273670 1.082692 5.888268
v 3.268938 1.071926 5.896121
v 3.223787 1.038283 5.903075
v 3.249986 1.033500 5.915733
v 3.272667 1.029834 5.926304
v 3.292398 1.027520 5.934351
v 3.223853 1.054256 5.895374
v 3.249045 1.049076 5.906387
v 3.270214 1.044940 5.915679
v 3.288025 1.042612 5.922434
v 3.225098 1.070603 5.886019
v 3.249156 1.064441 5.896537
v 3.268419 1.059220 5.905407
v 3.283565 1.056466 5.911283
v 3.338138 1.027767 5.942785
v 3.327634 1.046410 5.926001
v 3.316323 1.065100 5.908868
v 3.303772 1.083434 5.891204
v 3.324919 1.026815 5.942540
v 3.316240 1.044118 5.927174
v 3.306540 1.061128 5.911789
v 3.295073 1.077353 5.896317
v 3.309703 1.026619 5.939710
v 3.303169 1.042557 5.926124
v 3.295802 1.057669 5.912962
v 3.286573 1.071149 5.900421
v 3.340714 1.082593 5.861983
v 3.362391 1.071535 5.810003
v 3.355180 1.087709 5.807178
v 3.345982 1.103143 5.804822
v 3.334571 1.117266 5.803509
v 3.364129 1.060393 5.838993
v 3.355781 1.075868 5.834620
v 3.346568 1.090308 5.831034
v 3.336203 1.102979 5.829149
v 3.365301 1.050990 5.863951
v 3.356345 1.066013 5.857701
v 3.347474 1.079721 5.852193
v 3.338646 1.090851 5.849198
v 3.285519 1.146131 5.809458
v 3.297345 1.126012 5.836497
v 3.309215 1.106938 5.859477
v 3.320932 1.088174 5.879636
v 3.304406 1.139422 5.805620
v 3.311407 1.121025 5.832289
v 3.319707 1.103609 5.854590
v 3.328946 1.086580 5.873487
v 3.320793 1.129497 5.803746
v 3.324481 1.113227 5.829709
v 3.329561 1.098390 5.850641
v 3.335961 1.084390 5.867146
v 3.355900 1.031340 5.930794
v 3.360626 1.034174 5.918444
v 3.363722 1.038104 5.903279
v 3.365283 1.043573 5.885238
v 3.344261 1.050207 5.914778
v 3.349619 1.051802 5.904651
v 3.353562 1.054315 5.892141
v 3.355859 1.058768 5.876727
v 3.332606 1.069232 5.897882
v 3.338987 1.069324 5.889905
v 3.344118 1.069851 5.880390
v 3.347184 1.072620 5.868423
v 3.516519 1.135144 4.955001
v 3.445678 1.190031 4.983022
v 3.461760 1.179809 4.993683
v 3.476263 1.167138 5.001566
v 3.488961 1.152823 5.006941
v 3.466749 1.177671 4.962393
v 3.478220 1.169340 4.971576
v 3.489388 1.158679 4.978868
v 3.500058 1.146234 4.983770
v 3.486348 1.164411 4.945538
v 3.494256 1.157874 4.954003
v 3.501925 1.149669 4.961353
v 3.509820 1.139915 4.966087
v 3.517217 1.103419 5.011307
v 3.529669 1.100282 4.985064
v 3.540089 1.097905 4.962348
v 3.548031 1.096500 4.942594
v 3.509464 1.120594 5.011239
v 3.520281 1.116653 4.986006
v 3.529433 1.113532 4.964807
v 3.536095 1.111930 4.946975
v 3.500044 1.137184 5.009988
v 3.510386 1.132108 4.985894
v 3.519136 1.127774 4.966606
v 3.524935 1.125593 4.951443
v 3.556354 1.097178 4.896831
v 3.539555 1.115752 4.907348
v 3.522415 1.133439 4.918670
v 3.504757 1.149761 4.931230
v 3.556123 1.096517 4.910052
v 3.540742 1.113886 4.918744
v 3.525355 1.130197 4.928455
v 3.509895 1.144956 4.939933
v 3.553327 1.096144 4.925275
v 3.539726 1.112278 4.931819
v 3.526561 1.126973 4.939198
v 3.514036 1.139495 4.948437
v 3.475534 1.135137 4.894197
v 3.423635 1.103369 4.872168
v 3.420796 1.120548 4.879416
v 3.418426 1.137144 4.888662
v 3.417098 1.152790 4.900129
v 3.452601 1.100255 4.870576
v 3.448215 1.116628 4.878954
v 3.444615 1.132086 4.888200
v 3.442718 1.146216 4.898604
v 3.477543 1.097892 4.869512
v 3.471279 1.113520 4.878489
v 3.465759 1.127763 4.887380
v 3.462754 1.139905 4.896230
v 3.423040 1.190022 4.949383
v 3.450053 1.177667 4.937599
v 3.473017 1.164409 4.925755
v 3.493170 1.149760 4.914050
v 3.419192 1.179791 4.930426
v 3.445841 1.169331 4.923491
v 3.468131 1.157869 4.915233
v 3.487024 1.144953 4.906016
v 3.417323 1.167112 4.913970
v 3.443267 1.158665 4.910370
v 3.464189 1.149662 4.905346
v 3.480690 1.139491 4.898975
v 3.544361 1.097178 4.879066
v 3.532013 1.096516 4.874331
v 3.516853 1.096142 4.871212
v 3.498820 1.096494 4.869604
v 3.528328 1.115752 4.890717
v 3.518204 1.113885 4.885348
v 3.505701 1.112275 4.881381
v 3.490294 1.111924 4.879043
v 3.511421 1.133439 4.902378
v 3.503447 1.130196 4.895983
v 3.493939 1.126970 4.890828
v 3.481979 1.125587 4.887724
v 2.367284 1.000529 5.725818
v 2.421193 1.026118 5.747421
v 2.391517 1.024052 5.749259
v 2.366051 1.022389 5.750506
v 2.344356 1.020960 5.750529
v 2.424014 1.015776 5.740234
v 2.395816 1.014608 5.740905
v 2.372172 1.013639 5.741516
v 2.352697 1.012496 5.741046
v 2.426276 1.006391 5.731055
v 2.399282 1.005993 5.731681
v 2.377557 1.005880 5.732611
v 2.360897 1.005299 5.732323
v 2.297530 1.017493 5.741011
v 2.313260 1.007422 5.729273
v 2.330008 0.998502 5.717544
v 2.348256 0.991239 5.705821
v 2.310366 1.018344 5.745822
v 2.323905 1.008954 5.734726
v 2.338527 1.000704 5.724023
v 2.354981 0.994078 5.713936
v 2.325935 1.019587 5.748963
v 2.336861 1.010839 5.738728
v 2.348511 1.003316 5.729223
v 2.361799 0.997584 5.721025
v 2.419668 0.982683 5.670446
v 2.424332 0.986094 5.689426
v 2.426773 0.991374 5.705859
v 2.427378 0.998198 5.719651
v 2.391942 0.983244 5.682219
v 2.396878 0.986878 5.696383
v 2.400005 0.992038 5.709528
v 2.400943 0.998425 5.721293
v 2.368583 0.986101 5.694080
v 2.374104 0.989482 5.704676
v 2.378561 0.993995 5.714606
v 2.380361 0.999363 5.723744
v 3.407005 1.003282 5.047231
v 3.430962 1.009314 5.056668
v 3.450174 1.018155 5.064221
v 3.465597 1.029453 5.069724
v 3.477786 1.042822 5.073340
v 3.486732 1.057930 5.075422
v 3.492271 1.074425 5.076370
v 3.392169 1.005122 5.089735
v 3.417367 1.010765 5.097180
v 3.437750 1.019353 5.103606
v 3.454001 1.030589 5.108623
v 3.466614 1.044071 5.112090
v 3.475661 1.059421 5.114211
v 3.481111 1.076243 5.115273
v 3.378849 1.006082 5.135295
v 3.404641 1.011688 5.141568
v 3.425710 1.020226 5.147075
v 3.442514 1.031476 5.151521
v 3.455436 1.045063 5.154711
v 3.464596 1.060585 5.156757
v 3.470051 1.077626 5.157846
v 3.366555 1.006039 5.183134
v 3.392592 1.011867 5.188804
v 3.414019 1.020551 5.193685
v 3.431148 1.031929 5.197629
v 3.444255 1.045658 5.200535
v 3.453485 1.061332 5.202470
v 3.458943 1.078535 5.203549
v 3.354959 1.005246 5.232766
v 3.381074 1.011439 5.238091
v 3.402653 1.020393 5.242582
v 3.419924 1.031982 5.246193
v 3.433099 1.045884 5.248901
v 3.442335 1.061705 5.250753
v 3.447772 1.079032 5.251816
v 3.343906 1.004237 5.283746
v 3.370012 1.010799 5.288885
v 3.391616 1.020038 5.293164
v 3.408908 1.031843 5.296594
v 3.422071 1.045909 5.299191
v 3.431272 1.061851 5.300992
v 3.436673 1.079269 5.302042
v 3.333289 1.003549 5.335639
v 3.359349 1.010359 5.340701
v 3.380919 1.019793 5.344893
v 3.398176 1.031746 5.348248
v 3.411296 1.045919 5.350796
v 3.420453 1.061937 5.352572
v 3.425820 1.079407 5.353613
v 2.641431 0.992944 4.896836
v 2.686729 0.994150 4.909702
v 2.733999 0.995037 4.922297
v 2.782808 0.995290 4.934253
v 2.832926 0.994993 4.945610
v 2.884132 0.994553 4.956496
v 2.936169 0.994435 4.967052
v 2.636812 0.992531 4.941809
v 2.680579 0.993082 4.952422
v 2.727025 0.993455 4.963650
v 2.775448 0.993290 4.974886
v 2.825359 0.992633 4.985815
v 2.876461 0.991903 4.996456
v 2.928461 0.991600 5.006901
v 2.631198 0.991156 4.989222
v 2.673944 0.991189 4.998550
v 2.719622 0.991100 5.008700
v 2.767553 0.990554 5.019187
v 2.817170 0.989596 5.029641
v 2.868123 0.988636 5.040017
v 2.920068 0.988181 5.050345
v 2.624362 0.988795 5.038395
v 2.666502 0.988388 5.047086
v 2.711602 0.987904 5.056515
v 2.759074 0.987045 5.066374
v 2.808405 0.985865 5.076409
v 2.859212 0.984746 5.086555
v 2.911102 0.984179 5.096781
v 2.616414 0.985895 5.088948
v 2.658149 0.985093 5.097276
v 2.702851 0.984279 5.106257
v 2.749999 0.983185 5.115705
v 2.799126 0.981854 5.125463
v 2.849828 0.980633 5.135452
v 2.901676 0.979987 5.145607
v 2.607553 0.983271 5.140514
v 2.649031 0.982148 5.148643
v 2.693489 0.981078 5.157381
v 2.740443 0.979807 5.166607
v 2.789447 0.978369 5.176211
v 2.840086 0.977077 5.186111
v 2.891904 0.976370 5.196223
v 2.598012 0.981717 5.192734
v 2.639358 0.980388 5.200778
v 2.683697 0.979148 5.209416
v 2.730556 0.977754 5.218548
v 2.779499 0.976234 5.228086
v 2.830102 0.974881 5.237943
v 2.881902 0.974118 5.248029
v 2.496575 0.986033 5.658893
v 2.543035 0.987773 5.661148
v 2.591269 0.988649 5.665853
v 2.640772 0.988658 5.672280
v 2.691335 0.988048 5.679975
v 2.742767 0.987266 5.688672
v 2.794858 0.986748 5.698146
v 2.496820 0.988222 5.684571
v 2.540737 0.989492 5.687140
v 2.587554 0.990078 5.691885
v 2.636369 0.989930 5.698254
v 2.686581 0.989262 5.705843
v 2.737852 0.988480 5.714422
v 2.789894 0.987969 5.723800
v 2.496973 0.992805 5.705120
v 2.539258 0.993676 5.708272
v 2.584883 0.993971 5.713236
v 2.632955 0.993644 5.719641
v 2.682746 0.992895 5.727174
v 2.733821 0.992093 5.735658
v 2.785803 0.991579 5.744944
v 2.496529 0.999539 5.721374
v 2.537967 1.000181 5.725042
v 2.582803 1.000279 5.730239
v 2.630270 0.999825 5.736698
v 2.679701 0.999017 5.744189
v 2.730609 0.998204 5.752585
v 2.782542 0.997690 5.761785
v 2.495451 1.008138 5.733921
v 2.536547 1.008750 5.737869
v 2.580986 1.008792 5.743193
v 2.628112 1.008299 5.749667
v 2.677341 1.007486 5.757102
v 2.728160 1.006688 5.765410
v 2.780070 1.006188 5.774527
v 2.494081 1.018409 5.742897
v 2.535164 1.019163 5.746911
v 2.579488 1.019276 5.752271
v 2.626491 1.018835 5.758727
v 2.675647 1.018075 5.766101
v 2.726441 1.017327 5.774329
v 2.778350 1.016858 5.783375
v 2.492857 1.030167 5.748311
v 2.534096 1.031195 5.752262
v 2.578461 1.031488 5.757611
v 2.625467 1.031185 5.764042
v 2.674627 1.030540 5.771368
v 2.725428 1.029880 5.779537
v 2.777345 1.029464 5.788535
v 3.312982 1.003286 5.440436
v 3.339045 1.010108 5.445478
v 3.360619 1.019566 5.449647
v 3.377879 1.031551 5.452981
v 3.391000 1.045766 5.455517
v 3.400157 1.061831 5.457288
v 3.405524 1.079352 5.458327
v 3.303448 1.003716 5.492540
v 3.329581 1.010302 5.497529
v 3.351218 1.019588 5.501631
v 3.368537 1.031458 5.504908
v 3.381716 1.045606 5.507414
v 3.390922 1.061641 5.509178
v 3.396323 1.079161 5.510221
v 3.294658 1.004403 5.543958
v 3.320869 1.010627 5.548779
v 3.342560 1.019646 5.552677
v 3.359926 1.031327 5.555778
v 3.373156 1.045343 5.558186
v 3.382413 1.061295 5.559916
v 3.387852 1.078764 5.560959
v 3.286877 1.004363 5.594322
v 3.313143 1.010197 5.598800
v 3.334837 1.018931 5.602282
v 3.352194 1.030390 5.605021
v 3.365435 1.044219 5.607222
v 3.374716 1.060009 5.608871
v 3.380180 1.077334 5.609908
v 3.280413 1.002540 5.643277
v 3.306675 1.008088 5.647113
v 3.328269 1.016620 5.649885
v 3.345512 1.027886 5.652041
v 3.358685 1.041488 5.653908
v 3.367942 1.057017 5.655430
v 3.373407 1.074060 5.656455
v 3.275754 0.998242 5.690494
v 3.301898 1.003787 5.693034
v 3.323198 1.012310 5.694703
v 3.340140 1.023458 5.696126
v 3.353128 1.036790 5.697622
v 3.362308 1.051932 5.699032
v 3.367757 1.068509 5.700081
v 3.273642 0.991281 5.735438
v 3.299376 0.997362 5.735683
v 3.320008 1.006153 5.735877
v 3.336362 1.017241 5.736542
v 3.349012 1.030223 5.737742
v 3.358083 1.044798 5.739151
v 3.363572 1.060668 5.740338
v 2.966435 0.975444 5.373164
v 3.018208 0.977880 5.383217
v 3.068768 0.981586 5.393035
v 3.117513 0.985816 5.402501
v 3.163840 0.989810 5.411499
v 3.207143 0.993190 5.419908
v 3.246816 0.995975 5.427610
v 2.956422 0.977728 5.424919
v 3.008197 0.980085 5.434983
v 3.058776 0.983689 5.444828
v 3.107562 0.987767 5.454346
v 3.153955 0.991541 5.463423
v 3.197343 0.994626 5.471920
v 3.237110 0.997061 5.479695
v 2.946647 0.981321 5.475445
v 2.998436 0.983570 5.485539
v 3.049062 0.987019 5.495461
v 3.097944 0.990865 5.505120
v 3.144493 0.994292 5.514406
v 3.188071 0.996909 5.523133
v 3.228033 0.998782 5.531095
v 2.937232 0.985156 5.524127
v 2.989048 0.987237 5.534284
v 3.039760 0.990439 5.544354
v 3.088817 0.993928 5.554285
v 3.135643 0.996858 5.563974
v 3.179556 0.998835 5.573140
v 3.219846 0.999972 5.581456
v 2.928293 0.988118 5.570353
v 2.980151 0.989947 5.580608
v 3.030990 0.992764 5.590910
v 3.080305 0.995725 5.601261
v 3.127543 0.997967 5.611579
v 3.171970 0.999122 5.621467
v 3.212793 0.999376 5.630421
v 2.919949 0.989500 5.613505
v 2.971850 0.990986 5.623881
v 3.022821 0.993269 5.634460
v 3.072404 0.995520 5.645302
v 3.120100 0.996890 5.656385
v 3.165246 0.997030 5.667368
v 3.207034 0.996181 5.677622
v 2.912315 0.989065 5.652966
v 2.964242 0.990138 5.663470
v 3.015303 0.991770 5.674318
v 3.065077 0.993179 5.685620
v 3.113146 0.993557 5.697461
v 3.159110 0.992503 5.709850
v 3.202420 0.990189 5.722401
v 2.899617 0.986580 5.718484
v 2.951485 0.986880 5.729193
v 3.002436 0.987325 5.740372
v 3.052034 0.987336 5.752121
v 3.099836 0.986326 5.764583
v 3.145356 0.983952 5.778075
v 3.187820 0.980194 5.793076
v 2.894634 0.987607 5.744132
v 2.946420 0.987630 5.754910
v 2.997177 0.987674 5.766136
v 3.046425 0.987281 5.777853
v 3.093617 0.986011 5.790119
v 3.137961 0.983664 5.803066
v 3.178432 0.980369 5.816871
v 2.890521 0.991070 5.765269
v 2.942216 0.990889 5.776106
v 2.992756 0.990646 5.787345
v 3.041604 0.989990 5.798956
v 3.088163 0.988608 5.810916
v 3.131579 0.986393 5.823230
v 3.170916 0.983526 5.835913
v 2.887243 0.997081 5.782104
v 2.938858 0.996755 5.793000
v 2.989210 0.996310 5.804254
v 3.037717 0.995476 5.815768
v 3.083765 0.994031 5.827454
v 3.126602 0.991918 5.839267
v 3.165443 0.989298 5.851172
v 2.884763 1.005524 5.794841
v 2.936326 1.005099 5.805802
v 2.986560 1.004509 5.817101
v 3.034862 1.003536 5.828589
v 3.080617 1.002014 5.840136
v 3.123168 0.999899 5.851686
v 3.161852 0.997313 5.863212
v 2.883040 1.016179 5.803687
v 2.934576 1.015693 5.814709
v 2.984755 1.014999 5.826070
v 3.032967 1.013912 5.837586
v 3.078605 1.012292 5.849100
v 3.121073 1.010085 5.860576
v 3.159789 1.007359 5.872037
v 2.882036 1.028806 5.808844
v 2.933561 1.028288 5.819913
v 2.983724 1.027522 5.831329
v 3.031916 1.026338 5.842888
v 3.077537 1.024602 5.854424
v 3.120029 1.022240 5.865921
v 3.158853 1.019253 5.877495
v 2.495433 1.029754 4.756384
v 2.466025 1.062268 4.807076
v 2.466616 1.061552 4.778604
v 2.467705 1.060893 4.754142
v 2.469821 1.060065 4.733302
v 2.474805 1.048142 4.810111
v 2.476159 1.048230 4.783087
v 2.477439 1.048256 4.760406
v 2.479631 1.047638 4.741736
v 2.485669 1.034960 4.812680
v 2.486634 1.035909 4.786798
v 2.487122 1.036958 4.765945
v 2.488679 1.036958 4.749981
v 2.483197 1.055707 4.687269
v 2.494743 1.040426 4.703475
v 2.506415 1.026609 4.720593
v 2.518191 1.014875 4.739092
v 2.477691 1.057292 4.700299
v 2.488598 1.043213 4.714028
v 2.499177 1.030617 4.728734
v 2.509143 1.020107 4.745131
v 2.473230 1.058844 4.715582
v 2.483459 1.045861 4.726583
v 2.492967 1.034524 4.738214
v 2.501049 1.025576 4.751339
v 2.553722 0.996566 4.809375
v 2.532804 1.003611 4.812719
v 2.514458 1.012566 4.814232
v 2.498838 1.023029 4.814217
v 2.541988 0.999672 4.782557
v 2.526240 1.006731 4.786228
v 2.511557 1.015222 4.788461
v 2.498360 1.024868 4.788828
v 2.530052 1.005792 4.759502
v 2.518228 1.012158 4.764007
v 2.507087 1.019405 4.767700
v 2.496872 1.027387 4.769008
v 3.072302 1.078740 4.826927
v 3.124186 1.078692 4.836314
v 3.174894 1.078530 4.845035
v 3.223797 1.078116 4.852999
v 3.270288 1.077297 4.860087
v 3.313854 1.076002 4.866053
v 3.354053 1.074263 4.870535
v 3.071226 1.061200 4.832433
v 3.123110 1.061224 4.841850
v 3.173821 1.061171 4.850598
v 3.222735 1.060895 4.858573
v 3.269241 1.060246 4.865644
v 3.312788 1.059175 4.871577
v 3.352851 1.057766 4.876082
v 3.069399 1.045135 4.841798
v 3.121296 1.045254 4.851257
v 3.172048 1.045338 4.860040
v 3.221047 1.045218 4.868018
v 3.267688 1.044726 4.875041
v 3.311352 1.043830 4.880869
v 3.351422 1.042662 4.885240
v 3.066796 1.030940 4.855177
v 3.118729 1.031183 4.864683
v 3.169586 1.031443 4.873498
v 3.218802 1.031504 4.881460
v 3.265783 1.031155 4.888384
v 3.309826 1.030362 4.893996
v 3.350198 1.029304 4.897997
v 3.063388 1.018994 4.872723
v 3.115386 1.019400 4.882277
v 3.166428 1.019886 4.891117
v 3.216013 1.020159 4.899040
v 3.263588 1.019936 4.905817
v 3.308372 1.019151 4.911092
v 3.349511 1.018024 4.914471
v 3.059144 1.009594 4.894592
v 3.111218 1.010208 4.904197
v 3.162472 1.010983 4.913067
v 3.212484 1.011525 4.920964
v 3.260779 1.011442 4.927606
v 3.306678 1.010598 4.932551
v 3.349304 1.009211 4.935229
v 3.054034 1.002840 4.920940
v 3.106169 1.003712 4.930601
v 3.157599 1.004857 4.939527
v 3.207965 1.005760 4.947448
v 3.256915 1.005889 4.954052
v 3.304124 1.004998 4.958848
v 3.349060 1.003211 4.961086
v 3.041111 0.995654 4.987567
v 3.093237 0.997178 4.997372
v 3.144666 0.999325 5.006544
v 3.195052 1.001348 5.014822
v 3.244045 1.002470 5.021963
v 3.291281 1.002321 5.027805
v 3.336113 1.001071 5.032498
v 3.033384 0.992908 5.027402
v 3.085440 0.994760 5.037287
v 3.136689 0.997435 5.046638
v 3.186733 1.000122 5.055226
v 3.235106 1.001981 5.062881
v 3.281069 1.002658 5.069670
v 3.323642 1.002360 5.075868
v 3.024965 0.989551 5.070826
v 3.076933 0.991666 5.080784
v 3.127958 0.994770 5.090312
v 3.177574 0.998025 5.099221
v 3.225243 1.000570 5.107377
v 3.270137 1.002025 5.114873
v 3.311337 1.002558 5.121879
v 3.015970 0.985580 5.117238
v 3.067858 0.987878 5.127254
v 3.118678 0.991285 5.136927
v 3.167900 0.994969 5.146103
v 3.214955 0.998082 5.154662
v 3.259107 1.000225 5.162609
v 3.299579 1.001503 5.169982
v 3.006518 0.981389 5.166039
v 3.058352 0.983796 5.176087
v 3.109032 0.987389 5.185849
v 3.157989 0.991366 5.195195
v 3.204637 0.994910 5.204006
v 3.248318 0.997625 5.212219
v 3.288357 0.999573 5.219783
v 2.996725 0.977748 5.216630
v 3.048525 0.980210 5.226691
v 3.099128 0.983909 5.236496
v 3.147941 0.988074 5.245925
v 3.194366 0.991924 5.254863
v 3.237786 0.995072 5.263208
v 3.277576 0.997555 5.270865
v 2.986703 0.975454 5.268414
v 3.038487 0.977943 5.278474
v 3.089056 0.981698 5.288292
v 3.137808 0.985971 5.297750
v 3.184140 0.990003 5.306731
v 3.227447 0.993415 5.315121
v 3.267123 0.996224 5.322808
v 2.687630 1.067524 4.740844
v 2.727508 1.069725 4.751916
v 2.770833 1.071907 4.762848
v 2.817023 1.073941 4.773796
v 2.865541 1.075710 4.784795
v 2.915878 1.077103 4.795749
v 2.967522 1.078049 4.806522
v 2.686654 1.051882 4.746375
v 2.726409 1.053628 4.757383
v 2.769699 1.055408 4.768344
v 2.815894 1.057071 4.779320
v 2.864428 1.058515 4.790323
v 2.914780 1.059670 4.801261
v 2.966437 1.060502 4.812016
v 2.684443 1.037420 4.755296
v 2.724184 1.038806 4.766447
v 2.767564 1.040263 4.777564
v 2.813879 1.041611 4.788648
v 2.862501 1.042762 4.799694
v 2.912908 1.043693 4.810630
v 2.964594 1.044413 4.821365
v 2.680603 1.024455 4.767447
v 2.720551 1.025616 4.779078
v 2.764250 1.026854 4.790559
v 2.810873 1.027956 4.801881
v 2.859703 1.028849 4.813040
v 2.910226 1.029568 4.824002
v 2.961965 1.030176 4.834723
v 2.674781 1.013288 4.782825
v 2.715316 1.014402 4.795350
v 2.759655 1.015551 4.807449
v 2.806816 1.016487 4.819154
v 2.855995 1.017161 4.830505
v 2.906704 1.017677 4.841529
v 2.958524 1.018169 4.852247
v 2.666812 1.004257 4.801989
v 2.708632 1.005522 4.815760
v 2.753989 1.006696 4.828616
v 2.801825 1.007526 4.840739
v 2.851410 1.008006 4.852293
v 2.902334 1.008320 4.863382
v 2.954246 1.008688 4.874095
v 2.656868 0.997661 4.825903
v 2.700917 0.999235 4.840998
v 2.747569 1.000488 4.854518
v 2.796057 1.001226 4.866942
v 2.846002 1.001507 4.878619
v 2.897115 1.001607 4.889734
v 2.949106 1.001837 4.900427
v 2.562245 1.030039 4.716479
v 2.590053 0.996916 4.787169
v 2.568886 0.999859 4.766215
v 2.551597 1.005900 4.746482
v 2.536962 1.014939 4.727798
v 2.601377 1.004257 4.771010
v 2.578568 1.007096 4.754567
v 2.560556 1.012374 4.738509
v 2.546278 1.020243 4.722848
v 2.609820 1.013448 4.756553
v 2.586366 1.015741 4.743410
v 2.568403 1.019725 4.730898
v 2.555313 1.025792 4.718863
v 2.502671 1.055718 4.675606
v 2.516970 1.057327 4.676869
v 2.532871 1.058932 4.680154
v 2.550587 1.060259 4.685513
v 2.512981 1.040448 4.692557
v 2.525304 1.043272 4.692119
v 2.539026 1.045983 4.693515
v 2.554626 1.047867 4.697225
v 2.524260 1.026648 4.709892
v 2.534812 1.030707 4.707420
v 2.546149 1.034684 4.706481
v 2.558840 1.037220 4.708194
v 2.620688 1.063632 4.716067
v 2.620503 1.049438 4.723727
v 2.619040 1.036160 4.733037
v 2.615660 1.024094 4.743988
v 2.593848 1.062295 4.703726
v 2.594578 1.048970 4.712967
v 2.594210 1.036619 4.722714
v 2.591739 1.025506 4.732884
v 2.570699 1.061283 4.693401
v 2.572870 1.048672 4.703867
v 2.574405 1.037384 4.713991
v 2.573577 1.027787 4.723147
v 2.460490 1.063350 4.875841
v 2.468131 1.048096 4.877389
v 2.479528 1.034012 4.879168
v 2.494626 1.021427 4.880743
v 2.513503 1.010658 4.881789
v 2.536717 1.002062 4.882372
v 2.565074 0.995990 4.883016
v 2.454781 1.062838 4.915828
v 2.462609 1.047437 4.917289
v 2.474355 1.033262 4.919125
v 2.490039 1.020672 4.921056
v 2.509749 1.010018 4.922921
v 2.533857 1.001671 4.925039
v 2.562811 0.995942 4.928034
v 2.448312 1.061386 4.959338
v 2.456302 1.045997 4.960810
v 2.468285 1.031855 4.962799
v 2.484316 1.019331 4.965146
v 2.504493 1.008788 4.967791
v 2.529051 1.000579 4.971061
v 2.558247 0.994962 4.975400
v 2.441358 1.059189 5.005902
v 2.449421 1.043909 5.007406
v 2.461504 1.029867 5.009547
v 2.477685 1.017428 5.012257
v 2.498061 1.006956 5.015518
v 2.522793 0.998782 5.019529
v 2.552042 0.993127 5.024538
v 2.433967 1.056661 5.054961
v 2.442017 1.041538 5.056481
v 2.454088 1.027623 5.058714
v 2.470275 1.015269 5.061646
v 2.490676 1.004828 5.065286
v 2.515416 0.996619 5.069730
v 2.544602 0.990836 5.075094
v 2.425948 1.054404 5.105842
v 2.433941 1.039444 5.107364
v 2.445942 1.025656 5.109636
v 2.462058 1.013380 5.112674
v 2.482396 1.002957 5.116498
v 2.507060 0.994691 5.121153
v 2.536136 0.988766 5.126687
v 2.417086 1.052996 5.157851
v 2.425026 1.038167 5.159371
v 2.436958 1.024485 5.161655
v 2.452999 1.012278 5.164728
v 2.473261 1.001879 5.168616
v 2.497844 0.993583 5.173344
v 2.526829 0.987567 5.178935
v 2.577873 0.982159 5.297708
v 2.619212 0.980792 5.305727
v 2.663539 0.979503 5.314328
v 2.710382 0.978053 5.323421
v 2.759304 0.976472 5.332923
v 2.809886 0.975055 5.342751
v 2.861666 0.974227 5.352812
v 2.567422 0.984149 5.349686
v 2.608903 0.982951 5.357675
v 2.653359 0.981782 5.366226
v 2.700300 0.980400 5.375268
v 2.749279 0.978841 5.384730
v 2.799883 0.977423 5.394531
v 2.851665 0.976588 5.404577
v 2.556582 0.987161 5.400764
v 2.598366 0.986246 5.408661
v 2.643120 0.985286 5.417076
v 2.690301 0.984025 5.425982
v 2.739425 0.982515 5.435347
v 2.790097 0.981108 5.445091
v 2.841898 0.980273 5.455108
v 2.545268 0.990140 5.450525
v 2.587552 0.989590 5.458229
v 2.632826 0.988915 5.466369
v 2.680439 0.987834 5.475009
v 2.729833 0.986414 5.484189
v 2.780637 0.985046 5.493824
v 2.832484 0.984229 5.503792
v 2.533424 0.991937 5.498558
v 2.576500 0.991816 5.505881
v 2.622564 0.991498 5.513554
v 2.670818 0.990674 5.521769
v 2.720613 0.989407 5.530657
v 2.771620 0.988126 5.540125
v 2.823539 0.987353 5.550016
v 2.521084 0.991790 5.544473
v 2.565579 0.992216 5.550961
v 2.612744 0.992338 5.557893
v 2.661721 0.991834 5.565574
v 2.711954 0.990783 5.574109
v 2.763184 0.989642 5.583371
v 2.815185 0.988940 5.593165
v 2.508694 0.989454 5.587734
v 2.555447 0.990654 5.592661
v 2.603881 0.991297 5.598593
v 2.653480 0.991136 5.605711
v 2.704059 0.990331 5.613891
v 2.755473 0.989361 5.622937
v 2.807544 0.988745 5.632624
v 2.396885 1.053091 5.262658
v 2.404826 1.038343 5.264188
v 2.416766 1.024738 5.266491
v 2.432818 1.012601 5.269592
v 2.453092 1.002261 5.273516
v 2.477687 0.994011 5.278282
v 2.506683 0.988022 5.283903
v 2.385785 1.054591 5.314203
v 2.393780 1.039792 5.315748
v 2.405790 1.026157 5.318085
v 2.421916 1.014020 5.321244
v 2.442256 1.003716 5.325253
v 2.466920 0.995542 5.330114
v 2.495996 0.989671 5.335821
v 2.374320 1.056868 5.364372
v 2.382371 1.041989 5.365936
v 2.394443 1.028307 5.368330
v 2.410611 1.016164 5.371607
v 2.430963 1.005906 5.375805
v 2.455638 0.997837 5.380885
v 2.484770 0.992140 5.386786
v 2.362943 1.058920 5.412607
v 2.371004 1.043999 5.414185
v 2.383064 1.030299 5.416661
v 2.399160 1.018171 5.420135
v 2.419367 1.007968 5.424665
v 2.443896 1.000006 5.430134
v 2.472972 0.994487 5.436378
v 2.352075 1.059719 5.458359
v 2.360062 1.044861 5.459934
v 2.371982 1.031221 5.462506
v 2.387821 1.019150 5.466250
v 2.407634 1.008994 5.471264
v 2.431746 1.001093 5.477341
v 2.460541 0.995685 5.484171
v 2.341874 1.058612 5.501100
v 2.349712 1.043981 5.502618
v 2.361369 1.030523 5.505235
v 2.376746 1.018566 5.509223
v 2.395853 1.008435 5.514773
v 2.419137 1.000490 5.521735
v 2.447227 0.995030 5.529700
v 2.332248 1.055364 5.540299
v 2.339957 1.041183 5.541661
v 2.351282 1.028085 5.544192
v 2.365998 1.016343 5.548281
v 2.384041 1.006231 5.554267
v 2.405935 0.998087 5.562304
v 2.432601 0.992245 5.572207
v 2.320148 1.007644 5.664009
v 2.394181 0.985891 5.636466
v 2.373035 0.985775 5.657120
v 2.353418 0.988215 5.674011
v 2.335032 0.993134 5.688357
v 2.376173 0.992423 5.625488
v 2.360070 0.991953 5.647685
v 2.344298 0.993726 5.665333
v 2.328812 0.997893 5.679456
v 2.359700 1.000629 5.617260
v 2.347327 0.999566 5.640115
v 2.335352 1.000309 5.657753
v 2.323538 1.003270 5.670743
v 2.283805 1.019503 5.722909
v 2.282668 1.022513 5.709421
v 2.283832 1.026130 5.693879
v 2.287261 1.030125 5.676195
v 2.300402 1.009316 5.712328
v 2.298016 1.012842 5.700701
v 2.297641 1.016869 5.687356
v 2.299715 1.020831 5.671896
v 2.317429 1.000339 5.700957
v 2.313401 1.004434 5.690968
v 2.310990 1.008992 5.679995
v 2.311367 1.012915 5.667508
v 2.311568 1.044628 5.606197
v 2.320956 1.032342 5.606572
v 2.332125 1.020776 5.608147
v 2.345065 1.010145 5.611534
v 2.301369 1.039222 5.632886
v 2.312047 1.028147 5.632180
v 2.323305 1.017767 5.632541
v 2.335097 1.008214 5.634931
v 2.293148 1.034426 5.656035
v 2.304696 1.024448 5.653735
v 2.315915 1.015442 5.652099
v 2.326252 1.007497 5.652800
v 3.280013 0.984175 5.902869
v 3.251990 0.971844 5.831991
v 3.272617 0.970183 5.853130
v 3.289470 0.971316 5.872773
v 3.303772 0.975159 5.891204
v 3.241359 0.974093 5.847988
v 3.263451 0.973111 5.864544
v 3.281013 0.974296 5.880643
v 3.295073 0.977791 5.896317
v 3.233497 0.978452 5.862401
v 3.256172 0.977673 5.875650
v 3.273670 0.978493 5.888268
v 3.286573 0.981216 5.900421
v 3.338138 0.999214 5.942785
v 3.324919 1.000067 5.942540
v 3.309703 1.001534 5.939710
v 3.292398 1.003356 5.934351
v 3.327634 0.989677 5.926001
v 3.316240 0.991185 5.927174
v 3.303169 0.993248 5.926124
v 3.288025 0.995295 5.922434
v 3.316323 0.981465 5.908868
v 3.306540 0.983579 5.911789
v 3.295802 0.986275 5.912962
v 3.283565 0.988545 5.911283
v 3.223788 1.011700 5.903075
v 3.223853 1.001434 5.895374
v 3.225098 0.992316 5.886019
v 3.228136 0.984595 5.875013
v 3.249986 1.008221 5.915733
v 3.249045 0.999009 5.906387
v 3.249156 0.990716 5.896537
v 3.251276 0.983563 5.886262
v 3.272667 1.005508 5.926304
v 3.270214 0.997092 5.915679
v 3.268419 0.989709 5.905407
v 3.268938 0.983562 5.896121
v 3.340714 0.995439 5.861983
v 3.362391 1.041272 5.810003
v 3.364130 1.032288 5.838993
v 3.365301 1.024528 5.863951
v 3.365283 1.017803 5.885238
v 3.355180 1.027947 5.807178
v 3.355781 1.020530 5.834620
v 3.356345 1.014199 5.857701
v 3.355859 1.008449 5.876727
v 3.345982 1.015396 5.804822
v 3.346568 1.009472 5.831034
v 3.347474 1.004870 5.852193
v 3.347184 1.000585 5.868423
v 3.355900 1.002372 5.930794
v 3.344261 0.992654 5.914778
v 3.332606 0.984357 5.897882
v 3.320932 0.978152 5.879636
v 3.360626 1.006621 5.918444
v 3.349619 0.997302 5.904651
v 3.338987 0.989457 5.889905
v 3.328946 0.983819 5.873487
v 3.363722 1.011831 5.903279
v 3.353562 1.002746 5.892141
v 3.344118 0.995230 5.880390
v 3.335961 0.990210 5.867146
v 3.285518 0.977079 5.809458
v 3.304406 0.984370 5.805620
v 3.320793 0.993409 5.803746
v 3.334571 1.003825 5.803509
v 3.297345 0.974241 5.836497
v 3.311407 0.981238 5.832289
v 3.324481 0.989711 5.829709
v 3.336203 0.999187 5.829149
v 3.309215 0.974671 5.859477
v 3.319707 0.981035 5.854590
v 3.329561 0.988521 5.850642
v 3.338646 0.996477 5.849198
v 3.516519 1.034147 4.955001
v 3.445678 1.001673 4.983022
v 3.466749 1.004522 4.962393
v 3.486348 1.010416 4.945538
v 3.504757 1.019363 4.931230
v 3.461760 1.008483 4.993683
v 3.478220 1.011078 4.971576
v 3.494256 1.016226 4.954003
v 3.509895 1.024146 4.939933
v 3.476263 1.017601 5.001566
v 3.489388 1.019625 4.978868
v 3.501925 1.023499 4.961353
v 3.514036 1.029664 4.948437
v 3.556354 1.061337 4.896831
v 3.556123 1.062856 4.910052
v 3.553327 1.064545 4.925275
v 3.548031 1.066077 4.942594
v 3.539555 1.045453 4.907348
v 3.540742 1.048052 4.918744
v 3.539726 1.050816 4.931819
v 3.536095 1.052922 4.946975
v 3.522415 1.031235 4.918670
v 3.525355 1.034927 4.928455
v 3.526561 1.038919 4.939198
v 3.524935 1.041681 4.951443
v 3.517217 1.070262 5.011307
v 3.509464 1.055194 5.011239
v 3.500044 1.041192 5.009988
v 3.488961 1.028577 5.006941
v 3.529669 1.068622 4.985064
v 3.520281 1.054473 4.986006
v 3.510386 1.041426 4.985894
v 3.500058 1.029757 4.983770
v 3.540089 1.067339 4.962348
v 3.529433 1.053948 4.964807
v 3.519136 1.042019 4.966606
v 3.509820 1.031917 4.966087
v 3.475534 1.034138 4.894196
v 3.423635 1.070206 4.872168
v 3.452601 1.068592 4.870576
v 3.477543 1.067325 4.869512
v 3.498820 1.066071 4.869604
v 3.420796 1.055137 4.879416
v 3.448215 1.054443 4.878954
v 3.471279 1.053934 4.878489
v 3.490294 1.052916 4.879043
v 3.418426 1.041136 4.888662
v 3.444615 1.041396 4.888200
v 3.465759 1.042003 4.887380
v 3.481979 1.041673 4.887724
v 3.544361 1.061337 4.879066
v 3.528328 1.045453 4.890718
v 3.511421 1.031234 4.902378
v 3.493170 1.019362 4.914050
v 3.532013 1.062856 4.874331
v 3.518204 1.048051 4.885348
v 3.503448 1.034926 4.895983
v 3.487024 1.024143 4.906016
v 3.516853 1.064543 4.871212
v 3.505701 1.050814 4.881381
v 3.493939 1.038916 4.890828
v 3.480690 1.029658 4.898975
v 3.423040 1.001656 4.949383
v 3.419192 1.008451 4.930426
v 3.417323 1.017558 4.913970
v 3.417098 1.028526 4.900129
v 3.450053 1.004513 4.937599
v 3.445841 1.011062 4.923491
v 3.443267 1.019602 4.910370
v 3.442718 1.029729 4.898604
v 3.473017 1.010412 4.925755
v 3.468131 1.016218 4.915233
v 3.464189 1.023487 4.905346
v 3.462754 1.031902 4.896230
vn -0.0363 0.9993 -0.0067
vn 0.3882 0.9187 0.0730
vn -0.3490 0.9350 -0.0632
vn 0.0632 0.9197 -0.3876
vn -0.1245 0.8022 0.5839
vn 0.1129 0.8347 0.5390
vn 0.3002 0.9322 -0.2022
vn -0.1755 0.9523 -0.2498
vn -0.2676 0.8962 0.3538
vn -0.7994 -0.0160 0.6006
vn -0.5167 -0.0063 -0.8561
vn 0.5613 -0.0195 0.8274
vn 0.8288 -0.0047 -0.5595
vn -0.9746 -0.1223 -0.1877
vn 0.9817 -0.0017 0.1902
vn -0.1905 -0.0053 0.9817
vn 0.1912 -0.0017 -0.9816
vn 0.0117 -0.9999 0.0027
vn -0.9942 -0.0802 -0.0721
vn 0.9288 -0.0020 0.3706
vn -0.3797 -0.0080 0.9251
vn 0.3586 -0.0000 -0.9335
vn -0.9449 -0.0810 -0.3171
vn 1.0000 -0.0010 0.0045
vn 0.0004 -0.0040 1.0000
vn 0.0099 -0.0021 -0.9999
vn 0.1112 -0.9936 0.0191
vn -0.0829 -0.9965 -0.0116
vn 0.0317 -0.9938 -0.1069
vn 0.0073 -0.9995 -0.0304
vn 0.0129 -0.9838 -0.1785
vn -0.0010 -1.0000 0.0015
vn -0.0010 -0.9996 -0.0269
vn 0.0064 -0.9966 -0.0816
vn -0.9985 -0.0523 -0.0157
vn -0.9990 -0.0350 -0.0280
vn -0.9968 -0.0254 -0.0763
vn -0.9894 -0.0191 -0.1441
vn -0.9760 -0.0147 -0.2173
vn -0.9519 -0.0114 -0.3063
vn -0.8476 -0.0083 -0.5306
vn 0.9014 -0.0039 0.4330
vn 0.9014 -0.0045 0.4330
vn 0.9175 -0.0044 0.3978
vn 0.9413 -0.0041 0.3376
vn 0.9677 -0.0039 0.2521
vn 0.9925 -0.0039 0.1219
vn 0.9889 -0.0044 -0.1488
vn -0.4405 -0.0156 0.8976
vn -0.4392 -0.0192 0.8982
vn -0.4030 -0.0203 0.9150
vn -0.3416 -0.0208 0.9396
vn -0.2546 -0.0214 0.9668
vn -0.1230 -0.0222 0.9922
vn 0.1493 -0.0229 0.9885
vn 0.4212 -0.0011 -0.9070
vn 0.4230 -0.0019 -0.9061
vn 0.3898 -0.0023 -0.9209
vn 0.3336 -0.0026 -0.9427
vn 0.2659 -0.0029 -0.9640
vn 0.1758 -0.0033 -0.9844
vn -0.0719 -0.0048 -0.9974
vn -0.9290 -0.0494 -0.3667
vn -0.9355 -0.0309 -0.3520
vn -0.9522 -0.0218 -0.3046
vn -0.9717 -0.0168 -0.2355
vn -0.9892 -0.0138 -0.1456
vn -0.9998 -0.0125 -0.0173
vn -0.9720 -0.0133 0.2344
vn 0.9981 -0.0012 -0.0624
vn 0.9981 -0.0007 -0.0611
vn 0.9998 -0.0008 -0.0220
vn 0.9991 -0.0016 0.0428
vn 0.9913 -0.0033 0.1315
vn 0.9655 -0.0060 0.2604
vn 0.8610 -0.0118 0.5084
vn 0.0661 -0.0094 0.9978
vn 0.0660 -0.0122 0.9977
vn 0.0276 -0.0132 0.9995
vn -0.0372 -0.0138 0.9992
vn -0.1263 -0.0145 0.9919
vn -0.2537 -0.0156 0.9671
vn -0.4908 -0.0169 0.8711
vn -0.0595 -0.0039 -0.9982
vn -0.0602 -0.0045 -0.9982
vn -0.0223 -0.0044 -0.9997
vn 0.0414 -0.0041 -0.9991
vn 0.1296 -0.0039 -0.9916
vn 0.2588 -0.0039 -0.9659
vn 0.5078 -0.0044 -0.8614
vn 0.4990 0.8614 0.0946
vn 0.5998 0.7919 0.1143
vn 0.6937 0.7079 0.1329
vn 0.7813 0.6058 0.1502
vn 0.8603 0.4820 0.1660
vn 0.9250 0.3352 0.1789
vn 0.9674 0.1705 0.1874
vn -0.4183 0.9051 -0.0765
vn -0.5022 0.8598 -0.0929
vn -0.6015 0.7909 -0.1125
vn -0.7140 0.6870 -0.1348
vn -0.8299 0.5350 -0.1580
vn -0.9271 0.3302 -0.1776
vn -0.9771 0.0998 -0.1880
vn 0.0870 0.8631 -0.4975
vn 0.1084 0.7945 -0.5975
vn 0.1282 0.7117 -0.6906
vn 0.1466 0.6109 -0.7780
vn 0.1634 0.4879 -0.8575
vn 0.1774 0.3408 -0.9232
vn 0.1871 0.1738 -0.9668
vn -0.1069 0.8774 0.4678
vn -0.0823 0.9464 0.3122
vn -0.0565 0.9867 0.1526
vn -0.0362 0.9990 0.0269
vn -0.0258 0.9987 -0.0430
vn -0.0260 0.9982 -0.0540
vn -0.0313 0.9990 -0.0329
vn -0.9868 -0.0967 -0.1296
vn -0.9829 -0.1067 -0.1504
vn -0.9817 -0.1139 -0.1529
vn -0.9810 -0.1182 -0.1538
vn -0.9802 -0.1206 -0.1569
vn -0.9788 -0.1217 -0.1646
vn -0.9769 -0.1222 -0.1755
vn 0.9535 -0.0015 0.3014
vn 0.9646 -0.0015 0.2637
vn 0.9698 -0.0016 0.2438
vn 0.9730 -0.0017 0.2309
vn 0.9753 -0.0017 0.2207
vn 0.9775 -0.0017 0.2110
vn 0.9796 -0.0017 0.2009
vn -0.3115 -0.0055 0.9502
vn -0.2740 -0.0054 0.9617
vn -0.2535 -0.0055 0.9673
vn -0.2395 -0.0055 0.9709
vn -0.2279 -0.0055 0.9737
vn -0.2162 -0.0054 0.9763
vn -0.2038 -0.0053 0.9790
vn 0.2915 -0.0006 -0.9566
vn 0.2557 -0.0012 -0.9668
vn 0.2372 -0.0015 -0.9715
vn 0.2254 -0.0016 -0.9743
vn 0.2167 -0.0016 -0.9762
vn 0.2084 -0.0016 -0.9780
vn 0.1999 -0.0017 -0.9798
vn -0.9608 -0.0980 -0.2595
vn -0.9659 -0.1069 -0.2359
vn -0.9671 -0.1133 -0.2280
vn -0.9673 -0.1175 -0.2247
vn -0.9682 -0.1199 -0.2195
vn -0.9700 -0.1213 -0.2109
vn -0.9722 -0.1220 -0.1999
vn 0.9969 -0.0006 0.0784
vn 0.9932 -0.0007 0.1160
vn 0.9907 -0.0010 0.1364
vn 0.9888 -0.0013 0.1493
vn 0.9872 -0.0016 0.1597
vn 0.9855 -0.0017 0.1695
vn 0.9837 -0.0017 0.1796
vn -0.0700 -0.0034 0.9975
vn -0.1075 -0.0041 0.9942
vn -0.1277 -0.0047 0.9918
vn -0.1415 -0.0050 0.9899
vn -0.1531 -0.0052 0.9882
vn -0.1648 -0.0053 0.9863
vn -0.1772 -0.0053 0.9842
vn 0.0841 -0.0015 -0.9965
vn 0.1233 -0.0016 -0.9924
vn 0.1433 -0.0017 -0.9897
vn 0.1558 -0.0018 -0.9878
vn 0.1651 -0.0018 -0.9863
vn 0.1737 -0.0018 -0.9848
vn 0.1823 -0.0018 -0.9832
vn 0.2663 0.9626 0.0494
vn 0.1455 0.9890 0.0261
vn 0.0462 0.9989 0.0072
vn -0.0206 0.9998 -0.0059
vn -0.0497 0.9987 -0.0116
vn -0.0470 0.9988 -0.0104
vn -0.0352 0.9994 -0.0073
vn -0.2927 0.9548 -0.0526
vn -0.2463 0.9682 -0.0438
vn -0.2049 0.9781 -0.0361
vn -0.1652 0.9858 -0.0289
vn -0.1251 0.9919 -0.0217
vn -0.0855 0.9962 -0.0147
vn -0.0537 0.9985 -0.0093
vn 0.0368 0.9633 -0.2658
vn 0.0102 0.9894 -0.1450
vn -0.0127 0.9989 -0.0458
vn -0.0295 0.9994 0.0202
vn -0.0392 0.9980 0.0490
vn -0.0418 0.9982 0.0436
vn -0.0400 0.9990 0.0198
vn -0.1355 0.7385 0.6605
vn -0.1433 0.6825 0.7167
vn -0.1505 0.6255 0.7656
vn -0.1584 0.5578 0.8147
vn -0.1676 0.4689 0.8672
vn -0.1775 0.3477 0.9206
vn -0.1863 0.1868 0.9646
vn 0.2846 0.8425 0.4575
vn 0.4423 0.8000 0.4054
vn 0.5759 0.7342 0.3596
vn 0.6948 0.6482 0.3116
vn 0.8006 0.5413 0.2571
vn 0.8930 0.4083 0.1894
vn 0.9672 0.2331 0.1006
vn 0.0361 0.8175 0.5748
vn -0.0185 0.8097 0.5865
vn -0.0574 0.8052 0.5902
vn -0.0840 0.8028 0.5904
vn -0.1003 0.8016 0.5893
vn -0.1087 0.8011 0.5886
vn -0.1146 0.8010 0.5876
vn 0.2088 0.8641 0.4580
vn 0.2779 0.8944 0.3505
vn 0.3287 0.9122 0.2446
vn 0.3605 0.9188 0.1608
vn 0.3774 0.9198 0.1071
vn 0.3843 0.9194 0.0838
vn 0.3868 0.9189 0.0772
vn -0.3204 0.2436 0.9154
vn -0.2554 0.4048 0.8780
vn -0.2058 0.5118 0.8341
vn -0.1653 0.5920 0.7888
vn -0.1271 0.6576 0.7426
vn -0.0843 0.7168 0.6922
vn -0.0198 0.7784 0.6274
vn 0.4362 0.8988 -0.0446
vn 0.5636 0.8248 0.0450
vn 0.6672 0.7370 0.1080
vn 0.7541 0.6365 0.1616
vn 0.8263 0.5217 0.2122
vn 0.8826 0.3877 0.2658
vn 0.9195 0.2197 0.3261
vn 0.2365 0.9282 -0.2873
vn 0.1844 0.9256 -0.3307
vn 0.1448 0.9230 -0.3564
vn 0.1165 0.9212 -0.3711
vn 0.0984 0.9202 -0.3788
vn 0.0884 0.9196 -0.3827
vn 0.0794 0.9193 -0.3854
vn 0.2053 0.8989 -0.3870
vn 0.1706 0.8254 -0.5382
vn 0.1520 0.7382 -0.6573
vn 0.1358 0.6381 -0.7579
vn 0.1168 0.5239 -0.8437
vn 0.0890 0.3899 -0.9165
vn 0.0474 0.2212 -0.9741
vn 0.3886 0.9188 0.0686
vn 0.3885 0.9193 0.0632
vn 0.3887 0.9199 0.0528
vn 0.3884 0.9209 0.0326
vn 0.3853 0.9228 0.0004
vn 0.3762 0.9254 -0.0464
vn 0.3554 0.9281 -0.1111
vn -0.1208 0.9468 -0.2983
vn -0.0953 0.9390 -0.3304
vn -0.0741 0.9336 -0.3506
vn -0.0514 0.9290 -0.3664
vn -0.0239 0.9255 -0.3780
vn 0.0086 0.9229 -0.3850
vn 0.0397 0.9209 -0.3877
vn -0.3379 0.9261 -0.1679
vn -0.4778 0.8652 -0.1523
vn -0.5961 0.7875 -0.1565
vn -0.7130 0.6833 -0.1573
vn -0.8221 0.5481 -0.1538
vn -0.9144 0.3806 -0.1376
vn -0.9801 0.1696 -0.1033
vn -0.0409 0.9142 -0.4032
vn 0.0323 0.8469 -0.5307
vn 0.0900 0.7655 -0.6372
vn 0.1425 0.6681 -0.7303
vn 0.1949 0.5522 -0.8106
vn 0.2509 0.4145 -0.8748
vn 0.3136 0.2364 -0.9196
vn -0.3525 0.9350 -0.0393
vn -0.3540 0.9351 -0.0171
vn -0.3519 0.9360 -0.0059
vn -0.3439 0.9389 -0.0152
vn -0.3280 0.9435 -0.0470
vn -0.3010 0.9483 -0.1009
vn -0.2544 0.9527 -0.1662
vn -0.2252 0.8814 0.4153
vn -0.2075 0.8655 0.4559
vn -0.1929 0.8515 0.4876
vn -0.1800 0.8374 0.5162
vn -0.1663 0.8242 0.5413
vn -0.1510 0.8135 0.5617
vn -0.1361 0.8062 0.5758
vn -0.3670 0.9001 0.2350
vn -0.4881 0.8591 0.1541
vn -0.5970 0.7975 0.0872
vn -0.7067 0.7072 0.0198
vn -0.8111 0.5823 -0.0547
vn -0.8984 0.4157 -0.1415
vn -0.9520 0.1890 -0.2407
vn -0.3130 0.9189 0.2400
vn -0.3292 0.9374 0.1134
vn -0.3330 0.9429 0.0033
vn -0.3323 0.9404 -0.0716
vn -0.3327 0.9369 -0.1073
vn -0.3370 0.9354 -0.1067
vn -0.3436 0.9351 -0.0865
vn -0.0386 0.2651 0.9635
vn -0.0789 0.4429 0.8931
vn -0.1064 0.5604 0.8214
vn -0.1259 0.6492 0.7501
vn -0.1427 0.7210 0.6781
vn -0.1637 0.7829 0.6002
vn -0.1960 0.8417 0.5030
vn -0.3911 0.6471 -0.6544
vn -0.3309 0.7560 -0.5648
vn -0.3074 0.7895 -0.5312
vn -0.2743 0.8333 -0.4800
vn -0.2327 0.8817 -0.4105
vn -0.1921 0.9223 -0.3354
vn -0.1740 0.9448 -0.2775
vn -0.5393 0.6831 0.4925
vn -0.4555 0.7631 0.4585
vn -0.4269 0.7809 0.4560
vn -0.3872 0.8071 0.4457
vn -0.3397 0.8383 0.4265
vn -0.2972 0.8651 0.4040
vn -0.2715 0.8838 0.3811
vn 0.3323 0.6555 0.6781
vn 0.2658 0.7273 0.6327
vn 0.2408 0.7390 0.6292
vn 0.2081 0.7599 0.6158
vn 0.1720 0.7831 0.5976
vn 0.1380 0.8064 0.5751
vn 0.1166 0.8233 0.5556
vn 0.6366 0.6403 -0.4298
vn 0.5520 0.7460 -0.3726
vn 0.5201 0.7786 -0.3510
vn 0.4746 0.8200 -0.3201
vn 0.4161 0.8650 -0.2804
vn 0.3601 0.9008 -0.2426
vn 0.3183 0.9234 -0.2143
vn 0.1948 -0.9802 0.0353
vn 0.3213 -0.9451 0.0600
vn 0.4783 -0.8735 0.0907
vn 0.6452 -0.7539 0.1235
vn 0.7954 -0.5864 0.1532
vn 0.9052 -0.3873 0.1750
vn 0.9648 -0.1853 0.1868
vn -0.1545 -0.9877 -0.0254
vn -0.2547 -0.9660 -0.0449
vn -0.3784 -0.9231 -0.0692
vn -0.5198 -0.8487 -0.0972
vn -0.6692 -0.7321 -0.1269
vn -0.8102 -0.5653 -0.1550
vn -0.9189 -0.3527 -0.1766
vn 0.0468 -0.9807 -0.1896
vn 0.0700 -0.9465 -0.3150
vn 0.0991 -0.8766 -0.4709
vn 0.1302 -0.7592 -0.6377
vn 0.1581 -0.5933 -0.7893
vn 0.1785 -0.3939 -0.9017
vn 0.1890 -0.1888 -0.9636
vn 0.0079 -0.9997 -0.0215
vn 0.0029 -0.9999 0.0153
vn -0.0022 -0.9987 0.0507
vn -0.0051 -0.9974 0.0725
vn -0.0046 -0.9971 0.0754
vn -0.0004 -0.9983 0.0586
vn 0.0055 -0.9995 0.0314
vn 0.0759 -0.9970 0.0124
vn 0.0740 -0.9972 0.0123
vn 0.0811 -0.9966 0.0140
vn 0.0847 -0.9963 0.0150
vn 0.0782 -0.9968 0.0142
vn 0.0588 -0.9982 0.0109
vn 0.0341 -0.9994 0.0066
vn -0.0442 -0.9990 -0.0045
vn -0.0311 -0.9995 -0.0025
vn -0.0297 -0.9996 -0.0026
vn -0.0308 -0.9995 -0.0032
vn -0.0291 -0.9996 -0.0034
vn -0.0211 -0.9998 -0.0025
vn -0.0070 -1.0000 -0.0003
vn 0.0256 -0.9970 -0.0725
vn 0.0257 -0.9972 -0.0704
vn 0.0277 -0.9966 -0.0774
vn 0.0288 -0.9963 -0.0807
vn 0.0275 -0.9969 -0.0737
vn 0.0234 -0.9983 -0.0535
vn 0.0177 -0.9995 -0.0259
vn -0.0029 -0.9999 0.0103
vn -0.0226 -0.9945 0.1022
vn -0.0520 -0.9677 0.2465
vn -0.0904 -0.8930 0.4409
vn -0.1329 -0.7379 0.6617
vn -0.1684 -0.4970 0.8513
vn -0.1868 -0.2297 0.9552
vn 0.1696 -0.9612 -0.2176
vn 0.3392 -0.9188 -0.2017
vn 0.4953 -0.8519 -0.1701
vn 0.6511 -0.7464 -0.1376
vn 0.7852 -0.6106 -0.1031
vn 0.8920 -0.4457 -0.0752
vn 0.9686 -0.2438 -0.0493
vn -0.0299 -0.9884 -0.1487
vn -0.0200 -0.9914 -0.1291
vn 0.0035 -0.9943 -0.1066
vn 0.0222 -0.9963 -0.0832
vn 0.0302 -0.9977 -0.0614
vn 0.0261 -0.9987 -0.0447
vn 0.0162 -0.9993 -0.0348
vn 0.0447 -0.9845 -0.1694
vn 0.0516 -0.9923 -0.1124
vn 0.0571 -0.9972 -0.0480
vn 0.0666 -0.9978 0.0015
vn 0.0798 -0.9964 0.0299
vn 0.0943 -0.9949 0.0358
vn 0.1057 -0.9940 0.0290
vn -0.3773 -0.2966 0.8773
vn -0.3316 -0.5583 0.7605
vn -0.2782 -0.7521 0.5974
vn -0.2285 -0.8826 0.4108
vn -0.1847 -0.9559 0.2284
vn -0.1408 -0.9880 0.0636
vn -0.0847 -0.9933 -0.0792
vn 0.1376 -0.9840 0.1132
vn 0.3043 -0.9365 0.1743
vn 0.4700 -0.8562 0.2148
vn 0.6219 -0.7427 0.2481
vn 0.7497 -0.5987 0.2820
vn 0.8437 -0.4312 0.3198
vn 0.9037 -0.2339 0.3585
vn -0.0360 -0.9987 -0.0359
vn -0.0234 -0.9987 -0.0443
vn 0.0042 -0.9987 -0.0510
vn 0.0284 -0.9977 -0.0615
vn 0.0424 -0.9962 -0.0756
vn 0.0438 -0.9950 -0.0903
vn 0.0381 -0.9941 -0.1013
vn -0.0523 -0.9843 -0.1687
vn -0.0459 -0.9372 -0.3456
vn -0.0205 -0.8576 -0.5139
vn 0.0066 -0.7451 -0.6670
vn 0.0241 -0.6015 -0.7985
vn 0.0249 -0.4339 -0.9006
vn 0.0117 -0.2356 -0.9718
vn 0.1100 -0.9939 0.0079
vn 0.1023 -0.9948 -0.0032
vn 0.0880 -0.9961 -0.0082
vn 0.0695 -0.9976 -0.0009
vn 0.0504 -0.9986 0.0170
vn 0.0334 -0.9986 0.0398
vn 0.0207 -0.9986 0.0481
vn 0.0478 -0.9974 -0.0537
vn 0.0496 -0.9967 -0.0647
vn 0.0381 -0.9965 -0.0742
vn 0.0265 -0.9961 -0.0845
vn 0.0199 -0.9953 -0.0947
vn 0.0204 -0.9945 -0.1028
vn 0.0253 -0.9939 -0.1072
vn -0.1615 -0.9866 0.0234
vn -0.3158 -0.9488 0.0100
vn -0.4564 -0.8895 -0.0202
vn -0.5901 -0.8057 -0.0510
vn -0.7183 -0.6918 -0.0740
vn -0.8331 -0.5472 -0.0811
vn -0.9331 -0.3522 -0.0724
vn 0.1085 -0.9809 -0.1615
vn 0.1606 -0.9321 -0.3246
vn 0.1902 -0.8600 -0.4735
vn 0.2283 -0.7551 -0.6146
vn 0.2669 -0.6163 -0.7409
vn 0.3062 -0.4500 -0.8389
vn 0.3463 -0.2454 -0.9055
vn -0.0773 -0.9965 -0.0304
vn -0.0687 -0.9965 -0.0475
vn -0.0589 -0.9966 -0.0569
vn -0.0511 -0.9973 -0.0527
vn -0.0464 -0.9982 -0.0368
vn -0.0442 -0.9989 -0.0146
vn -0.0382 -0.9993 -0.0019
vn 0.0372 -0.9983 -0.0450
vn 0.0304 -0.9989 -0.0370
vn 0.0137 -0.9992 -0.0367
vn -0.0010 -0.9993 -0.0371
vn -0.0089 -0.9993 -0.0359
vn -0.0078 -0.9994 -0.0330
vn -0.0015 -0.9995 -0.0305
vn -0.1027 -0.9815 -0.1614
vn -0.2376 -0.9495 -0.2048
vn -0.3678 -0.9005 -0.2319
vn -0.5022 -0.8270 -0.2527
vn -0.6339 -0.7227 -0.2754
vn -0.7552 -0.5813 -0.3028
vn -0.8649 -0.3778 -0.3305
vn -0.0173 -0.9959 -0.0885
vn -0.0347 -0.9982 -0.0491
vn -0.0516 -0.9987 -0.0048
vn -0.0662 -0.9975 0.0250
vn -0.0773 -0.9964 0.0356
vn -0.0834 -0.9962 0.0266
vn -0.0849 -0.9964 0.0079
vn 0.0024 -0.3026 0.9531
vn -0.0079 -0.5604 0.8282
vn -0.0061 -0.7434 0.6688
vn 0.0065 -0.8686 0.4955
vn 0.0236 -0.9430 0.3318
vn 0.0455 -0.9818 0.1844
vn 0.0507 -0.9979 0.0407
vn -0.3655 -0.6961 -0.6180
vn -0.2968 -0.8134 -0.5004
vn -0.2625 -0.8569 -0.4437
vn -0.2120 -0.9070 -0.3638
vn -0.1502 -0.9534 -0.2618
vn -0.0823 -0.9853 -0.1494
vn -0.0269 -0.9976 -0.0631
vn -0.5054 -0.8099 0.2977
vn -0.3856 -0.9021 0.1937
vn -0.3323 -0.9311 0.1504
vn -0.2588 -0.9613 0.0946
vn -0.1709 -0.9848 0.0312
vn -0.0913 -0.9954 -0.0275
vn -0.0258 -0.9971 -0.0709
vn 0.4196 -0.8093 0.4110
vn 0.3348 -0.9064 0.2574
vn 0.2952 -0.9360 0.1920
vn 0.2373 -0.9660 0.1026
vn 0.1703 -0.9854 0.0059
vn 0.0999 -0.9909 -0.0897
vn 0.0447 -0.9866 -0.1570
vn 0.6083 -0.6792 -0.4107
vn 0.4947 -0.8024 -0.3339
vn 0.4370 -0.8498 -0.2948
vn 0.3542 -0.9042 -0.2388
vn 0.2465 -0.9548 -0.1658
vn 0.1376 -0.9862 -0.0922
vn 0.0483 -0.9983 -0.0318
vn -0.1186 0.6640 0.7382
vn 0.0067 0.3610 0.9326
vn -0.0531 0.4981 0.8655
vn -0.0900 0.5829 0.8076
vn -0.1147 0.6569 0.7452
vn 0.0092 0.4402 0.8979
vn -0.0449 0.5494 0.8343
vn -0.0804 0.6038 0.7931
vn -0.1061 0.6619 0.7420
vn -0.0159 0.4945 0.8690
vn -0.0566 0.5874 0.8073
vn -0.0824 0.6197 0.7805
vn -0.1055 0.6640 0.7403
vn -0.1912 0.8362 0.5141
vn -0.1975 0.8198 0.5375
vn -0.2221 0.7960 0.5631
vn -0.2527 0.7691 0.5871
vn -0.1561 0.7801 0.6059
vn -0.1528 0.7672 0.6230
vn -0.1633 0.7495 0.6415
vn -0.1806 0.7266 0.6629
vn -0.1355 0.7224 0.6781
vn -0.1290 0.7178 0.6842
vn -0.1329 0.7100 0.6916
vn -0.1456 0.6932 0.7059
vn -0.3231 0.6491 0.6887
vn -0.1890 0.6062 0.7725
vn -0.1128 0.5711 0.8131
vn -0.0570 0.5354 0.8427
vn -0.2849 0.7271 0.6246
vn -0.1816 0.6853 0.7053
vn -0.1251 0.6524 0.7475
vn -0.0848 0.6204 0.7797
vn -0.2747 0.7439 0.6092
vn -0.1868 0.7022 0.6870
vn -0.1403 0.6693 0.7297
vn -0.1060 0.6398 0.7612
vn 0.4592 0.8880 -0.0260
vn 0.4761 0.8793 0.0113
vn 0.4853 0.8733 0.0432
vn 0.4905 0.8689 0.0664
vn 0.4938 0.8658 0.0812
vn 0.4964 0.8636 0.0887
vn 0.4984 0.8621 0.0920
vn 0.5670 0.8224 0.0475
vn 0.5753 0.8152 0.0668
vn 0.5831 0.8080 0.0850
vn 0.5881 0.8026 0.0999
vn 0.5922 0.7984 0.1094
vn 0.5957 0.7952 0.1134
vn 0.5986 0.7929 0.1142
vn 0.6694 0.7354 0.1051
vn 0.6728 0.7308 0.1149
vn 0.6771 0.7253 0.1240
vn 0.6816 0.7198 0.1315
vn 0.6853 0.7154 0.1362
vn 0.6889 0.7118 0.1369
vn 0.6920 0.7091 0.1352
vn 0.7593 0.6322 0.1545
vn 0.7634 0.6270 0.1551
vn 0.7666 0.6223 0.1584
vn 0.7697 0.6180 0.1603
vn 0.7729 0.6137 0.1611
vn 0.7763 0.6100 0.1590
vn 0.7793 0.6072 0.1549
vn 0.8369 0.5100 0.1987
vn 0.8428 0.5031 0.1915
vn 0.8465 0.4980 0.1881
vn 0.8495 0.4937 0.1862
vn 0.8524 0.4897 0.1835
vn 0.8554 0.4861 0.1789
vn 0.8582 0.4833 0.1727
vn 0.9006 0.3624 0.2400
vn 0.9084 0.3534 0.2236
vn 0.9125 0.3486 0.2141
vn 0.9153 0.3450 0.2079
vn 0.9178 0.3417 0.2023
vn 0.9204 0.3386 0.1954
vn 0.9229 0.3364 0.1874
vn 0.9420 0.1885 0.2776
vn 0.9514 0.1812 0.2490
vn 0.9559 0.1782 0.2335
vn 0.9587 0.1761 0.2235
vn 0.9609 0.1742 0.2152
vn 0.9631 0.1724 0.2066
vn 0.9653 0.1711 0.1973
vn -0.1920 0.9602 -0.2027
vn -0.2392 0.9640 -0.1162
vn -0.2699 0.9615 -0.0523
vn -0.2877 0.9576 -0.0138
vn -0.2962 0.9551 -0.0004
vn -0.2980 0.9545 -0.0091
vn -0.2962 0.9547 -0.0297
vn -0.1523 0.9624 -0.2249
vn -0.1975 0.9716 -0.1307
vn -0.2278 0.9719 -0.0585
vn -0.2451 0.9694 -0.0136
vn -0.2524 0.9676 0.0042
vn -0.2528 0.9675 -0.0021
vn -0.2500 0.9680 -0.0217
vn -0.1240 0.9623 -0.2421
vn -0.1651 0.9761 -0.1415
vn -0.1933 0.9791 -0.0623
vn -0.2090 0.9779 -0.0116
vn -0.2145 0.9767 0.0100
vn -0.2131 0.9770 0.0054
vn -0.2091 0.9778 -0.0139
vn -0.0962 0.9623 -0.2545
vn -0.1339 0.9799 -0.1480
vn -0.1600 0.9851 -0.0627
vn -0.1739 0.9847 -0.0068
vn -0.1778 0.9839 0.0181
vn -0.1750 0.9845 0.0142
vn -0.1698 0.9855 -0.0057
vn -0.0641 0.9628 -0.2626
vn -0.0987 0.9837 -0.1505
vn -0.1229 0.9906 -0.0595
vn -0.1358 0.9907 0.0009
vn -0.1391 0.9899 0.0281
vn -0.1357 0.9905 0.0243
vn -0.1300 0.9915 0.0030
vn -0.0266 0.9635 -0.2664
vn -0.0582 0.9871 -0.1495
vn -0.0812 0.9952 -0.0538
vn -0.0942 0.9955 0.0101
vn -0.0983 0.9944 0.0387
vn -0.0956 0.9948 0.0342
vn -0.0904 0.9958 0.0114
vn 0.0093 0.9637 -0.2669
vn -0.0195 0.9890 -0.1468
vn -0.0420 0.9980 -0.0482
vn -0.0564 0.9983 0.0175
vn -0.0627 0.9969 0.0466
vn -0.0621 0.9972 0.0414
vn -0.0581 0.9982 0.0176
vn -0.1860 0.8310 0.5243
vn -0.1642 0.7742 0.6113
vn -0.1451 0.7122 0.6868
vn -0.1302 0.6387 0.7584
vn -0.1171 0.5424 0.8319
vn -0.1035 0.4111 0.9057
vn -0.0861 0.2246 0.9706
vn -0.1785 0.8156 0.5504
vn -0.1565 0.7611 0.6294
vn -0.1437 0.6986 0.7010
vn -0.1322 0.6252 0.7691
vn -0.1241 0.5280 0.8401
vn -0.1182 0.3956 0.9108
vn -0.1130 0.2129 0.9705
vn -0.1728 0.7970 0.5788
vn -0.1523 0.7441 0.6505
vn -0.1369 0.6830 0.7175
vn -0.1295 0.6107 0.7812
vn -0.1273 0.5149 0.8477
vn -0.1277 0.3840 0.9145
vn -0.1282 0.2062 0.9701
vn -0.1650 0.7799 0.6038
vn -0.1514 0.7251 0.6718
vn -0.1414 0.6663 0.7321
vn -0.1356 0.5955 0.7919
vn -0.1338 0.5021 0.8544
vn -0.1356 0.3735 0.9177
vn -0.1391 0.2005 0.9698
vn -0.1574 0.7641 0.6256
vn -0.1486 0.7088 0.6896
vn -0.1424 0.6507 0.7458
vn -0.1396 0.5812 0.8017
vn -0.1404 0.4896 0.8606
vn -0.1443 0.3638 0.9202
vn -0.1495 0.1954 0.9693
vn -0.1493 0.7513 0.6428
vn -0.1464 0.6956 0.7034
vn -0.1448 0.6381 0.7562
vn -0.1456 0.5695 0.8090
vn -0.1491 0.4792 0.8649
vn -0.1548 0.3557 0.9217
vn -0.1611 0.1910 0.9683
vn -0.1415 0.7428 0.6544
vn -0.1445 0.6869 0.7122
vn -0.1477 0.6297 0.7627
vn -0.1522 0.5616 0.8133
vn -0.1585 0.4723 0.8671
vn -0.1663 0.3503 0.9218
vn -0.1735 0.1881 0.9667
vn 0.4976 0.8620 0.0968
vn 0.4943 0.8634 0.1007
vn 0.4866 0.8655 0.1190
vn 0.4698 0.8675 0.1637
vn 0.4400 0.8669 0.2344
vn 0.3944 0.8598 0.3242
vn 0.3349 0.8475 0.4118
vn 0.5990 0.7926 0.1142
vn 0.5961 0.7946 0.1153
vn 0.5893 0.7976 0.1286
vn 0.5750 0.8015 0.1643
vn 0.5504 0.8049 0.2218
vn 0.5141 0.8056 0.2944
vn 0.4714 0.8034 0.3637
vn 0.6935 0.7086 0.1303
vn 0.6915 0.7108 0.1288
vn 0.6864 0.7141 0.1374
vn 0.6755 0.7187 0.1647
vn 0.6571 0.7241 0.2095
vn 0.6305 0.7290 0.2663
vn 0.5992 0.7327 0.3226
vn 0.7817 0.6064 0.1454
vn 0.7808 0.6085 0.1416
vn 0.7774 0.6118 0.1459
vn 0.7698 0.6165 0.1651
vn 0.7569 0.6228 0.1979
vn 0.7383 0.6303 0.2400
vn 0.7154 0.6389 0.2828
vn 0.8613 0.4825 0.1592
vn 0.8613 0.4844 0.1532
vn 0.8595 0.4875 0.1534
vn 0.8548 0.4921 0.1648
vn 0.8467 0.4986 0.1859
vn 0.8347 0.5079 0.2131
vn 0.8189 0.5211 0.2404
vn 0.9265 0.3356 0.1703
vn 0.9273 0.3372 0.1625
vn 0.9270 0.3398 0.1589
vn 0.9249 0.3436 0.1626
vn 0.9211 0.3492 0.1719
vn 0.9156 0.3580 0.1833
vn 0.9077 0.3735 0.1914
vn 0.9692 0.1707 0.1775
vn 0.9707 0.1716 0.1682
vn 0.9716 0.1732 0.1612
vn 0.9718 0.1754 0.1576
vn 0.9716 0.1787 0.1553
vn 0.9714 0.1840 0.1502
vn 0.9716 0.1952 0.1342
vn -0.0298 0.9991 -0.0312
vn -0.0221 0.9985 -0.0496
vn -0.0180 0.9992 -0.0361
vn -0.0238 0.9991 0.0352
vn -0.0409 0.9860 0.1615
vn -0.0661 0.9451 0.3200
vn -0.0930 0.8759 0.4735
vn -0.0412 0.9987 -0.0298
vn -0.0310 0.9986 -0.0435
vn -0.0222 0.9994 -0.0260
vn -0.0226 0.9986 0.0471
vn -0.0350 0.9844 0.1722
vn -0.0578 0.9431 0.3275
vn -0.0850 0.8747 0.4772
vn -0.0440 0.9987 -0.0245
vn -0.0321 0.9990 -0.0316
vn -0.0201 0.9998 -0.0091
vn -0.0164 0.9977 0.0653
vn -0.0253 0.9819 0.1879
vn -0.0465 0.9401 0.3379
vn -0.0743 0.8731 0.4819
vn -0.0154 0.9998 -0.0121
vn -0.0042 0.9999 -0.0124
vn 0.0078 0.9999 0.0147
vn 0.0116 0.9959 0.0893
vn 0.0020 0.9782 0.2076
vn -0.0213 0.9362 0.3507
vn -0.0531 0.8714 0.4878
vn 0.0493 0.9988 0.0066
vn 0.0578 0.9983 0.0118
vn 0.0663 0.9969 0.0417
vn 0.0663 0.9912 0.1145
vn 0.0520 0.9725 0.2271
vn 0.0223 0.9316 0.3627
vn -0.0177 0.8701 0.4925
vn 0.1466 0.9888 0.0296
vn 0.1509 0.9878 0.0379
vn 0.1539 0.9857 0.0680
vn 0.1475 0.9796 0.1367
vn 0.1261 0.9621 0.2419
vn 0.0870 0.9252 0.3693
vn 0.0351 0.8696 0.4925
vn 0.2658 0.9625 0.0544
vn 0.2659 0.9620 0.0628
vn 0.2629 0.9606 0.0905
vn 0.2498 0.9562 0.1526
vn 0.2212 0.9432 0.2480
vn 0.1733 0.9143 0.3662
vn 0.1093 0.8684 0.4837
vn -0.1297 0.7375 0.6628
vn -0.1415 0.6818 0.7177
vn -0.1522 0.6250 0.7656
vn -0.1632 0.5575 0.8140
vn -0.1751 0.4689 0.8657
vn -0.1876 0.3479 0.9186
vn -0.1985 0.1870 0.9621
vn -0.1266 0.7386 0.6622
vn -0.1411 0.6834 0.7162
vn -0.1543 0.6270 0.7636
vn -0.1677 0.5597 0.8115
vn -0.1819 0.4713 0.8630
vn -0.1966 0.3502 0.9158
vn -0.2095 0.1885 0.9595
vn -0.1211 0.7406 0.6610
vn -0.1384 0.6862 0.7141
vn -0.1542 0.6301 0.7610
vn -0.1700 0.5632 0.8087
vn -0.1866 0.4750 0.8600
vn -0.2038 0.3537 0.9129
vn -0.2192 0.1908 0.9569
vn -0.1096 0.7436 0.6596
vn -0.1311 0.6901 0.7117
vn -0.1505 0.6343 0.7583
vn -0.1694 0.5675 0.8058
vn -0.1889 0.4794 0.8570
vn -0.2093 0.3579 0.9100
vn -0.2279 0.1934 0.9543
vn -0.0910 0.7482 0.6572
vn -0.1191 0.6954 0.7086
vn -0.1436 0.6395 0.7552
vn -0.1667 0.5726 0.8027
vn -0.1901 0.4845 0.8539
vn -0.2147 0.3625 0.9069
vn -0.2378 0.1963 0.9513
vn -0.0653 0.7550 0.6525
vn -0.1044 0.7032 0.7033
vn -0.1366 0.6453 0.7516
vn -0.1635 0.5785 0.7992
vn -0.1920 0.4907 0.8499
vn -0.2224 0.3686 0.9026
vn -0.2523 0.2004 0.9467
vn -0.0350 0.7654 0.6426
vn -0.0871 0.7113 0.6974
vn -0.1267 0.6520 0.7476
vn -0.1619 0.5852 0.7946
vn -0.1965 0.4990 0.8440
vn -0.2354 0.3790 0.8950
vn -0.2783 0.2090 0.9375
vn -0.7263 0.6594 -0.1942
vn -0.9605 0.2721 -0.0575
vn -0.8887 0.4435 -0.1166
vn -0.8106 0.5661 -0.1496
vn -0.7158 0.6795 -0.1610
vn -0.9312 0.3596 -0.0601
vn -0.8578 0.5014 -0.1129
vn -0.7984 0.5840 -0.1467
vn -0.7215 0.6725 -0.1651
vn -0.9024 0.4205 -0.0942
vn -0.8290 0.5437 -0.1312
vn -0.7873 0.5968 -0.1550
vn -0.7260 0.6654 -0.1735
vn -0.3613 0.9147 -0.1810
vn -0.4175 0.8828 -0.2153
vn -0.4772 0.8374 -0.2665
vn -0.5274 0.7905 -0.3113
vn -0.5072 0.8470 -0.1591
vn -0.5514 0.8144 -0.1808
vn -0.5956 0.7741 -0.2144
vn -0.6364 0.7344 -0.2358
vn -0.6124 0.7741 -0.1604
vn -0.6372 0.7505 -0.1754
vn -0.6588 0.7264 -0.1958
vn -0.6854 0.6956 -0.2152
vn -0.6973 0.5978 -0.3955
vn -0.7994 0.5433 -0.2564
vn -0.8396 0.5066 -0.1960
vn -0.8727 0.4669 -0.1428
vn -0.6085 0.7091 -0.3562
vn -0.7166 0.6529 -0.2454
vn -0.7600 0.6176 -0.2024
vn -0.7966 0.5815 -0.1655
vn -0.5711 0.7455 -0.3437
vn -0.6807 0.6889 -0.2491
vn -0.7266 0.6522 -0.2160
vn -0.7638 0.6181 -0.1859
vn 0.1797 0.1744 -0.9681
vn 0.1722 0.3417 -0.9239
vn 0.1610 0.4889 -0.8573
vn 0.1474 0.6118 -0.7771
vn 0.1325 0.7125 -0.6891
vn 0.1166 0.7950 -0.5954
vn 0.0993 0.8632 -0.4951
vn 0.1720 0.1756 -0.9693
vn 0.1659 0.3440 -0.9242
vn 0.1564 0.4917 -0.8566
vn 0.1449 0.6146 -0.7754
vn 0.1325 0.7151 -0.6863
vn 0.1194 0.7972 -0.5918
vn 0.1052 0.8646 -0.4914
vn 0.1644 0.1772 -0.9703
vn 0.1597 0.3468 -0.9243
vn 0.1519 0.4950 -0.8555
vn 0.1424 0.6182 -0.7730
vn 0.1324 0.7186 -0.6827
vn 0.1222 0.8003 -0.5870
vn 0.1114 0.8667 -0.4862
vn 0.1569 0.1789 -0.9713
vn 0.1542 0.3497 -0.9241
vn 0.1489 0.4986 -0.8540
vn 0.1422 0.6220 -0.7700
vn 0.1354 0.7227 -0.6778
vn 0.1293 0.8043 -0.5800
vn 0.1235 0.8697 -0.4778
vn 0.1472 0.1806 -0.9725
vn 0.1480 0.3527 -0.9240
vn 0.1464 0.5023 -0.8522
vn 0.1431 0.6259 -0.7667
vn 0.1397 0.7273 -0.6719
vn 0.1399 0.8099 -0.5696
vn 0.1428 0.8740 -0.4645
vn 0.1315 0.1833 -0.9742
vn 0.1380 0.3568 -0.9239
vn 0.1422 0.5066 -0.8504
vn 0.1451 0.6299 -0.7630
vn 0.1487 0.7322 -0.6646
vn 0.1560 0.8167 -0.5556
vn 0.1686 0.8798 -0.4444
vn 0.1014 0.1902 -0.9765
vn 0.1200 0.3652 -0.9232
vn 0.1334 0.5128 -0.8481
vn 0.1440 0.6344 -0.7595
vn 0.1551 0.7370 -0.6579
vn 0.1695 0.8231 -0.5419
vn 0.1967 0.8883 -0.4150
vn 0.0554 0.9627 -0.2648
vn 0.0287 0.9889 -0.1461
vn 0.0035 0.9988 -0.0489
vn -0.0174 0.9997 0.0156
vn -0.0307 0.9985 0.0457
vn -0.0362 0.9986 0.0395
vn -0.0375 0.9991 0.0172
vn 0.0674 0.9618 -0.2653
vn 0.0419 0.9877 -0.1507
vn 0.0151 0.9982 -0.0576
vn -0.0101 0.9999 0.0044
vn -0.0320 0.9989 0.0336
vn -0.0453 0.9986 0.0291
vn -0.0489 0.9987 0.0111
vn 0.0809 0.9607 -0.2656
vn 0.0576 0.9859 -0.1573
vn 0.0304 0.9971 -0.0699
vn 0.0025 0.9999 -0.0113
vn -0.0222 0.9996 0.0167
vn -0.0398 0.9991 0.0175
vn -0.0488 0.9988 0.0054
vn 0.1053 0.9593 -0.2621
vn 0.0874 0.9832 -0.1603
vn 0.0638 0.9948 -0.0790
vn 0.0375 0.9990 -0.0241
vn 0.0124 0.9999 0.0041
vn -0.0067 0.9999 0.0093
vn -0.0180 0.9998 0.0032
vn 0.1435 0.9575 -0.2502
vn 0.1348 0.9788 -0.1545
vn 0.1185 0.9898 -0.0792
vn 0.0978 0.9948 -0.0281
vn 0.0767 0.9971 0.0001
vn 0.0597 0.9982 0.0093
vn 0.0496 0.9987 0.0089
vn 0.1971 0.9543 -0.2246
vn 0.2003 0.9704 -0.1347
vn 0.1941 0.9788 -0.0661
vn 0.1817 0.9832 -0.0195
vn 0.1676 0.9858 0.0076
vn 0.1557 0.9876 0.0193
vn 0.1484 0.9886 0.0233
vn 0.2680 0.9464 -0.1805
vn 0.2824 0.9543 -0.0980
vn 0.2860 0.9575 -0.0384
vn 0.2827 0.9592 0.0020
vn 0.2768 0.9606 0.0265
vn 0.2714 0.9617 0.0387
vn 0.2681 0.9624 0.0446
vn 0.2654 0.2010 -0.9430
vn 0.2235 0.3857 -0.8952
vn 0.1777 0.5382 -0.8239
vn 0.1295 0.6627 -0.7376
vn 0.0784 0.7635 -0.6410
vn 0.0219 0.8450 -0.5343
vn -0.0393 0.9076 -0.4179
vn 0.2365 0.1917 -0.9525
vn 0.2046 0.3737 -0.9047
vn 0.1652 0.5282 -0.8329
vn 0.1213 0.6548 -0.7460
vn 0.0741 0.7562 -0.6502
vn 0.0223 0.8368 -0.5471
vn -0.0359 0.8990 -0.4365
vn 0.2210 0.1868 -0.9572
vn 0.1936 0.3655 -0.9105
vn 0.1595 0.5194 -0.8395
vn 0.1199 0.6452 -0.7546
vn 0.0767 0.7476 -0.6597
vn 0.0322 0.8275 -0.5605
vn -0.0205 0.8898 -0.4558
vn 0.2117 0.1828 -0.9601
vn 0.1878 0.3581 -0.9146
vn 0.1565 0.5105 -0.8455
vn 0.1221 0.6353 -0.7626
vn 0.0827 0.7375 -0.6703
vn 0.0394 0.8175 -0.5746
vn -0.0053 0.8809 -0.4733
vn 0.2053 0.1792 -0.9622
vn 0.1850 0.3511 -0.9179
vn 0.1579 0.5015 -0.8506
vn 0.1265 0.6261 -0.7694
vn 0.0923 0.7271 -0.6803
vn 0.0556 0.8086 -0.5857
vn 0.0167 0.8740 -0.4856
vn 0.1997 0.1762 -0.9639
vn 0.1832 0.3454 -0.9204
vn 0.1609 0.4942 -0.8543
vn 0.1348 0.6181 -0.7745
vn 0.1063 0.7192 -0.6867
vn 0.0757 0.8014 -0.5933
vn 0.0432 0.8686 -0.4936
vn 0.1937 0.1744 -0.9654
vn 0.1810 0.3419 -0.9221
vn 0.1633 0.4896 -0.8565
vn 0.1424 0.6129 -0.7772
vn 0.1194 0.7139 -0.6900
vn 0.0948 0.7967 -0.5970
vn 0.0683 0.8649 -0.4972
vn 0.1680 0.6594 -0.7328
vn -0.0145 0.9016 -0.4322
vn 0.0599 0.8335 -0.5493
vn 0.1095 0.7578 -0.6432
vn 0.1603 0.6702 -0.7246
vn 0.0055 0.8740 -0.4858
vn 0.0873 0.8047 -0.5872
vn 0.1290 0.7418 -0.6581
vn 0.1745 0.6690 -0.7225
vn -0.0007 0.8322 -0.5545
vn 0.0962 0.7696 -0.6313
vn 0.1369 0.7225 -0.6777
vn 0.1805 0.6649 -0.7248
vn 0.3547 0.3240 -0.8770
vn 0.3520 0.3992 -0.8466
vn 0.3215 0.4515 -0.8324
vn 0.2748 0.4912 -0.8266
vn 0.2743 0.4686 -0.8397
vn 0.2773 0.5202 -0.8078
vn 0.2595 0.5584 -0.7879
vn 0.2234 0.5925 -0.7740
vn 0.2137 0.5715 -0.7923
vn 0.2241 0.5900 -0.7757
vn 0.2215 0.6034 -0.7661
vn 0.1921 0.6236 -0.7578
vn -0.0174 0.6055 -0.7957
vn -0.0174 0.7102 -0.7038
vn -0.0209 0.7433 -0.6687
vn -0.0155 0.7865 -0.6174
vn 0.1501 0.5566 -0.8171
vn 0.1257 0.6572 -0.7431
vn 0.1076 0.6888 -0.7169
vn 0.0963 0.7295 -0.6771
vn 0.2189 0.5250 -0.8225
vn 0.1800 0.6251 -0.7595
vn 0.1541 0.6548 -0.7399
vn 0.1345 0.6926 -0.7086
vn -0.9821 0.1253 -0.1408
vn -0.9824 0.1115 -0.1502
vn -0.9837 0.1050 -0.1463
vn -0.9844 0.1016 -0.1437
vn -0.9842 0.1000 -0.1462
vn -0.9827 0.0995 -0.1564
vn -0.9802 0.0994 -0.1714
vn -0.9261 0.3465 -0.1489
vn -0.9317 0.3346 -0.1414
vn -0.9348 0.3302 -0.1311
vn -0.9362 0.3287 -0.1244
vn -0.9360 0.3285 -0.1261
vn -0.9341 0.3289 -0.1385
vn -0.9310 0.3293 -0.1573
vn -0.8305 0.5374 -0.1466
vn -0.8365 0.5332 -0.1266
vn -0.8400 0.5316 -0.1088
vn -0.8413 0.5315 -0.0983
vn -0.8408 0.5323 -0.0991
vn -0.8383 0.5333 -0.1132
vn -0.8346 0.5340 -0.1349
vn -0.7162 0.6842 -0.1378
vn -0.7210 0.6841 -0.1101
vn -0.7244 0.6840 -0.0858
vn -0.7258 0.6842 -0.0717
vn -0.7253 0.6847 -0.0715
vn -0.7228 0.6856 -0.0865
vn -0.7190 0.6863 -0.1100
vn -0.5958 0.7924 -0.1306
vn -0.6020 0.7927 -0.0957
vn -0.6074 0.7917 -0.0655
vn -0.6105 0.7905 -0.0487
vn -0.6113 0.7900 -0.0474
vn -0.6097 0.7902 -0.0625
vn -0.6062 0.7905 -0.0869
vn -0.4760 0.8700 -0.1284
vn -0.4879 0.8686 -0.0862
vn -0.4985 0.8654 -0.0519
vn -0.5061 0.8619 -0.0315
vn -0.5095 0.8600 -0.0284
vn -0.5092 0.8596 -0.0431
vn -0.5065 0.8596 -0.0674
vn -0.3617 0.9226 -0.1338
vn -0.3846 0.9188 -0.0883
vn -0.4050 0.9131 -0.0464
vn -0.4170 0.9087 -0.0205
vn -0.4230 0.9060 -0.0149
vn -0.4241 0.9052 -0.0281
vn -0.4222 0.9050 -0.0516
vn -0.2880 0.9547 -0.0748
vn -0.2827 0.9546 -0.0937
vn -0.2799 0.9557 -0.0914
vn -0.2810 0.9584 -0.0498
vn -0.2824 0.9587 0.0343
vn -0.2782 0.9478 0.1557
vn -0.2621 0.9192 0.2938
vn -0.2422 0.9680 -0.0658
vn -0.2385 0.9675 -0.0839
vn -0.2381 0.9680 -0.0791
vn -0.2421 0.9697 -0.0321
vn -0.2462 0.9674 0.0602
vn -0.2443 0.9509 0.1898
vn -0.2312 0.9143 0.3326
vn -0.2013 0.9778 -0.0588
vn -0.1990 0.9770 -0.0768
vn -0.2013 0.9770 -0.0703
vn -0.2086 0.9778 -0.0181
vn -0.2163 0.9729 0.0818
vn -0.2184 0.9511 0.2186
vn -0.2103 0.9068 0.3652
vn -0.1615 0.9855 -0.0524
vn -0.1600 0.9845 -0.0720
vn -0.1647 0.9843 -0.0639
vn -0.1752 0.9845 -0.0069
vn -0.1870 0.9772 0.1002
vn -0.1939 0.9502 0.2439
vn -0.1915 0.8988 0.3943
vn -0.1216 0.9915 -0.0465
vn -0.1201 0.9904 -0.0680
vn -0.1253 0.9904 -0.0588
vn -0.1381 0.9904 0.0026
vn -0.1540 0.9812 0.1167
vn -0.1666 0.9492 0.2668
vn -0.1710 0.8911 0.4203
vn -0.0816 0.9958 -0.0409
vn -0.0791 0.9949 -0.0629
vn -0.0834 0.9951 -0.0539
vn -0.0974 0.9952 0.0114
vn -0.1165 0.9845 0.1313
vn -0.1351 0.9484 0.2867
vn -0.1475 0.8847 0.4422
vn -0.0493 0.9981 -0.0361
vn -0.0459 0.9973 -0.0581
vn -0.0483 0.9976 -0.0488
vn -0.0607 0.9980 0.0196
vn -0.0813 0.9863 0.1433
vn -0.1047 0.9476 0.3019
vn -0.1245 0.8802 0.4580
vn -0.9737 0.1009 -0.2045
vn -0.9702 0.1024 -0.2195
vn -0.9678 0.1045 -0.2290
vn -0.9672 0.1076 -0.2299
vn -0.9682 0.1126 -0.2236
vn -0.9687 0.1212 -0.2167
vn -0.9661 0.1381 -0.2183
vn -0.9223 0.3319 -0.1981
vn -0.9174 0.3340 -0.2165
vn -0.9141 0.3362 -0.2266
vn -0.9140 0.3394 -0.2224
vn -0.9158 0.3449 -0.2057
vn -0.9173 0.3545 -0.1811
vn -0.9146 0.3728 -0.1563
vn -0.8241 0.5367 -0.1814
vn -0.8180 0.5385 -0.2024
vn -0.8143 0.5402 -0.2125
vn -0.8148 0.5430 -0.2032
vn -0.8181 0.5472 -0.1766
vn -0.8215 0.5537 -0.1358
vn -0.8207 0.5641 -0.0906
vn -0.7076 0.6883 -0.1599
vn -0.7009 0.6896 -0.1823
vn -0.6970 0.6910 -0.1917
vn -0.6982 0.6933 -0.1783
vn -0.7027 0.6971 -0.1423
vn -0.7073 0.7014 -0.0880
vn -0.7087 0.7049 -0.0275
vn -0.5950 0.7918 -0.1381
vn -0.5879 0.7928 -0.1610
vn -0.5837 0.7942 -0.1691
vn -0.5842 0.7974 -0.1509
vn -0.5887 0.8013 -0.1066
vn -0.5942 0.8033 -0.0398
vn -0.5961 0.8022 0.0336
vn -0.4958 0.8603 -0.1183
vn -0.4886 0.8611 -0.1408
vn -0.4839 0.8627 -0.1470
vn -0.4842 0.8663 -0.1229
vn -0.4860 0.8712 -0.0692
vn -0.4883 0.8726 0.0079
vn -0.4884 0.8673 0.0959
vn -0.4124 0.9054 -0.1011
vn -0.4052 0.9060 -0.1226
vn -0.4004 0.9076 -0.1262
vn -0.4000 0.9114 -0.0964
vn -0.4016 0.9153 -0.0315
vn -0.3974 0.9156 0.0614
vn -0.3842 0.9074 0.1701
vn -0.7058 0.7053 0.0667
vn -0.3873 0.8859 0.2551
vn -0.5025 0.8479 0.1689
vn -0.6043 0.7899 0.1042
vn -0.7037 0.7095 0.0376
vn -0.4272 0.8647 0.2644
vn -0.5337 0.8277 0.1735
vn -0.6203 0.7767 0.1092
vn -0.7024 0.7104 0.0444
vn -0.4770 0.8350 0.2745
vn -0.5711 0.8008 0.1801
vn -0.6379 0.7615 0.1152
vn -0.7033 0.7091 0.0499
vn -0.9175 0.3077 -0.2519
vn -0.8864 0.4102 -0.2144
vn -0.8626 0.4815 -0.1552
vn -0.8406 0.5344 -0.0882
vn -0.8624 0.4898 -0.1277
vn -0.8247 0.5567 -0.0997
vn -0.7946 0.6042 -0.0599
vn -0.7651 0.6438 -0.0088
vn -0.7928 0.6084 -0.0373
vn -0.7739 0.6328 -0.0240
vn -0.7595 0.6504 -0.0072
vn -0.7393 0.6726 0.0335
vn -0.7077 0.6633 0.2435
vn -0.6063 0.7515 0.2600
vn -0.5704 0.7733 0.2768
vn -0.5259 0.8029 0.2806
vn -0.7797 0.6207 0.0823
vn -0.6862 0.7161 0.1280
vn -0.6534 0.7403 0.1581
vn -0.6097 0.7727 0.1764
vn -0.8150 0.5793 -0.0123
vn -0.7306 0.6809 0.0514
vn -0.7028 0.7058 0.0885
vn -0.6645 0.7382 0.1164
vn -0.1684 0.6055 0.7778
vn -0.0187 0.7708 0.6368
vn -0.0894 0.7121 0.6964
vn -0.1331 0.6570 0.7420
vn -0.1731 0.5976 0.7829
vn -0.0153 0.7544 0.6563
vn -0.0943 0.6995 0.7084
vn -0.1395 0.6522 0.7451
vn -0.1803 0.6017 0.7781
vn -0.0004 0.7338 0.6794
vn -0.0886 0.6846 0.7235
vn -0.1376 0.6465 0.7504
vn -0.1812 0.6044 0.7758
vn -0.3516 0.3278 0.8769
vn -0.3422 0.3991 0.8507
vn -0.3096 0.4497 0.8378
vn -0.2630 0.4892 0.8316
vn -0.2714 0.4527 0.8494
vn -0.2694 0.4990 0.8236
vn -0.2501 0.5350 0.8070
vn -0.2148 0.5674 0.7949
vn -0.2166 0.5300 0.8199
vn -0.2220 0.5486 0.8061
vn -0.2167 0.5637 0.7970
vn -0.1886 0.5840 0.7895
vn 0.0453 0.6106 0.7906
vn 0.0335 0.6815 0.7310
vn 0.0303 0.6932 0.7201
vn 0.0176 0.7129 0.7010
vn -0.1146 0.5622 0.8190
vn -0.0967 0.6344 0.7669
vn -0.0847 0.6474 0.7574
vn -0.0817 0.6675 0.7401
vn -0.2010 0.5251 0.8270
vn -0.1658 0.5998 0.7828
vn -0.1449 0.6134 0.7763
vn -0.1308 0.6341 0.7621
vn 0.6679 0.6665 0.3313
vn 0.9420 0.3262 0.0787
vn 0.8625 0.4704 0.1866
vn 0.7801 0.5683 0.2618
vn 0.6822 0.6569 0.3211
vn 0.9062 0.4107 0.1004
vn 0.8240 0.5306 0.1987
vn 0.7592 0.5950 0.2637
vn 0.6760 0.6638 0.3200
vn 0.8693 0.4727 0.1444
vn 0.7856 0.5763 0.2250
vn 0.7400 0.6153 0.2716
vn 0.6726 0.6675 0.3196
vn 0.2935 0.8294 0.4753
vn 0.3277 0.8117 0.4835
vn 0.3691 0.7860 0.4960
vn 0.4100 0.7620 0.5012
vn 0.4464 0.7909 0.4187
vn 0.4717 0.7757 0.4192
vn 0.5012 0.7545 0.4237
vn 0.5360 0.7323 0.4200
vn 0.5710 0.7319 0.3719
vn 0.5792 0.7259 0.3709
vn 0.5899 0.7165 0.3724
vn 0.6113 0.6983 0.3723
vn 0.5922 0.6428 0.4859
vn 0.7191 0.6023 0.3466
vn 0.7836 0.5627 0.2634
vn 0.8303 0.5208 0.1986
vn 0.4926 0.7220 0.4858
vn 0.6204 0.6876 0.3773
vn 0.6901 0.6525 0.3131
vn 0.7424 0.6157 0.2641
vn 0.4542 0.7378 0.4994
vn 0.5813 0.7061 0.4044
vn 0.6543 0.6719 0.3471
vn 0.7072 0.6391 0.3023
vn 0.7574 0.6299 0.1717
vn 0.4600 0.8868 -0.0436
vn 0.5802 0.8126 0.0555
vn 0.6736 0.7295 0.1187
vn 0.7504 0.6378 0.1736
vn 0.5076 0.8605 -0.0441
vn 0.6128 0.7875 0.0660
vn 0.6872 0.7148 0.1298
vn 0.7491 0.6362 0.1846
vn 0.5659 0.8224 -0.0580
vn 0.6525 0.7554 0.0602
vn 0.7053 0.6973 0.1277
vn 0.7513 0.6331 0.1862
vn 0.8805 0.2986 0.3680
vn 0.8551 0.3684 0.3649
vn 0.8446 0.4192 0.3329
vn 0.8416 0.4603 0.2826
vn 0.8517 0.4373 0.2889
vn 0.8240 0.4862 0.2909
vn 0.8072 0.5245 0.2709
vn 0.7950 0.5611 0.2305
vn 0.8109 0.5391 0.2276
vn 0.7964 0.5568 0.2363
vn 0.7880 0.5704 0.2316
vn 0.7803 0.5933 0.1976
vn 0.7957 0.5998 -0.0845
vn 0.7047 0.7048 -0.0811
vn 0.6691 0.7385 -0.0840
vn 0.6209 0.7804 -0.0744
vn 0.8324 0.5428 0.1113
vn 0.7590 0.6453 0.0868
vn 0.7316 0.6784 0.0675
vn 0.6912 0.7203 0.0585
vn 0.8396 0.4998 0.2127
vn 0.7808 0.6006 0.1723
vn 0.7616 0.6318 0.1443
vn 0.7308 0.6713 0.1236
vn 0.1262 0.6306 -0.7658
vn -0.0071 0.3003 -0.9538
vn 0.0552 0.4392 -0.8967
vn 0.0963 0.5408 -0.8356
vn 0.1229 0.6390 -0.7593
vn -0.0146 0.3700 -0.9289
vn 0.0423 0.4879 -0.8719
vn 0.0822 0.5581 -0.8257
vn 0.1119 0.6372 -0.7625
vn 0.0105 0.4207 -0.9072
vn 0.0537 0.5259 -0.8488
vn 0.0829 0.5715 -0.8164
vn 0.1109 0.6339 -0.7655
vn 0.2134 0.8870 -0.4095
vn 0.2317 0.8606 -0.4536
vn 0.2663 0.8225 -0.5026
vn 0.3018 0.7804 -0.5477
vn 0.1672 0.8130 -0.5577
vn 0.1695 0.7878 -0.5921
vn 0.1896 0.7556 -0.6270
vn 0.2052 0.7205 -0.6624
vn 0.1442 0.7303 -0.6677
vn 0.1388 0.7154 -0.6848
vn 0.1474 0.6977 -0.7010
vn 0.1603 0.6717 -0.7233
vn 0.3761 0.5999 -0.7062
vn 0.2087 0.5432 -0.8132
vn 0.1182 0.5005 -0.8576
vn 0.0551 0.4614 -0.8855
vn 0.3389 0.7049 -0.6231
vn 0.2040 0.6455 -0.7360
vn 0.1336 0.6012 -0.7878
vn 0.0858 0.5621 -0.8226
vn 0.3284 0.7385 -0.5889
vn 0.2118 0.6786 -0.7033
vn 0.1525 0.6323 -0.7596
vn 0.1108 0.5942 -0.7967
vn -0.0000 -0.8281 0.5606
vn 0.0754 -0.4197 0.9045
vn 0.0914 -0.5167 0.8513
vn 0.0664 -0.5818 0.8106
vn 0.0193 -0.6310 0.7756
vn 0.0388 -0.6229 0.7813
vn 0.0566 -0.6783 0.7326
vn 0.0441 -0.7174 0.6953
vn 0.0105 -0.7534 0.6575
vn 0.0208 -0.7520 0.6588
vn 0.0346 -0.7621 0.6466
vn 0.0299 -0.7698 0.6376
vn -0.0003 -0.7897 0.6135
vn -0.2827 -0.7795 0.5589
vn -0.2122 -0.8806 0.4238
vn -0.1789 -0.9119 0.3692
vn -0.1252 -0.9457 0.3001
vn -0.1324 -0.7228 0.6782
vn -0.0986 -0.8317 0.5464
vn -0.0853 -0.8652 0.4940
vn -0.0543 -0.9028 0.4266
vn -0.0452 -0.6761 0.7354
vn -0.0355 -0.7913 0.6105
vn -0.0367 -0.8252 0.5637
vn -0.0239 -0.8642 0.5025
vn 0.0360 -0.9960 0.0819
vn 0.0484 -0.9705 0.2363
vn 0.0406 -0.9275 0.3717
vn 0.0253 -0.8560 0.5163
vn -0.0051 -0.9886 0.1502
vn 0.0215 -0.9528 0.3027
vn 0.0218 -0.9089 0.4165
vn 0.0277 -0.8431 0.5370
vn -0.0637 -0.9722 0.2253
vn -0.0109 -0.9304 0.3665
vn 0.0080 -0.8915 0.4529
vn 0.0203 -0.8334 0.5523
vn 0.1334 -0.9865 0.0949
vn 0.2830 -0.9492 0.1378
vn 0.4521 -0.8737 0.1796
vn 0.6157 -0.7570 0.2190
vn 0.7600 -0.5981 0.2543
vn 0.8681 -0.4083 0.2823
vn 0.9321 -0.2017 0.3008
vn 0.1324 -0.9885 0.0727
vn 0.2745 -0.9552 0.1103
vn 0.4430 -0.8835 0.1523
vn 0.6137 -0.7656 0.1930
vn 0.7661 -0.6009 0.2283
vn 0.8794 -0.4031 0.2532
vn 0.9442 -0.1952 0.2653
vn 0.1398 -0.9890 0.0484
vn 0.2760 -0.9573 0.0863
vn 0.4424 -0.8877 0.1279
vn 0.6158 -0.7693 0.1701
vn 0.7711 -0.6022 0.2066
vn 0.8862 -0.4012 0.2318
vn 0.9504 -0.1930 0.2439
vn 0.1542 -0.9876 0.0294
vn 0.2850 -0.9562 0.0674
vn 0.4480 -0.8872 0.1102
vn 0.6210 -0.7688 0.1529
vn 0.7764 -0.6009 0.1899
vn 0.8911 -0.3989 0.2161
vn 0.9544 -0.1913 0.2292
vn 0.1704 -0.9852 0.0204
vn 0.2981 -0.9528 0.0569
vn 0.4579 -0.8835 0.0986
vn 0.6284 -0.7650 0.1407
vn 0.7823 -0.5970 0.1776
vn 0.8955 -0.3956 0.2041
vn 0.9574 -0.1894 0.2179
vn 0.1842 -0.9826 0.0219
vn 0.3103 -0.9490 0.0552
vn 0.4678 -0.8788 0.0939
vn 0.6361 -0.7600 0.1336
vn 0.7879 -0.5922 0.1687
vn 0.8993 -0.3918 0.1941
vn 0.9601 -0.1875 0.2076
vn 0.1926 -0.9809 0.0286
vn 0.3184 -0.9462 0.0576
vn 0.4750 -0.8751 0.0924
vn 0.6420 -0.7558 0.1287
vn 0.7925 -0.5883 0.1611
vn 0.9026 -0.3888 0.1847
vn 0.9625 -0.1860 0.1975
vn 0.0175 -0.9997 -0.0144
vn 0.0291 -0.9992 -0.0263
vn 0.0214 -0.9990 -0.0392
vn 0.0115 -0.9986 -0.0514
vn 0.0062 -0.9981 -0.0619
vn 0.0087 -0.9976 -0.0694
vn 0.0163 -0.9972 -0.0729
vn 0.0058 -0.9998 -0.0192
vn 0.0177 -0.9994 -0.0304
vn 0.0124 -0.9990 -0.0430
vn 0.0040 -0.9985 -0.0546
vn -0.0001 -0.9980 -0.0638
vn 0.0041 -0.9976 -0.0696
vn 0.0139 -0.9973 -0.0718
vn -0.0013 -0.9992 -0.0391
vn 0.0101 -0.9988 -0.0479
vn 0.0062 -0.9983 -0.0584
vn -0.0008 -0.9977 -0.0680
vn -0.0035 -0.9972 -0.0750
vn 0.0020 -0.9969 -0.0786
vn 0.0135 -0.9968 -0.0794
vn -0.0088 -0.9985 -0.0541
vn 0.0026 -0.9981 -0.0612
vn 0.0001 -0.9976 -0.0696
vn -0.0051 -0.9970 -0.0770
vn -0.0064 -0.9966 -0.0817
vn 0.0002 -0.9965 -0.0835
vn 0.0128 -0.9965 -0.0831
vn -0.0181 -0.9982 -0.0573
vn -0.0061 -0.9980 -0.0625
vn -0.0069 -0.9976 -0.0688
vn -0.0104 -0.9972 -0.0740
vn -0.0103 -0.9970 -0.0769
vn -0.0030 -0.9970 -0.0775
vn 0.0104 -0.9970 -0.0764
vn -0.0287 -0.9985 -0.0457
vn -0.0158 -0.9987 -0.0485
vn -0.0151 -0.9985 -0.0526
vn -0.0172 -0.9983 -0.0561
vn -0.0161 -0.9982 -0.0579
vn -0.0083 -0.9983 -0.0578
vn 0.0055 -0.9984 -0.0563
vn -0.0379 -0.9989 -0.0258
vn -0.0247 -0.9994 -0.0261
vn -0.0232 -0.9993 -0.0281
vn -0.0245 -0.9992 -0.0301
vn -0.0228 -0.9993 -0.0311
vn -0.0147 -0.9994 -0.0306
vn -0.0007 -0.9996 -0.0288
vn 0.0409 -0.9985 0.0364
vn 0.0239 -0.9994 0.0255
vn 0.0071 -0.9998 0.0161
vn -0.0075 -0.9999 0.0104
vn -0.0150 -0.9999 0.0083
vn -0.0143 -0.9999 0.0093
vn -0.0093 -0.9999 0.0109
vn 0.0277 -0.9880 0.1517
vn 0.0081 -0.9912 0.1323
vn -0.0098 -0.9931 0.1173
vn -0.0229 -0.9940 0.1067
vn -0.0303 -0.9943 0.1023
vn -0.0302 -0.9943 0.1020
vn -0.0266 -0.9943 0.1031
vn 0.0074 -0.9532 0.3022
vn -0.0131 -0.9601 0.2794
vn -0.0338 -0.9644 0.2622
vn -0.0458 -0.9668 0.2515
vn -0.0536 -0.9677 0.2465
vn -0.0547 -0.9677 0.2461
vn -0.0531 -0.9675 0.2473
vn -0.0152 -0.8786 0.4773
vn -0.0388 -0.8867 0.4608
vn -0.0602 -0.8918 0.4484
vn -0.0743 -0.8944 0.4411
vn -0.0833 -0.8950 0.4382
vn -0.0865 -0.8942 0.4393
vn -0.0879 -0.8931 0.4412
vn -0.0371 -0.7418 0.6696
vn -0.0650 -0.7446 0.6643
vn -0.0876 -0.7471 0.6590
vn -0.1041 -0.7474 0.6562
vn -0.1149 -0.7453 0.6568
vn -0.1211 -0.7419 0.6595
vn -0.1262 -0.7389 0.6619
vn -0.0538 -0.5296 0.8465
vn -0.0872 -0.5215 0.8488
vn -0.1110 -0.5179 0.8482
vn -0.1279 -0.5139 0.8483
vn -0.1400 -0.5087 0.8495
vn -0.1491 -0.5031 0.8513
vn -0.1579 -0.4988 0.8522
vn -0.0626 -0.2584 0.9640
vn -0.1008 -0.2490 0.9632
vn -0.1238 -0.2448 0.9616
vn -0.1397 -0.2411 0.9604
vn -0.1519 -0.2373 0.9595
vn -0.1628 -0.2336 0.9586
vn -0.1741 -0.2309 0.9573
vn 0.1904 -0.9809 0.0408
vn 0.3183 -0.9460 0.0613
vn 0.4768 -0.8746 0.0883
vn 0.6452 -0.7549 0.1180
vn 0.7964 -0.5871 0.1451
vn 0.9068 -0.3878 0.1652
vn 0.9667 -0.1855 0.1762
vn 0.1805 -0.9826 0.0433
vn 0.3106 -0.9486 0.0600
vn 0.4718 -0.8777 0.0838
vn 0.6427 -0.7581 0.1108
vn 0.7959 -0.5899 0.1360
vn 0.9077 -0.3899 0.1550
vn 0.9684 -0.1865 0.1657
vn 0.1680 -0.9852 0.0341
vn 0.3013 -0.9523 0.0482
vn 0.4660 -0.8820 0.0701
vn 0.6400 -0.7624 0.0962
vn 0.7954 -0.5937 0.1214
vn 0.9087 -0.3927 0.1412
vn 0.9701 -0.1879 0.1537
vn 0.1578 -0.9875 0.0041
vn 0.2947 -0.9554 0.0175
vn 0.4628 -0.8856 0.0396
vn 0.6394 -0.7659 0.0674
vn 0.7960 -0.5977 0.0958
vn 0.9103 -0.3962 0.1199
vn 0.9722 -0.1898 0.1374
vn 0.1525 -0.9872 -0.0458
vn 0.2934 -0.9555 -0.0310
vn 0.4638 -0.8859 -0.0057
vn 0.6408 -0.7673 0.0253
vn 0.7974 -0.6007 0.0580
vn 0.9121 -0.4002 0.0892
vn 0.9745 -0.1925 0.1151
vn 0.1543 -0.9820 -0.1089
vn 0.2986 -0.9501 -0.0906
vn 0.4697 -0.8806 -0.0626
vn 0.6435 -0.7650 -0.0281
vn 0.7979 -0.6028 0.0096
vn 0.9127 -0.4058 0.0475
vn 0.9769 -0.1969 0.0825
vn 0.1618 -0.9720 -0.1706
vn 0.3113 -0.9381 -0.1518
vn 0.4802 -0.8686 -0.1221
vn 0.6469 -0.7577 -0.0862
vn 0.7951 -0.6047 -0.0470
vn 0.9092 -0.4163 -0.0069
vn 0.9778 -0.2066 0.0336
vn 0.0279 -0.9990 0.0349
vn 0.0525 -0.9979 0.0384
vn 0.0718 -0.9966 0.0406
vn 0.0783 -0.9961 0.0397
vn 0.0746 -0.9966 0.0361
vn 0.0675 -0.9972 0.0309
vn 0.0697 -0.9972 0.0269
vn 0.0214 -0.9979 0.0616
vn 0.0457 -0.9969 0.0644
vn 0.0643 -0.9958 0.0653
vn 0.0699 -0.9956 0.0625
vn 0.0649 -0.9963 0.0558
vn 0.0565 -0.9973 0.0468
vn 0.0580 -0.9976 0.0382
vn 0.0165 -0.9968 0.0779
vn 0.0400 -0.9960 0.0795
vn 0.0575 -0.9952 0.0786
vn 0.0613 -0.9955 0.0729
vn 0.0540 -0.9966 0.0626
vn 0.0432 -0.9978 0.0493
vn 0.0431 -0.9984 0.0363
vn 0.0148 -0.9971 0.0740
vn 0.0369 -0.9966 0.0737
vn 0.0528 -0.9962 0.0698
vn 0.0542 -0.9967 0.0601
vn 0.0441 -0.9980 0.0453
vn 0.0306 -0.9992 0.0274
vn 0.0290 -0.9995 0.0106
vn 0.0157 -0.9986 0.0508
vn 0.0358 -0.9982 0.0479
vn 0.0494 -0.9980 0.0400
vn 0.0482 -0.9985 0.0255
vn 0.0353 -0.9994 0.0056
vn 0.0194 -0.9997 -0.0167
vn 0.0171 -0.9992 -0.0370
vn 0.0181 -0.9997 0.0137
vn 0.0354 -0.9993 0.0078
vn 0.0462 -0.9989 -0.0044
vn 0.0425 -0.9988 -0.0237
vn 0.0274 -0.9985 -0.0480
vn 0.0094 -0.9972 -0.0745
vn 0.0072 -0.9951 -0.0986
vn 0.0200 -0.9995 -0.0248
vn 0.0338 -0.9989 -0.0333
vn 0.0413 -0.9980 -0.0488
vn 0.0354 -0.9968 -0.0710
vn 0.0183 -0.9951 -0.0971
vn -0.0021 -0.9922 -0.1245
vn -0.0045 -0.9888 -0.1491
vn 0.0029 -1.0000 0.0053
vn 0.0091 -0.9999 -0.0049
vn 0.0099 -0.9997 -0.0211
vn -0.0000 -0.9992 -0.0405
vn -0.0199 -0.9981 -0.0587
vn -0.0460 -0.9963 -0.0725
vn -0.0666 -0.9948 -0.0771
vn -0.0199 -0.9951 0.0969
vn -0.0173 -0.9961 0.0868
vn -0.0197 -0.9972 0.0718
vn -0.0312 -0.9980 0.0554
vn -0.0515 -0.9978 0.0429
vn -0.0786 -0.9962 0.0388
vn -0.1051 -0.9934 0.0457
vn -0.0525 -0.9690 0.2413
vn -0.0536 -0.9713 0.2317
vn -0.0589 -0.9741 0.2183
vn -0.0719 -0.9762 0.2048
vn -0.0919 -0.9762 0.1964
vn -0.1184 -0.9734 0.1962
vn -0.1484 -0.9671 0.2065
vn -0.0945 -0.8949 0.4361
vn -0.0994 -0.8986 0.4274
vn -0.1075 -0.9032 0.4156
vn -0.1217 -0.9066 0.4041
vn -0.1417 -0.9071 0.3964
vn -0.1677 -0.9035 0.3943
vn -0.1971 -0.8956 0.3989
vn -0.1409 -0.7399 0.6578
vn -0.1495 -0.7446 0.6505
vn -0.1603 -0.7507 0.6409
vn -0.1752 -0.7558 0.6309
vn -0.1951 -0.7578 0.6227
vn -0.2203 -0.7562 0.6161
vn -0.2493 -0.7525 0.6096
vn -0.1797 -0.4985 0.8481
vn -0.1913 -0.5027 0.8430
vn -0.2038 -0.5085 0.8366
vn -0.2188 -0.5141 0.8294
vn -0.2375 -0.5180 0.8217
vn -0.2619 -0.5212 0.8122
vn -0.2937 -0.5283 0.7967
vn -0.1999 -0.2303 0.9524
vn -0.2127 -0.2324 0.9491
vn -0.2255 -0.2353 0.9454
vn -0.2393 -0.2383 0.9412
vn -0.2562 -0.2412 0.9361
vn -0.2797 -0.2447 0.9284
vn -0.3173 -0.2534 0.9138
vn -0.6645 -0.7428 -0.0819
vn -0.9036 -0.4282 -0.0139
vn -0.8717 -0.4899 -0.0084
vn -0.8473 -0.5296 -0.0388
vn -0.8247 -0.5590 -0.0865
vn -0.8114 -0.5828 -0.0455
vn -0.7861 -0.6171 -0.0342
vn -0.7654 -0.6416 -0.0499
vn -0.7416 -0.6656 -0.0837
vn -0.7217 -0.6900 -0.0552
vn -0.7216 -0.6907 -0.0472
vn -0.7211 -0.6906 -0.0560
vn -0.7064 -0.7024 -0.0876
vn -0.6706 -0.6572 -0.3440
vn -0.5752 -0.7703 -0.2755
vn -0.5305 -0.8133 -0.2390
vn -0.4720 -0.8616 -0.1864
vn -0.7661 -0.6105 -0.2011
vn -0.6766 -0.7182 -0.1623
vn -0.6354 -0.7585 -0.1444
vn -0.5852 -0.8032 -0.1111
vn -0.7991 -0.5848 -0.1398
vn -0.7127 -0.6911 -0.1201
vn -0.6754 -0.7284 -0.1151
vn -0.6263 -0.7737 -0.0958
vn -0.2229 -0.9748 0.0096
vn -0.3803 -0.9249 0.0015
vn -0.5014 -0.8649 -0.0254
vn -0.6160 -0.7864 -0.0454
vn -0.3129 -0.9491 -0.0367
vn -0.4568 -0.8893 -0.0212
vn -0.5482 -0.8356 -0.0354
vn -0.6383 -0.7684 -0.0450
vn -0.3985 -0.9107 -0.1089
vn -0.5265 -0.8478 -0.0642
vn -0.5877 -0.8064 -0.0657
vn -0.6556 -0.7529 -0.0580
vn 0.1794 -0.1896 -0.9653
vn 0.1703 -0.1911 -0.9667
vn 0.1610 -0.1929 -0.9679
vn 0.1503 -0.1944 -0.9693
vn 0.1359 -0.1957 -0.9712
vn 0.1142 -0.1975 -0.9736
vn 0.0766 -0.2036 -0.9761
vn 0.1689 -0.3954 -0.9028
vn 0.1598 -0.3984 -0.9032
vn 0.1502 -0.4019 -0.9033
vn 0.1383 -0.4048 -0.9039
vn 0.1225 -0.4063 -0.9055
vn 0.1006 -0.4073 -0.9077
vn 0.0693 -0.4117 -0.9087
vn 0.1495 -0.5954 -0.7894
vn 0.1413 -0.5994 -0.7879
vn 0.1317 -0.6040 -0.7860
vn 0.1188 -0.6072 -0.7856
vn 0.1023 -0.6079 -0.7874
vn 0.0806 -0.6059 -0.7914
vn 0.0530 -0.6021 -0.7967
vn 0.1234 -0.7615 -0.6364
vn 0.1166 -0.7657 -0.6326
vn 0.1076 -0.7705 -0.6283
vn 0.0941 -0.7737 -0.6265
vn 0.0771 -0.7735 -0.6291
vn 0.0554 -0.7686 -0.6373
vn 0.0305 -0.7595 -0.6498
vn 0.0949 -0.8786 -0.4681
vn 0.0904 -0.8823 -0.4619
vn 0.0824 -0.8868 -0.4547
vn 0.0682 -0.8901 -0.4506
vn 0.0499 -0.8902 -0.4528
vn 0.0276 -0.8857 -0.4635
vn 0.0057 -0.8755 -0.4833
vn 0.0690 -0.9479 -0.3110
vn 0.0674 -0.9508 -0.3025
vn 0.0609 -0.9544 -0.2921
vn 0.0462 -0.9576 -0.2845
vn 0.0254 -0.9585 -0.2841
vn 0.0026 -0.9562 -0.2926
vn -0.0198 -0.9500 -0.3116
vn 0.0493 -0.9816 -0.1846
vn 0.0511 -0.9833 -0.1745
vn 0.0469 -0.9858 -0.1615
vn 0.0322 -0.9881 -0.1503
vn 0.0090 -0.9894 -0.1447
vn -0.0163 -0.9889 -0.1477
vn -0.0368 -0.9868 -0.1576
vn 0.0365 -0.9971 -0.0666
vn 0.0461 -0.9974 -0.0553
vn 0.0482 -0.9980 -0.0406
vn 0.0358 -0.9990 -0.0256
vn 0.0120 -0.9999 -0.0122
vn -0.0148 -0.9999 0.0003
vn -0.0227 -0.9996 0.0162
vn 0.0408 -0.9971 -0.0646
vn 0.0543 -0.9970 -0.0548
vn 0.0603 -0.9973 -0.0417
vn 0.0507 -0.9983 -0.0283
vn 0.0290 -0.9995 -0.0152
vn 0.0041 -1.0000 -0.0019
vn -0.0049 -0.9999 0.0148
vn 0.0455 -0.9964 -0.0720
vn 0.0627 -0.9960 -0.0636
vn 0.0727 -0.9959 -0.0531
vn 0.0667 -0.9969 -0.0424
vn 0.0481 -0.9983 -0.0315
vn 0.0258 -0.9995 -0.0198
vn 0.0168 -0.9998 -0.0051
vn 0.0484 -0.9959 -0.0758
vn 0.0686 -0.9953 -0.0688
vn 0.0820 -0.9948 -0.0606
vn 0.0799 -0.9954 -0.0527
vn 0.0652 -0.9969 -0.0444
vn 0.0462 -0.9983 -0.0347
vn 0.0384 -0.9990 -0.0216
vn 0.0484 -0.9964 -0.0692
vn 0.0706 -0.9955 -0.0631
vn 0.0865 -0.9946 -0.0568
vn 0.0879 -0.9948 -0.0512
vn 0.0773 -0.9960 -0.0454
vn 0.0623 -0.9973 -0.0380
vn 0.0570 -0.9980 -0.0270
vn 0.0450 -0.9978 -0.0493
vn 0.0687 -0.9967 -0.0439
vn 0.0863 -0.9955 -0.0386
vn 0.0904 -0.9953 -0.0347
vn 0.0833 -0.9960 -0.0312
vn 0.0721 -0.9970 -0.0266
vn 0.0700 -0.9974 -0.0186
vn 0.0399 -0.9990 -0.0218
vn 0.0643 -0.9978 -0.0169
vn 0.0831 -0.9965 -0.0127
vn 0.0888 -0.9960 -0.0103
vn 0.0841 -0.9964 -0.0090
vn 0.0756 -0.9971 -0.0074
vn 0.0761 -0.9971 -0.0033
vn 0.2923 -0.2113 -0.9327
vn 0.2602 -0.2038 -0.9438
vn 0.2416 -0.2003 -0.9495
vn 0.2286 -0.1971 -0.9534
vn 0.2185 -0.1938 -0.9564
vn 0.2086 -0.1910 -0.9592
vn 0.1987 -0.1893 -0.9616
vn 0.2736 -0.4250 -0.8628
vn 0.2494 -0.4178 -0.8736
vn 0.2322 -0.4135 -0.8804
vn 0.2192 -0.4085 -0.8860
vn 0.2084 -0.4028 -0.8912
vn 0.1981 -0.3977 -0.8959
vn 0.1880 -0.3946 -0.8994
vn 0.2452 -0.6138 -0.7505
vn 0.2245 -0.6141 -0.7566
vn 0.2083 -0.6127 -0.7624
vn 0.1960 -0.6089 -0.7686
vn 0.1851 -0.6034 -0.7757
vn 0.1756 -0.5977 -0.7822
vn 0.1667 -0.5941 -0.7869
vn 0.2100 -0.7648 -0.6091
vn 0.1903 -0.7710 -0.6077
vn 0.1739 -0.7734 -0.6096
vn 0.1620 -0.7719 -0.6148
vn 0.1513 -0.7677 -0.6227
vn 0.1434 -0.7630 -0.6303
vn 0.1366 -0.7599 -0.6356
vn 0.1710 -0.8743 -0.4542
vn 0.1522 -0.8823 -0.4454
vn 0.1353 -0.8857 -0.4441
vn 0.1227 -0.8855 -0.4482
vn 0.1128 -0.8828 -0.4559
vn 0.1068 -0.8794 -0.4639
vn 0.1027 -0.8771 -0.4693
vn 0.1318 -0.9454 -0.2979
vn 0.1135 -0.9506 -0.2891
vn 0.0977 -0.9526 -0.2880
vn 0.0843 -0.9525 -0.2926
vn 0.0753 -0.9507 -0.3008
vn 0.0715 -0.9484 -0.3088
vn 0.0704 -0.9468 -0.3141
vn 0.0938 -0.9826 -0.1602
vn 0.0790 -0.9844 -0.1574
vn 0.0644 -0.9850 -0.1599
vn 0.0513 -0.9846 -0.1673
vn 0.0434 -0.9834 -0.1764
vn 0.0418 -0.9819 -0.1845
vn 0.0437 -0.9809 -0.1893
vn 0.2365 -0.7046 -0.6691
vn 0.1180 -0.9678 -0.2223
vn 0.1131 -0.9390 -0.3249
vn 0.0835 -0.8952 -0.4379
vn 0.0571 -0.8477 -0.5273
vn 0.1873 -0.9055 -0.3807
vn 0.1885 -0.8660 -0.4631
vn 0.1845 -0.8233 -0.5368
vn 0.1693 -0.7810 -0.6011
vn 0.2195 -0.8359 -0.5030
vn 0.2141 -0.8058 -0.5521
vn 0.2153 -0.7793 -0.5885
vn 0.2044 -0.7413 -0.6392
vn 0.0127 -0.6365 -0.7712
vn 0.1842 -0.5782 -0.7948
vn 0.2566 -0.5435 -0.7992
vn 0.3163 -0.5076 -0.8014
vn 0.0248 -0.7531 -0.6574
vn 0.1725 -0.6906 -0.7023
vn 0.2293 -0.6561 -0.7190
vn 0.2761 -0.6223 -0.7325
vn 0.0342 -0.7961 -0.6042
vn 0.1660 -0.7312 -0.6617
vn 0.2129 -0.6942 -0.6875
vn 0.2524 -0.6613 -0.7064
vn 0.3978 -0.3354 -0.8540
vn 0.3345 -0.5025 -0.7973
vn 0.2858 -0.6250 -0.7264
vn 0.2488 -0.7408 -0.6240
vn 0.3987 -0.4128 -0.8189
vn 0.3377 -0.5519 -0.7625
vn 0.2938 -0.6349 -0.7145
vn 0.2556 -0.7248 -0.6398
vn 0.3665 -0.4664 -0.8051
vn 0.3165 -0.5882 -0.7442
vn 0.2867 -0.6421 -0.7110
vn 0.2525 -0.7122 -0.6550
vn -0.9362 -0.3295 -0.1223
vn -0.8360 -0.5370 -0.1126
vn -0.7078 -0.7003 -0.0924
vn -0.5667 -0.8211 -0.0682
vn -0.4229 -0.9051 -0.0442
vn -0.2816 -0.9593 -0.0210
vn -0.1482 -0.9890 -0.0030
vn -0.9316 -0.3339 -0.1438
vn -0.8293 -0.5432 -0.1309
vn -0.6943 -0.7108 -0.1125
vn -0.5469 -0.8325 -0.0889
vn -0.4004 -0.9141 -0.0638
vn -0.2603 -0.9647 -0.0398
vn -0.1367 -0.9904 -0.0210
vn -0.9277 -0.3411 -0.1518
vn -0.8221 -0.5515 -0.1415
vn -0.6836 -0.7193 -0.1235
vn -0.5317 -0.8407 -0.1026
vn -0.3843 -0.9197 -0.0798
vn -0.2462 -0.9675 -0.0579
vn -0.1311 -0.9904 -0.0434
vn -0.9250 -0.3466 -0.1556
vn -0.8167 -0.5579 -0.1476
vn -0.6754 -0.7256 -0.1315
vn -0.5229 -0.8451 -0.1112
vn -0.3746 -0.9228 -0.0903
vn -0.2411 -0.9678 -0.0720
vn -0.1308 -0.9896 -0.0590
vn -0.9232 -0.3498 -0.1589
vn -0.8135 -0.5617 -0.1509
vn -0.6710 -0.7291 -0.1348
vn -0.5185 -0.8474 -0.1147
vn -0.3720 -0.9234 -0.0943
vn -0.2418 -0.9673 -0.0766
vn -0.1354 -0.9887 -0.0636
vn -0.9218 -0.3513 -0.1637
vn -0.8120 -0.5634 -0.1525
vn -0.6696 -0.7306 -0.1337
vn -0.5180 -0.8481 -0.1115
vn -0.3736 -0.9233 -0.0896
vn -0.2464 -0.9666 -0.0705
vn -0.1429 -0.9881 -0.0561
vn -0.9204 -0.3521 -0.1698
vn -0.8111 -0.5644 -0.1536
vn -0.6695 -0.7313 -0.1304
vn -0.5191 -0.8483 -0.1047
vn -0.3765 -0.9230 -0.0799
vn -0.2514 -0.9661 -0.0584
vn -0.1500 -0.9878 -0.0415
vn -0.0472 -0.9987 0.0179
vn -0.0351 -0.9991 0.0224
vn -0.0345 -0.9991 0.0238
vn -0.0362 -0.9991 0.0241
vn -0.0349 -0.9991 0.0245
vn -0.0269 -0.9993 0.0258
vn -0.0130 -0.9995 0.0283
vn -0.0466 -0.9981 0.0392
vn -0.0362 -0.9983 0.0458
vn -0.0372 -0.9981 0.0489
vn -0.0403 -0.9979 0.0503
vn -0.0398 -0.9979 0.0513
vn -0.0323 -0.9981 0.0529
vn -0.0186 -0.9983 0.0555
vn -0.0411 -0.9979 0.0505
vn -0.0327 -0.9977 0.0590
vn -0.0360 -0.9973 0.0636
vn -0.0412 -0.9970 0.0661
vn -0.0421 -0.9968 0.0677
vn -0.0353 -0.9969 0.0698
vn -0.0221 -0.9971 0.0725
vn -0.0299 -0.9987 0.0417
vn -0.0233 -0.9984 0.0518
vn -0.0292 -0.9979 0.0578
vn -0.0370 -0.9974 0.0614
vn -0.0398 -0.9972 0.0640
vn -0.0341 -0.9972 0.0668
vn -0.0216 -0.9973 0.0699
vn -0.0142 -0.9998 0.0138
vn -0.0091 -0.9996 0.0256
vn -0.0176 -0.9993 0.0328
vn -0.0280 -0.9989 0.0377
vn -0.0328 -0.9986 0.0414
vn -0.0285 -0.9986 0.0451
vn -0.0174 -0.9987 0.0485
vn 0.0044 -0.9996 -0.0268
vn 0.0078 -0.9999 -0.0126
vn -0.0035 -1.0000 -0.0044
vn -0.0160 -0.9999 0.0010
vn -0.0227 -0.9997 0.0055
vn -0.0199 -0.9998 0.0100
vn -0.0105 -0.9999 0.0136
vn 0.0220 -0.9980 -0.0586
vn 0.0234 -0.9987 -0.0446
vn 0.0092 -0.9992 -0.0380
vn -0.0049 -0.9994 -0.0340
vn -0.0126 -0.9995 -0.0301
vn -0.0110 -0.9996 -0.0259
vn -0.0032 -0.9997 -0.0225
vn -0.9172 -0.3535 -0.1837
vn -0.8089 -0.5667 -0.1566
vn -0.6683 -0.7335 -0.1237
vn -0.5193 -0.8498 -0.0900
vn -0.3784 -0.9238 -0.0585
vn -0.2553 -0.9664 -0.0312
vn -0.1558 -0.9878 -0.0087
vn -0.9157 -0.3540 -0.1900
vn -0.8077 -0.5680 -0.1579
vn -0.6673 -0.7350 -0.1205
vn -0.5183 -0.8511 -0.0830
vn -0.3772 -0.9249 -0.0485
vn -0.2537 -0.9671 -0.0181
vn -0.1540 -0.9880 0.0072
vn -0.9144 -0.3539 -0.1968
vn -0.8065 -0.5685 -0.1625
vn -0.6660 -0.7358 -0.1228
vn -0.5167 -0.8521 -0.0833
vn -0.3745 -0.9260 -0.0466
vn -0.2495 -0.9683 -0.0141
vn -0.1485 -0.9888 0.0136
vn -0.9130 -0.3525 -0.2056
vn -0.8046 -0.5678 -0.1739
vn -0.6639 -0.7354 -0.1360
vn -0.5140 -0.8522 -0.0974
vn -0.3703 -0.9269 -0.0609
vn -0.2428 -0.9697 -0.0277
vn -0.1393 -0.9903 0.0014
vn -0.9110 -0.3498 -0.2183
vn -0.8015 -0.5657 -0.1936
vn -0.6607 -0.7332 -0.1608
vn -0.5105 -0.8508 -0.1249
vn -0.3664 -0.9260 -0.0910
vn -0.2350 -0.9702 -0.0593
vn -0.1279 -0.9913 -0.0299
vn -0.9073 -0.3467 -0.2378
vn -0.7960 -0.5632 -0.2217
vn -0.6555 -0.7297 -0.1945
vn -0.5069 -0.8463 -0.1640
vn -0.3630 -0.9222 -0.1333
vn -0.2299 -0.9676 -0.1042
vn -0.1160 -0.9903 -0.0765
vn -0.8974 -0.3475 -0.2718
vn -0.7843 -0.5639 -0.2587
vn -0.6469 -0.7249 -0.2368
vn -0.5028 -0.8383 -0.2108
vn -0.3617 -0.9142 -0.1827
vn -0.2297 -0.9605 -0.1572
vn -0.1059 -0.9865 -0.1250
vn -0.5496 -0.7904 -0.2705
vn -0.1469 -0.9730 -0.1782
vn -0.2193 -0.9608 -0.1697
vn -0.3030 -0.9429 -0.1381
vn -0.3897 -0.9160 -0.0951
vn -0.2749 -0.9341 -0.2278
vn -0.3331 -0.9134 -0.2342
vn -0.3994 -0.8902 -0.2192
vn -0.4673 -0.8623 -0.1950
vn -0.3946 -0.8830 -0.2541
vn -0.4285 -0.8638 -0.2649
vn -0.4673 -0.8467 -0.2545
vn -0.5123 -0.8250 -0.2386
vn -0.6488 -0.7610 0.0031
vn -0.6925 -0.7029 -0.1624
vn -0.7072 -0.6608 -0.2513
vn -0.7157 -0.6230 -0.3156
vn -0.5185 -0.8539 -0.0436
vn -0.5762 -0.7980 -0.1767
vn -0.6039 -0.7581 -0.2461
vn -0.6236 -0.7236 -0.2958
vn -0.4623 -0.8844 -0.0645
vn -0.5287 -0.8295 -0.1802
vn -0.5661 -0.7893 -0.2378
vn -0.5916 -0.7560 -0.2800
vn -0.7955 -0.4646 -0.3890
vn -0.7045 -0.6231 -0.3398
vn -0.6163 -0.7264 -0.3041
vn -0.5099 -0.8141 -0.2779
vn -0.7473 -0.5356 -0.3934
vn -0.6625 -0.6628 -0.3490
vn -0.6027 -0.7324 -0.3167
vn -0.5205 -0.8028 -0.2909
vn -0.7255 -0.5843 -0.3637
vn -0.6397 -0.6931 -0.3322
vn -0.5985 -0.7381 -0.3114
vn -0.5348 -0.7943 -0.2883
vn -0.2341 -0.8374 0.4939
vn -0.0844 -0.9960 -0.0283
vn -0.0694 -0.9958 0.0602
vn -0.0323 -0.9852 0.1686
vn 0.0059 -0.9626 0.2709
vn -0.1540 -0.9804 0.1231
vn -0.1591 -0.9661 0.2034
vn -0.1402 -0.9458 0.2928
vn -0.1228 -0.9182 0.3765
vn -0.2000 -0.9404 0.2750
vn -0.2099 -0.9211 0.3278
vn -0.1995 -0.9021 0.3826
vn -0.1857 -0.8768 0.4434
vn 0.0716 -0.7896 0.6094
vn -0.1360 -0.7265 0.6736
vn -0.2480 -0.6748 0.6951
vn -0.3286 -0.6262 0.7071
vn 0.0523 -0.8967 0.4396
vn -0.1200 -0.8430 0.5243
vn -0.2119 -0.7978 0.5644
vn -0.2786 -0.7562 0.5921
vn 0.0376 -0.9293 0.3675
vn -0.1149 -0.8792 0.4625
vn -0.1945 -0.8350 0.5148
vn -0.2528 -0.7960 0.5500
vn -0.4323 -0.4117 0.8022
vn -0.3596 -0.6209 0.6965
vn -0.2990 -0.7587 0.5788
vn -0.2471 -0.8677 0.4313
vn -0.4291 -0.5085 0.7465
vn -0.3574 -0.6771 0.6433
vn -0.3055 -0.7672 0.5640
vn -0.2576 -0.8539 0.4523
vn -0.3891 -0.5748 0.7199
vn -0.3288 -0.7175 0.6141
vn -0.2949 -0.7742 0.5600
vn -0.2533 -0.8429 0.4747
vn 0.6792 -0.7178 -0.1533
vn 0.9302 -0.3366 -0.1467
vn 0.8894 -0.4179 -0.1850
vn 0.8600 -0.4786 -0.1768
vn 0.8361 -0.5300 -0.1420
vn 0.8531 -0.5014 -0.1443
vn 0.8125 -0.5544 -0.1801
vn 0.7820 -0.5968 -0.1797
vn 0.7529 -0.6396 -0.1551
vn 0.7683 -0.6229 -0.1475
vn 0.7515 -0.6370 -0.1719
vn 0.7401 -0.6499 -0.1729
vn 0.7205 -0.6774 -0.1485
vn 0.6744 -0.7235 0.1474
vn 0.5633 -0.8243 0.0561
vn 0.5149 -0.8571 0.0167
vn 0.4497 -0.8920 -0.0452
vn 0.7685 -0.6399 -0.0051
vn 0.6663 -0.7434 -0.0574
vn 0.6232 -0.7784 -0.0749
vn 0.5645 -0.8178 -0.1116
vn 0.8090 -0.5814 -0.0866
vn 0.7168 -0.6876 -0.1158
vn 0.6807 -0.7229 -0.1181
vn 0.6308 -0.7640 -0.1358
vn 0.2221 -0.9510 -0.2152
vn 0.3880 -0.8954 -0.2185
vn 0.5233 -0.8293 -0.1959
vn 0.6577 -0.7347 -0.1662
vn 0.2975 -0.9378 -0.1790
vn 0.4470 -0.8725 -0.1972
vn 0.5615 -0.8054 -0.1898
vn 0.6651 -0.7250 -0.1788
vn 0.3787 -0.9188 -0.1117
vn 0.5084 -0.8473 -0.1535
vn 0.5934 -0.7873 -0.1671
vn 0.6732 -0.7188 -0.1739
vn 0.6810 -0.6873 0.2528
vn 0.2035 -0.9725 0.1133
vn 0.3039 -0.9477 0.0974
vn 0.4167 -0.9071 0.0595
vn 0.5159 -0.8564 0.0190
vn 0.3663 -0.9117 0.1860
vn 0.4442 -0.8757 0.1896
vn 0.5269 -0.8333 0.1672
vn 0.5981 -0.7873 0.1495
vn 0.5097 -0.8296 0.2279
vn 0.5534 -0.7987 0.2363
vn 0.5991 -0.7688 0.2237
vn 0.6470 -0.7333 0.2091
vn 0.7726 -0.6329 -0.0492
vn 0.8073 -0.5701 0.1528
vn 0.8116 -0.5246 0.2571
vn 0.8104 -0.4842 0.3299
vn 0.6558 -0.7544 -0.0271
vn 0.7114 -0.6876 0.1452
vn 0.7325 -0.6401 0.2319
vn 0.7451 -0.5996 0.2921
vn 0.5977 -0.8016 -0.0130
vn 0.6660 -0.7326 0.1405
vn 0.6990 -0.6818 0.2157
vn 0.7188 -0.6412 0.2686
vn 0.8534 -0.3183 0.4127
vn 0.8031 -0.4809 0.3519
vn 0.7353 -0.6056 0.3044
vn 0.6351 -0.7253 0.2655
vn 0.8214 -0.3913 0.4149
vn 0.7704 -0.5284 0.3569
vn 0.7242 -0.6140 0.3138
vn 0.6491 -0.7089 0.2758
vn 0.8108 -0.4429 0.3826
vn 0.7545 -0.5641 0.3354
vn 0.7220 -0.6204 0.3063
vn 0.6655 -0.6952 0.2717
vn 0.0226 -0.6882 -0.7252
vn -0.0585 -0.3202 -0.9455
vn -0.0734 -0.3932 -0.9165
vn -0.0482 -0.4446 -0.8944
vn -0.0003 -0.4855 -0.8742
vn -0.0209 -0.4833 -0.8752
vn -0.0387 -0.5305 -0.8468
vn -0.0255 -0.5659 -0.8241
vn 0.0101 -0.6008 -0.7993
vn -0.0027 -0.6078 -0.7941
vn -0.0163 -0.6158 -0.7877
vn -0.0108 -0.6219 -0.7830
vn 0.0220 -0.6422 -0.7662
vn 0.3347 -0.6330 -0.6980
vn 0.2706 -0.7545 -0.5979
vn 0.2360 -0.8017 -0.5492
vn 0.1760 -0.8565 -0.4852
vn 0.1609 -0.5705 -0.8054
vn 0.1321 -0.6879 -0.7137
vn 0.1196 -0.7329 -0.6698
vn 0.0862 -0.7876 -0.6101
vn 0.0666 -0.5255 -0.8482
vn 0.0603 -0.6408 -0.7653
vn 0.0629 -0.6825 -0.7282
vn 0.0498 -0.7338 -0.6775
vn -0.0277 -0.9728 -0.2301
vn -0.0335 -0.9124 -0.4079
vn -0.0178 -0.8308 -0.5563
vn -0.0048 -0.7271 -0.6865
vn 0.0245 -0.9480 -0.3174
vn -0.0078 -0.8762 -0.4818
vn -0.0095 -0.7996 -0.6004
vn -0.0097 -0.7103 -0.7038
vn 0.1016 -0.9073 -0.4081
vn 0.0436 -0.8337 -0.5505
vn 0.0189 -0.7695 -0.6384
vn -0.0002 -0.6963 -0.7178
vt 0.981954 0.136042
vt 0.976043 0.110964
vt 0.983608 0.111654
vt 0.973947 0.134355
vt 0.968239 0.109568
vt 0.965370 0.131892
vt 0.960082 0.106682
vt 0.977618 0.091383
vt 0.984794 0.090615
vt 0.970596 0.091809
vt 0.963926 0.090447
vt 0.918625 0.107379
vt 0.942059 0.094991
vt 0.932980 0.116028
vt 0.931927 0.087131
vt 0.951072 0.078652
vt 0.944000 0.071141
vt 0.959808 0.066101
vt 0.951433 0.101687
vt 0.945324 0.122936
vt 0.957628 0.085574
vt 0.963919 0.074097
vt 0.984623 0.042649
vt 0.973851 0.038755
vt 0.982509 0.030927
vt 0.985449 0.056483
vt 0.976522 0.048946
vt 0.985442 0.072387
vt 0.977986 0.060941
vt 0.964709 0.047676
vt 0.968273 0.056488
vt 0.978356 0.074935
vt 0.970733 0.066460
vt 0.960082 0.106682
vt 0.955941 0.128209
vt 0.954841 0.058263
vt 0.959808 0.066101
vt 0.985442 0.072387
vt 0.971697 0.077858
vt 0.966638 0.080424
vt 0.987843 0.166229
vt 0.989677 0.137347
vt 0.979893 0.164290
vt 0.971529 0.162011
vt 0.962340 0.159049
vt 0.991053 0.112038
vt 0.992036 0.089791
vt 0.992691 0.070095
vt 0.903955 0.096058
vt 0.905948 0.134342
vt 0.877876 0.122063
vt 0.921913 0.078139
vt 0.936545 0.063525
vt 0.954841 0.058263
vt 0.924854 0.142929
vt 0.939729 0.149746
vt 0.951913 0.155063
vt 0.990924 0.023642
vt 0.977709 0.022302
vt 0.985980 0.013999
vt 0.992649 0.036952
vt 0.993005 0.052521
vt 0.992691 0.070095
vt 0.969036 0.031003
vt 0.959560 0.040501
vt 0.948880 0.051193
vt 0.169974 0.897908
vt 0.215262 0.914673
vt 0.176394 0.919057
vt 0.210979 0.892764
vt 0.257910 0.911489
vt 0.255000 0.889257
vt 0.303353 0.909223
vt 0.301306 0.886885
vt 0.350809 0.907668
vt 0.349415 0.885329
vt 0.399735 0.906698
vt 0.398874 0.884407
vt 0.449644 0.906211
vt 0.182254 0.935667
vt 0.261203 0.929396
vt 0.219748 0.932139
vt 0.305702 0.927323
vt 0.352405 0.925817
vt 0.400717 0.924817
vt 0.450106 0.924271
vt 0.187150 0.949096
vt 0.223888 0.946256
vt 0.308121 0.941990
vt 0.264472 0.943896
vt 0.354091 0.940515
vt 0.401778 0.939470
vt 0.450611 0.938854
vt 0.227396 0.957989
vt 0.191046 0.960390
vt 0.267412 0.955848
vt 0.310424 0.954004
vt 0.355778 0.952493
vt 0.402880 0.951362
vt 0.451148 0.950659
vt 0.230359 0.967993
vt 0.194146 0.970164
vt 0.270044 0.965926
vt 0.312605 0.964047
vt 0.357450 0.962438
vt 0.404008 0.961186
vt 0.451708 0.960379
vt 0.232960 0.976845
vt 0.196717 0.978926
vt 0.272471 0.974755
vt 0.314704 0.972775
vt 0.359113 0.971027
vt 0.405154 0.969632
vt 0.452283 0.968709
vt 0.121946 0.877934
vt 0.134286 0.906107
vt 0.165380 0.869967
vt 0.208127 0.865111
vt 0.252964 0.861760
vt 0.299794 0.859507
vt 0.348333 0.858059
vt 0.398178 0.857235
vt 0.449237 0.883977
vt 0.448898 0.856874
vt 0.500058 0.883896
vt 0.500050 0.906099
vt 0.500038 0.924125
vt 0.500021 0.938670
vt 0.500002 0.950430
vt 0.499981 0.960101
vt 0.499958 0.968380
vt 0.499935 0.975963
vt 0.452867 0.976345
vt 0.406309 0.977388
vt 0.360771 0.978939
vt 0.316763 0.980847
vt 0.274796 0.982958
vt 0.235379 0.985120
vt 0.199022 0.987181
vt 0.164289 0.980877
vt 0.166236 0.988987
vt 0.162000 0.972356
vt 0.159031 0.963015
vt 0.155038 0.952443
vt 0.149716 0.940124
vt 0.142891 0.925124
vt 0.205801 0.167137
vt 0.167098 0.205763
vt 0.164154 0.164194
vt 0.250521 0.169793
vt 0.206960 0.206890
vt 0.297584 0.171820
vt 0.250734 0.208407
vt 0.346487 0.173223
vt 0.297413 0.209808
vt 0.396754 0.174111
vt 0.346185 0.210824
vt 0.447917 0.174616
vt 0.396475 0.211478
vt 0.169758 0.250441
vt 0.208512 0.250604
vt 0.251455 0.251274
vt 0.297624 0.252064
vt 0.346136 0.252679
vt 0.447765 0.211868
vt 0.396351 0.253099
vt 0.171789 0.297490
vt 0.209945 0.297263
vt 0.252294 0.297418
vt 0.297990 0.297730
vt 0.346226 0.298013
vt 0.447691 0.253375
vt 0.396333 0.298239
vt 0.173195 0.346399
vt 0.210991 0.346045
vt 0.252952 0.345942
vt 0.298322 0.345980
vt 0.346358 0.346066
vt 0.447677 0.298420
vt 0.396376 0.346171
vt 0.174085 0.396687
vt 0.211669 0.396364
vt 0.253408 0.396194
vt 0.298588 0.396132
vt 0.346501 0.396135
vt 0.447707 0.346287
vt 0.396456 0.396184
vt 0.174591 0.447876
vt 0.212073 0.447690
vt 0.253706 0.447582
vt 0.298794 0.447535
vt 0.346641 0.447536
vt 0.447765 0.396262
vt 0.396553 0.447571
vt 0.163283 0.127903
vt 0.127738 0.163322
vt 0.119736 0.119850
vt 0.206223 0.132921
vt 0.251290 0.136475
vt 0.298368 0.138959
vt 0.347155 0.140652
vt 0.397236 0.141728
vt 0.448165 0.142337
vt 0.499497 0.142627
vt 0.499507 0.174873
vt 0.499534 0.212087
vt 0.499575 0.253556
vt 0.499626 0.298565
vt 0.499683 0.346402
vt 0.499744 0.396351
vt 0.447838 0.447630
vt 0.499804 0.447700
vt 0.447911 0.499678
vt 0.396648 0.499626
vt 0.346763 0.499580
vt 0.298947 0.499541
vt 0.253894 0.499512
vt 0.212297 0.499494
vt 0.174847 0.499490
vt 0.142237 0.499502
vt 0.141956 0.448155
vt 0.141368 0.397209
vt 0.140322 0.347114
vt 0.138666 0.298322
vt 0.136223 0.251253
vt 0.132711 0.206213
vt 0.918611 0.176426
vt 0.892305 0.210993
vt 0.897611 0.170010
vt 0.935052 0.182285
vt 0.914023 0.215286
vt 0.948293 0.187179
vt 0.931267 0.219779
vt 0.959387 0.191070
vt 0.945139 0.223922
vt 0.966337 0.230386
vt 0.956609 0.227428
vt 0.968951 0.194164
vt 0.974902 0.232980
vt 0.910622 0.257931
vt 0.888630 0.255001
vt 0.928254 0.261237
vt 0.942448 0.264511
vt 0.963803 0.270081
vt 0.954071 0.267452
vt 0.972273 0.272502
vt 0.908145 0.303375
vt 0.886095 0.301304
vt 0.925914 0.305740
vt 0.940215 0.308168
vt 0.951836 0.310473
vt 0.961464 0.312652
vt 0.969764 0.314746
vt 0.906396 0.350840
vt 0.884388 0.349421
vt 0.924166 0.352451
vt 0.938444 0.354146
vt 0.949970 0.355836
vt 0.959439 0.357508
vt 0.967536 0.359167
vt 0.905267 0.399778
vt 0.883342 0.398896
vt 0.922965 0.400774
vt 0.937154 0.401843
vt 0.948547 0.402947
vt 0.957845 0.404075
vt 0.965747 0.405219
vt 0.904666 0.449701
vt 0.882824 0.449278
vt 0.922279 0.450174
vt 0.936368 0.450685
vt 0.947641 0.451225
vt 0.956802 0.451785
vt 0.964555 0.452358
vt 0.869786 0.165424
vt 0.924854 0.142929
vt 0.939730 0.149746
vt 0.951913 0.155063
vt 0.962340 0.159049
vt 0.977495 0.196727
vt 0.979893 0.164290
vt 0.985529 0.199023
vt 0.982887 0.235391
vt 0.980112 0.274819
vt 0.977401 0.316799
vt 0.974948 0.360819
vt 0.972950 0.406369
vt 0.971603 0.452939
vt 0.971102 0.500016
vt 0.964119 0.500042
vt 0.956430 0.500066
vt 0.947329 0.500087
vt 0.936112 0.500104
vt 0.922072 0.500116
vt 0.904503 0.500121
vt 0.882701 0.500117
vt 0.856046 0.448915
vt 0.855958 0.500103
vt 0.856475 0.398170
vt 0.857393 0.348305
vt 0.858952 0.299758
vt 0.861329 0.252935
vt 0.864807 0.208124
vt 0.601280 0.884586
vt 0.550466 0.906295
vt 0.550890 0.884068
vt 0.650775 0.885593
vt 0.600401 0.906866
vt 0.698924 0.887230
vt 0.649363 0.907915
vt 0.745267 0.889675
vt 0.696861 0.909544
vt 0.789316 0.893245
vt 0.742343 0.911877
vt 0.830340 0.898440
vt 0.785028 0.915119
vt 0.549978 0.924346
vt 0.599390 0.924966
vt 0.647736 0.926036
vt 0.694477 0.927608
vt 0.739015 0.929741
vt 0.823924 0.919547
vt 0.780506 0.932533
vt 0.549440 0.938918
vt 0.598292 0.939596
vt 0.646007 0.940700
vt 0.692010 0.942229
vt 0.735694 0.944184
vt 0.818029 0.936098
vt 0.776309 0.946584
vt 0.548863 0.950708
vt 0.597147 0.951460
vt 0.644270 0.952637
vt 0.689651 0.954190
vt 0.732690 0.956072
vt 0.813073 0.949455
vt 0.772731 0.958243
vt 0.548258 0.960413
vt 0.595969 0.961253
vt 0.642542 0.962536
vt 0.687406 0.964174
vt 0.729985 0.966079
vt 0.809101 0.960667
vt 0.769687 0.968167
vt 0.547635 0.968726
vt 0.594770 0.969666
vt 0.640819 0.971077
vt 0.685237 0.972840
vt 0.727480 0.974832
vt 0.805914 0.970353
vt 0.767000 0.976933
vt 0.551235 0.856967
vt 0.500061 0.856820
vt 0.601982 0.857418
vt 0.651860 0.858330
vt 0.700432 0.859859
vt 0.747287 0.862188
vt 0.792134 0.865604
vt 0.834872 0.870512
vt 0.878271 0.878516
vt 0.866044 0.906669
vt 0.857447 0.925640
vt 0.850586 0.940577
vt 0.845201 0.952820
vt 0.841129 0.963306
vt 0.838069 0.972554
vt 0.803250 0.979021
vt 0.835682 0.980977
vt 0.800847 0.987181
vt 0.764491 0.985120
vt 0.725074 0.982958
vt 0.683107 0.980847
vt 0.639099 0.978939
vt 0.593561 0.977388
vt 0.547003 0.976345
vt 0.603059 0.551829
vt 0.551866 0.603072
vt 0.551837 0.551789
vt 0.652871 0.551852
vt 0.603086 0.603108
vt 0.700569 0.551846
vt 0.652916 0.603122
vt 0.745448 0.551802
vt 0.700661 0.603100
vt 0.786803 0.551705
vt 0.745621 0.603024
vt 0.823925 0.551542
vt 0.787078 0.602854
vt 0.551873 0.652948
vt 0.603090 0.652999
vt 0.652962 0.653049
vt 0.700813 0.653089
vt 0.745953 0.653096
vt 0.824312 0.602548
vt 0.787636 0.652981
vt 0.551851 0.700724
vt 0.603058 0.700819
vt 0.652999 0.700968
vt 0.701036 0.701185
vt 0.746497 0.701447
vt 0.825098 0.652636
vt 0.788574 0.701573
vt 0.551789 0.745710
vt 0.602971 0.745879
vt 0.653004 0.746199
vt 0.701305 0.746725
vt 0.747237 0.747442
vt 0.826420 0.701346
vt 0.789917 0.748063
vt 0.551674 0.787208
vt 0.602792 0.787472
vt 0.652886 0.788005
vt 0.701441 0.788908
vt 0.747881 0.790210
vt 0.828387 0.748211
vt 0.791404 0.791653
vt 0.551494 0.824526
vt 0.602476 0.824889
vt 0.652541 0.825633
vt 0.701223 0.826898
vt 0.748053 0.828798
vt 0.831009 0.792740
vt 0.792535 0.831348
vt 0.551798 0.499791
vt 0.499909 0.551742
vt 0.499860 0.499734
vt 0.603024 0.499848
vt 0.652834 0.499904
vt 0.700521 0.499957
vt 0.745382 0.500004
vt 0.786712 0.500046
vt 0.823805 0.500079
vt 0.856110 0.551298
vt 0.856600 0.602061
vt 0.857578 0.651956
vt 0.859193 0.700547
vt 0.861620 0.747425
vt 0.865142 0.792302
vt 0.833950 0.834217
vt 0.870157 0.835075
vt 0.500059 0.824405
vt 0.500050 0.787114
vt 0.500035 0.745638
vt 0.500014 0.700670
vt 0.499986 0.652903
vt 0.499951 0.603030
vt 0.904719 0.550547
vt 0.883461 0.601365
vt 0.882884 0.550963
vt 0.922323 0.550065
vt 0.905372 0.600491
vt 0.936401 0.549529
vt 0.923052 0.599483
vt 0.947661 0.548954
vt 0.937219 0.598387
vt 0.956807 0.548350
vt 0.948586 0.597242
vt 0.964544 0.547726
vt 0.957855 0.596065
vt 0.884563 0.650873
vt 0.906552 0.649461
vt 0.924294 0.647835
vt 0.938540 0.646106
vt 0.950027 0.644369
vt 0.965727 0.594866
vt 0.959454 0.642641
vt 0.886322 0.699034
vt 0.908347 0.696967
vt 0.926081 0.694581
vt 0.940339 0.692113
vt 0.951909 0.689753
vt 0.967507 0.640918
vt 0.961483 0.687507
vt 0.888906 0.745391
vt 0.910867 0.742458
vt 0.928455 0.739124
vt 0.942595 0.735800
vt 0.954158 0.732794
vt 0.969726 0.685338
vt 0.963824 0.730088
vt 0.892622 0.789457
vt 0.914303 0.785152
vt 0.931496 0.780620
vt 0.945306 0.776417
vt 0.956707 0.772836
vt 0.972225 0.727583
vt 0.966360 0.769791
vt 0.897960 0.830498
vt 0.935299 0.818146
vt 0.918916 0.824056
vt 0.948473 0.813183
vt 0.959491 0.809207
vt 0.974847 0.767103
vt 0.968974 0.806018
vt 0.971577 0.547092
vt 0.972899 0.593656
vt 0.974873 0.639198
vt 0.977303 0.683208
vt 0.979994 0.725177
vt 0.982752 0.764595
vt 0.977433 0.803354
vt 0.985380 0.800952
vt 0.979824 0.835786
vt 0.971550 0.838173
vt 0.962446 0.841236
vt 0.952097 0.845311
vt 0.939985 0.850704
vt 0.925171 0.857582
vt 0.906314 0.866212
vt 0.135657 0.017590
vt 0.110201 0.023211
vt 0.111275 0.016018
vt 0.133580 0.025221
vt 0.108445 0.030670
vt 0.130747 0.033443
vt 0.105237 0.038517
vt 0.090632 0.021700
vt 0.090240 0.014886
vt 0.090721 0.028393
vt 0.089073 0.034788
vt 0.085026 0.066069
vt 0.114016 0.065022
vt 0.105209 0.079256
vt 0.069055 0.054043
vt 0.093044 0.056071
vt 0.064403 0.038627
vt 0.076803 0.047195
vt 0.121158 0.052888
vt 0.099963 0.046903
vt 0.072659 0.034764
vt 0.083961 0.040860
vt 0.041807 0.014646
vt 0.036922 0.024443
vt 0.029283 0.015957
vt 0.056031 0.014203
vt 0.047768 0.022426
vt 0.072007 0.014266
vt 0.060103 0.021294
vt 0.045695 0.033449
vt 0.055018 0.030391
vt 0.074177 0.020986
vt 0.065285 0.028216
vt 0.126727 0.042549
vt 0.105237 0.038517
vt 0.056196 0.043234
vt 0.064403 0.038627
vt 0.074177 0.020986
vt 0.072007 0.014266
vt 0.076775 0.027327
vt 0.079123 0.032168
vt 0.166237 0.011980
vt 0.137361 0.010254
vt 0.163904 0.019548
vt 0.161239 0.027539
vt 0.157912 0.036376
vt 0.126727 0.042549
vt 0.112057 0.008957
vt 0.089812 0.008027
vt 0.070119 0.007404
vt 0.093794 0.093899
vt 0.132148 0.091814
vt 0.075951 0.076040
vt 0.061310 0.061390
vt 0.048917 0.048995
vt 0.140916 0.073048
vt 0.147977 0.058389
vt 0.153590 0.046483
vt 0.022209 0.007731
vt 0.020177 0.020272
vt 0.011991 0.012095
vt 0.036469 0.006959
vt 0.052481 0.007042
vt 0.028781 0.028868
vt 0.038222 0.038303
vt 0.048917 0.048995
vt 0.028299 0.547646
vt 0.036376 0.595911
vt 0.027573 0.594792
vt 0.036998 0.548178
vt 0.046548 0.597014
vt 0.047075 0.548697
vt 0.058773 0.598091
vt 0.059221 0.549195
vt 0.073737 0.599130
vt 0.074126 0.549665
vt 0.092140 0.600093
vt 0.092482 0.550097
vt 0.114684 0.600939
vt 0.035378 0.642493
vt 0.026456 0.640845
vt 0.045645 0.644150
vt 0.057930 0.645823
vt 0.072916 0.647497
vt 0.091327 0.649081
vt 0.113898 0.650465
vt 0.034067 0.687354
vt 0.025044 0.685262
vt 0.044395 0.689528
vt 0.056681 0.691823
vt 0.071601 0.694235
vt 0.089932 0.696577
vt 0.112473 0.698616
vt 0.032509 0.729925
vt 0.023433 0.727500
vt 0.042827 0.732554
vt 0.055009 0.735490
vt 0.069723 0.738754
vt 0.087825 0.742041
vt 0.110228 0.744942
vt 0.030767 0.769614
vt 0.021717 0.767014
vt 0.040964 0.772577
vt 0.052881 0.776082
vt 0.067170 0.780218
vt 0.106840 0.788967
vt 0.084792 0.784697
vt 0.028903 0.805829
vt 0.019992 0.803258
vt 0.038823 0.808929
vt 0.050256 0.812823
vt 0.063815 0.817714
vt 0.101803 0.829966
vt 0.080547 0.823565
vt 0.020598 0.500039
vt 0.020291 0.547107
vt 0.028541 0.499949
vt 0.037175 0.499861
vt 0.047193 0.499777
vt 0.059286 0.499700
vt 0.074145 0.499632
vt 0.092462 0.499574
vt 0.114979 0.550480
vt 0.114929 0.499530
vt 0.142312 0.550802
vt 0.142073 0.601624
vt 0.141363 0.651539
vt 0.140023 0.700119
vt 0.137868 0.746966
vt 0.134607 0.791800
vt 0.129834 0.834528
vt 0.093694 0.865649
vt 0.074595 0.857066
vt 0.059507 0.850252
vt 0.047095 0.844935
vt 0.036423 0.840945
vt 0.026978 0.837975
vt 0.018352 0.835686
vt 0.011585 0.800952
vt 0.010134 0.833738
vt 0.013240 0.764595
vt 0.014977 0.725178
vt 0.016674 0.683211
vt 0.018206 0.639203
vt 0.019453 0.593665
vt 0.174939 0.551057
vt 0.212315 0.602454
vt 0.174774 0.602120
vt 0.212400 0.551251
vt 0.253991 0.602667
vt 0.254002 0.551397
vt 0.299096 0.602799
vt 0.299051 0.551504
vt 0.346927 0.602887
vt 0.396728 0.551646
vt 0.346857 0.551585
vt 0.447975 0.551696
vt 0.396800 0.602947
vt 0.211942 0.652600
vt 0.174211 0.652228
vt 0.253809 0.652757
vt 0.299066 0.652804
vt 0.346981 0.652827
vt 0.396878 0.652847
vt 0.448100 0.652871
vt 0.211181 0.701185
vt 0.173111 0.700929
vt 0.253403 0.701102
vt 0.298949 0.700896
vt 0.347027 0.700743
vt 0.396978 0.700666
vt 0.448181 0.700647
vt 0.210001 0.747649
vt 0.171358 0.747764
vt 0.252785 0.747077
vt 0.298770 0.746420
vt 0.347089 0.745963
vt 0.397118 0.745718
vt 0.448289 0.745628
vt 0.208658 0.791205
vt 0.168935 0.792253
vt 0.252243 0.789817
vt 0.298706 0.788582
vt 0.347257 0.787754
vt 0.397335 0.787301
vt 0.448435 0.787122
vt 0.207645 0.830869
vt 0.166169 0.833692
vt 0.252149 0.828381
vt 0.298975 0.826553
vt 0.347637 0.825368
vt 0.397675 0.824709
vt 0.448633 0.824435
vt 0.448035 0.602990
vt 0.028176 0.193509
vt 0.021379 0.232718
vt 0.019624 0.196446
vt 0.037756 0.190059
vt 0.030100 0.229780
vt 0.051616 0.222687
vt 0.039985 0.226494
vt 0.048875 0.185839
vt 0.065654 0.218280
vt 0.062157 0.180654
vt 0.083076 0.213574
vt 0.078663 0.174557
vt 0.104989 0.209136
vt 0.023135 0.272266
vt 0.031923 0.269537
vt 0.053900 0.263411
vt 0.041968 0.266617
vt 0.068398 0.259905
vt 0.086330 0.256416
vt 0.108621 0.253364
vt 0.024796 0.314541
vt 0.033578 0.312181
vt 0.043679 0.309752
vt 0.070503 0.304597
vt 0.055759 0.307220
vt 0.088696 0.302078
vt 0.026264 0.358994
vt 0.034999 0.357113
vt 0.045091 0.355233
vt 0.057219 0.353355
vt 0.072070 0.351499
vt 0.111147 0.299906
vt 0.090377 0.349762
vt 0.027442 0.405077
vt 0.036118 0.403753
vt 0.046172 0.402457
vt 0.058289 0.401201
vt 0.073163 0.400003
vt 0.112880 0.348261
vt 0.091496 0.398907
vt 0.028233 0.452244
vt 0.036867 0.451528
vt 0.046884 0.450835
vt 0.058976 0.450176
vt 0.073836 0.449563
vt 0.113995 0.397959
vt 0.092156 0.449012
vt 0.017966 0.164000
vt 0.011585 0.199127
vt 0.010134 0.166341
vt 0.026217 0.161328
vt 0.035304 0.157993
vt 0.045646 0.153662
vt 0.057767 0.148040
vt 0.072620 0.140974
vt 0.099762 0.167973
vt 0.091556 0.132212
vt 0.114631 0.448537
vt 0.020291 0.452971
vt 0.019453 0.406413
vt 0.018206 0.360875
vt 0.016674 0.316867
vt 0.014977 0.274900
vt 0.013240 0.235483
vt 0.079065 0.105278
vt 0.055851 0.093109
vt 0.065927 0.085093
vt 0.064714 0.114079
vt 0.046594 0.100033
vt 0.052447 0.121225
vt 0.038113 0.105313
vt 0.047033 0.076872
vt 0.053930 0.069123
vt 0.040637 0.084034
vt 0.034503 0.089151
vt 0.016498 0.135754
vt 0.022600 0.110290
vt 0.024306 0.133670
vt 0.015294 0.111372
vt 0.021304 0.090722
vt 0.014426 0.090337
vt 0.020735 0.074267
vt 0.030165 0.108528
vt 0.032697 0.130829
vt 0.028054 0.090804
vt 0.027097 0.076859
vt 0.024351 0.037008
vt 0.014526 0.041903
vt 0.015859 0.029378
vt 0.033359 0.045774
vt 0.022313 0.047856
vt 0.043138 0.056269
vt 0.030277 0.055098
vt 0.014028 0.056128
vt 0.021133 0.060192
vt 0.038498 0.064478
vt 0.028057 0.065368
vt 0.041962 0.126801
vt 0.013982 0.072104
vt 0.043138 0.056269
vt 0.034589 0.072736
vt 0.031945 0.079203
vt 0.091556 0.132212
vt 0.093794 0.093899
vt 0.072620 0.140974
vt 0.057767 0.148040
vt 0.041962 0.126801
vt 0.075951 0.076040
vt 0.061310 0.061390
vt 0.048917 0.048995
vt 0.010134 0.166341
vt 0.017966 0.164000
vt 0.008983 0.137466
vt 0.008118 0.112161
vt 0.007498 0.089917
vt 0.013982 0.072104
vt 0.026217 0.161328
vt 0.035304 0.157993
vt 0.045646 0.153662
vt 0.020177 0.020272
vt 0.007623 0.022313
vt 0.028781 0.028868
vt 0.038222 0.038303
vt 0.006828 0.036573
vt 0.006846 0.052585
vt 0.007082 0.070223
vt 0.232621 0.024284
vt 0.193420 0.030011
vt 0.196349 0.021823
vt 0.272169 0.026780
vt 0.229690 0.032521
vt 0.314443 0.029163
vt 0.269447 0.034958
vt 0.358895 0.031284
vt 0.312090 0.037213
vt 0.404979 0.032993
vt 0.357022 0.039178
vt 0.452147 0.034142
vt 0.403663 0.040739
vt 0.226413 0.041940
vt 0.189979 0.039240
vt 0.266537 0.044417
vt 0.309671 0.046611
vt 0.355152 0.048460
vt 0.451439 0.041784
vt 0.402376 0.049895
vt 0.222618 0.053132
vt 0.185769 0.050029
vt 0.263343 0.055797
vt 0.307152 0.058028
vt 0.353287 0.059823
vt 0.450755 0.050847
vt 0.401131 0.061168
vt 0.218226 0.066768
vt 0.180596 0.063008
vt 0.259855 0.069787
vt 0.304547 0.072162
vt 0.351448 0.073974
vt 0.450107 0.062040
vt 0.399950 0.075265
vt 0.213538 0.083831
vt 0.174510 0.079243
vt 0.256388 0.087268
vt 0.302053 0.089814
vt 0.349734 0.091657
vt 0.449508 0.076073
vt 0.398874 0.092908
vt 0.209121 0.105440
vt 0.167933 0.100110
vt 0.253365 0.109177
vt 0.299912 0.111805
vt 0.348264 0.113631
vt 0.448974 0.093659
vt 0.397953 0.114821
vt 0.199022 0.014155
vt 0.163904 0.019548
vt 0.235379 0.016637
vt 0.274796 0.019242
vt 0.316763 0.021785
vt 0.360771 0.024083
vt 0.406309 0.025953
vt 0.452867 0.027209
vt 0.499853 0.034580
vt 0.499774 0.042202
vt 0.499700 0.051245
vt 0.499634 0.062418
vt 0.499578 0.076433
vt 0.499535 0.093999
vt 0.448521 0.115509
vt 0.499507 0.115827
vt 0.132148 0.091814
vt 0.140916 0.073048
vt 0.153590 0.046483
vt 0.157912 0.036376
vt 0.161239 0.027539
vt 0.551059 0.174968
vt 0.602454 0.212132
vt 0.551268 0.212198
vt 0.602114 0.174808
vt 0.652583 0.211786
vt 0.652216 0.174250
vt 0.701147 0.211056
vt 0.700908 0.173156
vt 0.747580 0.209910
vt 0.747727 0.171407
vt 0.791086 0.208601
vt 0.792190 0.168987
vt 0.830676 0.207618
vt 0.602670 0.253690
vt 0.551426 0.253674
vt 0.652734 0.253546
vt 0.701045 0.253186
vt 0.746971 0.252618
vt 0.789638 0.252126
vt 0.828097 0.252080
vt 0.602804 0.298755
vt 0.551545 0.298681
vt 0.652772 0.298768
vt 0.700817 0.298702
vt 0.746275 0.298578
vt 0.788342 0.298571
vt 0.826181 0.298893
vt 0.551635 0.346507
vt 0.652785 0.346700
vt 0.602892 0.346605
vt 0.700643 0.346796
vt 0.745782 0.346912
vt 0.787458 0.347135
vt 0.824914 0.347565
vt 0.551702 0.396441
vt 0.652795 0.396652
vt 0.602950 0.396538
vt 0.700546 0.396794
vt 0.745504 0.396980
vt 0.786957 0.397245
vt 0.824187 0.397629
vt 0.551754 0.447773
vt 0.602991 0.447852
vt 0.700510 0.448060
vt 0.652810 0.447946
vt 0.745389 0.448204
vt 0.786741 0.448388
vt 0.823862 0.448621
vt 0.550791 0.142697
vt 0.601611 0.142441
vt 0.651528 0.141704
vt 0.700109 0.140329
vt 0.746953 0.138134
vt 0.791778 0.134830
vt 0.833585 0.166219
vt 0.834491 0.130009
vt 0.547553 0.034209
vt 0.595834 0.040999
vt 0.548095 0.041916
vt 0.594702 0.033125
vt 0.642421 0.039559
vt 0.640758 0.031477
vt 0.687290 0.037706
vt 0.685180 0.029411
vt 0.729868 0.035547
vt 0.727423 0.027076
vt 0.769565 0.033188
vt 0.766942 0.024617
vt 0.805788 0.030734
vt 0.596949 0.050276
vt 0.548625 0.051040
vt 0.644093 0.049018
vt 0.689480 0.047333
vt 0.732516 0.045282
vt 0.772548 0.042923
vt 0.808910 0.040308
vt 0.598038 0.061657
vt 0.549134 0.062287
vt 0.645780 0.060542
vt 0.691790 0.058957
vt 0.735469 0.056914
vt 0.776071 0.054404
vt 0.599089 0.075846
vt 0.549616 0.076367
vt 0.647466 0.074828
vt 0.694215 0.073271
vt 0.738745 0.071123
vt 0.812822 0.051415
vt 0.780221 0.068293
vt 0.600063 0.093560
vt 0.550060 0.093988
vt 0.649060 0.092617
vt 0.696566 0.091062
vt 0.742039 0.088777
vt 0.817727 0.064673
vt 0.784705 0.085559
vt 0.600918 0.115518
vt 0.550455 0.115861
vt 0.650451 0.114659
vt 0.698608 0.113144
vt 0.744940 0.110798
vt 0.788968 0.107304
vt 0.823580 0.081136
vt 0.547003 0.027209
vt 0.499935 0.027669
vt 0.593562 0.025952
vt 0.639100 0.024082
vt 0.683109 0.021783
vt 0.725079 0.019237
vt 0.764500 0.016629
vt 0.803193 0.022182
vt 0.800861 0.014142
vt 0.835629 0.019919
vt 0.837942 0.028291
vt 0.840934 0.037491
vt 0.844943 0.047932
vt 0.850274 0.060131
vt 0.857091 0.075027
vt 0.829968 0.102161
vt 0.884006 0.066996
vt 0.912921 0.068119
vt 0.892650 0.081369
vt 0.877091 0.054636
vt 0.905054 0.057978
vt 0.871801 0.044006
vt 0.898345 0.048593
vt 0.928921 0.056073
vt 0.921397 0.048999
vt 0.893331 0.039933
vt 0.914459 0.042435
vt 0.863878 0.017958
vt 0.888994 0.023951
vt 0.865600 0.025976
vt 0.888271 0.016374
vt 0.908581 0.022420
vt 0.909318 0.015231
vt 0.925039 0.021705
vt 0.890420 0.031766
vt 0.868094 0.034564
vt 0.908183 0.029450
vt 0.922141 0.028372
vt 0.961267 0.026204
vt 0.957324 0.015422
vt 0.969065 0.017521
vt 0.952369 0.035365
vt 0.951057 0.023544
vt 0.941797 0.045241
vt 0.943539 0.031807
vt 0.943474 0.014603
vt 0.939045 0.022084
vt 0.933942 0.040275
vt 0.933551 0.029346
vt 0.893331 0.039933
vt 0.871801 0.044006
vt 0.909567 0.036128
vt 0.927556 0.014606
vt 0.925039 0.021705
vt 0.933942 0.040275
vt 0.941797 0.045241
vt 0.925930 0.036159
vt 0.919590 0.033431
vt 0.865658 0.093958
vt 0.903955 0.096058
vt 0.857091 0.075027
vt 0.850274 0.060131
vt 0.921913 0.078139
vt 0.936545 0.063525
vt 0.948880 0.051193
vt 0.833654 0.011959
vt 0.862538 0.010224
vt 0.887853 0.008917
vt 0.910109 0.007975
vt 0.927556 0.014606
vt 0.977709 0.022302
vt 0.976316 0.009077
vt 0.969036 0.031003
vt 0.962988 0.007372
vt 0.947404 0.007027
vt 0.929816 0.007339
vt 0.933294 0.884488
vt 0.932267 0.913418
vt 0.918988 0.893189
vt 0.945576 0.877516
vt 0.942353 0.905508
vt 0.956122 0.872164
vt 0.951669 0.898749
vt 0.944299 0.929362
vt 0.951329 0.921807
vt 0.960251 0.893679
vt 0.957836 0.914830
vt 0.981881 0.864029
vt 0.976054 0.889210
vt 0.973963 0.865825
vt 0.983532 0.888413
vt 0.977628 0.908785
vt 0.984719 0.909448
vt 0.978371 0.925234
vt 0.968333 0.890705
vt 0.965472 0.868391
vt 0.970683 0.908453
vt 0.971784 0.922402
vt 0.973922 0.961463
vt 0.984578 0.957429
vt 0.982479 0.969163
vt 0.964870 0.952658
vt 0.976571 0.951252
vt 0.955079 0.942168
vt 0.968407 0.943817
vt 0.985390 0.943586
vt 0.978014 0.939239
vt 0.960012 0.934293
vt 0.970839 0.933817
vt 0.960251 0.893679
vt 0.956122 0.872164
vt 0.964078 0.909894
vt 0.985372 0.927677
vt 0.960012 0.934293
vt 0.955079 0.942168
vt 0.964085 0.926256
vt 0.966775 0.919896
vt 0.904344 0.904544
vt 0.922278 0.922442
vt 0.936867 0.937005
vt 0.949139 0.949260
vt 0.987684 0.833738
vt 0.979824 0.835786
vt 0.989513 0.862613
vt 0.990887 0.887917
vt 0.991871 0.910162
vt 0.971550 0.838173
vt 0.952097 0.845311
vt 0.977693 0.977797
vt 0.990790 0.976312
vt 0.985858 0.985963
vt 0.969122 0.969228
vt 0.959740 0.959850
vt 0.992505 0.963000
vt 0.992852 0.947430
vt 0.992531 0.929855
vt 0.863925 0.982687
vt 0.889105 0.976539
vt 0.888309 0.984078
vt 0.865721 0.974670
vt 0.890600 0.968758
vt 0.868284 0.966082
vt 0.893571 0.960618
vt 0.908681 0.977955
vt 0.909344 0.985080
vt 0.908348 0.970981
vt 0.909787 0.964348
vt 0.913280 0.932471
vt 0.884357 0.933638
vt 0.893032 0.919254
vt 0.929238 0.944460
vt 0.905385 0.942607
vt 0.934183 0.960166
vt 0.921691 0.951522
vt 0.877399 0.946004
vt 0.898635 0.951979
vt 0.926149 0.964271
vt 0.914720 0.958067
vt 0.957325 0.984699
vt 0.961359 0.974030
vt 0.969059 0.982586
vt 0.943482 0.985550
vt 0.951148 0.976694
vt 0.927573 0.985607
vt 0.939135 0.978171
vt 0.952550 0.964987
vt 0.943712 0.968539
vt 0.925130 0.978593
vt 0.933712 0.971003
vt 0.872054 0.956639
vt 0.893571 0.960619
vt 0.942054 0.955212
vt 0.934183 0.960166
vt 0.925130 0.978593
vt 0.927573 0.985607
vt 0.922297 0.972001
vt 0.919790 0.966994
vt 0.833633 0.988987
vt 0.862508 0.990420
vt 0.835682 0.980977
vt 0.838069 0.972554
vt 0.841129 0.963306
vt 0.872054 0.956639
vt 0.887813 0.991496
vt 0.910057 0.992268
vt 0.929751 0.992785
vt 0.904344 0.904544
vt 0.936867 0.937005
vt 0.976208 0.990897
vt 0.977693 0.977797
vt 0.985858 0.985963
vt 0.962895 0.992628
vt 0.947325 0.993020
vt 0.929751 0.992785
vt 0.969122 0.969228
vt 0.959740 0.959850
vt 0.949139 0.949260
vt 0.115992 0.933118
vt 0.087085 0.931923
vt 0.107322 0.918686
vt 0.122910 0.945548
vt 0.094960 0.942104
vt 0.128189 0.956259
vt 0.101665 0.951536
vt 0.071107 0.943956
vt 0.078628 0.951058
vt 0.106667 0.960247
vt 0.085557 0.957653
vt 0.136047 0.982586
vt 0.110965 0.976340
vt 0.134351 0.974469
vt 0.111664 0.983977
vt 0.091387 0.977758
vt 0.090628 0.984979
vt 0.074940 0.978394
vt 0.109560 0.968469
vt 0.131879 0.965788
vt 0.091805 0.970699
vt 0.077855 0.971720
vt 0.038753 0.973790
vt 0.042661 0.984583
vt 0.030936 0.982463
vt 0.047664 0.964640
vt 0.048949 0.976469
vt 0.058240 0.954776
vt 0.056482 0.968216
vt 0.056497 0.985442
vt 0.060946 0.977962
vt 0.066086 0.959762
vt 0.066457 0.970705
vt 0.106667 0.960247
vt 0.128190 0.956258
vt 0.090436 0.963993
vt 0.072401 0.985505
vt 0.074940 0.978394
vt 0.066086 0.959762
vt 0.058240 0.954776
vt 0.074086 0.963904
vt 0.080416 0.966658
vt 0.134286 0.906107
vt 0.095955 0.903957
vt 0.142891 0.925124
vt 0.149716 0.940124
vt 0.155038 0.952443
vt 0.078061 0.921876
vt 0.063470 0.936485
vt 0.051156 0.948810
vt 0.164289 0.980877
vt 0.137361 0.990420
vt 0.112057 0.991496
vt 0.089812 0.992268
vt 0.162000 0.972356
vt 0.159031 0.963015
vt 0.155038 0.952443
vt 0.022305 0.977671
vt 0.023661 0.990897
vt 0.014011 0.985963
vt 0.030995 0.968980
vt 0.040480 0.959493
vt 0.036974 0.992628
vt 0.052544 0.993020
vt 0.070119 0.992785
vt 0.016889 0.863928
vt 0.023365 0.889011
vt 0.015683 0.888312
vt 0.025077 0.865625
vt 0.031279 0.890416
vt 0.033829 0.868096
vt 0.039543 0.893308
vt 0.022059 0.908589
vt 0.014814 0.909347
vt 0.029139 0.908171
vt 0.035867 0.909539
vt 0.067985 0.912870
vt 0.066691 0.883968
vt 0.081179 0.892620
vt 0.055983 0.928858
vt 0.057768 0.905005
vt 0.040181 0.933888
vt 0.048858 0.921342
vt 0.054200 0.877059
vt 0.048296 0.898306
vt 0.036016 0.925889
vt 0.042234 0.914416
vt 0.015380 0.957314
vt 0.026183 0.961223
vt 0.017511 0.969040
vt 0.014493 0.943478
vt 0.023494 0.951028
vt 0.014376 0.927574
vt 0.021976 0.939030
vt 0.035328 0.952311
vt 0.031741 0.943494
vt 0.021498 0.925036
vt 0.029229 0.933519
vt 0.043425 0.871784
vt 0.045182 0.941732
vt 0.040181 0.933888
vt 0.021498 0.925036
vt 0.014376 0.927574
vt 0.028177 0.922121
vt 0.033239 0.919560
vt 0.008983 0.862613
vt 0.043425 0.871784
vt 0.008118 0.887917
vt 0.007498 0.910162
vt 0.007082 0.929855
vt 0.095955 0.903957
vt 0.093694 0.865649
vt 0.051156 0.948810
vt 0.074595 0.857066
vt 0.059507 0.850252
vt 0.047095 0.844935
vt 0.009075 0.976312
vt 0.022305 0.977671
vt 0.014011 0.985963
vt 0.007333 0.963000
vt 0.006909 0.947430
vt 0.051156 0.948810
vt 0.981954 0.136042
vt 0.976043 0.110964
vt 0.973947 0.134355
vt 0.983608 0.111654
vt 0.977618 0.091383
vt 0.984794 0.090615
vt 0.968239 0.109568
vt 0.970596 0.091809
vt 0.971697 0.077858
vt 0.973851 0.038755
vt 0.984623 0.042649
vt 0.982509 0.030927
vt 0.976522 0.048946
vt 0.954840 0.058263
vt 0.968273 0.056488
vt 0.985449 0.056483
vt 0.977986 0.060941
vt 0.959808 0.066101
vt 0.970733 0.066461
vt 0.932980 0.116028
vt 0.931927 0.087131
vt 0.918625 0.107379
vt 0.945324 0.122936
vt 0.942059 0.094991
vt 0.955941 0.128209
vt 0.951434 0.101687
vt 0.944000 0.071141
vt 0.957628 0.085574
vt 0.951072 0.078652
vt 0.960082 0.106682
vt 0.960082 0.106682
vt 0.955941 0.128209
vt 0.963926 0.090447
vt 0.966638 0.080424
vt 0.989677 0.137347
vt 0.985442 0.072387
vt 0.971529 0.162011
vt 0.951913 0.155063
vt 0.959560 0.040501
vt 0.948880 0.051193
vt 0.992649 0.036952
vt 0.993005 0.052521
vt 0.905948 0.134342
vt 0.903955 0.096058
vt 0.877876 0.122063
vt 0.924854 0.142929
vt 0.939730 0.149746
vt 0.921913 0.078139
vt 0.176394 0.919057
vt 0.210979 0.892764
vt 0.187150 0.949096
vt 0.219748 0.932139
vt 0.227396 0.957989
vt 0.223888 0.946256
vt 0.191046 0.960390
vt 0.230359 0.967993
vt 0.194146 0.970164
vt 0.232960 0.976845
vt 0.257910 0.911488
vt 0.255000 0.889257
vt 0.261203 0.929396
vt 0.267412 0.955848
vt 0.264472 0.943896
vt 0.272471 0.974755
vt 0.301306 0.886886
vt 0.310424 0.954004
vt 0.312605 0.964047
vt 0.314704 0.972775
vt 0.349415 0.885329
vt 0.352405 0.925817
vt 0.355778 0.952493
vt 0.357450 0.962438
vt 0.359113 0.971027
vt 0.399735 0.906698
vt 0.400717 0.924817
vt 0.405154 0.969632
vt 0.450106 0.924271
vt 0.450611 0.938854
vt 0.451708 0.960379
vt 0.452283 0.968709
vt 0.121946 0.877934
vt 0.165380 0.869967
vt 0.134286 0.906107
vt 0.149716 0.940124
vt 0.162000 0.972356
vt 0.196717 0.978926
vt 0.164289 0.980877
vt 0.499981 0.960101
vt 0.500002 0.950430
vt 0.500038 0.924125
vt 0.500058 0.883896
vt 0.448898 0.856874
vt 0.500061 0.856820
vt 0.398178 0.857235
vt 0.299794 0.859507
vt 0.252964 0.861761
vt 0.167098 0.205763
vt 0.205801 0.167137
vt 0.164154 0.164194
vt 0.206960 0.206890
vt 0.171789 0.297490
vt 0.208512 0.250604
vt 0.173195 0.346399
vt 0.209945 0.297263
vt 0.174085 0.396687
vt 0.210991 0.346046
vt 0.174591 0.447876
vt 0.211669 0.396364
vt 0.250521 0.169793
vt 0.250734 0.208408
vt 0.251455 0.251274
vt 0.252294 0.297418
vt 0.252952 0.345942
vt 0.212073 0.447690
vt 0.253408 0.396194
vt 0.297584 0.171820
vt 0.297413 0.209808
vt 0.297990 0.297729
vt 0.298322 0.345980
vt 0.253706 0.447582
vt 0.298588 0.396132
vt 0.346487 0.173223
vt 0.346185 0.210824
vt 0.346136 0.252679
vt 0.346226 0.298013
vt 0.346358 0.346066
vt 0.298794 0.447535
vt 0.346501 0.396135
vt 0.396475 0.211478
vt 0.396351 0.253099
vt 0.396376 0.346171
vt 0.346641 0.447536
vt 0.447917 0.174616
vt 0.447765 0.211868
vt 0.447691 0.253375
vt 0.447677 0.298420
vt 0.447707 0.346287
vt 0.396553 0.447571
vt 0.447765 0.396262
vt 0.163283 0.127903
vt 0.132711 0.206213
vt 0.136223 0.251253
vt 0.140322 0.347114
vt 0.142237 0.499502
vt 0.174847 0.499490
vt 0.212297 0.499494
vt 0.253894 0.499512
vt 0.298947 0.499541
vt 0.346763 0.499580
vt 0.396648 0.499626
vt 0.447838 0.447630
vt 0.499804 0.447700
vt 0.499744 0.396351
vt 0.499626 0.298565
vt 0.499575 0.253556
vt 0.499534 0.212087
vt 0.499507 0.174873
vt 0.499497 0.142627
vt 0.448165 0.142337
vt 0.397235 0.141728
vt 0.347155 0.140652
vt 0.251290 0.136475
vt 0.206223 0.132921
vt 0.892305 0.210993
vt 0.918611 0.176426
vt 0.897611 0.170010
vt 0.910622 0.257931
vt 0.914023 0.215286
vt 0.888630 0.255001
vt 0.908145 0.303375
vt 0.886095 0.301304
vt 0.906396 0.350840
vt 0.884388 0.349421
vt 0.905267 0.399778
vt 0.904666 0.449701
vt 0.935052 0.182285
vt 0.931267 0.219779
vt 0.925914 0.305740
vt 0.928254 0.261237
vt 0.922965 0.400774
vt 0.922278 0.450174
vt 0.948293 0.187179
vt 0.942448 0.264511
vt 0.937154 0.401842
vt 0.936368 0.450685
vt 0.956609 0.227428
vt 0.959387 0.191070
vt 0.954071 0.267452
vt 0.949970 0.355836
vt 0.948547 0.402947
vt 0.947641 0.451225
vt 0.968951 0.194164
vt 0.963802 0.270081
vt 0.961464 0.312652
vt 0.959439 0.357508
vt 0.957845 0.404075
vt 0.956802 0.451784
vt 0.967536 0.359167
vt 0.965747 0.405219
vt 0.964555 0.452358
vt 0.869787 0.165424
vt 0.905948 0.134342
vt 0.864807 0.208124
vt 0.861329 0.252935
vt 0.858952 0.299758
vt 0.857393 0.348305
vt 0.882824 0.449278
vt 0.856047 0.448915
vt 0.882701 0.500117
vt 0.904503 0.500121
vt 0.922072 0.500116
vt 0.936112 0.500104
vt 0.947329 0.500087
vt 0.956430 0.500066
vt 0.964119 0.500042
vt 0.979893 0.164290
vt 0.987843 0.166229
vt 0.939730 0.149746
vt 0.924854 0.142929
vt 0.550466 0.906295
vt 0.601280 0.884586
vt 0.550890 0.884068
vt 0.549978 0.924346
vt 0.600401 0.906866
vt 0.549439 0.938918
vt 0.548863 0.950708
vt 0.598292 0.939596
vt 0.548258 0.960413
vt 0.597147 0.951460
vt 0.595969 0.961253
vt 0.650775 0.885593
vt 0.649363 0.907915
vt 0.647736 0.926037
vt 0.646007 0.940700
vt 0.644270 0.952637
vt 0.594770 0.969666
vt 0.642542 0.962536
vt 0.698924 0.887230
vt 0.696861 0.909544
vt 0.689651 0.954190
vt 0.640819 0.971077
vt 0.687405 0.964174
vt 0.742344 0.911877
vt 0.735694 0.944184
vt 0.739015 0.929741
vt 0.685237 0.972840
vt 0.780506 0.932533
vt 0.776309 0.946584
vt 0.772730 0.958243
vt 0.727480 0.974832
vt 0.769687 0.968167
vt 0.823924 0.919547
vt 0.830340 0.898440
vt 0.818029 0.936098
vt 0.813073 0.949455
vt 0.809101 0.960667
vt 0.805914 0.970353
vt 0.551235 0.856967
vt 0.725074 0.982958
vt 0.835682 0.980977
vt 0.845201 0.952819
vt 0.850586 0.940577
vt 0.878271 0.878515
vt 0.792134 0.865604
vt 0.700432 0.859859
vt 0.651860 0.858330
vt 0.601981 0.857418
vt 0.551865 0.603072
vt 0.603059 0.551829
vt 0.551837 0.551789
vt 0.603086 0.603107
vt 0.551851 0.700724
vt 0.603090 0.652999
vt 0.551789 0.745709
vt 0.603058 0.700819
vt 0.602971 0.745879
vt 0.602792 0.787472
vt 0.652871 0.551852
vt 0.652916 0.603122
vt 0.652999 0.700968
vt 0.602476 0.824889
vt 0.652886 0.788005
vt 0.652541 0.825633
vt 0.701441 0.788908
vt 0.745621 0.603024
vt 0.745954 0.653096
vt 0.746497 0.701447
vt 0.747237 0.747442
vt 0.701223 0.826898
vt 0.747881 0.790210
vt 0.786803 0.551705
vt 0.787078 0.602854
vt 0.787636 0.652981
vt 0.788574 0.701573
vt 0.789917 0.748063
vt 0.748053 0.828798
vt 0.791404 0.791653
vt 0.823925 0.551542
vt 0.825099 0.652636
vt 0.826420 0.701346
vt 0.828387 0.748211
vt 0.792535 0.831348
vt 0.831009 0.792740
vt 0.551798 0.499791
vt 0.499860 0.499734
vt 0.499951 0.603030
vt 0.500014 0.700670
vt 0.833950 0.834217
vt 0.870157 0.835075
vt 0.865142 0.792302
vt 0.861620 0.747426
vt 0.859193 0.700547
vt 0.856600 0.602061
vt 0.856110 0.551298
vt 0.855958 0.500103
vt 0.823805 0.500079
vt 0.786712 0.500046
vt 0.700521 0.499957
vt 0.652834 0.499904
vt 0.603024 0.499848
vt 0.883461 0.601365
vt 0.882884 0.550963
vt 0.884563 0.650873
vt 0.905372 0.600491
vt 0.886322 0.699034
vt 0.908347 0.696967
vt 0.910867 0.742458
vt 0.897960 0.830498
vt 0.914303 0.785152
vt 0.922323 0.550065
vt 0.923052 0.599483
vt 0.924294 0.647835
vt 0.926081 0.694581
vt 0.931496 0.780620
vt 0.928455 0.739124
vt 0.935299 0.818146
vt 0.937219 0.598387
vt 0.938540 0.646106
vt 0.942595 0.735800
vt 0.948473 0.813183
vt 0.947661 0.548954
vt 0.948586 0.597242
vt 0.950027 0.644369
vt 0.951909 0.689753
vt 0.954158 0.732794
vt 0.956707 0.772836
vt 0.956807 0.548350
vt 0.957855 0.596065
vt 0.963824 0.730088
vt 0.959491 0.809207
vt 0.966360 0.769791
vt 0.964545 0.547726
vt 0.965727 0.594866
vt 0.967507 0.640918
vt 0.968974 0.806018
vt 0.974847 0.767103
vt 0.925171 0.857582
vt 0.918916 0.824056
vt 0.939986 0.850705
vt 0.952097 0.845312
vt 0.962446 0.841236
vt 0.977433 0.803354
vt 0.979825 0.835786
vt 0.110201 0.023211
vt 0.090240 0.014886
vt 0.074177 0.020986
vt 0.108445 0.030670
vt 0.130747 0.033443
vt 0.036922 0.024443
vt 0.041807 0.014646
vt 0.029283 0.015957
vt 0.045695 0.033449
vt 0.047768 0.022426
vt 0.056196 0.043234
vt 0.055018 0.030391
vt 0.056031 0.014203
vt 0.060103 0.021294
vt 0.064403 0.038627
vt 0.065285 0.028216
vt 0.114016 0.065022
vt 0.085026 0.066069
vt 0.121158 0.052888
vt 0.099963 0.046903
vt 0.069055 0.054043
vt 0.076803 0.047195
vt 0.105237 0.038517
vt 0.083961 0.040860
vt 0.056196 0.043234
vt 0.072659 0.034764
vt 0.064403 0.038627
vt 0.089073 0.034788
vt 0.079123 0.032168
vt 0.166237 0.011980
vt 0.112057 0.008957
vt 0.161239 0.027539
vt 0.020177 0.020272
vt 0.022209 0.007731
vt 0.011991 0.012095
vt 0.028781 0.028868
vt 0.038222 0.038303
vt 0.132148 0.091814
vt 0.093794 0.093899
vt 0.147977 0.058389
vt 0.153590 0.046483
vt 0.061310 0.061390
vt 0.048917 0.048995
vt 0.028299 0.547646
vt 0.036376 0.595911
vt 0.036998 0.548178
vt 0.027573 0.594792
vt 0.035378 0.642492
vt 0.026456 0.640845
vt 0.034067 0.687354
vt 0.025044 0.685262
vt 0.032509 0.729925
vt 0.023433 0.727500
vt 0.030767 0.769614
vt 0.028903 0.805829
vt 0.046548 0.597014
vt 0.044395 0.689528
vt 0.040964 0.772577
vt 0.058773 0.598091
vt 0.059221 0.549195
vt 0.057930 0.645823
vt 0.056681 0.691823
vt 0.052881 0.776082
vt 0.074126 0.549665
vt 0.072916 0.647497
vt 0.069723 0.738754
vt 0.050256 0.812823
vt 0.067170 0.780219
vt 0.092140 0.600093
vt 0.092482 0.550097
vt 0.091327 0.649081
vt 0.089932 0.696577
vt 0.063815 0.817714
vt 0.084792 0.784697
vt 0.114684 0.600939
vt 0.114979 0.550480
vt 0.113898 0.650465
vt 0.112473 0.698616
vt 0.110228 0.744942
vt 0.106840 0.788967
vt 0.080547 0.823565
vt 0.028541 0.499949
vt 0.013240 0.764595
vt 0.019992 0.803258
vt 0.011585 0.800952
vt 0.026978 0.837975
vt 0.059507 0.850252
vt 0.101803 0.829966
vt 0.129834 0.834528
vt 0.134607 0.791800
vt 0.137868 0.746966
vt 0.141363 0.651539
vt 0.142073 0.601624
vt 0.142312 0.550802
vt 0.114929 0.499530
vt 0.092462 0.499574
vt 0.074145 0.499632
vt 0.059286 0.499700
vt 0.047193 0.499777
vt 0.037175 0.499861
vt 0.174939 0.551057
vt 0.212315 0.602454
vt 0.212400 0.551251
vt 0.174774 0.602120
vt 0.174211 0.652228
vt 0.211181 0.701185
vt 0.173111 0.700928
vt 0.210001 0.747649
vt 0.171358 0.747764
vt 0.168935 0.792253
vt 0.207645 0.830869
vt 0.253991 0.602667
vt 0.253403 0.701102
vt 0.252785 0.747077
vt 0.252243 0.789817
vt 0.252149 0.828381
vt 0.299051 0.551504
vt 0.299066 0.652804
vt 0.298706 0.788582
vt 0.298975 0.826553
vt 0.346857 0.551585
vt 0.346981 0.652826
vt 0.347089 0.745963
vt 0.347257 0.787754
vt 0.347637 0.825368
vt 0.396800 0.602947
vt 0.396728 0.551646
vt 0.396978 0.700666
vt 0.397335 0.787301
vt 0.397675 0.824709
vt 0.447975 0.551696
vt 0.448035 0.602990
vt 0.448289 0.745628
vt 0.448435 0.787122
vt 0.448634 0.824435
vt 0.166169 0.833692
vt 0.021379 0.232718
vt 0.028176 0.193509
vt 0.019624 0.196446
vt 0.024796 0.314541
vt 0.031923 0.269537
vt 0.026264 0.358994
vt 0.033578 0.312181
vt 0.027442 0.405077
vt 0.034999 0.357113
vt 0.028233 0.452244
vt 0.036118 0.403753
vt 0.037756 0.190059
vt 0.041968 0.266617
vt 0.043679 0.309752
vt 0.045091 0.355233
vt 0.046172 0.402457
vt 0.055759 0.307220
vt 0.057219 0.353355
vt 0.046884 0.450835
vt 0.058289 0.401201
vt 0.065654 0.218280
vt 0.062157 0.180654
vt 0.068398 0.259905
vt 0.070503 0.304597
vt 0.072070 0.351499
vt 0.058976 0.450176
vt 0.073163 0.400003
vt 0.078663 0.174557
vt 0.086330 0.256416
vt 0.088696 0.302078
vt 0.090377 0.349762
vt 0.073836 0.449563
vt 0.091496 0.398907
vt 0.104989 0.209136
vt 0.099762 0.167973
vt 0.112880 0.348261
vt 0.092156 0.449012
vt 0.113995 0.397959
vt 0.017966 0.164000
vt 0.072620 0.140974
vt 0.057767 0.148040
vt 0.035304 0.157993
vt 0.026217 0.161328
vt 0.053930 0.069123
vt 0.038498 0.064478
vt 0.047033 0.076872
vt 0.040637 0.084034
vt 0.046594 0.100033
vt 0.034588 0.072736
vt 0.014526 0.041903
vt 0.015859 0.029378
vt 0.014028 0.056128
vt 0.022313 0.047856
vt 0.013982 0.072104
vt 0.021133 0.060192
vt 0.030277 0.055098
vt 0.016498 0.135754
vt 0.022600 0.110290
vt 0.030165 0.108528
vt 0.032697 0.130829
vt 0.038113 0.105313
vt 0.021304 0.090722
vt 0.014426 0.090337
vt 0.028054 0.090804
vt 0.034503 0.089151
vt 0.043138 0.056269
vt 0.020735 0.074267
vt 0.013982 0.072104
vt 0.031945 0.079203
vt 0.091556 0.132212
vt 0.075951 0.076040
vt 0.045646 0.153662
vt 0.006828 0.036573
vt 0.008983 0.137466
vt 0.041962 0.126801
vt 0.008118 0.112161
vt 0.193420 0.030011
vt 0.232621 0.024284
vt 0.196349 0.021823
vt 0.189979 0.039240
vt 0.229690 0.032521
vt 0.222618 0.053132
vt 0.226413 0.041940
vt 0.185769 0.050029
vt 0.180596 0.063008
vt 0.167933 0.100110
vt 0.174510 0.079243
vt 0.272169 0.026780
vt 0.269447 0.034958
vt 0.266537 0.044417
vt 0.259855 0.069787
vt 0.263343 0.055797
vt 0.256388 0.087268
vt 0.314443 0.029163
vt 0.312090 0.037213
vt 0.307152 0.058028
vt 0.253365 0.109177
vt 0.302053 0.089814
vt 0.357022 0.039178
vt 0.355152 0.048460
vt 0.353287 0.059823
vt 0.351448 0.073974
vt 0.299912 0.111805
vt 0.349734 0.091657
vt 0.404979 0.032993
vt 0.403663 0.040739
vt 0.399950 0.075265
vt 0.348264 0.113631
vt 0.398874 0.092908
vt 0.449508 0.076073
vt 0.397953 0.114821
vt 0.163904 0.019548
vt 0.199022 0.014155
vt 0.161239 0.027539
vt 0.157912 0.036376
vt 0.147977 0.058389
vt 0.132148 0.091814
vt 0.499507 0.115827
vt 0.499534 0.093999
vt 0.499578 0.076433
vt 0.499634 0.062418
vt 0.499700 0.051245
vt 0.551059 0.174968
vt 0.602454 0.212132
vt 0.551267 0.212198
vt 0.602670 0.253690
vt 0.551426 0.253674
vt 0.602804 0.298755
vt 0.602892 0.346605
vt 0.551635 0.346507
vt 0.602950 0.396538
vt 0.652583 0.211786
vt 0.652216 0.174250
vt 0.652734 0.253546
vt 0.652772 0.298768
vt 0.652785 0.346700
vt 0.652796 0.396652
vt 0.602991 0.447852
vt 0.701147 0.211056
vt 0.700908 0.173156
vt 0.701045 0.253186
vt 0.700817 0.298702
vt 0.700643 0.346795
vt 0.700546 0.396794
vt 0.700510 0.448060
vt 0.747580 0.209910
vt 0.747727 0.171407
vt 0.746971 0.252618
vt 0.746275 0.298578
vt 0.745782 0.346912
vt 0.745504 0.396980
vt 0.745389 0.448204
vt 0.791086 0.208601
vt 0.789638 0.252126
vt 0.788342 0.298571
vt 0.787458 0.347135
vt 0.830676 0.207618
vt 0.833585 0.166219
vt 0.828097 0.252080
vt 0.826181 0.298893
vt 0.824914 0.347565
vt 0.550791 0.142697
vt 0.652810 0.447946
vt 0.834491 0.130009
vt 0.791778 0.134830
vt 0.746953 0.138134
vt 0.700109 0.140329
vt 0.651528 0.141704
vt 0.601611 0.142441
vt 0.547553 0.034209
vt 0.595834 0.040999
vt 0.548095 0.041916
vt 0.548625 0.051040
vt 0.598038 0.061657
vt 0.549134 0.062287
vt 0.599089 0.075846
vt 0.549616 0.076367
vt 0.600063 0.093560
vt 0.550060 0.093988
vt 0.600918 0.115518
vt 0.640758 0.031477
vt 0.645780 0.060542
vt 0.647466 0.074828
vt 0.649060 0.092617
vt 0.650451 0.114659
vt 0.685180 0.029411
vt 0.689480 0.047333
vt 0.694215 0.073271
vt 0.696566 0.091062
vt 0.698608 0.113144
vt 0.729868 0.035547
vt 0.727423 0.027076
vt 0.732516 0.045282
vt 0.735468 0.056914
vt 0.738745 0.071123
vt 0.744940 0.110798
vt 0.766942 0.024617
vt 0.772548 0.042923
vt 0.784705 0.085559
vt 0.780221 0.068293
vt 0.788968 0.107304
vt 0.808910 0.040308
vt 0.812822 0.051415
vt 0.817727 0.064673
vt 0.829968 0.102161
vt 0.823580 0.081136
vt 0.865658 0.093958
vt 0.850274 0.060131
vt 0.844943 0.047932
vt 0.837942 0.028291
vt 0.800861 0.014142
vt 0.833654 0.011959
vt 0.764500 0.016629
vt 0.912921 0.068119
vt 0.884006 0.066996
vt 0.892650 0.081369
vt 0.905054 0.057978
vt 0.941797 0.045241
vt 0.921397 0.048999
vt 0.898345 0.048593
vt 0.925930 0.036159
vt 0.957324 0.015422
vt 0.961267 0.026204
vt 0.943474 0.014603
vt 0.951057 0.023544
vt 0.939045 0.022084
vt 0.943539 0.031807
vt 0.925039 0.021705
vt 0.933550 0.029346
vt 0.863879 0.017958
vt 0.888271 0.016374
vt 0.890420 0.031766
vt 0.908581 0.022420
vt 0.909318 0.015231
vt 0.908183 0.029450
vt 0.909567 0.036128
vt 0.941797 0.045241
vt 0.927556 0.014606
vt 0.922141 0.028372
vt 0.871801 0.044006
vt 0.903955 0.096058
vt 0.865658 0.093958
vt 0.936546 0.063525
vt 0.857091 0.075027
vt 0.850274 0.060131
vt 0.985980 0.013999
vt 0.962988 0.007372
vt 0.959560 0.040501
vt 0.932267 0.913418
vt 0.944299 0.929362
vt 0.942353 0.905508
vt 0.960012 0.934293
vt 0.951329 0.921807
vt 0.945576 0.877516
vt 0.951669 0.898749
vt 0.957836 0.914830
vt 0.982479 0.969163
vt 0.985390 0.943586
vt 0.976571 0.951252
vt 0.964870 0.952658
vt 0.968407 0.943817
vt 0.978371 0.925234
vt 0.970839 0.933817
vt 0.981881 0.864029
vt 0.976054 0.889210
vt 0.973963 0.865825
vt 0.965472 0.868391
vt 0.960251 0.893679
vt 0.977628 0.908785
vt 0.984719 0.909448
vt 0.970683 0.908453
vt 0.955079 0.942168
vt 0.978371 0.925234
vt 0.971784 0.922402
vt 0.956122 0.872165
vt 0.904344 0.904544
vt 0.922278 0.922442
vt 0.936867 0.937005
vt 0.955079 0.942168
vt 0.977693 0.977797
vt 0.985858 0.985963
vt 0.969122 0.969228
vt 0.959740 0.959850
vt 0.949139 0.949260
vt 0.987684 0.833738
vt 0.989513 0.862613
vt 0.863925 0.982687
vt 0.889105 0.976539
vt 0.865721 0.974670
vt 0.888309 0.984078
vt 0.908681 0.977954
vt 0.909344 0.985079
vt 0.925130 0.978592
vt 0.890600 0.968758
vt 0.908348 0.970981
vt 0.922297 0.972001
vt 0.957325 0.984699
vt 0.969059 0.982586
vt 0.952550 0.964987
vt 0.942054 0.955212
vt 0.943482 0.985550
vt 0.939135 0.978171
vt 0.934183 0.960166
vt 0.884357 0.933638
vt 0.913280 0.932471
vt 0.877399 0.946004
vt 0.898635 0.951979
vt 0.921691 0.951522
vt 0.893571 0.960618
vt 0.914720 0.958067
vt 0.925130 0.978592
vt 0.893571 0.960618
vt 0.872054 0.956639
vt 0.909787 0.964348
vt 0.919790 0.966994
vt 0.833633 0.988987
vt 0.835683 0.980977
vt 0.838069 0.972554
vt 0.841129 0.963306
vt 0.845201 0.952819
vt 0.985858 0.985963
vt 0.949139 0.949260
vt 0.936867 0.937005
vt 0.087085 0.931923
vt 0.115992 0.933118
vt 0.107322 0.918686
vt 0.071107 0.943956
vt 0.094960 0.942104
vt 0.066086 0.959762
vt 0.078628 0.951058
vt 0.122910 0.945548
vt 0.085557 0.957653
vt 0.042661 0.984583
vt 0.038753 0.973790
vt 0.030936 0.982463
vt 0.056497 0.985442
vt 0.048949 0.976469
vt 0.072401 0.985505
vt 0.060946 0.977962
vt 0.047664 0.964640
vt 0.056482 0.968216
vt 0.074940 0.978394
vt 0.136047 0.982586
vt 0.110965 0.976340
vt 0.134351 0.974469
vt 0.131879 0.965788
vt 0.091387 0.977758
vt 0.091805 0.970700
vt 0.090436 0.963993
vt 0.074940 0.978394
vt 0.072401 0.985505
vt 0.077855 0.971720
vt 0.128190 0.956259
vt 0.106667 0.960247
vt 0.080416 0.966658
vt 0.095955 0.903957
vt 0.063470 0.936485
vt 0.051156 0.948810
vt 0.030995 0.968981
vt 0.040480 0.959493
vt 0.162000 0.972356
vt 0.128190 0.956258
vt 0.112057 0.991496
vt 0.016889 0.863928
vt 0.023365 0.889011
vt 0.025077 0.865625
vt 0.015683 0.888312
vt 0.022059 0.908589
vt 0.031279 0.890416
vt 0.033829 0.868096
vt 0.029139 0.908171
vt 0.028177 0.922121
vt 0.026183 0.961223
vt 0.015380 0.957314
vt 0.017511 0.969040
vt 0.035328 0.952311
vt 0.023494 0.951027
vt 0.045182 0.941732
vt 0.031741 0.943494
vt 0.014493 0.943478
vt 0.021976 0.939030
vt 0.040181 0.933888
vt 0.029229 0.933519
vt 0.066691 0.883968
vt 0.067985 0.912870
vt 0.081179 0.892620
vt 0.054200 0.877060
vt 0.057768 0.905005
vt 0.043425 0.871784
vt 0.048858 0.921342
vt 0.039543 0.893308
vt 0.042234 0.914416
vt 0.045182 0.941732
vt 0.036016 0.925889
vt 0.035867 0.909539
vt 0.033239 0.919560
vt 0.010134 0.833738
vt 0.008983 0.862613
vt 0.008118 0.887917
vt 0.051156 0.948810
vt 0.074595 0.857066
vt 0.047095 0.844935
vt 0.063470 0.936485
vt 0.951913 0.155063
vt 0.865658 0.093958
vt 0.045182 0.941732
vt 0.683107 0.980847
vt 0.093694 0.865649
vt 0.058240 0.954776
s 1
f 540/1/540 545/2/545 544/3/544
f 541/4/541 546/5/546 545/2/545
f 542/6/542 547/7/547 546/5/546
f 544/3/544 549/8/549 548/9/548
f 545/2/545 550/10/550 549/8/549
f 546/5/546 551/11/551 550/10/550
f 552/12/552 557/13/557 556/14/556
f 553/15/553 558/16/558 557/13/557
f 554/17/554 559/18/559 558/16/558
f 556/14/556 561/19/561 560/20/560
f 557/13/557 562/21/562 561/19/561
f 558/16/558 563/22/563 562/21/562
f 565/23/565 568/24/568 564/25/564
f 566/26/566 569/27/569 565/23/565
f 567/28/567 570/29/570 566/26/566
f 569/27/569 572/30/572 568/24/568
f 570/29/570 573/31/573 569/27/569
f 571/32/571 574/33/574 570/29/570
f 560/20/560 547/34/547 543/35/543
f 562/21/562 547/34/547 561/19/561
f 573/31/573 555/36/555 572/30/572
f 574/33/574 559/37/559 573/31/573
f 548/9/548 571/32/571 567/38/567
f 549/8/549 575/39/575 571/32/571
f 550/10/550 539/40/539 575/39/575
f 562/21/562 539/40/539 551/11/551
f 575/39/575 563/22/563 574/33/574
f 25/41/25 540/1/540 77/42/77
f 308/43/308 541/4/541 540/1/540
f 309/44/309 542/6/542 541/4/541
f 310/45/310 543/35/543 542/6/542
f 77/42/77 544/3/544 78/46/78
f 78/46/78 548/9/548 79/47/79
f 79/47/79 567/38/567 80/48/80
f 328/49/328 314/50/314 9/51/9
f 328/49/328 553/15/553 552/12/552
f 327/52/327 554/17/554 553/15/553
f 326/53/326 555/54/555 554/17/554
f 314/50/314 556/14/556 313/55/313
f 313/55/313 560/20/560 312/56/312
f 312/56/312 543/35/543 311/57/311
f 83/58/83 322/59/322 10/60/10
f 82/61/82 564/25/564 83/58/83
f 81/62/81 565/23/565 82/61/82
f 80/63/80 566/26/566 81/62/81
f 564/25/564 323/64/323 322/59/322
f 568/24/568 324/65/324 323/64/323
f 572/30/572 325/66/325 324/65/324
f 576/67/576 584/68/584 583/69/583
f 577/70/577 585/71/585 584/68/584
f 578/72/578 586/73/586 585/71/585
f 579/74/579 587/75/587 586/73/586
f 580/76/580 588/77/588 587/75/587
f 581/78/581 589/79/589 588/77/588
f 584/68/584 590/80/590 583/69/583
f 584/68/584 592/81/592 591/82/591
f 585/71/585 593/83/593 592/81/592
f 586/73/586 594/84/594 593/83/593
f 587/75/587 595/85/595 594/84/594
f 588/77/588 596/86/596 595/85/595
f 591/82/591 597/87/597 590/80/590
f 592/81/592 598/88/598 591/82/591
f 592/81/592 600/89/600 599/90/599
f 593/83/593 601/91/601 600/89/600
f 594/84/594 602/92/602 601/91/601
f 595/85/595 603/93/603 602/92/602
f 597/87/597 605/94/605 604/95/604
f 598/88/598 606/96/606 605/94/605
f 599/90/599 607/97/607 606/96/606
f 600/89/600 608/98/608 607/97/607
f 601/91/601 609/99/609 608/98/608
f 602/92/602 610/100/610 609/99/609
f 604/95/604 612/101/612 611/102/611
f 605/94/605 613/103/613 612/101/612
f 606/96/606 614/104/614 613/103/613
f 607/97/607 615/105/615 614/104/614
f 608/98/608 616/106/616 615/105/615
f 609/99/609 617/107/617 616/106/616
f 611/102/611 619/108/619 618/109/618
f 612/101/612 620/110/620 619/108/619
f 613/103/613 621/111/621 620/110/620
f 614/104/614 622/112/622 621/111/621
f 615/105/615 623/113/623 622/112/622
f 616/106/616 624/114/624 623/113/623
f 7/115/7 576/67/576 231/116/231
f 258/117/258 577/70/577 576/67/576
f 257/118/257 578/72/578 577/70/577
f 256/119/256 579/74/579 578/72/578
f 255/120/255 580/76/580 579/74/579
f 254/121/254 581/78/581 580/76/580
f 253/122/253 582/123/582 581/78/581
f 252/124/252 91/125/91 582/123/582
f 582/123/582 92/126/92 589/79/589
f 589/79/589 93/127/93 596/86/596
f 596/86/596 94/128/94 603/93/603
f 603/93/603 95/129/95 610/100/610
f 610/100/610 96/130/96 617/107/617
f 617/107/617 97/131/97 624/114/624
f 624/114/624 15/132/15 132/133/132
f 623/113/623 132/133/132 131/134/131
f 622/112/622 131/134/131 130/135/130
f 621/111/621 130/135/130 129/136/129
f 620/110/620 129/136/129 128/137/128
f 619/108/619 128/137/128 127/138/127
f 618/109/618 127/138/127 126/139/126
f 237/140/237 126/139/126 20/141/20
f 236/142/236 618/109/618 237/140/237
f 235/143/235 611/102/611 236/142/236
f 234/144/234 604/95/604 235/143/235
f 233/145/233 597/87/597 234/144/234
f 583/69/583 233/145/233 232/146/232
f 231/116/231 583/69/583 232/146/232
f 626/147/626 632/148/632 625/149/625
f 627/150/627 633/151/633 626/147/626
f 628/152/628 634/153/634 627/150/627
f 629/154/629 635/155/635 628/152/628
f 630/156/630 636/157/636 629/154/629
f 631/158/631 637/159/637 630/156/630
f 633/151/633 639/160/639 632/148/632
f 634/153/634 640/161/640 633/151/633
f 635/155/635 641/162/641 634/153/634
f 636/157/636 642/163/642 635/155/635
f 637/159/637 643/164/643 636/157/636
f 638/165/638 644/166/644 637/159/637
f 640/161/640 646/167/646 639/160/639
f 641/162/641 647/168/647 640/161/640
f 642/163/642 648/169/648 641/162/641
f 643/164/643 649/170/649 642/163/642
f 644/166/644 650/171/650 643/164/643
f 645/172/645 651/173/651 644/166/644
f 647/168/647 653/174/653 646/167/646
f 648/169/648 654/175/654 647/168/647
f 649/170/649 655/176/655 648/169/648
f 650/171/650 656/177/656 649/170/649
f 651/173/651 657/178/657 650/171/650
f 652/179/652 658/180/658 651/173/651
f 654/175/654 660/181/660 653/174/653
f 655/176/655 661/182/661 654/175/654
f 656/177/656 662/183/662 655/176/655
f 657/178/657 663/184/663 656/177/656
f 658/180/658 664/185/664 657/178/657
f 659/186/659 665/187/665 658/180/658
f 661/182/661 667/188/667 660/181/660
f 662/183/662 668/189/668 661/182/661
f 663/184/663 669/190/669 662/183/662
f 664/185/664 670/191/670 663/184/663
f 665/187/665 671/192/671 664/185/664
f 666/193/666 672/194/672 665/187/665
f 286/195/286 259/196/259 8/197/8
f 285/198/285 625/149/625 286/195/286
f 284/199/284 626/147/626 285/198/285
f 283/200/283 627/150/627 284/199/284
f 282/201/282 628/152/628 283/200/283
f 281/202/281 629/154/629 282/201/282
f 280/203/280 630/156/630 281/202/281
f 3/204/3 631/158/631 280/203/280
f 182/205/182 638/165/638 631/158/631
f 183/206/183 645/172/645 638/165/638
f 184/207/184 652/179/652 645/172/645
f 185/208/185 659/186/659 652/179/652
f 186/209/186 666/193/666 659/186/659
f 187/210/187 673/211/673 666/193/666
f 188/212/188 195/213/195 673/211/673
f 673/211/673 194/214/194 672/194/672
f 672/194/672 193/215/193 671/192/671
f 671/192/671 192/216/192 670/191/670
f 670/191/670 191/217/191 669/190/669
f 669/190/669 190/218/190 668/189/668
f 668/189/668 189/219/189 667/188/667
f 667/188/667 4/220/4 265/221/265
f 660/181/660 265/221/265 264/222/264
f 653/174/653 264/222/264 263/223/263
f 646/167/646 263/223/263 262/224/262
f 639/160/639 262/224/262 261/225/261
f 632/148/632 261/225/261 260/226/260
f 625/149/625 260/226/260 259/196/259
f 675/227/675 681/228/681 674/229/674
f 676/230/676 682/231/682 675/227/675
f 677/232/677 683/233/683 676/230/676
f 678/234/678 684/235/684 677/232/677
f 678/234/678 686/236/686 685/237/685
f 679/238/679 687/239/687 686/236/686
f 681/228/681 689/240/689 688/241/688
f 683/233/683 689/240/689 682/231/682
f 684/235/684 690/242/690 683/233/683
f 685/237/685 691/243/691 684/235/684
f 685/237/685 693/244/693 692/245/692
f 686/236/686 694/246/694 693/244/693
f 688/241/688 696/247/696 695/248/695
f 689/240/689 697/249/697 696/247/696
f 690/242/690 698/250/698 697/249/697
f 691/243/691 699/251/699 698/250/698
f 692/245/692 700/252/700 699/251/699
f 693/244/693 701/253/701 700/252/700
f 695/248/695 703/254/703 702/255/702
f 696/247/696 704/256/704 703/254/703
f 697/249/697 705/257/705 704/256/704
f 698/250/698 706/258/706 705/257/705
f 699/251/699 707/259/707 706/258/706
f 700/252/700 708/260/708 707/259/707
f 702/255/702 710/261/710 709/262/709
f 703/254/703 711/263/711 710/261/710
f 704/256/704 712/264/712 711/263/711
f 705/257/705 713/265/713 712/264/712
f 706/258/706 714/266/714 713/265/713
f 707/259/707 715/267/715 714/266/714
f 709/262/709 717/268/717 716/269/716
f 710/261/710 718/270/718 717/268/717
f 711/263/711 719/271/719 718/270/718
f 712/264/712 720/272/720 719/271/719
f 713/265/713 721/273/721 720/272/720
f 714/266/714 722/274/722 721/273/721
f 314/50/314 287/275/287 9/51/9
f 313/276/313 674/229/674 314/50/314
f 312/277/312 675/227/675 313/276/313
f 311/278/311 676/230/676 312/277/312
f 310/279/310 677/232/677 311/278/311
f 310/279/310 679/238/679 678/234/678
f 309/44/309 680/280/680 679/238/679
f 308/281/308 161/282/161 680/280/680
f 680/280/680 162/283/162 687/239/687
f 687/239/687 163/284/163 694/246/694
f 694/246/694 164/285/164 701/253/701
f 701/253/701 165/286/165 708/260/708
f 708/260/708 166/287/166 715/267/715
f 715/267/715 167/288/167 722/274/722
f 722/274/722 16/289/16 202/290/202
f 721/273/721 202/290/202 201/291/201
f 720/272/720 201/291/201 200/292/200
f 719/271/719 200/292/200 199/293/199
f 718/270/718 199/293/199 198/294/198
f 717/268/717 198/294/198 197/295/197
f 716/269/716 197/295/197 196/296/196
f 293/297/293 196/296/196 5/298/5
f 292/299/292 716/269/716 293/297/293
f 291/300/291 709/262/709 292/299/292
f 290/301/290 702/255/702 291/300/291
f 289/302/289 695/248/695 290/301/290
f 288/303/288 688/241/688 289/302/289
f 287/275/287 681/228/681 288/303/288
f 724/304/724 730/305/730 723/306/723
f 725/307/725 731/308/731 724/304/724
f 726/309/726 732/310/732 725/307/725
f 727/311/727 733/312/733 726/309/726
f 728/313/728 734/314/734 727/311/727
f 729/315/729 735/316/735 728/313/728
f 731/308/731 737/317/737 730/305/730
f 732/310/732 738/318/738 731/308/731
f 733/312/733 739/319/739 732/310/732
f 734/314/734 740/320/740 733/312/733
f 735/316/735 741/321/741 734/314/734
f 736/322/736 742/323/742 735/316/735
f 738/318/738 744/324/744 737/317/737
f 739/319/739 745/325/745 738/318/738
f 740/320/740 746/326/746 739/319/739
f 741/321/741 747/327/747 740/320/740
f 742/323/742 748/328/748 741/321/741
f 743/329/743 749/330/749 742/323/742
f 745/325/745 751/331/751 744/324/744
f 746/326/746 752/332/752 745/325/745
f 747/327/747 753/333/753 746/326/746
f 748/328/748 754/334/754 747/327/747
f 749/330/749 755/335/755 748/328/748
f 750/336/750 756/337/756 749/330/749
f 752/332/752 758/338/758 751/331/751
f 753/333/753 759/339/759 752/332/752
f 754/334/754 760/340/760 753/333/753
f 755/335/755 761/341/761 754/334/754
f 756/337/756 762/342/762 755/335/755
f 757/343/757 763/344/763 756/337/756
f 759/339/759 765/345/765 758/338/758
f 760/340/760 766/346/766 759/339/759
f 761/341/761 767/347/767 760/340/760
f 762/342/762 768/348/768 761/341/761
f 763/344/763 769/349/769 762/342/762
f 764/350/764 770/351/770 763/344/763
f 223/352/223 91/125/91 2/353/2
f 222/354/222 723/306/723 223/352/223
f 221/355/221 724/304/724 222/354/222
f 220/356/220 725/307/725 221/355/221
f 219/357/219 726/309/726 220/356/220
f 218/358/218 727/311/727 219/357/219
f 217/359/217 728/313/728 218/358/218
f 6/360/6 729/315/729 217/359/217
f 203/361/203 736/322/736 729/315/729
f 204/362/204 743/329/743 736/322/736
f 205/363/205 750/336/750 743/329/743
f 206/364/206 757/343/757 750/336/750
f 207/365/207 764/350/764 757/343/757
f 208/366/208 771/367/771 764/350/764
f 209/368/209 154/369/154 771/367/771
f 771/367/771 155/370/155 770/351/770
f 770/351/770 156/371/156 769/349/769
f 769/349/769 157/372/157 768/348/768
f 768/348/768 158/373/158 767/347/767
f 767/347/767 159/374/159 766/346/766
f 766/346/766 160/375/160 765/345/765
f 765/345/765 15/132/15 97/131/97
f 758/338/758 97/131/97 96/130/96
f 751/331/751 96/130/96 95/129/95
f 744/324/744 95/129/95 94/128/94
f 737/317/737 94/128/94 93/127/93
f 730/305/730 93/127/93 92/126/92
f 723/306/723 92/126/92 91/125/91
f 773/376/773 779/377/779 772/378/772
f 774/379/774 780/380/780 773/376/773
f 775/381/775 781/382/781 774/379/774
f 776/383/776 782/384/782 775/381/775
f 777/385/777 783/386/783 776/383/776
f 778/387/778 784/388/784 777/385/777
f 780/380/780 786/389/786 779/377/779
f 781/382/781 787/390/787 780/380/780
f 782/384/782 788/391/788 781/382/781
f 783/386/783 789/392/789 782/384/782
f 784/388/784 790/393/790 783/386/783
f 785/394/785 791/395/791 784/388/784
f 787/390/787 793/396/793 786/389/786
f 788/391/788 794/397/794 787/390/787
f 789/392/789 795/398/795 788/391/788
f 790/393/790 796/399/796 789/392/789
f 791/395/791 797/400/797 790/393/790
f 792/401/792 798/402/798 791/395/791
f 794/397/794 800/403/800 793/396/793
f 795/398/795 801/404/801 794/397/794
f 796/399/796 802/405/802 795/398/795
f 797/400/797 803/406/803 796/399/796
f 798/402/798 804/407/804 797/400/797
f 799/408/799 805/409/805 798/402/798
f 801/404/801 807/410/807 800/403/800
f 802/405/802 808/411/808 801/404/801
f 803/406/803 809/412/809 802/405/802
f 804/407/804 810/413/810 803/406/803
f 805/409/805 811/414/811 804/407/804
f 806/415/806 812/416/812 805/409/805
f 808/411/808 814/417/814 807/410/807
f 809/412/809 815/418/815 808/411/808
f 810/413/810 816/419/816 809/412/809
f 811/414/811 817/420/817 810/413/810
f 812/416/812 818/421/818 811/414/811
f 813/422/813 819/423/819 812/416/812
f 118/424/118 181/425/181 1/426/1
f 117/427/117 772/378/772 118/424/118
f 116/428/116 773/376/773 117/427/117
f 115/429/115 774/379/774 116/428/116
f 114/430/114 775/381/775 115/429/115
f 113/431/113 776/383/776 114/430/114
f 112/432/112 777/385/777 113/431/113
f 5/298/5 778/387/778 112/432/112
f 216/433/216 785/394/785 778/387/778
f 215/434/215 792/401/792 785/394/785
f 214/435/214 799/408/799 792/401/792
f 213/436/213 806/415/806 799/408/799
f 212/437/212 813/422/813 806/415/806
f 211/438/211 820/439/820 813/422/813
f 210/440/210 217/359/217 820/439/820
f 820/439/820 218/358/218 819/423/819
f 819/423/819 219/357/219 818/421/818
f 818/421/818 220/356/220 817/420/817
f 817/420/817 221/355/221 816/419/816
f 816/419/816 222/354/222 815/418/815
f 815/418/815 223/352/223 814/417/814
f 814/417/814 2/353/2 175/441/175
f 807/410/807 175/441/175 176/442/176
f 800/403/800 176/442/176 177/443/177
f 793/396/793 177/443/177 178/444/178
f 786/389/786 178/444/178 179/445/179
f 779/377/779 179/445/179 180/446/180
f 772/378/772 180/446/180 181/425/181
f 822/447/822 828/448/828 821/449/821
f 823/450/823 829/451/829 822/447/822
f 824/452/824 830/453/830 823/450/823
f 825/454/825 831/455/831 824/452/824
f 826/456/826 832/457/832 825/454/825
f 827/458/827 833/459/833 826/456/826
f 829/451/829 835/460/835 828/448/828
f 830/453/830 836/461/836 829/451/829
f 831/455/831 837/462/837 830/453/830
f 832/457/832 838/463/838 831/455/831
f 833/459/833 839/464/839 832/457/832
f 834/465/834 840/466/840 833/459/833
f 836/461/836 842/467/842 835/460/835
f 837/462/837 843/468/843 836/461/836
f 838/463/838 844/469/844 837/462/837
f 839/464/839 845/470/845 838/463/838
f 840/466/840 846/471/846 839/464/839
f 841/472/841 847/473/847 840/466/840
f 843/468/843 849/474/849 842/467/842
f 844/469/844 850/475/850 843/468/843
f 845/470/845 851/476/851 844/469/844
f 846/471/846 852/477/852 845/470/845
f 847/473/847 853/478/853 846/471/846
f 848/479/848 854/480/854 847/473/847
f 850/475/850 856/481/856 849/474/849
f 851/476/851 857/482/857 850/475/850
f 852/477/852 858/483/858 851/476/851
f 853/478/853 859/484/859 852/477/852
f 854/480/854 860/485/860 853/478/853
f 855/486/855 861/487/861 854/480/854
f 857/482/857 863/488/863 856/481/856
f 857/482/857 865/489/865 864/490/864
f 859/484/859 865/489/865 858/483/858
f 860/485/860 866/491/866 859/484/859
f 861/487/861 867/492/867 860/485/860
f 862/493/862 868/494/868 861/487/861
f 196/296/196 216/433/216 5/298/5
f 197/295/197 821/449/821 196/296/196
f 198/294/198 822/447/822 197/295/197
f 199/293/199 823/450/823 198/294/198
f 200/292/200 824/452/824 199/293/199
f 201/291/201 825/454/825 200/292/200
f 202/290/202 826/456/826 201/291/201
f 16/289/16 827/458/827 202/290/202
f 139/495/139 834/465/834 827/458/827
f 138/496/138 841/472/841 834/465/834
f 137/497/137 848/479/848 841/472/841
f 136/498/136 855/486/855 848/479/848
f 135/499/135 862/493/862 855/486/855
f 134/500/134 869/501/869 862/493/862
f 133/502/133 224/503/224 869/501/869
f 869/501/869 225/504/225 868/494/868
f 868/494/868 226/505/226 867/492/867
f 867/492/867 227/506/227 866/491/866
f 866/491/866 228/507/228 865/489/865
f 865/489/865 229/508/229 864/490/864
f 864/490/864 230/509/230 863/488/863
f 863/488/863 6/360/6 210/440/210
f 856/481/856 210/440/210 211/438/211
f 849/474/849 211/438/211 212/437/212
f 842/467/842 212/437/212 213/436/213
f 835/460/835 213/436/213 214/435/214
f 828/448/828 214/435/214 215/434/215
f 821/449/821 215/434/215 216/433/216
f 871/510/871 876/511/876 875/512/875
f 872/513/872 877/514/877 876/511/876
f 873/515/873 878/516/878 877/514/877
f 875/512/875 880/517/880 879/518/879
f 876/511/876 881/519/881 880/517/880
f 877/514/877 882/520/882 881/519/881
f 884/521/884 887/522/887 883/523/883
f 885/524/885 888/525/888 884/521/884
f 885/524/885 890/526/890 889/527/889
f 888/525/888 891/528/891 887/522/887
f 889/527/889 892/529/892 888/525/888
f 889/527/889 894/530/894 893/531/893
f 896/532/896 899/533/899 895/534/895
f 897/535/897 900/536/900 896/532/896
f 898/537/898 901/538/901 897/535/897
f 900/536/900 903/539/903 899/533/899
f 901/538/901 904/540/904 900/536/900
f 902/541/902 905/542/905 901/538/901
f 892/529/892 874/543/874 891/528/891
f 893/531/893 878/544/878 892/529/892
f 904/540/904 886/545/886 903/539/903
f 905/542/905 890/546/890 904/540/904
f 879/518/879 902/547/902 898/548/898
f 880/517/880 906/549/906 902/547/902
f 881/519/881 870/550/870 906/549/906
f 893/531/893 870/550/870 882/520/882
f 906/549/906 894/530/894 905/542/905
f 19/551/19 871/510/871 35/552/35
f 272/553/272 872/513/872 871/510/871
f 271/554/271 873/515/873 872/513/872
f 270/555/270 874/556/874 873/515/873
f 35/552/35 875/512/875 36/557/36
f 36/557/36 879/518/879 37/558/37
f 37/558/37 898/548/898 38/559/38
f 321/560/321 266/561/266 8/197/8
f 320/562/320 883/523/883 321/560/321
f 319/563/319 884/521/884 320/562/320
f 318/564/318 885/524/885 319/563/319
f 883/523/883 267/565/267 266/561/266
f 267/565/267 891/528/891 268/566/268
f 268/566/268 874/543/874 269/567/269
f 41/568/41 315/569/315 11/570/11
f 40/571/40 895/534/895 41/568/41
f 39/572/39 896/532/896 40/571/40
f 38/559/38 897/535/897 39/572/39
f 895/534/895 316/573/316 315/569/315
f 899/533/899 317/574/317 316/573/316
f 903/539/903 318/575/318 317/574/317
f 907/576/907 915/577/915 914/578/914
f 908/579/908 916/580/916 915/577/915
f 909/581/909 917/582/917 916/580/916
f 910/583/910 918/584/918 917/582/917
f 911/585/911 919/586/919 918/584/918
f 912/587/912 920/588/920 919/586/919
f 914/578/914 922/589/922 921/590/921
f 915/577/915 923/591/923 922/589/922
f 916/580/916 924/592/924 923/591/923
f 917/582/917 925/593/925 924/592/924
f 918/584/918 926/594/926 925/593/925
f 919/586/919 927/595/927 926/594/926
f 921/590/921 929/596/929 928/597/928
f 922/589/922 930/598/930 929/596/929
f 923/591/923 931/599/931 930/598/930
f 924/592/924 932/600/932 931/599/931
f 925/593/925 933/601/933 932/600/932
f 926/594/926 934/602/934 933/601/933
f 928/597/928 936/603/936 935/604/935
f 929/596/929 937/605/937 936/603/936
f 930/598/930 938/606/938 937/605/937
f 931/599/931 939/607/939 938/606/938
f 932/600/932 940/608/940 939/607/939
f 933/601/933 941/609/941 940/608/940
f 935/604/935 943/610/943 942/611/942
f 936/603/936 944/612/944 943/610/943
f 937/605/937 945/613/945 944/612/944
f 939/607/939 945/613/945 938/606/938
f 940/608/940 946/614/946 939/607/939
f 940/608/940 948/615/948 947/616/947
f 942/611/942 950/617/950 949/618/949
f 943/610/943 951/619/951 950/617/950
f 944/612/944 952/620/952 951/619/951
f 946/614/946 952/620/952 945/613/945
f 947/616/947 953/621/953 946/614/946
f 947/616/947 955/622/955 954/623/954
f 17/624/17 907/576/907 174/625/174
f 111/626/111 908/579/908 907/576/907
f 110/627/110 909/581/909 908/579/908
f 109/628/109 910/583/910 909/581/909
f 108/629/108 911/585/911 910/583/910
f 107/630/107 912/587/912 911/585/911
f 106/631/106 913/632/913 912/587/912
f 105/633/105 244/634/244 913/632/913
f 913/632/913 243/635/243 920/588/920
f 920/588/920 242/636/242 927/595/927
f 927/595/927 241/637/241 934/602/934
f 934/602/934 240/638/240 941/609/941
f 941/609/941 239/639/239 948/615/948
f 948/615/948 238/640/238 955/622/955
f 955/622/955 7/115/7 245/641/245
f 954/623/954 245/641/245 246/642/246
f 954/623/954 247/643/247 953/621/953
f 953/621/953 248/644/248 952/620/952
f 951/619/951 248/644/248 249/645/249
f 950/617/950 249/645/249 250/646/250
f 949/618/949 250/646/250 251/647/251
f 168/648/168 251/647/251 26/649/26
f 169/650/169 949/618/949 168/648/168
f 170/651/170 942/611/942 169/650/169
f 171/652/171 935/604/935 170/651/170
f 172/653/172 928/597/928 171/652/171
f 173/654/173 921/590/921 172/653/172
f 174/625/174 914/578/914 173/654/173
f 956/655/956 964/656/964 963/657/963
f 957/658/957 965/659/965 964/656/964
f 958/660/958 966/661/966 965/659/965
f 959/662/959 967/663/967 966/661/966
f 961/664/961 967/663/967 960/665/960
f 962/666/962 968/667/968 961/664/961
f 963/657/963 971/668/971 970/669/970
f 964/656/964 972/670/972 971/668/971
f 965/659/965 973/671/973 972/670/972
f 966/661/966 974/672/974 973/671/973
f 967/663/967 975/673/975 974/672/974
f 968/667/968 976/674/976 975/673/975
f 970/669/970 978/675/978 977/676/977
f 971/668/971 979/677/979 978/675/978
f 972/670/972 980/678/980 979/677/979
f 973/671/973 981/679/981 980/678/980
f 974/672/974 982/680/982 981/679/981
f 975/673/975 983/681/983 982/680/982
f 977/676/977 985/682/985 984/683/984
f 978/675/978 986/684/986 985/682/985
f 979/677/979 987/685/987 986/684/986
f 980/678/980 988/686/988 987/685/987
f 981/679/981 989/687/989 988/686/988
f 982/680/982 990/688/990 989/687/989
f 984/683/984 992/689/992 991/690/991
f 985/682/985 993/691/993 992/689/992
f 986/684/986 994/692/994 993/691/993
f 987/685/987 995/693/995 994/692/994
f 988/686/988 996/694/996 995/693/995
f 989/687/989 997/695/997 996/694/996
f 991/690/991 999/696/999 998/697/998
f 992/689/992 1000/698/1000 999/696/999
f 993/691/993 1001/699/1001 1000/698/1000
f 994/692/994 1002/700/1002 1001/699/1001
f 995/693/995 1003/701/1003 1002/700/1002
f 996/694/996 1004/702/1004 1003/701/1003
f 4/220/4 956/655/956 244/634/244
f 190/218/190 956/655/956 189/219/189
f 191/217/191 957/658/957 190/218/190
f 192/216/192 958/660/958 191/217/191
f 193/215/193 959/662/959 192/216/192
f 194/214/194 960/665/960 193/215/193
f 195/213/195 961/664/961 194/214/194
f 1/426/1 962/666/962 195/213/195
f 181/425/181 969/703/969 962/666/962
f 180/446/180 976/674/976 969/703/969
f 179/445/179 983/681/983 976/674/976
f 983/681/983 177/443/177 990/688/990
f 990/688/990 176/442/176 997/695/997
f 997/695/997 175/441/175 1004/702/1004
f 1004/702/1004 2/353/2 252/124/252
f 1003/701/1003 252/124/252 253/122/253
f 1002/700/1002 253/122/253 254/121/254
f 1001/699/1001 254/121/254 255/120/255
f 1000/698/1000 255/120/255 256/119/256
f 999/696/999 256/119/256 257/118/257
f 998/697/998 257/118/257 258/117/258
f 238/640/238 258/117/258 7/115/7
f 239/639/239 998/697/998 238/640/238
f 240/638/240 991/690/991 239/639/239
f 241/637/241 984/683/984 240/638/240
f 242/636/242 977/676/977 241/637/241
f 243/635/243 970/669/970 242/636/242
f 244/634/244 963/657/963 243/635/243
f 1006/704/1006 1012/705/1012 1005/706/1005
f 1007/707/1007 1013/708/1013 1006/704/1006
f 1007/707/1007 1015/709/1015 1014/710/1014
f 1008/711/1008 1016/712/1016 1015/709/1015
f 1009/713/1009 1017/714/1017 1016/712/1016
f 1010/715/1010 1018/716/1018 1017/714/1017
f 1013/708/1013 1019/717/1019 1012/705/1012
f 1014/710/1014 1020/718/1020 1013/708/1013
f 1014/710/1014 1022/719/1022 1021/720/1021
f 1015/709/1015 1023/721/1023 1022/719/1022
f 1016/712/1016 1024/722/1024 1023/721/1023
f 1017/714/1017 1025/723/1025 1024/722/1024
f 1020/718/1020 1026/724/1026 1019/717/1019
f 1021/720/1021 1027/725/1027 1020/718/1020
f 1022/719/1022 1028/726/1028 1021/720/1021
f 1022/719/1022 1030/727/1030 1029/728/1029
f 1024/722/1024 1030/727/1030 1023/721/1023
f 1025/723/1025 1031/729/1031 1024/722/1024
f 1027/725/1027 1033/730/1033 1026/724/1026
f 1028/726/1028 1034/731/1034 1027/725/1027
f 1029/728/1029 1035/732/1035 1028/726/1028
f 1030/727/1030 1036/733/1036 1029/728/1029
f 1031/729/1031 1037/734/1037 1030/727/1030
f 1032/735/1032 1038/736/1038 1031/729/1031
f 1034/731/1034 1040/737/1040 1033/730/1033
f 1035/732/1035 1041/738/1041 1034/731/1034
f 1036/733/1036 1042/739/1042 1035/732/1035
f 1037/734/1037 1043/740/1043 1036/733/1036
f 1038/736/1038 1044/741/1044 1037/734/1037
f 1039/742/1039 1045/743/1045 1038/736/1038
f 1041/738/1041 1047/744/1047 1040/737/1040
f 1042/739/1042 1048/745/1048 1041/738/1041
f 1043/740/1043 1049/746/1049 1042/739/1042
f 1044/741/1044 1050/747/1050 1043/740/1043
f 1045/743/1045 1051/748/1051 1044/741/1044
f 1046/749/1046 1052/750/1052 1045/743/1045
f 279/751/279 140/752/140 22/753/22
f 278/754/278 1005/706/1005 279/751/279
f 277/755/277 1006/704/1006 278/754/278
f 277/755/277 1008/711/1008 1007/707/1007
f 276/756/276 1009/713/1009 1008/711/1008
f 275/757/275 1010/715/1010 1009/713/1009
f 274/758/274 1011/759/1011 1010/715/1010
f 273/760/273 259/196/259 1011/759/1011
f 259/196/259 1018/716/1018 1011/759/1011
f 260/226/260 1025/723/1025 1018/716/1018
f 261/225/261 1032/735/1032 1025/723/1025
f 262/224/262 1039/742/1039 1032/735/1032
f 263/223/263 1046/749/1046 1039/742/1039
f 264/222/264 1053/761/1053 1046/749/1046
f 265/221/265 105/633/105 1053/761/1053
f 1053/761/1053 106/631/106 1052/750/1052
f 1052/750/1052 107/630/107 1051/748/1051
f 1051/748/1051 108/629/108 1050/747/1050
f 1050/747/1050 109/628/109 1049/746/1049
f 1049/746/1049 110/627/110 1048/745/1048
f 1048/745/1048 111/626/111 1047/744/1047
f 1047/744/1047 17/624/17 146/762/146
f 1040/737/1040 146/762/146 145/763/145
f 1033/730/1033 145/763/145 144/764/144
f 1026/724/1026 144/764/144 143/765/143
f 1019/717/1019 143/765/143 142/766/142
f 1012/705/1012 142/766/142 141/767/141
f 1005/706/1005 141/767/141 140/752/140
f 1055/768/1055 1060/769/1060 1059/770/1059
f 1056/771/1056 1061/772/1061 1060/769/1060
f 1057/773/1057 1062/774/1062 1061/772/1061
f 1059/770/1059 1064/775/1064 1063/776/1063
f 1060/769/1060 1065/777/1065 1064/775/1064
f 1061/772/1061 1066/778/1066 1065/777/1065
f 1067/779/1067 1072/780/1072 1071/781/1071
f 1068/782/1068 1073/783/1073 1072/780/1072
f 1069/784/1069 1074/785/1074 1073/783/1073
f 1071/781/1071 1076/786/1076 1075/787/1075
f 1072/780/1072 1077/788/1077 1076/786/1076
f 1073/783/1073 1078/789/1078 1077/788/1077
f 1080/790/1080 1083/791/1083 1079/792/1079
f 1081/793/1081 1084/794/1084 1080/790/1080
f 1082/795/1082 1085/796/1085 1081/793/1081
f 1084/794/1084 1087/797/1087 1083/791/1083
f 1085/796/1085 1088/798/1088 1084/794/1084
f 1086/799/1086 1089/800/1089 1085/796/1085
f 1075/787/1075 1062/774/1062 1058/801/1058
f 1076/786/1076 1066/778/1066 1062/774/1062
f 1088/798/1088 1070/802/1070 1087/797/1087
f 1089/800/1089 1074/785/1074 1088/798/1088
f 1063/776/1063 1086/799/1086 1082/803/1082
f 1064/775/1064 1090/804/1090 1086/799/1086
f 1065/777/1065 1054/805/1054 1090/804/1090
f 1077/788/1077 1054/805/1054 1066/778/1066
f 1090/804/1090 1078/789/1078 1089/800/1089
f 273/806/273 321/807/321 8/197/8
f 273/806/273 1056/771/1056 1055/768/1055
f 274/808/274 1057/773/1057 1056/771/1056
f 275/809/275 1058/810/1058 1057/773/1057
f 321/807/321 1059/770/1059 320/811/320
f 320/811/320 1063/776/1063 319/812/319
f 319/812/319 1082/803/1082 318/813/318
f 22/814/22 1067/779/1067 279/815/279
f 56/816/56 1068/782/1068 1067/779/1067
f 57/817/57 1069/784/1069 1068/782/1068
f 58/818/58 1070/819/1070 1069/784/1069
f 279/815/279 1071/781/1071 278/820/278
f 278/820/278 1075/787/1075 277/821/277
f 277/821/277 1058/801/1058 276/822/276
f 315/823/315 62/824/62 11/570/11
f 316/825/316 1079/792/1079 315/823/315
f 317/826/317 1080/790/1080 316/825/316
f 318/564/318 1081/793/1081 317/826/317
f 1079/792/1079 61/827/61 62/824/62
f 1083/791/1083 60/828/60 61/827/61
f 1087/797/1087 59/829/59 60/828/60
f 1092/830/1092 1098/831/1098 1091/832/1091
f 1093/833/1093 1099/834/1099 1092/830/1092
f 1094/835/1094 1100/836/1100 1093/833/1093
f 1095/837/1095 1101/838/1101 1094/835/1094
f 1096/839/1096 1102/840/1102 1095/837/1095
f 1097/841/1097 1103/842/1103 1096/839/1096
f 1098/831/1098 1106/843/1106 1105/844/1105
f 1099/834/1099 1107/845/1107 1106/843/1106
f 1100/836/1100 1108/846/1108 1107/845/1107
f 1102/840/1102 1108/846/1108 1101/838/1101
f 1103/842/1103 1109/847/1109 1102/840/1102
f 1104/848/1104 1110/849/1110 1103/842/1103
f 1105/844/1105 1113/850/1113 1112/851/1112
f 1106/843/1106 1114/852/1114 1113/850/1113
f 1107/845/1107 1115/853/1115 1114/852/1114
f 1109/847/1109 1115/853/1115 1108/846/1108
f 1110/849/1110 1116/854/1116 1109/847/1109
f 1111/855/1111 1117/856/1117 1110/849/1110
f 1112/851/1112 1120/857/1120 1119/858/1119
f 1113/850/1113 1121/859/1121 1120/857/1120
f 1114/852/1114 1122/860/1122 1121/859/1121
f 1116/854/1116 1122/860/1122 1115/853/1115
f 1117/856/1117 1123/861/1123 1116/854/1116
f 1118/862/1118 1124/863/1124 1117/856/1117
f 1119/858/1119 1127/864/1127 1126/865/1126
f 1120/857/1120 1128/866/1128 1127/864/1127
f 1122/860/1122 1128/866/1128 1121/859/1121
f 1123/861/1123 1129/867/1129 1122/860/1122
f 1124/863/1124 1130/868/1130 1123/861/1123
f 1125/869/1125 1131/870/1131 1124/863/1124
f 1126/865/1126 1134/871/1134 1133/872/1133
f 1128/866/1128 1134/871/1134 1127/864/1127
f 1129/867/1129 1135/873/1135 1128/866/1128
f 1130/868/1130 1136/874/1136 1129/867/1129
f 1131/870/1131 1137/875/1137 1130/868/1130
f 1132/876/1132 1138/877/1138 1131/870/1131
f 119/878/119 272/879/272 19/551/19
f 120/880/120 1091/832/1091 119/878/119
f 120/880/120 1093/833/1093 1092/830/1092
f 121/881/121 1094/835/1094 1093/833/1093
f 122/882/122 1095/837/1095 1094/835/1094
f 123/883/123 1096/839/1096 1095/837/1095
f 124/884/124 1097/841/1097 1096/839/1096
f 125/885/125 104/886/104 1097/841/1097
f 1097/841/1097 103/887/103 1104/848/1104
f 103/887/103 1111/855/1111 1104/848/1104
f 102/888/102 1118/862/1118 1111/855/1111
f 101/889/101 1125/869/1125 1118/862/1118
f 100/890/100 1132/876/1132 1125/869/1125
f 99/891/99 1139/892/1139 1132/876/1132
f 98/893/98 280/203/280 1139/892/1139
f 1139/892/1139 281/202/281 1138/877/1138
f 1138/877/1138 282/201/282 1137/875/1137
f 1137/875/1137 283/200/283 1136/874/1136
f 1136/874/1136 284/199/284 1135/873/1135
f 1135/873/1135 285/198/285 1134/871/1134
f 1134/871/1134 286/195/286 1133/872/1133
f 266/894/266 286/195/286 8/197/8
f 267/895/267 1133/872/1133 266/894/266
f 268/566/268 1126/865/1126 267/895/267
f 269/896/269 1119/858/1119 268/566/268
f 270/897/270 1112/851/1112 269/896/269
f 1098/831/1098 270/897/270 271/898/271
f 1091/832/1091 271/898/271 272/879/272
f 1140/899/1140 1148/900/1148 1147/901/1147
f 1141/902/1141 1149/903/1149 1148/900/1148
f 1142/904/1142 1150/905/1150 1149/903/1149
f 1143/906/1143 1151/907/1151 1150/905/1150
f 1144/908/1144 1152/909/1152 1151/907/1151
f 1145/910/1145 1153/911/1153 1152/909/1152
f 1147/901/1147 1155/912/1155 1154/913/1154
f 1148/900/1148 1156/914/1156 1155/912/1155
f 1149/903/1149 1157/915/1157 1156/914/1156
f 1150/905/1150 1158/916/1158 1157/915/1157
f 1151/907/1151 1159/917/1159 1158/916/1158
f 1152/909/1152 1160/918/1160 1159/917/1159
f 1154/913/1154 1162/919/1162 1161/920/1161
f 1155/912/1155 1163/921/1163 1162/919/1162
f 1156/914/1156 1164/922/1164 1163/921/1163
f 1157/915/1157 1165/923/1165 1164/922/1164
f 1158/916/1158 1166/924/1166 1165/923/1165
f 1159/917/1159 1167/925/1167 1166/924/1166
f 1162/919/1162 1168/926/1168 1161/920/1161
f 1162/919/1162 1170/927/1170 1169/928/1169
f 1163/921/1163 1171/929/1171 1170/927/1170
f 1164/922/1164 1172/930/1172 1171/929/1171
f 1165/923/1165 1173/931/1173 1172/930/1172
f 1166/924/1166 1174/932/1174 1173/931/1173
f 1169/928/1169 1175/933/1175 1168/926/1168
f 1169/928/1169 1177/934/1177 1176/935/1176
f 1170/927/1170 1178/936/1178 1177/934/1177
f 1171/929/1171 1179/937/1179 1178/936/1178
f 1172/930/1172 1180/938/1180 1179/937/1179
f 1173/931/1173 1181/939/1181 1180/938/1180
f 1176/935/1176 1182/940/1182 1175/933/1175
f 1177/934/1177 1183/941/1183 1176/935/1176
f 1177/934/1177 1185/942/1185 1184/943/1184
f 1178/936/1178 1186/944/1186 1185/942/1185
f 1179/937/1179 1187/945/1187 1186/944/1186
f 1180/938/1180 1188/946/1188 1187/945/1187
f 307/947/307 182/205/182 3/204/3
f 307/947/307 1141/902/1141 1140/899/1140
f 306/948/306 1142/904/1142 1141/902/1141
f 305/949/305 1143/906/1143 1142/904/1142
f 304/950/304 1144/908/1144 1143/906/1143
f 303/951/303 1145/910/1145 1144/908/1144
f 302/952/302 1146/953/1146 1145/910/1145
f 301/954/301 287/275/287 1146/953/1146
f 1146/953/1146 288/303/288 1153/911/1153
f 1153/911/1153 289/302/289 1160/918/1160
f 1160/918/1160 290/301/290 1167/925/1167
f 1167/925/1167 291/300/291 1174/932/1174
f 1174/932/1174 292/299/292 1181/939/1181
f 1181/939/1181 293/297/293 1188/946/1188
f 1188/946/1188 5/298/5 112/432/112
f 1187/945/1187 112/432/112 113/431/113
f 1186/944/1186 113/431/113 114/430/114
f 1185/942/1185 114/430/114 115/429/115
f 1185/942/1185 116/428/116 1184/943/1184
f 1184/943/1184 117/427/117 1183/941/1183
f 1183/941/1183 118/424/118 1182/940/1182
f 1182/940/1182 1/426/1 188/212/188
f 1175/933/1175 188/212/188 187/210/187
f 1168/926/1168 187/210/187 186/209/186
f 1161/920/1161 186/209/186 185/208/185
f 1154/913/1154 185/208/185 184/207/184
f 1147/901/1147 184/207/184 183/206/183
f 1140/899/1140 183/206/183 182/205/182
f 1189/955/1189 1197/956/1197 1196/957/1196
f 1190/958/1190 1198/959/1198 1197/956/1197
f 1191/960/1191 1199/961/1199 1198/959/1198
f 1192/962/1192 1200/963/1200 1199/961/1199
f 1193/964/1193 1201/965/1201 1200/963/1200
f 1194/966/1194 1202/967/1202 1201/965/1201
f 1196/957/1196 1204/968/1204 1203/969/1203
f 1197/956/1197 1205/970/1205 1204/968/1204
f 1198/959/1198 1206/971/1206 1205/970/1205
f 1199/961/1199 1207/972/1207 1206/971/1206
f 1200/963/1200 1208/973/1208 1207/972/1207
f 1201/965/1201 1209/974/1209 1208/973/1208
f 1203/969/1203 1211/975/1211 1210/976/1210
f 1204/968/1204 1212/977/1212 1211/975/1211
f 1205/970/1205 1213/978/1213 1212/977/1212
f 1206/971/1206 1214/979/1214 1213/978/1213
f 1208/973/1208 1214/979/1214 1207/972/1207
f 1209/974/1209 1215/980/1215 1208/973/1208
f 1210/976/1210 1218/981/1218 1217/982/1217
f 1211/975/1211 1219/983/1219 1218/981/1218
f 1212/977/1212 1220/984/1220 1219/983/1219
f 1214/979/1214 1220/984/1220 1213/978/1213
f 1215/980/1215 1221/985/1221 1214/979/1214
f 1216/986/1216 1222/987/1222 1215/980/1215
f 1217/982/1217 1225/988/1225 1224/989/1224
f 1218/981/1218 1226/990/1226 1225/988/1225
f 1219/983/1219 1227/991/1227 1226/990/1226
f 1220/984/1220 1228/992/1228 1227/991/1227
f 1222/987/1222 1228/992/1228 1221/985/1221
f 1223/993/1223 1229/994/1229 1222/987/1222
f 1224/989/1224 1232/995/1232 1231/996/1231
f 1225/988/1225 1233/997/1233 1232/995/1232
f 1226/990/1226 1234/998/1234 1233/997/1233
f 1227/991/1227 1235/999/1235 1234/998/1234
f 1228/992/1228 1236/1000/1236 1235/999/1235
f 1230/1001/1230 1236/1000/1236 1229/994/1229
f 153/1002/153 104/886/104 14/1003/14
f 152/1004/152 1189/955/1189 153/1002/153
f 151/1005/151 1190/958/1190 152/1004/152
f 150/1006/150 1191/960/1191 151/1005/151
f 149/1007/149 1192/962/1192 150/1006/150
f 149/1007/149 1194/966/1194 1193/964/1193
f 148/1008/148 1195/1009/1195 1194/966/1194
f 147/1010/147 300/1011/300 1195/1009/1195
f 1195/1009/1195 299/1012/299 1202/967/1202
f 1202/967/1202 298/1013/298 1209/974/1209
f 298/1013/298 1216/986/1216 1209/974/1209
f 297/1014/297 1223/993/1223 1216/986/1216
f 296/1015/296 1230/1001/1230 1223/993/1223
f 295/1016/295 1237/1017/1237 1230/1001/1230
f 1237/1017/1237 9/51/9 301/954/301
f 1236/1000/1236 301/954/301 302/952/302
f 1235/999/1235 302/952/302 303/951/303
f 1234/998/1234 303/951/303 304/950/304
f 1233/997/1233 304/950/304 305/949/305
f 1232/995/1232 305/949/305 306/948/306
f 1231/996/1231 306/948/306 307/947/307
f 98/893/98 307/947/307 3/204/3
f 99/891/99 1231/996/1231 98/893/98
f 100/890/100 1224/989/1224 99/891/99
f 101/889/101 1217/982/1217 100/890/100
f 102/888/102 1210/976/1210 101/889/101
f 103/887/103 1203/969/1203 102/888/102
f 104/886/104 1196/957/1196 103/887/103
f 1240/1018/1240 1243/1019/1243 1239/1020/1239
f 1241/1021/1241 1244/1022/1244 1240/1018/1240
f 1242/1023/1242 1245/1024/1245 1241/1021/1241
f 1244/1022/1244 1247/1025/1247 1243/1019/1243
f 1245/1024/1245 1248/1026/1248 1244/1022/1244
f 1246/1027/1246 1249/1028/1249 1245/1024/1245
f 1251/1029/1251 1256/1030/1256 1255/1031/1255
f 1252/1032/1252 1257/1033/1257 1256/1030/1256
f 1253/1034/1253 1258/1035/1258 1257/1033/1257
f 1255/1031/1255 1260/1036/1260 1259/1037/1259
f 1256/1030/1256 1261/1038/1261 1260/1036/1260
f 1257/1033/1257 1262/1039/1262 1261/1038/1261
f 1264/1040/1264 1267/1041/1267 1263/1042/1263
f 1265/1043/1265 1268/1044/1268 1264/1040/1264
f 1266/1045/1266 1269/1046/1269 1265/1043/1265
f 1268/1044/1268 1271/1047/1271 1267/1041/1267
f 1269/1046/1269 1272/1048/1272 1268/1044/1268
f 1270/1049/1270 1273/1050/1273 1269/1046/1269
f 1259/1037/1259 1246/1051/1246 1242/1052/1242
f 1260/1036/1260 1250/1053/1250 1246/1051/1246
f 1272/1048/1272 1254/1054/1254 1271/1047/1271
f 1273/1050/1273 1258/1055/1258 1272/1048/1272
f 1247/1025/1247 1270/1056/1270 1266/1057/1266
f 1248/1026/1248 1274/1058/1274 1270/1056/1270
f 1249/1028/1249 1238/1059/1238 1274/1058/1274
f 1261/1038/1261 1238/1059/1238 1250/1053/1250
f 1274/1058/1274 1262/1039/1262 1273/1050/1273
f 294/1060/294 328/1061/328 9/51/9
f 295/1062/295 1239/1020/1239 294/1060/294
f 295/1062/295 1241/1021/1241 1240/1018/1240
f 296/1063/296 1242/1023/1242 1241/1021/1241
f 1239/1020/1239 327/1064/327 328/1061/328
f 1243/1019/1243 326/1065/326 327/1064/327
f 1247/1025/1247 325/1066/325 326/1065/326
f 23/1067/23 1251/1029/1251 300/1011/300
f 63/1068/63 1252/1032/1252 1251/1029/1251
f 64/1069/64 1253/1034/1253 1252/1032/1252
f 65/1070/65 1254/1071/1254 1253/1034/1253
f 300/1011/300 1255/1031/1255 299/1012/299
f 299/1012/299 1259/1037/1259 298/1013/298
f 298/1013/298 1242/1052/1242 297/1014/297
f 322/1072/322 69/1073/69 10/60/10
f 323/1074/323 1263/1042/1263 322/1072/322
f 324/65/324 1264/1040/1264 323/1074/323
f 325/66/325 1265/1043/1265 324/65/324
f 1263/1042/1263 68/1075/68 69/1073/69
f 1267/1041/1267 67/1076/67 68/1075/68
f 1271/1047/1271 66/1077/66 67/1076/67
f 1277/1078/1277 1280/1079/1280 1276/1080/1276
f 1278/1081/1278 1281/1082/1281 1277/1078/1277
f 1279/1083/1279 1282/1084/1282 1278/1081/1278
f 1281/1082/1281 1284/1085/1284 1280/1079/1280
f 1282/1084/1282 1285/1086/1285 1281/1082/1281
f 1283/1087/1283 1286/1088/1286 1282/1084/1282
f 1288/1089/1288 1293/1090/1293 1292/1091/1292
f 1289/1092/1289 1294/1093/1294 1293/1090/1293
f 1290/1094/1290 1295/1095/1295 1294/1093/1294
f 1292/1091/1292 1297/1096/1297 1296/1097/1296
f 1293/1090/1293 1298/1098/1298 1297/1096/1297
f 1294/1093/1294 1299/1099/1299 1298/1098/1298
f 1301/1100/1301 1304/1101/1304 1300/1102/1300
f 1302/1103/1302 1305/1104/1305 1301/1100/1301
f 1303/1105/1303 1306/1106/1306 1302/1103/1302
f 1305/1104/1305 1308/1107/1308 1304/1101/1304
f 1306/1106/1306 1309/1108/1309 1305/1104/1305
f 1307/1109/1307 1310/1110/1310 1306/1106/1306
f 1296/1097/1296 1283/1111/1283 1279/1112/1279
f 1297/1096/1297 1287/1113/1287 1283/1111/1283
f 1309/1108/1309 1291/1114/1291 1308/1107/1308
f 1310/1110/1310 1295/1095/1295 1309/1108/1309
f 1284/1085/1284 1307/1115/1307 1303/1116/1303
f 1285/1086/1285 1311/1117/1311 1307/1115/1307
f 1286/1088/1286 1275/1118/1275 1311/1117/1311
f 1298/1098/1298 1275/1118/1275 1287/1113/1287
f 1311/1117/1311 1299/1099/1299 1310/1110/1310
f 230/509/230 335/1119/335 6/360/6
f 229/508/229 1276/1080/1276 230/509/230
f 228/507/228 1277/1078/1277 229/508/229
f 227/506/227 1278/1081/1278 228/507/228
f 1276/1080/1276 334/1120/334 335/1119/335
f 1280/1079/1280 333/1121/333 334/1120/334
f 1284/1085/1284 332/1122/332 333/1121/333
f 21/1123/21 1288/1089/1288 224/1124/224
f 49/1125/49 1289/1092/1289 1288/1089/1288
f 50/1126/50 1290/1094/1290 1289/1092/1289
f 51/1127/51 1291/1114/1291 1290/1094/1290
f 224/1124/224 1292/1091/1292 225/1128/225
f 225/1128/225 1296/1097/1296 226/505/226
f 226/505/226 1279/1112/1279 227/1129/227
f 329/1130/329 55/1131/55 12/1132/12
f 330/1133/330 1300/1102/1300 329/1130/329
f 331/1134/331 1301/1100/1301 330/1133/330
f 332/1122/332 1302/1103/1302 331/1134/331
f 1300/1102/1300 54/1135/54 55/1131/55
f 1304/1101/1304 53/1136/53 54/1135/54
f 1308/1107/1308 52/1137/52 53/1136/53
f 1313/1138/1313 1318/1139/1318 1317/1140/1317
f 1314/1141/1314 1319/1142/1319 1318/1139/1318
f 1315/1143/1315 1320/1144/1320 1319/1142/1319
f 1317/1140/1317 1322/1145/1322 1321/1146/1321
f 1318/1139/1318 1323/1147/1323 1322/1145/1322
f 1319/1142/1319 1324/1148/1324 1323/1147/1323
f 1326/1149/1326 1329/1150/1329 1325/1151/1325
f 1327/1152/1327 1330/1153/1330 1326/1149/1326
f 1327/1152/1327 1332/1154/1332 1331/1155/1331
f 1330/1153/1330 1333/1156/1333 1329/1150/1329
f 1331/1155/1331 1334/1157/1334 1330/1153/1330
f 1331/1155/1331 1336/1158/1336 1335/1159/1335
f 1338/1160/1338 1341/1161/1341 1337/1162/1337
f 1339/1163/1339 1342/1164/1342 1338/1160/1338
f 1340/1165/1340 1343/1166/1343 1339/1163/1339
f 1342/1164/1342 1345/1167/1345 1341/1161/1341
f 1343/1166/1343 1346/1168/1346 1342/1164/1342
f 1344/1169/1344 1347/1170/1347 1343/1166/1343
f 1334/1157/1334 1316/1171/1316 1333/1156/1333
f 1335/1159/1335 1320/1172/1320 1334/1157/1334
f 1346/1168/1346 1328/1173/1328 1345/1167/1345
f 1347/1170/1347 1332/1174/1332 1346/1168/1346
f 1321/1146/1321 1344/1175/1344 1340/1176/1340
f 1322/1145/1322 1348/1177/1348 1344/1175/1344
f 1323/1147/1323 1312/1178/1312 1348/1177/1348
f 1335/1159/1335 1312/1178/1312 1324/1148/1324
f 1348/1177/1348 1336/1158/1336 1347/1170/1347
f 24/1179/24 1313/1138/1313 70/1180/70
f 209/1181/209 1314/1141/1314 1313/1138/1313
f 208/1182/208 1315/1143/1315 1314/1141/1314
f 207/1183/207 1316/1184/1316 1315/1143/1315
f 70/1180/70 1317/1140/1317 71/1185/71
f 71/1185/71 1321/1146/1321 72/1186/72
f 72/1186/72 1340/1176/1340 73/1187/73
f 335/1188/335 203/361/203 6/360/6
f 334/1120/334 1325/1151/1325 335/1188/335
f 333/1189/333 1326/1149/1326 334/1120/334
f 333/1189/333 1328/1173/1328 1327/1152/1327
f 1325/1151/1325 204/362/204 203/361/203
f 1329/1150/1329 205/363/205 204/362/204
f 1333/1156/1333 206/364/206 205/363/205
f 76/1190/76 329/1191/329 12/1192/12
f 75/1193/75 1337/1162/1337 76/1190/76
f 74/1194/74 1338/1160/1338 75/1193/75
f 73/1195/73 1339/1163/1339 74/1194/74
f 1337/1162/1337 330/1196/330 329/1191/329
f 1341/1161/1341 331/1197/331 330/1196/330
f 1345/1167/1345 332/1198/332 331/1197/331
f 1351/1199/1351 1354/1200/1354 1350/1201/1350
f 1352/1202/1352 1355/1203/1355 1351/1199/1351
f 1353/1204/1353 1356/1205/1356 1352/1202/1352
f 1355/1203/1355 1358/1206/1358 1354/1200/1354
f 1356/1205/1356 1359/1207/1359 1355/1203/1355
f 1357/1208/1357 1360/1209/1360 1356/1205/1356
f 1362/1210/1362 1367/1211/1367 1366/1212/1366
f 1363/1213/1363 1368/1214/1368 1367/1211/1367
f 1364/1215/1364 1369/1216/1369 1368/1214/1368
f 1366/1212/1366 1371/1217/1371 1370/1218/1370
f 1367/1211/1367 1372/1219/1372 1371/1217/1371
f 1368/1214/1368 1373/1220/1373 1372/1219/1372
f 1375/1221/1375 1378/1222/1378 1374/1223/1374
f 1376/1224/1376 1379/1225/1379 1375/1221/1375
f 1377/1226/1377 1380/1227/1380 1376/1224/1376
f 1379/1225/1379 1382/1228/1382 1378/1222/1378
f 1380/1227/1380 1383/1229/1383 1379/1225/1379
f 1381/1230/1381 1384/1231/1384 1380/1227/1380
f 1370/1218/1370 1357/1232/1357 1353/1233/1353
f 1371/1217/1371 1361/1234/1361 1357/1232/1357
f 1383/1229/1383 1365/1235/1365 1382/1228/1382
f 1384/1231/1384 1369/1236/1369 1383/1229/1383
f 1358/1206/1358 1381/1237/1381 1377/1238/1377
f 1359/1207/1359 1385/1239/1385 1381/1237/1381
f 1360/1209/1360 1349/1240/1349 1385/1239/1385
f 1372/1219/1372 1349/1240/1349 1361/1234/1361
f 1385/1239/1385 1373/1220/1373 1384/1231/1384
f 231/1241/231 342/1242/342 7/115/7
f 232/1243/232 1350/1201/1350 231/1241/231
f 233/1244/233 1351/1199/1351 232/1243/232
f 234/1245/234 1352/1202/1352 233/1244/233
f 1350/1201/1350 341/1246/341 342/1242/342
f 1354/1200/1354 340/1247/340 341/1246/341
f 1358/1206/1358 339/1248/339 340/1247/340
f 20/141/20 1362/1210/1362 237/1249/237
f 42/1250/42 1363/1213/1363 1362/1210/1362
f 43/1251/43 1364/1215/1364 1363/1213/1363
f 44/1252/44 1365/1235/1365 1364/1215/1364
f 237/1249/237 1366/1212/1366 236/1253/236
f 236/1253/236 1370/1218/1370 235/1254/235
f 235/1254/235 1353/1233/1353 234/1255/234
f 336/1256/336 48/1257/48 13/1258/13
f 337/1259/337 1374/1223/1374 336/1256/336
f 338/1260/338 1375/1221/1375 337/1259/337
f 339/1248/339 1376/1224/1376 338/1260/338
f 1374/1223/1374 47/1261/47 48/1257/48
f 1378/1222/1378 46/1262/46 47/1261/47
f 1382/1228/1382 45/1263/45 46/1262/46
f 1387/1264/1387 1392/1265/1392 1391/1266/1391
f 1388/1267/1388 1393/1268/1393 1392/1265/1392
f 1389/1269/1389 1394/1270/1394 1393/1268/1393
f 1391/1266/1391 1396/1271/1396 1395/1272/1395
f 1392/1265/1392 1397/1273/1397 1396/1271/1396
f 1393/1268/1393 1398/1274/1398 1397/1273/1397
f 1400/1275/1400 1403/1276/1403 1399/1277/1399
f 1401/1278/1401 1404/1279/1404 1400/1275/1400
f 1401/1278/1401 1406/1280/1406 1405/1281/1405
f 1404/1279/1404 1407/1282/1407 1403/1276/1403
f 1405/1281/1405 1408/1283/1408 1404/1279/1404
f 1405/1281/1405 1410/1284/1410 1409/1285/1409
f 1412/1286/1412 1415/1287/1415 1411/1288/1411
f 1413/1289/1413 1416/1290/1416 1412/1286/1412
f 1414/1291/1414 1417/1292/1417 1413/1289/1413
f 1416/1290/1416 1419/1293/1419 1415/1287/1415
f 1417/1292/1417 1420/1294/1420 1416/1290/1416
f 1418/1295/1418 1421/1296/1421 1417/1292/1417
f 1408/1283/1408 1390/1297/1390 1407/1282/1407
f 1409/1285/1409 1394/1270/1394 1408/1283/1408
f 1420/1294/1420 1402/1298/1402 1419/1293/1419
f 1421/1296/1421 1406/1299/1406 1420/1294/1420
f 1395/1272/1395 1418/1300/1418 1414/1301/1414
f 1396/1271/1396 1422/1302/1422 1418/1300/1418
f 1397/1273/1397 1386/1303/1386 1422/1302/1422
f 1409/1285/1409 1386/1303/1386 1398/1274/1398
f 1422/1302/1422 1410/1284/1410 1421/1296/1421
f 26/649/26 1387/1264/1387 84/1304/84
f 251/647/251 1388/1267/1388 1387/1264/1387
f 250/646/250 1389/1269/1389 1388/1267/1388
f 249/645/249 1390/1305/1390 1389/1269/1389
f 84/1304/84 1391/1266/1391 85/1306/85
f 85/1306/85 1395/1272/1395 86/1307/86
f 86/1307/86 1414/1301/1414 87/1308/87
f 342/1309/342 245/1310/245 7/115/7
f 341/1246/341 1399/1277/1399 342/1309/342
f 340/1247/340 1400/1275/1400 341/1246/341
f 339/1311/339 1401/1278/1401 340/1247/340
f 1399/1277/1399 246/1312/246 245/1310/245
f 1403/1276/1403 247/1313/247 246/1312/246
f 1407/1282/1407 248/1314/248 247/1313/247
f 90/1315/90 336/1316/336 13/1317/13
f 89/1318/89 1411/1288/1411 90/1315/90
f 88/1319/88 1412/1286/1412 89/1318/89
f 87/1308/87 1413/1289/1413 88/1319/88
f 1411/1288/1411 337/1259/337 336/1316/336
f 1415/1287/1415 338/1260/338 337/1259/337
f 1419/1293/1419 339/1320/339 338/1260/338
f 1424/1321/1424 1429/1322/1429 1428/1323/1428
f 1425/1324/1425 1430/1325/1430 1429/1322/1429
f 1426/1326/1426 1431/32/1431 1430/1325/1430
f 1428/1323/1428 1433/1327/1433 1432/6/1432
f 1429/1322/1429 1434/1328/1434 1433/1327/1433
f 1430/1325/1430 1435/1329/1435 1434/1328/1434
f 1437/1330/1437 1440/1331/1440 1436/1332/1436
f 1438/30/1438 1441/1333/1441 1437/1330/1437
f 1439/1334/1439 1442/1335/1442 1438/30/1438
f 1441/1333/1441 1444/1336/1444 1440/1331/1440
f 1442/1335/1442 1445/1337/1445 1441/1333/1441
f 1443/1338/1443 1446/1339/1446 1442/1335/1442
f 1449/1340/1449 1452/1341/1452 1448/1342/1448
f 1450/1343/1450 1453/1344/1453 1449/1340/1449
f 1451/1345/1451 1454/1346/1454 1450/1343/1450
f 1453/1344/1453 1456/1347/1456 1452/1341/1452
f 1453/1344/1453 1458/1348/1458 1457/1349/1457
f 1455/1350/1455 1458/1348/1458 1454/1346/1454
f 1445/1337/1445 1427/28/1427 1444/1336/1444
f 1446/1339/1446 1431/32/1431 1445/1337/1445
f 1456/1347/1456 1443/37/1443 1439/1334/1439
f 1457/1349/1457 1447/22/1447 1443/37/1443
f 1432/6/1432 1455/1351/1455 1451/1352/1451
f 1433/1327/1433 1459/1353/1459 1455/1351/1455
f 1434/1328/1434 1423/1354/1423 1459/1353/1459
f 1447/22/1447 1435/1329/1435 1446/1339/1446
f 1458/1348/1458 1423/1354/1423 1447/22/1447
f 25/41/25 1424/1321/1424 504/281/504
f 77/1355/77 1425/1324/1425 1424/1321/1424
f 78/46/78 1426/1326/1426 1425/1324/1425
f 79/47/79 1427/1356/1427 1426/1326/1426
f 504/281/504 1428/1323/1428 505/1357/505
f 505/1357/505 1432/6/1432 506/279/506
f 506/279/506 1451/1352/1451 507/1358/507
f 518/1072/518 83/58/83 10/60/10
f 519/1074/519 1436/1332/1436 518/1072/518
f 520/1359/520 1437/1330/1437 519/1074/519
f 521/1360/521 1438/30/1438 520/1359/520
f 1436/1332/1436 82/1361/82 83/58/83
f 1440/1331/1440 81/1362/81 82/1361/82
f 1444/1336/1444 80/63/80 81/1362/81
f 510/1363/510 524/1364/524 34/1365/34
f 509/1366/509 1448/1342/1448 510/1363/510
f 509/1366/509 1450/1343/1450 1449/1340/1449
f 508/1367/508 1451/1345/1451 1450/1343/1450
f 1448/1342/1448 523/1368/523 524/1364/524
f 523/1368/523 1456/1347/1456 522/1065/522
f 522/1065/522 1439/1334/1439 521/1066/521
f 1461/1369/1461 1467/1370/1467 1460/67/1460
f 1462/80/1462 1468/68/1468 1461/1369/1461
f 1463/1371/1463 1469/1372/1469 1462/80/1462
f 1463/1371/1463 1471/1373/1471 1470/1374/1470
f 1464/1375/1464 1472/1376/1472 1471/1373/1471
f 1465/1377/1465 1473/1378/1473 1472/1376/1472
f 1467/1370/1467 1475/1379/1475 1474/1380/1474
f 1469/1372/1469 1475/1379/1475 1468/68/1468
f 1470/1374/1470 1476/1381/1476 1469/1372/1469
f 1470/1374/1470 1478/1382/1478 1477/1383/1477
f 1471/1373/1471 1479/103/1479 1478/1382/1478
f 1472/1376/1472 1480/1384/1480 1479/103/1479
f 1474/1380/1474 1482/73/1482 1481/1385/1481
f 1475/1379/1475 1483/83/1483 1482/73/1482
f 1476/1381/1476 1484/89/1484 1483/83/1483
f 1477/1383/1477 1485/1386/1485 1484/89/1484
f 1478/1382/1478 1486/1387/1486 1485/1386/1485
f 1479/103/1479 1487/1388/1487 1486/1387/1486
f 1481/1385/1481 1489/75/1489 1488/1389/1488
f 1482/73/1482 1490/1390/1490 1489/75/1489
f 1483/83/1483 1491/91/1491 1490/1390/1490
f 1484/89/1484 1492/1391/1492 1491/91/1491
f 1485/1386/1485 1493/1392/1493 1492/1391/1492
f 1486/1387/1486 1494/1393/1494 1493/1392/1493
f 1488/1389/1488 1496/1394/1496 1495/78/1495
f 1489/75/1489 1497/1395/1497 1496/1394/1496
f 1490/1390/1490 1498/92/1498 1497/1395/1497
f 1491/91/1491 1499/99/1499 1498/92/1498
f 1492/1391/1492 1500/106/1500 1499/99/1499
f 1493/1392/1493 1501/1396/1501 1500/106/1500
f 1495/78/1495 1503/79/1503 1502/123/1502
f 1496/1394/1496 1504/1397/1504 1503/79/1503
f 1497/1395/1497 1505/1398/1505 1504/1397/1504
f 1498/92/1498 1506/100/1506 1505/1398/1505
f 1499/99/1499 1507/1399/1507 1506/100/1506
f 1500/106/1500 1508/1400/1508 1507/1399/1507
f 32/1401/32 1460/67/1460 454/1402/454
f 428/1243/428 1460/67/1460 427/1403/427
f 429/1404/429 1461/1369/1461 428/1243/428
f 430/1255/430 1462/80/1462 429/1404/429
f 430/1255/430 1464/1375/1464 1463/1371/1463
f 431/1254/431 1465/1377/1465 1464/1375/1464
f 432/1405/432 1466/1406/1466 1465/1377/1465
f 433/1407/433 126/139/126 1466/1406/1466
f 1466/1406/1466 127/138/127 1473/1378/1473
f 1473/1378/1473 128/137/128 1480/1384/1480
f 1480/1384/1480 129/136/129 1487/1388/1487
f 1487/1388/1487 130/135/130 1494/1393/1494
f 1494/1393/1494 131/134/131 1501/1396/1501
f 1501/1396/1501 132/133/132 1508/1400/1508
f 1508/1400/1508 15/132/15 349/131/349
f 1507/1399/1507 349/131/349 348/1408/348
f 1506/100/1506 348/1408/348 347/1409/347
f 1505/1398/1505 347/1409/347 346/128/346
f 1504/1397/1504 346/128/346 345/1410/345
f 1503/79/1503 345/1410/345 344/126/344
f 1502/123/1502 344/126/344 343/1411/343
f 448/1412/448 343/1411/343 27/1413/27
f 449/1414/449 1502/123/1502 448/1412/448
f 450/121/450 1495/78/1495 449/1414/449
f 451/1415/451 1488/1389/1488 450/121/450
f 452/1416/452 1481/1385/1481 451/1415/451
f 453/118/453 1474/1380/1474 452/1416/452
f 454/1402/454 1467/1370/1467 453/118/453
f 1510/1417/1510 1516/1418/1516 1509/1419/1509
f 1511/160/1511 1517/1420/1517 1510/1417/1510
f 1512/1421/1512 1518/1422/1518 1511/160/1511
f 1513/1423/1513 1519/1424/1519 1512/1421/1512
f 1514/1425/1514 1520/1426/1520 1513/1423/1513
f 1515/1427/1515 1521/1428/1521 1514/1425/1514
f 1517/1420/1517 1523/1429/1523 1516/1418/1516
f 1518/1422/1518 1524/1430/1524 1517/1420/1517
f 1519/1424/1519 1525/1431/1525 1518/1422/1518
f 1520/1426/1520 1526/1432/1526 1519/1424/1519
f 1521/1428/1521 1527/1433/1527 1520/1426/1520
f 1522/1434/1522 1528/1435/1528 1521/1428/1521
f 1524/1430/1524 1530/1436/1530 1523/1429/1523
f 1525/1431/1525 1531/1437/1531 1524/1430/1524
f 1526/1432/1526 1532/163/1532 1525/1431/1525
f 1527/1433/1527 1533/1438/1533 1526/1432/1526
f 1528/1435/1528 1534/1439/1534 1527/1433/1527
f 1529/1440/1529 1535/1441/1535 1528/1435/1528
f 1531/1437/1531 1537/1442/1537 1530/1436/1530
f 1532/163/1532 1538/1443/1538 1531/1437/1531
f 1533/1438/1533 1539/1444/1539 1532/163/1532
f 1534/1439/1534 1540/1445/1540 1533/1438/1533
f 1535/1441/1535 1541/1446/1541 1534/1439/1534
f 1536/1447/1536 1542/1448/1542 1535/1441/1535
f 1538/1443/1538 1544/156/1544 1537/1442/1537
f 1539/1444/1539 1545/1449/1545 1538/1443/1538
f 1540/1445/1540 1546/1450/1546 1539/1444/1539
f 1541/1446/1541 1547/173/1547 1540/1445/1540
f 1542/1448/1542 1548/1451/1548 1541/1446/1541
f 1543/1452/1543 1549/187/1549 1542/1448/1542
f 1545/1449/1545 1551/1453/1551 1544/156/1544
f 1546/1450/1546 1552/1454/1552 1545/1449/1545
f 1547/173/1547 1553/1455/1553 1546/1450/1546
f 1548/1451/1548 1554/1456/1554 1547/173/1547
f 1549/187/1549 1555/1457/1555 1548/1451/1548
f 1550/1458/1550 1556/1459/1556 1549/187/1549
f 455/196/455 482/1460/482 33/197/33
f 456/1461/456 1509/1419/1509 455/196/455
f 457/1462/457 1510/1417/1510 456/1461/456
f 458/224/458 1511/160/1511 457/1462/457
f 459/1463/459 1512/1421/1512 458/224/458
f 460/222/460 1513/1423/1513 459/1463/459
f 461/221/461 1514/1425/1514 460/222/460
f 29/1464/29 1515/1427/1515 461/221/461
f 385/1465/385 1522/1434/1522 1515/1427/1515
f 386/1466/386 1529/1440/1529 1522/1434/1522
f 387/1467/387 1536/1447/1536 1529/1440/1529
f 388/1468/388 1543/1452/1543 1536/1447/1536
f 389/1469/389 1550/1458/1550 1543/1452/1543
f 390/1470/390 1557/1471/1557 1550/1458/1550
f 391/213/391 384/1472/384 1557/1471/1557
f 1557/1471/1557 383/1473/383 1556/1459/1556
f 1556/1459/1556 382/209/382 1555/1457/1555
f 1555/1457/1555 381/1474/381 1554/1456/1554
f 1554/1456/1554 380/1475/380 1553/1455/1553
f 1553/1455/1553 379/1476/379 1552/1454/1552
f 1552/1454/1552 378/1477/378 1551/1453/1551
f 1551/1453/1551 28/1478/28 476/1479/476
f 1544/156/1544 476/1479/476 477/1480/477
f 1537/1442/1537 477/1480/477 478/1481/478
f 1530/1436/1530 478/1481/478 479/200/479
f 1523/1429/1523 479/200/479 480/1482/480
f 1516/1418/1516 480/1482/480 481/1483/481
f 1509/1419/1509 481/1483/481 482/1460/482
f 1559/1484/1559 1565/1485/1565 1558/1486/1558
f 1559/1484/1559 1567/1487/1567 1566/1488/1566
f 1560/1489/1560 1568/1490/1568 1567/1487/1567
f 1561/1491/1561 1569/1492/1569 1568/1490/1568
f 1562/1493/1562 1570/1494/1570 1569/1492/1569
f 1563/262/1563 1571/1495/1571 1570/1494/1570
f 1566/1488/1566 1572/1496/1572 1565/1485/1565
f 1567/1487/1567 1573/1497/1573 1566/1488/1566
f 1567/1487/1567 1575/1498/1575 1574/1499/1574
f 1568/1490/1568 1576/256/1576 1575/1498/1575
f 1569/1492/1569 1577/1500/1577 1576/256/1576
f 1570/1494/1570 1578/1501/1578 1577/1500/1577
f 1573/1497/1573 1579/1502/1579 1572/1496/1572
f 1574/1499/1574 1580/235/1580 1573/1497/1573
f 1574/1499/1574 1582/250/1582 1581/1503/1581
f 1575/1498/1575 1583/257/1583 1582/250/1582
f 1576/256/1576 1584/1504/1584 1583/257/1583
f 1577/1500/1577 1585/1505/1585 1584/1504/1584
f 1579/1502/1579 1587/1506/1587 1586/1507/1586
f 1580/235/1580 1588/1508/1588 1587/1506/1587
f 1581/1503/1581 1589/251/1589 1588/1508/1588
f 1582/250/1582 1590/1509/1590 1589/251/1589
f 1583/257/1583 1591/1510/1591 1590/1509/1590
f 1584/1504/1584 1592/1511/1592 1591/1510/1591
f 1586/1507/1586 1594/236/1594 1593/1512/1593
f 1587/1506/1587 1595/1513/1595 1594/236/1594
f 1588/1508/1588 1596/1514/1596 1595/1513/1595
f 1589/251/1589 1597/1515/1597 1596/1514/1596
f 1590/1509/1590 1598/1516/1598 1597/1515/1597
f 1591/1510/1591 1599/1517/1599 1598/1516/1598
f 1593/1512/1593 1601/239/1601 1600/280/1600
f 1594/236/1594 1602/246/1602 1601/239/1601
f 1595/1513/1595 1603/253/1603 1602/246/1602
f 1596/1514/1596 1604/1518/1604 1603/253/1603
f 1597/1515/1597 1605/1519/1605 1604/1518/1604
f 1598/1516/1598 1606/1520/1606 1605/1519/1605
f 483/1521/483 510/1522/510 34/1365/34
f 483/1521/483 1559/1484/1559 1558/1486/1558
f 484/1523/484 1560/1489/1560 1559/1484/1559
f 485/1524/485 1561/1491/1561 1560/1489/1560
f 486/1525/486 1562/1493/1562 1561/1491/1561
f 487/1526/487 1563/262/1563 1562/1493/1562
f 488/299/488 1564/1527/1564 1563/262/1563
f 489/1528/489 392/1529/392 1564/1527/1564
f 1564/1527/1564 393/1530/393 1571/1495/1571
f 1571/1495/1571 394/1531/394 1578/1501/1578
f 1578/1501/1578 395/1532/395 1585/1505/1585
f 1585/1505/1585 396/1533/396 1592/1511/1592
f 1592/1511/1592 397/1534/397 1599/1517/1599
f 1599/1517/1599 398/1535/398 1606/1520/1606
f 1606/1520/1606 16/289/16 167/288/167
f 1605/1519/1605 167/288/167 166/287/166
f 1604/1518/1604 166/287/166 165/286/165
f 1603/253/1603 165/286/165 164/285/164
f 1602/246/1602 164/285/164 163/284/163
f 1601/239/1601 163/284/163 162/283/162
f 1600/280/1600 162/283/162 161/282/161
f 504/1536/504 161/282/161 25/1537/25
f 505/44/505 1600/280/1600 504/1536/504
f 506/279/506 1593/1512/1593 505/44/505
f 507/57/507 1586/1507/1586 506/279/506
f 1572/1496/1572 507/57/507 508/1538/508
f 1565/1485/1565 508/1538/508 509/1539/509
f 1558/1486/1558 509/1539/509 510/1522/510
f 1608/1540/1608 1614/1541/1614 1607/1542/1607
f 1609/1543/1609 1615/1544/1615 1608/1540/1608
f 1610/1545/1610 1616/318/1616 1609/1543/1609
f 1611/1546/1611 1617/1547/1617 1610/1545/1610
f 1612/1548/1612 1618/1549/1618 1611/1546/1611
f 1613/345/1613 1619/1550/1619 1612/1548/1612
f 1615/1544/1615 1621/1551/1621 1614/1541/1614
f 1616/318/1616 1622/1552/1622 1615/1544/1615
f 1617/1547/1617 1623/1553/1623 1616/318/1616
f 1618/1549/1618 1624/1554/1624 1617/1547/1617
f 1619/1550/1619 1625/1555/1625 1618/1549/1618
f 1620/1556/1620 1626/1557/1626 1619/1550/1619
f 1622/1552/1622 1628/1558/1628 1621/1551/1621
f 1623/1553/1623 1629/1559/1629 1622/1552/1622
f 1624/1554/1624 1630/320/1630 1623/1553/1623
f 1625/1555/1625 1631/327/1631 1624/1554/1624
f 1626/1557/1626 1632/1560/1632 1625/1555/1625
f 1627/1561/1627 1633/1562/1633 1626/1557/1626
f 1629/1559/1629 1635/311/1635 1628/1558/1628
f 1630/320/1630 1636/1563/1636 1629/1559/1629
f 1630/320/1630 1638/1564/1638 1637/1565/1637
f 1632/1560/1632 1638/1564/1638 1631/327/1631
f 1633/1562/1633 1639/335/1639 1632/1560/1632
f 1634/1566/1634 1640/342/1640 1633/1562/1633
f 1636/1563/1636 1642/313/1642 1635/311/1635
f 1636/1563/1636 1644/1567/1644 1643/316/1643
f 1637/1565/1637 1645/1568/1645 1644/1567/1644
f 1638/1564/1638 1646/1569/1646 1645/1568/1645
f 1640/342/1640 1646/1569/1646 1639/335/1639
f 1641/1570/1641 1647/1571/1647 1640/342/1640
f 1642/313/1642 1650/1572/1650 1649/1573/1649
f 1643/316/1643 1651/1574/1651 1650/1572/1650
f 1644/1567/1644 1652/1575/1652 1651/1574/1651
f 1645/1568/1645 1653/1576/1653 1652/1575/1652
f 1647/1571/1647 1653/1576/1653 1646/1569/1646
f 1648/351/1648 1654/1577/1654 1647/1571/1647
f 343/1411/343 419/1578/419 27/1413/27
f 344/126/344 1607/1542/1607 343/1411/343
f 345/1410/345 1608/1540/1608 344/126/344
f 346/128/346 1609/1543/1609 345/1410/345
f 347/1409/347 1610/1545/1610 346/128/346
f 348/1408/348 1611/1546/1611 347/1409/347
f 349/131/349 1612/1548/1612 348/1408/348
f 15/132/15 1613/345/1613 349/131/349
f 160/375/160 1620/1556/1620 1613/345/1613
f 159/374/159 1627/1561/1627 1620/1556/1620
f 158/373/158 1634/1566/1634 1627/1561/1627
f 1634/1566/1634 156/1579/156 1641/1570/1641
f 1641/1570/1641 155/370/155 1648/351/1648
f 1648/351/1648 154/369/154 1655/367/1655
f 154/369/154 405/1580/405 1655/367/1655
f 1655/367/1655 404/366/404 1654/1577/1654
f 1654/1577/1654 403/1183/403 1653/1576/1653
f 1653/1576/1653 402/1581/402 1652/1575/1652
f 1651/1574/1651 402/1581/402 401/1582/401
f 1650/1572/1650 401/1582/401 400/362/400
f 1649/1573/1649 400/362/400 399/361/399
f 1649/1573/1649 31/1583/31 413/359/413
f 1642/313/1642 413/359/413 414/1584/414
f 1635/311/1635 414/1584/414 415/357/415
f 1628/1558/1628 415/357/415 416/1585/416
f 1621/1551/1621 416/1585/416 417/1586/417
f 1614/1541/1614 417/1586/417 418/1587/418
f 1607/1542/1607 418/1587/418 419/1578/419
f 1657/1588/1657 1663/1589/1663 1656/1590/1656
f 1658/389/1658 1664/1591/1664 1657/1588/1657
f 1659/1592/1659 1665/1593/1665 1658/389/1658
f 1660/1594/1660 1666/1595/1666 1659/1592/1659
f 1661/410/1661 1667/1596/1667 1660/1594/1660
f 1662/417/1662 1668/1597/1668 1661/410/1661
f 1664/1591/1664 1670/1598/1670 1663/1589/1663
f 1665/1593/1665 1671/1599/1671 1664/1591/1664
f 1666/1595/1666 1672/391/1672 1665/1593/1665
f 1667/1596/1667 1673/1600/1673 1666/1595/1666
f 1668/1597/1668 1674/405/1674 1667/1596/1667
f 1669/1601/1669 1675/1602/1675 1668/1597/1668
f 1671/1599/1671 1677/381/1677 1670/1598/1670
f 1672/391/1672 1678/384/1678 1671/1599/1671
f 1673/1600/1673 1679/392/1679 1672/391/1672
f 1674/405/1674 1680/399/1680 1673/1600/1673
f 1675/1602/1675 1681/406/1681 1674/405/1674
f 1676/1603/1676 1682/1604/1682 1675/1602/1675
f 1678/384/1678 1684/383/1684 1677/381/1677
f 1679/392/1679 1685/1605/1685 1678/384/1678
f 1680/399/1680 1686/1606/1686 1679/392/1679
f 1681/406/1681 1687/1607/1687 1680/399/1680
f 1682/1604/1682 1688/1608/1688 1681/406/1681
f 1683/1609/1683 1689/1610/1689 1682/1604/1682
f 1685/1605/1685 1691/1611/1691 1684/383/1684
f 1686/1606/1686 1692/1612/1692 1685/1605/1685
f 1687/1607/1687 1693/1613/1693 1686/1606/1686
f 1688/1608/1688 1694/1614/1694 1687/1607/1687
f 1689/1610/1689 1695/1615/1695 1688/1608/1688
f 1690/1616/1690 1696/1617/1696 1689/1610/1689
f 1692/1612/1692 1698/1618/1698 1691/1611/1691
f 1693/1613/1693 1699/394/1699 1692/1612/1692
f 1694/1614/1694 1700/1619/1700 1693/1613/1693
f 1695/1615/1695 1701/1620/1701 1694/1614/1694
f 1696/1617/1696 1702/1621/1702 1695/1615/1695
f 1697/1622/1697 1703/1623/1703 1696/1617/1696
f 377/425/377 370/1624/370 18/1625/18
f 376/1626/376 1656/1590/1656 377/425/377
f 375/445/375 1657/1588/1657 376/1626/376
f 374/1627/374 1658/389/1658 375/445/375
f 373/443/373 1659/1592/1659 374/1627/374
f 372/442/372 1660/1594/1660 373/443/373
f 371/441/371 1661/410/1661 372/442/372
f 27/1413/27 1662/417/1662 371/441/371
f 419/1578/419 1669/1601/1669 1662/417/1662
f 418/1587/418 1676/1603/1676 1669/1601/1669
f 417/1586/417 1683/1609/1683 1676/1603/1676
f 416/1585/416 1690/1616/1690 1683/1609/1683
f 415/357/415 1697/1622/1697 1690/1616/1690
f 414/1584/414 1704/1628/1704 1697/1622/1697
f 413/359/413 406/1629/406 1704/1628/1704
f 1704/1628/1704 407/1630/407 1703/1623/1703
f 1703/1623/1703 408/1631/408 1702/1621/1702
f 1702/1621/1702 409/1632/409 1701/1620/1701
f 1701/1620/1701 410/435/410 1700/1619/1700
f 1700/1619/1700 411/1633/411 1699/394/1699
f 1699/394/1699 412/1634/412 1698/1618/1698
f 1698/1618/1698 30/1635/30 364/1636/364
f 1691/1611/1691 364/1636/364 365/1637/365
f 1684/383/1684 365/1637/365 366/430/366
f 1677/381/1677 366/430/366 367/1638/367
f 1670/1598/1670 367/1638/367 368/1639/368
f 1663/1589/1663 368/1639/368 369/1640/369
f 1656/1590/1656 369/1640/369 370/1624/370
f 1706/1641/1706 1712/447/1712 1705/1642/1705
f 1707/1643/1707 1713/1644/1713 1706/1641/1706
f 1708/1645/1708 1714/461/1714 1707/1643/1707
f 1709/474/1709 1715/1646/1715 1708/1645/1708
f 1710/481/1710 1716/1647/1716 1709/474/1709
f 1711/1648/1711 1717/1649/1717 1710/481/1710
f 1713/1644/1713 1719/1650/1719 1712/447/1712
f 1714/461/1714 1720/1651/1720 1713/1644/1713
f 1715/1646/1715 1721/1652/1721 1714/461/1714
f 1716/1647/1716 1722/1653/1722 1715/1646/1715
f 1716/1647/1716 1724/1654/1724 1723/1655/1723
f 1717/1649/1717 1725/1656/1725 1724/1654/1724
f 1720/1651/1720 1726/452/1726 1719/1650/1719
f 1721/1652/1721 1727/1657/1727 1720/1651/1720
f 1722/1653/1722 1728/1658/1728 1721/1652/1721
f 1723/1655/1723 1729/470/1729 1722/1653/1722
f 1723/1655/1723 1731/484/1731 1730/1659/1730
f 1724/1654/1724 1732/1660/1732 1731/484/1731
f 1727/1657/1727 1733/1661/1733 1726/452/1726
f 1728/1658/1728 1734/1662/1734 1727/1657/1727
f 1729/470/1729 1735/1663/1735 1728/1658/1728
f 1730/1659/1730 1736/1664/1736 1729/470/1729
f 1731/484/1731 1737/1665/1737 1730/1659/1730
f 1732/1660/1732 1738/1666/1738 1731/484/1731
f 1734/1662/1734 1740/1667/1740 1733/1661/1733
f 1735/1663/1735 1741/1668/1741 1734/1662/1734
f 1736/1664/1736 1742/466/1742 1735/1663/1735
f 1737/1665/1737 1743/473/1743 1736/1664/1736
f 1738/1666/1738 1744/1669/1744 1737/1665/1737
f 1739/1670/1739 1745/1671/1745 1738/1666/1738
f 1741/1668/1741 1747/1672/1747 1740/1667/1740
f 1742/466/1742 1748/1673/1748 1741/1668/1741
f 1743/473/1743 1749/1674/1749 1742/466/1742
f 1744/1669/1744 1750/479/1750 1743/473/1743
f 1745/1671/1745 1751/486/1751 1744/1669/1744
f 1746/1675/1746 1752/1676/1752 1745/1671/1745
f 412/1634/412 392/1529/392 30/1635/30
f 411/1633/411 1705/1642/1705 412/1634/412
f 410/435/410 1706/1641/1706 411/1633/411
f 409/1632/409 1707/1643/1707 410/435/410
f 408/1631/408 1708/1645/1708 409/1632/409
f 407/1630/407 1709/474/1709 408/1631/408
f 406/1629/406 1710/481/1710 407/1630/407
f 31/1583/31 1711/1648/1711 406/1629/406
f 1711/1648/1711 425/1677/425 1718/1678/1718
f 1718/1678/1718 424/1679/424 1725/1656/1725
f 1725/1656/1725 423/1680/423 1732/1660/1732
f 423/1680/423 1739/1670/1739 1732/1660/1732
f 422/1681/422 1746/1675/1746 1739/1670/1739
f 421/504/421 1753/1682/1753 1746/1675/1746
f 420/1683/420 133/502/133 1753/1682/1753
f 1753/1682/1753 134/500/134 1752/1676/1752
f 1752/1676/1752 135/499/135 1751/486/1751
f 1751/486/1751 136/498/136 1750/479/1750
f 1750/479/1750 137/497/137 1749/1674/1749
f 1749/1674/1749 138/496/138 1748/1673/1748
f 1748/1673/1748 139/495/139 1747/1672/1747
f 1747/1672/1747 16/289/16 398/1535/398
f 1740/1667/1740 398/1535/398 397/1534/397
f 1733/1661/1733 397/1534/397 396/1533/396
f 1726/452/1726 396/1533/396 395/1532/395
f 1719/1650/1719 395/1532/395 394/1531/394
f 1712/447/1712 394/1531/394 393/1530/393
f 1705/1642/1705 393/1530/393 392/1529/392
f 1755/510/1755 1760/1684/1760 1759/513/1759
f 1756/512/1756 1761/517/1761 1760/1684/1760
f 1757/1685/1757 1762/1686/1762 1761/517/1761
f 1759/513/1759 1764/1687/1764 1763/1688/1763
f 1760/1684/1760 1765/519/1765 1764/1687/1764
f 1761/517/1761 1766/549/1766 1765/519/1765
f 1768/1689/1768 1771/1690/1771 1767/1691/1767
f 1769/1692/1769 1772/1693/1772 1768/1689/1768
f 1770/1694/1770 1773/1695/1773 1769/1692/1769
f 1772/1693/1772 1775/1696/1775 1771/1690/1771
f 1773/1695/1773 1776/1697/1776 1772/1693/1772
f 1774/1698/1774 1777/1699/1777 1773/1695/1773
f 1780/1700/1780 1783/1701/1783 1779/523/1779
f 1781/1702/1781 1784/525/1784 1780/1700/1780
f 1782/556/1782 1785/1703/1785 1781/1702/1781
f 1784/525/1784 1787/1704/1787 1783/1701/1783
f 1785/1703/1785 1788/1705/1788 1784/525/1784
f 1786/1706/1786 1789/1707/1789 1785/1703/1785
f 1776/1697/1776 1758/537/1758 1775/1696/1775
f 1777/1699/1777 1762/1686/1762 1776/1697/1776
f 1788/1705/1788 1770/1708/1770 1787/1704/1787
f 1788/1705/1788 1778/1709/1778 1774/1710/1774
f 1763/1688/1763 1786/1706/1786 1782/556/1782
f 1764/1687/1764 1790/1711/1790 1786/1706/1786
f 1765/519/1765 1754/1712/1754 1790/1711/1790
f 1778/1709/1778 1766/549/1766 1777/1699/1777
f 1789/1707/1789 1754/1712/1754 1778/1709/1778
f 19/1713/19 1755/510/1755 468/879/468
f 35/552/35 1756/512/1756 1755/510/1755
f 36/1714/36 1757/1685/1757 1756/512/1756
f 37/558/37 1758/537/1758 1757/1685/1757
f 468/879/468 1759/513/1759 467/1715/467
f 467/1715/467 1763/1688/1763 466/555/466
f 466/555/466 1782/556/1782 465/896/465
f 511/1716/511 41/1717/41 11/1718/11
f 512/1719/512 1767/1691/1767 511/1716/511
f 513/1720/513 1768/1689/1768 512/1719/512
f 514/575/514 1769/1692/1769 513/1720/513
f 1767/1691/1767 40/571/40 41/1717/41
f 1771/1690/1771 39/572/39 40/571/40
f 1775/1696/1775 38/559/38 39/572/39
f 462/1721/462 517/1722/517 33/197/33
f 463/565/463 1779/523/1779 462/1721/462
f 464/1723/464 1780/1700/1780 463/565/463
f 465/1724/465 1781/1702/1781 464/1723/464
f 1779/523/1779 516/562/516 517/1722/517
f 1783/1701/1783 515/1725/515 516/562/516
f 1787/1704/1787 514/1726/514 515/1725/515
f 1791/1727/1791 1799/1728/1799 1798/1729/1798
f 1792/1730/1792 1800/1731/1800 1799/1728/1799
f 1793/1732/1793 1801/1733/1801 1800/1731/1800
f 1794/1734/1794 1802/1735/1802 1801/1733/1801
f 1795/1736/1795 1803/1737/1803 1802/1735/1802
f 1796/611/1796 1804/1738/1804 1803/1737/1803
f 1798/1729/1798 1806/1739/1806 1805/581/1805
f 1799/1728/1799 1807/591/1807 1806/1739/1806
f 1800/1731/1800 1808/1740/1808 1807/591/1807
f 1801/1733/1801 1809/605/1809 1808/1740/1808
f 1802/1735/1802 1810/1741/1810 1809/605/1809
f 1803/1737/1803 1811/619/1811 1810/1741/1810
f 1805/581/1805 1813/1742/1813 1812/1743/1812
f 1806/1739/1806 1814/1744/1814 1813/1742/1813
f 1807/591/1807 1815/1745/1815 1814/1744/1814
f 1808/1740/1808 1816/606/1816 1815/1745/1815
f 1810/1741/1810 1816/606/1816 1809/605/1809
f 1811/619/1811 1817/1746/1817 1810/1741/1810
f 1812/1743/1812 1820/584/1820 1819/1747/1819
f 1813/1742/1813 1821/1748/1821 1820/584/1820
f 1814/1744/1814 1822/600/1822 1821/1748/1821
f 1816/606/1816 1822/600/1822 1815/1745/1815
f 1817/1746/1817 1823/1749/1823 1816/606/1816
f 1818/1750/1818 1824/1751/1824 1817/1746/1817
f 1819/1747/1819 1827/1752/1827 1826/1753/1826
f 1820/584/1820 1828/1754/1828 1827/1752/1827
f 1821/1748/1821 1829/1755/1829 1828/1754/1828
f 1822/600/1822 1830/608/1830 1829/1755/1829
f 1824/1751/1824 1830/608/1830 1823/1749/1823
f 1825/1756/1825 1831/1757/1831 1824/1751/1824
f 1826/1753/1826 1834/1758/1834 1833/1759/1833
f 1827/1752/1827 1835/1760/1835 1834/1758/1834
f 1828/1754/1828 1836/1761/1836 1835/1760/1835
f 1829/1755/1829 1837/1762/1837 1836/1761/1836
f 1830/608/1830 1838/1763/1838 1837/1762/1837
f 1832/1764/1832 1838/1763/1838 1831/1757/1831
f 17/624/17 1791/1727/1791 363/1765/363
f 174/625/174 1792/1730/1792 1791/1727/1791
f 173/654/173 1793/1732/1793 1792/1730/1792
f 172/653/172 1794/1734/1794 1793/1732/1793
f 171/652/171 1795/1736/1795 1794/1734/1794
f 170/651/170 1796/611/1796 1795/1736/1795
f 169/1766/169 1797/1767/1797 1796/611/1796
f 168/1768/168 447/647/447 1797/1767/1797
f 1797/1767/1797 446/1769/446 1804/1738/1804
f 1804/1738/1804 445/645/445 1811/619/1811
f 1811/619/1811 444/644/444 1818/1750/1818
f 444/644/444 1825/1756/1825 1818/1750/1818
f 443/1770/443 1832/1764/1832 1825/1756/1825
f 442/642/442 1839/1771/1839 1832/1764/1832
f 1839/1771/1839 32/1401/32 434/1772/434
f 1838/1763/1838 434/1772/434 435/1773/435
f 1837/1762/1837 435/1773/435 436/1774/436
f 1836/1761/1836 436/1774/436 437/637/437
f 1835/1760/1835 437/637/437 438/1775/438
f 1834/1758/1834 438/1775/438 439/1776/439
f 1833/1759/1833 439/1776/439 440/1777/440
f 357/1778/357 440/1777/440 29/1464/29
f 358/1779/358 1833/1759/1833 357/1778/357
f 359/1780/359 1826/1753/1826 358/1779/358
f 360/1781/360 1819/1747/1819 359/1780/359
f 361/1782/361 1812/1743/1812 360/1781/360
f 362/1783/362 1805/581/1805 361/1782/361
f 363/1765/363 1798/1729/1798 362/1783/362
f 1840/1784/1840 1848/1785/1848 1847/1786/1847
f 1841/1787/1841 1849/668/1849 1848/1785/1848
f 1842/1788/1842 1850/1789/1850 1849/668/1849
f 1843/1790/1843 1851/1791/1851 1850/1789/1850
f 1844/1792/1844 1852/689/1852 1851/1791/1851
f 1845/1793/1845 1853/1794/1853 1852/689/1852
f 1847/1786/1847 1855/1795/1855 1854/660/1854
f 1848/1785/1848 1856/670/1856 1855/1795/1855
f 1849/668/1849 1857/1796/1857 1856/670/1856
f 1850/1789/1850 1858/1797/1858 1857/1796/1857
f 1851/1791/1851 1859/1798/1859 1858/1797/1858
f 1852/689/1852 1860/1799/1860 1859/1798/1859
f 1854/660/1854 1862/661/1862 1861/1800/1861
f 1855/1795/1855 1863/1801/1863 1862/661/1862
f 1856/670/1856 1864/678/1864 1863/1801/1863
f 1857/1796/1857 1865/685/1865 1864/678/1864
f 1858/1797/1858 1866/1802/1866 1865/685/1865
f 1859/1798/1859 1867/1803/1867 1866/1802/1866
f 1861/1800/1861 1869/663/1869 1868/1804/1868
f 1862/661/1862 1870/1805/1870 1869/663/1869
f 1863/1801/1863 1871/679/1871 1870/1805/1870
f 1864/678/1864 1872/1806/1872 1871/679/1871
f 1865/685/1865 1873/1807/1873 1872/1806/1872
f 1866/1802/1866 1874/1808/1874 1873/1807/1873
f 1868/1804/1868 1876/1809/1876 1875/1810/1875
f 1869/663/1869 1877/673/1877 1876/1809/1876
f 1870/1805/1870 1878/1811/1878 1877/673/1877
f 1871/679/1871 1879/687/1879 1878/1811/1878
f 1872/1806/1872 1880/1812/1880 1879/687/1879
f 1873/1807/1873 1881/1813/1881 1880/1812/1880
f 1876/1809/1876 1882/1814/1882 1875/1810/1875
f 1876/1809/1876 1884/674/1884 1883/1815/1883
f 1877/673/1877 1885/681/1885 1884/674/1884
f 1878/1811/1878 1886/1816/1886 1885/681/1885
f 1879/687/1879 1887/1817/1887 1886/1816/1886
f 1880/1812/1880 1888/1818/1888 1887/1817/1887
f 29/1464/29 1840/1784/1840 385/1465/385
f 440/1777/440 1841/1787/1841 1840/1784/1840
f 439/1776/439 1842/1788/1842 1841/1787/1841
f 438/1775/438 1843/1790/1843 1842/1788/1842
f 437/637/437 1844/1792/1844 1843/1790/1843
f 436/1774/436 1845/1793/1845 1844/1792/1844
f 435/1773/435 1846/1819/1846 1845/1793/1845
f 434/1772/434 454/1402/454 1846/1819/1846
f 1846/1819/1846 453/118/453 1853/1794/1853
f 1853/1794/1853 452/1416/452 1860/1799/1860
f 1860/1799/1860 451/1415/451 1867/1803/1867
f 1867/1803/1867 450/121/450 1874/1808/1874
f 1874/1808/1874 449/1414/449 1881/1813/1881
f 1881/1813/1881 448/1412/448 1888/1818/1888
f 1888/1818/1888 27/1413/27 371/441/371
f 1887/1817/1887 371/441/371 372/442/372
f 1886/1816/1886 372/442/372 373/443/373
f 1885/681/1885 373/443/373 374/1627/374
f 1884/674/1884 374/1627/374 375/445/375
f 1884/674/1884 376/1626/376 1883/1815/1883
f 1883/1815/1883 377/425/377 1882/1814/1882
f 1882/1814/1882 18/1625/18 391/213/391
f 1875/1810/1875 391/213/391 390/1470/390
f 1868/1804/1868 390/1470/390 389/1469/389
f 1861/1800/1861 389/1469/389 388/1468/388
f 1854/660/1854 388/1468/388 387/1467/387
f 1847/1786/1847 387/1467/387 386/1466/386
f 1840/1784/1840 386/1466/386 385/1465/385
f 1890/1820/1890 1896/1821/1896 1889/1822/1889
f 1891/717/1891 1897/708/1897 1890/1820/1890
f 1892/1823/1892 1898/1824/1898 1891/717/1891
f 1893/1825/1893 1899/1826/1899 1892/1823/1892
f 1894/1827/1894 1900/1828/1900 1893/1825/1893
f 1895/1829/1895 1901/1830/1901 1894/1827/1894
f 1897/708/1897 1903/1831/1903 1896/1821/1896
f 1898/1824/1898 1904/710/1904 1897/708/1897
f 1899/1826/1899 1905/1832/1905 1898/1824/1898
f 1900/1828/1900 1906/1833/1906 1899/1826/1899
f 1901/1830/1901 1907/1834/1907 1900/1828/1900
f 1902/745/1902 1908/1835/1908 1901/1830/1901
f 1903/1831/1903 1911/709/1911 1910/711/1910
f 1904/710/1904 1912/719/1912 1911/709/1911
f 1905/1832/1905 1913/1836/1913 1912/719/1912
f 1907/1834/1907 1913/1836/1913 1906/1833/1906
f 1908/1835/1908 1914/1837/1914 1907/1834/1907
f 1909/1838/1909 1915/1839/1915 1908/1835/1908
f 1910/711/1910 1918/1840/1918 1917/1841/1917
f 1911/709/1911 1919/1842/1919 1918/1840/1918
f 1912/719/1912 1920/1843/1920 1919/1842/1919
f 1914/1837/1914 1920/1843/1920 1913/1836/1913
f 1915/1839/1915 1921/1844/1921 1914/1837/1914
f 1916/1845/1916 1922/1846/1922 1915/1839/1915
f 1917/1841/1917 1925/714/1925 1924/1847/1924
f 1918/1840/1918 1926/1848/1926 1925/714/1925
f 1920/1843/1920 1926/1848/1926 1919/1842/1919
f 1921/1844/1921 1927/1849/1927 1920/1843/1920
f 1922/1846/1922 1928/1850/1928 1921/1844/1921
f 1923/1851/1923 1929/1852/1929 1922/1846/1922
f 1924/1847/1924 1932/1853/1932 1931/1854/1931
f 1926/1848/1926 1932/1853/1932 1925/714/1925
f 1927/1849/1927 1933/723/1933 1926/1848/1926
f 1928/1850/1928 1934/735/1934 1927/1849/1927
f 1929/1852/1929 1935/1855/1935 1928/1850/1928
f 1930/1856/1930 1936/1857/1936 1929/1852/1929
f 140/752/140 475/1858/475 22/753/22
f 141/767/141 1889/1822/1889 140/752/140
f 142/766/142 1890/1820/1890 141/767/141
f 143/765/143 1891/717/1891 142/766/142
f 143/765/143 1893/1825/1893 1892/1823/1892
f 144/764/144 1894/1827/1894 1893/1825/1893
f 145/763/145 1895/1829/1895 1894/1827/1894
f 146/762/146 363/1765/363 1895/1829/1895
f 1895/1829/1895 362/1783/362 1902/745/1902
f 362/1783/362 1909/1838/1909 1902/745/1902
f 361/1782/361 1916/1845/1916 1909/1838/1909
f 360/1781/360 1923/1851/1923 1916/1845/1916
f 359/1780/359 1930/1856/1930 1923/1851/1923
f 358/1779/358 1937/761/1937 1930/1856/1930
f 357/1778/357 461/221/461 1937/761/1937
f 1937/761/1937 460/222/460 1936/1857/1936
f 1936/1857/1936 459/1463/459 1935/1855/1935
f 1935/1855/1935 458/224/458 1934/735/1934
f 1934/735/1934 457/1462/457 1933/723/1933
f 1933/723/1933 456/1461/456 1932/1853/1932
f 1932/1853/1932 455/196/455 1931/1854/1931
f 469/806/469 455/196/455 33/197/33
f 470/1859/470 1931/1854/1931 469/806/469
f 471/1860/471 1924/1847/1924 470/1859/470
f 472/822/472 1917/1841/1917 471/1860/471
f 1903/1831/1903 472/822/472 473/1861/473
f 1896/1821/1896 473/1861/473 474/1862/474
f 1889/1822/1889 474/1862/474 475/1858/475
f 1940/770/1940 1943/771/1943 1939/768/1939
f 1941/1863/1941 1944/769/1944 1940/770/1940
f 1941/1863/1941 1946/1864/1946 1945/1865/1945
f 1944/769/1944 1947/773/1947 1943/771/1943
f 1944/769/1944 1949/1866/1949 1948/1867/1948
f 1945/1865/1945 1950/1868/1950 1949/1866/1949
f 1952/1869/1952 1955/790/1955 1951/1870/1951
f 1953/1871/1953 1956/1872/1956 1952/1869/1952
f 1954/1873/1954 1957/1874/1957 1953/1871/1953
f 1956/1872/1956 1959/793/1959 1955/790/1955
f 1957/1874/1957 1960/1875/1960 1956/1872/1956
f 1958/785/1958 1961/800/1961 1957/1874/1957
f 1963/1876/1963 1968/1877/1968 1967/782/1967
f 1964/781/1964 1969/1878/1969 1968/1877/1968
f 1965/1879/1965 1970/1880/1970 1969/1878/1969
f 1967/782/1967 1972/1881/1972 1971/1882/1971
f 1968/1877/1968 1973/1883/1973 1972/1881/1972
f 1969/1878/1969 1974/1884/1974 1973/1883/1973
f 1960/1875/1960 1942/1885/1942 1959/793/1959
f 1961/800/1961 1946/1864/1946 1960/1875/1960
f 1971/1882/1971 1958/1886/1958 1954/1887/1954
f 1972/1881/1972 1962/789/1962 1958/1886/1958
f 1948/1867/1948 1966/810/1966 1947/773/1947
f 1949/1866/1949 1970/1880/1970 1948/1867/1948
f 1949/1866/1949 1938/1888/1938 1974/1884/1974
f 1962/789/1962 1950/1868/1950 1961/800/1961
f 1973/1883/1973 1938/1888/1938 1962/789/1962
f 517/807/517 469/1889/469 33/197/33
f 516/1890/516 1939/768/1939 517/807/517
f 515/812/515 1940/770/1940 516/1890/516
f 515/812/515 1942/803/1942 1941/1863/1941
f 1939/768/1939 470/758/470 469/1889/469
f 470/758/470 1947/773/1947 471/809/471
f 471/809/471 1966/810/1966 472/1891/472
f 62/824/62 511/823/511 11/1718/11
f 61/1892/61 1951/1870/1951 62/824/62
f 60/828/60 1952/1869/1952 61/1892/61
f 59/829/59 1953/1871/1953 60/828/60
f 1951/1870/1951 512/1719/512 511/823/511
f 1955/790/1955 513/1720/513 512/1719/512
f 1959/793/1959 514/564/514 513/1720/513
f 22/814/22 1963/1876/1963 56/1893/56
f 475/815/475 1964/781/1964 1963/1876/1963
f 474/820/474 1965/1879/1965 1964/781/1964
f 473/821/473 1966/1894/1966 1965/1879/1965
f 56/1893/56 1967/782/1967 57/1895/57
f 57/1895/57 1971/1882/1971 58/818/58
f 58/818/58 1954/1887/1954 59/829/59
f 1976/1896/1976 1982/1897/1982 1975/1898/1975
f 1977/1899/1977 1983/1900/1983 1976/1896/1976
f 1977/1899/1977 1985/1901/1985 1984/1902/1984
f 1978/1903/1978 1986/857/1986 1985/1901/1985
f 1979/1904/1979 1987/864/1987 1986/857/1986
f 1981/1905/1981 1987/864/1987 1980/1906/1980
f 1983/1900/1983 1989/1907/1989 1982/1897/1982
f 1984/1902/1984 1990/1908/1990 1983/1900/1983
f 1985/1901/1985 1991/1909/1991 1984/1902/1984
f 1985/1901/1985 1993/1910/1993 1992/1911/1992
f 1987/864/1987 1993/1910/1993 1986/857/1986
f 1988/871/1988 1994/1912/1994 1987/864/1987
f 1990/1908/1990 1996/1913/1996 1989/1907/1989
f 1991/1909/1991 1997/1914/1997 1990/1908/1990
f 1992/1911/1992 1998/846/1998 1991/1909/1991
f 1993/1910/1993 1999/1915/1999 1992/1911/1992
f 1994/1912/1994 2000/860/2000 1993/1910/1993
f 1995/1916/1995 2001/1917/2001 1994/1912/1994
f 1997/1914/1997 2003/837/2003 1996/1913/1996
f 1998/846/1998 2004/1918/2004 1997/1914/1997
f 1999/1915/1999 2005/1919/2005 1998/846/1998
f 2000/860/2000 2006/1920/2006 1999/1915/1999
f 2001/1917/2001 2007/1921/2007 2000/860/2000
f 2002/1922/2002 2008/1923/2008 2001/1917/2001
f 2004/1918/2004 2010/1924/2010 2003/837/2003
f 2005/1919/2005 2011/1925/2011 2004/1918/2004
f 2006/1920/2006 2012/849/2012 2005/1919/2005
f 2007/1921/2007 2013/856/2013 2006/1920/2006
f 2008/1923/2008 2014/1926/2014 2007/1921/2007
f 2009/1927/2009 2015/1928/2015 2008/1923/2008
f 2011/1925/2011 2017/841/2017 2010/1924/2010
f 2012/849/2012 2018/848/2018 2011/1925/2011
f 2013/856/2013 2019/855/2019 2012/849/2012
f 2014/1926/2014 2020/862/2020 2013/856/2013
f 2015/1928/2015 2021/1929/2021 2014/1926/2014
f 2016/1930/2016 2022/876/2022 2015/1928/2015
f 468/1931/468 119/1932/119 19/1713/19
f 467/1933/467 1975/1898/1975 468/1931/468
f 466/1934/466 1976/1896/1976 467/1933/467
f 465/896/465 1977/1899/1977 466/1934/466
f 465/896/465 1979/1904/1979 1978/1903/1978
f 464/1935/464 1980/1906/1980 1979/1904/1979
f 463/565/463 1981/1905/1981 1980/1906/1980
f 33/197/33 1981/1905/1981 462/1936/462
f 482/1460/482 1988/871/1988 1981/1905/1981
f 481/1483/481 1995/1916/1995 1988/871/1988
f 480/1482/480 2002/1922/2002 1995/1916/1995
f 479/200/479 2009/1927/2009 2002/1922/2002
f 478/1481/478 2016/1930/2016 2009/1927/2009
f 477/1480/477 2023/892/2023 2016/1930/2016
f 476/1479/476 350/1937/350 2023/892/2023
f 2023/892/2023 351/1938/351 2022/876/2022
f 2022/876/2022 352/1939/352 2021/1929/2021
f 2021/1929/2021 353/1940/353 2020/862/2020
f 2020/862/2020 354/1941/354 2019/855/2019
f 2019/855/2019 355/887/355 2018/848/2018
f 2018/848/2018 356/886/356 2017/841/2017
f 2017/841/2017 14/1003/14 125/885/125
f 2010/1924/2010 125/885/125 124/884/124
f 2003/837/2003 124/884/124 123/883/123
f 1996/1913/1996 123/883/123 122/882/122
f 1989/1907/1989 122/882/122 121/881/121
f 1982/1897/1982 121/881/121 120/880/120
f 1975/1898/1975 120/880/120 119/1932/119
f 2024/1942/2024 2032/1943/2032 2031/902/2031
f 2025/1944/2025 2033/1945/2033 2032/1943/2032
f 2026/1946/2026 2034/1947/2034 2033/1945/2033
f 2027/920/2027 2035/1948/2035 2034/1947/2034
f 2029/933/2029 2035/1948/2035 2028/1949/2028
f 2030/940/2030 2036/1950/2036 2029/933/2029
f 2031/902/2031 2039/1951/2039 2038/1952/2038
f 2032/1943/2032 2040/1953/2040 2039/1951/2039
f 2033/1945/2033 2041/1954/2041 2040/1953/2040
f 2034/1947/2034 2042/1955/2042 2041/1954/2041
f 2035/1948/2035 2043/1956/2043 2042/1955/2042
f 2037/1957/2037 2043/1956/2043 2036/1950/2036
f 2038/1952/2038 2046/1958/2046 2045/1959/2045
f 2039/1951/2039 2047/1960/2047 2046/1958/2046
f 2040/1953/2040 2048/1961/2048 2047/1960/2047
f 2041/1954/2041 2049/1962/2049 2048/1961/2048
f 2042/1955/2042 2050/1963/2050 2049/1962/2049
f 2043/1956/2043 2051/1964/2051 2050/1963/2050
f 2045/1959/2045 2053/1965/2053 2052/1966/2052
f 2046/1958/2046 2054/1967/2054 2053/1965/2053
f 2047/1960/2047 2055/1968/2055 2054/1967/2054
f 2048/1961/2048 2056/1969/2056 2055/1968/2055
f 2049/1962/2049 2057/1970/2057 2056/1969/2056
f 2050/1963/2050 2058/1971/2058 2057/1970/2057
f 2052/1966/2052 2060/1972/2060 2059/910/2059
f 2053/1965/2053 2061/1973/2061 2060/1972/2060
f 2054/1967/2054 2062/1974/2062 2061/1973/2061
f 2055/1968/2055 2063/1975/2063 2062/1974/2062
f 2056/1969/2056 2064/938/2064 2063/1975/2063
f 2057/1970/2057 2065/945/2065 2064/938/2064
f 2059/910/2059 2067/1976/2067 2066/1977/2066
f 2060/1972/2060 2068/1978/2068 2067/1976/2067
f 2061/1973/2061 2069/1979/2069 2068/1978/2068
f 2062/1974/2062 2070/1980/2070 2069/1979/2069
f 2063/1975/2063 2071/939/2071 2070/1980/2070
f 2064/938/2064 2072/946/2072 2071/939/2071
f 28/1478/28 2024/1942/2024 503/1981/503
f 379/1476/379 2024/1942/2024 378/1477/378
f 380/1475/380 2025/1944/2025 379/1476/379
f 381/1474/381 2026/1946/2026 380/1475/380
f 382/209/382 2027/920/2027 381/1474/381
f 383/1473/383 2028/1949/2028 382/209/382
f 384/1472/384 2029/933/2029 383/1473/383
f 18/1625/18 2030/940/2030 384/1472/384
f 370/1624/370 2037/1957/2037 2030/940/2030
f 369/1640/369 2044/1982/2044 2037/1957/2037
f 368/1639/368 2051/1964/2051 2044/1982/2044
f 367/1638/367 2058/1971/2058 2051/1964/2051
f 2058/1971/2058 365/1637/365 2065/945/2065
f 2065/945/2065 364/1636/364 2072/946/2072
f 2072/946/2072 30/1635/30 489/1528/489
f 2071/939/2071 489/1528/489 488/299/488
f 2070/1980/2070 488/299/488 487/1526/487
f 2069/1979/2069 487/1526/487 486/1525/486
f 2068/1978/2068 486/1525/486 485/1524/485
f 2067/1976/2067 485/1524/485 484/1523/484
f 2066/1977/2066 484/1523/484 483/1521/483
f 497/1983/497 483/1521/483 34/1365/34
f 498/1984/498 2066/1977/2066 497/1983/497
f 499/1985/499 2059/910/2059 498/1984/498
f 500/1986/500 2052/1966/2052 499/1985/499
f 501/1987/501 2045/1959/2045 500/1986/500
f 502/1988/502 2038/1952/2038 501/1987/501
f 503/1981/503 2031/902/2031 502/1988/502
f 2073/1989/2073 2081/1990/2081 2080/958/2080
f 2074/1991/2074 2082/968/2082 2081/1990/2081
f 2075/1992/2075 2083/1993/2083 2082/968/2082
f 2076/1994/2076 2084/1995/2084 2083/1993/2083
f 2077/1996/2077 2085/1997/2085 2084/1995/2084
f 2078/1998/2078 2086/1999/2086 2085/1997/2085
f 2080/958/2080 2088/959/2088 2087/2000/2087
f 2081/1990/2081 2089/970/2089 2088/959/2088
f 2082/968/2082 2090/2001/2090 2089/970/2089
f 2083/1993/2083 2091/2002/2091 2090/2001/2090
f 2084/1995/2084 2092/2003/2092 2091/2002/2091
f 2085/1997/2085 2093/2004/2093 2092/2003/2092
f 2087/2000/2087 2095/961/2095 2094/2005/2094
f 2088/959/2088 2096/2006/2096 2095/961/2095
f 2089/970/2089 2097/978/2097 2096/2006/2096
f 2090/2001/2090 2098/2007/2098 2097/978/2097
f 2091/2002/2091 2099/2008/2099 2098/2007/2098
f 2092/2003/2092 2100/2009/2100 2099/2008/2099
f 2094/2005/2094 2102/2010/2102 2101/2011/2101
f 2095/961/2095 2103/2012/2103 2102/2010/2102
f 2096/2006/2096 2104/2013/2104 2103/2012/2103
f 2097/978/2097 2105/2014/2105 2104/2013/2104
f 2098/2007/2098 2106/992/2106 2105/2014/2105
f 2099/2008/2099 2107/2015/2107 2106/992/2106
f 2101/2011/2101 2109/965/2109 2108/2016/2108
f 2102/2010/2102 2110/2017/2110 2109/965/2109
f 2103/2012/2103 2111/980/2111 2110/2017/2110
f 2105/2014/2105 2111/980/2111 2104/2013/2104
f 2105/2014/2105 2113/2018/2113 2112/2019/2112
f 2106/992/2106 2114/2020/2114 2113/2018/2113
f 2108/2016/2108 2116/967/2116 2115/1009/2115
f 2109/965/2109 2117/2021/2117 2116/967/2116
f 2111/980/2111 2117/2021/2117 2110/2017/2110
f 2112/2019/2112 2118/2022/2118 2111/980/2111
f 2113/2018/2113 2119/2023/2119 2112/2019/2112
f 2113/2018/2113 2121/2024/2121 2120/2025/2120
f 14/1003/14 2073/1989/2073 153/1002/153
f 356/886/356 2074/1991/2074 2073/1989/2073
f 355/887/355 2075/1992/2075 2074/1991/2074
f 354/1941/354 2076/1994/2076 2075/1992/2075
f 353/1940/353 2077/1996/2077 2076/1994/2076
f 352/1939/352 2078/1998/2078 2077/1996/2077
f 351/1938/351 2079/996/2079 2078/1998/2078
f 350/1937/350 503/1981/503 2079/996/2079
f 2079/996/2079 502/1988/502 2086/1999/2086
f 2086/1999/2086 501/1987/501 2093/2004/2093
f 2093/2004/2093 500/1986/500 2100/2009/2100
f 2100/2009/2100 499/1985/499 2107/2015/2107
f 2107/2015/2107 498/1984/498 2114/2020/2114
f 2114/2020/2114 497/1983/497 2121/2024/2121
f 2121/2024/2121 34/1365/34 490/2026/490
f 2120/2025/2120 490/2026/490 491/1016/491
f 2120/2025/2120 492/2027/492 2119/2023/2119
f 2119/2023/2119 493/2028/493 2118/2022/2118
f 2117/2021/2117 493/2028/493 494/1013/494
f 2116/967/2116 494/1013/494 495/2029/495
f 2115/1009/2115 495/2029/495 496/1011/496
f 147/2030/147 496/1011/496 23/2031/23
f 148/2032/148 2115/1009/2115 147/2030/147
f 149/1007/149 2108/2016/2108 148/2032/148
f 150/1006/150 2101/2011/2101 149/1007/149
f 151/1005/151 2094/2005/2094 150/1006/150
f 152/1004/152 2087/2000/2087 151/1005/151
f 153/1002/153 2080/958/2080 152/1004/152
f 2124/2033/2124 2127/2034/2127 2123/2035/2123
f 2125/1025/2125 2128/2036/2128 2124/2033/2124
f 2126/2037/2126 2129/2038/2129 2125/1025/2125
f 2128/2036/2128 2131/1021/2131 2127/2034/2127
f 2129/2038/2129 2132/2039/2132 2128/2036/2128
f 2129/2038/2129 2134/2040/2134 2133/1028/2133
f 2136/2041/2136 2139/2042/2139 2135/1042/2135
f 2137/2043/2137 2140/2044/2140 2136/2041/2136
f 2138/1054/2138 2141/2045/2141 2137/2043/2137
f 2140/2044/2140 2143/1043/2143 2139/2042/2139
f 2141/2045/2141 2144/2046/2144 2140/2044/2140
f 2142/2047/2142 2145/2048/2145 2141/2045/2141
f 2147/2049/2147 2152/1030/2152 2151/2050/2151
f 2148/1031/2148 2153/2051/2153 2152/1030/2152
f 2149/1037/2149 2154/1051/2154 2153/2051/2153
f 2151/2050/2151 2156/2052/2156 2155/2053/2155
f 2152/1030/2152 2157/2054/2157 2156/2052/2156
f 2153/2051/2153 2158/2055/2158 2157/2054/2157
f 2144/2046/2144 2126/2056/2126 2143/1043/2143
f 2145/2048/2145 2130/1049/2130 2144/2046/2144
f 2155/2053/2155 2142/1035/2142 2138/2057/2138
f 2156/2052/2156 2146/2058/2146 2142/1035/2142
f 2132/2039/2132 2150/2059/2150 2131/1021/2131
f 2133/1028/2133 2154/1027/2154 2132/2039/2132
f 2133/1028/2133 2122/1059/2122 2158/2055/2158
f 2146/2058/2146 2134/2040/2134 2145/2048/2145
f 2157/2054/2157 2122/1059/2122 2146/2058/2146
f 524/2060/524 490/2061/490 34/1365/34
f 523/52/523 2123/2035/2123 524/2060/524
f 522/2062/522 2124/2033/2124 523/52/523
f 521/66/521 2125/1025/2125 522/2062/522
f 2123/2035/2123 491/2063/491 490/2061/490
f 2127/2034/2127 492/2064/492 491/2063/491
f 2131/1021/2131 493/1014/493 492/2064/492
f 69/1073/69 518/1072/518 10/2065/10
f 68/2066/68 2135/1042/2135 69/1073/69
f 67/1076/67 2136/2041/2136 68/2066/68
f 66/1077/66 2137/2043/2137 67/1076/67
f 2135/1042/2135 519/1074/519 518/1072/518
f 2139/2042/2139 520/2067/520 519/1074/519
f 2143/1043/2143 521/66/521 520/2067/520
f 23/2031/23 2147/2049/2147 63/1068/63
f 496/1011/496 2148/1031/2148 2147/2049/2147
f 495/2029/495 2149/1037/2149 2148/1031/2148
f 494/1013/494 2150/1023/2150 2149/1037/2149
f 63/1068/63 2151/2050/2151 64/1069/64
f 64/1069/64 2155/2053/2155 65/1070/65
f 65/1070/65 2138/2057/2138 66/1077/66
f 2161/2068/2161 2164/1078/2164 2160/1080/2160
f 2162/2069/2162 2165/2070/2165 2161/2068/2161
f 2162/2069/2162 2167/2071/2167 2166/2072/2166
f 2165/2070/2165 2168/2073/2168 2164/1078/2164
f 2166/2072/2166 2169/2074/2169 2165/2070/2165
f 2166/2072/2166 2171/1117/2171 2170/2075/2170
f 2173/1101/2173 2176/1100/2176 2172/2076/2172
f 2174/2077/2174 2177/2078/2177 2173/1101/2173
f 2175/1114/2175 2178/1108/2178 2174/2077/2174
f 2177/2078/2177 2180/2079/2180 2176/1100/2176
f 2178/1108/2178 2181/2080/2181 2177/2078/2177
f 2179/2081/2179 2182/2082/2182 2178/1108/2178
f 2184/2083/2184 2189/2084/2189 2188/1092/2188
f 2185/2085/2185 2190/1096/2190 2189/2084/2189
f 2186/2086/2186 2191/2087/2191 2190/1096/2190
f 2188/1092/2188 2193/2088/2193 2192/2089/2192
f 2189/2084/2189 2194/2090/2194 2193/2088/2193
f 2190/1096/2190 2195/1113/2195 2194/2090/2194
f 2181/2080/2181 2163/2091/2163 2180/2079/2180
f 2182/2082/2182 2167/2071/2167 2181/2080/2181
f 2192/2089/2192 2179/2092/2179 2175/1114/2175
f 2193/2088/2193 2183/2093/2183 2179/2092/2179
f 2169/2074/2169 2187/2094/2187 2168/2073/2168
f 2170/2075/2170 2191/1087/2191 2169/2074/2169
f 2170/2075/2170 2159/1118/2159 2195/1113/2195
f 2183/2093/2183 2171/1117/2171 2182/2082/2182
f 2194/2090/2194 2159/1118/2159 2183/2093/2183
f 531/2095/531 426/509/426 31/1583/31
f 530/2096/530 2160/1080/2160 531/2095/531
f 529/2097/529 2161/2068/2161 530/2096/530
f 529/2097/529 2163/2098/2163 2162/2069/2162
f 2160/1080/2160 425/1677/425 426/509/426
f 2164/1078/2164 424/1679/424 425/1677/425
f 2168/2073/2168 423/1680/423 424/1679/424
f 55/1131/55 525/2099/525 12/2100/12
f 54/1135/54 2172/2076/2172 55/1131/55
f 53/1136/53 2173/1101/2173 54/1135/54
f 52/1137/52 2174/2077/2174 53/1136/53
f 2172/2076/2172 526/2101/526 525/2099/525
f 2176/1100/2176 527/2102/527 526/2101/526
f 2180/2079/2180 528/2103/528 527/2102/527
f 21/2104/21 2184/2083/2184 49/2105/49
f 420/1124/420 2185/2085/2185 2184/2083/2184
f 421/1128/421 2186/2086/2186 2185/2085/2185
f 422/1681/422 2187/1112/2187 2186/2086/2186
f 49/2105/49 2188/1092/2188 50/1126/50
f 50/1126/50 2192/2089/2192 51/1127/51
f 51/1127/51 2175/1114/2175 52/1137/52
f 2197/2106/2197 2202/2107/2202 2201/2108/2201
f 2198/2109/2198 2203/2110/2203 2202/2107/2202
f 2199/2111/2199 2204/2112/2204 2203/2110/2203
f 2201/2108/2201 2206/2113/2206 2205/1143/2205
f 2202/2107/2202 2207/2114/2207 2206/2113/2206
f 2203/2110/2203 2208/2115/2208 2207/2114/2207
f 2210/1161/2210 2213/2116/2213 2209/2117/2209
f 2211/2118/2211 2214/1164/2214 2210/1161/2210
f 2212/2119/2212 2215/1168/2215 2211/2118/2211
f 2214/1164/2214 2217/2120/2217 2213/2116/2213
f 2215/1168/2215 2218/2121/2218 2214/1164/2214
f 2216/2122/2216 2219/1170/2219 2215/1168/2215
f 2222/2123/2222 2225/2124/2225 2221/1151/2221
f 2223/2125/2223 2226/1153/2226 2222/2123/2222
f 2224/1171/2224 2227/2126/2227 2223/2125/2223
f 2226/1153/2226 2229/1152/2229 2225/2124/2225
f 2227/2126/2227 2230/2127/2230 2226/1153/2226
f 2228/2128/2228 2231/2129/2231 2227/2126/2227
f 2218/2121/2218 2200/1165/2200 2217/2120/2217
f 2219/1170/2219 2204/2130/2204 2218/2121/2218
f 2229/1152/2229 2216/2122/2216 2212/2119/2212
f 2230/2127/2230 2220/1158/2220 2216/2122/2216
f 2205/1143/2205 2228/2131/2228 2224/2132/2224
f 2206/2113/2206 2232/2133/2232 2228/2131/2228
f 2207/2114/2207 2196/2134/2196 2232/2133/2232
f 2220/1158/2220 2208/2115/2208 2219/1170/2219
f 2231/2129/2231 2196/2134/2196 2220/1158/2220
f 24/2135/24 2197/2106/2197 405/2136/405
f 70/1180/70 2198/2109/2198 2197/2106/2197
f 71/1185/71 2199/2111/2199 2198/2109/2198
f 72/1186/72 2200/1176/2200 2199/2111/2199
f 405/2136/405 2201/2108/2201 404/2137/404
f 404/2137/404 2205/1143/2205 403/2138/403
f 403/2138/403 2224/2132/2224 402/2139/402
f 525/2099/525 76/1190/76 12/2140/12
f 526/2101/526 2209/2117/2209 525/2099/525
f 527/1197/527 2210/1161/2210 526/2101/526
f 528/2141/528 2211/2118/2211 527/1197/527
f 2209/2117/2209 75/1193/75 76/1190/76
f 2213/2116/2213 74/1194/74 75/1193/75
f 2217/2120/2217 73/1195/73 74/1194/74
f 399/361/399 531/1188/531 31/1583/31
f 400/362/400 2221/1151/2221 399/361/399
f 400/362/400 2223/2125/2223 2222/2123/2222
f 402/1581/402 2223/2125/2223 401/1582/401
f 2221/1151/2221 530/1120/530 531/1188/531
f 2225/2124/2225 529/2142/529 530/1120/530
f 529/2142/529 2212/2119/2212 528/1122/528
f 2235/2143/2235 2238/2144/2238 2234/2145/2234
f 2236/2146/2236 2239/2147/2239 2235/2143/2235
f 2236/2146/2236 2241/2148/2241 2240/2149/2240
f 2239/2147/2239 2242/2150/2242 2238/2144/2238
f 2240/2149/2240 2243/1205/2243 2239/2147/2239
f 2240/2149/2240 2245/1239/2245 2244/2151/2244
f 2247/2152/2247 2250/2153/2250 2246/2154/2246
f 2248/2155/2248 2251/2156/2251 2247/2152/2247
f 2249/2157/2249 2252/2158/2252 2248/2155/2248
f 2251/2156/2251 2254/2159/2254 2250/2153/2250
f 2252/2158/2252 2255/2160/2255 2251/2156/2251
f 2253/2161/2253 2256/1231/2256 2252/2158/2252
f 2258/2162/2258 2263/2163/2263 2262/1213/2262
f 2259/2164/2259 2264/1217/2264 2263/2163/2263
f 2260/2165/2260 2265/1232/2265 2264/1217/2264
f 2262/1213/2262 2267/2166/2267 2266/1215/2266
f 2263/2163/2263 2268/2167/2268 2267/2166/2267
f 2264/1217/2264 2269/2168/2269 2268/2167/2268
f 2255/2160/2255 2237/1226/2237 2254/2159/2254
f 2256/1231/2256 2241/1230/2241 2255/2160/2255
f 2266/1215/2266 2253/2169/2253 2249/2170/2249
f 2267/2166/2267 2257/2171/2257 2253/2169/2253
f 2243/1205/2243 2261/2172/2261 2242/2150/2242
f 2244/2151/2244 2265/2173/2265 2243/1205/2243
f 2244/2151/2244 2233/2174/2233 2269/2168/2269
f 2257/2171/2257 2245/1239/2245 2256/1231/2256
f 2268/2167/2268 2233/2174/2233 2257/2171/2257
f 538/2175/538 427/1403/427 32/1401/32
f 537/1246/537 2234/2145/2234 538/2175/538
f 536/2176/536 2235/2143/2235 537/1246/537
f 535/2177/535 2236/2146/2236 536/2176/536
f 2234/2145/2234 428/146/428 427/1403/427
f 2238/2144/2238 429/1244/429 428/146/428
f 2242/2150/2242 430/144/430 429/1244/429
f 48/1257/48 532/1316/532 13/1258/13
f 47/1261/47 2246/2154/2246 48/1257/48
f 46/1262/46 2247/2152/2247 47/1261/47
f 45/1263/45 2248/2155/2248 46/1262/46
f 2246/2154/2246 533/2178/533 532/1316/532
f 2250/2153/2250 534/2179/534 533/2178/533
f 2254/2159/2254 535/1320/535 534/2179/534
f 20/141/20 2258/2162/2258 42/1250/42
f 433/1249/433 2259/2164/2259 2258/2162/2258
f 432/2180/432 2260/2165/2260 2259/2164/2259
f 431/1254/431 2261/2181/2261 2260/2165/2260
f 42/1250/42 2262/1213/2262 43/2182/43
f 43/2182/43 2266/1215/2266 44/1252/44
f 44/1252/44 2249/2170/2249 45/1263/45
f 2271/2183/2271 2276/2184/2276 2275/2185/2275
f 2272/2186/2272 2277/2187/2277 2276/2184/2276
f 2273/1272/2273 2278/1295/2278 2277/2187/2277
f 2275/2185/2275 2280/2188/2280 2279/2189/2279
f 2276/2184/2276 2281/2190/2281 2280/2188/2280
f 2277/2187/2277 2282/2191/2282 2281/2190/2281
f 2284/2192/2284 2287/2193/2287 2283/2194/2283
f 2285/2195/2285 2288/2196/2288 2284/2192/2284
f 2286/2197/2286 2289/2198/2289 2285/2195/2285
f 2288/2196/2288 2291/2199/2291 2287/2193/2287
f 2289/2198/2289 2292/2200/2292 2288/2196/2288
f 2290/2201/2290 2293/2202/2293 2289/2198/2289
f 2296/2203/2296 2299/2204/2299 2295/2205/2295
f 2297/2206/2297 2300/2207/2300 2296/2203/2296
f 2298/2208/2298 2301/1283/2301 2297/2206/2297
f 2300/2207/2300 2303/1278/2303 2299/2204/2299
f 2301/1283/2301 2304/2209/2304 2300/2207/2300
f 2302/2210/2302 2305/2211/2305 2301/1283/2301
f 2292/2200/2292 2274/1301/2274 2291/2199/2291
f 2293/2202/2293 2278/1295/2278 2292/2200/2292
f 2303/1278/2303 2290/2201/2290 2286/2212/2286
f 2304/2209/2304 2294/2213/2294 2290/2201/2290
f 2279/2189/2279 2302/2210/2302 2298/1297/2298
f 2280/2188/2280 2306/2214/2306 2302/2210/2302
f 2281/2190/2281 2270/2215/2270 2306/2214/2306
f 2294/2213/2294 2282/2191/2282 2293/2202/2293
f 2305/2211/2305 2270/2215/2270 2294/2213/2294
f 26/2216/26 2271/2183/2271 447/647/447
f 84/2217/84 2272/2186/2272 2271/2183/2271
f 85/2218/85 2273/1272/2273 2272/2186/2272
f 86/1307/86 2274/1301/2274 2273/1272/2273
f 447/647/447 2275/2185/2275 446/1769/446
f 446/1769/446 2279/2189/2279 445/645/445
f 445/645/445 2298/1297/2298 444/644/444
f 532/1256/532 90/1315/90 13/1317/13
f 533/1259/533 2283/2194/2283 532/1256/532
f 534/2179/534 2284/2192/2284 533/1259/533
f 535/2219/535 2285/2195/2285 534/2179/534
f 2283/2194/2283 89/1318/89 90/1315/90
f 2287/2193/2287 88/1319/88 89/1318/89
f 2291/2199/2291 87/1308/87 88/1319/88
f 441/1310/441 538/1309/538 32/1401/32
f 442/2220/442 2295/2205/2295 441/1310/441
f 443/1313/443 2296/2203/2296 442/2220/442
f 444/2221/444 2297/2206/2297 443/1313/443
f 2295/2205/2295 537/1246/537 538/1309/538
f 2299/2204/2299 536/2222/536 537/1246/537
f 2303/1278/2303 535/1320/535 536/2222/536
f 540/1/540 541/4/541 545/2/545
f 541/4/541 542/6/542 546/5/546
f 542/6/542 543/35/543 547/7/547
f 544/3/544 545/2/545 549/8/549
f 545/2/545 546/5/546 550/10/550
f 546/5/546 547/7/547 551/11/551
f 552/12/552 553/15/553 557/13/557
f 553/15/553 554/17/554 558/16/558
f 554/17/554 555/54/555 559/18/559
f 556/14/556 557/13/557 561/19/561
f 557/13/557 558/16/558 562/21/562
f 558/16/558 559/18/559 563/22/563
f 565/23/565 569/27/569 568/24/568
f 566/26/566 570/29/570 569/27/569
f 567/28/567 571/32/571 570/29/570
f 569/27/569 573/31/573 572/30/572
f 570/29/570 574/33/574 573/31/573
f 571/32/571 575/39/575 574/33/574
f 560/20/560 561/19/561 547/34/547
f 562/21/562 551/11/551 547/34/547
f 573/31/573 559/37/559 555/36/555
f 574/33/574 563/22/563 559/37/559
f 548/9/548 549/8/549 571/32/571
f 549/8/549 550/10/550 575/39/575
f 550/10/550 551/11/551 539/40/539
f 562/21/562 563/22/563 539/40/539
f 575/39/575 539/40/539 563/22/563
f 25/41/25 308/43/308 540/1/540
f 308/43/308 309/44/309 541/4/541
f 309/44/309 310/45/310 542/6/542
f 310/45/310 311/2223/311 543/35/543
f 77/42/77 540/1/540 544/3/544
f 78/46/78 544/3/544 548/9/548
f 79/47/79 548/9/548 567/38/567
f 328/49/328 552/12/552 314/50/314
f 328/49/328 327/52/327 553/15/553
f 327/52/327 326/53/326 554/17/554
f 326/53/326 325/1066/325 555/54/555
f 314/50/314 552/12/552 556/14/556
f 313/55/313 556/14/556 560/20/560
f 312/56/312 560/20/560 543/35/543
f 83/58/83 564/25/564 322/59/322
f 82/61/82 565/23/565 564/25/564
f 81/62/81 566/26/566 565/23/565
f 80/63/80 567/28/567 566/26/566
f 564/25/564 568/24/568 323/64/323
f 568/24/568 572/30/572 324/65/324
f 572/30/572 555/36/555 325/66/325
f 576/67/576 577/70/577 584/68/584
f 577/70/577 578/72/578 585/71/585
f 578/72/578 579/74/579 586/73/586
f 579/74/579 580/76/580 587/75/587
f 580/76/580 581/78/581 588/77/588
f 581/78/581 582/123/582 589/79/589
f 584/68/584 591/82/591 590/80/590
f 584/68/584 585/71/585 592/81/592
f 585/71/585 586/73/586 593/83/593
f 586/73/586 587/75/587 594/84/594
f 587/75/587 588/77/588 595/85/595
f 588/77/588 589/79/589 596/86/596
f 591/82/591 598/88/598 597/87/597
f 592/81/592 599/90/599 598/88/598
f 592/81/592 593/83/593 600/89/600
f 593/83/593 594/84/594 601/91/601
f 594/84/594 595/85/595 602/92/602
f 595/85/595 596/86/596 603/93/603
f 597/87/597 598/88/598 605/94/605
f 598/88/598 599/90/599 606/96/606
f 599/90/599 600/89/600 607/97/607
f 600/89/600 601/91/601 608/98/608
f 601/91/601 602/92/602 609/99/609
f 602/92/602 603/93/603 610/100/610
f 604/95/604 605/94/605 612/101/612
f 605/94/605 606/96/606 613/103/613
f 606/96/606 607/97/607 614/104/614
f 607/97/607 608/98/608 615/105/615
f 608/98/608 609/99/609 616/106/616
f 609/99/609 610/100/610 617/107/617
f 611/102/611 612/101/612 619/108/619
f 612/101/612 613/103/613 620/110/620
f 613/103/613 614/104/614 621/111/621
f 614/104/614 615/105/615 622/112/622
f 615/105/615 616/106/616 623/113/623
f 616/106/616 617/107/617 624/114/624
f 7/115/7 258/117/258 576/67/576
f 258/117/258 257/118/257 577/70/577
f 257/118/257 256/119/256 578/72/578
f 256/119/256 255/120/255 579/74/579
f 255/120/255 254/121/254 580/76/580
f 254/121/254 253/122/253 581/78/581
f 253/122/253 252/124/252 582/123/582
f 252/124/252 2/353/2 91/125/91
f 582/123/582 91/125/91 92/126/92
f 589/79/589 92/126/92 93/127/93
f 596/86/596 93/127/93 94/128/94
f 603/93/603 94/128/94 95/129/95
f 610/100/610 95/129/95 96/130/96
f 617/107/617 96/130/96 97/131/97
f 624/114/624 97/131/97 15/132/15
f 623/113/623 624/114/624 132/133/132
f 622/112/622 623/113/623 131/134/131
f 621/111/621 622/112/622 130/135/130
f 620/110/620 621/111/621 129/136/129
f 619/108/619 620/110/620 128/137/128
f 618/109/618 619/108/619 127/138/127
f 237/140/237 618/109/618 126/139/126
f 236/142/236 611/102/611 618/109/618
f 235/143/235 604/95/604 611/102/611
f 234/144/234 597/87/597 604/95/604
f 233/145/233 590/80/590 597/87/597
f 583/69/583 590/80/590 233/145/233
f 231/116/231 576/67/576 583/69/583
f 626/147/626 633/151/633 632/148/632
f 627/150/627 634/153/634 633/151/633
f 628/152/628 635/155/635 634/153/634
f 629/154/629 636/157/636 635/155/635
f 630/156/630 637/159/637 636/157/636
f 631/158/631 638/165/638 637/159/637
f 633/151/633 640/161/640 639/160/639
f 634/153/634 641/162/641 640/161/640
f 635/155/635 642/163/642 641/162/641
f 636/157/636 643/164/643 642/163/642
f 637/159/637 644/166/644 643/164/643
f 638/165/638 645/172/645 644/166/644
f 640/161/640 647/168/647 646/167/646
f 641/162/641 648/169/648 647/168/647
f 642/163/642 649/170/649 648/169/648
f 643/164/643 650/171/650 649/170/649
f 644/166/644 651/173/651 650/171/650
f 645/172/645 652/179/652 651/173/651
f 647/168/647 654/175/654 653/174/653
f 648/169/648 655/176/655 654/175/654
f 649/170/649 656/177/656 655/176/655
f 650/171/650 657/178/657 656/177/656
f 651/173/651 658/180/658 657/178/657
f 652/179/652 659/186/659 658/180/658
f 654/175/654 661/182/661 660/181/660
f 655/176/655 662/183/662 661/182/661
f 656/177/656 663/184/663 662/183/662
f 657/178/657 664/185/664 663/184/663
f 658/180/658 665/187/665 664/185/664
f 659/186/659 666/193/666 665/187/665
f 661/182/661 668/189/668 667/188/667
f 662/183/662 669/190/669 668/189/668
f 663/184/663 670/191/670 669/190/669
f 664/185/664 671/192/671 670/191/670
f 665/187/665 672/194/672 671/192/671
f 666/193/666 673/211/673 672/194/672
f 286/195/286 625/149/625 259/196/259
f 285/198/285 626/147/626 625/149/625
f 284/199/284 627/150/627 626/147/626
f 283/200/283 628/152/628 627/150/627
f 282/201/282 629/154/629 628/152/628
f 281/202/281 630/156/630 629/154/629
f 280/203/280 631/158/631 630/156/630
f 3/204/3 182/205/182 631/158/631
f 182/205/182 183/206/183 638/165/638
f 183/206/183 184/207/184 645/172/645
f 184/207/184 185/208/185 652/179/652
f 185/208/185 186/209/186 659/186/659
f 186/209/186 187/210/187 666/193/666
f 187/210/187 188/212/188 673/211/673
f 188/212/188 1/426/1 195/213/195
f 673/211/673 195/213/195 194/214/194
f 672/194/672 194/214/194 193/215/193
f 671/192/671 193/215/193 192/216/192
f 670/191/670 192/216/192 191/217/191
f 669/190/669 191/217/191 190/218/190
f 668/189/668 190/218/190 189/219/189
f 667/188/667 189/219/189 4/220/4
f 660/181/660 667/188/667 265/221/265
f 653/174/653 660/181/660 264/222/264
f 646/167/646 653/174/653 263/223/263
f 639/160/639 646/167/646 262/224/262
f 632/148/632 639/160/639 261/225/261
f 625/149/625 632/148/632 260/226/260
f 675/227/675 682/231/682 681/228/681
f 676/230/676 683/233/683 682/231/682
f 677/232/677 684/235/684 683/233/683
f 678/234/678 685/237/685 684/235/684
f 678/234/678 679/238/679 686/236/686
f 679/238/679 680/280/680 687/239/687
f 681/228/681 682/231/682 689/240/689
f 683/233/683 690/242/690 689/240/689
f 684/235/684 691/243/691 690/242/690
f 685/237/685 692/245/692 691/243/691
f 685/237/685 686/236/686 693/244/693
f 686/236/686 687/239/687 694/246/694
f 688/241/688 689/240/689 696/247/696
f 689/240/689 690/242/690 697/249/697
f 690/242/690 691/243/691 698/250/698
f 691/243/691 692/245/692 699/251/699
f 692/245/692 693/244/693 700/252/700
f 693/244/693 694/246/694 701/253/701
f 695/248/695 696/247/696 703/254/703
f 696/247/696 697/249/697 704/256/704
f 697/249/697 698/250/698 705/257/705
f 698/250/698 699/251/699 706/258/706
f 699/251/699 700/252/700 707/259/707
f 700/252/700 701/253/701 708/260/708
f 702/255/702 703/254/703 710/261/710
f 703/254/703 704/256/704 711/263/711
f 704/256/704 705/257/705 712/264/712
f 705/257/705 706/258/706 713/265/713
f 706/258/706 707/259/707 714/266/714
f 707/259/707 708/260/708 715/267/715
f 709/262/709 710/261/710 717/268/717
f 710/261/710 711/263/711 718/270/718
f 711/263/711 712/264/712 719/271/719
f 712/264/712 713/265/713 720/272/720
f 713/265/713 714/266/714 721/273/721
f 714/266/714 715/267/715 722/274/722
f 314/50/314 674/229/674 287/275/287
f 313/276/313 675/227/675 674/229/674
f 312/277/312 676/230/676 675/227/675
f 311/278/311 677/232/677 676/230/676
f 310/279/310 678/234/678 677/232/677
f 310/279/310 309/44/309 679/238/679
f 309/44/309 308/281/308 680/280/680
f 308/281/308 25/1537/25 161/282/161
f 680/280/680 161/282/161 162/283/162
f 687/239/687 162/283/162 163/284/163
f 694/246/694 163/284/163 164/285/164
f 701/253/701 164/285/164 165/286/165
f 708/260/708 165/286/165 166/287/166
f 715/267/715 166/287/166 167/288/167
f 722/274/722 167/288/167 16/289/16
f 721/273/721 722/274/722 202/290/202
f 720/272/720 721/273/721 201/291/201
f 719/271/719 720/272/720 200/292/200
f 718/270/718 719/271/719 199/293/199
f 717/268/717 718/270/718 198/294/198
f 716/269/716 717/268/717 197/295/197
f 293/297/293 716/269/716 196/296/196
f 292/299/292 709/262/709 716/269/716
f 291/300/291 702/255/702 709/262/709
f 290/301/290 695/248/695 702/255/702
f 289/302/289 688/241/688 695/248/695
f 288/303/288 681/228/681 688/241/688
f 287/275/287 674/229/674 681/228/681
f 724/304/724 731/308/731 730/305/730
f 725/307/725 732/310/732 731/308/731
f 726/309/726 733/312/733 732/310/732
f 727/311/727 734/314/734 733/312/733
f 728/313/728 735/316/735 734/314/734
f 729/315/729 736/322/736 735/316/735
f 731/308/731 738/318/738 737/317/737
f 732/310/732 739/319/739 738/318/738
f 733/312/733 740/320/740 739/319/739
f 734/314/734 741/321/741 740/320/740
f 735/316/735 742/323/742 741/321/741
f 736/322/736 743/329/743 742/323/742
f 738/318/738 745/325/745 744/324/744
f 739/319/739 746/326/746 745/325/745
f 740/320/740 747/327/747 746/326/746
f 741/321/741 748/328/748 747/327/747
f 742/323/742 749/330/749 748/328/748
f 743/329/743 750/336/750 749/330/749
f 745/325/745 752/332/752 751/331/751
f 746/326/746 753/333/753 752/332/752
f 747/327/747 754/334/754 753/333/753
f 748/328/748 755/335/755 754/334/754
f 749/330/749 756/337/756 755/335/755
f 750/336/750 757/343/757 756/337/756
f 752/332/752 759/339/759 758/338/758
f 753/333/753 760/340/760 759/339/759
f 754/334/754 761/341/761 760/340/760
f 755/335/755 762/342/762 761/341/761
f 756/337/756 763/344/763 762/342/762
f 757/343/757 764/350/764 763/344/763
f 759/339/759 766/346/766 765/345/765
f 760/340/760 767/347/767 766/346/766
f 761/341/761 768/348/768 767/347/767
f 762/342/762 769/349/769 768/348/768
f 763/344/763 770/351/770 769/349/769
f 764/350/764 771/367/771 770/351/770
f 223/352/223 723/306/723 91/125/91
f 222/354/222 724/304/724 723/306/723
f 221/355/221 725/307/725 724/304/724
f 220/356/220 726/309/726 725/307/725
f 219/357/219 727/311/727 726/309/726
f 218/358/218 728/313/728 727/311/727
f 217/359/217 729/315/729 728/313/728
f 6/360/6 203/361/203 729/315/729
f 203/361/203 204/362/204 736/322/736
f 204/362/204 205/363/205 743/329/743
f 205/363/205 206/364/206 750/336/750
f 206/364/206 207/365/207 757/343/757
f 207/365/207 208/366/208 764/350/764
f 208/366/208 209/368/209 771/367/771
f 209/368/209 24/1179/24 154/369/154
f 771/367/771 154/369/154 155/370/155
f 770/351/770 155/370/155 156/371/156
f 769/349/769 156/371/156 157/372/157
f 768/348/768 157/372/157 158/373/158
f 767/347/767 158/373/158 159/374/159
f 766/346/766 159/374/159 160/375/160
f 765/345/765 160/375/160 15/132/15
f 758/338/758 765/345/765 97/131/97
f 751/331/751 758/338/758 96/130/96
f 744/324/744 751/331/751 95/129/95
f 737/317/737 744/324/744 94/128/94
f 730/305/730 737/317/737 93/127/93
f 723/306/723 730/305/730 92/126/92
f 773/376/773 780/380/780 779/377/779
f 774/379/774 781/382/781 780/380/780
f 775/381/775 782/384/782 781/382/781
f 776/383/776 783/386/783 782/384/782
f 777/385/777 784/388/784 783/386/783
f 778/387/778 785/394/785 784/388/784
f 780/380/780 787/390/787 786/389/786
f 781/382/781 788/391/788 787/390/787
f 782/384/782 789/392/789 788/391/788
f 783/386/783 790/393/790 789/392/789
f 784/388/784 791/395/791 790/393/790
f 785/394/785 792/401/792 791/395/791
f 787/390/787 794/397/794 793/396/793
f 788/391/788 795/398/795 794/397/794
f 789/392/789 796/399/796 795/398/795
f 790/393/790 797/400/797 796/399/796
f 791/395/791 798/402/798 797/400/797
f 792/401/792 799/408/799 798/402/798
f 794/397/794 801/404/801 800/403/800
f 795/398/795 802/405/802 801/404/801
f 796/399/796 803/406/803 802/405/802
f 797/400/797 804/407/804 803/406/803
f 798/402/798 805/409/805 804/407/804
f 799/408/799 806/415/806 805/409/805
f 801/404/801 808/411/808 807/410/807
f 802/405/802 809/412/809 808/411/808
f 803/406/803 810/413/810 809/412/809
f 804/407/804 811/414/811 810/413/810
f 805/409/805 812/416/812 811/414/811
f 806/415/806 813/422/813 812/416/812
f 808/411/808 815/418/815 814/417/814
f 809/412/809 816/419/816 815/418/815
f 810/413/810 817/420/817 816/419/816
f 811/414/811 818/421/818 817/420/817
f 812/416/812 819/423/819 818/421/818
f 813/422/813 820/439/820 819/423/819
f 118/424/118 772/378/772 181/425/181
f 117/427/117 773/376/773 772/378/772
f 116/428/116 774/379/774 773/376/773
f 115/429/115 775/381/775 774/379/774
f 114/430/114 776/383/776 775/381/775
f 113/431/113 777/385/777 776/383/776
f 112/432/112 778/387/778 777/385/777
f 5/298/5 216/433/216 778/387/778
f 216/433/216 215/434/215 785/394/785
f 215/434/215 214/435/214 792/401/792
f 214/435/214 213/436/213 799/408/799
f 213/436/213 212/437/212 806/415/806
f 212/437/212 211/438/211 813/422/813
f 211/438/211 210/440/210 820/439/820
f 210/440/210 6/360/6 217/359/217
f 820/439/820 217/359/217 218/358/218
f 819/423/819 218/358/218 219/357/219
f 818/421/818 219/357/219 220/356/220
f 817/420/817 220/356/220 221/355/221
f 816/419/816 221/355/221 222/354/222
f 815/418/815 222/354/222 223/352/223
f 814/417/814 223/352/223 2/353/2
f 807/410/807 814/417/814 175/441/175
f 800/403/800 807/410/807 176/442/176
f 793/396/793 800/403/800 177/443/177
f 786/389/786 793/396/793 178/444/178
f 779/377/779 786/389/786 179/445/179
f 772/378/772 779/377/779 180/446/180
f 822/447/822 829/451/829 828/448/828
f 823/450/823 830/453/830 829/451/829
f 824/452/824 831/455/831 830/453/830
f 825/454/825 832/457/832 831/455/831
f 826/456/826 833/459/833 832/457/832
f 827/458/827 834/465/834 833/459/833
f 829/451/829 836/461/836 835/460/835
f 830/453/830 837/462/837 836/461/836
f 831/455/831 838/463/838 837/462/837
f 832/457/832 839/464/839 838/463/838
f 833/459/833 840/466/840 839/464/839
f 834/465/834 841/472/841 840/466/840
f 836/461/836 843/468/843 842/467/842
f 837/462/837 844/469/844 843/468/843
f 838/463/838 845/470/845 844/469/844
f 839/464/839 846/471/846 845/470/845
f 840/466/840 847/473/847 846/471/846
f 841/472/841 848/479/848 847/473/847
f 843/468/843 850/475/850 849/474/849
f 844/469/844 851/476/851 850/475/850
f 845/470/845 852/477/852 851/476/851
f 846/471/846 853/478/853 852/477/852
f 847/473/847 854/480/854 853/478/853
f 848/479/848 855/486/855 854/480/854
f 850/475/850 857/482/857 856/481/856
f 851/476/851 858/483/858 857/482/857
f 852/477/852 859/484/859 858/483/858
f 853/478/853 860/485/860 859/484/859
f 854/480/854 861/487/861 860/485/860
f 855/486/855 862/493/862 861/487/861
f 857/482/857 864/490/864 863/488/863
f 857/482/857 858/483/858 865/489/865
f 859/484/859 866/491/866 865/489/865
f 860/485/860 867/492/867 866/491/866
f 861/487/861 868/494/868 867/492/867
f 862/493/862 869/501/869 868/494/868
f 196/296/196 821/449/821 216/433/216
f 197/295/197 822/447/822 821/449/821
f 198/294/198 823/450/823 822/447/822
f 199/293/199 824/452/824 823/450/823
f 200/292/200 825/454/825 824/452/824
f 201/291/201 826/456/826 825/454/825
f 202/290/202 827/458/827 826/456/826
f 16/289/16 139/495/139 827/458/827
f 139/495/139 138/496/138 834/465/834
f 138/496/138 137/497/137 841/472/841
f 137/497/137 136/498/136 848/479/848
f 136/498/136 135/499/135 855/486/855
f 135/499/135 134/500/134 862/493/862
f 134/500/134 133/502/133 869/501/869
f 133/502/133 21/1123/21 224/503/224
f 869/501/869 224/503/224 225/504/225
f 868/494/868 225/504/225 226/505/226
f 867/492/867 226/505/226 227/506/227
f 866/491/866 227/506/227 228/507/228
f 865/489/865 228/507/228 229/508/229
f 864/490/864 229/508/229 230/509/230
f 863/488/863 230/509/230 6/360/6
f 856/481/856 863/488/863 210/440/210
f 849/474/849 856/481/856 211/438/211
f 842/467/842 849/474/849 212/437/212
f 835/460/835 842/467/842 213/436/213
f 828/448/828 835/460/835 214/435/214
f 821/449/821 828/448/828 215/434/215
f 871/510/871 872/513/872 876/511/876
f 872/513/872 873/515/873 877/514/877
f 873/515/873 874/556/874 878/516/878
f 875/512/875 876/511/876 880/517/880
f 876/511/876 877/514/877 881/519/881
f 877/514/877 878/516/878 882/520/882
f 884/521/884 888/525/888 887/522/887
f 885/524/885 889/527/889 888/525/888
f 885/524/885 886/1708/886 890/526/890
f 888/525/888 892/529/892 891/528/891
f 889/527/889 893/531/893 892/529/892
f 889/527/889 890/526/890 894/530/894
f 896/532/896 900/536/900 899/533/899
f 897/535/897 901/538/901 900/536/900
f 898/537/898 902/541/902 901/538/901
f 900/536/900 904/540/904 903/539/903
f 901/538/901 905/542/905 904/540/904
f 902/541/902 906/549/906 905/542/905
f 892/529/892 878/544/878 874/543/874
f 893/531/893 882/520/882 878/544/878
f 904/540/904 890/546/890 886/545/886
f 905/542/905 894/530/894 890/546/890
f 879/518/879 880/517/880 902/547/902
f 880/517/880 881/519/881 906/549/906
f 881/519/881 882/520/882 870/550/870
f 893/531/893 894/530/894 870/550/870
f 906/549/906 870/550/870 894/530/894
f 19/551/19 272/553/272 871/510/871
f 272/553/272 271/554/271 872/513/872
f 271/554/271 270/555/270 873/515/873
f 270/555/270 269/1724/269 874/556/874
f 35/552/35 871/510/871 875/512/875
f 36/557/36 875/512/875 879/518/879
f 37/558/37 879/518/879 898/548/898
f 321/560/321 883/523/883 266/561/266
f 320/562/320 884/521/884 883/523/883
f 319/563/319 885/524/885 884/521/884
f 318/564/318 886/1708/886 885/524/885
f 883/523/883 887/522/887 267/565/267
f 267/565/267 887/522/887 891/528/891
f 268/566/268 891/528/891 874/543/874
f 41/568/41 895/534/895 315/569/315
f 40/571/40 896/532/896 895/534/895
f 39/572/39 897/535/897 896/532/896
f 38/559/38 898/537/898 897/535/897
f 895/534/895 899/533/899 316/573/316
f 899/533/899 903/539/903 317/574/317
f 903/539/903 886/545/886 318/575/318
f 907/576/907 908/579/908 915/577/915
f 908/579/908 909/581/909 916/580/916
f 909/581/909 910/583/910 917/582/917
f 910/583/910 911/585/911 918/584/918
f 911/585/911 912/587/912 919/586/919
f 912/587/912 913/632/913 920/588/920
f 914/578/914 915/577/915 922/589/922
f 915/577/915 916/580/916 923/591/923
f 916/580/916 917/582/917 924/592/924
f 917/582/917 918/584/918 925/593/925
f 918/584/918 919/586/919 926/594/926
f 919/586/919 920/588/920 927/595/927
f 921/590/921 922/589/922 929/596/929
f 922/589/922 923/591/923 930/598/930
f 923/591/923 924/592/924 931/599/931
f 924/592/924 925/593/925 932/600/932
f 925/593/925 926/594/926 933/601/933
f 926/594/926 927/595/927 934/602/934
f 928/597/928 929/596/929 936/603/936
f 929/596/929 930/598/930 937/605/937
f 930/598/930 931/599/931 938/606/938
f 931/599/931 932/600/932 939/607/939
f 932/600/932 933/601/933 940/608/940
f 933/601/933 934/602/934 941/609/941
f 935/604/935 936/603/936 943/610/943
f 936/603/936 937/605/937 944/612/944
f 937/605/937 938/606/938 945/613/945
f 939/607/939 946/614/946 945/613/945
f 940/608/940 947/616/947 946/614/946
f 940/608/940 941/609/941 948/615/948
f 942/611/942 943/610/943 950/617/950
f 943/610/943 944/612/944 951/619/951
f 944/612/944 945/613/945 952/620/952
f 946/614/946 953/621/953 952/620/952
f 947/616/947 954/623/954 953/621/953
f 947/616/947 948/615/948 955/622/955
f 17/624/17 111/626/111 907/576/907
f 111/626/111 110/627/110 908/579/908
f 110/627/110 109/628/109 909/581/909
f 109/628/109 108/629/108 910/583/910
f 108/629/108 107/630/107 911/585/911
f 107/630/107 106/631/106 912/587/912
f 106/631/106 105/633/105 913/632/913
f 105/633/105 4/220/4 244/634/244
f 913/632/913 244/634/244 243/635/243
f 920/588/920 243/635/243 242/636/242
f 927/595/927 242/636/242 241/637/241
f 934/602/934 241/637/241 240/638/240
f 941/609/941 240/638/240 239/639/239
f 948/615/948 239/639/239 238/640/238
f 955/622/955 238/640/238 7/115/7
f 954/623/954 955/622/955 245/641/245
f 954/623/954 246/642/246 247/643/247
f 953/621/953 247/643/247 248/644/248
f 951/619/951 952/620/952 248/644/248
f 950/617/950 951/619/951 249/645/249
f 949/618/949 950/617/950 250/646/250
f 168/648/168 949/618/949 251/647/251
f 169/650/169 942/611/942 949/618/949
f 170/651/170 935/604/935 942/611/942
f 171/652/171 928/597/928 935/604/935
f 172/653/172 921/590/921 928/597/928
f 173/654/173 914/578/914 921/590/921
f 174/625/174 907/576/907 914/578/914
f 956/655/956 957/658/957 964/656/964
f 957/658/957 958/660/958 965/659/965
f 958/660/958 959/662/959 966/661/966
f 959/662/959 960/665/960 967/663/967
f 961/664/961 968/667/968 967/663/967
f 962/666/962 969/703/969 968/667/968
f 963/657/963 964/656/964 971/668/971
f 964/656/964 965/659/965 972/670/972
f 965/659/965 966/661/966 973/671/973
f 966/661/966 967/663/967 974/672/974
f 967/663/967 968/667/968 975/673/975
f 968/667/968 969/703/969 976/674/976
f 970/669/970 971/668/971 978/675/978
f 971/668/971 972/670/972 979/677/979
f 972/670/972 973/671/973 980/678/980
f 973/671/973 974/672/974 981/679/981
f 974/672/974 975/673/975 982/680/982
f 975/673/975 976/674/976 983/681/983
f 977/676/977 978/675/978 985/682/985
f 978/675/978 979/677/979 986/684/986
f 979/677/979 980/678/980 987/685/987
f 980/678/980 981/679/981 988/686/988
f 981/679/981 982/680/982 989/687/989
f 982/680/982 983/681/983 990/688/990
f 984/683/984 985/682/985 992/689/992
f 985/682/985 986/684/986 993/691/993
f 986/684/986 987/685/987 994/692/994
f 987/685/987 988/686/988 995/693/995
f 988/686/988 989/687/989 996/694/996
f 989/687/989 990/688/990 997/695/997
f 991/690/991 992/689/992 999/696/999
f 992/689/992 993/691/993 1000/698/1000
f 993/691/993 994/692/994 1001/699/1001
f 994/692/994 995/693/995 1002/700/1002
f 995/693/995 996/694/996 1003/701/1003
f 996/694/996 997/695/997 1004/702/1004
f 4/220/4 189/219/189 956/655/956
f 190/218/190 957/658/957 956/655/956
f 191/217/191 958/660/958 957/658/957
f 192/216/192 959/662/959 958/660/958
f 193/215/193 960/665/960 959/662/959
f 194/214/194 961/664/961 960/665/960
f 195/213/195 962/666/962 961/664/961
f 1/426/1 181/425/181 962/666/962
f 181/425/181 180/446/180 969/703/969
f 180/446/180 179/445/179 976/674/976
f 179/445/179 178/444/178 983/681/983
f 983/681/983 178/444/178 177/443/177
f 990/688/990 177/443/177 176/442/176
f 997/695/997 176/442/176 175/441/175
f 1004/702/1004 175/441/175 2/353/2
f 1003/701/1003 1004/702/1004 252/124/252
f 1002/700/1002 1003/701/1003 253/122/253
f 1001/699/1001 1002/700/1002 254/121/254
f 1000/698/1000 1001/699/1001 255/120/255
f 999/696/999 1000/698/1000 256/119/256
f 998/697/998 999/696/999 257/118/257
f 238/640/238 998/697/998 258/117/258
f 239/639/239 991/690/991 998/697/998
f 240/638/240 984/683/984 991/690/991
f 241/637/241 977/676/977 984/683/984
f 242/636/242 970/669/970 977/676/977
f 243/635/243 963/657/963 970/669/970
f 244/634/244 956/655/956 963/657/963
f 1006/704/1006 1013/708/1013 1012/705/1012
f 1007/707/1007 1014/710/1014 1013/708/1013
f 1007/707/1007 1008/711/1008 1015/709/1015
f 1008/711/1008 1009/713/1009 1016/712/1016
f 1009/713/1009 1010/715/1010 1017/714/1017
f 1010/715/1010 1011/759/1011 1018/716/1018
f 1013/708/1013 1020/718/1020 1019/717/1019
f 1014/710/1014 1021/720/1021 1020/718/1020
f 1014/710/1014 1015/709/1015 1022/719/1022
f 1015/709/1015 1016/712/1016 1023/721/1023
f 1016/712/1016 1017/714/1017 1024/722/1024
f 1017/714/1017 1018/716/1018 1025/723/1025
f 1020/718/1020 1027/725/1027 1026/724/1026
f 1021/720/1021 1028/726/1028 1027/725/1027
f 1022/719/1022 1029/728/1029 1028/726/1028
f 1022/719/1022 1023/721/1023 1030/727/1030
f 1024/722/1024 1031/729/1031 1030/727/1030
f 1025/723/1025 1032/735/1032 1031/729/1031
f 1027/725/1027 1034/731/1034 1033/730/1033
f 1028/726/1028 1035/732/1035 1034/731/1034
f 1029/728/1029 1036/733/1036 1035/732/1035
f 1030/727/1030 1037/734/1037 1036/733/1036
f 1031/729/1031 1038/736/1038 1037/734/1037
f 1032/735/1032 1039/742/1039 1038/736/1038
f 1034/731/1034 1041/738/1041 1040/737/1040
f 1035/732/1035 1042/739/1042 1041/738/1041
f 1036/733/1036 1043/740/1043 1042/739/1042
f 1037/734/1037 1044/741/1044 1043/740/1043
f 1038/736/1038 1045/743/1045 1044/741/1044
f 1039/742/1039 1046/749/1046 1045/743/1045
f 1041/738/1041 1048/745/1048 1047/744/1047
f 1042/739/1042 1049/746/1049 1048/745/1048
f 1043/740/1043 1050/747/1050 1049/746/1049
f 1044/741/1044 1051/748/1051 1050/747/1050
f 1045/743/1045 1052/750/1052 1051/748/1051
f 1046/749/1046 1053/761/1053 1052/750/1052
f 279/751/279 1005/706/1005 140/752/140
f 278/754/278 1006/704/1006 1005/706/1005
f 277/755/277 1007/707/1007 1006/704/1006
f 277/755/277 276/756/276 1008/711/1008
f 276/756/276 275/757/275 1009/713/1009
f 275/757/275 274/758/274 1010/715/1010
f 274/758/274 273/760/273 1011/759/1011
f 273/760/273 8/197/8 259/196/259
f 259/196/259 260/226/260 1018/716/1018
f 260/226/260 261/225/261 1025/723/1025
f 261/225/261 262/224/262 1032/735/1032
f 262/224/262 263/223/263 1039/742/1039
f 263/223/263 264/222/264 1046/749/1046
f 264/222/264 265/221/265 1053/761/1053
f 265/221/265 4/220/4 105/633/105
f 1053/761/1053 105/633/105 106/631/106
f 1052/750/1052 106/631/106 107/630/107
f 1051/748/1051 107/630/107 108/629/108
f 1050/747/1050 108/629/108 109/628/109
f 1049/746/1049 109/628/109 110/627/110
f 1048/745/1048 110/627/110 111/626/111
f 1047/744/1047 111/626/111 17/624/17
f 1040/737/1040 1047/744/1047 146/762/146
f 1033/730/1033 1040/737/1040 145/763/145
f 1026/724/1026 1033/730/1033 144/764/144
f 1019/717/1019 1026/724/1026 143/765/143
f 1012/705/1012 1019/717/1019 142/766/142
f 1005/706/1005 1012/705/1012 141/767/141
f 1055/768/1055 1056/771/1056 1060/769/1060
f 1056/771/1056 1057/773/1057 1061/772/1061
f 1057/773/1057 1058/810/1058 1062/774/1062
f 1059/770/1059 1060/769/1060 1064/775/1064
f 1060/769/1060 1061/772/1061 1065/777/1065
f 1061/772/1061 1062/774/1062 1066/778/1066
f 1067/779/1067 1068/782/1068 1072/780/1072
f 1068/782/1068 1069/784/1069 1073/783/1073
f 1069/784/1069 1070/819/1070 1074/785/1074
f 1071/781/1071 1072/780/1072 1076/786/1076
f 1072/780/1072 1073/783/1073 1077/788/1077
f 1073/783/1073 1074/785/1074 1078/789/1078
f 1080/790/1080 1084/794/1084 1083/791/1083
f 1081/793/1081 1085/796/1085 1084/794/1084
f 1082/795/1082 1086/799/1086 1085/796/1085
f 1084/794/1084 1088/798/1088 1087/797/1087
f 1085/796/1085 1089/800/1089 1088/798/1088
f 1086/799/1086 1090/804/1090 1089/800/1089
f 1075/787/1075 1076/786/1076 1062/774/1062
f 1076/786/1076 1077/788/1077 1066/778/1066
f 1088/798/1088 1074/785/1074 1070/802/1070
f 1089/800/1089 1078/789/1078 1074/785/1074
f 1063/776/1063 1064/775/1064 1086/799/1086
f 1064/775/1064 1065/777/1065 1090/804/1090
f 1065/777/1065 1066/778/1066 1054/805/1054
f 1077/788/1077 1078/789/1078 1054/805/1054
f 1090/804/1090 1054/805/1054 1078/789/1078
f 273/806/273 1055/768/1055 321/807/321
f 273/806/273 274/808/274 1056/771/1056
f 274/808/274 275/809/275 1057/773/1057
f 275/809/275 276/756/276 1058/810/1058
f 321/807/321 1055/768/1055 1059/770/1059
f 320/811/320 1059/770/1059 1063/776/1063
f 319/812/319 1063/776/1063 1082/803/1082
f 22/814/22 56/816/56 1067/779/1067
f 56/816/56 57/817/57 1068/782/1068
f 57/817/57 58/818/58 1069/784/1069
f 58/818/58 59/829/59 1070/819/1070
f 279/815/279 1067/779/1067 1071/781/1071
f 278/820/278 1071/781/1071 1075/787/1075
f 277/821/277 1075/787/1075 1058/801/1058
f 315/823/315 1079/792/1079 62/824/62
f 316/825/316 1080/790/1080 1079/792/1079
f 317/826/317 1081/793/1081 1080/790/1080
f 318/564/318 1082/795/1082 1081/793/1081
f 1079/792/1079 1083/791/1083 61/827/61
f 1083/791/1083 1087/797/1087 60/828/60
f 1087/797/1087 1070/802/1070 59/829/59
f 1092/830/1092 1099/834/1099 1098/831/1098
f 1093/833/1093 1100/836/1100 1099/834/1099
f 1094/835/1094 1101/838/1101 1100/836/1100
f 1095/837/1095 1102/840/1102 1101/838/1101
f 1096/839/1096 1103/842/1103 1102/840/1102
f 1097/841/1097 1104/848/1104 1103/842/1103
f 1098/831/1098 1099/834/1099 1106/843/1106
f 1099/834/1099 1100/836/1100 1107/845/1107
f 1100/836/1100 1101/838/1101 1108/846/1108
f 1102/840/1102 1109/847/1109 1108/846/1108
f 1103/842/1103 1110/849/1110 1109/847/1109
f 1104/848/1104 1111/855/1111 1110/849/1110
f 1105/844/1105 1106/843/1106 1113/850/1113
f 1106/843/1106 1107/845/1107 1114/852/1114
f 1107/845/1107 1108/846/1108 1115/853/1115
f 1109/847/1109 1116/854/1116 1115/853/1115
f 1110/849/1110 1117/856/1117 1116/854/1116
f 1111/855/1111 1118/862/1118 1117/856/1117
f 1112/851/1112 1113/850/1113 1120/857/1120
f 1113/850/1113 1114/852/1114 1121/859/1121
f 1114/852/1114 1115/853/1115 1122/860/1122
f 1116/854/1116 1123/861/1123 1122/860/1122
f 1117/856/1117 1124/863/1124 1123/861/1123
f 1118/862/1118 1125/869/1125 1124/863/1124
f 1119/858/1119 1120/857/1120 1127/864/1127
f 1120/857/1120 1121/859/1121 1128/866/1128
f 1122/860/1122 1129/867/1129 1128/866/1128
f 1123/861/1123 1130/868/1130 1129/867/1129
f 1124/863/1124 1131/870/1131 1130/868/1130
f 1125/869/1125 1132/876/1132 1131/870/1131
f 1126/865/1126 1127/864/1127 1134/871/1134
f 1128/866/1128 1135/873/1135 1134/871/1134
f 1129/867/1129 1136/874/1136 1135/873/1135
f 1130/868/1130 1137/875/1137 1136/874/1136
f 1131/870/1131 1138/877/1138 1137/875/1137
f 1132/876/1132 1139/892/1139 1138/877/1138
f 119/878/119 1091/832/1091 272/879/272
f 120/880/120 1092/830/1092 1091/832/1091
f 120/880/120 121/881/121 1093/833/1093
f 121/881/121 122/882/122 1094/835/1094
f 122/882/122 123/883/123 1095/837/1095
f 123/883/123 124/884/124 1096/839/1096
f 124/884/124 125/885/125 1097/841/1097
f 125/885/125 14/1003/14 104/886/104
f 1097/841/1097 104/886/104 103/887/103
f 103/887/103 102/888/102 1111/855/1111
f 102/888/102 101/889/101 1118/862/1118
f 101/889/101 100/890/100 1125/869/1125
f 100/890/100 99/891/99 1132/876/1132
f 99/891/99 98/893/98 1139/892/1139
f 98/893/98 3/204/3 280/203/280
f 1139/892/1139 280/203/280 281/202/281
f 1138/877/1138 281/202/281 282/201/282
f 1137/875/1137 282/201/282 283/200/283
f 1136/874/1136 283/200/283 284/199/284
f 1135/873/1135 284/199/284 285/198/285
f 1134/871/1134 285/198/285 286/195/286
f 266/894/266 1133/872/1133 286/195/286
f 267/895/267 1126/865/1126 1133/872/1133
f 268/566/268 1119/858/1119 1126/865/1126
f 269/896/269 1112/851/1112 1119/858/1119
f 270/897/270 1105/844/1105 1112/851/1112
f 1098/831/1098 1105/844/1105 270/897/270
f 1091/832/1091 1098/831/1098 271/898/271
f 1140/899/1140 1141/902/1141 1148/900/1148
f 1141/902/1141 1142/904/1142 1149/903/1149
f 1142/904/1142 1143/906/1143 1150/905/1150
f 1143/906/1143 1144/908/1144 1151/907/1151
f 1144/908/1144 1145/910/1145 1152/909/1152
f 1145/910/1145 1146/953/1146 1153/911/1153
f 1147/901/1147 1148/900/1148 1155/912/1155
f 1148/900/1148 1149/903/1149 1156/914/1156
f 1149/903/1149 1150/905/1150 1157/915/1157
f 1150/905/1150 1151/907/1151 1158/916/1158
f 1151/907/1151 1152/909/1152 1159/917/1159
f 1152/909/1152 1153/911/1153 1160/918/1160
f 1154/913/1154 1155/912/1155 1162/919/1162
f 1155/912/1155 1156/914/1156 1163/921/1163
f 1156/914/1156 1157/915/1157 1164/922/1164
f 1157/915/1157 1158/916/1158 1165/923/1165
f 1158/916/1158 1159/917/1159 1166/924/1166
f 1159/917/1159 1160/918/1160 1167/925/1167
f 1162/919/1162 1169/928/1169 1168/926/1168
f 1162/919/1162 1163/921/1163 1170/927/1170
f 1163/921/1163 1164/922/1164 1171/929/1171
f 1164/922/1164 1165/923/1165 1172/930/1172
f 1165/923/1165 1166/924/1166 1173/931/1173
f 1166/924/1166 1167/925/1167 1174/932/1174
f 1169/928/1169 1176/935/1176 1175/933/1175
f 1169/928/1169 1170/927/1170 1177/934/1177
f 1170/927/1170 1171/929/1171 1178/936/1178
f 1171/929/1171 1172/930/1172 1179/937/1179
f 1172/930/1172 1173/931/1173 1180/938/1180
f 1173/931/1173 1174/932/1174 1181/939/1181
f 1176/935/1176 1183/941/1183 1182/940/1182
f 1177/934/1177 1184/943/1184 1183/941/1183
f 1177/934/1177 1178/936/1178 1185/942/1185
f 1178/936/1178 1179/937/1179 1186/944/1186
f 1179/937/1179 1180/938/1180 1187/945/1187
f 1180/938/1180 1181/939/1181 1188/946/1188
f 307/947/307 1140/899/1140 182/205/182
f 307/947/307 306/948/306 1141/902/1141
f 306/948/306 305/949/305 1142/904/1142
f 305/949/305 304/950/304 1143/906/1143
f 304/950/304 303/951/303 1144/908/1144
f 303/951/303 302/952/302 1145/910/1145
f 302/952/302 301/954/301 1146/953/1146
f 301/954/301 9/51/9 287/275/287
f 1146/953/1146 287/275/287 288/303/288
f 1153/911/1153 288/303/288 289/302/289
f 1160/918/1160 289/302/289 290/301/290
f 1167/925/1167 290/301/290 291/300/291
f 1174/932/1174 291/300/291 292/299/292
f 1181/939/1181 292/299/292 293/297/293
f 1188/946/1188 293/297/293 5/298/5
f 1187/945/1187 1188/946/1188 112/432/112
f 1186/944/1186 1187/945/1187 113/431/113
f 1185/942/1185 1186/944/1186 114/430/114
f 1185/942/1185 115/429/115 116/428/116
f 1184/943/1184 116/428/116 117/427/117
f 1183/941/1183 117/427/117 118/424/118
f 1182/940/1182 118/424/118 1/426/1
f 1175/933/1175 1182/940/1182 188/212/188
f 1168/926/1168 1175/933/1175 187/210/187
f 1161/920/1161 1168/926/1168 186/209/186
f 1154/913/1154 1161/920/1161 185/208/185
f 1147/901/1147 1154/913/1154 184/207/184
f 1140/899/1140 1147/901/1147 183/206/183
f 1189/955/1189 1190/958/1190 1197/956/1197
f 1190/958/1190 1191/960/1191 1198/959/1198
f 1191/960/1191 1192/962/1192 1199/961/1199
f 1192/962/1192 1193/964/1193 1200/963/1200
f 1193/964/1193 1194/966/1194 1201/965/1201
f 1194/966/1194 1195/1009/1195 1202/967/1202
f 1196/957/1196 1197/956/1197 1204/968/1204
f 1197/956/1197 1198/959/1198 1205/970/1205
f 1198/959/1198 1199/961/1199 1206/971/1206
f 1199/961/1199 1200/963/1200 1207/972/1207
f 1200/963/1200 1201/965/1201 1208/973/1208
f 1201/965/1201 1202/967/1202 1209/974/1209
f 1203/969/1203 1204/968/1204 1211/975/1211
f 1204/968/1204 1205/970/1205 1212/977/1212
f 1205/970/1205 1206/971/1206 1213/978/1213
f 1206/971/1206 1207/972/1207 1214/979/1214
f 1208/973/1208 1215/980/1215 1214/979/1214
f 1209/974/1209 1216/986/1216 1215/980/1215
f 1210/976/1210 1211/975/1211 1218/981/1218
f 1211/975/1211 1212/977/1212 1219/983/1219
f 1212/977/1212 1213/978/1213 1220/984/1220
f 1214/979/1214 1221/985/1221 1220/984/1220
f 1215/980/1215 1222/987/1222 1221/985/1221
f 1216/986/1216 1223/993/1223 1222/987/1222
f 1217/982/1217 1218/981/1218 1225/988/1225
f 1218/981/1218 1219/983/1219 1226/990/1226
f 1219/983/1219 1220/984/1220 1227/991/1227
f 1220/984/1220 1221/985/1221 1228/992/1228
f 1222/987/1222 1229/994/1229 1228/992/1228
f 1223/993/1223 1230/1001/1230 1229/994/1229
f 1224/989/1224 1225/988/1225 1232/995/1232
f 1225/988/1225 1226/990/1226 1233/997/1233
f 1226/990/1226 1227/991/1227 1234/998/1234
f 1227/991/1227 1228/992/1228 1235/999/1235
f 1228/992/1228 1229/994/1229 1236/1000/1236
f 1230/1001/1230 1237/1017/1237 1236/1000/1236
f 153/1002/153 1189/955/1189 104/886/104
f 152/1004/152 1190/958/1190 1189/955/1189
f 151/1005/151 1191/960/1191 1190/958/1190
f 150/1006/150 1192/962/1192 1191/960/1191
f 149/1007/149 1193/964/1193 1192/962/1192
f 149/1007/149 148/1008/148 1194/966/1194
f 148/1008/148 147/1010/147 1195/1009/1195
f 147/1010/147 23/1067/23 300/1011/300
f 1195/1009/1195 300/1011/300 299/1012/299
f 1202/967/1202 299/1012/299 298/1013/298
f 298/1013/298 297/1014/297 1216/986/1216
f 297/1014/297 296/1015/296 1223/993/1223
f 296/1015/296 295/1016/295 1230/1001/1230
f 295/1016/295 294/2224/294 1237/1017/1237
f 1237/1017/1237 294/2224/294 9/51/9
f 1236/1000/1236 1237/1017/1237 301/954/301
f 1235/999/1235 1236/1000/1236 302/952/302
f 1234/998/1234 1235/999/1235 303/951/303
f 1233/997/1233 1234/998/1234 304/950/304
f 1232/995/1232 1233/997/1233 305/949/305
f 1231/996/1231 1232/995/1232 306/948/306
f 98/893/98 1231/996/1231 307/947/307
f 99/891/99 1224/989/1224 1231/996/1231
f 100/890/100 1217/982/1217 1224/989/1224
f 101/889/101 1210/976/1210 1217/982/1217
f 102/888/102 1203/969/1203 1210/976/1210
f 103/887/103 1196/957/1196 1203/969/1203
f 104/886/104 1189/955/1189 1196/957/1196
f 1240/1018/1240 1244/1022/1244 1243/1019/1243
f 1241/1021/1241 1245/1024/1245 1244/1022/1244
f 1242/1023/1242 1246/1027/1246 1245/1024/1245
f 1244/1022/1244 1248/1026/1248 1247/1025/1247
f 1245/1024/1245 1249/1028/1249 1248/1026/1248
f 1246/1027/1246 1250/1053/1250 1249/1028/1249
f 1251/1029/1251 1252/1032/1252 1256/1030/1256
f 1252/1032/1252 1253/1034/1253 1257/1033/1257
f 1253/1034/1253 1254/1071/1254 1258/1035/1258
f 1255/1031/1255 1256/1030/1256 1260/1036/1260
f 1256/1030/1256 1257/1033/1257 1261/1038/1261
f 1257/1033/1257 1258/1035/1258 1262/1039/1262
f 1264/1040/1264 1268/1044/1268 1267/1041/1267
f 1265/1043/1265 1269/1046/1269 1268/1044/1268
f 1266/1045/1266 1270/1049/1270 1269/1046/1269
f 1268/1044/1268 1272/1048/1272 1271/1047/1271
f 1269/1046/1269 1273/1050/1273 1272/1048/1272
f 1270/1049/1270 1274/1058/1274 1273/1050/1273
f 1259/1037/1259 1260/1036/1260 1246/1051/1246
f 1260/1036/1260 1261/1038/1261 1250/1053/1250
f 1272/1048/1272 1258/1055/1258 1254/1054/1254
f 1273/1050/1273 1262/1039/1262 1258/1055/1258
f 1247/1025/1247 1248/1026/1248 1270/1056/1270
f 1248/1026/1248 1249/1028/1249 1274/1058/1274
f 1249/1028/1249 1250/1053/1250 1238/1059/1238
f 1261/1038/1261 1262/1039/1262 1238/1059/1238
f 1274/1058/1274 1238/1059/1238 1262/1039/1262
f 294/1060/294 1239/1020/1239 328/1061/328
f 295/1062/295 1240/1018/1240 1239/1020/1239
f 295/1062/295 296/1063/296 1241/1021/1241
f 296/1063/296 297/1014/297 1242/1023/1242
f 1239/1020/1239 1243/1019/1243 327/1064/327
f 1243/1019/1243 1247/1025/1247 326/1065/326
f 1247/1025/1247 1266/1057/1266 325/1066/325
f 23/1067/23 63/1068/63 1251/1029/1251
f 63/1068/63 64/1069/64 1252/1032/1252
f 64/1069/64 65/1070/65 1253/1034/1253
f 65/1070/65 66/1077/66 1254/1071/1254
f 300/1011/300 1251/1029/1251 1255/1031/1255
f 299/1012/299 1255/1031/1255 1259/1037/1259
f 298/1013/298 1259/1037/1259 1242/1052/1242
f 322/1072/322 1263/1042/1263 69/1073/69
f 323/1074/323 1264/1040/1264 1263/1042/1263
f 324/65/324 1265/1043/1265 1264/1040/1264
f 325/66/325 1266/1045/1266 1265/1043/1265
f 1263/1042/1263 1267/1041/1267 68/1075/68
f 1267/1041/1267 1271/1047/1271 67/1076/67
f 1271/1047/1271 1254/1054/1254 66/1077/66
f 1277/1078/1277 1281/1082/1281 1280/1079/1280
f 1278/1081/1278 1282/1084/1282 1281/1082/1281
f 1279/1083/1279 1283/1087/1283 1282/1084/1282
f 1281/1082/1281 1285/1086/1285 1284/1085/1284
f 1282/1084/1282 1286/1088/1286 1285/1086/1285
f 1283/1087/1283 1287/1113/1287 1286/1088/1286
f 1288/1089/1288 1289/1092/1289 1293/1090/1293
f 1289/1092/1289 1290/1094/1290 1294/1093/1294
f 1290/1094/1290 1291/1114/1291 1295/1095/1295
f 1292/1091/1292 1293/1090/1293 1297/1096/1297
f 1293/1090/1293 1294/1093/1294 1298/1098/1298
f 1294/1093/1294 1295/1095/1295 1299/1099/1299
f 1301/1100/1301 1305/1104/1305 1304/1101/1304
f 1302/1103/1302 1306/1106/1306 1305/1104/1305
f 1303/1105/1303 1307/1109/1307 1306/1106/1306
f 1305/1104/1305 1309/1108/1309 1308/1107/1308
f 1306/1106/1306 1310/1110/1310 1309/1108/1309
f 1307/1109/1307 1311/1117/1311 1310/1110/1310
f 1296/1097/1296 1297/1096/1297 1283/1111/1283
f 1297/1096/1297 1298/1098/1298 1287/1113/1287
f 1309/1108/1309 1295/1095/1295 1291/1114/1291
f 1310/1110/1310 1299/1099/1299 1295/1095/1295
f 1284/1085/1284 1285/1086/1285 1307/1115/1307
f 1285/1086/1285 1286/1088/1286 1311/1117/1311
f 1286/1088/1286 1287/1113/1287 1275/1118/1275
f 1298/1098/1298 1299/1099/1299 1275/1118/1275
f 1311/1117/1311 1275/1118/1275 1299/1099/1299
f 230/509/230 1276/1080/1276 335/1119/335
f 229/508/229 1277/1078/1277 1276/1080/1276
f 228/507/228 1278/1081/1278 1277/1078/1277
f 227/506/227 1279/1083/1279 1278/1081/1278
f 1276/1080/1276 1280/1079/1280 334/1120/334
f 1280/1079/1280 1284/1085/1284 333/1121/333
f 1284/1085/1284 1303/1116/1303 332/1122/332
f 21/1123/21 49/1125/49 1288/1089/1288
f 49/1125/49 50/1126/50 1289/1092/1289
f 50/1126/50 51/1127/51 1290/1094/1290
f 51/1127/51 52/1137/52 1291/1114/1291
f 224/1124/224 1288/1089/1288 1292/1091/1292
f 225/1128/225 1292/1091/1292 1296/1097/1296
f 226/505/226 1296/1097/1296 1279/1112/1279
f 329/1130/329 1300/1102/1300 55/1131/55
f 330/1133/330 1301/1100/1301 1300/1102/1300
f 331/1134/331 1302/1103/1302 1301/1100/1301
f 332/1122/332 1303/1105/1303 1302/1103/1302
f 1300/1102/1300 1304/1101/1304 54/1135/54
f 1304/1101/1304 1308/1107/1308 53/1136/53
f 1308/1107/1308 1291/1114/1291 52/1137/52
f 1313/1138/1313 1314/1141/1314 1318/1139/1318
f 1314/1141/1314 1315/1143/1315 1319/1142/1319
f 1315/1143/1315 1316/1184/1316 1320/1144/1320
f 1317/1140/1317 1318/1139/1318 1322/1145/1322
f 1318/1139/1318 1319/1142/1319 1323/1147/1323
f 1319/1142/1319 1320/1144/1320 1324/1148/1324
f 1326/1149/1326 1330/1153/1330 1329/1150/1329
f 1327/1152/1327 1331/1155/1331 1330/1153/1330
f 1327/1152/1327 1328/1173/1328 1332/1154/1332
f 1330/1153/1330 1334/1157/1334 1333/1156/1333
f 1331/1155/1331 1335/1159/1335 1334/1157/1334
f 1331/1155/1331 1332/1154/1332 1336/1158/1336
f 1338/1160/1338 1342/1164/1342 1341/1161/1341
f 1339/1163/1339 1343/1166/1343 1342/1164/1342
f 1340/1165/1340 1344/1169/1344 1343/1166/1343
f 1342/1164/1342 1346/1168/1346 1345/1167/1345
f 1343/1166/1343 1347/1170/1347 1346/1168/1346
f 1344/1169/1344 1348/1177/1348 1347/1170/1347
f 1334/1157/1334 1320/1172/1320 1316/1171/1316
f 1335/1159/1335 1324/1148/1324 1320/1172/1320
f 1346/1168/1346 1332/1174/1332 1328/1173/1328
f 1347/1170/1347 1336/1158/1336 1332/1174/1332
f 1321/1146/1321 1322/1145/1322 1344/1175/1344
f 1322/1145/1322 1323/1147/1323 1348/1177/1348
f 1323/1147/1323 1324/1148/1324 1312/1178/1312
f 1335/1159/1335 1336/1158/1336 1312/1178/1312
f 1348/1177/1348 1312/1178/1312 1336/1158/1336
f 24/1179/24 209/1181/209 1313/1138/1313
f 209/1181/209 208/1182/208 1314/1141/1314
f 208/1182/208 207/1183/207 1315/1143/1315
f 207/1183/207 206/1581/206 1316/1184/1316
f 70/1180/70 1313/1138/1313 1317/1140/1317
f 71/1185/71 1317/1140/1317 1321/1146/1321
f 72/1186/72 1321/1146/1321 1340/1176/1340
f 335/1188/335 1325/1151/1325 203/361/203
f 334/1120/334 1326/1149/1326 1325/1151/1325
f 333/1189/333 1327/1152/1327 1326/1149/1326
f 333/1189/333 332/1122/332 1328/1173/1328
f 1325/1151/1325 1329/1150/1329 204/362/204
f 1329/1150/1329 1333/1156/1333 205/363/205
f 1333/1156/1333 1316/1171/1316 206/364/206
f 76/1190/76 1337/1162/1337 329/1191/329
f 75/1193/75 1338/1160/1338 1337/1162/1337
f 74/1194/74 1339/1163/1339 1338/1160/1338
f 73/1195/73 1340/1165/1340 1339/1163/1339
f 1337/1162/1337 1341/1161/1341 330/1196/330
f 1341/1161/1341 1345/1167/1345 331/1197/331
f 1345/1167/1345 1328/1173/1328 332/1198/332
f 1351/1199/1351 1355/1203/1355 1354/1200/1354
f 1352/1202/1352 1356/1205/1356 1355/1203/1355
f 1353/1204/1353 1357/1208/1357 1356/1205/1356
f 1355/1203/1355 1359/1207/1359 1358/1206/1358
f 1356/1205/1356 1360/1209/1360 1359/1207/1359
f 1357/1208/1357 1361/1234/1361 1360/1209/1360
f 1362/1210/1362 1363/1213/1363 1367/1211/1367
f 1363/1213/1363 1364/1215/1364 1368/1214/1368
f 1364/1215/1364 1365/1235/1365 1369/1216/1369
f 1366/1212/1366 1367/1211/1367 1371/1217/1371
f 1367/1211/1367 1368/1214/1368 1372/1219/1372
f 1368/1214/1368 1369/1216/1369 1373/1220/1373
f 1375/1221/1375 1379/1225/1379 1378/1222/1378
f 1376/1224/1376 1380/1227/1380 1379/1225/1379
f 1377/1226/1377 1381/1230/1381 1380/1227/1380
f 1379/1225/1379 1383/1229/1383 1382/1228/1382
f 1380/1227/1380 1384/1231/1384 1383/1229/1383
f 1381/1230/1381 1385/1239/1385 1384/1231/1384
f 1370/1218/1370 1371/1217/1371 1357/1232/1357
f 1371/1217/1371 1372/1219/1372 1361/1234/1361
f 1383/1229/1383 1369/1236/1369 1365/1235/1365
f 1384/1231/1384 1373/1220/1373 1369/1236/1369
f 1358/1206/1358 1359/1207/1359 1381/1237/1381
f 1359/1207/1359 1360/1209/1360 1385/1239/1385
f 1360/1209/1360 1361/1234/1361 1349/1240/1349
f 1372/1219/1372 1373/1220/1373 1349/1240/1349
f 1385/1239/1385 1349/1240/1349 1373/1220/1373
f 231/1241/231 1350/1201/1350 342/1242/342
f 232/1243/232 1351/1199/1351 1350/1201/1350
f 233/1244/233 1352/1202/1352 1351/1199/1351
f 234/1245/234 1353/1204/1353 1352/1202/1352
f 1350/1201/1350 1354/1200/1354 341/1246/341
f 1354/1200/1354 1358/1206/1358 340/1247/340
f 1358/1206/1358 1377/1238/1377 339/1248/339
f 20/141/20 42/1250/42 1362/1210/1362
f 42/1250/42 43/1251/43 1363/1213/1363
f 43/1251/43 44/1252/44 1364/1215/1364
f 44/1252/44 45/1263/45 1365/1235/1365
f 237/1249/237 1362/1210/1362 1366/1212/1366
f 236/1253/236 1366/1212/1366 1370/1218/1370
f 235/1254/235 1370/1218/1370 1353/1233/1353
f 336/1256/336 1374/1223/1374 48/1257/48
f 337/1259/337 1375/1221/1375 1374/1223/1374
f 338/1260/338 1376/1224/1376 1375/1221/1375
f 339/1248/339 1377/1226/1377 1376/1224/1376
f 1374/1223/1374 1378/1222/1378 47/1261/47
f 1378/1222/1378 1382/1228/1382 46/1262/46
f 1382/1228/1382 1365/1235/1365 45/1263/45
f 1387/1264/1387 1388/1267/1388 1392/1265/1392
f 1388/1267/1388 1389/1269/1389 1393/1268/1393
f 1389/1269/1389 1390/1305/1390 1394/1270/1394
f 1391/1266/1391 1392/1265/1392 1396/1271/1396
f 1392/1265/1392 1393/1268/1393 1397/1273/1397
f 1393/1268/1393 1394/1270/1394 1398/1274/1398
f 1400/1275/1400 1404/1279/1404 1403/1276/1403
f 1401/1278/1401 1405/1281/1405 1404/1279/1404
f 1401/1278/1401 1402/2225/1402 1406/1280/1406
f 1404/1279/1404 1408/1283/1408 1407/1282/1407
f 1405/1281/1405 1409/1285/1409 1408/1283/1408
f 1405/1281/1405 1406/1280/1406 1410/1284/1410
f 1412/1286/1412 1416/1290/1416 1415/1287/1415
f 1413/1289/1413 1417/1292/1417 1416/1290/1416
f 1414/1291/1414 1418/1295/1418 1417/1292/1417
f 1416/1290/1416 1420/1294/1420 1419/1293/1419
f 1417/1292/1417 1421/1296/1421 1420/1294/1420
f 1418/1295/1418 1422/1302/1422 1421/1296/1421
f 1408/1283/1408 1394/1270/1394 1390/1297/1390
f 1409/1285/1409 1398/1274/1398 1394/1270/1394
f 1420/1294/1420 1406/1299/1406 1402/1298/1402
f 1421/1296/1421 1410/1284/1410 1406/1299/1406
f 1395/1272/1395 1396/1271/1396 1418/1300/1418
f 1396/1271/1396 1397/1273/1397 1422/1302/1422
f 1397/1273/1397 1398/1274/1398 1386/1303/1386
f 1409/1285/1409 1410/1284/1410 1386/1303/1386
f 1422/1302/1422 1386/1303/1386 1410/1284/1410
f 26/649/26 251/647/251 1387/1264/1387
f 251/647/251 250/646/250 1388/1267/1388
f 250/646/250 249/645/249 1389/1269/1389
f 249/645/249 248/644/248 1390/1305/1390
f 84/1304/84 1387/1264/1387 1391/1266/1391
f 85/1306/85 1391/1266/1391 1395/1272/1395
f 86/1307/86 1395/1272/1395 1414/1301/1414
f 342/1309/342 1399/1277/1399 245/1310/245
f 341/1246/341 1400/1275/1400 1399/1277/1399
f 340/1247/340 1401/1278/1401 1400/1275/1400
f 339/1311/339 1402/2225/1402 1401/1278/1401
f 1399/1277/1399 1403/1276/1403 246/1312/246
f 1403/1276/1403 1407/1282/1407 247/1313/247
f 1407/1282/1407 1390/1297/1390 248/1314/248
f 90/1315/90 1411/1288/1411 336/1316/336
f 89/1318/89 1412/1286/1412 1411/1288/1411
f 88/1319/88 1413/1289/1413 1412/1286/1412
f 87/1308/87 1414/1291/1414 1413/1289/1413
f 1411/1288/1411 1415/1287/1415 337/1259/337
f 1415/1287/1415 1419/1293/1419 338/1260/338
f 1419/1293/1419 1402/1298/1402 339/1320/339
f 1424/1321/1424 1425/1324/1425 1429/1322/1429
f 1425/1324/1425 1426/1326/1426 1430/1325/1430
f 1426/1326/1426 1427/1356/1427 1431/32/1431
f 1428/1323/1428 1429/1322/1429 1433/1327/1433
f 1429/1322/1429 1430/1325/1430 1434/1328/1434
f 1430/1325/1430 1431/32/1431 1435/1329/1435
f 1437/1330/1437 1441/1333/1441 1440/1331/1440
f 1438/30/1438 1442/1335/1442 1441/1333/1441
f 1439/1334/1439 1443/1338/1443 1442/1335/1442
f 1441/1333/1441 1445/1337/1445 1444/1336/1444
f 1442/1335/1442 1446/1339/1446 1445/1337/1445
f 1443/1338/1443 1447/22/1447 1446/1339/1446
f 1449/1340/1449 1453/1344/1453 1452/1341/1452
f 1450/1343/1450 1454/1346/1454 1453/1344/1453
f 1451/1345/1451 1455/1350/1455 1454/1346/1454
f 1453/1344/1453 1457/1349/1457 1456/1347/1456
f 1453/1344/1453 1454/1346/1454 1458/1348/1458
f 1455/1350/1455 1459/1353/1459 1458/1348/1458
f 1445/1337/1445 1431/32/1431 1427/28/1427
f 1446/1339/1446 1435/1329/1435 1431/32/1431
f 1456/1347/1456 1457/1349/1457 1443/37/1443
f 1457/1349/1457 1458/1348/1458 1447/22/1447
f 1432/6/1432 1433/1327/1433 1455/1351/1455
f 1433/1327/1433 1434/1328/1434 1459/1353/1459
f 1434/1328/1434 1435/1329/1435 1423/1354/1423
f 1447/22/1447 1423/1354/1423 1435/1329/1435
f 1458/1348/1458 1459/1353/1459 1423/1354/1423
f 25/41/25 77/1355/77 1424/1321/1424
f 77/1355/77 78/46/78 1425/1324/1425
f 78/46/78 79/47/79 1426/1326/1426
f 79/47/79 80/48/80 1427/1356/1427
f 504/281/504 1424/1321/1424 1428/1323/1428
f 505/1357/505 1428/1323/1428 1432/6/1432
f 506/279/506 1432/6/1432 1451/1352/1451
f 518/1072/518 1436/1332/1436 83/58/83
f 519/1074/519 1437/1330/1437 1436/1332/1436
f 520/1359/520 1438/30/1438 1437/1330/1437
f 521/1360/521 1439/1334/1439 1438/30/1438
f 1436/1332/1436 1440/1331/1440 82/1361/82
f 1440/1331/1440 1444/1336/1444 81/1362/81
f 1444/1336/1444 1427/28/1427 80/63/80
f 510/1363/510 1448/1342/1448 524/1364/524
f 509/1366/509 1449/1340/1449 1448/1342/1448
f 509/1366/509 508/1367/508 1450/1343/1450
f 508/1367/508 507/278/507 1451/1345/1451
f 1448/1342/1448 1452/1341/1452 523/1368/523
f 523/1368/523 1452/1341/1452 1456/1347/1456
f 522/1065/522 1456/1347/1456 1439/1334/1439
f 1461/1369/1461 1468/68/1468 1467/1370/1467
f 1462/80/1462 1469/1372/1469 1468/68/1468
f 1463/1371/1463 1470/1374/1470 1469/1372/1469
f 1463/1371/1463 1464/1375/1464 1471/1373/1471
f 1464/1375/1464 1465/1377/1465 1472/1376/1472
f 1465/1377/1465 1466/1406/1466 1473/1378/1473
f 1467/1370/1467 1468/68/1468 1475/1379/1475
f 1469/1372/1469 1476/1381/1476 1475/1379/1475
f 1470/1374/1470 1477/1383/1477 1476/1381/1476
f 1470/1374/1470 1471/1373/1471 1478/1382/1478
f 1471/1373/1471 1472/1376/1472 1479/103/1479
f 1472/1376/1472 1473/1378/1473 1480/1384/1480
f 1474/1380/1474 1475/1379/1475 1482/73/1482
f 1475/1379/1475 1476/1381/1476 1483/83/1483
f 1476/1381/1476 1477/1383/1477 1484/89/1484
f 1477/1383/1477 1478/1382/1478 1485/1386/1485
f 1478/1382/1478 1479/103/1479 1486/1387/1486
f 1479/103/1479 1480/1384/1480 1487/1388/1487
f 1481/1385/1481 1482/73/1482 1489/75/1489
f 1482/73/1482 1483/83/1483 1490/1390/1490
f 1483/83/1483 1484/89/1484 1491/91/1491
f 1484/89/1484 1485/1386/1485 1492/1391/1492
f 1485/1386/1485 1486/1387/1486 1493/1392/1493
f 1486/1387/1486 1487/1388/1487 1494/1393/1494
f 1488/1389/1488 1489/75/1489 1496/1394/1496
f 1489/75/1489 1490/1390/1490 1497/1395/1497
f 1490/1390/1490 1491/91/1491 1498/92/1498
f 1491/91/1491 1492/1391/1492 1499/99/1499
f 1492/1391/1492 1493/1392/1493 1500/106/1500
f 1493/1392/1493 1494/1393/1494 1501/1396/1501
f 1495/78/1495 1496/1394/1496 1503/79/1503
f 1496/1394/1496 1497/1395/1497 1504/1397/1504
f 1497/1395/1497 1498/92/1498 1505/1398/1505
f 1498/92/1498 1499/99/1499 1506/100/1506
f 1499/99/1499 1500/106/1500 1507/1399/1507
f 1500/106/1500 1501/1396/1501 1508/1400/1508
f 32/1401/32 427/1403/427 1460/67/1460
f 428/1243/428 1461/1369/1461 1460/67/1460
f 429/1404/429 1462/80/1462 1461/1369/1461
f 430/1255/430 1463/1371/1463 1462/80/1462
f 430/1255/430 431/1254/431 1464/1375/1464
f 431/1254/431 432/1405/432 1465/1377/1465
f 432/1405/432 433/1407/433 1466/1406/1466
f 433/1407/433 20/141/20 126/139/126
f 1466/1406/1466 126/139/126 127/138/127
f 1473/1378/1473 127/138/127 128/137/128
f 1480/1384/1480 128/137/128 129/136/129
f 1487/1388/1487 129/136/129 130/135/130
f 1494/1393/1494 130/135/130 131/134/131
f 1501/1396/1501 131/134/131 132/133/132
f 1508/1400/1508 132/133/132 15/132/15
f 1507/1399/1507 1508/1400/1508 349/131/349
f 1506/100/1506 1507/1399/1507 348/1408/348
f 1505/1398/1505 1506/100/1506 347/1409/347
f 1504/1397/1504 1505/1398/1505 346/128/346
f 1503/79/1503 1504/1397/1504 345/1410/345
f 1502/123/1502 1503/79/1503 344/126/344
f 448/1412/448 1502/123/1502 343/1411/343
f 449/1414/449 1495/78/1495 1502/123/1502
f 450/121/450 1488/1389/1488 1495/78/1495
f 451/1415/451 1481/1385/1481 1488/1389/1488
f 452/1416/452 1474/1380/1474 1481/1385/1481
f 453/118/453 1467/1370/1467 1474/1380/1474
f 454/1402/454 1460/67/1460 1467/1370/1467
f 1510/1417/1510 1517/1420/1517 1516/1418/1516
f 1511/160/1511 1518/1422/1518 1517/1420/1517
f 1512/1421/1512 1519/1424/1519 1518/1422/1518
f 1513/1423/1513 1520/1426/1520 1519/1424/1519
f 1514/1425/1514 1521/1428/1521 1520/1426/1520
f 1515/1427/1515 1522/1434/1522 1521/1428/1521
f 1517/1420/1517 1524/1430/1524 1523/1429/1523
f 1518/1422/1518 1525/1431/1525 1524/1430/1524
f 1519/1424/1519 1526/1432/1526 1525/1431/1525
f 1520/1426/1520 1527/1433/1527 1526/1432/1526
f 1521/1428/1521 1528/1435/1528 1527/1433/1527
f 1522/1434/1522 1529/1440/1529 1528/1435/1528
f 1524/1430/1524 1531/1437/1531 1530/1436/1530
f 1525/1431/1525 1532/163/1532 1531/1437/1531
f 1526/1432/1526 1533/1438/1533 1532/163/1532
f 1527/1433/1527 1534/1439/1534 1533/1438/1533
f 1528/1435/1528 1535/1441/1535 1534/1439/1534
f 1529/1440/1529 1536/1447/1536 1535/1441/1535
f 1531/1437/1531 1538/1443/1538 1537/1442/1537
f 1532/163/1532 1539/1444/1539 1538/1443/1538
f 1533/1438/1533 1540/1445/1540 1539/1444/1539
f 1534/1439/1534 1541/1446/1541 1540/1445/1540
f 1535/1441/1535 1542/1448/1542 1541/1446/1541
f 1536/1447/1536 1543/1452/1543 1542/1448/1542
f 1538/1443/1538 1545/1449/1545 1544/156/1544
f 1539/1444/1539 1546/1450/1546 1545/1449/1545
f 1540/1445/1540 1547/173/1547 1546/1450/1546
f 1541/1446/1541 1548/1451/1548 1547/173/1547
f 1542/1448/1542 1549/187/1549 1548/1451/1548
f 1543/1452/1543 1550/1458/1550 1549/187/1549
f 1545/1449/1545 1552/1454/1552 1551/1453/1551
f 1546/1450/1546 1553/1455/1553 1552/1454/1552
f 1547/173/1547 1554/1456/1554 1553/1455/1553
f 1548/1451/1548 1555/1457/1555 1554/1456/1554
f 1549/187/1549 1556/1459/1556 1555/1457/1555
f 1550/1458/1550 1557/1471/1557 1556/1459/1556
f 455/196/455 1509/1419/1509 482/1460/482
f 456/1461/456 1510/1417/1510 1509/1419/1509
f 457/1462/457 1511/160/1511 1510/1417/1510
f 458/224/458 1512/1421/1512 1511/160/1511
f 459/1463/459 1513/1423/1513 1512/1421/1512
f 460/222/460 1514/1425/1514 1513/1423/1513
f 461/221/461 1515/1427/1515 1514/1425/1514
f 29/1464/29 385/1465/385 1515/1427/1515
f 385/1465/385 386/1466/386 1522/1434/1522
f 386/1466/386 387/1467/387 1529/1440/1529
f 387/1467/387 388/1468/388 1536/1447/1536
f 388/1468/388 389/1469/389 1543/1452/1543
f 389/1469/389 390/1470/390 1550/1458/1550
f 390/1470/390 391/213/391 1557/1471/1557
f 391/213/391 18/1625/18 384/1472/384
f 1557/1471/1557 384/1472/384 383/1473/383
f 1556/1459/1556 383/1473/383 382/209/382
f 1555/1457/1555 382/209/382 381/1474/381
f 1554/1456/1554 381/1474/381 380/1475/380
f 1553/1455/1553 380/1475/380 379/1476/379
f 1552/1454/1552 379/1476/379 378/1477/378
f 1551/1453/1551 378/1477/378 28/1478/28
f 1544/156/1544 1551/1453/1551 476/1479/476
f 1537/1442/1537 1544/156/1544 477/1480/477
f 1530/1436/1530 1537/1442/1537 478/1481/478
f 1523/1429/1523 1530/1436/1530 479/200/479
f 1516/1418/1516 1523/1429/1523 480/1482/480
f 1509/1419/1509 1516/1418/1516 481/1483/481
f 1559/1484/1559 1566/1488/1566 1565/1485/1565
f 1559/1484/1559 1560/1489/1560 1567/1487/1567
f 1560/1489/1560 1561/1491/1561 1568/1490/1568
f 1561/1491/1561 1562/1493/1562 1569/1492/1569
f 1562/1493/1562 1563/262/1563 1570/1494/1570
f 1563/262/1563 1564/1527/1564 1571/1495/1571
f 1566/1488/1566 1573/1497/1573 1572/1496/1572
f 1567/1487/1567 1574/1499/1574 1573/1497/1573
f 1567/1487/1567 1568/1490/1568 1575/1498/1575
f 1568/1490/1568 1569/1492/1569 1576/256/1576
f 1569/1492/1569 1570/1494/1570 1577/1500/1577
f 1570/1494/1570 1571/1495/1571 1578/1501/1578
f 1573/1497/1573 1580/235/1580 1579/1502/1579
f 1574/1499/1574 1581/1503/1581 1580/235/1580
f 1574/1499/1574 1575/1498/1575 1582/250/1582
f 1575/1498/1575 1576/256/1576 1583/257/1583
f 1576/256/1576 1577/1500/1577 1584/1504/1584
f 1577/1500/1577 1578/1501/1578 1585/1505/1585
f 1579/1502/1579 1580/235/1580 1587/1506/1587
f 1580/235/1580 1581/1503/1581 1588/1508/1588
f 1581/1503/1581 1582/250/1582 1589/251/1589
f 1582/250/1582 1583/257/1583 1590/1509/1590
f 1583/257/1583 1584/1504/1584 1591/1510/1591
f 1584/1504/1584 1585/1505/1585 1592/1511/1592
f 1586/1507/1586 1587/1506/1587 1594/236/1594
f 1587/1506/1587 1588/1508/1588 1595/1513/1595
f 1588/1508/1588 1589/251/1589 1596/1514/1596
f 1589/251/1589 1590/1509/1590 1597/1515/1597
f 1590/1509/1590 1591/1510/1591 1598/1516/1598
f 1591/1510/1591 1592/1511/1592 1599/1517/1599
f 1593/1512/1593 1594/236/1594 1601/239/1601
f 1594/236/1594 1595/1513/1595 1602/246/1602
f 1595/1513/1595 1596/1514/1596 1603/253/1603
f 1596/1514/1596 1597/1515/1597 1604/1518/1604
f 1597/1515/1597 1598/1516/1598 1605/1519/1605
f 1598/1516/1598 1599/1517/1599 1606/1520/1606
f 483/1521/483 1558/1486/1558 510/1522/510
f 483/1521/483 484/1523/484 1559/1484/1559
f 484/1523/484 485/1524/485 1560/1489/1560
f 485/1524/485 486/1525/486 1561/1491/1561
f 486/1525/486 487/1526/487 1562/1493/1562
f 487/1526/487 488/299/488 1563/262/1563
f 488/299/488 489/1528/489 1564/1527/1564
f 489/1528/489 30/1635/30 392/1529/392
f 1564/1527/1564 392/1529/392 393/1530/393
f 1571/1495/1571 393/1530/393 394/1531/394
f 1578/1501/1578 394/1531/394 395/1532/395
f 1585/1505/1585 395/1532/395 396/1533/396
f 1592/1511/1592 396/1533/396 397/1534/397
f 1599/1517/1599 397/1534/397 398/1535/398
f 1606/1520/1606 398/1535/398 16/289/16
f 1605/1519/1605 1606/1520/1606 167/288/167
f 1604/1518/1604 1605/1519/1605 166/287/166
f 1603/253/1603 1604/1518/1604 165/286/165
f 1602/246/1602 1603/253/1603 164/285/164
f 1601/239/1601 1602/246/1602 163/284/163
f 1600/280/1600 1601/239/1601 162/283/162
f 504/1536/504 1600/280/1600 161/282/161
f 505/44/505 1593/1512/1593 1600/280/1600
f 506/279/506 1586/1507/1586 1593/1512/1593
f 507/57/507 1579/1502/1579 1586/1507/1586
f 1572/1496/1572 1579/1502/1579 507/57/507
f 1565/1485/1565 1572/1496/1572 508/1538/508
f 1558/1486/1558 1565/1485/1565 509/1539/509
f 1608/1540/1608 1615/1544/1615 1614/1541/1614
f 1609/1543/1609 1616/318/1616 1615/1544/1615
f 1610/1545/1610 1617/1547/1617 1616/318/1616
f 1611/1546/1611 1618/1549/1618 1617/1547/1617
f 1612/1548/1612 1619/1550/1619 1618/1549/1618
f 1613/345/1613 1620/1556/1620 1619/1550/1619
f 1615/1544/1615 1622/1552/1622 1621/1551/1621
f 1616/318/1616 1623/1553/1623 1622/1552/1622
f 1617/1547/1617 1624/1554/1624 1623/1553/1623
f 1618/1549/1618 1625/1555/1625 1624/1554/1624
f 1619/1550/1619 1626/1557/1626 1625/1555/1625
f 1620/1556/1620 1627/1561/1627 1626/1557/1626
f 1622/1552/1622 1629/1559/1629 1628/1558/1628
f 1623/1553/1623 1630/320/1630 1629/1559/1629
f 1624/1554/1624 1631/327/1631 1630/320/1630
f 1625/1555/1625 1632/1560/1632 1631/327/1631
f 1626/1557/1626 1633/1562/1633 1632/1560/1632
f 1627/1561/1627 1634/1566/1634 1633/1562/1633
f 1629/1559/1629 1636/1563/1636 1635/311/1635
f 1630/320/1630 1637/1565/1637 1636/1563/1636
f 1630/320/1630 1631/327/1631 1638/1564/1638
f 1632/1560/1632 1639/335/1639 1638/1564/1638
f 1633/1562/1633 1640/342/1640 1639/335/1639
f 1634/1566/1634 1641/1570/1641 1640/342/1640
f 1636/1563/1636 1643/316/1643 1642/313/1642
f 1636/1563/1636 1637/1565/1637 1644/1567/1644
f 1637/1565/1637 1638/1564/1638 1645/1568/1645
f 1638/1564/1638 1639/335/1639 1646/1569/1646
f 1640/342/1640 1647/1571/1647 1646/1569/1646
f 1641/1570/1641 1648/351/1648 1647/1571/1647
f 1642/313/1642 1643/316/1643 1650/1572/1650
f 1643/316/1643 1644/1567/1644 1651/1574/1651
f 1644/1567/1644 1645/1568/1645 1652/1575/1652
f 1645/1568/1645 1646/1569/1646 1653/1576/1653
f 1647/1571/1647 1654/1577/1654 1653/1576/1653
f 1648/351/1648 1655/367/1655 1654/1577/1654
f 343/1411/343 1607/1542/1607 419/1578/419
f 344/126/344 1608/1540/1608 1607/1542/1607
f 345/1410/345 1609/1543/1609 1608/1540/1608
f 346/128/346 1610/1545/1610 1609/1543/1609
f 347/1409/347 1611/1546/1611 1610/1545/1610
f 348/1408/348 1612/1548/1612 1611/1546/1611
f 349/131/349 1613/345/1613 1612/1548/1612
f 15/132/15 160/375/160 1613/345/1613
f 160/375/160 159/374/159 1620/1556/1620
f 159/374/159 158/373/158 1627/1561/1627
f 158/373/158 157/2226/157 1634/1566/1634
f 1634/1566/1634 157/2226/157 156/1579/156
f 1641/1570/1641 156/1579/156 155/370/155
f 1648/351/1648 155/370/155 154/369/154
f 154/369/154 24/2135/24 405/1580/405
f 1655/367/1655 405/1580/405 404/366/404
f 1654/1577/1654 404/366/404 403/1183/403
f 1653/1576/1653 403/1183/403 402/1581/402
f 1651/1574/1651 1652/1575/1652 402/1581/402
f 1650/1572/1650 1651/1574/1651 401/1582/401
f 1649/1573/1649 1650/1572/1650 400/362/400
f 1649/1573/1649 399/361/399 31/1583/31
f 1642/313/1642 1649/1573/1649 413/359/413
f 1635/311/1635 1642/313/1642 414/1584/414
f 1628/1558/1628 1635/311/1635 415/357/415
f 1621/1551/1621 1628/1558/1628 416/1585/416
f 1614/1541/1614 1621/1551/1621 417/1586/417
f 1607/1542/1607 1614/1541/1614 418/1587/418
f 1657/1588/1657 1664/1591/1664 1663/1589/1663
f 1658/389/1658 1665/1593/1665 1664/1591/1664
f 1659/1592/1659 1666/1595/1666 1665/1593/1665
f 1660/1594/1660 1667/1596/1667 1666/1595/1666
f 1661/410/1661 1668/1597/1668 1667/1596/1667
f 1662/417/1662 1669/1601/1669 1668/1597/1668
f 1664/1591/1664 1671/1599/1671 1670/1598/1670
f 1665/1593/1665 1672/391/1672 1671/1599/1671
f 1666/1595/1666 1673/1600/1673 1672/391/1672
f 1667/1596/1667 1674/405/1674 1673/1600/1673
f 1668/1597/1668 1675/1602/1675 1674/405/1674
f 1669/1601/1669 1676/1603/1676 1675/1602/1675
f 1671/1599/1671 1678/384/1678 1677/381/1677
f 1672/391/1672 1679/392/1679 1678/384/1678
f 1673/1600/1673 1680/399/1680 1679/392/1679
f 1674/405/1674 1681/406/1681 1680/399/1680
f 1675/1602/1675 1682/1604/1682 1681/406/1681
f 1676/1603/1676 1683/1609/1683 1682/1604/1682
f 1678/384/1678 1685/1605/1685 1684/383/1684
f 1679/392/1679 1686/1606/1686 1685/1605/1685
f 1680/399/1680 1687/1607/1687 1686/1606/1686
f 1681/406/1681 1688/1608/1688 1687/1607/1687
f 1682/1604/1682 1689/1610/1689 1688/1608/1688
f 1683/1609/1683 1690/1616/1690 1689/1610/1689
f 1685/1605/1685 1692/1612/1692 1691/1611/1691
f 1686/1606/1686 1693/1613/1693 1692/1612/1692
f 1687/1607/1687 1694/1614/1694 1693/1613/1693
f 1688/1608/1688 1695/1615/1695 1694/1614/1694
f 1689/1610/1689 1696/1617/1696 1695/1615/1695
f 1690/1616/1690 1697/1622/1697 1696/1617/1696
f 1692/1612/1692 1699/394/1699 1698/1618/1698
f 1693/1613/1693 1700/1619/1700 1699/394/1699
f 1694/1614/1694 1701/1620/1701 1700/1619/1700
f 1695/1615/1695 1702/1621/1702 1701/1620/1701
f 1696/1617/1696 1703/1623/1703 1702/1621/1702
f 1697/1622/1697 1704/1628/1704 1703/1623/1703
f 377/425/377 1656/1590/1656 370/1624/370
f 376/1626/376 1657/1588/1657 1656/1590/1656
f 375/445/375 1658/389/1658 1657/1588/1657
f 374/1627/374 1659/1592/1659 1658/389/1658
f 373/443/373 1660/1594/1660 1659/1592/1659
f 372/442/372 1661/410/1661 1660/1594/1660
f 371/441/371 1662/417/1662 1661/410/1661
f 27/1413/27 419/1578/419 1662/417/1662
f 419/1578/419 418/1587/418 1669/1601/1669
f 418/1587/418 417/1586/417 1676/1603/1676
f 417/1586/417 416/1585/416 1683/1609/1683
f 416/1585/416 415/357/415 1690/1616/1690
f 415/357/415 414/1584/414 1697/1622/1697
f 414/1584/414 413/359/413 1704/1628/1704
f 413/359/413 31/1583/31 406/1629/406
f 1704/1628/1704 406/1629/406 407/1630/407
f 1703/1623/1703 407/1630/407 408/1631/408
f 1702/1621/1702 408/1631/408 409/1632/409
f 1701/1620/1701 409/1632/409 410/435/410
f 1700/1619/1700 410/435/410 411/1633/411
f 1699/394/1699 411/1633/411 412/1634/412
f 1698/1618/1698 412/1634/412 30/1635/30
f 1691/1611/1691 1698/1618/1698 364/1636/364
f 1684/383/1684 1691/1611/1691 365/1637/365
f 1677/381/1677 1684/383/1684 366/430/366
f 1670/1598/1670 1677/381/1677 367/1638/367
f 1663/1589/1663 1670/1598/1670 368/1639/368
f 1656/1590/1656 1663/1589/1663 369/1640/369
f 1706/1641/1706 1713/1644/1713 1712/447/1712
f 1707/1643/1707 1714/461/1714 1713/1644/1713
f 1708/1645/1708 1715/1646/1715 1714/461/1714
f 1709/474/1709 1716/1647/1716 1715/1646/1715
f 1710/481/1710 1717/1649/1717 1716/1647/1716
f 1711/1648/1711 1718/1678/1718 1717/1649/1717
f 1713/1644/1713 1720/1651/1720 1719/1650/1719
f 1714/461/1714 1721/1652/1721 1720/1651/1720
f 1715/1646/1715 1722/1653/1722 1721/1652/1721
f 1716/1647/1716 1723/1655/1723 1722/1653/1722
f 1716/1647/1716 1717/1649/1717 1724/1654/1724
f 1717/1649/1717 1718/1678/1718 1725/1656/1725
f 1720/1651/1720 1727/1657/1727 1726/452/1726
f 1721/1652/1721 1728/1658/1728 1727/1657/1727
f 1722/1653/1722 1729/470/1729 1728/1658/1728
f 1723/1655/1723 1730/1659/1730 1729/470/1729
f 1723/1655/1723 1724/1654/1724 1731/484/1731
f 1724/1654/1724 1725/1656/1725 1732/1660/1732
f 1727/1657/1727 1734/1662/1734 1733/1661/1733
f 1728/1658/1728 1735/1663/1735 1734/1662/1734
f 1729/470/1729 1736/1664/1736 1735/1663/1735
f 1730/1659/1730 1737/1665/1737 1736/1664/1736
f 1731/484/1731 1738/1666/1738 1737/1665/1737
f 1732/1660/1732 1739/1670/1739 1738/1666/1738
f 1734/1662/1734 1741/1668/1741 1740/1667/1740
f 1735/1663/1735 1742/466/1742 1741/1668/1741
f 1736/1664/1736 1743/473/1743 1742/466/1742
f 1737/1665/1737 1744/1669/1744 1743/473/1743
f 1738/1666/1738 1745/1671/1745 1744/1669/1744
f 1739/1670/1739 1746/1675/1746 1745/1671/1745
f 1741/1668/1741 1748/1673/1748 1747/1672/1747
f 1742/466/1742 1749/1674/1749 1748/1673/1748
f 1743/473/1743 1750/479/1750 1749/1674/1749
f 1744/1669/1744 1751/486/1751 1750/479/1750
f 1745/1671/1745 1752/1676/1752 1751/486/1751
f 1746/1675/1746 1753/1682/1753 1752/1676/1752
f 412/1634/412 1705/1642/1705 392/1529/392
f 411/1633/411 1706/1641/1706 1705/1642/1705
f 410/435/410 1707/1643/1707 1706/1641/1706
f 409/1632/409 1708/1645/1708 1707/1643/1707
f 408/1631/408 1709/474/1709 1708/1645/1708
f 407/1630/407 1710/481/1710 1709/474/1709
f 406/1629/406 1711/1648/1711 1710/481/1710
f 31/1583/31 426/509/426 1711/1648/1711
f 1711/1648/1711 426/509/426 425/1677/425
f 1718/1678/1718 425/1677/425 424/1679/424
f 1725/1656/1725 424/1679/424 423/1680/423
f 423/1680/423 422/1681/422 1739/1670/1739
f 422/1681/422 421/504/421 1746/1675/1746
f 421/504/421 420/1683/420 1753/1682/1753
f 420/1683/420 21/2104/21 133/502/133
f 1753/1682/1753 133/502/133 134/500/134
f 1752/1676/1752 134/500/134 135/499/135
f 1751/486/1751 135/499/135 136/498/136
f 1750/479/1750 136/498/136 137/497/137
f 1749/1674/1749 137/497/137 138/496/138
f 1748/1673/1748 138/496/138 139/495/139
f 1747/1672/1747 139/495/139 16/289/16
f 1740/1667/1740 1747/1672/1747 398/1535/398
f 1733/1661/1733 1740/1667/1740 397/1534/397
f 1726/452/1726 1733/1661/1733 396/1533/396
f 1719/1650/1719 1726/452/1726 395/1532/395
f 1712/447/1712 1719/1650/1719 394/1531/394
f 1705/1642/1705 1712/447/1712 393/1530/393
f 1755/510/1755 1756/512/1756 1760/1684/1760
f 1756/512/1756 1757/1685/1757 1761/517/1761
f 1757/1685/1757 1758/537/1758 1762/1686/1762
f 1759/513/1759 1760/1684/1760 1764/1687/1764
f 1760/1684/1760 1761/517/1761 1765/519/1765
f 1761/517/1761 1762/1686/1762 1766/549/1766
f 1768/1689/1768 1772/1693/1772 1771/1690/1771
f 1769/1692/1769 1773/1695/1773 1772/1693/1772
f 1770/1694/1770 1774/1698/1774 1773/1695/1773
f 1772/1693/1772 1776/1697/1776 1775/1696/1775
f 1773/1695/1773 1777/1699/1777 1776/1697/1776
f 1774/1698/1774 1778/1709/1778 1777/1699/1777
f 1780/1700/1780 1784/525/1784 1783/1701/1783
f 1781/1702/1781 1785/1703/1785 1784/525/1784
f 1782/556/1782 1786/1706/1786 1785/1703/1785
f 1784/525/1784 1788/1705/1788 1787/1704/1787
f 1785/1703/1785 1789/1707/1789 1788/1705/1788
f 1786/1706/1786 1790/1711/1790 1789/1707/1789
f 1776/1697/1776 1762/1686/1762 1758/537/1758
f 1777/1699/1777 1766/549/1766 1762/1686/1762
f 1788/1705/1788 1774/1710/1774 1770/1708/1770
f 1788/1705/1788 1789/1707/1789 1778/1709/1778
f 1763/1688/1763 1764/1687/1764 1786/1706/1786
f 1764/1687/1764 1765/519/1765 1790/1711/1790
f 1765/519/1765 1766/549/1766 1754/1712/1754
f 1778/1709/1778 1754/1712/1754 1766/549/1766
f 1789/1707/1789 1790/1711/1790 1754/1712/1754
f 19/1713/19 35/552/35 1755/510/1755
f 35/552/35 36/1714/36 1756/512/1756
f 36/1714/36 37/558/37 1757/1685/1757
f 37/558/37 38/559/38 1758/537/1758
f 468/879/468 1755/510/1755 1759/513/1759
f 467/1715/467 1759/513/1759 1763/1688/1763
f 466/555/466 1763/1688/1763 1782/556/1782
f 511/1716/511 1767/1691/1767 41/1717/41
f 512/1719/512 1768/1689/1768 1767/1691/1767
f 513/1720/513 1769/1692/1769 1768/1689/1768
f 514/575/514 1770/1694/1770 1769/1692/1769
f 1767/1691/1767 1771/1690/1771 40/571/40
f 1771/1690/1771 1775/1696/1775 39/572/39
f 1775/1696/1775 1758/537/1758 38/559/38
f 462/1721/462 1779/523/1779 517/1722/517
f 463/565/463 1780/1700/1780 1779/523/1779
f 464/1723/464 1781/1702/1781 1780/1700/1780
f 465/1724/465 1782/556/1782 1781/1702/1781
f 1779/523/1779 1783/1701/1783 516/562/516
f 1783/1701/1783 1787/1704/1787 515/1725/515
f 1787/1704/1787 1770/1708/1770 514/1726/514
f 1791/1727/1791 1792/1730/1792 1799/1728/1799
f 1792/1730/1792 1793/1732/1793 1800/1731/1800
f 1793/1732/1793 1794/1734/1794 1801/1733/1801
f 1794/1734/1794 1795/1736/1795 1802/1735/1802
f 1795/1736/1795 1796/611/1796 1803/1737/1803
f 1796/611/1796 1797/1767/1797 1804/1738/1804
f 1798/1729/1798 1799/1728/1799 1806/1739/1806
f 1799/1728/1799 1800/1731/1800 1807/591/1807
f 1800/1731/1800 1801/1733/1801 1808/1740/1808
f 1801/1733/1801 1802/1735/1802 1809/605/1809
f 1802/1735/1802 1803/1737/1803 1810/1741/1810
f 1803/1737/1803 1804/1738/1804 1811/619/1811
f 1805/581/1805 1806/1739/1806 1813/1742/1813
f 1806/1739/1806 1807/591/1807 1814/1744/1814
f 1807/591/1807 1808/1740/1808 1815/1745/1815
f 1808/1740/1808 1809/605/1809 1816/606/1816
f 1810/1741/1810 1817/1746/1817 1816/606/1816
f 1811/619/1811 1818/1750/1818 1817/1746/1817
f 1812/1743/1812 1813/1742/1813 1820/584/1820
f 1813/1742/1813 1814/1744/1814 1821/1748/1821
f 1814/1744/1814 1815/1745/1815 1822/600/1822
f 1816/606/1816 1823/1749/1823 1822/600/1822
f 1817/1746/1817 1824/1751/1824 1823/1749/1823
f 1818/1750/1818 1825/1756/1825 1824/1751/1824
f 1819/1747/1819 1820/584/1820 1827/1752/1827
f 1820/584/1820 1821/1748/1821 1828/1754/1828
f 1821/1748/1821 1822/600/1822 1829/1755/1829
f 1822/600/1822 1823/1749/1823 1830/608/1830
f 1824/1751/1824 1831/1757/1831 1830/608/1830
f 1825/1756/1825 1832/1764/1832 1831/1757/1831
f 1826/1753/1826 1827/1752/1827 1834/1758/1834
f 1827/1752/1827 1828/1754/1828 1835/1760/1835
f 1828/1754/1828 1829/1755/1829 1836/1761/1836
f 1829/1755/1829 1830/608/1830 1837/1762/1837
f 1830/608/1830 1831/1757/1831 1838/1763/1838
f 1832/1764/1832 1839/1771/1839 1838/1763/1838
f 17/624/17 174/625/174 1791/1727/1791
f 174/625/174 173/654/173 1792/1730/1792
f 173/654/173 172/653/172 1793/1732/1793
f 172/653/172 171/652/171 1794/1734/1794
f 171/652/171 170/651/170 1795/1736/1795
f 170/651/170 169/1766/169 1796/611/1796
f 169/1766/169 168/1768/168 1797/1767/1797
f 168/1768/168 26/2216/26 447/647/447
f 1797/1767/1797 447/647/447 446/1769/446
f 1804/1738/1804 446/1769/446 445/645/445
f 1811/619/1811 445/645/445 444/644/444
f 444/644/444 443/1770/443 1825/1756/1825
f 443/1770/443 442/642/442 1832/1764/1832
f 442/642/442 441/2227/441 1839/1771/1839
f 1839/1771/1839 441/2227/441 32/1401/32
f 1838/1763/1838 1839/1771/1839 434/1772/434
f 1837/1762/1837 1838/1763/1838 435/1773/435
f 1836/1761/1836 1837/1762/1837 436/1774/436
f 1835/1760/1835 1836/1761/1836 437/637/437
f 1834/1758/1834 1835/1760/1835 438/1775/438
f 1833/1759/1833 1834/1758/1834 439/1776/439
f 357/1778/357 1833/1759/1833 440/1777/440
f 358/1779/358 1826/1753/1826 1833/1759/1833
f 359/1780/359 1819/1747/1819 1826/1753/1826
f 360/1781/360 1812/1743/1812 1819/1747/1819
f 361/1782/361 1805/581/1805 1812/1743/1812
f 362/1783/362 1798/1729/1798 1805/581/1805
f 363/1765/363 1791/1727/1791 1798/1729/1798
f 1840/1784/1840 1841/1787/1841 1848/1785/1848
f 1841/1787/1841 1842/1788/1842 1849/668/1849
f 1842/1788/1842 1843/1790/1843 1850/1789/1850
f 1843/1790/1843 1844/1792/1844 1851/1791/1851
f 1844/1792/1844 1845/1793/1845 1852/689/1852
f 1845/1793/1845 1846/1819/1846 1853/1794/1853
f 1847/1786/1847 1848/1785/1848 1855/1795/1855
f 1848/1785/1848 1849/668/1849 1856/670/1856
f 1849/668/1849 1850/1789/1850 1857/1796/1857
f 1850/1789/1850 1851/1791/1851 1858/1797/1858
f 1851/1791/1851 1852/689/1852 1859/1798/1859
f 1852/689/1852 1853/1794/1853 1860/1799/1860
f 1854/660/1854 1855/1795/1855 1862/661/1862
f 1855/1795/1855 1856/670/1856 1863/1801/1863
f 1856/670/1856 1857/1796/1857 1864/678/1864
f 1857/1796/1857 1858/1797/1858 1865/685/1865
f 1858/1797/1858 1859/1798/1859 1866/1802/1866
f 1859/1798/1859 1860/1799/1860 1867/1803/1867
f 1861/1800/1861 1862/661/1862 1869/663/1869
f 1862/661/1862 1863/1801/1863 1870/1805/1870
f 1863/1801/1863 1864/678/1864 1871/679/1871
f 1864/678/1864 1865/685/1865 1872/1806/1872
f 1865/685/1865 1866/1802/1866 1873/1807/1873
f 1866/1802/1866 1867/1803/1867 1874/1808/1874
f 1868/1804/1868 1869/663/1869 1876/1809/1876
f 1869/663/1869 1870/1805/1870 1877/673/1877
f 1870/1805/1870 1871/679/1871 1878/1811/1878
f 1871/679/1871 1872/1806/1872 1879/687/1879
f 1872/1806/1872 1873/1807/1873 1880/1812/1880
f 1873/1807/1873 1874/1808/1874 1881/1813/1881
f 1876/1809/1876 1883/1815/1883 1882/1814/1882
f 1876/1809/1876 1877/673/1877 1884/674/1884
f 1877/673/1877 1878/1811/1878 1885/681/1885
f 1878/1811/1878 1879/687/1879 1886/1816/1886
f 1879/687/1879 1880/1812/1880 1887/1817/1887
f 1880/1812/1880 1881/1813/1881 1888/1818/1888
f 29/1464/29 440/1777/440 1840/1784/1840
f 440/1777/440 439/1776/439 1841/1787/1841
f 439/1776/439 438/1775/438 1842/1788/1842
f 438/1775/438 437/637/437 1843/1790/1843
f 437/637/437 436/1774/436 1844/1792/1844
f 436/1774/436 435/1773/435 1845/1793/1845
f 435/1773/435 434/1772/434 1846/1819/1846
f 434/1772/434 32/1401/32 454/1402/454
f 1846/1819/1846 454/1402/454 453/118/453
f 1853/1794/1853 453/118/453 452/1416/452
f 1860/1799/1860 452/1416/452 451/1415/451
f 1867/1803/1867 451/1415/451 450/121/450
f 1874/1808/1874 450/121/450 449/1414/449
f 1881/1813/1881 449/1414/449 448/1412/448
f 1888/1818/1888 448/1412/448 27/1413/27
f 1887/1817/1887 1888/1818/1888 371/441/371
f 1886/1816/1886 1887/1817/1887 372/442/372
f 1885/681/1885 1886/1816/1886 373/443/373
f 1884/674/1884 1885/681/1885 374/1627/374
f 1884/674/1884 375/445/375 376/1626/376
f 1883/1815/1883 376/1626/376 377/425/377
f 1882/1814/1882 377/425/377 18/1625/18
f 1875/1810/1875 1882/1814/1882 391/213/391
f 1868/1804/1868 1875/1810/1875 390/1470/390
f 1861/1800/1861 1868/1804/1868 389/1469/389
f 1854/660/1854 1861/1800/1861 388/1468/388
f 1847/1786/1847 1854/660/1854 387/1467/387
f 1840/1784/1840 1847/1786/1847 386/1466/386
f 1890/1820/1890 1897/708/1897 1896/1821/1896
f 1891/717/1891 1898/1824/1898 1897/708/1897
f 1892/1823/1892 1899/1826/1899 1898/1824/1898
f 1893/1825/1893 1900/1828/1900 1899/1826/1899
f 1894/1827/1894 1901/1830/1901 1900/1828/1900
f 1895/1829/1895 1902/745/1902 1901/1830/1901
f 1897/708/1897 1904/710/1904 1903/1831/1903
f 1898/1824/1898 1905/1832/1905 1904/710/1904
f 1899/1826/1899 1906/1833/1906 1905/1832/1905
f 1900/1828/1900 1907/1834/1907 1906/1833/1906
f 1901/1830/1901 1908/1835/1908 1907/1834/1907
f 1902/745/1902 1909/1838/1909 1908/1835/1908
f 1903/1831/1903 1904/710/1904 1911/709/1911
f 1904/710/1904 1905/1832/1905 1912/719/1912
f 1905/1832/1905 1906/1833/1906 1913/1836/1913
f 1907/1834/1907 1914/1837/1914 1913/1836/1913
f 1908/1835/1908 1915/1839/1915 1914/1837/1914
f 1909/1838/1909 1916/1845/1916 1915/1839/1915
f 1910/711/1910 1911/709/1911 1918/1840/1918
f 1911/709/1911 1912/719/1912 1919/1842/1919
f 1912/719/1912 1913/1836/1913 1920/1843/1920
f 1914/1837/1914 1921/1844/1921 1920/1843/1920
f 1915/1839/1915 1922/1846/1922 1921/1844/1921
f 1916/1845/1916 1923/1851/1923 1922/1846/1922
f 1917/1841/1917 1918/1840/1918 1925/714/1925
f 1918/1840/1918 1919/1842/1919 1926/1848/1926
f 1920/1843/1920 1927/1849/1927 1926/1848/1926
f 1921/1844/1921 1928/1850/1928 1927/1849/1927
f 1922/1846/1922 1929/1852/1929 1928/1850/1928
f 1923/1851/1923 1930/1856/1930 1929/1852/1929
f 1924/1847/1924 1925/714/1925 1932/1853/1932
f 1926/1848/1926 1933/723/1933 1932/1853/1932
f 1927/1849/1927 1934/735/1934 1933/723/1933
f 1928/1850/1928 1935/1855/1935 1934/735/1934
f 1929/1852/1929 1936/1857/1936 1935/1855/1935
f 1930/1856/1930 1937/761/1937 1936/1857/1936
f 140/752/140 1889/1822/1889 475/1858/475
f 141/767/141 1890/1820/1890 1889/1822/1889
f 142/766/142 1891/717/1891 1890/1820/1890
f 143/765/143 1892/1823/1892 1891/717/1891
f 143/765/143 144/764/144 1893/1825/1893
f 144/764/144 145/763/145 1894/1827/1894
f 145/763/145 146/762/146 1895/1829/1895
f 146/762/146 17/624/17 363/1765/363
f 1895/1829/1895 363/1765/363 362/1783/362
f 362/1783/362 361/1782/361 1909/1838/1909
f 361/1782/361 360/1781/360 1916/1845/1916
f 360/1781/360 359/1780/359 1923/1851/1923
f 359/1780/359 358/1779/358 1930/1856/1930
f 358/1779/358 357/1778/357 1937/761/1937
f 357/1778/357 29/1464/29 461/221/461
f 1937/761/1937 461/221/461 460/222/460
f 1936/1857/1936 460/222/460 459/1463/459
f 1935/1855/1935 459/1463/459 458/224/458
f 1934/735/1934 458/224/458 457/1462/457
f 1933/723/1933 457/1462/457 456/1461/456
f 1932/1853/1932 456/1461/456 455/196/455
f 469/806/469 1931/1854/1931 455/196/455
f 470/1859/470 1924/1847/1924 1931/1854/1931
f 471/1860/471 1917/1841/1917 1924/1847/1924
f 472/822/472 1910/711/1910 1917/1841/1917
f 1903/1831/1903 1910/711/1910 472/822/472
f 1896/1821/1896 1903/1831/1903 473/1861/473
f 1889/1822/1889 1896/1821/1896 474/1862/474
f 1940/770/1940 1944/769/1944 1943/771/1943
f 1941/1863/1941 1945/1865/1945 1944/769/1944
f 1941/1863/1941 1942/803/1942 1946/1864/1946
f 1944/769/1944 1948/1867/1948 1947/773/1947
f 1944/769/1944 1945/1865/1945 1949/1866/1949
f 1945/1865/1945 1946/1864/1946 1950/1868/1950
f 1952/1869/1952 1956/1872/1956 1955/790/1955
f 1953/1871/1953 1957/1874/1957 1956/1872/1956
f 1954/1873/1954 1958/785/1958 1957/1874/1957
f 1956/1872/1956 1960/1875/1960 1959/793/1959
f 1957/1874/1957 1961/800/1961 1960/1875/1960
f 1958/785/1958 1962/789/1962 1961/800/1961
f 1963/1876/1963 1964/781/1964 1968/1877/1968
f 1964/781/1964 1965/1879/1965 1969/1878/1969
f 1965/1879/1965 1966/1894/1966 1970/1880/1970
f 1967/782/1967 1968/1877/1968 1972/1881/1972
f 1968/1877/1968 1969/1878/1969 1973/1883/1973
f 1969/1878/1969 1970/1880/1970 1974/1884/1974
f 1960/1875/1960 1946/1864/1946 1942/1885/1942
f 1961/800/1961 1950/1868/1950 1946/1864/1946
f 1971/1882/1971 1972/1881/1972 1958/1886/1958
f 1972/1881/1972 1973/1883/1973 1962/789/1962
f 1948/1867/1948 1970/1880/1970 1966/810/1966
f 1949/1866/1949 1974/1884/1974 1970/1880/1970
f 1949/1866/1949 1950/1868/1950 1938/1888/1938
f 1962/789/1962 1938/1888/1938 1950/1868/1950
f 1973/1883/1973 1974/1884/1974 1938/1888/1938
f 517/807/517 1939/768/1939 469/1889/469
f 516/1890/516 1940/770/1940 1939/768/1939
f 515/812/515 1941/1863/1941 1940/770/1940
f 515/812/515 514/813/514 1942/803/1942
f 1939/768/1939 1943/771/1943 470/758/470
f 470/758/470 1943/771/1943 1947/773/1947
f 471/809/471 1947/773/1947 1966/810/1966
f 62/824/62 1951/1870/1951 511/823/511
f 61/1892/61 1952/1869/1952 1951/1870/1951
f 60/828/60 1953/1871/1953 1952/1869/1952
f 59/829/59 1954/1873/1954 1953/1871/1953
f 1951/1870/1951 1955/790/1955 512/1719/512
f 1955/790/1955 1959/793/1959 513/1720/513
f 1959/793/1959 1942/1885/1942 514/564/514
f 22/814/22 475/815/475 1963/1876/1963
f 475/815/475 474/820/474 1964/781/1964
f 474/820/474 473/821/473 1965/1879/1965
f 473/821/473 472/756/472 1966/1894/1966
f 56/1893/56 1963/1876/1963 1967/782/1967
f 57/1895/57 1967/782/1967 1971/1882/1971
f 58/818/58 1971/1882/1971 1954/1887/1954
f 1976/1896/1976 1983/1900/1983 1982/1897/1982
f 1977/1899/1977 1984/1902/1984 1983/1900/1983
f 1977/1899/1977 1978/1903/1978 1985/1901/1985
f 1978/1903/1978 1979/1904/1979 1986/857/1986
f 1979/1904/1979 1980/1906/1980 1987/864/1987
f 1981/1905/1981 1988/871/1988 1987/864/1987
f 1983/1900/1983 1990/1908/1990 1989/1907/1989
f 1984/1902/1984 1991/1909/1991 1990/1908/1990
f 1985/1901/1985 1992/1911/1992 1991/1909/1991
f 1985/1901/1985 1986/857/1986 1993/1910/1993
f 1987/864/1987 1994/1912/1994 1993/1910/1993
f 1988/871/1988 1995/1916/1995 1994/1912/1994
f 1990/1908/1990 1997/1914/1997 1996/1913/1996
f 1991/1909/1991 1998/846/1998 1997/1914/1997
f 1992/1911/1992 1999/1915/1999 1998/846/1998
f 1993/1910/1993 2000/860/2000 1999/1915/1999
f 1994/1912/1994 2001/1917/2001 2000/860/2000
f 1995/1916/1995 2002/1922/2002 2001/1917/2001
f 1997/1914/1997 2004/1918/2004 2003/837/2003
f 1998/846/1998 2005/1919/2005 2004/1918/2004
f 1999/1915/1999 2006/1920/2006 2005/1919/2005
f 2000/860/2000 2007/1921/2007 2006/1920/2006
f 2001/1917/2001 2008/1923/2008 2007/1921/2007
f 2002/1922/2002 2009/1927/2009 2008/1923/2008
f 2004/1918/2004 2011/1925/2011 2010/1924/2010
f 2005/1919/2005 2012/849/2012 2011/1925/2011
f 2006/1920/2006 2013/856/2013 2012/849/2012
f 2007/1921/2007 2014/1926/2014 2013/856/2013
f 2008/1923/2008 2015/1928/2015 2014/1926/2014
f 2009/1927/2009 2016/1930/2016 2015/1928/2015
f 2011/1925/2011 2018/848/2018 2017/841/2017
f 2012/849/2012 2019/855/2019 2018/848/2018
f 2013/856/2013 2020/862/2020 2019/855/2019
f 2014/1926/2014 2021/1929/2021 2020/862/2020
f 2015/1928/2015 2022/876/2022 2021/1929/2021
f 2016/1930/2016 2023/892/2023 2022/876/2022
f 468/1931/468 1975/1898/1975 119/1932/119
f 467/1933/467 1976/1896/1976 1975/1898/1975
f 466/1934/466 1977/1899/1977 1976/1896/1976
f 465/896/465 1978/1903/1978 1977/1899/1977
f 465/896/465 464/1935/464 1979/1904/1979
f 464/1935/464 463/565/463 1980/1906/1980
f 463/565/463 462/1936/462 1981/1905/1981
f 33/197/33 482/1460/482 1981/1905/1981
f 482/1460/482 481/1483/481 1988/871/1988
f 481/1483/481 480/1482/480 1995/1916/1995
f 480/1482/480 479/200/479 2002/1922/2002
f 479/200/479 478/1481/478 2009/1927/2009
f 478/1481/478 477/1480/477 2016/1930/2016
f 477/1480/477 476/1479/476 2023/892/2023
f 476/1479/476 28/1478/28 350/1937/350
f 2023/892/2023 350/1937/350 351/1938/351
f 2022/876/2022 351/1938/351 352/1939/352
f 2021/1929/2021 352/1939/352 353/1940/353
f 2020/862/2020 353/1940/353 354/1941/354
f 2019/855/2019 354/1941/354 355/887/355
f 2018/848/2018 355/887/355 356/886/356
f 2017/841/2017 356/886/356 14/1003/14
f 2010/1924/2010 2017/841/2017 125/885/125
f 2003/837/2003 2010/1924/2010 124/884/124
f 1996/1913/1996 2003/837/2003 123/883/123
f 1989/1907/1989 1996/1913/1996 122/882/122
f 1982/1897/1982 1989/1907/1989 121/881/121
f 1975/1898/1975 1982/1897/1982 120/880/120
f 2024/1942/2024 2025/1944/2025 2032/1943/2032
f 2025/1944/2025 2026/1946/2026 2033/1945/2033
f 2026/1946/2026 2027/920/2027 2034/1947/2034
f 2027/920/2027 2028/1949/2028 2035/1948/2035
f 2029/933/2029 2036/1950/2036 2035/1948/2035
f 2030/940/2030 2037/1957/2037 2036/1950/2036
f 2031/902/2031 2032/1943/2032 2039/1951/2039
f 2032/1943/2032 2033/1945/2033 2040/1953/2040
f 2033/1945/2033 2034/1947/2034 2041/1954/2041
f 2034/1947/2034 2035/1948/2035 2042/1955/2042
f 2035/1948/2035 2036/1950/2036 2043/1956/2043
f 2037/1957/2037 2044/1982/2044 2043/1956/2043
f 2038/1952/2038 2039/1951/2039 2046/1958/2046
f 2039/1951/2039 2040/1953/2040 2047/1960/2047
f 2040/1953/2040 2041/1954/2041 2048/1961/2048
f 2041/1954/2041 2042/1955/2042 2049/1962/2049
f 2042/1955/2042 2043/1956/2043 2050/1963/2050
f 2043/1956/2043 2044/1982/2044 2051/1964/2051
f 2045/1959/2045 2046/1958/2046 2053/1965/2053
f 2046/1958/2046 2047/1960/2047 2054/1967/2054
f 2047/1960/2047 2048/1961/2048 2055/1968/2055
f 2048/1961/2048 2049/1962/2049 2056/1969/2056
f 2049/1962/2049 2050/1963/2050 2057/1970/2057
f 2050/1963/2050 2051/1964/2051 2058/1971/2058
f 2052/1966/2052 2053/1965/2053 2060/1972/2060
f 2053/1965/2053 2054/1967/2054 2061/1973/2061
f 2054/1967/2054 2055/1968/2055 2062/1974/2062
f 2055/1968/2055 2056/1969/2056 2063/1975/2063
f 2056/1969/2056 2057/1970/2057 2064/938/2064
f 2057/1970/2057 2058/1971/2058 2065/945/2065
f 2059/910/2059 2060/1972/2060 2067/1976/2067
f 2060/1972/2060 2061/1973/2061 2068/1978/2068
f 2061/1973/2061 2062/1974/2062 2069/1979/2069
f 2062/1974/2062 2063/1975/2063 2070/1980/2070
f 2063/1975/2063 2064/938/2064 2071/939/2071
f 2064/938/2064 2065/945/2065 2072/946/2072
f 28/1478/28 378/1477/378 2024/1942/2024
f 379/1476/379 2025/1944/2025 2024/1942/2024
f 380/1475/380 2026/1946/2026 2025/1944/2025
f 381/1474/381 2027/920/2027 2026/1946/2026
f 382/209/382 2028/1949/2028 2027/920/2027
f 383/1473/383 2029/933/2029 2028/1949/2028
f 384/1472/384 2030/940/2030 2029/933/2029
f 18/1625/18 370/1624/370 2030/940/2030
f 370/1624/370 369/1640/369 2037/1957/2037
f 369/1640/369 368/1639/368 2044/1982/2044
f 368/1639/368 367/1638/367 2051/1964/2051
f 367/1638/367 366/430/366 2058/1971/2058
f 2058/1971/2058 366/430/366 365/1637/365
f 2065/945/2065 365/1637/365 364/1636/364
f 2072/946/2072 364/1636/364 30/1635/30
f 2071/939/2071 2072/946/2072 489/1528/489
f 2070/1980/2070 2071/939/2071 488/299/488
f 2069/1979/2069 2070/1980/2070 487/1526/487
f 2068/1978/2068 2069/1979/2069 486/1525/486
f 2067/1976/2067 2068/1978/2068 485/1524/485
f 2066/1977/2066 2067/1976/2067 484/1523/484
f 497/1983/497 2066/1977/2066 483/1521/483
f 498/1984/498 2059/910/2059 2066/1977/2066
f 499/1985/499 2052/1966/2052 2059/910/2059
f 500/1986/500 2045/1959/2045 2052/1966/2052
f 501/1987/501 2038/1952/2038 2045/1959/2045
f 502/1988/502 2031/902/2031 2038/1952/2038
f 503/1981/503 2024/1942/2024 2031/902/2031
f 2073/1989/2073 2074/1991/2074 2081/1990/2081
f 2074/1991/2074 2075/1992/2075 2082/968/2082
f 2075/1992/2075 2076/1994/2076 2083/1993/2083
f 2076/1994/2076 2077/1996/2077 2084/1995/2084
f 2077/1996/2077 2078/1998/2078 2085/1997/2085
f 2078/1998/2078 2079/996/2079 2086/1999/2086
f 2080/958/2080 2081/1990/2081 2088/959/2088
f 2081/1990/2081 2082/968/2082 2089/970/2089
f 2082/968/2082 2083/1993/2083 2090/2001/2090
f 2083/1993/2083 2084/1995/2084 2091/2002/2091
f 2084/1995/2084 2085/1997/2085 2092/2003/2092
f 2085/1997/2085 2086/1999/2086 2093/2004/2093
f 2087/2000/2087 2088/959/2088 2095/961/2095
f 2088/959/2088 2089/970/2089 2096/2006/2096
f 2089/970/2089 2090/2001/2090 2097/978/2097
f 2090/2001/2090 2091/2002/2091 2098/2007/2098
f 2091/2002/2091 2092/2003/2092 2099/2008/2099
f 2092/2003/2092 2093/2004/2093 2100/2009/2100
f 2094/2005/2094 2095/961/2095 2102/2010/2102
f 2095/961/2095 2096/2006/2096 2103/2012/2103
f 2096/2006/2096 2097/978/2097 2104/2013/2104
f 2097/978/2097 2098/2007/2098 2105/2014/2105
f 2098/2007/2098 2099/2008/2099 2106/992/2106
f 2099/2008/2099 2100/2009/2100 2107/2015/2107
f 2101/2011/2101 2102/2010/2102 2109/965/2109
f 2102/2010/2102 2103/2012/2103 2110/2017/2110
f 2103/2012/2103 2104/2013/2104 2111/980/2111
f 2105/2014/2105 2112/2019/2112 2111/980/2111
f 2105/2014/2105 2106/992/2106 2113/2018/2113
f 2106/992/2106 2107/2015/2107 2114/2020/2114
f 2108/2016/2108 2109/965/2109 2116/967/2116
f 2109/965/2109 2110/2017/2110 2117/2021/2117
f 2111/980/2111 2118/2022/2118 2117/2021/2117
f 2112/2019/2112 2119/2023/2119 2118/2022/2118
f 2113/2018/2113 2120/2025/2120 2119/2023/2119
f 2113/2018/2113 2114/2020/2114 2121/2024/2121
f 14/1003/14 356/886/356 2073/1989/2073
f 356/886/356 355/887/355 2074/1991/2074
f 355/887/355 354/1941/354 2075/1992/2075
f 354/1941/354 353/1940/353 2076/1994/2076
f 353/1940/353 352/1939/352 2077/1996/2077
f 352/1939/352 351/1938/351 2078/1998/2078
f 351/1938/351 350/1937/350 2079/996/2079
f 350/1937/350 28/1478/28 503/1981/503
f 2079/996/2079 503/1981/503 502/1988/502
f 2086/1999/2086 502/1988/502 501/1987/501
f 2093/2004/2093 501/1987/501 500/1986/500
f 2100/2009/2100 500/1986/500 499/1985/499
f 2107/2015/2107 499/1985/499 498/1984/498
f 2114/2020/2114 498/1984/498 497/1983/497
f 2121/2024/2121 497/1983/497 34/1365/34
f 2120/2025/2120 2121/2024/2121 490/2026/490
f 2120/2025/2120 491/1016/491 492/2027/492
f 2119/2023/2119 492/2027/492 493/2028/493
f 2117/2021/2117 2118/2022/2118 493/2028/493
f 2116/967/2116 2117/2021/2117 494/1013/494
f 2115/1009/2115 2116/967/2116 495/2029/495
f 147/2030/147 2115/1009/2115 496/1011/496
f 148/2032/148 2108/2016/2108 2115/1009/2115
f 149/1007/149 2101/2011/2101 2108/2016/2108
f 150/1006/150 2094/2005/2094 2101/2011/2101
f 151/1005/151 2087/2000/2087 2094/2005/2094
f 152/1004/152 2080/958/2080 2087/2000/2087
f 153/1002/153 2073/1989/2073 2080/958/2080
f 2124/2033/2124 2128/2036/2128 2127/2034/2127
f 2125/1025/2125 2129/2038/2129 2128/2036/2128
f 2126/2037/2126 2130/1049/2130 2129/2038/2129
f 2128/2036/2128 2132/2039/2132 2131/1021/2131
f 2129/2038/2129 2133/1028/2133 2132/2039/2132
f 2129/2038/2129 2130/1049/2130 2134/2040/2134
f 2136/2041/2136 2140/2044/2140 2139/2042/2139
f 2137/2043/2137 2141/2045/2141 2140/2044/2140
f 2138/1054/2138 2142/2047/2142 2141/2045/2141
f 2140/2044/2140 2144/2046/2144 2143/1043/2143
f 2141/2045/2141 2145/2048/2145 2144/2046/2144
f 2142/2047/2142 2146/2058/2146 2145/2048/2145
f 2147/2049/2147 2148/1031/2148 2152/1030/2152
f 2148/1031/2148 2149/1037/2149 2153/2051/2153
f 2149/1037/2149 2150/1023/2150 2154/1051/2154
f 2151/2050/2151 2152/1030/2152 2156/2052/2156
f 2152/1030/2152 2153/2051/2153 2157/2054/2157
f 2153/2051/2153 2154/1051/2154 2158/2055/2158
f 2144/2046/2144 2130/1049/2130 2126/2056/2126
f 2145/2048/2145 2134/2040/2134 2130/1049/2130
f 2155/2053/2155 2156/2052/2156 2142/1035/2142
f 2156/2052/2156 2157/2054/2157 2146/2058/2146
f 2132/2039/2132 2154/1027/2154 2150/2059/2150
f 2133/1028/2133 2158/2055/2158 2154/1027/2154
f 2133/1028/2133 2134/2040/2134 2122/1059/2122
f 2146/2058/2146 2122/1059/2122 2134/2040/2134
f 2157/2054/2157 2158/2055/2158 2122/1059/2122
f 524/2060/524 2123/2035/2123 490/2061/490
f 523/52/523 2124/2033/2124 2123/2035/2123
f 522/2062/522 2125/1025/2125 2124/2033/2124
f 521/66/521 2126/2037/2126 2125/1025/2125
f 2123/2035/2123 2127/2034/2127 491/2063/491
f 2127/2034/2127 2131/1021/2131 492/2064/492
f 2131/1021/2131 2150/2059/2150 493/1014/493
f 69/1073/69 2135/1042/2135 518/1072/518
f 68/2066/68 2136/2041/2136 2135/1042/2135
f 67/1076/67 2137/2043/2137 2136/2041/2136
f 66/1077/66 2138/1054/2138 2137/2043/2137
f 2135/1042/2135 2139/2042/2139 519/1074/519
f 2139/2042/2139 2143/1043/2143 520/2067/520
f 2143/1043/2143 2126/2056/2126 521/66/521
f 23/2031/23 496/1011/496 2147/2049/2147
f 496/1011/496 495/2029/495 2148/1031/2148
f 495/2029/495 494/1013/494 2149/1037/2149
f 494/1013/494 493/2028/493 2150/1023/2150
f 63/1068/63 2147/2049/2147 2151/2050/2151
f 64/1069/64 2151/2050/2151 2155/2053/2155
f 65/1070/65 2155/2053/2155 2138/2057/2138
f 2161/2068/2161 2165/2070/2165 2164/1078/2164
f 2162/2069/2162 2166/2072/2166 2165/2070/2165
f 2162/2069/2162 2163/2098/2163 2167/2071/2167
f 2165/2070/2165 2169/2074/2169 2168/2073/2168
f 2166/2072/2166 2170/2075/2170 2169/2074/2169
f 2166/2072/2166 2167/2071/2167 2171/1117/2171
f 2173/1101/2173 2177/2078/2177 2176/1100/2176
f 2174/2077/2174 2178/1108/2178 2177/2078/2177
f 2175/1114/2175 2179/2081/2179 2178/1108/2178
f 2177/2078/2177 2181/2080/2181 2180/2079/2180
f 2178/1108/2178 2182/2082/2182 2181/2080/2181
f 2179/2081/2179 2183/2093/2183 2182/2082/2182
f 2184/2083/2184 2185/2085/2185 2189/2084/2189
f 2185/2085/2185 2186/2086/2186 2190/1096/2190
f 2186/2086/2186 2187/1112/2187 2191/2087/2191
f 2188/1092/2188 2189/2084/2189 2193/2088/2193
f 2189/2084/2189 2190/1096/2190 2194/2090/2194
f 2190/1096/2190 2191/2087/2191 2195/1113/2195
f 2181/2080/2181 2167/2071/2167 2163/2091/2163
f 2182/2082/2182 2171/1117/2171 2167/2071/2167
f 2192/2089/2192 2193/2088/2193 2179/2092/2179
f 2193/2088/2193 2194/2090/2194 2183/2093/2183
f 2169/2074/2169 2191/1087/2191 2187/2094/2187
f 2170/2075/2170 2195/1113/2195 2191/1087/2191
f 2170/2075/2170 2171/1117/2171 2159/1118/2159
f 2183/2093/2183 2159/1118/2159 2171/1117/2171
f 2194/2090/2194 2195/1113/2195 2159/1118/2159
f 531/2095/531 2160/1080/2160 426/509/426
f 530/2096/530 2161/2068/2161 2160/1080/2160
f 529/2097/529 2162/2069/2162 2161/2068/2161
f 529/2097/529 528/1122/528 2163/2098/2163
f 2160/1080/2160 2164/1078/2164 425/1677/425
f 2164/1078/2164 2168/2073/2168 424/1679/424
f 2168/2073/2168 2187/2094/2187 423/1680/423
f 55/1131/55 2172/2076/2172 525/2099/525
f 54/1135/54 2173/1101/2173 2172/2076/2172
f 53/1136/53 2174/2077/2174 2173/1101/2173
f 52/1137/52 2175/1114/2175 2174/2077/2174
f 2172/2076/2172 2176/1100/2176 526/2101/526
f 2176/1100/2176 2180/2079/2180 527/2102/527
f 2180/2079/2180 2163/2091/2163 528/2103/528
f 21/2104/21 420/1124/420 2184/2083/2184
f 420/1124/420 421/1128/421 2185/2085/2185
f 421/1128/421 422/1681/422 2186/2086/2186
f 422/1681/422 423/1680/423 2187/1112/2187
f 49/2105/49 2184/2083/2184 2188/1092/2188
f 50/1126/50 2188/1092/2188 2192/2089/2192
f 51/1127/51 2192/2089/2192 2175/1114/2175
f 2197/2106/2197 2198/2109/2198 2202/2107/2202
f 2198/2109/2198 2199/2111/2199 2203/2110/2203
f 2199/2111/2199 2200/1176/2200 2204/2112/2204
f 2201/2108/2201 2202/2107/2202 2206/2113/2206
f 2202/2107/2202 2203/2110/2203 2207/2114/2207
f 2203/2110/2203 2204/2112/2204 2208/2115/2208
f 2210/1161/2210 2214/1164/2214 2213/2116/2213
f 2211/2118/2211 2215/1168/2215 2214/1164/2214
f 2212/2119/2212 2216/2122/2216 2215/1168/2215
f 2214/1164/2214 2218/2121/2218 2217/2120/2217
f 2215/1168/2215 2219/1170/2219 2218/2121/2218
f 2216/2122/2216 2220/1158/2220 2219/1170/2219
f 2222/2123/2222 2226/1153/2226 2225/2124/2225
f 2223/2125/2223 2227/2126/2227 2226/1153/2226
f 2224/1171/2224 2228/2128/2228 2227/2126/2227
f 2226/1153/2226 2230/2127/2230 2229/1152/2229
f 2227/2126/2227 2231/2129/2231 2230/2127/2230
f 2228/2128/2228 2232/2133/2232 2231/2129/2231
f 2218/2121/2218 2204/2130/2204 2200/1165/2200
f 2219/1170/2219 2208/2115/2208 2204/2130/2204
f 2229/1152/2229 2230/2127/2230 2216/2122/2216
f 2230/2127/2230 2231/2129/2231 2220/1158/2220
f 2205/1143/2205 2206/2113/2206 2228/2131/2228
f 2206/2113/2206 2207/2114/2207 2232/2133/2232
f 2207/2114/2207 2208/2115/2208 2196/2134/2196
f 2220/1158/2220 2196/2134/2196 2208/2115/2208
f 2231/2129/2231 2232/2133/2232 2196/2134/2196
f 24/2135/24 70/1180/70 2197/2106/2197
f 70/1180/70 71/1185/71 2198/2109/2198
f 71/1185/71 72/1186/72 2199/2111/2199
f 72/1186/72 73/1187/73 2200/1176/2200
f 405/2136/405 2197/2106/2197 2201/2108/2201
f 404/2137/404 2201/2108/2201 2205/1143/2205
f 403/2138/403 2205/1143/2205 2224/2132/2224
f 525/2099/525 2209/2117/2209 76/1190/76
f 526/2101/526 2210/1161/2210 2209/2117/2209
f 527/1197/527 2211/2118/2211 2210/1161/2210
f 528/2141/528 2212/2119/2212 2211/2118/2211
f 2209/2117/2209 2213/2116/2213 75/1193/75
f 2213/2116/2213 2217/2120/2217 74/1194/74
f 2217/2120/2217 2200/1165/2200 73/1195/73
f 399/361/399 2221/1151/2221 531/1188/531
f 400/362/400 2222/2123/2222 2221/1151/2221
f 400/362/400 401/1582/401 2223/2125/2223
f 402/1581/402 2224/1171/2224 2223/2125/2223
f 2221/1151/2221 2225/2124/2225 530/1120/530
f 2225/2124/2225 2229/1152/2229 529/2142/529
f 529/2142/529 2229/1152/2229 2212/2119/2212
f 2235/2143/2235 2239/2147/2239 2238/2144/2238
f 2236/2146/2236 2240/2149/2240 2239/2147/2239
f 2236/2146/2236 2237/2228/2237 2241/2148/2241
f 2239/2147/2239 2243/1205/2243 2242/2150/2242
f 2240/2149/2240 2244/2151/2244 2243/1205/2243
f 2240/2149/2240 2241/2148/2241 2245/1239/2245
f 2247/2152/2247 2251/2156/2251 2250/2153/2250
f 2248/2155/2248 2252/2158/2252 2251/2156/2251
f 2249/2157/2249 2253/2161/2253 2252/2158/2252
f 2251/2156/2251 2255/2160/2255 2254/2159/2254
f 2252/2158/2252 2256/1231/2256 2255/2160/2255
f 2253/2161/2253 2257/2171/2257 2256/1231/2256
f 2258/2162/2258 2259/2164/2259 2263/2163/2263
f 2259/2164/2259 2260/2165/2260 2264/1217/2264
f 2260/2165/2260 2261/2181/2261 2265/1232/2265
f 2262/1213/2262 2263/2163/2263 2267/2166/2267
f 2263/2163/2263 2264/1217/2264 2268/2167/2268
f 2264/1217/2264 2265/1232/2265 2269/2168/2269
f 2255/2160/2255 2241/1230/2241 2237/1226/2237
f 2256/1231/2256 2245/1239/2245 2241/1230/2241
f 2266/1215/2266 2267/2166/2267 2253/2169/2253
f 2267/2166/2267 2268/2167/2268 2257/2171/2257
f 2243/1205/2243 2265/2173/2265 2261/2172/2261
f 2244/2151/2244 2269/2168/2269 2265/2173/2265
f 2244/2151/2244 2245/1239/2245 2233/2174/2233
f 2257/2171/2257 2233/2174/2233 2245/1239/2245
f 2268/2167/2268 2269/2168/2269 2233/2174/2233
f 538/2175/538 2234/2145/2234 427/1403/427
f 537/1246/537 2235/2143/2235 2234/2145/2234
f 536/2176/536 2236/2146/2236 2235/2143/2235
f 535/2177/535 2237/2228/2237 2236/2146/2236
f 2234/2145/2234 2238/2144/2238 428/146/428
f 2238/2144/2238 2242/2150/2242 429/1244/429
f 2242/2150/2242 2261/2172/2261 430/144/430
f 48/1257/48 2246/2154/2246 532/1316/532
f 47/1261/47 2247/2152/2247 2246/2154/2246
f 46/1262/46 2248/2155/2248 2247/2152/2247
f 45/1263/45 2249/2157/2249 2248/2155/2248
f 2246/2154/2246 2250/2153/2250 533/2178/533
f 2250/2153/2250 2254/2159/2254 534/2179/534
f 2254/2159/2254 2237/1226/2237 535/1320/535
f 20/141/20 433/1249/433 2258/2162/2258
f 433/1249/433 432/2180/432 2259/2164/2259
f 432/2180/432 431/1254/431 2260/2165/2260
f 431/1254/431 430/1255/430 2261/2181/2261
f 42/1250/42 2258/2162/2258 2262/1213/2262
f 43/2182/43 2262/1213/2262 2266/1215/2266
f 44/1252/44 2266/1215/2266 2249/2170/2249
f 2271/2183/2271 2272/2186/2272 2276/2184/2276
f 2272/2186/2272 2273/1272/2273 2277/2187/2277
f 2273/1272/2273 2274/1301/2274 2278/1295/2278
f 2275/2185/2275 2276/2184/2276 2280/2188/2280
f 2276/2184/2276 2277/2187/2277 2281/2190/2281
f 2277/2187/2277 2278/1295/2278 2282/2191/2282
f 2284/2192/2284 2288/2196/2288 2287/2193/2287
f 2285/2195/2285 2289/2198/2289 2288/2196/2288
f 2286/2197/2286 2290/2201/2290 2289/2198/2289
f 2288/2196/2288 2292/2200/2292 2291/2199/2291
f 2289/2198/2289 2293/2202/2293 2292/2200/2292
f 2290/2201/2290 2294/2213/2294 2293/2202/2293
f 2296/2203/2296 2300/2207/2300 2299/2204/2299
f 2297/2206/2297 2301/1283/2301 2300/2207/2300
f 2298/2208/2298 2302/2210/2302 2301/1283/2301
f 2300/2207/2300 2304/2209/2304 2303/1278/2303
f 2301/1283/2301 2305/2211/2305 2304/2209/2304
f 2302/2210/2302 2306/2214/2306 2305/2211/2305
f 2292/2200/2292 2278/1295/2278 2274/1301/2274
f 2293/2202/2293 2282/2191/2282 2278/1295/2278
f 2303/1278/2303 2304/2209/2304 2290/2201/2290
f 2304/2209/2304 2305/2211/2305 2294/2213/2294
f 2279/2189/2279 2280/2188/2280 2302/2210/2302
f 2280/2188/2280 2281/2190/2281 2306/2214/2306
f 2281/2190/2281 2282/2191/2282 2270/2215/2270
f 2294/2213/2294 2270/2215/2270 2282/2191/2282
f 2305/2211/2305 2306/2214/2306 2270/2215/2270
f 26/2216/26 84/2217/84 2271/2183/2271
f 84/2217/84 85/2218/85 2272/2186/2272
f 85/2218/85 86/1307/86 2273/1272/2273
f 86/1307/86 87/1308/87 2274/1301/2274
f 447/647/447 2271/2183/2271 2275/2185/2275
f 446/1769/446 2275/2185/2275 2279/2189/2279
f 445/645/445 2279/2189/2279 2298/1297/2298
f 532/1256/532 2283/2194/2283 90/1315/90
f 533/1259/533 2284/2192/2284 2283/2194/2283
f 534/2179/534 2285/2195/2285 2284/2192/2284
f 535/2219/535 2286/2197/2286 2285/2195/2285
f 2283/2194/2283 2287/2193/2287 89/1318/89
f 2287/2193/2287 2291/2199/2291 88/1319/88
f 2291/2199/2291 2274/1301/2274 87/1308/87
f 441/1310/441 2295/2205/2295 538/1309/538
f 442/2220/442 2296/2203/2296 2295/2205/2295
f 443/1313/443 2297/2206/2297 2296/2203/2296
f 444/2221/444 2298/2208/2298 2297/2206/2297
f 2295/2205/2295 2299/2204/2299 537/1246/537
f 2299/2204/2299 2303/1278/2303 536/2222/536
f 2303/1278/2303 2286/2212/2286 535/1320/535
